timestamp,TP,FP,FN,TN,Precision,Recall,F1,FPR,Avg_Det_Delay,Avg_Block_Delay
1784632004.9322062,10,0,0,0,1.0,1.0,1.0,0.0,1.027,0.004
1784632014.307159,10,0,10,0,1.0,0.5,0.667,0.0,1.062,0.004
1784632022.3676274,10,0,20,0,1.0,0.333,0.5,0.0,0.84,0.004
1784632028.4081454,10,0,30,0,1.0,0.25,0.4,0.0,0.787,0.004
1784632031.2447164,17,0,33,0,1.0,0.34,0.507,0.0,0.741,0.163
1784632031.2801602,27,0,33,0,1.0,0.45,0.621,0.0,0.691,0.257
1784632031.451379,37,0,33,0,1.0,0.529,0.692,0.0,0.654,0.323
1784632031.4885309,47,0,33,0,1.0,0.588,0.74,0.0,0.627,0.386
1784632031.5087786,57,0,33,0,1.0,0.633,0.776,0.0,0.605,0.431
1784632031.5295284,67,0,33,0,1.0,0.67,0.802,0.0,0.587,0.465
1784632031.5638304,77,0,33,0,1.0,0.7,0.824,0.0,0.571,0.492
1784632031.584838,87,0,33,0,1.0,0.725,0.841,0.0,0.558,0.517
1784632031.6087363,97,0,33,0,1.0,0.746,0.855,0.0,0.547,0.539
1784632031.6262527,107,0,33,0,1.0,0.764,0.866,0.0,0.536,0.558
1784632031.6484182,117,0,33,0,1.0,0.78,0.876,0.0,0.527,0.576
1784632031.6650681,127,0,33,0,1.0,0.794,0.885,0.0,0.519,0.591
1784632031.6834574,137,0,33,0,1.0,0.806,0.893,0.0,0.511,0.606
1784632031.714205,147,0,33,0,1.0,0.817,0.899,0.0,0.504,0.62
1784632031.7400286,157,0,33,0,1.0,0.826,0.905,0.0,0.498,0.634
1784632031.7682981,167,0,33,0,1.0,0.835,0.91,0.0,0.491,0.647
1784632031.784765,177,0,33,0,1.0,0.843,0.915,0.0,0.485,0.66
1784632031.8133821,187,0,33,0,1.0,0.85,0.919,0.0,0.479,0.672
1784632031.8461773,197,0,33,0,1.0,0.857,0.923,0.0,0.473,0.685
1784632031.8618424,207,0,33,0,1.0,0.863,0.926,0.0,0.468,0.697
1784632031.8839672,217,0,33,0,1.0,0.868,0.929,0.0,0.464,0.709
1784632031.9042027,227,0,33,0,1.0,0.873,0.932,0.0,0.459,0.721
1784632031.9193954,237,0,33,0,1.0,0.878,0.935,0.0,0.454,0.732
1784632031.9409585,247,0,33,0,1.0,0.882,0.937,0.0,0.45,0.743
1784632031.9653077,257,0,33,0,1.0,0.886,0.94,0.0,0.446,0.754
1784632031.981335,267,0,33,0,1.0,0.89,0.942,0.0,0.442,0.764
1784632031.9956062,277,0,33,0,1.0,0.894,0.944,0.0,0.438,0.774
1784632032.0104654,287,0,33,0,1.0,0.897,0.946,0.0,0.435,0.784
1784632032.023264,297,0,33,0,1.0,0.9,0.947,0.0,0.431,0.794
1784632032.0529828,307,0,33,0,1.0,0.903,0.949,0.0,0.427,0.804
1784632032.079161,317,0,33,0,1.0,0.906,0.951,0.0,0.424,0.813
1784632032.1104312,327,0,33,0,1.0,0.908,0.952,0.0,0.421,0.823
1784632032.1379817,337,0,33,0,1.0,0.911,0.953,0.0,0.417,0.833
1784632032.1665812,347,0,33,0,1.0,0.913,0.955,0.0,0.414,0.843
1784632032.2014105,357,0,33,0,1.0,0.915,0.956,0.0,0.411,0.854
1784632032.2305043,367,0,33,0,1.0,0.917,0.957,0.0,0.408,0.864
1784632032.2491333,377,0,33,0,1.0,0.92,0.958,0.0,0.405,0.875
1784632032.2751503,387,0,33,0,1.0,0.921,0.959,0.0,0.402,0.885
1784632032.307626,397,0,33,0,1.0,0.923,0.96,0.0,0.399,0.896
1784632032.3279777,407,0,33,0,1.0,0.925,0.961,0.0,0.397,0.906
1784632032.3467495,417,0,33,0,1.0,0.927,0.962,0.0,0.394,0.916
1784632032.371183,427,0,33,0,1.0,0.928,0.963,0.0,0.391,0.927
1784632032.3996096,437,0,33,0,1.0,0.93,0.964,0.0,0.389,0.937
1784632032.4279315,447,0,33,0,1.0,0.931,0.964,0.0,0.386,0.947
1784632032.4619699,457,0,33,0,1.0,0.933,0.965,0.0,0.384,0.957
1784632032.4803846,467,0,33,0,1.0,0.934,0.966,0.0,0.381,0.967
1784632032.5040233,477,0,33,0,1.0,0.935,0.967,0.0,0.379,0.978
1784632032.5255148,487,0,33,0,1.0,0.937,0.967,0.0,0.377,0.988
1784632032.5479262,497,0,33,0,1.0,0.938,0.968,0.0,0.374,0.998
1784632032.5709827,507,0,33,0,1.0,0.939,0.968,0.0,0.372,1.008
1784632032.5932128,517,0,33,0,1.0,0.94,0.969,0.0,0.37,1.018
1784632032.6244955,527,0,33,0,1.0,0.941,0.97,0.0,0.367,1.028
1784632032.6478262,537,0,33,0,1.0,0.942,0.97,0.0,0.364,1.05
1784632032.6762667,547,0,33,0,1.0,0.943,0.971,0.0,0.358,1.072
1784632032.6995785,557,0,33,0,1.0,0.944,0.971,0.0,0.352,1.094
1784632032.7325253,567,0,33,0,1.0,0.945,0.972,0.0,0.346,1.115
1784632032.7569175,577,0,33,0,1.0,0.946,0.972,0.0,0.341,1.137
1784632032.7709696,587,0,33,0,1.0,0.947,0.973,0.0,0.335,1.157
1784632032.7849789,597,0,33,0,1.0,0.948,0.973,0.0,0.33,1.178
1784632032.7960515,607,0,33,0,1.0,0.948,0.974,0.0,0.325,1.197
1784632032.8156176,617,0,33,0,1.0,0.949,0.974,0.0,0.32,1.216
1784632032.8285146,627,0,33,0,1.0,0.95,0.974,0.0,0.315,1.235
1784632032.842251,637,0,33,0,1.0,0.951,0.975,0.0,0.31,1.253
1784632032.865506,647,0,33,0,1.0,0.951,0.975,0.0,0.305,1.271
1784632032.8903747,657,0,33,0,1.0,0.952,0.976,0.0,0.301,1.289
1784632032.903857,667,0,33,0,1.0,0.953,0.976,0.0,0.297,1.306
1784632032.9178867,677,0,33,0,1.0,0.954,0.976,0.0,0.293,1.322
1784632032.9285884,687,0,33,0,1.0,0.954,0.977,0.0,0.289,1.339
1784632032.9418988,697,0,33,0,1.0,0.955,0.977,0.0,0.285,1.355
1784632032.9529905,707,0,33,0,1.0,0.955,0.977,0.0,0.281,1.37
1784632032.9654012,717,0,33,0,1.0,0.956,0.978,0.0,0.277,1.385
1784632032.9834905,727,0,33,0,1.0,0.957,0.978,0.0,0.273,1.4
1784632032.998726,737,0,33,0,1.0,0.957,0.978,0.0,0.27,1.414
1784632033.0123825,747,0,33,0,1.0,0.958,0.978,0.0,0.266,1.428
1784632033.0254488,757,0,33,0,1.0,0.958,0.979,0.0,0.263,1.441
1784632033.0411513,767,0,33,0,1.0,0.959,0.979,0.0,0.26,1.454
1784632033.052668,777,0,33,0,1.0,0.959,0.979,0.0,0.257,1.467
1784632033.063067,787,0,33,0,1.0,0.96,0.979,0.0,0.253,1.48
1784632033.0753367,797,0,33,0,1.0,0.96,0.98,0.0,0.25,1.493
1784632033.1080775,807,0,33,0,1.0,0.961,0.98,0.0,0.247,1.505
1784632033.1264734,817,0,33,0,1.0,0.961,0.98,0.0,0.245,1.517
1784632033.139337,827,0,33,0,1.0,0.962,0.98,0.0,0.242,1.529
1784632033.1633632,837,0,33,0,1.0,0.962,0.981,0.0,0.239,1.541
1784632033.174259,847,0,33,0,1.0,0.963,0.981,0.0,0.236,1.553
1784632033.1973593,857,0,33,0,1.0,0.963,0.981,0.0,0.234,1.565
1784632033.2129512,867,0,33,0,1.0,0.963,0.981,0.0,0.231,1.576
1784632033.2366812,877,0,33,0,1.0,0.964,0.982,0.0,0.228,1.588
1784632033.2784438,887,0,33,0,1.0,0.964,0.982,0.0,0.226,1.599
1784632033.3016481,897,0,33,0,1.0,0.965,0.982,0.0,0.224,1.61
1784632033.3255706,907,0,33,0,1.0,0.965,0.982,0.0,0.221,1.622
1784632033.354371,917,0,33,0,1.0,0.965,0.982,0.0,0.219,1.633
1784632033.381754,927,0,33,0,1.0,0.966,0.983,0.0,0.217,1.644
1784632033.3934357,937,0,33,0,1.0,0.966,0.983,0.0,0.214,1.655
1784632033.4173195,947,0,33,0,1.0,0.966,0.983,0.0,0.212,1.666
1784632033.4304428,957,0,33,0,1.0,0.967,0.983,0.0,0.21,1.677
1784632033.4454255,967,0,33,0,1.0,0.967,0.983,0.0,0.208,1.688
1784632033.4574852,977,0,33,0,1.0,0.967,0.983,0.0,0.206,1.699
1784632033.4953744,987,0,33,0,1.0,0.968,0.984,0.0,0.204,1.709
1784632033.512195,997,0,33,0,1.0,0.968,0.984,0.0,0.202,1.72
1784632033.5459244,1007,0,33,0,1.0,0.968,0.984,0.0,0.2,1.73
1784632033.5789514,1017,0,33,0,1.0,0.969,0.984,0.0,0.198,1.74
1784632033.5985827,1027,0,33,0,1.0,0.969,0.984,0.0,0.196,1.751
1784632033.610118,1037,0,33,0,1.0,0.969,0.984,0.0,0.194,1.761
1784632033.6285467,1047,0,33,0,1.0,0.969,0.984,0.0,0.193,1.771
1784632033.647755,1057,0,33,0,1.0,0.97,0.985,0.0,0.191,1.781
1784632033.6617098,1067,0,33,0,1.0,0.97,0.985,0.0,0.189,1.791
1784632033.675995,1077,0,33,0,1.0,0.97,0.985,0.0,0.187,1.801
1784632033.6867669,1087,0,33,0,1.0,0.971,0.985,0.0,0.188,1.811
1784632033.699399,1097,0,33,0,1.0,0.971,0.985,0.0,0.191,1.82
1784632033.7291963,1107,0,33,0,1.0,0.971,0.985,0.0,0.193,1.83
1784632033.7476897,1117,0,33,0,1.0,0.971,0.985,0.0,0.195,1.84
1784632033.7618802,1127,0,33,0,1.0,0.972,0.986,0.0,0.197,1.849
1784632033.7757127,1137,0,33,0,1.0,0.972,0.986,0.0,0.197,1.857
1784632033.8009744,1147,0,33,0,1.0,0.972,0.986,0.0,0.195,1.865
1784632033.8336632,1157,0,33,0,1.0,0.972,0.986,0.0,0.194,1.872
1784632033.8581946,1167,0,33,0,1.0,0.973,0.986,0.0,0.192,1.879
1784632033.878932,1177,0,33,0,1.0,0.973,0.986,0.0,0.191,1.887
1784632033.905138,1187,0,33,0,1.0,0.973,0.986,0.0,0.189,1.894
1784632033.9284582,1197,0,33,0,1.0,0.973,0.986,0.0,0.187,1.901
1784632033.9509795,1207,0,33,0,1.0,0.973,0.987,0.0,0.186,1.909
1784632033.973182,1217,0,33,0,1.0,0.974,0.987,0.0,0.184,1.916
1784632033.9976697,1227,0,33,0,1.0,0.974,0.987,0.0,0.183,1.924
1784632034.0133636,1237,0,33,0,1.0,0.974,0.987,0.0,0.182,1.931
1784632034.0491116,1247,0,33,0,1.0,0.974,0.987,0.0,0.18,1.939
1784632034.069262,1257,0,33,0,1.0,0.974,0.987,0.0,0.179,1.946
1784632034.0820508,1267,0,33,0,1.0,0.975,0.987,0.0,0.177,1.954
1784632034.1065402,1277,0,33,0,1.0,0.975,0.987,0.0,0.176,1.961
1784632034.133486,1287,0,33,0,1.0,0.975,0.987,0.0,0.175,1.968
1784632034.192416,1297,0,33,0,1.0,0.975,0.987,0.0,0.173,1.976
1784632034.2105062,1307,0,33,0,1.0,0.975,0.988,0.0,0.172,1.983
1784632034.2311628,1317,0,33,0,1.0,0.976,0.988,0.0,0.171,1.991
1784632034.2608008,1327,0,33,0,1.0,0.976,0.988,0.0,0.17,1.997
1784632034.282775,1337,0,33,0,1.0,0.976,0.988,0.0,0.168,2.003
1784632034.3111286,1347,0,33,0,1.0,0.976,0.988,0.0,0.167,2.01
1784632034.3510468,1357,0,33,0,1.0,0.976,0.988,0.0,0.166,2.016
1784632034.3734567,1367,0,33,0,1.0,0.976,0.988,0.0,0.165,2.022
1784632034.3909461,1377,0,33,0,1.0,0.977,0.988,0.0,0.164,2.028
1784632034.4171584,1387,0,33,0,1.0,0.977,0.988,0.0,0.162,2.034
1784632034.4314916,1397,0,33,0,1.0,0.977,0.988,0.0,0.161,2.039
1784632034.472388,1407,0,33,0,1.0,0.977,0.988,0.0,0.16,2.045
1784632034.4880643,1417,0,33,0,1.0,0.977,0.988,0.0,0.159,2.05
1784632034.504527,1427,0,33,0,1.0,0.977,0.989,0.0,0.158,2.055
1784632034.5292227,1437,0,33,0,1.0,0.978,0.989,0.0,0.157,2.06
1784632034.5606818,1447,0,33,0,1.0,0.978,0.989,0.0,0.156,2.065
1784632034.5755076,1457,0,33,0,1.0,0.978,0.989,0.0,0.155,2.07
1784632034.6012402,1467,0,33,0,1.0,0.978,0.989,0.0,0.154,2.075
1784632034.6196074,1477,0,33,0,1.0,0.978,0.989,0.0,0.153,2.079
1784632034.6382978,1487,0,33,0,1.0,0.978,0.989,0.0,0.152,2.082
1784632034.6534746,1497,0,33,0,1.0,0.978,0.989,0.0,0.151,2.083
1784632034.6643925,1507,0,33,0,1.0,0.979,0.989,0.0,0.15,2.084
1784632034.7060313,1517,0,33,0,1.0,0.979,0.989,0.0,0.149,2.083
1784632034.7507107,1527,0,33,0,1.0,0.979,0.989,0.0,0.148,2.083
1784632034.7691727,1537,0,33,0,1.0,0.979,0.989,0.0,0.147,2.083
1784632034.7791069,1547,0,33,0,1.0,0.979,0.989,0.0,0.146,2.082
1784632034.7936754,1557,0,33,0,1.0,0.979,0.99,0.0,0.146,2.08
1784632034.807422,1567,0,33,0,1.0,0.979,0.99,0.0,0.158,2.078
1784632034.8277392,1577,0,33,0,1.0,0.98,0.99,0.0,0.17,2.076
1784632034.8538716,1587,0,33,0,1.0,0.98,0.99,0.0,0.181,2.074
1784632034.897157,1597,0,33,0,1.0,0.98,0.99,0.0,0.192,2.072
1784632034.919793,1607,0,33,0,1.0,0.98,0.99,0.0,0.204,2.07
1784632034.9379003,1617,0,33,0,1.0,0.98,0.99,0.0,0.215,2.069
1784632034.9579077,1627,0,33,0,1.0,0.98,0.99,0.0,0.226,2.067
1784632034.9809577,1637,0,33,0,1.0,0.98,0.99,0.0,0.237,2.066
1784632034.994188,1647,0,33,0,1.0,0.98,0.99,0.0,0.248,2.064
1784632035.0138385,1657,0,33,0,1.0,0.98,0.99,0.0,0.259,2.063
1784632035.0397246,1667,0,33,0,1.0,0.981,0.99,0.0,0.269,2.062
1784632035.0636117,1677,0,33,0,1.0,0.981,0.99,0.0,0.28,2.06
1784632035.0861776,1687,0,33,0,1.0,0.981,0.99,0.0,0.291,2.059
1784632035.1180418,1697,0,33,0,1.0,0.981,0.99,0.0,0.302,2.058
1784632035.1295147,1707,0,33,0,1.0,0.981,0.99,0.0,0.312,2.057
1784632035.1527936,1717,0,33,0,1.0,0.981,0.99,0.0,0.323,2.056
1784632035.1641986,1727,0,33,0,1.0,0.981,0.991,0.0,0.334,2.054
1784632035.2262013,1737,0,33,0,1.0,0.981,0.991,0.0,0.345,2.053
1784632035.2685075,1747,0,33,0,1.0,0.981,0.991,0.0,0.356,2.052
1784632035.4082496,1754,0,36,0,1.0,0.98,0.99,0.0,0.366,2.052
1784632035.4084418,1754,0,46,0,1.0,0.974,0.987,0.0,0.377,2.052
1784632035.5183086,1754,0,56,0,1.0,0.969,0.984,0.0,0.388,2.052
1784632035.5184994,1754,0,66,0,1.0,0.964,0.982,0.0,0.398,2.052
1784632035.518709,1754,0,76,0,1.0,0.958,0.979,0.0,0.409,2.052
1784632035.5189188,1754,0,86,0,1.0,0.953,0.976,0.0,0.42,2.052
1784632035.5191174,1754,0,96,0,1.0,0.948,0.973,0.0,0.43,2.052
1784632035.5193503,1754,0,106,0,1.0,0.943,0.971,0.0,0.441,2.052
1784632035.621713,1754,0,116,0,1.0,0.938,0.968,0.0,0.451,2.052
1784632035.6219354,1754,0,126,0,1.0,0.933,0.965,0.0,0.462,2.052
1784632035.6220543,1754,0,136,0,1.0,0.928,0.963,0.0,0.472,2.052
1784632035.6221666,1754,0,146,0,1.0,0.923,0.96,0.0,0.483,2.052
1784632035.6225247,1754,0,156,0,1.0,0.918,0.957,0.0,0.493,2.052
1784632035.6227639,1754,0,166,0,1.0,0.914,0.955,0.0,0.503,2.052
1784632035.7253647,1754,0,176,0,1.0,0.909,0.952,0.0,0.512,2.052
1784632035.7255874,1754,0,186,0,1.0,0.904,0.95,0.0,0.52,2.052
1784632035.7257435,1754,0,196,0,1.0,0.899,0.947,0.0,0.528,2.052
1784632035.7259657,1754,0,206,0,1.0,0.895,0.945,0.0,0.535,2.052
1784632035.84363,1754,0,216,0,1.0,0.89,0.942,0.0,0.542,2.052
1784632035.8437934,1754,0,226,0,1.0,0.886,0.939,0.0,0.549,2.052
1784632035.8439262,1754,0,236,0,1.0,0.881,0.937,0.0,0.556,2.052
1784632035.8440702,1754,0,246,0,1.0,0.877,0.934,0.0,0.563,2.052
1784632035.8441782,1754,0,256,0,1.0,0.873,0.932,0.0,0.57,2.052
1784632035.958253,1754,0,266,0,1.0,0.868,0.93,0.0,0.577,2.052
1784632035.958682,1754,0,276,0,1.0,0.864,0.927,0.0,0.584,2.052
1784632035.9589367,1754,0,286,0,1.0,0.86,0.925,0.0,0.59,2.052
1784632035.9591384,1754,0,296,0,1.0,0.856,0.922,0.0,0.597,2.052
1784632035.9593842,1754,0,306,0,1.0,0.851,0.92,0.0,0.603,2.052
1784632035.9595935,1754,0,316,0,1.0,0.847,0.917,0.0,0.609,2.052
1784632035.9597688,1754,0,326,0,1.0,0.843,0.915,0.0,0.615,2.052
1784632035.9599614,1754,0,336,0,1.0,0.839,0.913,0.0,0.622,2.052
1784632035.9601321,1754,0,346,0,1.0,0.835,0.91,0.0,0.628,2.052
1784632036.064744,1754,0,356,0,1.0,0.831,0.908,0.0,0.634,2.052
1784632036.0804205,1754,0,366,0,1.0,0.827,0.906,0.0,0.64,2.052
1784632036.080824,1754,0,376,0,1.0,0.823,0.903,0.0,0.646,2.052
1784632036.0810978,1754,0,386,0,1.0,0.82,0.901,0.0,0.652,2.052
1784632036.1901252,1754,0,396,0,1.0,0.816,0.899,0.0,0.658,2.052
1784632036.190628,1754,0,406,0,1.0,0.812,0.896,0.0,0.664,2.052
1784632036.1907935,1754,0,416,0,1.0,0.808,0.894,0.0,0.67,2.052
1784632036.190953,1754,0,426,0,1.0,0.805,0.892,0.0,0.676,2.052
1784632036.1911168,1754,0,436,0,1.0,0.801,0.889,0.0,0.682,2.052
1784632036.1912894,1754,0,446,0,1.0,0.797,0.887,0.0,0.688,2.052
1784632036.1914237,1754,0,456,0,1.0,0.794,0.885,0.0,0.694,2.052
1784632036.1916418,1754,0,466,0,1.0,0.79,0.883,0.0,0.699,2.052
1784632036.1917722,1754,0,476,0,1.0,0.787,0.881,0.0,0.705,2.052
1784632036.191968,1754,0,486,0,1.0,0.783,0.878,0.0,0.711,2.052
1784632036.3101065,1757,0,493,0,1.0,0.781,0.877,0.0,0.716,2.052
1784632036.348585,1767,0,493,0,1.0,0.782,0.878,0.0,0.722,2.052
1784632036.3924391,1777,0,493,0,1.0,0.783,0.878,0.0,0.727,2.053
1784632036.4191606,1787,0,493,0,1.0,0.784,0.879,0.0,0.733,2.053
1784632036.4497218,1797,0,493,0,1.0,0.785,0.879,0.0,0.739,2.054
1784632036.4717076,1807,0,493,0,1.0,0.786,0.88,0.0,0.745,2.054
1784632036.5141737,1817,0,493,0,1.0,0.787,0.881,0.0,0.75,2.055
1784632036.5424163,1827,0,493,0,1.0,0.787,0.881,0.0,0.756,2.056
1784632036.5727897,1837,0,493,0,1.0,0.788,0.882,0.0,0.762,2.056
1784632036.5922682,1847,0,493,0,1.0,0.789,0.882,0.0,0.768,2.057
1784632036.6200905,1857,0,493,0,1.0,0.79,0.883,0.0,0.773,2.058
1784632036.6507702,1867,0,493,0,1.0,0.791,0.883,0.0,0.779,2.059
1784632036.6784482,1877,0,493,0,1.0,0.792,0.884,0.0,0.785,2.059
1784632036.7093158,1887,0,493,0,1.0,0.793,0.884,0.0,0.791,2.06
1784632036.7300954,1897,0,493,0,1.0,0.794,0.885,0.0,0.797,2.06
1784632036.755282,1907,0,493,0,1.0,0.795,0.886,0.0,0.803,2.061
1784632036.7867858,1917,0,493,0,1.0,0.795,0.886,0.0,0.809,2.061
1784632036.8127234,1927,0,493,0,1.0,0.796,0.887,0.0,0.815,2.062
1784632036.8301208,1937,0,493,0,1.0,0.797,0.887,0.0,0.821,2.063
1784632036.8590708,1947,0,493,0,1.0,0.798,0.888,0.0,0.827,2.063
1784632036.875052,1957,0,493,0,1.0,0.799,0.888,0.0,0.832,2.064
1784632036.8929474,1967,0,493,0,1.0,0.8,0.889,0.0,0.838,2.064
1784632036.9149213,1977,0,493,0,1.0,0.8,0.889,0.0,0.844,2.065
1784632036.9350402,1987,0,493,0,1.0,0.801,0.89,0.0,0.85,2.065
1784632036.9581404,1997,0,493,0,1.0,0.802,0.89,0.0,0.856,2.066
1784632036.9903286,2007,0,493,0,1.0,0.803,0.891,0.0,0.862,2.067
1784632037.0097196,2017,0,493,0,1.0,0.804,0.891,0.0,0.868,2.067
1784632037.0299919,2027,0,493,0,1.0,0.804,0.892,0.0,0.874,2.068
1784632037.052557,2037,0,493,0,1.0,0.805,0.892,0.0,0.88,2.068
1784632037.0828109,2047,0,493,0,1.0,0.806,0.893,0.0,0.886,2.069
1784632037.1037552,2057,0,493,0,1.0,0.807,0.893,0.0,0.892,2.07
1784632037.126922,2067,0,493,0,1.0,0.807,0.893,0.0,0.898,2.07
1784632037.1498141,2077,0,493,0,1.0,0.808,0.894,0.0,0.904,2.071
1784632037.1752903,2087,0,493,0,1.0,0.809,0.894,0.0,0.91,2.072
1784632037.20199,2097,0,493,0,1.0,0.81,0.895,0.0,0.916,2.073
1784632037.234293,2107,0,493,0,1.0,0.81,0.895,0.0,0.922,2.074
1784632037.2554731,2117,0,493,0,1.0,0.811,0.896,0.0,0.927,2.075
1784632037.2788396,2127,0,493,0,1.0,0.812,0.896,0.0,0.933,2.075
1784632037.3238533,2137,0,493,0,1.0,0.813,0.897,0.0,0.939,2.076
1784632037.4017587,2147,0,493,0,1.0,0.813,0.897,0.0,0.945,2.077
1784632037.4469297,2157,0,493,0,1.0,0.814,0.897,0.0,0.951,2.078
1784632037.5134628,2167,0,493,0,1.0,0.815,0.898,0.0,0.957,2.08
1784632037.5819988,2177,0,493,0,1.0,0.815,0.898,0.0,0.963,2.081
1784632037.6278083,2187,0,493,0,1.0,0.816,0.899,0.0,0.969,2.083
1784632037.706119,2197,0,493,0,1.0,0.817,0.899,0.0,0.975,2.085
1784632037.756147,2207,0,493,0,1.0,0.817,0.9,0.0,0.981,2.087
1784632037.8695962,2217,0,493,0,1.0,0.818,0.9,0.0,0.986,2.09
1784632037.941649,2227,0,493,0,1.0,0.819,0.9,0.0,0.992,2.085
1784632037.9973073,2237,0,493,0,1.0,0.819,0.901,0.0,0.997,2.076
1784632038.054081,2247,0,493,0,1.0,0.82,0.901,0.0,1.002,2.067
1784632038.1220076,2257,0,493,0,1.0,0.821,0.902,0.0,1.006,2.059
1784632038.1841004,2267,0,493,0,1.0,0.821,0.902,0.0,1.011,2.051
1784632038.2116973,2277,0,493,0,1.0,0.822,0.902,0.0,1.016,2.043
1784632038.242413,2287,0,493,0,1.0,0.823,0.903,0.0,1.021,2.035
1784632038.28501,2297,0,493,0,1.0,0.823,0.903,0.0,1.026,2.027
1784632038.3586755,2307,0,493,0,1.0,0.824,0.903,0.0,1.03,2.02
1784632038.3723977,2317,0,493,0,1.0,0.825,0.904,0.0,1.035,2.013
1784632038.4030836,2327,0,493,0,1.0,0.825,0.904,0.0,1.04,2.006
1784632038.4293709,2337,0,493,0,1.0,0.826,0.905,0.0,1.045,1.999
1784632038.470395,2347,0,493,0,1.0,0.826,0.905,0.0,1.049,1.992
1784632038.5172453,2357,0,493,0,1.0,0.827,0.905,0.0,1.054,1.986
1784632038.5724587,2367,0,493,0,1.0,0.828,0.906,0.0,1.059,1.98
1784632038.6241481,2377,0,493,0,1.0,0.828,0.906,0.0,1.063,1.973
1784632038.670936,2387,0,493,0,1.0,0.829,0.906,0.0,1.068,1.968
1784632038.7148664,2397,0,493,0,1.0,0.829,0.907,0.0,1.073,1.962
1784632038.76316,2407,0,493,0,1.0,0.83,0.907,0.0,1.077,1.957
1784632038.794871,2417,0,493,0,1.0,0.831,0.907,0.0,1.082,1.951
1784632038.8440151,2427,0,493,0,1.0,0.831,0.908,0.0,1.086,1.946
1784632038.8882468,2437,0,493,0,1.0,0.832,0.908,0.0,1.09,1.941
1784632038.9446712,2447,0,493,0,1.0,0.832,0.908,0.0,1.095,1.937
1784632038.9866114,2457,0,493,0,1.0,0.833,0.909,0.0,1.099,1.933
1784632039.0464208,2467,0,493,0,1.0,0.833,0.909,0.0,1.103,1.928
1784632039.0765283,2477,0,493,0,1.0,0.834,0.909,0.0,1.107,1.924
1784632039.1124773,2487,0,493,0,1.0,0.835,0.91,0.0,1.112,1.92
1784632039.1754878,2497,0,493,0,1.0,0.835,0.91,0.0,1.116,1.917
1784632039.237883,2507,0,493,0,1.0,0.836,0.91,0.0,1.12,1.913
1784632039.3206923,2517,0,493,0,1.0,0.836,0.911,0.0,1.124,1.91
1784632039.3531444,2527,0,493,0,1.0,0.837,0.911,0.0,1.128,1.907
1784632039.436865,2537,0,493,0,1.0,0.837,0.911,0.0,1.133,1.904
1784632039.528702,2547,0,493,0,1.0,0.838,0.912,0.0,1.137,1.901
1784632039.5915053,2557,0,493,0,1.0,0.838,0.912,0.0,1.141,1.899
1784632039.6435492,2567,0,493,0,1.0,0.839,0.912,0.0,1.145,1.897
1784632039.6840727,2577,0,493,0,1.0,0.839,0.913,0.0,1.149,1.895
1784632039.7211947,2587,0,493,0,1.0,0.84,0.913,0.0,1.153,1.893
1784632039.763288,2597,0,493,0,1.0,0.84,0.913,0.0,1.157,1.891
1784632039.8368917,2607,0,493,0,1.0,0.841,0.914,0.0,1.161,1.89
1784632039.8919375,2617,0,493,0,1.0,0.841,0.914,0.0,1.165,1.889
1784632039.9137943,2627,0,493,0,1.0,0.842,0.914,0.0,1.169,1.887
1784632039.940637,2637,0,493,0,1.0,0.842,0.915,0.0,1.173,1.886
1784632039.977352,2647,0,493,0,1.0,0.843,0.915,0.0,1.177,1.885
1784632040.0180535,2657,0,493,0,1.0,0.843,0.915,0.0,1.181,1.884
1784632040.0538483,2667,0,493,0,1.0,0.844,0.915,0.0,1.185,1.884
1784632040.0749748,2677,0,493,0,1.0,0.844,0.916,0.0,1.189,1.883
1784632040.0926478,2687,0,493,0,1.0,0.845,0.916,0.0,1.193,1.882
1784632040.1141348,2697,0,493,0,1.0,0.845,0.916,0.0,1.196,1.882
1784632040.1340642,2707,0,493,0,1.0,0.846,0.917,0.0,1.2,1.881
1784632040.1552699,2717,0,493,0,1.0,0.846,0.917,0.0,1.204,1.88
1784632040.1760085,2727,0,493,0,1.0,0.847,0.917,0.0,1.208,1.88
1784632040.1991894,2737,0,493,0,1.0,0.847,0.917,0.0,1.211,1.879
1784632040.2194612,2747,0,493,0,1.0,0.848,0.918,0.0,1.215,1.879
1784632040.2415767,2757,0,493,0,1.0,0.848,0.918,0.0,1.219,1.878
1784632040.2625377,2767,0,493,0,1.0,0.849,0.918,0.0,1.223,1.878
1784632040.2834864,2777,0,493,0,1.0,0.849,0.918,0.0,1.226,1.877
1784632040.3025177,2787,0,493,0,1.0,0.85,0.919,0.0,1.23,1.877
1784632040.328704,2797,0,493,0,1.0,0.85,0.919,0.0,1.234,1.877
1784632040.3474417,2807,0,493,0,1.0,0.851,0.919,0.0,1.238,1.877
1784632040.368423,2817,0,493,0,1.0,0.851,0.92,0.0,1.241,1.876
1784632040.3892639,2827,0,493,0,1.0,0.852,0.92,0.0,1.245,1.876
1784632040.4152932,2837,0,493,0,1.0,0.852,0.92,0.0,1.249,1.876
1784632040.4429536,2847,0,493,0,1.0,0.852,0.92,0.0,1.252,1.876
1784632040.4630046,2857,0,493,0,1.0,0.853,0.921,0.0,1.256,1.876
1784632040.4821215,2867,0,493,0,1.0,0.853,0.921,0.0,1.26,1.876
1784632040.5007312,2877,0,493,0,1.0,0.854,0.921,0.0,1.264,1.876
1784632040.5188823,2887,0,493,0,1.0,0.854,0.921,0.0,1.267,1.876
1784632040.5417085,2897,0,493,0,1.0,0.855,0.922,0.0,1.271,1.876
1784632040.5635664,2907,0,493,0,1.0,0.855,0.922,0.0,1.275,1.876
1784632040.5827847,2917,0,493,0,1.0,0.855,0.922,0.0,1.278,1.876
1784632040.605881,2927,0,493,0,1.0,0.856,0.922,0.0,1.282,1.876
1784632040.625219,2937,0,493,0,1.0,0.856,0.923,0.0,1.286,1.876
1784632040.6428514,2947,0,493,0,1.0,0.857,0.923,0.0,1.289,1.877
1784632040.6691515,2957,0,493,0,1.0,0.857,0.923,0.0,1.293,1.877
1784632040.6962016,2967,0,493,0,1.0,0.858,0.923,0.0,1.297,1.877
1784632040.7241108,2977,0,493,0,1.0,0.858,0.924,0.0,1.3,1.878
1784632040.7466953,2987,0,493,0,1.0,0.858,0.924,0.0,1.304,1.878
1784632040.7657092,2997,0,493,0,1.0,0.859,0.924,0.0,1.308,1.879
1784632040.7868006,3007,0,493,0,1.0,0.859,0.924,0.0,1.311,1.879
1784632040.806754,3017,0,493,0,1.0,0.86,0.924,0.0,1.315,1.88
1784632040.8276076,3027,0,493,0,1.0,0.86,0.925,0.0,1.319,1.88
1784632040.8530183,3037,0,493,0,1.0,0.86,0.925,0.0,1.323,1.881
1784632040.8760054,3047,0,493,0,1.0,0.861,0.925,0.0,1.326,1.882
1784632040.8975506,3057,0,493,0,1.0,0.861,0.925,0.0,1.33,1.882
1784632040.9190786,3067,0,493,0,1.0,0.862,0.926,0.0,1.334,1.883
1784632040.9402106,3077,0,493,0,1.0,0.862,0.926,0.0,1.338,1.884
1784632040.9620175,3087,0,493,0,1.0,0.862,0.926,0.0,1.341,1.885
1784632040.9854186,3097,0,493,0,1.0,0.863,0.926,0.0,1.345,1.885
1784632041.008571,3107,0,493,0,1.0,0.863,0.926,0.0,1.349,1.886
1784632041.0251694,3117,0,493,0,1.0,0.863,0.927,0.0,1.352,1.887
1784632041.0399685,3127,0,493,0,1.0,0.864,0.927,0.0,1.356,1.888
1784632041.0661106,3137,0,493,0,1.0,0.864,0.927,0.0,1.36,1.889
1784632041.0827024,3147,0,493,0,1.0,0.865,0.927,0.0,1.363,1.89
1784632041.1005435,3157,0,493,0,1.0,0.865,0.928,0.0,1.367,1.891
1784632041.1228263,3167,0,493,0,1.0,0.865,0.928,0.0,1.37,1.892
1784632041.1423922,3177,0,493,0,1.0,0.866,0.928,0.0,1.374,1.893
1784632041.1630695,3187,0,493,0,1.0,0.866,0.928,0.0,1.378,1.894
1784632041.1796298,3197,0,493,0,1.0,0.866,0.928,0.0,1.381,1.895
1784632041.2023659,3207,0,493,0,1.0,0.867,0.929,0.0,1.385,1.896
1784632041.2231956,3217,0,493,0,1.0,0.867,0.929,0.0,1.389,1.897
1784632041.2469463,3227,0,493,0,1.0,0.867,0.929,0.0,1.392,1.898
1784632041.269817,3237,0,493,0,1.0,0.868,0.929,0.0,1.396,1.899
1784632041.2907429,3247,0,493,0,1.0,0.868,0.929,0.0,1.4,1.9
1784632041.3132434,3257,0,493,0,1.0,0.869,0.93,0.0,1.403,1.902
1784632041.3358467,3267,0,493,0,1.0,0.869,0.93,0.0,1.407,1.903
1784632041.3564978,3277,0,493,0,1.0,0.869,0.93,0.0,1.41,1.904
1784632041.3824916,3287,0,493,0,1.0,0.87,0.93,0.0,1.414,1.906
1784632041.41959,3297,0,493,0,1.0,0.87,0.93,0.0,1.418,1.907
1784632041.4432487,3307,0,493,0,1.0,0.87,0.931,0.0,1.421,1.909
1784632041.4696631,3317,0,493,0,1.0,0.871,0.931,0.0,1.425,1.91
1784632041.4896884,3327,0,493,0,1.0,0.871,0.931,0.0,1.429,1.912
1784632041.510948,3337,0,493,0,1.0,0.871,0.931,0.0,1.432,1.913
1784632041.5317101,3347,0,493,0,1.0,0.872,0.931,0.0,1.436,1.915
1784632041.5556655,3357,0,493,0,1.0,0.872,0.932,0.0,1.44,1.916
1784632041.577012,3367,0,493,0,1.0,0.872,0.932,0.0,1.443,1.918
1784632041.595998,3377,0,493,0,1.0,0.873,0.932,0.0,1.447,1.919
1784632041.6071837,3387,0,493,0,1.0,0.873,0.932,0.0,1.451,1.921
1784632041.6221983,3397,0,493,0,1.0,0.873,0.932,0.0,1.454,1.923
1784632041.6378503,3407,0,493,0,1.0,0.874,0.933,0.0,1.458,1.924
1784632041.6622014,3417,0,493,0,1.0,0.874,0.933,0.0,1.462,1.926
1784632041.684303,3427,0,493,0,1.0,0.874,0.933,0.0,1.465,1.928
1784632041.7085185,3437,0,493,0,1.0,0.875,0.933,0.0,1.469,1.929
1784632041.7258523,3447,0,493,0,1.0,0.875,0.933,0.0,1.473,1.931
1784632041.744951,3457,0,493,0,1.0,0.875,0.933,0.0,1.476,1.933
1784632041.767352,3467,0,493,0,1.0,0.876,0.934,0.0,1.48,1.935
1784632041.7865262,3477,0,493,0,1.0,0.876,0.934,0.0,1.484,1.936
1784632041.8090973,3487,0,493,0,1.0,0.876,0.934,0.0,1.487,1.938
1784632041.8298821,3497,0,493,0,1.0,0.876,0.934,0.0,1.491,1.94
1784632041.8519902,3507,0,493,0,1.0,0.877,0.934,0.0,1.495,1.942
1784632041.8707411,3517,0,493,0,1.0,0.877,0.935,0.0,1.498,1.944
1784632041.9043612,3527,0,493,0,1.0,0.877,0.935,0.0,1.502,1.946
1784632041.925366,3537,0,493,0,1.0,0.878,0.935,0.0,1.506,1.948
1784632041.9658751,3547,0,493,0,1.0,0.878,0.935,0.0,1.509,1.95
1784632041.9993243,3557,0,493,0,1.0,0.878,0.935,0.0,1.513,1.952
1784632042.0149481,3567,0,493,0,1.0,0.879,0.935,0.0,1.516,1.954
1784632042.0363507,3577,0,493,0,1.0,0.879,0.936,0.0,1.52,1.956
1784632042.0678093,3587,0,493,0,1.0,0.879,0.936,0.0,1.524,1.958
1784632042.1195197,3597,0,493,0,1.0,0.879,0.936,0.0,1.527,1.961
1784632042.1559315,3607,0,493,0,1.0,0.88,0.936,0.0,1.53,1.963
1784632042.1932933,3617,0,493,0,1.0,0.88,0.936,0.0,1.534,1.966
1784632042.219592,3627,0,493,0,1.0,0.88,0.936,0.0,1.537,1.968
1784632042.2770898,3637,0,493,0,1.0,0.881,0.937,0.0,1.54,1.971
1784632042.3032343,3647,0,493,0,1.0,0.881,0.937,0.0,1.544,1.973
1784632042.3313997,3657,0,493,0,1.0,0.881,0.937,0.0,1.547,1.976
1784632042.4043167,3667,0,493,0,1.0,0.881,0.937,0.0,1.55,1.978
1784632042.4670033,3677,0,493,0,1.0,0.882,0.937,0.0,1.553,1.981
1784632042.4938262,3687,0,493,0,1.0,0.882,0.937,0.0,1.557,1.984
1784632042.5271246,3697,0,493,0,1.0,0.882,0.937,0.0,1.56,1.987
1784632042.5796711,3707,0,493,0,1.0,0.883,0.938,0.0,1.563,1.99
1784632042.614978,3717,0,493,0,1.0,0.883,0.938,0.0,1.566,1.993
1784632042.636448,3727,0,493,0,1.0,0.883,0.938,0.0,1.569,1.997
1784632042.697254,3737,0,493,0,1.0,0.883,0.938,0.0,1.572,2.0
1784632042.740388,3747,0,493,0,1.0,0.884,0.938,0.0,1.575,2.003
1784632042.8423069,3757,0,493,0,1.0,0.884,0.938,0.0,1.578,2.007
1784632042.9102073,3767,0,493,0,1.0,0.884,0.939,0.0,1.581,2.01
1784632042.9613724,3777,0,493,0,1.0,0.885,0.939,0.0,1.584,2.014
1784632043.0174763,3787,0,493,0,1.0,0.885,0.939,0.0,1.587,2.018
1784632043.0319965,3797,0,493,0,1.0,0.885,0.939,0.0,1.59,2.022
1784632043.070106,3807,0,493,0,1.0,0.885,0.939,0.0,1.592,2.026
1784632043.119285,3817,0,493,0,1.0,0.886,0.939,0.0,1.595,2.03
1784632043.1556365,3827,0,493,0,1.0,0.886,0.939,0.0,1.598,2.035
1784632043.1871972,3837,0,493,0,1.0,0.886,0.94,0.0,1.601,2.039
1784632043.230997,3847,0,493,0,1.0,0.886,0.94,0.0,1.604,2.043
1784632043.26442,3857,0,493,0,1.0,0.887,0.94,0.0,1.606,2.047
1784632043.2849004,3867,0,493,0,1.0,0.887,0.94,0.0,1.609,2.052
1784632043.3127675,3877,0,493,0,1.0,0.887,0.94,0.0,1.612,2.056
1784632043.3614824,3887,0,493,0,1.0,0.887,0.94,0.0,1.614,2.06
1784632043.3961866,3897,0,493,0,1.0,0.888,0.941,0.0,1.617,2.065
1784632043.429178,3907,0,493,0,1.0,0.888,0.941,0.0,1.62,2.069
1784632043.4933438,3917,0,493,0,1.0,0.888,0.941,0.0,1.622,2.074
1784632043.5183046,3927,0,493,0,1.0,0.888,0.941,0.0,1.625,2.079
1784632043.5584435,3937,0,493,0,1.0,0.889,0.941,0.0,1.628,2.083
1784632043.5748658,3947,0,493,0,1.0,0.889,0.941,0.0,1.63,2.088
1784632043.5951304,3957,0,493,0,1.0,0.889,0.941,0.0,1.633,2.093
1784632043.6344056,3967,0,493,0,1.0,0.889,0.941,0.0,1.635,2.097
1784632043.651125,3977,0,493,0,1.0,0.89,0.942,0.0,1.638,2.102
1784632043.666858,3987,0,493,0,1.0,0.89,0.942,0.0,1.64,2.107
1784632043.6860356,3997,0,493,0,1.0,0.89,0.942,0.0,1.643,2.112
1784632043.7038174,4007,0,493,0,1.0,0.89,0.942,0.0,1.645,2.116
1784632043.7168949,4017,0,493,0,1.0,0.891,0.942,0.0,1.648,2.121
1784632043.7384403,4027,0,493,0,1.0,0.891,0.942,0.0,1.65,2.126
1784632043.7607846,4037,0,493,0,1.0,0.891,0.942,0.0,1.652,2.13
1784632043.777144,4047,0,493,0,1.0,0.891,0.943,0.0,1.655,2.135
1784632043.7949376,4057,0,493,0,1.0,0.892,0.943,0.0,1.657,2.14
1784632043.8136427,4067,0,493,0,1.0,0.892,0.943,0.0,1.659,2.145
1784632043.8389227,4077,0,493,0,1.0,0.892,0.943,0.0,1.662,2.149
1784632043.8611243,4087,0,493,0,1.0,0.892,0.943,0.0,1.664,2.154
1784632043.8847022,4097,0,493,0,1.0,0.893,0.943,0.0,1.666,2.159
1784632043.898365,4107,0,493,0,1.0,0.893,0.943,0.0,1.668,2.163
1784632043.918348,4117,0,493,0,1.0,0.893,0.944,0.0,1.671,2.168
1784632043.9344437,4127,0,493,0,1.0,0.893,0.944,0.0,1.673,2.173
1784632043.9550648,4137,0,493,0,1.0,0.894,0.944,0.0,1.675,2.177
1784632043.9799771,4147,0,493,0,1.0,0.894,0.944,0.0,1.677,2.182
1784632044.0045927,4157,0,493,0,1.0,0.894,0.944,0.0,1.679,2.187
1784632044.0218856,4167,0,493,0,1.0,0.894,0.944,0.0,1.681,2.192
1784632044.042346,4177,0,493,0,1.0,0.894,0.944,0.0,1.683,2.196
1784632044.0598824,4187,0,493,0,1.0,0.895,0.944,0.0,1.685,2.201
1784632044.0750072,4197,0,493,0,1.0,0.895,0.945,0.0,1.687,2.204
1784632044.1022706,4207,0,493,0,1.0,0.895,0.945,0.0,1.687,2.204
1784632044.1232908,4217,0,493,0,1.0,0.895,0.945,0.0,1.688,2.204
1784632044.1394918,4227,0,493,0,1.0,0.896,0.945,0.0,1.689,2.204
1784632044.154665,4237,0,493,0,1.0,0.896,0.945,0.0,1.689,2.204
1784632044.172495,4247,0,493,0,1.0,0.896,0.945,0.0,1.69,2.204
1784632044.1911616,4257,0,493,0,1.0,0.896,0.945,0.0,1.691,2.205
1784632044.2136369,4267,0,493,0,1.0,0.896,0.945,0.0,1.691,2.205
1784632044.2368586,4277,0,493,0,1.0,0.897,0.946,0.0,1.692,2.205
1784632044.259831,4287,0,493,0,1.0,0.897,0.946,0.0,1.693,2.205
1784632044.2726395,4297,0,493,0,1.0,0.897,0.946,0.0,1.694,2.205
1784632044.2915995,4307,0,493,0,1.0,0.897,0.946,0.0,1.694,2.205
1784632044.3113036,4317,0,493,0,1.0,0.898,0.946,0.0,1.695,2.205
1784632044.339496,4327,0,493,0,1.0,0.898,0.946,0.0,1.696,2.205
1784632044.3568873,4337,0,493,0,1.0,0.898,0.946,0.0,1.697,2.205
1784632044.3797889,4347,0,493,0,1.0,0.898,0.946,0.0,1.698,2.205
1784632044.3985858,4357,0,493,0,1.0,0.898,0.946,0.0,1.698,2.206
1784632044.421394,4367,0,493,0,1.0,0.899,0.947,0.0,1.699,2.206
1784632044.458944,4377,0,493,0,1.0,0.899,0.947,0.0,1.7,2.206
1784632044.4790037,4387,0,493,0,1.0,0.899,0.947,0.0,1.701,2.206
1784632044.5018895,4397,0,493,0,1.0,0.899,0.947,0.0,1.702,2.207
1784632044.527414,4407,0,493,0,1.0,0.899,0.947,0.0,1.702,2.207
1784632044.5497024,4417,0,493,0,1.0,0.9,0.947,0.0,1.703,2.207
1784632044.5749397,4427,0,493,0,1.0,0.9,0.947,0.0,1.704,2.208
1784632044.5936563,4437,0,493,0,1.0,0.9,0.947,0.0,1.705,2.208
1784632044.6138263,4447,0,493,0,1.0,0.9,0.947,0.0,1.706,2.208
1784632044.636595,4457,0,493,0,1.0,0.9,0.948,0.0,1.706,2.209
1784632044.6621635,4467,0,493,0,1.0,0.901,0.948,0.0,1.707,2.209
1784632044.6861703,4477,0,493,0,1.0,0.901,0.948,0.0,1.708,2.21
1784632044.7055316,4487,0,493,0,1.0,0.901,0.948,0.0,1.709,2.21
1784632044.7199457,4497,0,493,0,1.0,0.901,0.948,0.0,1.71,2.211
1784632044.741027,4507,0,493,0,1.0,0.901,0.948,0.0,1.71,2.211
1784632044.7616916,4517,0,493,0,1.0,0.902,0.948,0.0,1.711,2.212
1784632044.7824922,4527,0,493,0,1.0,0.902,0.948,0.0,1.712,2.212
1784632044.8069687,4537,0,493,0,1.0,0.902,0.948,0.0,1.713,2.213
1784632044.8234403,4547,0,493,0,1.0,0.902,0.949,0.0,1.714,2.213
1784632044.8372118,4557,0,493,0,1.0,0.902,0.949,0.0,1.715,2.214
1784632044.8594599,4567,0,493,0,1.0,0.903,0.949,0.0,1.715,2.214
1784632044.8830156,4577,0,493,0,1.0,0.903,0.949,0.0,1.716,2.215
1784632044.8998637,4587,0,493,0,1.0,0.903,0.949,0.0,1.717,2.215
1784632044.9230251,4597,0,493,0,1.0,0.903,0.949,0.0,1.718,2.216
1784632044.9520273,4607,0,493,0,1.0,0.903,0.949,0.0,1.718,2.217
1784632044.976979,4617,0,493,0,1.0,0.904,0.949,0.0,1.719,2.217
1784632045.0080507,4627,0,493,0,1.0,0.904,0.949,0.0,1.72,2.218
1784632045.030327,4637,0,493,0,1.0,0.904,0.95,0.0,1.721,2.219
1784632045.0503194,4647,0,493,0,1.0,0.904,0.95,0.0,1.721,2.22
1784632045.0710533,4657,0,493,0,1.0,0.904,0.95,0.0,1.722,2.22
1784632045.093905,4667,0,493,0,1.0,0.904,0.95,0.0,1.723,2.221
1784632045.1202183,4677,0,493,0,1.0,0.905,0.95,0.0,1.723,2.222
1784632045.1390393,4687,0,493,0,1.0,0.905,0.95,0.0,1.724,2.223
1784632045.1559706,4697,0,493,0,1.0,0.905,0.95,0.0,1.725,2.224
1784632045.175063,4707,0,493,0,1.0,0.905,0.95,0.0,1.726,2.224
1784632045.1929758,4717,0,493,0,1.0,0.905,0.95,0.0,1.726,2.225
1784632045.210968,4727,0,493,0,1.0,0.906,0.95,0.0,1.727,2.226
1784632045.2309682,4737,0,493,0,1.0,0.906,0.951,0.0,1.728,2.227
1784632045.247759,4747,0,493,0,1.0,0.906,0.951,0.0,1.728,2.228
1784632045.267881,4757,0,493,0,1.0,0.906,0.951,0.0,1.729,2.229
1784632045.2919943,4767,0,493,0,1.0,0.906,0.951,0.0,1.73,2.23
1784632045.3129919,4777,0,493,0,1.0,0.906,0.951,0.0,1.73,2.231
1784632045.333966,4787,0,493,0,1.0,0.907,0.951,0.0,1.731,2.232
1784632045.3549206,4797,0,493,0,1.0,0.907,0.951,0.0,1.732,2.233
1784632045.3772738,4807,0,493,0,1.0,0.907,0.951,0.0,1.732,2.234
1784632045.4103308,4817,0,493,0,1.0,0.907,0.951,0.0,1.733,2.235
1784632045.4306443,4827,0,493,0,1.0,0.907,0.951,0.0,1.733,2.236
1784632045.4544344,4837,0,493,0,1.0,0.908,0.952,0.0,1.734,2.237
1784632045.4793262,4847,0,493,0,1.0,0.908,0.952,0.0,1.735,2.238
1784632045.5239785,4857,0,493,0,1.0,0.908,0.952,0.0,1.735,2.239
1784632045.565878,4867,0,493,0,1.0,0.908,0.952,0.0,1.736,2.24
1784632045.5933235,4877,0,493,0,1.0,0.908,0.952,0.0,1.736,2.241
1784632045.6199543,4887,0,493,0,1.0,0.908,0.952,0.0,1.737,2.243
1784632045.6423528,4897,0,493,0,1.0,0.909,0.952,0.0,1.737,2.244
1784632045.6717024,4907,0,493,0,1.0,0.909,0.952,0.0,1.738,2.245
1784632045.7267592,4917,0,493,0,1.0,0.909,0.952,0.0,1.739,2.247
1784632045.7547987,4927,0,493,0,1.0,0.909,0.952,0.0,1.739,2.248
1784632045.793994,4937,0,493,0,1.0,0.909,0.952,0.0,1.74,2.25
1784632045.8137338,4947,0,493,0,1.0,0.909,0.953,0.0,1.74,2.251
1784632045.8388817,4957,0,493,0,1.0,0.91,0.953,0.0,1.741,2.253
1784632045.8532536,4967,0,493,0,1.0,0.91,0.953,0.0,1.741,2.254
1784632045.895631,4977,0,493,0,1.0,0.91,0.953,0.0,1.741,2.256
1784632045.9345372,4987,0,493,0,1.0,0.91,0.953,0.0,1.742,2.258
1784632045.9518106,4997,0,493,0,1.0,0.91,0.953,0.0,1.742,2.259
1784632045.9933832,5007,0,493,0,1.0,0.91,0.953,0.0,1.743,2.261
1784632046.0111597,5017,0,493,0,1.0,0.911,0.953,0.0,1.743,2.263
1784632046.0580184,5027,0,493,0,1.0,0.911,0.953,0.0,1.744,2.265
1784632046.0779827,5037,0,493,0,1.0,0.911,0.953,0.0,1.744,2.266
1784632046.1017685,5047,0,493,0,1.0,0.911,0.953,0.0,1.745,2.268
1784632046.1315205,5057,0,493,0,1.0,0.911,0.954,0.0,1.745,2.27
1784632046.1781201,5067,0,493,0,1.0,0.911,0.954,0.0,1.745,2.272
1784632046.2325947,5077,0,493,0,1.0,0.911,0.954,0.0,1.746,2.274
1784632046.2829528,5087,0,493,0,1.0,0.912,0.954,0.0,1.746,2.276
1784632046.2970045,5097,0,493,0,1.0,0.912,0.954,0.0,1.747,2.278
1784632046.3432128,5107,0,493,0,1.0,0.912,0.954,0.0,1.747,2.28
1784632046.3603292,5117,0,493,0,1.0,0.912,0.954,0.0,1.747,2.283
1784632046.3873572,5127,0,493,0,1.0,0.912,0.954,0.0,1.747,2.285
1784632046.4077067,5137,0,493,0,1.0,0.912,0.954,0.0,1.748,2.287
1784632046.432437,5147,0,493,0,1.0,0.913,0.954,0.0,1.748,2.289
1784632046.4561293,5157,0,493,0,1.0,0.913,0.954,0.0,1.748,2.292
1784632046.4882605,5167,0,493,0,1.0,0.913,0.954,0.0,1.748,2.294
1784632046.509473,5177,0,493,0,1.0,0.913,0.955,0.0,1.749,2.296
1784632046.5289564,5187,0,493,0,1.0,0.913,0.955,0.0,1.749,2.298
1784632046.5964127,5197,0,493,0,1.0,0.913,0.955,0.0,1.749,2.301
1784632046.6600325,5207,0,493,0,1.0,0.914,0.955,0.0,1.749,2.303
1784632046.6891823,5217,0,493,0,1.0,0.914,0.955,0.0,1.75,2.306
1784632046.7248197,5227,0,493,0,1.0,0.914,0.955,0.0,1.75,2.308
1784632046.788893,5237,0,493,0,1.0,0.914,0.955,0.0,1.75,2.311
1784632046.810622,5247,0,493,0,1.0,0.914,0.955,0.0,1.75,2.313
1784632046.8495336,5257,0,493,0,1.0,0.914,0.955,0.0,1.75,2.316
1784632046.8654523,5267,0,493,0,1.0,0.914,0.955,0.0,1.75,2.319
1784632046.89194,5277,0,493,0,1.0,0.915,0.955,0.0,1.751,2.321
1784632046.9149525,5287,0,493,0,1.0,0.915,0.955,0.0,1.751,2.324
1784632046.955019,5297,0,493,0,1.0,0.915,0.956,0.0,1.751,2.327
1784632046.981368,5307,0,493,0,1.0,0.915,0.956,0.0,1.751,2.329
1784632047.0112584,5317,0,493,0,1.0,0.915,0.956,0.0,1.751,2.332
1784632047.0805702,5327,0,493,0,1.0,0.915,0.956,0.0,1.751,2.335
1784632047.1154401,5337,0,493,0,1.0,0.915,0.956,0.0,1.751,2.338
1784632047.1431677,5347,0,493,0,1.0,0.916,0.956,0.0,1.752,2.341
1784632047.1724927,5357,0,493,0,1.0,0.916,0.956,0.0,1.752,2.344
1784632047.1989095,5367,0,493,0,1.0,0.916,0.956,0.0,1.752,2.347
1784632047.2241545,5377,0,493,0,1.0,0.916,0.956,0.0,1.752,2.35
1784632047.2476623,5387,0,493,0,1.0,0.916,0.956,0.0,1.752,2.353
1784632047.2746494,5397,0,493,0,1.0,0.916,0.956,0.0,1.752,2.356
1784632047.2952964,5407,0,493,0,1.0,0.916,0.956,0.0,1.752,2.358
1784632047.3251815,5417,0,493,0,1.0,0.917,0.956,0.0,1.753,2.361
1784632047.3457718,5427,0,493,0,1.0,0.917,0.957,0.0,1.753,2.364
1784632047.3587942,5437,0,493,0,1.0,0.917,0.957,0.0,1.753,2.367
1784632047.3715043,5447,0,493,0,1.0,0.917,0.957,0.0,1.753,2.37
1784632047.3887515,5457,0,493,0,1.0,0.917,0.957,0.0,1.753,2.373
1784632047.4059732,5467,0,493,0,1.0,0.917,0.957,0.0,1.753,2.376
1784632047.433392,5477,0,493,0,1.0,0.917,0.957,0.0,1.754,2.379
1784632047.4609199,5487,0,493,0,1.0,0.918,0.957,0.0,1.754,2.382
1784632047.4876282,5497,0,493,0,1.0,0.918,0.957,0.0,1.754,2.385
1784632047.5082142,5507,0,493,0,1.0,0.918,0.957,0.0,1.754,2.388
1784632047.539356,5517,0,493,0,1.0,0.918,0.957,0.0,1.754,2.391
1784632047.5676944,5527,0,493,0,1.0,0.918,0.957,0.0,1.754,2.395
1784632047.5914783,5537,0,493,0,1.0,0.918,0.957,0.0,1.754,2.398
1784632047.6066594,5547,0,493,0,1.0,0.918,0.957,0.0,1.754,2.401
1784632047.6220152,5557,0,493,0,1.0,0.919,0.958,0.0,1.754,2.404
1784632047.6593337,5567,0,493,0,1.0,0.919,0.958,0.0,1.754,2.407
1784632047.6891544,5577,0,493,0,1.0,0.919,0.958,0.0,1.754,2.41
1784632047.7109084,5587,0,493,0,1.0,0.919,0.958,0.0,1.754,2.413
1784632047.7268136,5597,0,493,0,1.0,0.919,0.958,0.0,1.754,2.416
1784632047.7506948,5607,0,493,0,1.0,0.919,0.958,0.0,1.754,2.42
1784632047.7748797,5617,0,493,0,1.0,0.919,0.958,0.0,1.754,2.423
1784632047.7990563,5627,0,493,0,1.0,0.919,0.958,0.0,1.754,2.426
1784632047.8114889,5637,0,493,0,1.0,0.92,0.958,0.0,1.754,2.429
1784632047.828052,5647,0,493,0,1.0,0.92,0.958,0.0,1.754,2.432
1784632047.8533008,5657,0,493,0,1.0,0.92,0.958,0.0,1.755,2.432
1784632047.8706667,5667,0,493,0,1.0,0.92,0.958,0.0,1.755,2.431
1784632047.8897626,5677,0,493,0,1.0,0.92,0.958,0.0,1.755,2.431
1784632047.902115,5687,0,493,0,1.0,0.92,0.958,0.0,1.756,2.43
1784632047.9165967,5697,0,493,0,1.0,0.92,0.959,0.0,1.756,2.43
1784632047.9360836,5707,0,493,0,1.0,0.92,0.959,0.0,1.756,2.43
1784632047.9628735,5717,0,493,0,1.0,0.921,0.959,0.0,1.756,2.429
1784632047.9798722,5727,0,493,0,1.0,0.921,0.959,0.0,1.757,2.429
1784632048.0023649,5737,0,493,0,1.0,0.921,0.959,0.0,1.757,2.429
1784632048.0293195,5747,0,493,0,1.0,0.921,0.959,0.0,1.757,2.428
1784632048.0491533,5757,0,493,0,1.0,0.921,0.959,0.0,1.757,2.428
1784632048.0711331,5767,0,493,0,1.0,0.921,0.959,0.0,1.757,2.428
1784632048.111299,5777,0,493,0,1.0,0.921,0.959,0.0,1.758,2.427
1784632048.1598158,5787,0,493,0,1.0,0.921,0.959,0.0,1.758,2.427
1784632048.211282,5797,0,493,0,1.0,0.922,0.959,0.0,1.758,2.427
1784632048.2691586,5807,0,493,0,1.0,0.922,0.959,0.0,1.758,2.427
1784632048.2989287,5817,0,493,0,1.0,0.922,0.959,0.0,1.758,2.427
1784632048.3396597,5827,0,493,0,1.0,0.922,0.959,0.0,1.758,2.427
1784632048.3807113,5837,0,493,0,1.0,0.922,0.959,0.0,1.759,2.427
1784632048.416797,5847,0,493,0,1.0,0.922,0.96,0.0,1.759,2.427
1784632048.4541552,5857,0,493,0,1.0,0.922,0.96,0.0,1.759,2.427
1784632048.4872153,5867,0,493,0,1.0,0.922,0.96,0.0,1.759,2.428
1784632048.5403986,5877,0,493,0,1.0,0.923,0.96,0.0,1.759,2.428
1784632048.5651305,5887,0,493,0,1.0,0.923,0.96,0.0,1.76,2.428
1784632048.5982566,5897,0,493,0,1.0,0.923,0.96,0.0,1.76,2.428
1784632048.6215942,5907,0,493,0,1.0,0.923,0.96,0.0,1.76,2.429
1784632048.6613574,5917,0,493,0,1.0,0.923,0.96,0.0,1.76,2.429
1784632048.6866689,5927,0,493,0,1.0,0.923,0.96,0.0,1.76,2.43
1784632048.715062,5937,0,493,0,1.0,0.923,0.96,0.0,1.76,2.43
1784632048.7508752,5947,0,493,0,1.0,0.923,0.96,0.0,1.76,2.43
1784632048.7801673,5957,0,493,0,1.0,0.924,0.96,0.0,1.76,2.431
1784632048.825893,5967,0,493,0,1.0,0.924,0.96,0.0,1.761,2.431
1784632048.8613071,5977,0,493,0,1.0,0.924,0.96,0.0,1.761,2.432
1784632048.902847,5987,0,493,0,1.0,0.924,0.96,0.0,1.761,2.433
1784632048.9304993,5997,0,493,0,1.0,0.924,0.961,0.0,1.761,2.433
1784632048.9677262,6007,0,493,0,1.0,0.924,0.961,0.0,1.761,2.434
1784632048.9947636,6017,0,493,0,1.0,0.924,0.961,0.0,1.761,2.435
1784632049.010128,6027,0,493,0,1.0,0.924,0.961,0.0,1.761,2.435
1784632049.0370073,6037,0,493,0,1.0,0.925,0.961,0.0,1.761,2.436
1784632049.0616999,6047,0,493,0,1.0,0.925,0.961,0.0,1.761,2.437
1784632049.0791063,6057,0,493,0,1.0,0.925,0.961,0.0,1.761,2.437
1784632049.1053178,6067,0,493,0,1.0,0.925,0.961,0.0,1.761,2.438
1784632049.1479003,6077,0,493,0,1.0,0.925,0.961,0.0,1.761,2.439
1784632049.1687677,6087,0,493,0,1.0,0.925,0.961,0.0,1.762,2.44
1784632049.201972,6097,0,493,0,1.0,0.925,0.961,0.0,1.762,2.441
1784632049.2333992,6107,0,493,0,1.0,0.925,0.961,0.0,1.762,2.442
1784632049.2629228,6117,0,493,0,1.0,0.925,0.961,0.0,1.762,2.443
1784632049.2835114,6127,0,493,0,1.0,0.926,0.961,0.0,1.762,2.444
1784632049.3098443,6137,0,493,0,1.0,0.926,0.961,0.0,1.762,2.445
1784632049.3340752,6147,0,493,0,1.0,0.926,0.961,0.0,1.762,2.446
1784632049.3570638,6157,0,493,0,1.0,0.926,0.962,0.0,1.762,2.447
1784632049.377873,6167,0,493,0,1.0,0.926,0.962,0.0,1.762,2.448
1784632049.4117427,6177,0,493,0,1.0,0.926,0.962,0.0,1.762,2.449
1784632049.4346507,6187,0,493,0,1.0,0.926,0.962,0.0,1.762,2.45
1784632049.4528363,6197,0,493,0,1.0,0.926,0.962,0.0,1.762,2.451
1784632049.467446,6207,0,493,0,1.0,0.926,0.962,0.0,1.762,2.452
1784632049.4854097,6217,0,493,0,1.0,0.927,0.962,0.0,1.762,2.453
1784632049.5237732,6227,0,493,0,1.0,0.927,0.962,0.0,1.762,2.454
1784632049.5619128,6237,0,493,0,1.0,0.927,0.962,0.0,1.762,2.455
1784632049.606662,6247,0,493,0,1.0,0.927,0.962,0.0,1.762,2.456
1784632049.6376464,6257,0,493,0,1.0,0.927,0.962,0.0,1.762,2.457
1784632049.6692865,6267,0,493,0,1.0,0.927,0.962,0.0,1.762,2.458
1784632049.692326,6277,0,493,0,1.0,0.927,0.962,0.0,1.762,2.459
1784632049.7102234,6287,0,493,0,1.0,0.927,0.962,0.0,1.762,2.461
1784632049.7402744,6297,0,493,0,1.0,0.927,0.962,0.0,1.762,2.462
1784632049.7533028,6307,0,493,0,1.0,0.927,0.962,0.0,1.763,2.463
1784632049.7769299,6317,0,493,0,1.0,0.928,0.962,0.0,1.763,2.464
1784632049.797295,6327,0,493,0,1.0,0.928,0.963,0.0,1.763,2.465
1784632049.8178651,6337,0,493,0,1.0,0.928,0.963,0.0,1.763,2.467
1784632049.842502,6347,0,493,0,1.0,0.928,0.963,0.0,1.763,2.468
1784632049.8627617,6357,0,493,0,1.0,0.928,0.963,0.0,1.763,2.469
1784632049.8870683,6367,0,493,0,1.0,0.928,0.963,0.0,1.763,2.47
1784632049.9141452,6377,0,493,0,1.0,0.928,0.963,0.0,1.763,2.472
1784632049.9313877,6387,0,493,0,1.0,0.928,0.963,0.0,1.763,2.473
1784632049.946309,6397,0,493,0,1.0,0.928,0.963,0.0,1.763,2.474
1784632049.9603539,6407,0,493,0,1.0,0.929,0.963,0.0,1.763,2.475
1784632049.9762201,6417,0,493,0,1.0,0.929,0.963,0.0,1.763,2.477
1784632050.0007997,6427,0,493,0,1.0,0.929,0.963,0.0,1.763,2.478
1784632050.0220044,6437,0,493,0,1.0,0.929,0.963,0.0,1.763,2.48
1784632050.0420816,6447,0,493,0,1.0,0.929,0.963,0.0,1.763,2.481
1784632050.0602381,6457,0,493,0,1.0,0.929,0.963,0.0,1.763,2.482
1784632050.0795782,6467,0,493,0,1.0,0.929,0.963,0.0,1.763,2.484
1784632050.1011152,6477,0,493,0,1.0,0.929,0.963,0.0,1.763,2.485
1784632050.1245978,6487,0,493,0,1.0,0.929,0.963,0.0,1.763,2.487
1784632050.1477633,6497,0,493,0,1.0,0.929,0.963,0.0,1.763,2.488
1784632050.1713107,6507,0,493,0,1.0,0.93,0.964,0.0,1.763,2.489
1784632050.1906962,6517,0,493,0,1.0,0.93,0.964,0.0,1.763,2.491
1784632050.2084649,6527,0,493,0,1.0,0.93,0.964,0.0,1.763,2.492
1784632050.2206135,6537,0,493,0,1.0,0.93,0.964,0.0,1.763,2.494
1784632050.238011,6547,0,493,0,1.0,0.93,0.964,0.0,1.763,2.495
1784632050.2571216,6557,0,493,0,1.0,0.93,0.964,0.0,1.763,2.497
1784632050.2808926,6567,0,493,0,1.0,0.93,0.964,0.0,1.763,2.498
1784632050.311,6577,0,493,0,1.0,0.93,0.964,0.0,1.763,2.5
1784632050.3269804,6587,0,493,0,1.0,0.93,0.964,0.0,1.763,2.501
1784632050.3483222,6597,0,493,0,1.0,0.93,0.964,0.0,1.762,2.503
1784632050.3749728,6607,0,493,0,1.0,0.931,0.964,0.0,1.762,2.504
1784632050.3893244,6617,0,493,0,1.0,0.931,0.964,0.0,1.762,2.506
1784632050.4039767,6627,0,493,0,1.0,0.931,0.964,0.0,1.762,2.507
1784632050.4256625,6637,0,493,0,1.0,0.931,0.964,0.0,1.762,2.509
1784632050.4498067,6647,0,493,0,1.0,0.931,0.964,0.0,1.762,2.51
1784632050.4722664,6657,0,493,0,1.0,0.931,0.964,0.0,1.762,2.512
1784632050.486448,6667,0,493,0,1.0,0.931,0.964,0.0,1.762,2.513
1784632050.5030107,6677,0,493,0,1.0,0.931,0.964,0.0,1.762,2.515
1784632050.521181,6687,0,493,0,1.0,0.931,0.964,0.0,1.762,2.516
1784632050.5342052,6697,0,493,0,1.0,0.931,0.964,0.0,1.762,2.518
1784632050.546906,6707,0,493,0,1.0,0.932,0.965,0.0,1.762,2.519
1784632050.5594022,6717,0,493,0,1.0,0.932,0.965,0.0,1.762,2.521
1784632050.5820982,6727,0,493,0,1.0,0.932,0.965,0.0,1.762,2.522
1784632050.6044338,6737,0,493,0,1.0,0.932,0.965,0.0,1.761,2.524
1784632050.6164155,6747,0,493,0,1.0,0.932,0.965,0.0,1.761,2.525
1784632050.628611,6757,0,493,0,1.0,0.932,0.965,0.0,1.761,2.527
1784632050.651532,6767,0,493,0,1.0,0.932,0.965,0.0,1.761,2.528
1784632050.6696284,6777,0,493,0,1.0,0.932,0.965,0.0,1.761,2.53
1784632050.6826985,6787,0,493,0,1.0,0.932,0.965,0.0,1.761,2.532
1784632050.7014334,6797,0,493,0,1.0,0.932,0.965,0.0,1.761,2.531
1784632050.7359493,6807,0,493,0,1.0,0.932,0.965,0.0,1.761,2.53
1784632050.7526798,6817,0,493,0,1.0,0.933,0.965,0.0,1.76,2.528
1784632050.7669575,6827,0,493,0,1.0,0.933,0.965,0.0,1.76,2.527
1784632050.7808373,6837,0,493,0,1.0,0.933,0.965,0.0,1.759,2.526
1784632050.7958958,6847,0,493,0,1.0,0.933,0.965,0.0,1.757,2.525
1784632050.8091588,6857,0,493,0,1.0,0.933,0.965,0.0,1.756,2.523
1784632050.8414707,6867,0,493,0,1.0,0.933,0.965,0.0,1.754,2.522
1784632050.8720753,6877,0,493,0,1.0,0.933,0.965,0.0,1.752,2.525
1784632050.8901322,6887,0,493,0,1.0,0.933,0.965,0.0,1.753,2.544
1784632050.9079282,6897,0,493,0,1.0,0.933,0.965,0.0,1.754,2.563
1784632050.9210827,6907,0,493,0,1.0,0.933,0.966,0.0,1.755,2.582
1784632050.9357898,6917,0,493,0,1.0,0.933,0.966,0.0,1.756,2.601
1784632050.9449236,6920,0,500,0,1.0,0.933,0.965,0.0,1.758,2.607
1784632050.9455492,6920,0,510,0,1.0,0.931,0.964,0.0,1.759,2.607
1784632050.9458623,6920,0,520,0,1.0,0.93,0.964,0.0,1.76,2.607
1784632050.9461482,6920,0,530,0,1.0,0.929,0.963,0.0,1.76,2.607
1784632050.946542,6920,0,540,0,1.0,0.928,0.962,0.0,1.761,2.607
1784632050.946825,6920,0,550,0,1.0,0.926,0.962,0.0,1.762,2.607
1784632050.9470346,6920,0,560,0,1.0,0.925,0.961,0.0,1.76,2.607
1784632050.9472325,6920,0,570,0,1.0,0.924,0.96,0.0,1.758,2.607
1784632050.9474583,6920,0,580,0,1.0,0.923,0.96,0.0,1.755,2.607
1784632050.9477086,6920,0,590,0,1.0,0.921,0.959,0.0,1.753,2.607
1784632050.9479322,6920,0,600,0,1.0,0.92,0.958,0.0,1.751,2.607
1784632050.9481275,6920,0,610,0,1.0,0.919,0.958,0.0,1.748,2.607
1784632050.9483202,6920,0,620,0,1.0,0.918,0.957,0.0,1.746,2.607
1784632050.9485433,6920,0,630,0,1.0,0.917,0.956,0.0,1.744,2.607
1784632050.9487476,6920,0,640,0,1.0,0.915,0.956,0.0,1.741,2.607
1784632050.9489822,6920,0,650,0,1.0,0.914,0.955,0.0,1.739,2.607
1784632050.949172,6920,0,660,0,1.0,0.913,0.954,0.0,1.737,2.607
1784632050.9493906,6920,0,670,0,1.0,0.912,0.954,0.0,1.735,2.607
1784632050.949591,6920,0,680,0,1.0,0.911,0.953,0.0,1.732,2.607
1784632050.9498088,6920,0,690,0,1.0,0.909,0.953,0.0,1.73,2.607
1784632050.9499981,6920,0,700,0,1.0,0.908,0.952,0.0,1.728,2.607
1784632050.9501865,6920,0,710,0,1.0,0.907,0.951,0.0,1.725,2.607
1784632050.9504027,6920,0,720,0,1.0,0.906,0.951,0.0,1.723,2.607
1784632050.950674,6920,0,730,0,1.0,0.905,0.95,0.0,1.721,2.607
1784632050.950868,6920,0,740,0,1.0,0.903,0.949,0.0,1.719,2.607
1784632050.9510577,6920,0,750,0,1.0,0.902,0.949,0.0,1.716,2.607
1784632050.9512482,6920,0,760,0,1.0,0.901,0.948,0.0,1.714,2.607
1784632050.9514904,6920,0,770,0,1.0,0.9,0.947,0.0,1.712,2.607
1784632050.9517322,6920,0,780,0,1.0,0.899,0.947,0.0,1.71,2.607
1784632050.9519525,6920,0,790,0,1.0,0.898,0.946,0.0,1.708,2.607
1784632050.9521403,6920,0,800,0,1.0,0.896,0.945,0.0,1.705,2.607
1784632050.9523575,6920,0,810,0,1.0,0.895,0.945,0.0,1.703,2.607
1784632050.952547,6920,0,820,0,1.0,0.894,0.944,0.0,1.701,2.607
1784632050.9527469,6920,0,830,0,1.0,0.893,0.943,0.0,1.699,2.607
1784632050.9529674,6920,0,840,0,1.0,0.892,0.943,0.0,1.697,2.607
1784632050.9531574,6920,0,850,0,1.0,0.891,0.942,0.0,1.694,2.607
1784632050.953374,6920,0,860,0,1.0,0.889,0.941,0.0,1.692,2.607
1784632050.9535644,6920,0,870,0,1.0,0.888,0.941,0.0,1.69,2.607
1784632050.9538202,6920,0,880,0,1.0,0.887,0.94,0.0,1.688,2.607
1784632050.95404,6920,0,890,0,1.0,0.886,0.94,0.0,1.686,2.607
1784632050.9542294,6920,0,900,0,1.0,0.885,0.939,0.0,1.684,2.607
1784632050.9544907,6920,0,910,0,1.0,0.884,0.938,0.0,1.681,2.607
1784632050.9546914,6920,0,920,0,1.0,0.883,0.938,0.0,1.679,2.607
1784632050.9549227,6920,0,930,0,1.0,0.882,0.937,0.0,1.677,2.607
1784632050.9551277,6920,0,940,0,1.0,0.88,0.936,0.0,1.675,2.607
1784632050.955349,6920,0,950,0,1.0,0.879,0.936,0.0,1.673,2.607
1784632050.9557927,6920,0,960,0,1.0,0.878,0.935,0.0,1.671,2.607
1784632050.9559982,6920,0,970,0,1.0,0.877,0.935,0.0,1.669,2.607
1784632050.9561918,6920,0,980,0,1.0,0.876,0.934,0.0,1.666,2.607
1784632050.956473,6920,0,990,0,1.0,0.875,0.933,0.0,1.664,2.607
1784632050.9566755,6920,0,1000,0,1.0,0.874,0.933,0.0,1.662,2.607
1784632050.9568672,6920,0,1010,0,1.0,0.873,0.932,0.0,1.66,2.607
1784632050.957056,6920,0,1020,0,1.0,0.872,0.931,0.0,1.658,2.607
1784632050.9572456,6920,0,1030,0,1.0,0.87,0.931,0.0,1.656,2.607
1784632050.95747,6920,0,1040,0,1.0,0.869,0.93,0.0,1.654,2.607
1784632050.9576707,6920,0,1050,0,1.0,0.868,0.929,0.0,1.652,2.607
1784632050.9579813,6920,0,1060,0,1.0,0.867,0.929,0.0,1.65,2.607
1784632050.9582117,6920,0,1070,0,1.0,0.866,0.928,0.0,1.648,2.607
1784632050.9584208,6920,0,1080,0,1.0,0.865,0.928,0.0,1.646,2.607
1784632050.9586337,6920,0,1090,0,1.0,0.864,0.927,0.0,1.644,2.607
1784632050.9588912,6920,0,1100,0,1.0,0.863,0.926,0.0,1.642,2.607
1784632050.9590895,6920,0,1110,0,1.0,0.862,0.926,0.0,1.64,2.607
1784632050.959286,6920,0,1120,0,1.0,0.861,0.925,0.0,1.637,2.607
1784632050.959482,6920,0,1130,0,1.0,0.86,0.925,0.0,1.635,2.607
1784632050.9596884,6920,0,1140,0,1.0,0.859,0.924,0.0,1.633,2.607
1784632050.9599233,6920,0,1150,0,1.0,0.857,0.923,0.0,1.631,2.607
1784632050.9601305,6920,0,1160,0,1.0,0.856,0.923,0.0,1.629,2.607
1784632050.9603624,6920,0,1170,0,1.0,0.855,0.922,0.0,1.627,2.607
1784632050.9605603,6920,0,1180,0,1.0,0.854,0.921,0.0,1.625,2.607
1784632050.9607687,6920,0,1190,0,1.0,0.853,0.921,0.0,1.623,2.607
1784632050.9609652,6920,0,1200,0,1.0,0.852,0.92,0.0,1.621,2.607
1784632050.9611573,6920,0,1210,0,1.0,0.851,0.92,0.0,1.619,2.607
1784632050.9613903,6920,0,1220,0,1.0,0.85,0.919,0.0,1.617,2.607
1784632050.9615948,6920,0,1230,0,1.0,0.849,0.918,0.0,1.615,2.607
1784632050.9618514,6920,0,1240,0,1.0,0.848,0.918,0.0,1.613,2.607
1784632050.962046,6920,0,1250,0,1.0,0.847,0.917,0.0,1.611,2.607
1784632050.962265,6920,0,1260,0,1.0,0.846,0.917,0.0,1.609,2.607
1784632050.9624908,6920,0,1270,0,1.0,0.845,0.916,0.0,1.608,2.607
1784632050.9629557,6920,0,1280,0,1.0,0.844,0.915,0.0,1.606,2.607
1784632050.9631748,6920,0,1290,0,1.0,0.843,0.915,0.0,1.604,2.607
1784632050.9634106,6920,0,1300,0,1.0,0.842,0.914,0.0,1.602,2.607
1784632050.963621,6920,0,1310,0,1.0,0.841,0.914,0.0,1.6,2.607
1784632050.9638789,6920,0,1320,0,1.0,0.84,0.913,0.0,1.598,2.607
1784632050.9640934,6920,0,1330,0,1.0,0.839,0.912,0.0,1.596,2.607
1784632050.964325,6920,0,1340,0,1.0,0.838,0.912,0.0,1.594,2.607
1784632050.964522,6920,0,1350,0,1.0,0.837,0.911,0.0,1.592,2.607
1784632050.9647892,6920,0,1360,0,1.0,0.836,0.911,0.0,1.59,2.607
1784632050.9650104,6920,0,1370,0,1.0,0.835,0.91,0.0,1.589,2.607
1784632050.9652317,6920,0,1380,0,1.0,0.834,0.909,0.0,1.589,2.607
1784632050.9654427,6920,0,1390,0,1.0,0.833,0.909,0.0,1.59,2.607
1784632050.9656484,6920,0,1400,0,1.0,0.832,0.908,0.0,1.59,2.607
1784632050.9658945,6920,0,1410,0,1.0,0.831,0.908,0.0,1.591,2.607
1784632050.9660919,6920,0,1420,0,1.0,0.83,0.907,0.0,1.591,2.607
1784632050.9663248,6920,0,1430,0,1.0,0.829,0.906,0.0,1.592,2.607
1784632050.9665225,6920,0,1440,0,1.0,0.828,0.906,0.0,1.593,2.607
1784632050.966734,6920,0,1450,0,1.0,0.827,0.905,0.0,1.593,2.607
1784632050.9671564,6920,0,1460,0,1.0,0.826,0.905,0.0,1.594,2.607
1784632050.9673607,6920,0,1470,0,1.0,0.825,0.904,0.0,1.594,2.607
1784632050.967558,6920,0,1480,0,1.0,0.824,0.903,0.0,1.595,2.607
1784632050.967826,6920,0,1490,0,1.0,0.823,0.903,0.0,1.596,2.607
1784632050.9680245,6920,0,1500,0,1.0,0.822,0.902,0.0,1.596,2.607
1784632050.9682553,6920,0,1510,0,1.0,0.821,0.902,0.0,1.597,2.607
1784632050.9684498,6920,0,1520,0,1.0,0.82,0.901,0.0,1.598,2.607
1784632050.968654,6920,0,1530,0,1.0,0.819,0.9,0.0,1.598,2.607
1784632050.968911,6920,0,1540,0,1.0,0.818,0.9,0.0,1.599,2.607
1784632050.9691072,6920,0,1550,0,1.0,0.817,0.899,0.0,1.6,2.607
1784632050.9693046,6920,0,1560,0,1.0,0.816,0.899,0.0,1.6,2.607
1784632050.9695017,6920,0,1570,0,1.0,0.815,0.898,0.0,1.601,2.607
1784632050.9697137,6920,0,1580,0,1.0,0.814,0.898,0.0,1.602,2.607
1784632050.9699118,6920,0,1590,0,1.0,0.813,0.897,0.0,1.603,2.607
1784632050.9701052,6920,0,1600,0,1.0,0.812,0.896,0.0,1.603,2.607
1784632050.97034,6920,0,1610,0,1.0,0.811,0.896,0.0,1.604,2.607
1784632050.9705324,6920,0,1620,0,1.0,0.81,0.895,0.0,1.605,2.607
1784632050.9707453,6920,0,1630,0,1.0,0.809,0.895,0.0,1.605,2.607
1784632050.9709454,6920,0,1640,0,1.0,0.808,0.894,0.0,1.606,2.607
1784632050.9711437,6920,0,1650,0,1.0,0.807,0.893,0.0,1.607,2.607
1784632050.9713726,6920,0,1660,0,1.0,0.807,0.893,0.0,1.608,2.607
1784632050.9715667,6920,0,1670,0,1.0,0.806,0.892,0.0,1.608,2.607
1784632050.971813,6920,0,1680,0,1.0,0.805,0.892,0.0,1.609,2.607
1784632050.972027,6920,0,1690,0,1.0,0.804,0.891,0.0,1.61,2.607
1784632050.9722567,6920,0,1700,0,1.0,0.803,0.891,0.0,1.611,2.607
1784632050.9724526,6920,0,1710,0,1.0,0.802,0.89,0.0,1.611,2.607
1784632050.9726808,6920,0,1720,0,1.0,0.801,0.889,0.0,1.612,2.607
1784632050.9728951,6920,0,1730,0,1.0,0.8,0.889,0.0,1.613,2.607
1784632050.9730914,6920,0,1740,0,1.0,0.799,0.888,0.0,1.614,2.607
1784632050.9732857,6920,0,1750,0,1.0,0.798,0.888,0.0,1.615,2.607
1784632050.9734812,6920,0,1760,0,1.0,0.797,0.887,0.0,1.615,2.607
1784632050.97385,6920,0,1770,0,1.0,0.796,0.887,0.0,1.616,2.607
1784632050.9743073,6920,0,1780,0,1.0,0.795,0.886,0.0,1.617,2.607
1784632050.9746652,6920,0,1790,0,1.0,0.794,0.885,0.0,1.618,2.607
1784632050.9750452,6920,0,1800,0,1.0,0.794,0.885,0.0,1.619,2.607
1784632050.9754167,6920,0,1810,0,1.0,0.793,0.884,0.0,1.619,2.607
1784632050.9760983,6920,0,1820,0,1.0,0.792,0.884,0.0,1.62,2.607
1784632050.9764504,6920,0,1830,0,1.0,0.791,0.883,0.0,1.621,2.607
1784632050.9767616,6920,0,1840,0,1.0,0.79,0.883,0.0,1.622,2.607
1784632050.976976,6920,0,1850,0,1.0,0.789,0.882,0.0,1.623,2.607
1784632050.9772155,6920,0,1860,0,1.0,0.788,0.882,0.0,1.623,2.607
1784632050.977419,6920,0,1870,0,1.0,0.787,0.881,0.0,1.624,2.607
1784632050.9776752,6920,0,1880,0,1.0,0.786,0.88,0.0,1.625,2.607
1784632050.9779174,6920,0,1890,0,1.0,0.785,0.88,0.0,1.624,2.607
1784632050.9781244,6920,0,1900,0,1.0,0.785,0.879,0.0,1.622,2.607
1784632050.978357,6920,0,1910,0,1.0,0.784,0.879,0.0,1.62,2.607
1784632050.9786408,6920,0,1920,0,1.0,0.783,0.878,0.0,1.618,2.607
1784632050.9788558,6920,0,1930,0,1.0,0.782,0.878,0.0,1.616,2.607
1784632050.9790597,6920,0,1940,0,1.0,0.781,0.877,0.0,1.615,2.607
1784632050.9793098,6920,0,1950,0,1.0,0.78,0.877,0.0,1.613,2.607
1784632050.97951,6920,0,1960,0,1.0,0.779,0.876,0.0,1.611,2.607
1784632050.9797196,6920,0,1970,0,1.0,0.778,0.875,0.0,1.609,2.607
1784632050.9799252,6920,0,1980,0,1.0,0.778,0.875,0.0,1.607,2.607
1784632050.9801257,6920,0,1990,0,1.0,0.777,0.874,0.0,1.606,2.607
1784632050.980326,6920,0,2000,0,1.0,0.776,0.874,0.0,1.604,2.607
1784632050.9805286,6920,0,2010,0,1.0,0.775,0.873,0.0,1.602,2.607
1784632050.980799,6920,0,2020,0,1.0,0.774,0.873,0.0,1.6,2.607
1784632050.9810026,6920,0,2030,0,1.0,0.773,0.872,0.0,1.598,2.607
1784632050.9812362,6920,0,2040,0,1.0,0.772,0.872,0.0,1.597,2.607
1784632050.9814396,6920,0,2050,0,1.0,0.771,0.871,0.0,1.595,2.607
1784632050.9816532,6920,0,2060,0,1.0,0.771,0.87,0.0,1.593,2.607
1784632050.9818614,6920,0,2070,0,1.0,0.77,0.87,0.0,1.591,2.607
1784632050.982065,6920,0,2080,0,1.0,0.769,0.869,0.0,1.59,2.607
1784632050.9822993,6920,0,2090,0,1.0,0.768,0.869,0.0,1.588,2.607
1784632050.982502,6920,0,2100,0,1.0,0.767,0.868,0.0,1.586,2.607
1784632050.9827628,6920,0,2110,0,1.0,0.766,0.868,0.0,1.584,2.607
1784632050.9829671,6920,0,2120,0,1.0,0.765,0.867,0.0,1.583,2.607
1784632050.983168,6920,0,2130,0,1.0,0.765,0.867,0.0,1.581,2.607
1784632050.9833682,6920,0,2140,0,1.0,0.764,0.866,0.0,1.579,2.607
1784632050.9835675,6920,0,2150,0,1.0,0.763,0.866,0.0,1.577,2.607
1784632050.9838107,6920,0,2160,0,1.0,0.762,0.865,0.0,1.576,2.607
1784632050.984012,6920,0,2170,0,1.0,0.761,0.864,0.0,1.574,2.607
1784632050.9842436,6920,0,2180,0,1.0,0.76,0.864,0.0,1.572,2.607
1784632050.9844444,6920,0,2190,0,1.0,0.76,0.863,0.0,1.57,2.607
1784632050.9846554,6920,0,2200,0,1.0,0.759,0.863,0.0,1.569,2.607
1784632050.9849136,6920,0,2210,0,1.0,0.758,0.862,0.0,1.567,2.607
1784632050.985115,6920,0,2220,0,1.0,0.757,0.862,0.0,1.565,2.607
1784632050.9853752,6920,0,2230,0,1.0,0.756,0.861,0.0,1.564,2.607
1784632050.9855735,6920,0,2240,0,1.0,0.755,0.861,0.0,1.562,2.607
1784632050.9858153,6920,0,2250,0,1.0,0.755,0.86,0.0,1.56,2.607
1784632050.9860184,6920,0,2260,0,1.0,0.754,0.86,0.0,1.558,2.607
1784632050.986219,6920,0,2270,0,1.0,0.753,0.859,0.0,1.557,2.607
1784632050.9864197,6920,0,2280,0,1.0,0.752,0.859,0.0,1.555,2.607
1784632050.9866643,6920,0,2290,0,1.0,0.751,0.858,0.0,1.553,2.607
1784632050.986869,6920,0,2300,0,1.0,0.751,0.857,0.0,1.552,2.607
1784632050.9870732,6920,0,2310,0,1.0,0.75,0.857,0.0,1.55,2.607
1784632050.9872756,6920,0,2320,0,1.0,0.749,0.856,0.0,1.548,2.607
1784632050.9874768,6920,0,2330,0,1.0,0.748,0.856,0.0,1.547,2.607
1784632050.9877195,6920,0,2340,0,1.0,0.747,0.855,0.0,1.545,2.607
1784632050.9879215,6920,0,2350,0,1.0,0.746,0.855,0.0,1.543,2.607
1784632050.9881518,6920,0,2360,0,1.0,0.746,0.854,0.0,1.542,2.607
1784632050.988355,6920,0,2370,0,1.0,0.745,0.854,0.0,1.54,2.607
1784632050.9885588,6920,0,2380,0,1.0,0.744,0.853,0.0,1.538,2.607
1784632050.988818,6920,0,2390,0,1.0,0.743,0.853,0.0,1.537,2.607
1784632050.989023,6920,0,2400,0,1.0,0.742,0.852,0.0,1.535,2.607
1784632050.9894629,6920,0,2410,0,1.0,0.742,0.852,0.0,1.533,2.607
1784632050.98979,6920,0,2420,0,1.0,0.741,0.851,0.0,1.532,2.607
1784632050.9900112,6920,0,2430,0,1.0,0.74,0.851,0.0,1.53,2.607
1784632050.9902215,6920,0,2440,0,1.0,0.739,0.85,0.0,1.528,2.607
1784632050.9904256,6920,0,2450,0,1.0,0.739,0.85,0.0,1.527,2.607
1784632050.990642,6920,0,2460,0,1.0,0.738,0.849,0.0,1.525,2.607
1784632050.9908485,6920,0,2470,0,1.0,0.737,0.849,0.0,1.524,2.607
1784632050.9910533,6920,0,2480,0,1.0,0.736,0.848,0.0,1.522,2.607
1784632051.0968666,6920,0,2490,0,1.0,0.735,0.848,0.0,1.52,2.607
1784632051.0973685,6920,0,2500,0,1.0,0.735,0.847,0.0,1.519,2.607
1784632051.0977619,6920,0,2510,0,1.0,0.734,0.846,0.0,1.517,2.607
1784632051.098057,6920,0,2520,0,1.0,0.733,0.846,0.0,1.516,2.607
1784632051.208436,6920,0,2530,0,1.0,0.732,0.845,0.0,1.514,2.607
1784632051.2088,6920,0,2540,0,1.0,0.732,0.845,0.0,1.512,2.607
1784632051.3120093,6920,0,2550,0,1.0,0.731,0.844,0.0,1.511,2.607
1784632051.3124342,6920,0,2560,0,1.0,0.73,0.844,0.0,1.509,2.607
1784632051.312772,6920,0,2570,0,1.0,0.729,0.843,0.0,1.508,2.607
1784632051.4180958,6920,0,2580,0,1.0,0.728,0.843,0.0,1.506,2.607
1784632051.418646,6920,0,2590,0,1.0,0.728,0.842,0.0,1.504,2.607
1784632051.4193141,6920,0,2600,0,1.0,0.727,0.842,0.0,1.503,2.607
1784632051.523496,6920,0,2610,0,1.0,0.726,0.841,0.0,1.501,2.607
1784632051.523882,6920,0,2620,0,1.0,0.725,0.841,0.0,1.5,2.607
1784632051.5241578,6920,0,2630,0,1.0,0.725,0.84,0.0,1.498,2.607
1784632051.634123,6921,0,2639,0,1.0,0.724,0.84,0.0,1.497,2.607
1784632051.6562934,6931,0,2639,0,1.0,0.724,0.84,0.0,1.496,2.604
1784632051.6726243,6941,0,2639,0,1.0,0.725,0.84,0.0,1.494,2.6
1784632051.6975358,6951,0,2639,0,1.0,0.725,0.84,0.0,1.493,2.598
1784632051.7171633,6961,0,2639,0,1.0,0.725,0.841,0.0,1.491,2.597
1784632051.7418597,6971,0,2639,0,1.0,0.725,0.841,0.0,1.49,2.596
1784632051.76621,6981,0,2639,0,1.0,0.726,0.841,0.0,1.488,2.595
1784632051.7849505,6991,0,2639,0,1.0,0.726,0.841,0.0,1.487,2.595
1784632051.8017929,7001,0,2639,0,1.0,0.726,0.841,0.0,1.485,2.594
1784632051.8093667,7003,0,2647,0,1.0,0.726,0.841,0.0,1.483,2.594
1784632051.8096776,7003,0,2657,0,1.0,0.725,0.841,0.0,1.482,2.594
1784632051.809958,7003,0,2667,0,1.0,0.724,0.84,0.0,1.48,2.594
1784632051.810185,7003,0,2677,0,1.0,0.723,0.84,0.0,1.479,2.594
1784632051.918868,7003,0,2687,0,1.0,0.723,0.839,0.0,1.477,2.594
1784632051.9193728,7003,0,2697,0,1.0,0.722,0.839,0.0,1.476,2.594
1784632051.9196653,7003,0,2707,0,1.0,0.721,0.838,0.0,1.474,2.594
1784632052.0290647,7003,0,2717,0,1.0,0.72,0.838,0.0,1.473,2.594
1784632052.0297458,7003,0,2727,0,1.0,0.72,0.837,0.0,1.471,2.594
1784632052.1323273,7003,0,2737,0,1.0,0.719,0.837,0.0,1.47,2.594
1784632052.1337805,7003,0,2747,0,1.0,0.718,0.836,0.0,1.468,2.594
1784632052.241851,7003,0,2757,0,1.0,0.718,0.836,0.0,1.467,2.594
1784632052.2426155,7003,0,2767,0,1.0,0.717,0.835,0.0,1.465,2.594
1784632052.3492582,7003,0,2777,0,1.0,0.716,0.835,0.0,1.464,2.594
1784632052.3500602,7003,0,2787,0,1.0,0.715,0.834,0.0,1.462,2.594
1784632052.3509338,7003,0,2797,0,1.0,0.715,0.834,0.0,1.461,2.594
1784632052.4540823,7003,0,2807,0,1.0,0.714,0.833,0.0,1.459,2.594
1784632052.454831,7003,0,2817,0,1.0,0.713,0.833,0.0,1.458,2.594
1784632052.6049795,7010,0,2820,0,1.0,0.713,0.833,0.0,1.456,2.593
1784632052.6534266,7020,0,2820,0,1.0,0.713,0.833,0.0,1.455,2.593
1784632052.6822784,7030,0,2820,0,1.0,0.714,0.833,0.0,1.453,2.592
1784632052.7133565,7040,0,2820,0,1.0,0.714,0.833,0.0,1.452,2.592
1784632052.7410865,7050,0,2820,0,1.0,0.714,0.833,0.0,1.45,2.591
1784632052.7655385,7060,0,2820,0,1.0,0.715,0.834,0.0,1.449,2.59
1784632052.788307,7070,0,2820,0,1.0,0.715,0.834,0.0,1.447,2.59
1784632052.8053617,7080,0,2820,0,1.0,0.715,0.834,0.0,1.446,2.589
1784632052.8290138,7090,0,2820,0,1.0,0.715,0.834,0.0,1.445,2.588
1784632052.85066,7100,0,2820,0,1.0,0.716,0.834,0.0,1.443,2.587
1784632052.8641684,7110,0,2820,0,1.0,0.716,0.835,0.0,1.442,2.586
1784632052.8935375,7120,0,2820,0,1.0,0.716,0.835,0.0,1.44,2.586
1784632052.9145067,7130,0,2820,0,1.0,0.717,0.835,0.0,1.439,2.585
1784632052.935796,7140,0,2820,0,1.0,0.717,0.835,0.0,1.437,2.584
1784632052.9530883,7150,0,2820,0,1.0,0.717,0.835,0.0,1.436,2.583
1784632052.96914,7160,0,2820,0,1.0,0.717,0.835,0.0,1.434,2.582
1784632052.9899895,7170,0,2820,0,1.0,0.718,0.836,0.0,1.433,2.581
1784632053.012103,7180,0,2820,0,1.0,0.718,0.836,0.0,1.432,2.58
1784632053.0310493,7190,0,2820,0,1.0,0.718,0.836,0.0,1.43,2.579
1784632053.049224,7200,0,2820,0,1.0,0.719,0.836,0.0,1.429,2.578
1784632053.0664258,7210,0,2820,0,1.0,0.719,0.836,0.0,1.427,2.578
1784632053.0879858,7220,0,2820,0,1.0,0.719,0.837,0.0,1.426,2.577
1784632053.1071043,7230,0,2820,0,1.0,0.719,0.837,0.0,1.424,2.576
1784632053.1260505,7240,0,2820,0,1.0,0.72,0.837,0.0,1.423,2.575
1784632053.1448898,7250,0,2820,0,1.0,0.72,0.837,0.0,1.422,2.575
1784632053.1703055,7260,0,2820,0,1.0,0.72,0.837,0.0,1.42,2.574
1784632053.2035277,7270,0,2820,0,1.0,0.721,0.838,0.0,1.419,2.573
1784632053.278533,7280,0,2820,0,1.0,0.721,0.838,0.0,1.417,2.573
1784632053.317049,7290,0,2820,0,1.0,0.721,0.838,0.0,1.416,2.572
1784632053.330062,7300,0,2820,0,1.0,0.721,0.838,0.0,1.416,2.572
1784632053.3501859,7310,0,2820,0,1.0,0.722,0.838,0.0,1.416,2.571
1784632053.377439,7320,0,2820,0,1.0,0.722,0.838,0.0,1.416,2.571
1784632053.3911312,7330,0,2820,0,1.0,0.722,0.839,0.0,1.416,2.57
1784632053.4122007,7340,0,2820,0,1.0,0.722,0.839,0.0,1.415,2.57
1784632053.4593482,7350,0,2820,0,1.0,0.723,0.839,0.0,1.414,2.569
1784632053.515875,7360,0,2820,0,1.0,0.723,0.839,0.0,1.412,2.569
1784632053.5394962,7370,0,2820,0,1.0,0.723,0.839,0.0,1.411,2.569
1784632053.5724006,7380,0,2820,0,1.0,0.724,0.84,0.0,1.411,2.565
1784632053.5844085,7390,0,2820,0,1.0,0.724,0.84,0.0,1.41,2.565
1784632053.635187,7400,0,2820,0,1.0,0.724,0.84,0.0,1.41,2.561
1784632053.7088363,7410,0,2820,0,1.0,0.724,0.84,0.0,1.41,2.558
1784632053.7928958,7420,0,2820,0,1.0,0.725,0.84,0.0,1.41,2.555
1784632053.835808,7430,0,2820,0,1.0,0.725,0.84,0.0,1.41,2.552
1784632053.870818,7440,0,2820,0,1.0,0.725,0.841,0.0,1.411,2.548
1784632053.9242666,7450,0,2820,0,1.0,0.725,0.841,0.0,1.411,2.545
1784632053.9633362,7460,0,2820,0,1.0,0.726,0.841,0.0,1.411,2.542
1784632054.055231,7470,0,2820,0,1.0,0.726,0.841,0.0,1.411,2.539
1784632054.129183,7480,0,2820,0,1.0,0.726,0.841,0.0,1.411,2.537
1784632054.211256,7490,0,2820,0,1.0,0.726,0.842,0.0,1.412,2.534
1784632054.317707,7500,0,2820,0,1.0,0.727,0.842,0.0,1.412,2.531
1784632054.4088206,7510,0,2820,0,1.0,0.727,0.842,0.0,1.412,2.529
1784632054.48375,7520,0,2820,0,1.0,0.727,0.842,0.0,1.412,2.526
1784632054.558262,7530,0,2820,0,1.0,0.728,0.842,0.0,1.412,2.524
1784632054.5891087,7540,0,2820,0,1.0,0.728,0.842,0.0,1.413,2.522
1784632054.608174,7550,0,2820,0,1.0,0.728,0.843,0.0,1.413,2.519
1784632054.7019954,7560,0,2820,0,1.0,0.728,0.843,0.0,1.413,2.517
1784632054.7437987,7570,0,2820,0,1.0,0.729,0.843,0.0,1.413,2.515
1784632054.7736702,7580,0,2820,0,1.0,0.729,0.843,0.0,1.413,2.513
1784632054.8311033,7590,0,2820,0,1.0,0.729,0.843,0.0,1.414,2.511
1784632054.8765256,7600,0,2820,0,1.0,0.729,0.844,0.0,1.414,2.509
1784632054.9006233,7610,0,2820,0,1.0,0.73,0.844,0.0,1.414,2.507
1784632054.929197,7620,0,2820,0,1.0,0.73,0.844,0.0,1.414,2.506
1784632054.9515598,7630,0,2820,0,1.0,0.73,0.844,0.0,1.414,2.504
1784632054.9719636,7640,0,2820,0,1.0,0.73,0.844,0.0,1.415,2.502
1784632054.9922187,7650,0,2820,0,1.0,0.731,0.844,0.0,1.415,2.5
1784632055.0108855,7660,0,2820,0,1.0,0.731,0.845,0.0,1.415,2.498
1784632055.0378234,7670,0,2820,0,1.0,0.731,0.845,0.0,1.415,2.497
1784632055.0584426,7680,0,2820,0,1.0,0.731,0.845,0.0,1.416,2.495
1784632055.077452,7690,0,2820,0,1.0,0.732,0.845,0.0,1.416,2.493
1784632055.093324,7700,0,2820,0,1.0,0.732,0.845,0.0,1.416,2.491
1784632055.11068,7710,0,2820,0,1.0,0.732,0.845,0.0,1.416,2.49
1784632055.1380374,7720,0,2820,0,1.0,0.732,0.846,0.0,1.416,2.488
1784632055.1693947,7730,0,2820,0,1.0,0.733,0.846,0.0,1.417,2.487
1784632055.1902127,7740,0,2820,0,1.0,0.733,0.846,0.0,1.417,2.485
1784632055.2068083,7750,0,2820,0,1.0,0.733,0.846,0.0,1.417,2.483
1784632055.2256622,7760,0,2820,0,1.0,0.733,0.846,0.0,1.417,2.482
1784632055.2384715,7770,0,2820,0,1.0,0.734,0.846,0.0,1.418,2.48
1784632055.2561152,7780,0,2820,0,1.0,0.734,0.847,0.0,1.418,2.479
1784632055.2755618,7790,0,2820,0,1.0,0.734,0.847,0.0,1.418,2.477
1784632055.3141396,7800,0,2820,0,1.0,0.734,0.847,0.0,1.418,2.476
1784632055.3425758,7810,0,2820,0,1.0,0.735,0.847,0.0,1.419,2.474
1784632055.3671947,7820,0,2820,0,1.0,0.735,0.847,0.0,1.419,2.473
1784632055.3916092,7830,0,2820,0,1.0,0.735,0.847,0.0,1.419,2.471
1784632055.4202278,7840,0,2820,0,1.0,0.735,0.848,0.0,1.419,2.47
1784632055.4467862,7850,0,2820,0,1.0,0.736,0.848,0.0,1.42,2.468
1784632055.4699996,7860,0,2820,0,1.0,0.736,0.848,0.0,1.42,2.467
1784632055.4933805,7870,0,2820,0,1.0,0.736,0.848,0.0,1.42,2.466
1784632055.5225317,7880,0,2820,0,1.0,0.736,0.848,0.0,1.421,2.464
1784632055.5564096,7890,0,2820,0,1.0,0.737,0.848,0.0,1.421,2.463
1784632055.579642,7900,0,2820,0,1.0,0.737,0.849,0.0,1.421,2.462
1784632055.616735,7910,0,2820,0,1.0,0.737,0.849,0.0,1.421,2.461
1784632055.659394,7920,0,2820,0,1.0,0.737,0.849,0.0,1.422,2.459
1784632055.6895885,7930,0,2820,0,1.0,0.738,0.849,0.0,1.422,2.458
1784632055.7150493,7940,0,2820,0,1.0,0.738,0.849,0.0,1.422,2.457
1784632055.751423,7950,0,2820,0,1.0,0.738,0.849,0.0,1.423,2.456
1784632055.775448,7960,0,2820,0,1.0,0.738,0.85,0.0,1.423,2.455
1784632055.8001025,7970,0,2820,0,1.0,0.739,0.85,0.0,1.423,2.454
1784632055.8245406,7980,0,2820,0,1.0,0.739,0.85,0.0,1.424,2.453
1784632055.8478835,7990,0,2820,0,1.0,0.739,0.85,0.0,1.424,2.452
1784632055.8864527,8000,0,2820,0,1.0,0.739,0.85,0.0,1.424,2.451
1784632055.9154432,8010,0,2820,0,1.0,0.74,0.85,0.0,1.425,2.45
1784632055.9445324,8020,0,2820,0,1.0,0.74,0.85,0.0,1.425,2.449
1784632055.9652793,8030,0,2820,0,1.0,0.74,0.851,0.0,1.425,2.448
1784632055.9918396,8040,0,2820,0,1.0,0.74,0.851,0.0,1.426,2.447
1784632056.0169039,8050,0,2820,0,1.0,0.741,0.851,0.0,1.426,2.446
1784632056.041993,8060,0,2820,0,1.0,0.741,0.851,0.0,1.427,2.445
1784632056.0609715,8070,0,2820,0,1.0,0.741,0.851,0.0,1.427,2.444
1784632056.0877533,8080,0,2820,0,1.0,0.741,0.851,0.0,1.427,2.443
1784632056.1100845,8090,0,2820,0,1.0,0.742,0.852,0.0,1.428,2.443
1784632056.1303675,8100,0,2820,0,1.0,0.742,0.852,0.0,1.428,2.442
1784632056.1508822,8110,0,2820,0,1.0,0.742,0.852,0.0,1.428,2.441
1784632056.1696448,8120,0,2820,0,1.0,0.742,0.852,0.0,1.429,2.44
1784632056.1914096,8130,0,2820,0,1.0,0.742,0.852,0.0,1.429,2.44
1784632056.2182102,8140,0,2820,0,1.0,0.743,0.852,0.0,1.43,2.439
1784632056.2384548,8150,0,2820,0,1.0,0.743,0.853,0.0,1.43,2.438
1784632056.2559001,8160,0,2820,0,1.0,0.743,0.853,0.0,1.43,2.437
1784632056.278431,8170,0,2820,0,1.0,0.743,0.853,0.0,1.431,2.437
1784632056.2972996,8180,0,2820,0,1.0,0.744,0.853,0.0,1.431,2.436
1784632056.3206573,8190,0,2820,0,1.0,0.744,0.853,0.0,1.431,2.436
1784632056.3378894,8200,0,2820,0,1.0,0.744,0.853,0.0,1.432,2.435
1784632056.3571143,8210,0,2820,0,1.0,0.744,0.853,0.0,1.432,2.434
1784632056.371274,8220,0,2820,0,1.0,0.745,0.854,0.0,1.433,2.434
1784632056.3907156,8230,0,2820,0,1.0,0.745,0.854,0.0,1.433,2.433
1784632056.4105403,8240,0,2820,0,1.0,0.745,0.854,0.0,1.434,2.432
1784632056.4344888,8250,0,2820,0,1.0,0.745,0.854,0.0,1.434,2.432
1784632056.4594479,8260,0,2820,0,1.0,0.745,0.854,0.0,1.434,2.431
1784632056.478515,8270,0,2820,0,1.0,0.746,0.854,0.0,1.434,2.431
1784632056.4955242,8280,0,2820,0,1.0,0.746,0.854,0.0,1.435,2.43
1784632056.512453,8290,0,2820,0,1.0,0.746,0.855,0.0,1.435,2.43
1784632056.5309484,8300,0,2820,0,1.0,0.746,0.855,0.0,1.435,2.429
1784632056.5486693,8310,0,2820,0,1.0,0.747,0.855,0.0,1.436,2.429
1784632056.5650122,8320,0,2820,0,1.0,0.747,0.855,0.0,1.436,2.428
1784632056.5805755,8330,0,2820,0,1.0,0.747,0.855,0.0,1.436,2.428
1784632056.5990226,8340,0,2820,0,1.0,0.747,0.855,0.0,1.437,2.427
1784632056.615575,8350,0,2820,0,1.0,0.748,0.856,0.0,1.437,2.427
1784632056.6331232,8360,0,2820,0,1.0,0.748,0.856,0.0,1.437,2.426
1784632056.6530735,8370,0,2820,0,1.0,0.748,0.856,0.0,1.437,2.426
1784632056.6746087,8380,0,2820,0,1.0,0.748,0.856,0.0,1.438,2.425
1784632056.7089088,8390,0,2820,0,1.0,0.748,0.856,0.0,1.438,2.425
1784632056.7382321,8400,0,2820,0,1.0,0.749,0.856,0.0,1.438,2.424
1784632056.775436,8410,0,2820,0,1.0,0.749,0.856,0.0,1.439,2.424
1784632056.7949033,8420,0,2820,0,1.0,0.749,0.857,0.0,1.439,2.424
1784632056.8179789,8430,0,2820,0,1.0,0.749,0.857,0.0,1.439,2.423
1784632056.838485,8440,0,2820,0,1.0,0.75,0.857,0.0,1.44,2.423
1784632056.8588245,8450,0,2820,0,1.0,0.75,0.857,0.0,1.44,2.422
1784632056.8817215,8460,0,2820,0,1.0,0.75,0.857,0.0,1.44,2.422
1784632056.930459,8470,0,2820,0,1.0,0.75,0.857,0.0,1.441,2.422
1784632057.003971,8480,0,2820,0,1.0,0.75,0.857,0.0,1.441,2.422
1784632057.0291116,8490,0,2820,0,1.0,0.751,0.858,0.0,1.441,2.421
1784632057.065217,8500,0,2820,0,1.0,0.751,0.858,0.0,1.442,2.421
1784632057.0843744,8510,0,2820,0,1.0,0.751,0.858,0.0,1.442,2.421
1784632057.1058416,8520,0,2820,0,1.0,0.751,0.858,0.0,1.442,2.421
1784632057.1343462,8530,0,2820,0,1.0,0.752,0.858,0.0,1.442,2.421
1784632057.2015152,8540,0,2820,0,1.0,0.752,0.858,0.0,1.443,2.42
1784632057.2314854,8550,0,2820,0,1.0,0.752,0.858,0.0,1.443,2.42
1784632057.25523,8560,0,2820,0,1.0,0.752,0.859,0.0,1.443,2.419
1784632057.2817066,8570,0,2820,0,1.0,0.752,0.859,0.0,1.444,2.416
1784632057.3134665,8580,0,2820,0,1.0,0.753,0.859,0.0,1.444,2.414
1784632057.349469,8590,0,2820,0,1.0,0.753,0.859,0.0,1.445,2.412
1784632057.3987145,8600,0,2820,0,1.0,0.753,0.859,0.0,1.445,2.409
1784632057.4451714,8610,0,2820,0,1.0,0.753,0.859,0.0,1.446,2.407
1784632057.470288,8620,0,2820,0,1.0,0.753,0.859,0.0,1.446,2.405
1784632057.4863193,8630,0,2820,0,1.0,0.754,0.86,0.0,1.447,2.403
1784632057.5307202,8640,0,2820,0,1.0,0.754,0.86,0.0,1.447,2.401
1784632057.5729382,8650,0,2820,0,1.0,0.754,0.86,0.0,1.448,2.399
1784632057.5959184,8660,0,2820,0,1.0,0.754,0.86,0.0,1.448,2.397
1784632057.610261,8670,0,2820,0,1.0,0.755,0.86,0.0,1.449,2.394
1784632057.6381752,8680,0,2820,0,1.0,0.755,0.86,0.0,1.449,2.392
1784632057.651264,8690,0,2820,0,1.0,0.755,0.86,0.0,1.449,2.39
1784632057.6704433,8700,0,2820,0,1.0,0.755,0.861,0.0,1.45,2.388
1784632057.7211757,8710,0,2820,0,1.0,0.755,0.861,0.0,1.45,2.386
1784632057.7661066,8720,0,2820,0,1.0,0.756,0.861,0.0,1.451,2.385
1784632057.8572943,8730,0,2820,0,1.0,0.756,0.861,0.0,1.451,2.383
1784632057.9043334,8740,0,2820,0,1.0,0.756,0.861,0.0,1.451,2.381
1784632057.9655254,8750,0,2820,0,1.0,0.756,0.861,0.0,1.452,2.379
1784632058.001424,8760,0,2820,0,1.0,0.756,0.861,0.0,1.452,2.378
1784632058.0267558,8770,0,2820,0,1.0,0.757,0.861,0.0,1.453,2.376
1784632058.0564325,8780,0,2820,0,1.0,0.757,0.862,0.0,1.453,2.374
1784632058.0859365,8790,0,2820,0,1.0,0.757,0.862,0.0,1.453,2.373
1784632058.1304967,8800,0,2820,0,1.0,0.757,0.862,0.0,1.454,2.371
1784632058.175994,8810,0,2820,0,1.0,0.758,0.862,0.0,1.454,2.369
1784632058.258491,8820,0,2820,0,1.0,0.758,0.862,0.0,1.454,2.368
1784632058.3287652,8830,0,2820,0,1.0,0.758,0.862,0.0,1.455,2.366
1784632058.360472,8840,0,2820,0,1.0,0.758,0.862,0.0,1.455,2.365
1784632058.4250073,8850,0,2820,0,1.0,0.758,0.863,0.0,1.456,2.364
1784632058.4471428,8860,0,2820,0,1.0,0.759,0.863,0.0,1.456,2.362
1784632058.4639096,8870,0,2820,0,1.0,0.759,0.863,0.0,1.456,2.361
1784632058.4836955,8880,0,2820,0,1.0,0.759,0.863,0.0,1.457,2.36
1784632058.5006776,8890,0,2820,0,1.0,0.759,0.863,0.0,1.457,2.359
1784632058.5253193,8900,0,2820,0,1.0,0.759,0.863,0.0,1.457,2.357
1784632058.5434763,8910,0,2820,0,1.0,0.76,0.863,0.0,1.457,2.356
1784632058.5635226,8920,0,2820,0,1.0,0.76,0.864,0.0,1.458,2.355
1784632058.5881057,8930,0,2820,0,1.0,0.76,0.864,0.0,1.458,2.354
1784632058.6070235,8940,0,2820,0,1.0,0.76,0.864,0.0,1.458,2.352
1784632058.6321666,8950,0,2820,0,1.0,0.76,0.864,0.0,1.459,2.351
1784632058.654235,8960,0,2820,0,1.0,0.761,0.864,0.0,1.459,2.35
1784632058.6759107,8970,0,2820,0,1.0,0.761,0.864,0.0,1.459,2.349
1784632058.6989365,8980,0,2820,0,1.0,0.761,0.864,0.0,1.46,2.348
1784632058.7311492,8990,0,2820,0,1.0,0.761,0.864,0.0,1.46,2.346
1784632058.7526052,9000,0,2820,0,1.0,0.761,0.865,0.0,1.46,2.345
1784632058.7726607,9010,0,2820,0,1.0,0.762,0.865,0.0,1.461,2.344
1784632058.7912517,9020,0,2820,0,1.0,0.762,0.865,0.0,1.461,2.343
1784632058.8144572,9030,0,2820,0,1.0,0.762,0.865,0.0,1.461,2.342
1784632058.8529317,9040,0,2820,0,1.0,0.762,0.865,0.0,1.461,2.341
1784632058.8742712,9050,0,2820,0,1.0,0.762,0.865,0.0,1.462,2.34
1784632058.8968837,9060,0,2820,0,1.0,0.763,0.865,0.0,1.462,2.339
1784632058.9170907,9070,0,2820,0,1.0,0.763,0.865,0.0,1.462,2.338
1784632058.9425569,9080,0,2820,0,1.0,0.763,0.866,0.0,1.462,2.337
1784632058.9621696,9090,0,2820,0,1.0,0.763,0.866,0.0,1.463,2.336
1784632058.9813488,9100,0,2820,0,1.0,0.763,0.866,0.0,1.463,2.335
1784632059.005216,9110,0,2820,0,1.0,0.764,0.866,0.0,1.463,2.334
1784632059.02848,9120,0,2820,0,1.0,0.764,0.866,0.0,1.463,2.333
1784632059.0491407,9130,0,2820,0,1.0,0.764,0.866,0.0,1.464,2.332
1784632059.0718777,9140,0,2820,0,1.0,0.764,0.866,0.0,1.464,2.331
1784632059.087204,9150,0,2820,0,1.0,0.764,0.866,0.0,1.464,2.33
1784632059.1087773,9160,0,2820,0,1.0,0.765,0.867,0.0,1.465,2.329
1784632059.1264899,9170,0,2820,0,1.0,0.765,0.867,0.0,1.465,2.328
1784632059.1522958,9180,0,2820,0,1.0,0.765,0.867,0.0,1.465,2.327
1784632059.1725338,9190,0,2820,0,1.0,0.765,0.867,0.0,1.465,2.326
1784632059.1885457,9200,0,2820,0,1.0,0.765,0.867,0.0,1.466,2.325
1784632059.2144454,9210,0,2820,0,1.0,0.766,0.867,0.0,1.466,2.324
1784632059.233795,9220,0,2820,0,1.0,0.766,0.867,0.0,1.466,2.323
1784632059.2521048,9230,0,2820,0,1.0,0.766,0.867,0.0,1.467,2.322
1784632059.2713687,9240,0,2820,0,1.0,0.766,0.868,0.0,1.467,2.321
1784632059.2940323,9250,0,2820,0,1.0,0.766,0.868,0.0,1.467,2.32
1784632059.3118463,9260,0,2820,0,1.0,0.767,0.868,0.0,1.468,2.319
1784632059.3252327,9270,0,2820,0,1.0,0.767,0.868,0.0,1.468,2.318
1784632059.3456702,9280,0,2820,0,1.0,0.767,0.868,0.0,1.468,2.317
1784632059.3665473,9290,0,2820,0,1.0,0.767,0.868,0.0,1.468,2.317
1784632059.3792691,9300,0,2820,0,1.0,0.767,0.868,0.0,1.469,2.316
1784632059.3971562,9310,0,2820,0,1.0,0.768,0.868,0.0,1.469,2.315
1784632059.422005,9320,0,2820,0,1.0,0.768,0.869,0.0,1.469,2.314
1784632059.439222,9330,0,2820,0,1.0,0.768,0.869,0.0,1.47,2.313
1784632059.4565263,9340,0,2820,0,1.0,0.768,0.869,0.0,1.47,2.312
1784632059.4776604,9350,0,2820,0,1.0,0.768,0.869,0.0,1.47,2.312
1784632059.5026834,9360,0,2820,0,1.0,0.768,0.869,0.0,1.47,2.311
1784632059.5327487,9370,0,2820,0,1.0,0.769,0.869,0.0,1.471,2.31
1784632059.5642798,9380,0,2820,0,1.0,0.769,0.869,0.0,1.471,2.309
1784632059.589739,9390,0,2820,0,1.0,0.769,0.869,0.0,1.471,2.309
1784632059.6172729,9400,0,2820,0,1.0,0.769,0.87,0.0,1.471,2.308
1784632059.6392787,9410,0,2820,0,1.0,0.769,0.87,0.0,1.472,2.307
1784632059.6588328,9420,0,2820,0,1.0,0.77,0.87,0.0,1.472,2.307
1784632059.681826,9430,0,2820,0,1.0,0.77,0.87,0.0,1.472,2.306
1784632059.7041736,9440,0,2820,0,1.0,0.77,0.87,0.0,1.472,2.305
1784632059.7282398,9450,0,2820,0,1.0,0.77,0.87,0.0,1.473,2.305
1784632059.757251,9460,0,2820,0,1.0,0.77,0.87,0.0,1.473,2.304
1784632059.789817,9470,0,2820,0,1.0,0.771,0.87,0.0,1.473,2.304
1784632059.8253973,9480,0,2820,0,1.0,0.771,0.871,0.0,1.473,2.303
1784632059.8700314,9490,0,2820,0,1.0,0.771,0.871,0.0,1.474,2.303
1784632059.8918014,9500,0,2820,0,1.0,0.771,0.871,0.0,1.474,2.302
1784632059.9150925,9510,0,2820,0,1.0,0.771,0.871,0.0,1.474,2.302
1784632059.9362397,9520,0,2820,0,1.0,0.771,0.871,0.0,1.474,2.301
1784632059.9592083,9530,0,2820,0,1.0,0.772,0.871,0.0,1.475,2.301
1784632059.978197,9540,0,2820,0,1.0,0.772,0.871,0.0,1.475,2.3
1784632060.0024824,9550,0,2820,0,1.0,0.772,0.871,0.0,1.475,2.3
1784632060.0267882,9560,0,2820,0,1.0,0.772,0.871,0.0,1.475,2.3
1784632060.0514576,9570,0,2820,0,1.0,0.772,0.872,0.0,1.476,2.299
1784632060.075184,9580,0,2820,0,1.0,0.773,0.872,0.0,1.476,2.299
1784632060.0984528,9590,0,2820,0,1.0,0.773,0.872,0.0,1.476,2.298
1784632060.129732,9600,0,2820,0,1.0,0.773,0.872,0.0,1.476,2.298
1784632060.1560624,9610,0,2820,0,1.0,0.773,0.872,0.0,1.477,2.298
1784632060.1820006,9620,0,2820,0,1.0,0.773,0.872,0.0,1.477,2.297
1784632060.2060115,9630,0,2820,0,1.0,0.773,0.872,0.0,1.477,2.297
1784632060.2348921,9640,0,2820,0,1.0,0.774,0.872,0.0,1.477,2.297
1784632060.2555192,9650,0,2820,0,1.0,0.774,0.873,0.0,1.477,2.296
1784632060.2763638,9660,0,2820,0,1.0,0.774,0.873,0.0,1.478,2.296
1784632060.2959247,9670,0,2820,0,1.0,0.774,0.873,0.0,1.478,2.296
1784632060.3230264,9680,0,2820,0,1.0,0.774,0.873,0.0,1.478,2.296
1784632060.3497813,9690,0,2820,0,1.0,0.775,0.873,0.0,1.478,2.295
1784632060.3733222,9700,0,2820,0,1.0,0.775,0.873,0.0,1.478,2.295
1784632060.399078,9710,0,2820,0,1.0,0.775,0.873,0.0,1.478,2.295
1784632060.4313176,9720,0,2820,0,1.0,0.775,0.873,0.0,1.478,2.295
1784632060.493727,9730,0,2820,0,1.0,0.775,0.873,0.0,1.478,2.295
1784632060.6101031,9740,0,2820,0,1.0,0.775,0.874,0.0,1.479,2.295
1784632060.6778624,9750,0,2820,0,1.0,0.776,0.874,0.0,1.479,2.295
1784632060.7308433,9760,0,2820,0,1.0,0.776,0.874,0.0,1.479,2.295
1784632060.78571,9770,0,2820,0,1.0,0.776,0.874,0.0,1.479,2.295
1784632060.875974,9780,0,2820,0,1.0,0.776,0.874,0.0,1.479,2.295
1784632060.9751015,9790,0,2820,0,1.0,0.776,0.874,0.0,1.479,2.296
1784632061.0489168,9800,0,2820,0,1.0,0.777,0.874,0.0,1.479,2.296
1784632061.089042,9810,0,2820,0,1.0,0.777,0.874,0.0,1.479,2.296
1784632061.115977,9820,0,2820,0,1.0,0.777,0.874,0.0,1.479,2.297
1784632061.183598,9830,0,2820,0,1.0,0.777,0.875,0.0,1.479,2.297
1784632061.2117484,9840,0,2820,0,1.0,0.777,0.875,0.0,1.479,2.298
1784632061.2635005,9850,0,2820,0,1.0,0.777,0.875,0.0,1.479,2.298
1784632061.3023653,9860,0,2820,0,1.0,0.778,0.875,0.0,1.479,2.299
1784632061.3755906,9870,0,2820,0,1.0,0.778,0.875,0.0,1.48,2.299
1784632061.428012,9880,0,2820,0,1.0,0.778,0.875,0.0,1.48,2.297
1784632061.5283375,9890,0,2820,0,1.0,0.778,0.875,0.0,1.48,2.296
1784632061.5479224,9900,0,2820,0,1.0,0.778,0.875,0.0,1.481,2.295
1784632061.590771,9910,0,2820,0,1.0,0.778,0.875,0.0,1.481,2.294
1784632061.6254766,9920,0,2820,0,1.0,0.779,0.876,0.0,1.482,2.292
1784632061.6473188,9930,0,2820,0,1.0,0.779,0.876,0.0,1.482,2.291
1784632061.7179048,9940,0,2820,0,1.0,0.779,0.876,0.0,1.483,2.29
1784632061.7479718,9950,0,2820,0,1.0,0.779,0.876,0.0,1.483,2.289
1784632061.8026872,9960,0,2820,0,1.0,0.779,0.876,0.0,1.483,2.288
1784632061.8393393,9970,0,2820,0,1.0,0.78,0.876,0.0,1.484,2.287
1784632061.9189036,9980,0,2820,0,1.0,0.78,0.876,0.0,1.484,2.286
1784632061.9544024,9990,0,2820,0,1.0,0.78,0.876,0.0,1.484,2.285
1784632061.98827,10000,0,2820,0,1.0,0.78,0.876,0.0,1.485,2.284
1784632062.0640657,10010,0,2820,0,1.0,0.78,0.877,0.0,1.485,2.283
1784632062.1229346,10020,0,2820,0,1.0,0.78,0.877,0.0,1.485,2.283
1784632062.1402924,10030,0,2820,0,1.0,0.781,0.877,0.0,1.486,2.282
1784632062.1584437,10040,0,2820,0,1.0,0.781,0.877,0.0,1.486,2.281
1784632062.1784883,10050,0,2820,0,1.0,0.781,0.877,0.0,1.486,2.28
1784632062.2037296,10060,0,2820,0,1.0,0.781,0.877,0.0,1.487,2.28
1784632062.2259924,10070,0,2820,0,1.0,0.781,0.877,0.0,1.487,2.279
1784632062.2479258,10080,0,2820,0,1.0,0.781,0.877,0.0,1.488,2.278
1784632062.2635162,10090,0,2820,0,1.0,0.782,0.877,0.0,1.488,2.278
1784632062.2784956,10100,0,2820,0,1.0,0.782,0.877,0.0,1.488,2.277
1784632062.2945824,10110,0,2820,0,1.0,0.782,0.878,0.0,1.489,2.277
1784632062.311446,10120,0,2820,0,1.0,0.782,0.878,0.0,1.489,2.276
1784632062.3286996,10130,0,2820,0,1.0,0.782,0.878,0.0,1.489,2.275
1784632062.3594463,10140,0,2820,0,1.0,0.782,0.878,0.0,1.489,2.275
1784632062.3833792,10150,0,2820,0,1.0,0.783,0.878,0.0,1.49,2.274
1784632062.4061785,10160,0,2820,0,1.0,0.783,0.878,0.0,1.49,2.274
1784632062.4330971,10170,0,2820,0,1.0,0.783,0.878,0.0,1.49,2.273
1784632062.4640074,10180,0,2820,0,1.0,0.783,0.878,0.0,1.491,2.272
1784632062.4912958,10190,0,2820,0,1.0,0.783,0.878,0.0,1.491,2.272
1784632062.5135767,10200,0,2820,0,1.0,0.783,0.879,0.0,1.491,2.271
1784632062.5315127,10210,0,2820,0,1.0,0.784,0.879,0.0,1.492,2.271
1784632062.5502756,10220,0,2820,0,1.0,0.784,0.879,0.0,1.492,2.27
1784632062.5703402,10230,0,2820,0,1.0,0.784,0.879,0.0,1.492,2.27
1784632062.5961554,10240,0,2820,0,1.0,0.784,0.879,0.0,1.493,2.269
1784632062.6243317,10250,0,2820,0,1.0,0.784,0.879,0.0,1.493,2.269
1784632062.647768,10260,0,2820,0,1.0,0.784,0.879,0.0,1.493,2.269
1784632062.6735349,10270,0,2820,0,1.0,0.785,0.879,0.0,1.494,2.268
1784632062.7037914,10280,0,2820,0,1.0,0.785,0.879,0.0,1.494,2.268
1784632062.7295425,10290,0,2820,0,1.0,0.785,0.879,0.0,1.494,2.267
1784632062.7575724,10300,0,2820,0,1.0,0.785,0.88,0.0,1.495,2.267
1784632062.7737174,10310,0,2820,0,1.0,0.785,0.88,0.0,1.495,2.266
1784632062.790591,10320,0,2820,0,1.0,0.785,0.88,0.0,1.495,2.266
1784632062.8127885,10330,0,2820,0,1.0,0.786,0.88,0.0,1.496,2.266
1784632062.8367496,10340,0,2820,0,1.0,0.786,0.88,0.0,1.496,2.265
1784632062.870084,10350,0,2820,0,1.0,0.786,0.88,0.0,1.496,2.265
1784632062.891242,10360,0,2820,0,1.0,0.786,0.88,0.0,1.497,2.265
1784632062.9163322,10370,0,2820,0,1.0,0.786,0.88,0.0,1.497,2.264
1784632062.9416502,10380,0,2820,0,1.0,0.786,0.88,0.0,1.497,2.264
1784632062.9673097,10390,0,2820,0,1.0,0.787,0.881,0.0,1.498,2.264
1784632062.9933863,10400,0,2820,0,1.0,0.787,0.881,0.0,1.498,2.264
1784632063.018723,10410,0,2820,0,1.0,0.787,0.881,0.0,1.498,2.263
1784632063.0405734,10420,0,2820,0,1.0,0.787,0.881,0.0,1.499,2.263
1784632063.072983,10430,0,2820,0,1.0,0.787,0.881,0.0,1.499,2.263
1784632063.0937915,10440,0,2820,0,1.0,0.787,0.881,0.0,1.499,2.263
1784632063.1106455,10450,0,2820,0,1.0,0.787,0.881,0.0,1.5,2.262
1784632063.1291468,10460,0,2820,0,1.0,0.788,0.881,0.0,1.5,2.262
1784632063.155428,10470,0,2820,0,1.0,0.788,0.881,0.0,1.5,2.262
1784632063.1806405,10480,0,2820,0,1.0,0.788,0.881,0.0,1.5,2.262
1784632063.2000985,10490,0,2820,0,1.0,0.788,0.882,0.0,1.501,2.262
1784632063.2201574,10500,0,2820,0,1.0,0.788,0.882,0.0,1.501,2.262
1784632063.239817,10510,0,2820,0,1.0,0.788,0.882,0.0,1.501,2.262
1784632063.2643836,10520,0,2820,0,1.0,0.789,0.882,0.0,1.502,2.261
1784632063.2963018,10530,0,2820,0,1.0,0.789,0.882,0.0,1.502,2.261
1784632063.3282962,10540,0,2820,0,1.0,0.789,0.882,0.0,1.502,2.261
1784632063.3600023,10550,0,2820,0,1.0,0.789,0.882,0.0,1.502,2.261
1784632063.383583,10560,0,2820,0,1.0,0.789,0.882,0.0,1.503,2.261
1784632063.421552,10570,0,2820,0,1.0,0.789,0.882,0.0,1.503,2.261
1784632063.448597,10580,0,2820,0,1.0,0.79,0.882,0.0,1.503,2.261
1784632063.4681838,10590,0,2820,0,1.0,0.79,0.883,0.0,1.503,2.261
1784632063.486302,10600,0,2820,0,1.0,0.79,0.883,0.0,1.504,2.261
1784632063.5089362,10610,0,2820,0,1.0,0.79,0.883,0.0,1.504,2.261
1784632063.5291634,10620,0,2820,0,1.0,0.79,0.883,0.0,1.504,2.261
1784632063.5415967,10630,0,2820,0,1.0,0.79,0.883,0.0,1.504,2.261
1784632063.5543582,10640,0,2820,0,1.0,0.79,0.883,0.0,1.504,2.261
1784632063.5702226,10650,0,2820,0,1.0,0.791,0.883,0.0,1.505,2.261
1784632063.5903726,10660,0,2820,0,1.0,0.791,0.883,0.0,1.505,2.261
1784632063.6082323,10670,0,2820,0,1.0,0.791,0.883,0.0,1.505,2.261
1784632063.6305146,10680,0,2820,0,1.0,0.791,0.883,0.0,1.505,2.261
1784632063.655733,10690,0,2820,0,1.0,0.791,0.883,0.0,1.505,2.261
1784632063.6786063,10700,0,2820,0,1.0,0.791,0.884,0.0,1.506,2.261
1784632063.7108195,10710,0,2820,0,1.0,0.792,0.884,0.0,1.506,2.262
1784632063.7453117,10720,0,2820,0,1.0,0.792,0.884,0.0,1.506,2.262
1784632063.7819872,10730,0,2820,0,1.0,0.792,0.884,0.0,1.506,2.262
1784632063.8274746,10740,0,2820,0,1.0,0.792,0.884,0.0,1.506,2.262
1784632063.8583572,10750,0,2820,0,1.0,0.792,0.884,0.0,1.506,2.262
1784632063.883303,10760,0,2820,0,1.0,0.792,0.884,0.0,1.507,2.262
1784632063.916666,10770,0,2820,0,1.0,0.792,0.884,0.0,1.507,2.262
1784632063.9372478,10780,0,2820,0,1.0,0.793,0.884,0.0,1.507,2.263
1784632063.9593933,10790,0,2820,0,1.0,0.793,0.884,0.0,1.507,2.263
1784632063.9800696,10800,0,2820,0,1.0,0.793,0.885,0.0,1.507,2.263
1784632064.0001712,10810,0,2820,0,1.0,0.793,0.885,0.0,1.507,2.263
1784632064.0249994,10820,0,2820,0,1.0,0.793,0.885,0.0,1.507,2.264
1784632064.0473535,10830,0,2820,0,1.0,0.793,0.885,0.0,1.507,2.264
1784632064.067151,10840,0,2820,0,1.0,0.794,0.885,0.0,1.508,2.264
1784632064.0871172,10850,0,2820,0,1.0,0.794,0.885,0.0,1.508,2.264
1784632064.1062229,10860,0,2820,0,1.0,0.794,0.885,0.0,1.508,2.265
1784632064.1394477,10870,0,2820,0,1.0,0.794,0.885,0.0,1.508,2.265
1784632064.2082095,10880,0,2820,0,1.0,0.794,0.885,0.0,1.508,2.265
1784632064.2755537,10890,0,2820,0,1.0,0.794,0.885,0.0,1.508,2.266
1784632064.3576827,10900,0,2820,0,1.0,0.794,0.885,0.0,1.508,2.266
1784632064.4149053,10910,0,2820,0,1.0,0.795,0.886,0.0,1.508,2.267
1784632064.46158,10920,0,2820,0,1.0,0.795,0.886,0.0,1.508,2.267
1784632064.5130117,10930,0,2820,0,1.0,0.795,0.886,0.0,1.508,2.268
1784632064.5609052,10940,0,2820,0,1.0,0.795,0.886,0.0,1.508,2.268
1784632064.5823607,10950,0,2820,0,1.0,0.795,0.886,0.0,1.508,2.269
1784632064.599741,10960,0,2820,0,1.0,0.795,0.886,0.0,1.509,2.27
1784632064.616697,10970,0,2820,0,1.0,0.796,0.886,0.0,1.509,2.27
1784632064.6489575,10980,0,2820,0,1.0,0.796,0.886,0.0,1.509,2.271
1784632064.6679351,10990,0,2820,0,1.0,0.796,0.886,0.0,1.509,2.272
1784632064.697495,11000,0,2820,0,1.0,0.796,0.886,0.0,1.509,2.272
1784632064.7121444,11010,0,2820,0,1.0,0.796,0.886,0.0,1.509,2.273
1784632064.7762303,11020,0,2820,0,1.0,0.796,0.887,0.0,1.509,2.274
1784632064.8133838,11030,0,2820,0,1.0,0.796,0.887,0.0,1.509,2.274
1784632064.876293,11040,0,2820,0,1.0,0.797,0.887,0.0,1.509,2.275
1784632064.9062815,11050,0,2820,0,1.0,0.797,0.887,0.0,1.509,2.276
1784632064.928496,11060,0,2820,0,1.0,0.797,0.887,0.0,1.509,2.277
1784632064.9711363,11070,0,2820,0,1.0,0.797,0.887,0.0,1.509,2.278
1784632065.0237637,11080,0,2820,0,1.0,0.797,0.887,0.0,1.509,2.279
1784632065.036215,11090,0,2820,0,1.0,0.797,0.887,0.0,1.509,2.28
1784632065.059631,11100,0,2820,0,1.0,0.797,0.887,0.0,1.51,2.28
1784632065.0785105,11110,0,2820,0,1.0,0.798,0.887,0.0,1.51,2.281
1784632065.1147883,11120,0,2820,0,1.0,0.798,0.887,0.0,1.51,2.282
1784632065.129801,11130,0,2820,0,1.0,0.798,0.888,0.0,1.51,2.283
1784632065.1517196,11140,0,2820,0,1.0,0.798,0.888,0.0,1.51,2.284
1784632065.1684916,11150,0,2820,0,1.0,0.798,0.888,0.0,1.51,2.285
1784632065.1978753,11160,0,2820,0,1.0,0.798,0.888,0.0,1.51,2.286
1784632065.230047,11170,0,2820,0,1.0,0.798,0.888,0.0,1.51,2.287
1784632065.2556982,11180,0,2820,0,1.0,0.799,0.888,0.0,1.51,2.288
1784632065.2819717,11190,0,2820,0,1.0,0.799,0.888,0.0,1.51,2.289
1784632065.3074508,11200,0,2820,0,1.0,0.799,0.888,0.0,1.51,2.29
1784632065.333254,11210,0,2820,0,1.0,0.799,0.888,0.0,1.51,2.291
1784632065.36212,11220,0,2820,0,1.0,0.799,0.888,0.0,1.511,2.292
1784632065.3978055,11230,0,2820,0,1.0,0.799,0.888,0.0,1.511,2.293
1784632065.4307415,11240,0,2820,0,1.0,0.799,0.889,0.0,1.511,2.294
1784632065.4480686,11250,0,2820,0,1.0,0.8,0.889,0.0,1.511,2.295
1784632065.4679773,11260,0,2820,0,1.0,0.8,0.889,0.0,1.511,2.296
1784632065.4826372,11270,0,2820,0,1.0,0.8,0.889,0.0,1.511,2.297
1784632065.4957628,11280,0,2820,0,1.0,0.8,0.889,0.0,1.511,2.298
1784632065.5171232,11290,0,2820,0,1.0,0.8,0.889,0.0,1.511,2.299
1784632065.544915,11300,0,2820,0,1.0,0.8,0.889,0.0,1.512,2.3
1784632065.5624173,11310,0,2820,0,1.0,0.8,0.889,0.0,1.512,2.301
1784632065.578975,11320,0,2820,0,1.0,0.801,0.889,0.0,1.512,2.302
1784632065.6120865,11330,0,2820,0,1.0,0.801,0.889,0.0,1.512,2.303
1784632065.6444583,11340,0,2820,0,1.0,0.801,0.889,0.0,1.512,2.302
1784632065.6662364,11350,0,2820,0,1.0,0.801,0.889,0.0,1.513,2.301
1784632065.6861103,11360,0,2820,0,1.0,0.801,0.89,0.0,1.513,2.301
1784632065.7367272,11370,0,2820,0,1.0,0.801,0.89,0.0,1.513,2.3
1784632065.7623277,11380,0,2820,0,1.0,0.801,0.89,0.0,1.514,2.299
1784632065.8548398,11390,0,2820,0,1.0,0.802,0.89,0.0,1.514,2.299
1784632065.9726498,11400,0,2820,0,1.0,0.802,0.89,0.0,1.514,2.298
1784632066.018723,11410,0,2820,0,1.0,0.802,0.89,0.0,1.515,2.298
1784632066.0826783,11420,0,2820,0,1.0,0.802,0.89,0.0,1.515,2.298
1784632066.1508284,11430,0,2820,0,1.0,0.802,0.89,0.0,1.515,2.297
1784632066.2141001,11440,0,2820,0,1.0,0.802,0.89,0.0,1.516,2.297
1784632066.2686226,11450,0,2820,0,1.0,0.802,0.89,0.0,1.516,2.297
1784632066.3029232,11460,0,2820,0,1.0,0.803,0.89,0.0,1.516,2.296
1784632066.3380673,11470,0,2820,0,1.0,0.803,0.891,0.0,1.516,2.296
1784632066.3704236,11480,0,2820,0,1.0,0.803,0.891,0.0,1.517,2.296
1784632066.405882,11490,0,2820,0,1.0,0.803,0.891,0.0,1.517,2.296
1784632066.4296143,11500,0,2820,0,1.0,0.803,0.891,0.0,1.517,2.296
1784632066.4586196,11510,0,2820,0,1.0,0.803,0.891,0.0,1.517,2.295
1784632066.4791546,11520,0,2820,0,1.0,0.803,0.891,0.0,1.518,2.295
1784632066.4987037,11530,0,2820,0,1.0,0.803,0.891,0.0,1.518,2.295
1784632066.5199134,11540,0,2820,0,1.0,0.804,0.891,0.0,1.518,2.295
1784632066.5427523,11550,0,2820,0,1.0,0.804,0.891,0.0,1.518,2.295
1784632066.5636373,11560,0,2820,0,1.0,0.804,0.891,0.0,1.518,2.295
1784632066.584597,11570,0,2820,0,1.0,0.804,0.891,0.0,1.519,2.295
1784632066.603412,11580,0,2820,0,1.0,0.804,0.891,0.0,1.519,2.295
1784632066.624797,11590,0,2820,0,1.0,0.804,0.892,0.0,1.519,2.295
1784632066.6472533,11600,0,2820,0,1.0,0.804,0.892,0.0,1.519,2.295
1784632066.6639423,11610,0,2820,0,1.0,0.805,0.892,0.0,1.519,2.295
1784632066.6961079,11620,0,2820,0,1.0,0.805,0.892,0.0,1.52,2.295
1784632066.7229123,11630,0,2820,0,1.0,0.805,0.892,0.0,1.52,2.295
1784632066.7491405,11640,0,2820,0,1.0,0.805,0.892,0.0,1.52,2.295
1784632066.7755163,11650,0,2820,0,1.0,0.805,0.892,0.0,1.52,2.295
1784632066.8053794,11660,0,2820,0,1.0,0.805,0.892,0.0,1.52,2.295
1784632066.8273578,11670,0,2820,0,1.0,0.805,0.892,0.0,1.52,2.295
1784632066.862855,11680,0,2820,0,1.0,0.806,0.892,0.0,1.521,2.295
1784632066.8993764,11690,0,2820,0,1.0,0.806,0.892,0.0,1.521,2.295
1784632066.9345326,11700,0,2820,0,1.0,0.806,0.892,0.0,1.521,2.295
1784632066.9658628,11710,0,2820,0,1.0,0.806,0.893,0.0,1.521,2.295
1784632066.992716,11720,0,2820,0,1.0,0.806,0.893,0.0,1.521,2.295
1784632067.0290108,11730,0,2820,0,1.0,0.806,0.893,0.0,1.521,2.295
1784632067.0667112,11740,0,2820,0,1.0,0.806,0.893,0.0,1.521,2.295
1784632067.0898762,11750,0,2820,0,1.0,0.806,0.893,0.0,1.522,2.296
1784632067.114696,11760,0,2820,0,1.0,0.807,0.893,0.0,1.522,2.296
1784632067.1486177,11770,0,2820,0,1.0,0.807,0.893,0.0,1.522,2.296
1784632067.1753535,11780,0,2820,0,1.0,0.807,0.893,0.0,1.522,2.296
1784632067.2070022,11790,0,2820,0,1.0,0.807,0.893,0.0,1.522,2.296
1784632067.2367268,11800,0,2820,0,1.0,0.807,0.893,0.0,1.522,2.297
1784632067.2666364,11810,0,2820,0,1.0,0.807,0.893,0.0,1.522,2.297
1784632067.292845,11820,0,2820,0,1.0,0.807,0.893,0.0,1.523,2.297
1784632067.327237,11830,0,2820,0,1.0,0.808,0.894,0.0,1.523,2.297
1784632067.355636,11840,0,2820,0,1.0,0.808,0.894,0.0,1.523,2.298
1784632067.3816853,11850,0,2820,0,1.0,0.808,0.894,0.0,1.523,2.298
1784632067.4046645,11860,0,2820,0,1.0,0.808,0.894,0.0,1.523,2.298
1784632067.4323347,11870,0,2820,0,1.0,0.808,0.894,0.0,1.523,2.298
1784632067.4659846,11880,0,2820,0,1.0,0.808,0.894,0.0,1.524,2.299
1784632067.4918115,11890,0,2820,0,1.0,0.808,0.894,0.0,1.524,2.299
1784632067.5161772,11900,0,2820,0,1.0,0.808,0.894,0.0,1.524,2.299
1784632067.5419214,11910,0,2820,0,1.0,0.809,0.894,0.0,1.524,2.3
1784632067.5653245,11920,0,2820,0,1.0,0.809,0.894,0.0,1.524,2.3
1784632067.5886273,11930,0,2820,0,1.0,0.809,0.894,0.0,1.524,2.301
1784632067.614216,11940,0,2820,0,1.0,0.809,0.894,0.0,1.524,2.301
1784632067.6316946,11950,0,2820,0,1.0,0.809,0.894,0.0,1.525,2.301
1784632067.6572583,11960,0,2820,0,1.0,0.809,0.895,0.0,1.525,2.302
1784632067.6787956,11970,0,2820,0,1.0,0.809,0.895,0.0,1.525,2.302
1784632067.6990473,11980,0,2820,0,1.0,0.809,0.895,0.0,1.525,2.303
1784632067.7202375,11990,0,2820,0,1.0,0.81,0.895,0.0,1.525,2.303
1784632067.7366018,12000,0,2820,0,1.0,0.81,0.895,0.0,1.525,2.303
1784632067.763934,12010,0,2820,0,1.0,0.81,0.895,0.0,1.526,2.304
1784632067.7875087,12020,0,2820,0,1.0,0.81,0.895,0.0,1.526,2.304
1784632067.8072083,12030,0,2820,0,1.0,0.81,0.895,0.0,1.526,2.305
1784632067.828837,12040,0,2820,0,1.0,0.81,0.895,0.0,1.526,2.305
1784632067.8507771,12050,0,2820,0,1.0,0.81,0.895,0.0,1.526,2.306
1784632067.8688185,12060,0,2820,0,1.0,0.81,0.895,0.0,1.526,2.306
1784632067.891126,12070,0,2820,0,1.0,0.811,0.895,0.0,1.526,2.306
1784632067.9171174,12080,0,2820,0,1.0,0.811,0.895,0.0,1.527,2.307
1784632067.9515014,12090,0,2820,0,1.0,0.811,0.896,0.0,1.527,2.307
1784632067.9748726,12100,0,2820,0,1.0,0.811,0.896,0.0,1.527,2.308
1784632068.0032704,12110,0,2820,0,1.0,0.811,0.896,0.0,1.527,2.308
1784632068.0264957,12120,0,2820,0,1.0,0.811,0.896,0.0,1.527,2.309
1784632068.0556886,12130,0,2820,0,1.0,0.811,0.896,0.0,1.527,2.309
1784632068.0790462,12140,0,2820,0,1.0,0.811,0.896,0.0,1.528,2.31
1784632068.1027377,12150,0,2820,0,1.0,0.812,0.896,0.0,1.528,2.31
1784632068.1222277,12160,0,2820,0,1.0,0.812,0.896,0.0,1.528,2.311
1784632068.146475,12170,0,2820,0,1.0,0.812,0.896,0.0,1.528,2.311
1784632068.1729467,12180,0,2820,0,1.0,0.812,0.896,0.0,1.529,2.312
1784632068.1914265,12190,0,2820,0,1.0,0.812,0.896,0.0,1.529,2.312
1784632068.2167447,12200,0,2820,0,1.0,0.812,0.896,0.0,1.529,2.313
1784632068.2379024,12210,0,2820,0,1.0,0.812,0.896,0.0,1.529,2.313
1784632068.2717214,12220,0,2820,0,1.0,0.812,0.897,0.0,1.529,2.314
1784632068.3143113,12230,0,2820,0,1.0,0.813,0.897,0.0,1.53,2.314
1784632068.3656428,12240,0,2820,0,1.0,0.813,0.897,0.0,1.53,2.315
1784632068.4259837,12250,0,2820,0,1.0,0.813,0.897,0.0,1.53,2.315
1784632068.4644437,12260,0,2820,0,1.0,0.813,0.897,0.0,1.531,2.316
1784632068.517861,12270,0,2820,0,1.0,0.813,0.897,0.0,1.531,2.317
1784632068.602919,12280,0,2820,0,1.0,0.813,0.897,0.0,1.531,2.317
1784632068.6608403,12290,0,2820,0,1.0,0.813,0.897,0.0,1.531,2.318
1784632068.710766,12300,0,2820,0,1.0,0.813,0.897,0.0,1.532,2.319
1784632068.7583313,12310,0,2820,0,1.0,0.814,0.897,0.0,1.532,2.32
1784632068.8123744,12320,0,2820,0,1.0,0.814,0.897,0.0,1.532,2.32
1784632068.8326476,12330,0,2820,0,1.0,0.814,0.897,0.0,1.533,2.321
1784632068.8590956,12340,0,2820,0,1.0,0.814,0.897,0.0,1.533,2.322
1784632068.872832,12350,0,2820,0,1.0,0.814,0.898,0.0,1.533,2.323
1784632068.9219596,12360,0,2820,0,1.0,0.814,0.898,0.0,1.534,2.323
1784632068.975034,12370,0,2820,0,1.0,0.814,0.898,0.0,1.534,2.324
1784632069.0652645,12380,0,2820,0,1.0,0.814,0.898,0.0,1.534,2.325
1784632069.0966754,12390,0,2820,0,1.0,0.815,0.898,0.0,1.534,2.326
1784632069.1244977,12400,0,2820,0,1.0,0.815,0.898,0.0,1.535,2.327
1784632069.1402495,12410,0,2820,0,1.0,0.815,0.898,0.0,1.535,2.328
1784632069.1918955,12420,0,2820,0,1.0,0.815,0.898,0.0,1.536,2.328
1784632069.2240455,12430,0,2820,0,1.0,0.815,0.898,0.0,1.536,2.329
1784632069.2651236,12440,0,2820,0,1.0,0.815,0.898,0.0,1.536,2.33
1784632069.2919037,12450,0,2820,0,1.0,0.815,0.898,0.0,1.537,2.331
1784632069.3105068,12460,0,2820,0,1.0,0.815,0.898,0.0,1.537,2.332
1784632069.3253145,12470,0,2820,0,1.0,0.816,0.898,0.0,1.538,2.333
1784632069.3475432,12480,0,2820,0,1.0,0.816,0.898,0.0,1.538,2.334
1784632069.4038677,12490,0,2820,0,1.0,0.816,0.899,0.0,1.538,2.335
1784632069.4233153,12500,0,2820,0,1.0,0.816,0.899,0.0,1.539,2.336
1784632069.4590611,12510,0,2820,0,1.0,0.816,0.899,0.0,1.539,2.337
1784632069.5085297,12520,0,2820,0,1.0,0.816,0.899,0.0,1.539,2.338
1784632069.5251634,12530,0,2820,0,1.0,0.816,0.899,0.0,1.54,2.339
1784632069.5449162,12540,0,2820,0,1.0,0.816,0.899,0.0,1.54,2.34
1784632069.5825167,12550,0,2820,0,1.0,0.817,0.899,0.0,1.54,2.341
1784632069.6125684,12560,0,2820,0,1.0,0.817,0.899,0.0,1.541,2.342
1784632069.666986,12570,0,2820,0,1.0,0.817,0.899,0.0,1.541,2.343
1784632069.681706,12580,0,2820,0,1.0,0.817,0.899,0.0,1.541,2.344
1784632069.6966238,12590,0,2820,0,1.0,0.817,0.899,0.0,1.542,2.345
1784632069.7123392,12600,0,2820,0,1.0,0.817,0.899,0.0,1.542,2.346
1784632069.7295368,12610,0,2820,0,1.0,0.817,0.899,0.0,1.542,2.347
1784632069.752218,12620,0,2820,0,1.0,0.817,0.9,0.0,1.543,2.349
1784632069.7977939,12630,0,2820,0,1.0,0.817,0.9,0.0,1.543,2.35
1784632069.8235857,12640,0,2820,0,1.0,0.818,0.9,0.0,1.543,2.351
1784632069.8580306,12650,0,2820,0,1.0,0.818,0.9,0.0,1.544,2.352
1784632069.9002512,12660,0,2820,0,1.0,0.818,0.9,0.0,1.544,2.353
1784632069.922967,12670,0,2820,0,1.0,0.818,0.9,0.0,1.545,2.354
1784632069.9474225,12680,0,2820,0,1.0,0.818,0.9,0.0,1.545,2.355
1784632069.9620447,12690,0,2820,0,1.0,0.818,0.9,0.0,1.545,2.357
1784632069.9837072,12700,0,2820,0,1.0,0.818,0.9,0.0,1.546,2.358
1784632070.0207329,12710,0,2820,0,1.0,0.818,0.9,0.0,1.546,2.359
1784632070.0435638,12720,0,2820,0,1.0,0.819,0.9,0.0,1.547,2.36
1784632070.087504,12730,0,2820,0,1.0,0.819,0.9,0.0,1.547,2.362
1784632070.1412423,12740,0,2820,0,1.0,0.819,0.9,0.0,1.547,2.363
1784632070.1797903,12750,0,2820,0,1.0,0.819,0.9,0.0,1.548,2.364
1784632070.2172723,12760,0,2820,0,1.0,0.819,0.9,0.0,1.548,2.365
1784632070.2531781,12770,0,2820,0,1.0,0.819,0.901,0.0,1.549,2.367
1784632070.2682004,12780,0,2820,0,1.0,0.819,0.901,0.0,1.549,2.368
1784632070.2958162,12790,0,2820,0,1.0,0.819,0.901,0.0,1.549,2.369
1784632070.3453357,12800,0,2820,0,1.0,0.819,0.901,0.0,1.55,2.371
1784632070.361818,12810,0,2820,0,1.0,0.82,0.901,0.0,1.55,2.372
1784632070.3829503,12820,0,2820,0,1.0,0.82,0.901,0.0,1.55,2.373
1784632070.3959856,12830,0,2820,0,1.0,0.82,0.901,0.0,1.551,2.373
1784632070.4086447,12840,0,2820,0,1.0,0.82,0.901,0.0,1.551,2.372
1784632070.4230325,12850,0,2820,0,1.0,0.82,0.901,0.0,1.551,2.372
1784632070.4355526,12860,0,2820,0,1.0,0.82,0.901,0.0,1.552,2.372
1784632070.453932,12870,0,2820,0,1.0,0.82,0.901,0.0,1.552,2.372
1784632070.4716914,12880,0,2820,0,1.0,0.82,0.901,0.0,1.552,2.372
1784632070.4883895,12890,0,2820,0,1.0,0.82,0.901,0.0,1.552,2.372
1784632070.5106955,12900,0,2820,0,1.0,0.821,0.901,0.0,1.553,2.371
1784632070.5380828,12910,0,2820,0,1.0,0.821,0.902,0.0,1.553,2.371
1784632070.5559802,12920,0,2820,0,1.0,0.821,0.902,0.0,1.553,2.371
1784632070.5763004,12930,0,2820,0,1.0,0.821,0.902,0.0,1.554,2.371
1784632070.5946221,12940,0,2820,0,1.0,0.821,0.902,0.0,1.554,2.371
1784632070.6090806,12950,0,2820,0,1.0,0.821,0.902,0.0,1.554,2.371
1784632070.626928,12960,0,2820,0,1.0,0.821,0.902,0.0,1.555,2.371
1784632070.6536372,12970,0,2820,0,1.0,0.821,0.902,0.0,1.555,2.37
1784632070.6758838,12980,0,2820,0,1.0,0.822,0.902,0.0,1.555,2.37
1784632070.6918328,12990,0,2820,0,1.0,0.822,0.902,0.0,1.556,2.37
1784632070.7090592,13000,0,2820,0,1.0,0.822,0.902,0.0,1.556,2.37
1784632070.7242072,13010,0,2820,0,1.0,0.822,0.902,0.0,1.556,2.37
1784632070.7414327,13020,0,2820,0,1.0,0.822,0.902,0.0,1.556,2.37
1784632070.7571485,13030,0,2820,0,1.0,0.822,0.902,0.0,1.557,2.37
1784632070.7784119,13040,0,2820,0,1.0,0.822,0.902,0.0,1.557,2.37
1784632070.7968788,13050,0,2820,0,1.0,0.822,0.902,0.0,1.557,2.37
1784632070.8123434,13060,0,2820,0,1.0,0.822,0.903,0.0,1.558,2.37
1784632070.8298457,13070,0,2820,0,1.0,0.823,0.903,0.0,1.558,2.37
1784632070.8497548,13080,0,2820,0,1.0,0.823,0.903,0.0,1.558,2.369
1784632070.865049,13090,0,2820,0,1.0,0.823,0.903,0.0,1.559,2.369
1784632070.8809702,13100,0,2820,0,1.0,0.823,0.903,0.0,1.559,2.369
1784632070.8976557,13110,0,2820,0,1.0,0.823,0.903,0.0,1.559,2.369
1784632070.909382,13120,0,2820,0,1.0,0.823,0.903,0.0,1.56,2.369
1784632070.9310684,13130,0,2820,0,1.0,0.823,0.903,0.0,1.56,2.369
1784632070.9542632,13140,0,2820,0,1.0,0.823,0.903,0.0,1.56,2.369
1784632070.969874,13150,0,2820,0,1.0,0.823,0.903,0.0,1.561,2.369
1784632070.9840643,13160,0,2820,0,1.0,0.824,0.903,0.0,1.561,2.369
1784632070.9979823,13170,0,2820,0,1.0,0.824,0.903,0.0,1.561,2.369
1784632071.023008,13180,0,2820,0,1.0,0.824,0.903,0.0,1.561,2.369
1784632071.0490644,13190,0,2820,0,1.0,0.824,0.903,0.0,1.562,2.369
1784632071.0796251,13200,0,2820,0,1.0,0.824,0.903,0.0,1.562,2.369
1784632071.0985572,13210,0,2820,0,1.0,0.824,0.904,0.0,1.562,2.369
1784632071.1156487,13220,0,2820,0,1.0,0.824,0.904,0.0,1.562,2.369
1784632071.131202,13230,0,2820,0,1.0,0.824,0.904,0.0,1.563,2.369
1784632071.1450343,13240,0,2820,0,1.0,0.824,0.904,0.0,1.563,2.369
1784632071.161615,13250,0,2820,0,1.0,0.825,0.904,0.0,1.563,2.369
1784632071.1774461,13260,0,2820,0,1.0,0.825,0.904,0.0,1.563,2.369
1784632071.2063096,13270,0,2820,0,1.0,0.825,0.904,0.0,1.564,2.37
1784632071.2263427,13280,0,2820,0,1.0,0.825,0.904,0.0,1.564,2.37
1784632071.2476778,13290,0,2820,0,1.0,0.825,0.904,0.0,1.564,2.37
1784632071.2685018,13300,0,2820,0,1.0,0.825,0.904,0.0,1.564,2.37
1784632071.2845569,13310,0,2820,0,1.0,0.825,0.904,0.0,1.565,2.37
1784632071.3077297,13320,0,2820,0,1.0,0.825,0.904,0.0,1.565,2.37
1784632071.3239324,13330,0,2820,0,1.0,0.825,0.904,0.0,1.565,2.37
1784632071.345598,13340,0,2820,0,1.0,0.825,0.904,0.0,1.565,2.37
1784632071.3682446,13350,0,2820,0,1.0,0.826,0.904,0.0,1.565,2.37
1784632071.3901467,13360,0,2820,0,1.0,0.826,0.905,0.0,1.566,2.371
1784632071.4077017,13370,0,2820,0,1.0,0.826,0.905,0.0,1.566,2.371
1784632071.4270895,13380,0,2820,0,1.0,0.826,0.905,0.0,1.566,2.371
1784632071.4515057,13390,0,2820,0,1.0,0.826,0.905,0.0,1.566,2.371
1784632071.4738562,13400,0,2820,0,1.0,0.826,0.905,0.0,1.567,2.371
1784632071.4977953,13410,0,2820,0,1.0,0.826,0.905,0.0,1.567,2.371
1784632071.5180912,13420,0,2820,0,1.0,0.826,0.905,0.0,1.567,2.371
1784632071.5361052,13430,0,2820,0,1.0,0.826,0.905,0.0,1.567,2.372
1784632071.5548797,13440,0,2820,0,1.0,0.827,0.905,0.0,1.567,2.372
1784632071.5669036,13450,0,2820,0,1.0,0.827,0.905,0.0,1.568,2.372
1784632071.5906537,13460,0,2820,0,1.0,0.827,0.905,0.0,1.568,2.372
1784632071.6107926,13470,0,2820,0,1.0,0.827,0.905,0.0,1.568,2.372
1784632071.6293538,13480,0,2820,0,1.0,0.827,0.905,0.0,1.568,2.373
1784632071.6490166,13490,0,2820,0,1.0,0.827,0.905,0.0,1.569,2.373
1784632071.665307,13500,0,2820,0,1.0,0.827,0.905,0.0,1.569,2.373
1784632071.6839821,13510,0,2820,0,1.0,0.827,0.905,0.0,1.569,2.373
1784632071.7039495,13520,0,2820,0,1.0,0.827,0.906,0.0,1.569,2.373
1784632071.7256258,13530,0,2820,0,1.0,0.828,0.906,0.0,1.569,2.374
1784632071.7472599,13540,0,2820,0,1.0,0.828,0.906,0.0,1.57,2.374
1784632071.76784,13550,0,2820,0,1.0,0.828,0.906,0.0,1.57,2.374
1784632071.7851102,13560,0,2820,0,1.0,0.828,0.906,0.0,1.57,2.374
1784632071.799557,13570,0,2820,0,1.0,0.828,0.906,0.0,1.57,2.374
1784632071.8139162,13580,0,2820,0,1.0,0.828,0.906,0.0,1.571,2.375
1784632071.8298717,13590,0,2820,0,1.0,0.828,0.906,0.0,1.571,2.375
1784632071.8460922,13600,0,2820,0,1.0,0.828,0.906,0.0,1.571,2.375
1784632071.8667781,13610,0,2820,0,1.0,0.828,0.906,0.0,1.571,2.375
1784632071.8881383,13620,0,2820,0,1.0,0.828,0.906,0.0,1.572,2.376
1784632071.9068463,13630,0,2820,0,1.0,0.829,0.906,0.0,1.572,2.376
1784632071.9252167,13640,0,2820,0,1.0,0.829,0.906,0.0,1.572,2.376
1784632071.9401708,13650,0,2820,0,1.0,0.829,0.906,0.0,1.572,2.376
1784632071.960285,13660,0,2820,0,1.0,0.829,0.906,0.0,1.572,2.377
1784632071.982598,13670,0,2820,0,1.0,0.829,0.906,0.0,1.573,2.377
1784632072.01038,13680,0,2820,0,1.0,0.829,0.907,0.0,1.573,2.377
1784632072.0276918,13690,0,2820,0,1.0,0.829,0.907,0.0,1.573,2.378
1784632072.0486424,13700,0,2820,0,1.0,0.829,0.907,0.0,1.573,2.378
1784632072.0770304,13710,0,2820,0,1.0,0.829,0.907,0.0,1.574,2.378
1784632072.1033826,13720,0,2820,0,1.0,0.83,0.907,0.0,1.574,2.378
1784632072.135982,13730,0,2820,0,1.0,0.83,0.907,0.0,1.574,2.379
1784632072.155318,13740,0,2820,0,1.0,0.83,0.907,0.0,1.574,2.379
1784632072.1765559,13750,0,2820,0,1.0,0.83,0.907,0.0,1.574,2.379
1784632072.2046888,13760,0,2820,0,1.0,0.83,0.907,0.0,1.575,2.38
1784632072.223891,13770,0,2820,0,1.0,0.83,0.907,0.0,1.575,2.38
1784632072.2427278,13780,0,2820,0,1.0,0.83,0.907,0.0,1.575,2.38
1784632072.2630975,13790,0,2820,0,1.0,0.83,0.907,0.0,1.575,2.381
1784632072.2793353,13800,0,2820,0,1.0,0.83,0.907,0.0,1.576,2.381
1784632072.2976024,13810,0,2820,0,1.0,0.83,0.907,0.0,1.576,2.382
1784632072.3307285,13820,0,2820,0,1.0,0.831,0.907,0.0,1.576,2.382
1784632072.3779736,13830,0,2820,0,1.0,0.831,0.907,0.0,1.576,2.382
1784632072.4790475,13840,0,2820,0,1.0,0.831,0.908,0.0,1.576,2.383
1784632072.5437756,13850,0,2820,0,1.0,0.831,0.908,0.0,1.577,2.383
1784632072.5588675,13860,0,2820,0,1.0,0.831,0.908,0.0,1.577,2.384
1784632072.5944872,13870,0,2820,0,1.0,0.831,0.908,0.0,1.577,2.384
1784632072.654118,13880,0,2820,0,1.0,0.831,0.908,0.0,1.577,2.385
1784632072.750372,13890,0,2820,0,1.0,0.831,0.908,0.0,1.578,2.385
1784632072.7946205,13900,0,2820,0,1.0,0.831,0.908,0.0,1.578,2.386
1784632072.8498278,13910,0,2820,0,1.0,0.831,0.908,0.0,1.578,2.387
1784632072.8892329,13920,0,2820,0,1.0,0.832,0.908,0.0,1.578,2.387
1784632072.9220946,13930,0,2820,0,1.0,0.832,0.908,0.0,1.578,2.388
1784632072.9826217,13940,0,2820,0,1.0,0.832,0.908,0.0,1.579,2.389
1784632073.093674,13950,0,2820,0,1.0,0.832,0.908,0.0,1.579,2.39
1784632073.1527815,13960,0,2820,0,1.0,0.832,0.908,0.0,1.579,2.39
1784632073.206126,13970,0,2820,0,1.0,0.832,0.908,0.0,1.579,2.391
1784632073.2229824,13980,0,2820,0,1.0,0.832,0.908,0.0,1.579,2.392
1784632073.2377918,13990,0,2820,0,1.0,0.832,0.908,0.0,1.58,2.393
1784632073.263943,14000,0,2820,0,1.0,0.832,0.909,0.0,1.58,2.394
1784632073.2946272,14010,0,2820,0,1.0,0.832,0.909,0.0,1.58,2.395
1784632073.3154309,14020,0,2820,0,1.0,0.833,0.909,0.0,1.58,2.396
1784632073.3465464,14030,0,2820,0,1.0,0.833,0.909,0.0,1.58,2.397
1784632073.387005,14040,0,2820,0,1.0,0.833,0.909,0.0,1.581,2.397
1784632073.4401429,14050,0,2820,0,1.0,0.833,0.909,0.0,1.581,2.398
1784632073.5470839,14060,0,2820,0,1.0,0.833,0.909,0.0,1.581,2.399
1784632073.610917,14070,0,2820,0,1.0,0.833,0.909,0.0,1.581,2.4
1784632073.6546645,14080,0,2820,0,1.0,0.833,0.909,0.0,1.582,2.401
1784632073.6957293,14090,0,2820,0,1.0,0.833,0.909,0.0,1.582,2.403
1784632073.7204401,14100,0,2820,0,1.0,0.833,0.909,0.0,1.582,2.404
1784632073.752488,14110,0,2820,0,1.0,0.833,0.909,0.0,1.582,2.405
1784632073.7820318,14120,0,2820,0,1.0,0.834,0.909,0.0,1.582,2.406
1784632073.8270864,14130,0,2820,0,1.0,0.834,0.909,0.0,1.583,2.407
1784632073.85563,14140,0,2820,0,1.0,0.834,0.909,0.0,1.583,2.408
1784632073.8777056,14150,0,2820,0,1.0,0.834,0.909,0.0,1.583,2.409
1784632073.9056613,14160,0,2820,0,1.0,0.834,0.909,0.0,1.583,2.41
1784632073.936052,14170,0,2820,0,1.0,0.834,0.909,0.0,1.584,2.411
1784632073.962187,14180,0,2820,0,1.0,0.834,0.91,0.0,1.584,2.413
1784632073.9874852,14190,0,2820,0,1.0,0.834,0.91,0.0,1.584,2.414
1784632074.009312,14200,0,2820,0,1.0,0.834,0.91,0.0,1.584,2.415
1784632074.0356078,14210,0,2820,0,1.0,0.834,0.91,0.0,1.584,2.416
1784632074.052673,14220,0,2820,0,1.0,0.835,0.91,0.0,1.585,2.417
1784632074.0776205,14230,0,2820,0,1.0,0.835,0.91,0.0,1.585,2.418
1784632074.10411,14240,0,2820,0,1.0,0.835,0.91,0.0,1.585,2.42
1784632074.124374,14250,0,2820,0,1.0,0.835,0.91,0.0,1.585,2.421
1784632074.1531618,14260,0,2820,0,1.0,0.835,0.91,0.0,1.586,2.422
1784632074.172828,14270,0,2820,0,1.0,0.835,0.91,0.0,1.586,2.423
1784632074.201151,14280,0,2820,0,1.0,0.835,0.91,0.0,1.586,2.424
1784632074.2207708,14290,0,2820,0,1.0,0.835,0.91,0.0,1.586,2.426
1784632074.2387993,14300,0,2820,0,1.0,0.835,0.91,0.0,1.587,2.427
1784632074.261536,14310,0,2820,0,1.0,0.835,0.91,0.0,1.587,2.428
1784632074.280035,14320,0,2820,0,1.0,0.835,0.91,0.0,1.587,2.429
1784632074.2962992,14330,0,2820,0,1.0,0.836,0.91,0.0,1.587,2.431
1784632074.3147426,14340,0,2820,0,1.0,0.836,0.91,0.0,1.588,2.432
1784632074.338486,14350,0,2820,0,1.0,0.836,0.911,0.0,1.588,2.433
1784632074.3554757,14360,0,2820,0,1.0,0.836,0.911,0.0,1.588,2.434
1784632074.3714018,14370,0,2820,0,1.0,0.836,0.911,0.0,1.588,2.436
1784632074.3930025,14380,0,2820,0,1.0,0.836,0.911,0.0,1.589,2.437
1784632074.4088898,14390,0,2820,0,1.0,0.836,0.911,0.0,1.589,2.438
1784632074.4259713,14400,0,2820,0,1.0,0.836,0.911,0.0,1.589,2.439
1784632074.4453714,14410,0,2820,0,1.0,0.836,0.911,0.0,1.59,2.441
1784632074.4655745,14420,0,2820,0,1.0,0.836,0.911,0.0,1.59,2.442
1784632074.4854279,14430,0,2820,0,1.0,0.837,0.911,0.0,1.59,2.443
1784632074.5137625,14440,0,2820,0,1.0,0.837,0.911,0.0,1.59,2.444
1784632074.5324829,14450,0,2820,0,1.0,0.837,0.911,0.0,1.591,2.446
1784632074.5567205,14460,0,2820,0,1.0,0.837,0.911,0.0,1.591,2.447
1784632074.577093,14470,0,2820,0,1.0,0.837,0.911,0.0,1.591,2.448
1784632074.5941637,14480,0,2820,0,1.0,0.837,0.911,0.0,1.591,2.45
1784632074.6168346,14490,0,2820,0,1.0,0.837,0.911,0.0,1.592,2.451
1784632074.6375713,14500,0,2820,0,1.0,0.837,0.911,0.0,1.592,2.452
1784632074.6615634,14510,0,2820,0,1.0,0.837,0.911,0.0,1.592,2.454
1784632074.685226,14520,0,2820,0,1.0,0.837,0.911,0.0,1.592,2.455
1784632074.7106738,14530,0,2820,0,1.0,0.837,0.912,0.0,1.593,2.456
1784632074.7325163,14540,0,2820,0,1.0,0.838,0.912,0.0,1.593,2.458
1784632074.7531781,14550,0,2820,0,1.0,0.838,0.912,0.0,1.593,2.459
1784632074.7702076,14560,0,2820,0,1.0,0.838,0.912,0.0,1.594,2.46
1784632074.7969797,14570,0,2820,0,1.0,0.838,0.912,0.0,1.594,2.46
1784632074.8714948,14580,0,2820,0,1.0,0.838,0.912,0.0,1.594,2.46
1784632074.9229689,14590,0,2820,0,1.0,0.838,0.912,0.0,1.594,2.46
1784632074.9508169,14600,0,2820,0,1.0,0.838,0.912,0.0,1.594,2.46
1784632074.9792693,14610,0,2820,0,1.0,0.838,0.912,0.0,1.595,2.46
1784632075.0042582,14620,0,2820,0,1.0,0.838,0.912,0.0,1.595,2.46
1784632075.0304027,14630,0,2820,0,1.0,0.838,0.912,0.0,1.595,2.461
1784632075.0513823,14640,0,2820,0,1.0,0.838,0.912,0.0,1.595,2.461
1784632075.071124,14650,0,2820,0,1.0,0.839,0.912,0.0,1.595,2.461
1784632075.0958195,14660,0,2820,0,1.0,0.839,0.912,0.0,1.595,2.461
1784632075.117114,14670,0,2820,0,1.0,0.839,0.912,0.0,1.595,2.461
1784632075.1363745,14680,0,2820,0,1.0,0.839,0.912,0.0,1.596,2.461
1784632075.1622705,14690,0,2820,0,1.0,0.839,0.912,0.0,1.596,2.461
1784632075.1915638,14700,0,2820,0,1.0,0.839,0.912,0.0,1.596,2.461
1784632075.2247555,14710,0,2820,0,1.0,0.839,0.913,0.0,1.596,2.462
1784632075.2500331,14720,0,2820,0,1.0,0.839,0.913,0.0,1.596,2.462
1784632075.271838,14730,0,2820,0,1.0,0.839,0.913,0.0,1.596,2.462
1784632075.2981102,14740,0,2820,0,1.0,0.839,0.913,0.0,1.596,2.462
1784632075.3238018,14750,0,2820,0,1.0,0.839,0.913,0.0,1.596,2.462
1784632075.347195,14760,0,2820,0,1.0,0.84,0.913,0.0,1.596,2.463
1784632075.37063,14770,0,2820,0,1.0,0.84,0.913,0.0,1.596,2.463
1784632075.3930993,14780,0,2820,0,1.0,0.84,0.913,0.0,1.596,2.463
1784632075.4117389,14790,0,2820,0,1.0,0.84,0.913,0.0,1.596,2.463
1784632075.435821,14800,0,2820,0,1.0,0.84,0.913,0.0,1.596,2.464
1784632075.4552479,14810,0,2820,0,1.0,0.84,0.913,0.0,1.596,2.464
1784632075.4760273,14820,0,2820,0,1.0,0.84,0.913,0.0,1.596,2.464
1784632075.500491,14830,0,2820,0,1.0,0.84,0.913,0.0,1.596,2.464
1784632075.5206892,14840,0,2820,0,1.0,0.84,0.913,0.0,1.596,2.465
1784632075.5401,14850,0,2820,0,1.0,0.84,0.913,0.0,1.596,2.465
1784632075.5580397,14860,0,2820,0,1.0,0.84,0.913,0.0,1.596,2.465
1784632075.5833778,14870,0,2820,0,1.0,0.841,0.913,0.0,1.596,2.465
1784632075.6065855,14880,0,2820,0,1.0,0.841,0.913,0.0,1.596,2.466
1784632075.6244988,14890,0,2820,0,1.0,0.841,0.913,0.0,1.596,2.466
1784632075.6423936,14900,0,2820,0,1.0,0.841,0.914,0.0,1.596,2.466
1784632075.6634614,14910,0,2820,0,1.0,0.841,0.914,0.0,1.596,2.466
1784632075.689175,14920,0,2820,0,1.0,0.841,0.914,0.0,1.596,2.467
1784632075.754941,14930,0,2820,0,1.0,0.841,0.914,0.0,1.596,2.467
1784632075.8393342,14940,0,2820,0,1.0,0.841,0.914,0.0,1.596,2.467
1784632075.8813605,14950,0,2820,0,1.0,0.841,0.914,0.0,1.596,2.468
1784632075.9499497,14960,0,2820,0,1.0,0.841,0.914,0.0,1.596,2.468
1784632075.9677498,14970,0,2820,0,1.0,0.841,0.914,0.0,1.596,2.469
1784632076.040112,14980,0,2820,0,1.0,0.842,0.914,0.0,1.596,2.469
1784632076.0974836,14990,0,2820,0,1.0,0.842,0.914,0.0,1.596,2.469
1784632076.1421373,15000,0,2820,0,1.0,0.842,0.914,0.0,1.596,2.47
1784632076.1825829,15010,0,2820,0,1.0,0.842,0.914,0.0,1.596,2.47
1784632076.232145,15020,0,2820,0,1.0,0.842,0.914,0.0,1.596,2.471
1784632076.2786388,15030,0,2820,0,1.0,0.842,0.914,0.0,1.596,2.472
1784632076.3323865,15040,0,2820,0,1.0,0.842,0.914,0.0,1.596,2.472
1784632076.3913958,15050,0,2820,0,1.0,0.842,0.914,0.0,1.596,2.473
1784632076.428822,15060,0,2820,0,1.0,0.842,0.914,0.0,1.595,2.473
1784632076.4708862,15070,0,2820,0,1.0,0.842,0.914,0.0,1.595,2.474
1784632076.5208447,15080,0,2820,0,1.0,0.842,0.914,0.0,1.595,2.475
1784632076.5691528,15090,0,2820,0,1.0,0.843,0.915,0.0,1.595,2.475
1784632076.6115284,15100,0,2820,0,1.0,0.843,0.915,0.0,1.595,2.476
1784632076.6362095,15110,0,2820,0,1.0,0.843,0.915,0.0,1.595,2.477
1784632076.6609623,15120,0,2820,0,1.0,0.843,0.915,0.0,1.595,2.477
1784632076.7058716,15130,0,2820,0,1.0,0.843,0.915,0.0,1.595,2.478
1784632076.7368047,15140,0,2820,0,1.0,0.843,0.915,0.0,1.595,2.479
1784632076.7513094,15150,0,2820,0,1.0,0.843,0.915,0.0,1.595,2.48
1784632076.7837527,15160,0,2820,0,1.0,0.843,0.915,0.0,1.595,2.481
1784632076.8054914,15170,0,2820,0,1.0,0.843,0.915,0.0,1.595,2.481
1784632076.8383212,15180,0,2820,0,1.0,0.843,0.915,0.0,1.595,2.482
1784632076.8772273,15190,0,2820,0,1.0,0.843,0.915,0.0,1.595,2.483
1784632076.8947585,15200,0,2820,0,1.0,0.844,0.915,0.0,1.595,2.484
1784632076.9239237,15210,0,2820,0,1.0,0.844,0.915,0.0,1.595,2.485
1784632076.9398885,15220,0,2820,0,1.0,0.844,0.915,0.0,1.595,2.485
1784632076.9605632,15230,0,2820,0,1.0,0.844,0.915,0.0,1.595,2.486
1784632076.999504,15240,0,2820,0,1.0,0.844,0.915,0.0,1.595,2.487
1784632077.0320036,15250,0,2820,0,1.0,0.844,0.915,0.0,1.595,2.488
1784632077.0591884,15260,0,2820,0,1.0,0.844,0.915,0.0,1.595,2.489
1784632077.1042078,15270,0,2820,0,1.0,0.844,0.915,0.0,1.595,2.49
1784632077.1634948,15280,0,2820,0,1.0,0.844,0.916,0.0,1.594,2.491
1784632077.1961682,15290,0,2820,0,1.0,0.844,0.916,0.0,1.594,2.492
1784632077.269299,15300,0,2820,0,1.0,0.844,0.916,0.0,1.594,2.493
1784632077.3012135,15310,0,2820,0,1.0,0.844,0.916,0.0,1.594,2.494
1784632077.3449988,15320,0,2820,0,1.0,0.845,0.916,0.0,1.594,2.495
1784632077.3666167,15330,0,2820,0,1.0,0.845,0.916,0.0,1.594,2.496
1784632077.4147322,15340,0,2820,0,1.0,0.845,0.916,0.0,1.594,2.497
1784632077.4569304,15350,0,2820,0,1.0,0.845,0.916,0.0,1.594,2.498
1784632077.484656,15360,0,2820,0,1.0,0.845,0.916,0.0,1.594,2.499
1784632077.5011263,15370,0,2820,0,1.0,0.845,0.916,0.0,1.594,2.5
1784632077.5153728,15380,0,2820,0,1.0,0.845,0.916,0.0,1.594,2.501
1784632077.5312212,15390,0,2820,0,1.0,0.845,0.916,0.0,1.594,2.502
1784632077.551152,15400,0,2820,0,1.0,0.845,0.916,0.0,1.594,2.503
1784632077.5715935,15410,0,2820,0,1.0,0.845,0.916,0.0,1.594,2.504
1784632077.5880342,15420,0,2820,0,1.0,0.845,0.916,0.0,1.594,2.505
1784632077.6099439,15430,0,2820,0,1.0,0.845,0.916,0.0,1.593,2.506
1784632077.6228275,15440,0,2820,0,1.0,0.846,0.916,0.0,1.593,2.507
1784632077.6369436,15450,0,2820,0,1.0,0.846,0.916,0.0,1.593,2.508
1784632077.6641736,15460,0,2820,0,1.0,0.846,0.916,0.0,1.593,2.509
1784632077.688541,15470,0,2820,0,1.0,0.846,0.916,0.0,1.593,2.51
1784632077.7048223,15480,0,2820,0,1.0,0.846,0.917,0.0,1.593,2.512
1784632077.7240438,15490,0,2820,0,1.0,0.846,0.917,0.0,1.593,2.513
1784632077.7489896,15500,0,2820,0,1.0,0.846,0.917,0.0,1.593,2.514
1784632077.7662513,15510,0,2820,0,1.0,0.846,0.917,0.0,1.592,2.515
1784632077.7963762,15520,0,2820,0,1.0,0.846,0.917,0.0,1.592,2.516
1784632077.8176973,15530,0,2820,0,1.0,0.846,0.917,0.0,1.592,2.517
1784632077.842496,15540,0,2820,0,1.0,0.846,0.917,0.0,1.592,2.518
1784632077.8625371,15550,0,2820,0,1.0,0.846,0.917,0.0,1.592,2.519
1784632077.8918896,15560,0,2820,0,1.0,0.847,0.917,0.0,1.592,2.521
1784632077.9074368,15570,0,2820,0,1.0,0.847,0.917,0.0,1.592,2.522
1784632077.9316983,15580,0,2820,0,1.0,0.847,0.917,0.0,1.592,2.523
1784632077.955319,15590,0,2820,0,1.0,0.847,0.917,0.0,1.591,2.524
1784632077.9737144,15600,0,2820,0,1.0,0.847,0.917,0.0,1.591,2.525
1784632077.9879968,15610,0,2820,0,1.0,0.847,0.917,0.0,1.591,2.526
1784632078.0040734,15620,0,2820,0,1.0,0.847,0.917,0.0,1.591,2.527
1784632078.0208187,15630,0,2820,0,1.0,0.847,0.917,0.0,1.591,2.529
1784632078.0460248,15640,0,2820,0,1.0,0.847,0.917,0.0,1.591,2.53
1784632078.0657904,15650,0,2820,0,1.0,0.847,0.917,0.0,1.591,2.53
1784632078.084316,15660,0,2820,0,1.0,0.847,0.917,0.0,1.591,2.53
1784632078.1043751,15670,0,2820,0,1.0,0.847,0.917,0.0,1.591,2.53
1784632078.120822,15680,0,2820,0,1.0,0.848,0.917,0.0,1.592,2.53
1784632078.142884,15690,0,2820,0,1.0,0.848,0.918,0.0,1.592,2.53
1784632078.167579,15700,0,2820,0,1.0,0.848,0.918,0.0,1.592,2.53
1784632078.1870427,15710,0,2820,0,1.0,0.848,0.918,0.0,1.592,2.53
1784632078.2122533,15720,0,2820,0,1.0,0.848,0.918,0.0,1.592,2.53
1784632078.2391784,15730,0,2820,0,1.0,0.848,0.918,0.0,1.593,2.53
1784632078.2697465,15740,0,2820,0,1.0,0.848,0.918,0.0,1.593,2.53
1784632078.2902095,15750,0,2820,0,1.0,0.848,0.918,0.0,1.593,2.529
1784632078.3078449,15760,0,2820,0,1.0,0.848,0.918,0.0,1.593,2.529
1784632078.324962,15770,0,2820,0,1.0,0.848,0.918,0.0,1.593,2.529
1784632078.3467293,15780,0,2820,0,1.0,0.848,0.918,0.0,1.594,2.529
1784632078.368754,15790,0,2820,0,1.0,0.848,0.918,0.0,1.594,2.529
1784632078.393909,15800,0,2820,0,1.0,0.849,0.918,0.0,1.594,2.53
1784632078.418191,15810,0,2820,0,1.0,0.849,0.918,0.0,1.594,2.53
1784632078.4381623,15820,0,2820,0,1.0,0.849,0.918,0.0,1.594,2.53
1784632078.461998,15830,0,2820,0,1.0,0.849,0.918,0.0,1.595,2.53
1784632078.4832149,15840,0,2820,0,1.0,0.849,0.918,0.0,1.595,2.53
1784632078.5093913,15850,0,2820,0,1.0,0.849,0.918,0.0,1.595,2.53
1784632078.5296948,15860,0,2820,0,1.0,0.849,0.918,0.0,1.595,2.53
1784632078.5508182,15870,0,2820,0,1.0,0.849,0.918,0.0,1.595,2.53
1784632078.565882,15880,0,2820,0,1.0,0.849,0.918,0.0,1.595,2.53
1784632078.5815375,15890,0,2820,0,1.0,0.849,0.918,0.0,1.596,2.53
1784632078.5974226,15900,0,2820,0,1.0,0.849,0.919,0.0,1.596,2.53
1784632078.6147826,15910,0,2820,0,1.0,0.849,0.919,0.0,1.596,2.53
1784632078.6371524,15920,0,2820,0,1.0,0.85,0.919,0.0,1.596,2.53
1784632078.6626801,15930,0,2820,0,1.0,0.85,0.919,0.0,1.596,2.53
1784632078.6814687,15940,0,2820,0,1.0,0.85,0.919,0.0,1.596,2.531
1784632078.7011113,15950,0,2820,0,1.0,0.85,0.919,0.0,1.597,2.531
1784632078.7214491,15960,0,2820,0,1.0,0.85,0.919,0.0,1.597,2.531
1784632078.7481303,15970,0,2820,0,1.0,0.85,0.919,0.0,1.597,2.531
1784632078.7737558,15980,0,2820,0,1.0,0.85,0.919,0.0,1.597,2.531
1784632078.7986135,15990,0,2820,0,1.0,0.85,0.919,0.0,1.597,2.531
1784632078.818091,16000,0,2820,0,1.0,0.85,0.919,0.0,1.597,2.531
1784632078.8391309,16010,0,2820,0,1.0,0.85,0.919,0.0,1.598,2.531
1784632078.8615396,16020,0,2820,0,1.0,0.85,0.919,0.0,1.598,2.532
1784632078.9667666,16030,0,2820,0,1.0,0.85,0.919,0.0,1.598,2.532
1784632078.9900599,16040,0,2820,0,1.0,0.85,0.919,0.0,1.598,2.532
1784632079.010291,16050,0,2820,0,1.0,0.851,0.919,0.0,1.598,2.532
1784632079.0302289,16060,0,2820,0,1.0,0.851,0.919,0.0,1.598,2.533
1784632079.0521472,16070,0,2820,0,1.0,0.851,0.919,0.0,1.598,2.533
1784632079.0654426,16080,0,2820,0,1.0,0.851,0.919,0.0,1.599,2.533
1784632079.081312,16090,0,2820,0,1.0,0.851,0.919,0.0,1.599,2.533
1784632079.101243,16100,0,2820,0,1.0,0.851,0.919,0.0,1.599,2.534
1784632079.117919,16110,0,2820,0,1.0,0.851,0.92,0.0,1.599,2.534
1784632079.1343386,16120,0,2820,0,1.0,0.851,0.92,0.0,1.599,2.534
1784632079.1491456,16130,0,2820,0,1.0,0.851,0.92,0.0,1.599,2.534
1784632079.179001,16140,0,2820,0,1.0,0.851,0.92,0.0,1.599,2.535
1784632079.2117672,16150,0,2820,0,1.0,0.851,0.92,0.0,1.599,2.535
1784632079.2356575,16160,0,2820,0,1.0,0.851,0.92,0.0,1.6,2.535
1784632079.2659938,16170,0,2820,0,1.0,0.852,0.92,0.0,1.6,2.535
1784632079.2995195,16180,0,2820,0,1.0,0.852,0.92,0.0,1.6,2.536
1784632079.332345,16190,0,2820,0,1.0,0.852,0.92,0.0,1.6,2.536
1784632079.356231,16200,0,2820,0,1.0,0.852,0.92,0.0,1.6,2.536
1784632079.383332,16210,0,2820,0,1.0,0.852,0.92,0.0,1.6,2.537
1784632079.404395,16220,0,2820,0,1.0,0.852,0.92,0.0,1.6,2.537
1784632079.4269493,16230,0,2820,0,1.0,0.852,0.92,0.0,1.6,2.537
1784632079.4509764,16240,0,2820,0,1.0,0.852,0.92,0.0,1.6,2.538
1784632079.4786558,16250,0,2820,0,1.0,0.852,0.92,0.0,1.6,2.538
1784632079.5267324,16260,0,2820,0,1.0,0.852,0.92,0.0,1.601,2.538
1784632079.5812125,16270,0,2820,0,1.0,0.852,0.92,0.0,1.601,2.539
1784632079.6092422,16280,0,2820,0,1.0,0.852,0.92,0.0,1.601,2.539
1784632079.622118,16290,0,2820,0,1.0,0.852,0.92,0.0,1.601,2.54
1784632079.643335,16300,0,2820,0,1.0,0.853,0.92,0.0,1.601,2.54
1784632079.6600776,16310,0,2820,0,1.0,0.853,0.92,0.0,1.601,2.54
1784632079.7021563,16320,0,2820,0,1.0,0.853,0.92,0.0,1.601,2.541
1784632079.7411325,16330,0,2820,0,1.0,0.853,0.921,0.0,1.601,2.541
1784632079.7601573,16340,0,2820,0,1.0,0.853,0.921,0.0,1.601,2.542
1784632079.7991126,16350,0,2820,0,1.0,0.853,0.921,0.0,1.601,2.542
1784632079.8264604,16360,0,2820,0,1.0,0.853,0.921,0.0,1.601,2.543
1784632079.840589,16370,0,2820,0,1.0,0.853,0.921,0.0,1.602,2.543
1784632079.8540323,16380,0,2820,0,1.0,0.853,0.921,0.0,1.602,2.544
1784632079.887222,16390,0,2820,0,1.0,0.853,0.921,0.0,1.602,2.544
1784632079.9092019,16400,0,2820,0,1.0,0.853,0.921,0.0,1.602,2.545
1784632079.9499984,16410,0,2820,0,1.0,0.853,0.921,0.0,1.602,2.545
1784632079.9952931,16420,0,2820,0,1.0,0.853,0.921,0.0,1.602,2.546
1784632080.0174515,16430,0,2820,0,1.0,0.854,0.921,0.0,1.602,2.547
1784632080.0332239,16440,0,2820,0,1.0,0.854,0.921,0.0,1.602,2.547
1784632080.0541399,16450,0,2820,0,1.0,0.854,0.921,0.0,1.602,2.548
1784632080.08082,16460,0,2820,0,1.0,0.854,0.921,0.0,1.602,2.548
1784632080.1269834,16470,0,2820,0,1.0,0.854,0.921,0.0,1.603,2.549
1784632080.152884,16480,0,2820,0,1.0,0.854,0.921,0.0,1.603,2.549
1784632080.2061076,16490,0,2820,0,1.0,0.854,0.921,0.0,1.603,2.55
1784632080.2198389,16500,0,2820,0,1.0,0.854,0.921,0.0,1.603,2.551
1784632080.2518506,16510,0,2820,0,1.0,0.854,0.921,0.0,1.603,2.551
1784632080.3049464,16520,0,2820,0,1.0,0.854,0.921,0.0,1.603,2.552
1784632080.3662736,16530,0,2820,0,1.0,0.854,0.921,0.0,1.603,2.553
1784632080.4014997,16540,0,2820,0,1.0,0.854,0.921,0.0,1.603,2.553
1784632080.4726257,16550,0,2820,0,1.0,0.854,0.921,0.0,1.603,2.554
1784632080.5352652,16560,0,2820,0,1.0,0.854,0.922,0.0,1.603,2.555
1784632080.5736763,16570,0,2820,0,1.0,0.855,0.922,0.0,1.603,2.556
1784632080.6025517,16580,0,2820,0,1.0,0.855,0.922,0.0,1.603,2.556
1784632080.63813,16590,0,2820,0,1.0,0.855,0.922,0.0,1.603,2.557
1784632080.6525457,16600,0,2820,0,1.0,0.855,0.922,0.0,1.603,2.558
1784632080.6774035,16610,0,2820,0,1.0,0.855,0.922,0.0,1.603,2.559
1784632080.718347,16620,0,2820,0,1.0,0.855,0.922,0.0,1.604,2.56
1784632080.744716,16630,0,2820,0,1.0,0.855,0.922,0.0,1.604,2.56
1784632080.7985888,16640,0,2820,0,1.0,0.855,0.922,0.0,1.604,2.561
1784632080.8472316,16650,0,2820,0,1.0,0.855,0.922,0.0,1.604,2.562
1784632080.8910227,16660,0,2820,0,1.0,0.855,0.922,0.0,1.604,2.563
1784632080.9216015,16670,0,2820,0,1.0,0.855,0.922,0.0,1.604,2.564
1784632080.967055,16680,0,2820,0,1.0,0.855,0.922,0.0,1.604,2.565
1784632081.0118418,16690,0,2820,0,1.0,0.855,0.922,0.0,1.604,2.565
1784632081.0506701,16700,0,2820,0,1.0,0.856,0.922,0.0,1.604,2.566
1784632081.073131,16710,0,2820,0,1.0,0.856,0.922,0.0,1.604,2.567
1784632081.10569,16720,0,2820,0,1.0,0.856,0.922,0.0,1.604,2.568
1784632081.1314247,16730,0,2820,0,1.0,0.856,0.922,0.0,1.605,2.569
1784632081.147256,16740,0,2820,0,1.0,0.856,0.922,0.0,1.605,2.57
1784632081.176686,16750,0,2820,0,1.0,0.856,0.922,0.0,1.605,2.571
1784632081.189657,16760,0,2820,0,1.0,0.856,0.922,0.0,1.605,2.572
1784632081.2458665,16770,0,2820,0,1.0,0.856,0.922,0.0,1.605,2.573
1784632081.2660658,16780,0,2820,0,1.0,0.856,0.922,0.0,1.605,2.574
1784632081.285185,16790,0,2820,0,1.0,0.856,0.923,0.0,1.605,2.575
1784632081.3279285,16800,0,2820,0,1.0,0.856,0.923,0.0,1.606,2.576
1784632081.3825047,16810,0,2820,0,1.0,0.856,0.923,0.0,1.606,2.577
1784632081.416637,16820,0,2820,0,1.0,0.856,0.923,0.0,1.606,2.578
1784632081.4382017,16830,0,2820,0,1.0,0.856,0.923,0.0,1.606,2.579
1784632081.4666486,16840,0,2820,0,1.0,0.857,0.923,0.0,1.606,2.58
1784632081.4850333,16850,0,2820,0,1.0,0.857,0.923,0.0,1.606,2.581
1784632081.5043387,16860,0,2820,0,1.0,0.857,0.923,0.0,1.606,2.582
1784632081.526909,16870,0,2820,0,1.0,0.857,0.923,0.0,1.606,2.583
1784632081.5458138,16880,0,2820,0,1.0,0.857,0.923,0.0,1.607,2.584
1784632081.5655699,16890,0,2820,0,1.0,0.857,0.923,0.0,1.607,2.585
1784632081.585132,16900,0,2820,0,1.0,0.857,0.923,0.0,1.607,2.586
1784632081.6010475,16910,0,2820,0,1.0,0.857,0.923,0.0,1.607,2.587
1784632081.6271944,16920,0,2820,0,1.0,0.857,0.923,0.0,1.607,2.588
1784632081.6533158,16930,0,2820,0,1.0,0.857,0.923,0.0,1.607,2.589
1784632081.6720073,16940,0,2820,0,1.0,0.857,0.923,0.0,1.607,2.59
1784632081.6896846,16950,0,2820,0,1.0,0.857,0.923,0.0,1.608,2.591
1784632081.7141154,16960,0,2820,0,1.0,0.857,0.923,0.0,1.608,2.592
1784632081.7408352,16970,0,2820,0,1.0,0.858,0.923,0.0,1.608,2.593
1784632081.7614653,16980,0,2820,0,1.0,0.858,0.923,0.0,1.608,2.594
1784632081.7802975,16990,0,2820,0,1.0,0.858,0.923,0.0,1.608,2.595
1784632081.8040085,17000,0,2820,0,1.0,0.858,0.923,0.0,1.608,2.596
1784632081.8255842,17010,0,2820,0,1.0,0.858,0.923,0.0,1.608,2.597
1784632081.8473237,17020,0,2820,0,1.0,0.858,0.923,0.0,1.608,2.598
1784632081.867058,17030,0,2820,0,1.0,0.858,0.924,0.0,1.609,2.599
1784632081.886532,17040,0,2820,0,1.0,0.858,0.924,0.0,1.609,2.601
1784632081.9052768,17050,0,2820,0,1.0,0.858,0.924,0.0,1.609,2.602
1784632081.9224143,17060,0,2820,0,1.0,0.858,0.924,0.0,1.609,2.603
1784632081.9370627,17070,0,2820,0,1.0,0.858,0.924,0.0,1.609,2.604
1784632081.9527717,17080,0,2820,0,1.0,0.858,0.924,0.0,1.609,2.605
1784632081.976391,17090,0,2820,0,1.0,0.858,0.924,0.0,1.609,2.605
1784632082.0021594,17100,0,2820,0,1.0,0.858,0.924,0.0,1.61,2.604
1784632082.0194268,17110,0,2820,0,1.0,0.859,0.924,0.0,1.61,2.604
1784632082.0450432,17120,0,2820,0,1.0,0.859,0.924,0.0,1.61,2.604
1784632082.0658078,17130,0,2820,0,1.0,0.859,0.924,0.0,1.61,2.604
1784632082.0829737,17140,0,2820,0,1.0,0.859,0.924,0.0,1.61,2.604
1784632082.1013882,17150,0,2820,0,1.0,0.859,0.924,0.0,1.61,2.604
1784632082.1185274,17160,0,2820,0,1.0,0.859,0.924,0.0,1.61,2.604
1784632082.150259,17170,0,2820,0,1.0,0.859,0.924,0.0,1.611,2.604
1784632082.1779466,17180,0,2820,0,1.0,0.859,0.924,0.0,1.611,2.604
1784632082.201102,17190,0,2820,0,1.0,0.859,0.924,0.0,1.611,2.604
1784632082.2195513,17200,0,2820,0,1.0,0.859,0.924,0.0,1.611,2.604
1784632082.2387338,17210,0,2820,0,1.0,0.859,0.924,0.0,1.611,2.604
1784632082.2582812,17220,0,2820,0,1.0,0.859,0.924,0.0,1.611,2.604
1784632082.2771451,17230,0,2820,0,1.0,0.859,0.924,0.0,1.612,2.604
1784632082.3025224,17240,0,2820,0,1.0,0.859,0.924,0.0,1.612,2.604
1784632082.3387444,17250,0,2820,0,1.0,0.859,0.924,0.0,1.612,2.604
1784632082.373288,17260,0,2820,0,1.0,0.86,0.924,0.0,1.612,2.604
1784632082.3978155,17270,0,2820,0,1.0,0.86,0.925,0.0,1.612,2.604
1784632082.41838,17280,0,2820,0,1.0,0.86,0.925,0.0,1.612,2.604
1784632082.4388795,17290,0,2820,0,1.0,0.86,0.925,0.0,1.613,2.604
1784632082.4612107,17300,0,2820,0,1.0,0.86,0.925,0.0,1.613,2.604
1784632082.48162,17310,0,2820,0,1.0,0.86,0.925,0.0,1.613,2.604
1784632082.4968944,17320,0,2820,0,1.0,0.86,0.925,0.0,1.613,2.604
1784632082.5146596,17330,0,2820,0,1.0,0.86,0.925,0.0,1.613,2.604
1784632082.5368905,17340,0,2820,0,1.0,0.86,0.925,0.0,1.614,2.604
1784632082.5583878,17350,0,2820,0,1.0,0.86,0.925,0.0,1.614,2.604
1784632082.5742617,17360,0,2820,0,1.0,0.86,0.925,0.0,1.614,2.604
1784632082.594759,17370,0,2820,0,1.0,0.86,0.925,0.0,1.614,2.604
1784632082.6177616,17380,0,2820,0,1.0,0.86,0.925,0.0,1.614,2.604
1784632082.632513,17390,0,2820,0,1.0,0.86,0.925,0.0,1.615,2.604
1784632082.6457372,17400,0,2820,0,1.0,0.861,0.925,0.0,1.615,2.604
1784632082.6671772,17410,0,2820,0,1.0,0.861,0.925,0.0,1.615,2.604
1784632082.68424,17420,0,2820,0,1.0,0.861,0.925,0.0,1.615,2.604
1784632082.7026424,17430,0,2820,0,1.0,0.861,0.925,0.0,1.615,2.605
1784632082.7262638,17440,0,2820,0,1.0,0.861,0.925,0.0,1.616,2.605
1784632082.747201,17450,0,2820,0,1.0,0.861,0.925,0.0,1.616,2.605
1784632082.7642944,17460,0,2820,0,1.0,0.861,0.925,0.0,1.616,2.605
1784632082.7821527,17470,0,2820,0,1.0,0.861,0.925,0.0,1.616,2.605
1784632082.8048594,17480,0,2820,0,1.0,0.861,0.925,0.0,1.616,2.605
1784632082.820182,17490,0,2820,0,1.0,0.861,0.925,0.0,1.617,2.605
1784632082.8352418,17500,0,2820,0,1.0,0.861,0.925,0.0,1.617,2.605
1784632082.8588507,17510,0,2820,0,1.0,0.861,0.925,0.0,1.617,2.605
1784632082.8885703,17520,0,2820,0,1.0,0.861,0.926,0.0,1.617,2.605
1784632082.905911,17530,0,2820,0,1.0,0.861,0.926,0.0,1.617,2.605
1784632082.9274483,17540,0,2820,0,1.0,0.861,0.926,0.0,1.618,2.605
1784632082.946608,17550,0,2820,0,1.0,0.862,0.926,0.0,1.618,2.605
1784632082.9594426,17560,0,2820,0,1.0,0.862,0.926,0.0,1.618,2.605
1784632082.9700477,17570,0,2820,0,1.0,0.862,0.926,0.0,1.618,2.605
1784632082.9933014,17580,0,2820,0,1.0,0.862,0.926,0.0,1.618,2.605
1784632083.0137794,17590,0,2820,0,1.0,0.862,0.926,0.0,1.619,2.605
1784632083.0295792,17600,0,2820,0,1.0,0.862,0.926,0.0,1.619,2.606
1784632083.0530052,17610,0,2820,0,1.0,0.862,0.926,0.0,1.619,2.606
1784632083.0721111,17620,0,2820,0,1.0,0.862,0.926,0.0,1.619,2.606
1784632083.0941896,17630,0,2820,0,1.0,0.862,0.926,0.0,1.619,2.606
1784632083.1165924,17640,0,2820,0,1.0,0.862,0.926,0.0,1.62,2.606
1784632083.1337376,17650,0,2820,0,1.0,0.862,0.926,0.0,1.62,2.606
1784632083.1514757,17660,0,2820,0,1.0,0.862,0.926,0.0,1.62,2.606
1784632083.1711812,17670,0,2820,0,1.0,0.862,0.926,0.0,1.62,2.606
1784632083.1907532,17680,0,2820,0,1.0,0.862,0.926,0.0,1.62,2.606
1784632083.2081118,17690,0,2820,0,1.0,0.863,0.926,0.0,1.621,2.606
1784632083.2259114,17700,0,2820,0,1.0,0.863,0.926,0.0,1.621,2.607
1784632083.244954,17710,0,2820,0,1.0,0.863,0.926,0.0,1.621,2.607
1784632083.2663941,17720,0,2820,0,1.0,0.863,0.926,0.0,1.621,2.607
1784632083.3070638,17730,0,2820,0,1.0,0.863,0.926,0.0,1.621,2.607
1784632083.3313596,17740,0,2820,0,1.0,0.863,0.926,0.0,1.622,2.607
1784632083.3473887,17750,0,2820,0,1.0,0.863,0.926,0.0,1.622,2.607
1784632083.3620198,17760,0,2820,0,1.0,0.863,0.926,0.0,1.622,2.607
1784632083.3810182,17770,0,2820,0,1.0,0.863,0.926,0.0,1.622,2.608
1784632083.4130917,17780,0,2820,0,1.0,0.863,0.927,0.0,1.622,2.608
1784632083.439494,17790,0,2820,0,1.0,0.863,0.927,0.0,1.623,2.608
1784632083.4603102,17800,0,2820,0,1.0,0.863,0.927,0.0,1.623,2.608
1784632083.577031,17810,0,2820,0,1.0,0.863,0.927,0.0,1.623,2.608
1784632083.6128323,17820,0,2820,0,1.0,0.863,0.927,0.0,1.623,2.609
1784632083.6459482,17830,0,2820,0,1.0,0.863,0.927,0.0,1.623,2.609
1784632083.6879065,17840,0,2820,0,1.0,0.864,0.927,0.0,1.623,2.609
1784632083.7172108,17850,0,2820,0,1.0,0.864,0.927,0.0,1.624,2.61
1784632083.733823,17860,0,2820,0,1.0,0.864,0.927,0.0,1.624,2.61
1784632083.7563918,17870,0,2820,0,1.0,0.864,0.927,0.0,1.624,2.61
1784632083.795123,17880,0,2820,0,1.0,0.864,0.927,0.0,1.624,2.611
1784632083.8082497,17890,0,2820,0,1.0,0.864,0.927,0.0,1.624,2.611
1784632083.8589878,17900,0,2820,0,1.0,0.864,0.927,0.0,1.624,2.611
1784632083.8935244,17910,0,2820,0,1.0,0.864,0.927,0.0,1.625,2.612
1784632083.9420135,17920,0,2820,0,1.0,0.864,0.927,0.0,1.625,2.612
1784632083.98108,17930,0,2820,0,1.0,0.864,0.927,0.0,1.625,2.612
1784632084.0308428,17940,0,2820,0,1.0,0.864,0.927,0.0,1.625,2.613
1784632084.1265342,17950,0,2820,0,1.0,0.864,0.927,0.0,1.625,2.613
1784632084.185722,17960,0,2820,0,1.0,0.864,0.927,0.0,1.625,2.614
1784632084.2722065,17970,0,2820,0,1.0,0.864,0.927,0.0,1.626,2.614
1784632084.3026443,17980,0,2820,0,1.0,0.864,0.927,0.0,1.626,2.615
1784632084.3283377,17990,0,2820,0,1.0,0.864,0.927,0.0,1.626,2.615
1784632084.416599,18000,0,2820,0,1.0,0.865,0.927,0.0,1.626,2.616
1784632084.4816165,18010,0,2820,0,1.0,0.865,0.927,0.0,1.626,2.616
1784632084.550737,18020,0,2820,0,1.0,0.865,0.927,0.0,1.627,2.617
1784632084.6066952,18030,0,2820,0,1.0,0.865,0.927,0.0,1.627,2.618
1784632084.6516335,18040,0,2820,0,1.0,0.865,0.928,0.0,1.627,2.618
1784632084.679359,18050,0,2820,0,1.0,0.865,0.928,0.0,1.627,2.619
1784632084.691984,18060,0,2820,0,1.0,0.865,0.928,0.0,1.627,2.62
1784632084.7129486,18070,0,2820,0,1.0,0.865,0.928,0.0,1.628,2.62
1784632084.7344968,18080,0,2820,0,1.0,0.865,0.928,0.0,1.628,2.621
1784632084.768063,18090,0,2820,0,1.0,0.865,0.928,0.0,1.628,2.622
1784632084.7962267,18100,0,2820,0,1.0,0.865,0.928,0.0,1.628,2.623
1784632084.8159595,18110,0,2820,0,1.0,0.865,0.928,0.0,1.628,2.623
1784632084.8358908,18120,0,2820,0,1.0,0.865,0.928,0.0,1.628,2.624
1784632084.855078,18130,0,2820,0,1.0,0.865,0.928,0.0,1.628,2.625
1784632084.8865676,18140,0,2820,0,1.0,0.865,0.928,0.0,1.629,2.625
1784632084.899088,18150,0,2820,0,1.0,0.866,0.928,0.0,1.629,2.626
1784632084.969826,18160,0,2820,0,1.0,0.866,0.928,0.0,1.629,2.627
1784632085.011542,18170,0,2820,0,1.0,0.866,0.928,0.0,1.629,2.628
1784632085.0336776,18180,0,2820,0,1.0,0.866,0.928,0.0,1.629,2.629
1784632085.0589087,18190,0,2820,0,1.0,0.866,0.928,0.0,1.629,2.629
1784632085.1103246,18200,0,2820,0,1.0,0.866,0.928,0.0,1.629,2.63
1784632085.163373,18210,0,2820,0,1.0,0.866,0.928,0.0,1.629,2.631
1784632085.202867,18220,0,2820,0,1.0,0.866,0.928,0.0,1.629,2.632
1784632085.2375638,18230,0,2820,0,1.0,0.866,0.928,0.0,1.629,2.633
1784632085.2676032,18240,0,2820,0,1.0,0.866,0.928,0.0,1.63,2.634
1784632085.2998686,18250,0,2820,0,1.0,0.866,0.928,0.0,1.63,2.635
1784632085.3293784,18260,0,2820,0,1.0,0.866,0.928,0.0,1.63,2.635
1784632085.3617277,18270,0,2820,0,1.0,0.866,0.928,0.0,1.63,2.636
1784632085.3899276,18280,0,2820,0,1.0,0.866,0.928,0.0,1.63,2.637
1784632085.4270296,18290,0,2820,0,1.0,0.866,0.928,0.0,1.63,2.638
1784632085.4666839,18300,0,2820,0,1.0,0.866,0.928,0.0,1.63,2.639
1784632085.495884,18310,0,2820,0,1.0,0.867,0.928,0.0,1.63,2.64
1784632085.5202672,18320,0,2820,0,1.0,0.867,0.929,0.0,1.63,2.641
1784632085.549973,18330,0,2820,0,1.0,0.867,0.929,0.0,1.63,2.642
1784632085.5806525,18340,0,2820,0,1.0,0.867,0.929,0.0,1.63,2.643
1784632085.6059208,18350,0,2820,0,1.0,0.867,0.929,0.0,1.631,2.644
1784632085.6360102,18360,0,2820,0,1.0,0.867,0.929,0.0,1.631,2.645
1784632085.6688447,18370,0,2820,0,1.0,0.867,0.929,0.0,1.631,2.646
1784632085.7125273,18380,0,2820,0,1.0,0.867,0.929,0.0,1.631,2.647
1784632085.7427907,18390,0,2820,0,1.0,0.867,0.929,0.0,1.631,2.648
1784632085.772294,18400,0,2820,0,1.0,0.867,0.929,0.0,1.631,2.649
1784632085.7980268,18410,0,2820,0,1.0,0.867,0.929,0.0,1.631,2.649
1784632085.8293622,18420,0,2820,0,1.0,0.867,0.929,0.0,1.631,2.65
1784632085.8533206,18430,0,2820,0,1.0,0.867,0.929,0.0,1.632,2.651
1784632085.8774984,18440,0,2820,0,1.0,0.867,0.929,0.0,1.632,2.652
1784632085.9022095,18450,0,2820,0,1.0,0.867,0.929,0.0,1.632,2.653
1784632085.9257212,18460,0,2820,0,1.0,0.867,0.929,0.0,1.632,2.654
1784632085.9505415,18470,0,2820,0,1.0,0.868,0.929,0.0,1.632,2.655
1784632085.9710267,18480,0,2820,0,1.0,0.868,0.929,0.0,1.632,2.656
1784632085.9895928,18490,0,2820,0,1.0,0.868,0.929,0.0,1.632,2.656
1784632086.0059905,18500,0,2820,0,1.0,0.868,0.929,0.0,1.633,2.656
1784632086.020757,18510,0,2820,0,1.0,0.868,0.929,0.0,1.633,2.656
1784632086.0394604,18520,0,2820,0,1.0,0.868,0.929,0.0,1.633,2.656
1784632086.053559,18530,0,2820,0,1.0,0.868,0.929,0.0,1.633,2.656
1784632086.078019,18540,0,2820,0,1.0,0.868,0.929,0.0,1.633,2.656
1784632086.0943298,18550,0,2820,0,1.0,0.868,0.929,0.0,1.633,2.655
1784632086.1122837,18560,0,2820,0,1.0,0.868,0.929,0.0,1.633,2.655
1784632086.1302989,18570,0,2820,0,1.0,0.868,0.929,0.0,1.634,2.655
1784632086.149933,18580,0,2820,0,1.0,0.868,0.929,0.0,1.634,2.655
1784632086.167841,18590,0,2820,0,1.0,0.868,0.929,0.0,1.634,2.655
1784632086.1935427,18600,0,2820,0,1.0,0.868,0.93,0.0,1.634,2.655
1784632086.2112613,18610,0,2820,0,1.0,0.868,0.93,0.0,1.634,2.655
1784632086.2300808,18620,0,2820,0,1.0,0.868,0.93,0.0,1.634,2.655
1784632086.247879,18630,0,2820,0,1.0,0.869,0.93,0.0,1.634,2.655
1784632086.2690425,18640,0,2820,0,1.0,0.869,0.93,0.0,1.634,2.655
1784632086.291865,18650,0,2820,0,1.0,0.869,0.93,0.0,1.635,2.655
1784632086.3133163,18660,0,2820,0,1.0,0.869,0.93,0.0,1.635,2.655
1784632086.339953,18670,0,2820,0,1.0,0.869,0.93,0.0,1.635,2.655
1784632086.359236,18680,0,2820,0,1.0,0.869,0.93,0.0,1.635,2.655
1784632086.3827515,18690,0,2820,0,1.0,0.869,0.93,0.0,1.635,2.655
1784632086.4317808,18700,0,2820,0,1.0,0.869,0.93,0.0,1.635,2.655
1784632086.4596837,18710,0,2820,0,1.0,0.869,0.93,0.0,1.635,2.655
1784632086.484962,18720,0,2820,0,1.0,0.869,0.93,0.0,1.635,2.656
1784632086.509003,18730,0,2820,0,1.0,0.869,0.93,0.0,1.635,2.656
1784632086.5314155,18740,0,2820,0,1.0,0.869,0.93,0.0,1.636,2.656
1784632086.5573606,18750,0,2820,0,1.0,0.869,0.93,0.0,1.636,2.656
1784632086.5797343,18760,0,2820,0,1.0,0.869,0.93,0.0,1.636,2.656
1784632086.5972621,18770,0,2820,0,1.0,0.869,0.93,0.0,1.636,2.656
1784632086.6334424,18780,0,2820,0,1.0,0.869,0.93,0.0,1.636,2.656
1784632086.654115,18790,0,2820,0,1.0,0.87,0.93,0.0,1.636,2.656
1784632086.6836696,18800,0,2820,0,1.0,0.87,0.93,0.0,1.636,2.656
1784632086.6998422,18810,0,2820,0,1.0,0.87,0.93,0.0,1.636,2.656
1784632086.7226138,18820,0,2820,0,1.0,0.87,0.93,0.0,1.636,2.656
1784632086.7534273,18830,0,2820,0,1.0,0.87,0.93,0.0,1.636,2.657
1784632086.7745361,18840,0,2820,0,1.0,0.87,0.93,0.0,1.637,2.657
1784632086.798962,18850,0,2820,0,1.0,0.87,0.93,0.0,1.637,2.657
1784632086.8205729,18860,0,2820,0,1.0,0.87,0.93,0.0,1.637,2.657
1784632086.8391197,18870,0,2820,0,1.0,0.87,0.93,0.0,1.637,2.657
1784632086.8639653,18880,0,2820,0,1.0,0.87,0.931,0.0,1.637,2.657
1784632086.8821745,18890,0,2820,0,1.0,0.87,0.931,0.0,1.637,2.657
1784632086.901783,18900,0,2820,0,1.0,0.87,0.931,0.0,1.637,2.657
1784632086.9244366,18910,0,2820,0,1.0,0.87,0.931,0.0,1.637,2.657
1784632086.9483178,18920,0,2820,0,1.0,0.87,0.931,0.0,1.637,2.658
1784632086.966101,18930,0,2820,0,1.0,0.87,0.931,0.0,1.638,2.658
1784632086.98779,18940,0,2820,0,1.0,0.87,0.931,0.0,1.638,2.658
1784632087.0059264,18950,0,2820,0,1.0,0.87,0.931,0.0,1.638,2.658
1784632087.0294387,18960,0,2820,0,1.0,0.871,0.931,0.0,1.638,2.658
1784632087.0545905,18970,0,2820,0,1.0,0.871,0.931,0.0,1.638,2.658
1784632087.0811875,18980,0,2820,0,1.0,0.871,0.931,0.0,1.638,2.658
1784632087.0930169,18990,0,2820,0,1.0,0.871,0.931,0.0,1.638,2.659
1784632087.1128447,19000,0,2820,0,1.0,0.871,0.931,0.0,1.638,2.659
1784632087.1348908,19010,0,2820,0,1.0,0.871,0.931,0.0,1.638,2.659
1784632087.1613617,19020,0,2820,0,1.0,0.871,0.931,0.0,1.639,2.659
1784632087.1847913,19030,0,2820,0,1.0,0.871,0.931,0.0,1.639,2.659
1784632087.204866,19040,0,2820,0,1.0,0.871,0.931,0.0,1.639,2.659
1784632087.228278,19050,0,2820,0,1.0,0.871,0.931,0.0,1.639,2.66
1784632087.2943382,19060,0,2820,0,1.0,0.871,0.931,0.0,1.639,2.66
1784632087.3808491,19070,0,2820,0,1.0,0.871,0.931,0.0,1.639,2.66
1784632087.4348629,19080,0,2820,0,1.0,0.871,0.931,0.0,1.639,2.66
1784632087.5275033,19090,0,2820,0,1.0,0.871,0.931,0.0,1.639,2.661
1784632087.608581,19100,0,2820,0,1.0,0.871,0.931,0.0,1.639,2.661
1784632087.6476874,19110,0,2820,0,1.0,0.871,0.931,0.0,1.639,2.661
1784632087.6907158,19120,0,2820,0,1.0,0.871,0.931,0.0,1.639,2.662
1784632087.7444944,19130,0,2820,0,1.0,0.872,0.931,0.0,1.64,2.662
1784632087.8023283,19140,0,2820,0,1.0,0.872,0.931,0.0,1.64,2.663
1784632087.8764691,19150,0,2820,0,1.0,0.872,0.931,0.0,1.64,2.663
1784632087.9405973,19160,0,2820,0,1.0,0.872,0.931,0.0,1.64,2.664
1784632087.976167,19170,0,2820,0,1.0,0.872,0.931,0.0,1.64,2.664
1784632088.058375,19180,0,2820,0,1.0,0.872,0.932,0.0,1.64,2.665
1784632088.103518,19190,0,2820,0,1.0,0.872,0.932,0.0,1.64,2.665
1784632088.1791723,19200,0,2820,0,1.0,0.872,0.932,0.0,1.64,2.666
1784632088.2101665,19210,0,2820,0,1.0,0.872,0.932,0.0,1.64,2.666
1784632088.2659218,19220,0,2820,0,1.0,0.872,0.932,0.0,1.64,2.667
1784632088.3126771,19230,0,2820,0,1.0,0.872,0.932,0.0,1.64,2.668
1784632088.3412297,19240,0,2820,0,1.0,0.872,0.932,0.0,1.64,2.668
1784632088.379845,19250,0,2820,0,1.0,0.872,0.932,0.0,1.641,2.669
1784632088.4011366,19260,0,2820,0,1.0,0.872,0.932,0.0,1.641,2.669
1784632088.426735,19270,0,2820,0,1.0,0.872,0.932,0.0,1.641,2.67
1784632088.4458714,19280,0,2820,0,1.0,0.872,0.932,0.0,1.641,2.671
1784632088.4891367,19290,0,2820,0,1.0,0.872,0.932,0.0,1.641,2.671
1784632088.5407653,19300,0,2820,0,1.0,0.873,0.932,0.0,1.641,2.672
1784632088.59382,19310,0,2820,0,1.0,0.873,0.932,0.0,1.641,2.673
1784632088.6511016,19320,0,2820,0,1.0,0.873,0.932,0.0,1.641,2.674
1784632088.70928,19330,0,2820,0,1.0,0.873,0.932,0.0,1.641,2.674
1784632088.7595973,19340,0,2820,0,1.0,0.873,0.932,0.0,1.641,2.675
1784632088.8389115,19350,0,2820,0,1.0,0.873,0.932,0.0,1.641,2.676
1784632088.8834155,19360,0,2820,0,1.0,0.873,0.932,0.0,1.641,2.677
1784632088.910363,19370,0,2820,0,1.0,0.873,0.932,0.0,1.641,2.678
1784632088.9483871,19380,0,2820,0,1.0,0.873,0.932,0.0,1.641,2.678
1784632088.9894972,19390,0,2820,0,1.0,0.873,0.932,0.0,1.641,2.679
1784632089.0105474,19400,0,2820,0,1.0,0.873,0.932,0.0,1.641,2.68
1784632089.0328631,19410,0,2820,0,1.0,0.873,0.932,0.0,1.641,2.681
1784632089.0544665,19420,0,2820,0,1.0,0.873,0.932,0.0,1.641,2.682
1784632089.0732722,19430,0,2820,0,1.0,0.873,0.932,0.0,1.641,2.683
1784632089.0982842,19440,0,2820,0,1.0,0.873,0.932,0.0,1.641,2.684
1784632089.1255155,19450,0,2820,0,1.0,0.873,0.932,0.0,1.641,2.684
1784632089.1515312,19460,0,2820,0,1.0,0.873,0.932,0.0,1.641,2.685
1784632089.1685944,19470,0,2820,0,1.0,0.873,0.932,0.0,1.641,2.686
1784632089.1909878,19480,0,2820,0,1.0,0.874,0.933,0.0,1.641,2.687
1784632089.209692,19490,0,2820,0,1.0,0.874,0.933,0.0,1.641,2.688
1784632089.2350855,19500,0,2820,0,1.0,0.874,0.933,0.0,1.641,2.689
1784632089.2686474,19510,0,2820,0,1.0,0.874,0.933,0.0,1.641,2.69
1784632089.2881567,19520,0,2820,0,1.0,0.874,0.933,0.0,1.641,2.691
1784632089.306564,19530,0,2820,0,1.0,0.874,0.933,0.0,1.642,2.692
1784632089.329262,19540,0,2820,0,1.0,0.874,0.933,0.0,1.642,2.692
1784632089.361297,19550,0,2820,0,1.0,0.874,0.933,0.0,1.642,2.693
1784632089.3904276,19560,0,2820,0,1.0,0.874,0.933,0.0,1.642,2.694
1784632089.4146173,19570,0,2820,0,1.0,0.874,0.933,0.0,1.642,2.695
1784632089.440548,19580,0,2820,0,1.0,0.874,0.933,0.0,1.642,2.696
1784632089.4757369,19590,0,2820,0,1.0,0.874,0.933,0.0,1.642,2.697
1784632089.4989905,19600,0,2820,0,1.0,0.874,0.933,0.0,1.642,2.698
1784632089.5259383,19610,0,2820,0,1.0,0.874,0.933,0.0,1.642,2.699
1784632089.548828,19620,0,2820,0,1.0,0.874,0.933,0.0,1.642,2.7
1784632089.5696142,19630,0,2820,0,1.0,0.874,0.933,0.0,1.642,2.701
1784632089.5925553,19640,0,2820,0,1.0,0.874,0.933,0.0,1.642,2.702
1784632089.6267505,19650,0,2820,0,1.0,0.874,0.933,0.0,1.642,2.703
1784632089.6585119,19660,0,2820,0,1.0,0.875,0.933,0.0,1.642,2.704
1784632089.6813693,19670,0,2820,0,1.0,0.875,0.933,0.0,1.642,2.705
1784632089.701477,19680,0,2820,0,1.0,0.875,0.933,0.0,1.642,2.705
1784632089.7310374,19690,0,2820,0,1.0,0.875,0.933,0.0,1.642,2.706
1784632089.7535434,19700,0,2820,0,1.0,0.875,0.933,0.0,1.642,2.707
1784632089.774046,19710,0,2820,0,1.0,0.875,0.933,0.0,1.642,2.708
1784632089.793494,19720,0,2820,0,1.0,0.875,0.933,0.0,1.642,2.709
1784632089.809217,19730,0,2820,0,1.0,0.875,0.933,0.0,1.642,2.71
1784632089.8373294,19740,0,2820,0,1.0,0.875,0.933,0.0,1.642,2.711
1784632089.8584273,19750,0,2820,0,1.0,0.875,0.933,0.0,1.642,2.711
1784632089.8860865,19760,0,2820,0,1.0,0.875,0.933,0.0,1.642,2.711
1784632089.907513,19770,0,2820,0,1.0,0.875,0.933,0.0,1.643,2.711
1784632089.9305146,19780,0,2820,0,1.0,0.875,0.933,0.0,1.643,2.711
1784632089.9667685,19790,0,2820,0,1.0,0.875,0.933,0.0,1.643,2.711
1784632089.9928806,19800,0,2820,0,1.0,0.875,0.934,0.0,1.643,2.711
1784632090.0151734,19810,0,2820,0,1.0,0.875,0.934,0.0,1.643,2.711
1784632090.0334477,19820,0,2820,0,1.0,0.875,0.934,0.0,1.643,2.711
1784632090.06301,19830,0,2820,0,1.0,0.875,0.934,0.0,1.644,2.711
1784632090.0860033,19840,0,2820,0,1.0,0.876,0.934,0.0,1.644,2.711
1784632090.1223907,19850,0,2820,0,1.0,0.876,0.934,0.0,1.644,2.711
1784632090.1495855,19860,0,2820,0,1.0,0.876,0.934,0.0,1.644,2.711
1784632090.1829762,19870,0,2820,0,1.0,0.876,0.934,0.0,1.644,2.711
1784632090.2152984,19880,0,2820,0,1.0,0.876,0.934,0.0,1.644,2.711
1784632090.2398229,19890,0,2820,0,1.0,0.876,0.934,0.0,1.644,2.711
1784632090.2564287,19900,0,2820,0,1.0,0.876,0.934,0.0,1.644,2.711
1784632090.2845156,19910,0,2820,0,1.0,0.876,0.934,0.0,1.645,2.711
1784632090.3109102,19920,0,2820,0,1.0,0.876,0.934,0.0,1.645,2.711
1784632090.3424275,19930,0,2820,0,1.0,0.876,0.934,0.0,1.645,2.711
1784632090.3849425,19940,0,2820,0,1.0,0.876,0.934,0.0,1.645,2.711
1784632090.4098098,19950,0,2820,0,1.0,0.876,0.934,0.0,1.645,2.712
1784632090.4495134,19960,0,2820,0,1.0,0.876,0.934,0.0,1.645,2.712
1784632090.4970808,19970,0,2820,0,1.0,0.876,0.934,0.0,1.645,2.712
1784632090.5310867,19980,0,2820,0,1.0,0.876,0.934,0.0,1.646,2.712
1784632090.5742486,19990,0,2820,0,1.0,0.876,0.934,0.0,1.646,2.712
1784632090.6191049,20000,0,2820,0,1.0,0.876,0.934,0.0,1.646,2.712
1784632090.6492157,20010,0,2820,0,1.0,0.876,0.934,0.0,1.646,2.713
1784632090.678998,20020,0,2820,0,1.0,0.877,0.934,0.0,1.646,2.713
1784632090.709372,20030,0,2820,0,1.0,0.877,0.934,0.0,1.646,2.713
1784632090.7354324,20040,0,2820,0,1.0,0.877,0.934,0.0,1.646,2.713
1784632090.7623875,20050,0,2820,0,1.0,0.877,0.934,0.0,1.646,2.713
1784632090.7811298,20060,0,2820,0,1.0,0.877,0.934,0.0,1.646,2.714
1784632090.8076632,20070,0,2820,0,1.0,0.877,0.934,0.0,1.647,2.714
1784632090.831722,20080,0,2820,0,1.0,0.877,0.934,0.0,1.647,2.714
1784632090.8494701,20090,0,2820,0,1.0,0.877,0.934,0.0,1.647,2.714
1784632090.8751748,20100,0,2820,0,1.0,0.877,0.934,0.0,1.647,2.715
1784632090.889244,20110,0,2820,0,1.0,0.877,0.934,0.0,1.647,2.715
1784632090.9280238,20120,0,2820,0,1.0,0.877,0.935,0.0,1.647,2.715
1784632090.9520779,20130,0,2820,0,1.0,0.877,0.935,0.0,1.647,2.716
1784632091.0072846,20140,0,2820,0,1.0,0.877,0.935,0.0,1.647,2.716
1784632091.101608,20150,0,2820,0,1.0,0.877,0.935,0.0,1.647,2.716
1784632091.193246,20160,0,2820,0,1.0,0.877,0.935,0.0,1.647,2.717
1784632091.2969487,20170,0,2820,0,1.0,0.877,0.935,0.0,1.647,2.717
1784632091.3741663,20180,0,2820,0,1.0,0.877,0.935,0.0,1.648,2.718
1784632091.4686625,20190,0,2820,0,1.0,0.877,0.935,0.0,1.648,2.718
1784632091.5497625,20200,0,2820,0,1.0,0.877,0.935,0.0,1.648,2.719
1784632091.6494064,20210,0,2820,0,1.0,0.878,0.935,0.0,1.648,2.719
1784632091.7129433,20220,0,2820,0,1.0,0.878,0.935,0.0,1.648,2.72
1784632091.8062665,20230,0,2820,0,1.0,0.878,0.935,0.0,1.648,2.72
1784632091.8687396,20240,0,2820,0,1.0,0.878,0.935,0.0,1.648,2.721
1784632091.9482496,20250,0,2820,0,1.0,0.878,0.935,0.0,1.648,2.722
1784632092.0170238,20260,0,2820,0,1.0,0.878,0.935,0.0,1.648,2.723
1784632092.084711,20270,0,2820,0,1.0,0.878,0.935,0.0,1.648,2.723
1784632092.16262,20280,0,2820,0,1.0,0.878,0.935,0.0,1.648,2.724
1784632092.2108886,20290,0,2820,0,1.0,0.878,0.935,0.0,1.649,2.725
1784632092.2759948,20300,0,2820,0,1.0,0.878,0.935,0.0,1.649,2.726
1784632092.3431523,20310,0,2820,0,1.0,0.878,0.935,0.0,1.649,2.727
1784632092.4099011,20320,0,2820,0,1.0,0.878,0.935,0.0,1.649,2.728
1784632092.4766886,20330,0,2820,0,1.0,0.878,0.935,0.0,1.649,2.729
1784632092.5535073,20340,0,2820,0,1.0,0.878,0.935,0.0,1.649,2.729
1784632092.6625054,20350,0,2820,0,1.0,0.878,0.935,0.0,1.649,2.73
1784632092.7045882,20360,0,2820,0,1.0,0.878,0.935,0.0,1.649,2.731
1784632092.744583,20370,0,2820,0,1.0,0.878,0.935,0.0,1.649,2.733
1784632092.771686,20380,0,2820,0,1.0,0.878,0.935,0.0,1.649,2.734
1784632092.7986903,20390,0,2820,0,1.0,0.879,0.935,0.0,1.649,2.735
1784632092.8209894,20400,0,2820,0,1.0,0.879,0.935,0.0,1.649,2.736
1784632092.841342,20410,0,2820,0,1.0,0.879,0.935,0.0,1.649,2.737
1784632092.8604152,20420,0,2820,0,1.0,0.879,0.935,0.0,1.649,2.738
1784632092.8892488,20430,0,2820,0,1.0,0.879,0.935,0.0,1.649,2.739
1784632092.906312,20440,0,2820,0,1.0,0.879,0.935,0.0,1.649,2.74
1784632092.9266868,20450,0,2820,0,1.0,0.879,0.935,0.0,1.649,2.741
1784632092.9554079,20460,0,2820,0,1.0,0.879,0.936,0.0,1.649,2.742
1784632092.981461,20470,0,2820,0,1.0,0.879,0.936,0.0,1.649,2.743
1784632093.0042105,20480,0,2820,0,1.0,0.879,0.936,0.0,1.649,2.744
1784632093.0247703,20490,0,2820,0,1.0,0.879,0.936,0.0,1.649,2.745
1784632093.0497642,20500,0,2820,0,1.0,0.879,0.936,0.0,1.649,2.747
1784632093.0723085,20510,0,2820,0,1.0,0.879,0.936,0.0,1.649,2.748
1784632093.0941796,20520,0,2820,0,1.0,0.879,0.936,0.0,1.649,2.749
1784632093.1226728,20530,0,2820,0,1.0,0.879,0.936,0.0,1.649,2.75
1784632093.1510856,20540,0,2820,0,1.0,0.879,0.936,0.0,1.649,2.751
1784632093.1761959,20550,0,2820,0,1.0,0.879,0.936,0.0,1.649,2.752
1784632093.1974602,20560,0,2820,0,1.0,0.879,0.936,0.0,1.649,2.753
1784632093.2158763,20570,0,2820,0,1.0,0.879,0.936,0.0,1.649,2.755
1784632093.2328522,20580,0,2820,0,1.0,0.879,0.936,0.0,1.649,2.756
1784632093.259338,20590,0,2820,0,1.0,0.88,0.936,0.0,1.649,2.757
1784632093.287616,20600,0,2820,0,1.0,0.88,0.936,0.0,1.649,2.758
1784632093.3132017,20610,0,2820,0,1.0,0.88,0.936,0.0,1.649,2.759
1784632093.336964,20620,0,2820,0,1.0,0.88,0.936,0.0,1.649,2.76
1784632093.3577287,20630,0,2820,0,1.0,0.88,0.936,0.0,1.649,2.762
1784632093.3763163,20640,0,2820,0,1.0,0.88,0.936,0.0,1.649,2.763
1784632093.3993049,20650,0,2820,0,1.0,0.88,0.936,0.0,1.649,2.764
1784632093.4224932,20660,0,2820,0,1.0,0.88,0.936,0.0,1.649,2.765
1784632093.4457085,20670,0,2820,0,1.0,0.88,0.936,0.0,1.649,2.766
1784632093.4705997,20680,0,2820,0,1.0,0.88,0.936,0.0,1.649,2.768
1784632093.4953008,20690,0,2820,0,1.0,0.88,0.936,0.0,1.649,2.769
1784632093.5183158,20700,0,2820,0,1.0,0.88,0.936,0.0,1.649,2.77
1784632093.543932,20710,0,2820,0,1.0,0.88,0.936,0.0,1.649,2.771
1784632093.5749915,20720,0,2820,0,1.0,0.88,0.936,0.0,1.649,2.772
1784632093.6123328,20730,0,2820,0,1.0,0.88,0.936,0.0,1.649,2.774
1784632093.6397836,20740,0,2820,0,1.0,0.88,0.936,0.0,1.649,2.775
1784632093.6704147,20750,0,2820,0,1.0,0.88,0.936,0.0,1.649,2.776
1784632093.690711,20760,0,2820,0,1.0,0.88,0.936,0.0,1.649,2.777
1784632093.7148314,20770,0,2820,0,1.0,0.88,0.936,0.0,1.649,2.779
1784632093.7323587,20780,0,2820,0,1.0,0.881,0.936,0.0,1.649,2.78
1784632093.756295,20790,0,2820,0,1.0,0.881,0.936,0.0,1.649,2.781
1784632093.7813246,20800,0,2820,0,1.0,0.881,0.937,0.0,1.649,2.783
1784632093.8109162,20810,0,2820,0,1.0,0.881,0.937,0.0,1.649,2.784
1784632093.8287024,20820,0,2820,0,1.0,0.881,0.937,0.0,1.649,2.785
1784632093.8541927,20830,0,2820,0,1.0,0.881,0.937,0.0,1.649,2.786
1784632093.874091,20840,0,2820,0,1.0,0.881,0.937,0.0,1.649,2.788
1784632093.8991833,20850,0,2820,0,1.0,0.881,0.937,0.0,1.649,2.789
1784632093.9256802,20860,0,2820,0,1.0,0.881,0.937,0.0,1.649,2.79
1784632093.955557,20870,0,2820,0,1.0,0.881,0.937,0.0,1.649,2.791
1784632093.9700067,20880,0,2820,0,1.0,0.881,0.937,0.0,1.649,2.793
1784632094.0029426,20890,0,2820,0,1.0,0.881,0.937,0.0,1.649,2.794
1784632094.0265436,20900,0,2820,0,1.0,0.881,0.937,0.0,1.649,2.795
1784632094.0513384,20910,0,2820,0,1.0,0.881,0.937,0.0,1.649,2.797
1784632094.0711231,20920,0,2820,0,1.0,0.881,0.937,0.0,1.649,2.798
1784632094.096863,20930,0,2820,0,1.0,0.881,0.937,0.0,1.649,2.799
1784632094.1196442,20940,0,2820,0,1.0,0.881,0.937,0.0,1.649,2.801
1784632094.1410694,20950,0,2820,0,1.0,0.881,0.937,0.0,1.649,2.802
1784632094.1635444,20960,0,2820,0,1.0,0.881,0.937,0.0,1.649,2.803
1784632094.1952538,20970,0,2820,0,1.0,0.881,0.937,0.0,1.649,2.804
1784632094.2212212,20980,0,2820,0,1.0,0.882,0.937,0.0,1.649,2.806
1784632094.2466097,20990,0,2820,0,1.0,0.882,0.937,0.0,1.649,2.807
1784632094.2778444,21000,0,2820,0,1.0,0.882,0.937,0.0,1.649,2.808
1784632094.306992,21010,0,2820,0,1.0,0.882,0.937,0.0,1.649,2.81
1784632094.3374758,21020,0,2820,0,1.0,0.882,0.937,0.0,1.649,2.811
1784632094.3616729,21030,0,2820,0,1.0,0.882,0.937,0.0,1.649,2.813
1784632094.3955045,21040,0,2820,0,1.0,0.882,0.937,0.0,1.65,2.814
1784632094.4199052,21050,0,2820,0,1.0,0.882,0.937,0.0,1.65,2.815
1784632094.4557686,21060,0,2820,0,1.0,0.882,0.937,0.0,1.65,2.817
1784632094.474509,21070,0,2820,0,1.0,0.882,0.937,0.0,1.65,2.818
1784632094.5031564,21080,0,2820,0,1.0,0.882,0.937,0.0,1.65,2.819
1784632094.5199468,21090,0,2820,0,1.0,0.882,0.937,0.0,1.65,2.821
1784632094.5433605,21100,0,2820,0,1.0,0.882,0.937,0.0,1.65,2.822
1784632094.5680926,21110,0,2820,0,1.0,0.882,0.937,0.0,1.65,2.824
1784632094.5924766,21120,0,2820,0,1.0,0.882,0.937,0.0,1.65,2.825
1784632094.619671,21130,0,2820,0,1.0,0.882,0.937,0.0,1.65,2.827
1784632094.6518507,21140,0,2820,0,1.0,0.882,0.937,0.0,1.65,2.828
1784632094.6816957,21150,0,2820,0,1.0,0.882,0.938,0.0,1.65,2.829
1784632094.7680032,21160,0,2820,0,1.0,0.882,0.938,0.0,1.65,2.831
1784632094.8566647,21170,0,2820,0,1.0,0.882,0.938,0.0,1.65,2.832
1784632094.9253747,21180,0,2820,0,1.0,0.882,0.938,0.0,1.65,2.834
1784632094.9848244,21190,0,2820,0,1.0,0.883,0.938,0.0,1.65,2.835
1784632095.0173917,21200,0,2820,0,1.0,0.883,0.938,0.0,1.65,2.837
1784632095.060364,21210,0,2820,0,1.0,0.883,0.938,0.0,1.65,2.839
1784632095.1345444,21220,0,2820,0,1.0,0.883,0.938,0.0,1.65,2.84
1784632095.2070072,21230,0,2820,0,1.0,0.883,0.938,0.0,1.65,2.842
1784632095.2906656,21240,0,2820,0,1.0,0.883,0.938,0.0,1.65,2.843
1784632095.3143795,21250,0,2820,0,1.0,0.883,0.938,0.0,1.65,2.845
1784632095.3903763,21260,0,2820,0,1.0,0.883,0.938,0.0,1.65,2.847
1784632095.436012,21270,0,2820,0,1.0,0.883,0.938,0.0,1.65,2.849
1784632095.5220675,21280,0,2820,0,1.0,0.883,0.938,0.0,1.65,2.85
1784632095.5883417,21290,0,2820,0,1.0,0.883,0.938,0.0,1.65,2.852
1784632095.6202736,21300,0,2820,0,1.0,0.883,0.938,0.0,1.651,2.853
1784632095.6496,21310,0,2820,0,1.0,0.883,0.938,0.0,1.651,2.854
1784632095.7025876,21320,0,2820,0,1.0,0.883,0.938,0.0,1.651,2.855
1784632095.7456045,21330,0,2820,0,1.0,0.883,0.938,0.0,1.651,2.855
1784632095.7918773,21340,0,2820,0,1.0,0.883,0.938,0.0,1.651,2.856
1784632095.850725,21350,0,2820,0,1.0,0.883,0.938,0.0,1.651,2.857
1784632095.8963947,21360,0,2820,0,1.0,0.883,0.938,0.0,1.651,2.858
1784632095.9308326,21370,0,2820,0,1.0,0.883,0.938,0.0,1.652,2.859
1784632095.9907641,21380,0,2820,0,1.0,0.883,0.938,0.0,1.652,2.86
1784632096.0383055,21390,0,2820,0,1.0,0.884,0.938,0.0,1.652,2.861
1784632096.1138287,21400,0,2820,0,1.0,0.884,0.938,0.0,1.652,2.862
1784632096.1692145,21410,0,2820,0,1.0,0.884,0.938,0.0,1.652,2.863
1784632096.2384222,21420,0,2820,0,1.0,0.884,0.938,0.0,1.652,2.864
1784632096.311959,21430,0,2820,0,1.0,0.884,0.938,0.0,1.652,2.865
1784632096.392896,21440,0,2820,0,1.0,0.884,0.938,0.0,1.652,2.866
1784632096.4187796,21450,0,2820,0,1.0,0.884,0.938,0.0,1.652,2.867
1784632096.4475405,21460,0,2820,0,1.0,0.884,0.938,0.0,1.653,2.868
1784632096.4658563,21470,0,2820,0,1.0,0.884,0.938,0.0,1.653,2.87
1784632096.484662,21480,0,2820,0,1.0,0.884,0.938,0.0,1.653,2.871
1784632096.5119758,21490,0,2820,0,1.0,0.884,0.938,0.0,1.653,2.872
1784632096.5457191,21500,0,2820,0,1.0,0.884,0.938,0.0,1.653,2.873
1784632096.5657723,21510,0,2820,0,1.0,0.884,0.938,0.0,1.653,2.874
1784632096.6009257,21520,0,2820,0,1.0,0.884,0.939,0.0,1.653,2.875
1784632096.6321416,21530,0,2820,0,1.0,0.884,0.939,0.0,1.653,2.877
1784632096.6549475,21540,0,2820,0,1.0,0.884,0.939,0.0,1.653,2.878
1784632096.6886902,21550,0,2820,0,1.0,0.884,0.939,0.0,1.653,2.879
1784632096.714927,21560,0,2820,0,1.0,0.884,0.939,0.0,1.654,2.88
1784632096.740723,21570,0,2820,0,1.0,0.884,0.939,0.0,1.654,2.881
1784632096.7718053,21580,0,2820,0,1.0,0.884,0.939,0.0,1.654,2.883
1784632096.795627,21590,0,2820,0,1.0,0.884,0.939,0.0,1.654,2.884
1784632096.82498,21600,0,2820,0,1.0,0.885,0.939,0.0,1.654,2.885
1784632096.8544881,21610,0,2820,0,1.0,0.885,0.939,0.0,1.654,2.886
1784632096.8776422,21620,0,2820,0,1.0,0.885,0.939,0.0,1.654,2.887
1784632096.9033709,21630,0,2820,0,1.0,0.885,0.939,0.0,1.654,2.889
1784632096.9299264,21640,0,2820,0,1.0,0.885,0.939,0.0,1.654,2.89
1784632096.9604306,21650,0,2820,0,1.0,0.885,0.939,0.0,1.655,2.891
1784632096.980275,21660,0,2820,0,1.0,0.885,0.939,0.0,1.655,2.892
1784632097.0021808,21670,0,2820,0,1.0,0.885,0.939,0.0,1.655,2.894
1784632097.0217843,21680,0,2820,0,1.0,0.885,0.939,0.0,1.655,2.895
1784632097.0449533,21690,0,2820,0,1.0,0.885,0.939,0.0,1.655,2.896
1784632097.0821185,21700,0,2820,0,1.0,0.885,0.939,0.0,1.655,2.898
1784632097.108077,21710,0,2820,0,1.0,0.885,0.939,0.0,1.655,2.899
1784632097.1859944,21720,0,2820,0,1.0,0.885,0.939,0.0,1.655,2.9
1784632097.211947,21730,0,2820,0,1.0,0.885,0.939,0.0,1.655,2.901
1784632097.2417977,21740,0,2820,0,1.0,0.885,0.939,0.0,1.655,2.903
1784632097.2647653,21750,0,2820,0,1.0,0.885,0.939,0.0,1.656,2.904
1784632097.296489,21760,0,2820,0,1.0,0.885,0.939,0.0,1.656,2.905
1784632097.3204541,21770,0,2820,0,1.0,0.885,0.939,0.0,1.656,2.907
1784632097.3364398,21780,0,2820,0,1.0,0.885,0.939,0.0,1.656,2.908
1784632097.3535192,21790,0,2820,0,1.0,0.885,0.939,0.0,1.656,2.91
1784632097.371232,21800,0,2820,0,1.0,0.885,0.939,0.0,1.656,2.911
1784632097.399165,21810,0,2820,0,1.0,0.886,0.939,0.0,1.656,2.912
1784632097.4239454,21820,0,2820,0,1.0,0.886,0.939,0.0,1.656,2.914
1784632097.4469092,21830,0,2820,0,1.0,0.886,0.939,0.0,1.656,2.915
1784632097.4756978,21840,0,2820,0,1.0,0.886,0.939,0.0,1.656,2.916
1784632097.4949315,21850,0,2820,0,1.0,0.886,0.939,0.0,1.657,2.918
1784632097.5251257,21860,0,2820,0,1.0,0.886,0.939,0.0,1.657,2.919
1784632097.5499601,21870,0,2820,0,1.0,0.886,0.939,0.0,1.657,2.92
1784632097.581463,21880,0,2820,0,1.0,0.886,0.939,0.0,1.657,2.922
1784632097.614425,21890,0,2820,0,1.0,0.886,0.939,0.0,1.657,2.923
1784632097.6535938,21900,0,2820,0,1.0,0.886,0.94,0.0,1.657,2.925
1784632097.684285,21910,0,2820,0,1.0,0.886,0.94,0.0,1.657,2.926
1784632097.709611,21920,0,2820,0,1.0,0.886,0.94,0.0,1.657,2.927
1784632097.7401257,21930,0,2820,0,1.0,0.886,0.94,0.0,1.657,2.929
1784632097.755258,21940,0,2820,0,1.0,0.886,0.94,0.0,1.658,2.93
1784632097.7759442,21950,0,2820,0,1.0,0.886,0.94,0.0,1.658,2.932
1784632097.8062773,21960,0,2820,0,1.0,0.886,0.94,0.0,1.658,2.933
1784632097.830661,21970,0,2820,0,1.0,0.886,0.94,0.0,1.658,2.935
1784632097.860524,21980,0,2820,0,1.0,0.886,0.94,0.0,1.658,2.936
1784632097.8926663,21990,0,2820,0,1.0,0.886,0.94,0.0,1.658,2.937
1784632097.9168684,22000,0,2820,0,1.0,0.886,0.94,0.0,1.658,2.939
1784632097.9458978,22010,0,2820,0,1.0,0.886,0.94,0.0,1.658,2.94
1784632097.9643717,22020,0,2820,0,1.0,0.886,0.94,0.0,1.658,2.942
1784632097.983823,22030,0,2820,0,1.0,0.887,0.94,0.0,1.659,2.943
1784632098.007705,22040,0,2820,0,1.0,0.887,0.94,0.0,1.659,2.945
1784632098.027173,22050,0,2820,0,1.0,0.887,0.94,0.0,1.659,2.946
1784632098.0518703,22060,0,2820,0,1.0,0.887,0.94,0.0,1.659,2.948
1784632098.0792744,22070,0,2820,0,1.0,0.887,0.94,0.0,1.659,2.949
1784632098.10768,22080,0,2820,0,1.0,0.887,0.94,0.0,1.659,2.951
1784632098.1343467,22090,0,2820,0,1.0,0.887,0.94,0.0,1.659,2.952
1784632098.1655104,22100,0,2820,0,1.0,0.887,0.94,0.0,1.659,2.954
1784632098.1870668,22110,0,2820,0,1.0,0.887,0.94,0.0,1.659,2.955
1784632098.201928,22120,0,2820,0,1.0,0.887,0.94,0.0,1.659,2.957
1784632098.2260897,22130,0,2820,0,1.0,0.887,0.94,0.0,1.659,2.958
1784632098.2522125,22140,0,2820,0,1.0,0.887,0.94,0.0,1.66,2.96
1784632098.268235,22150,0,2820,0,1.0,0.887,0.94,0.0,1.66,2.961
1784632098.2952862,22160,0,2820,0,1.0,0.887,0.94,0.0,1.66,2.963
1784632098.3122387,22170,0,2820,0,1.0,0.887,0.94,0.0,1.66,2.964
1784632098.3364499,22180,0,2820,0,1.0,0.887,0.94,0.0,1.66,2.966
1784632098.3582585,22190,0,2820,0,1.0,0.887,0.94,0.0,1.66,2.968
1784632098.3818488,22200,0,2820,0,1.0,0.887,0.94,0.0,1.66,2.969
1784632098.4754395,22210,0,2820,0,1.0,0.887,0.94,0.0,1.66,2.971
1784632098.552172,22220,0,2820,0,1.0,0.887,0.94,0.0,1.66,2.972
1784632098.5967011,22230,0,2820,0,1.0,0.887,0.94,0.0,1.66,2.974
1784632098.6112359,22240,0,2820,0,1.0,0.887,0.94,0.0,1.66,2.976
1784632098.6251166,22250,0,2820,0,1.0,0.888,0.94,0.0,1.66,2.977
1784632098.640225,22260,0,2820,0,1.0,0.888,0.94,0.0,1.66,2.979
1784632098.654428,22270,0,2820,0,1.0,0.888,0.94,0.0,1.66,2.981
1784632098.676161,22280,0,2820,0,1.0,0.888,0.94,0.0,1.661,2.982
1784632098.705254,22290,0,2820,0,1.0,0.888,0.941,0.0,1.661,2.984
1784632098.728608,22300,0,2820,0,1.0,0.888,0.941,0.0,1.661,2.985
1784632098.75822,22310,0,2820,0,1.0,0.888,0.941,0.0,1.661,2.987
1784632098.7992423,22320,0,2820,0,1.0,0.888,0.941,0.0,1.661,2.989
1784632098.860751,22330,0,2820,0,1.0,0.888,0.941,0.0,1.661,2.991
1784632098.9366996,22340,0,2820,0,1.0,0.888,0.941,0.0,1.661,2.992
1784632099.0109954,22350,0,2820,0,1.0,0.888,0.941,0.0,1.661,2.994
1784632099.0702724,22360,0,2820,0,1.0,0.888,0.941,0.0,1.661,2.996
1784632099.1791728,22370,0,2820,0,1.0,0.888,0.941,0.0,1.661,2.998
1784632099.2079887,22380,0,2820,0,1.0,0.888,0.941,0.0,1.661,2.999
1784632099.2694297,22390,0,2820,0,1.0,0.888,0.941,0.0,1.661,3.001
1784632099.3442242,22400,0,2820,0,1.0,0.888,0.941,0.0,1.662,3.003
1784632099.3886595,22410,0,2820,0,1.0,0.888,0.941,0.0,1.662,3.005
1784632099.4773622,22420,0,2820,0,1.0,0.888,0.941,0.0,1.662,3.007
1784632099.5319242,22430,0,2820,0,1.0,0.888,0.941,0.0,1.662,3.009
1784632099.6205986,22440,0,2820,0,1.0,0.888,0.941,0.0,1.662,3.011
1784632099.653252,22450,0,2820,0,1.0,0.888,0.941,0.0,1.662,3.013
1784632099.676403,22460,0,2820,0,1.0,0.888,0.941,0.0,1.662,3.015
1784632099.7535226,22470,0,2820,0,1.0,0.888,0.941,0.0,1.662,3.017
1784632099.781523,22480,0,2820,0,1.0,0.889,0.941,0.0,1.662,3.019
1784632099.7981982,22490,0,2820,0,1.0,0.889,0.941,0.0,1.662,3.021
1784632099.8145566,22500,0,2820,0,1.0,0.889,0.941,0.0,1.662,3.023
1784632099.8395529,22510,0,2820,0,1.0,0.889,0.941,0.0,1.662,3.025
1784632099.8652036,22520,0,2820,0,1.0,0.889,0.941,0.0,1.662,3.027
1784632099.8996518,22530,0,2820,0,1.0,0.889,0.941,0.0,1.662,3.029
1784632099.9314232,22540,0,2820,0,1.0,0.889,0.941,0.0,1.663,3.031
1784632099.9599857,22550,0,2820,0,1.0,0.889,0.941,0.0,1.663,3.033
1784632100.0027037,22560,0,2820,0,1.0,0.889,0.941,0.0,1.663,3.035
1784632100.055673,22570,0,2820,0,1.0,0.889,0.941,0.0,1.663,3.037
1784632100.0941837,22580,0,2820,0,1.0,0.889,0.941,0.0,1.663,3.039
1784632100.1211622,22590,0,2820,0,1.0,0.889,0.941,0.0,1.663,3.041
1784632100.15462,22600,0,2820,0,1.0,0.889,0.941,0.0,1.663,3.043
1784632100.1873715,22610,0,2820,0,1.0,0.889,0.941,0.0,1.663,3.046
1784632100.2034266,22620,0,2820,0,1.0,0.889,0.941,0.0,1.663,3.048
1784632100.2309923,22630,0,2820,0,1.0,0.889,0.941,0.0,1.663,3.05
1784632100.2696035,22640,0,2820,0,1.0,0.889,0.941,0.0,1.663,3.052
1784632100.3131647,22650,0,2820,0,1.0,0.889,0.941,0.0,1.663,3.054
1784632100.327139,22660,0,2820,0,1.0,0.889,0.941,0.0,1.663,3.056
1784632100.354208,22670,0,2820,0,1.0,0.889,0.941,0.0,1.663,3.058
1784632100.3810272,22680,0,2820,0,1.0,0.889,0.941,0.0,1.663,3.061
1784632100.4014494,22690,0,2820,0,1.0,0.889,0.941,0.0,1.663,3.063
1784632100.4165854,22700,0,2820,0,1.0,0.889,0.942,0.0,1.663,3.065
1784632100.4538295,22710,0,2820,0,1.0,0.89,0.942,0.0,1.664,3.067
1784632100.495106,22720,0,2820,0,1.0,0.89,0.942,0.0,1.664,3.069
1784632100.522249,22730,0,2820,0,1.0,0.89,0.942,0.0,1.664,3.071
1784632100.5493345,22740,0,2820,0,1.0,0.89,0.942,0.0,1.664,3.074
1784632100.5646265,22750,0,2820,0,1.0,0.89,0.942,0.0,1.664,3.076
1784632100.5863547,22760,0,2820,0,1.0,0.89,0.942,0.0,1.664,3.078
1784632100.6456263,22770,0,2820,0,1.0,0.89,0.942,0.0,1.664,3.08
1784632100.6719997,22780,0,2820,0,1.0,0.89,0.942,0.0,1.664,3.083
1784632100.6862974,22790,0,2820,0,1.0,0.89,0.942,0.0,1.664,3.085
1784632100.7028358,22800,0,2820,0,1.0,0.89,0.942,0.0,1.664,3.087
1784632100.7167907,22810,0,2820,0,1.0,0.89,0.942,0.0,1.664,3.089
1784632100.7335978,22820,0,2820,0,1.0,0.89,0.942,0.0,1.664,3.092
1784632100.7567034,22830,0,2820,0,1.0,0.89,0.942,0.0,1.664,3.094
1784632100.7775447,22840,0,2820,0,1.0,0.89,0.942,0.0,1.664,3.096
1784632100.7930675,22850,0,2820,0,1.0,0.89,0.942,0.0,1.664,3.098
1784632100.8079476,22860,0,2820,0,1.0,0.89,0.942,0.0,1.664,3.101
1784632100.8225832,22870,0,2820,0,1.0,0.89,0.942,0.0,1.664,3.103
1784632100.84221,22880,0,2820,0,1.0,0.89,0.942,0.0,1.664,3.105
1784632100.860817,22890,0,2820,0,1.0,0.89,0.942,0.0,1.664,3.107
1784632100.8772066,22900,0,2820,0,1.0,0.89,0.942,0.0,1.664,3.11
1784632100.891587,22910,0,2820,0,1.0,0.89,0.942,0.0,1.664,3.112
1784632100.9043696,22920,0,2820,0,1.0,0.89,0.942,0.0,1.664,3.114
1784632100.9179075,22930,0,2820,0,1.0,0.89,0.942,0.0,1.664,3.116
1784632100.9313645,22940,0,2820,0,1.0,0.891,0.942,0.0,1.664,3.119
1784632100.9441817,22950,0,2820,0,1.0,0.891,0.942,0.0,1.664,3.121
1784632100.9560385,22960,0,2820,0,1.0,0.891,0.942,0.0,1.665,3.123
1784632100.975169,22970,0,2820,0,1.0,0.891,0.942,0.0,1.665,3.125
1784632100.9929073,22980,0,2820,0,1.0,0.891,0.942,0.0,1.665,3.127
1784632101.0070713,22990,0,2820,0,1.0,0.891,0.942,0.0,1.665,3.128
1784632101.019384,23000,0,2820,0,1.0,0.891,0.942,0.0,1.665,3.129
1784632101.034818,23010,0,2820,0,1.0,0.891,0.942,0.0,1.665,3.131
1784632101.0601938,23020,0,2820,0,1.0,0.891,0.942,0.0,1.665,3.132
1784632101.0783272,23030,0,2820,0,1.0,0.891,0.942,0.0,1.665,3.134
1784632101.098314,23040,0,2820,0,1.0,0.891,0.942,0.0,1.665,3.135
1784632101.1179526,23050,0,2820,0,1.0,0.891,0.942,0.0,1.666,3.136
1784632101.1335065,23060,0,2820,0,1.0,0.891,0.942,0.0,1.666,3.138
1784632101.14887,23070,0,2820,0,1.0,0.891,0.942,0.0,1.666,3.139
1784632101.171592,23080,0,2820,0,1.0,0.891,0.942,0.0,1.666,3.141
1784632101.1855671,23090,0,2820,0,1.0,0.891,0.942,0.0,1.666,3.142
1784632101.2058408,23100,0,2820,0,1.0,0.891,0.942,0.0,1.666,3.143
1784632101.229951,23110,0,2820,0,1.0,0.891,0.942,0.0,1.666,3.145
1784632101.2522256,23120,0,2820,0,1.0,0.891,0.943,0.0,1.667,3.146
1784632101.2766232,23130,0,2820,0,1.0,0.891,0.943,0.0,1.667,3.148
1784632101.302676,23140,0,2820,0,1.0,0.891,0.943,0.0,1.667,3.149
1784632101.3274553,23150,0,2820,0,1.0,0.891,0.943,0.0,1.667,3.151
1784632101.3449967,23160,0,2820,0,1.0,0.891,0.943,0.0,1.667,3.152
1784632101.3640795,23170,0,2820,0,1.0,0.891,0.943,0.0,1.667,3.153
1784632101.3904452,23180,0,2820,0,1.0,0.892,0.943,0.0,1.667,3.155
1784632101.410514,23190,0,2820,0,1.0,0.892,0.943,0.0,1.667,3.156
1784632101.431639,23200,0,2820,0,1.0,0.892,0.943,0.0,1.667,3.158
1784632101.4497232,23210,0,2820,0,1.0,0.892,0.943,0.0,1.668,3.159
1784632101.4631205,23220,0,2820,0,1.0,0.892,0.943,0.0,1.668,3.161
1784632101.4811368,23230,0,2820,0,1.0,0.892,0.943,0.0,1.668,3.162
1784632101.5077515,23240,0,2820,0,1.0,0.892,0.943,0.0,1.668,3.164
1784632101.5281675,23250,0,2820,0,1.0,0.892,0.943,0.0,1.668,3.165
1784632101.5477877,23260,0,2820,0,1.0,0.892,0.943,0.0,1.668,3.167
1784632101.564898,23270,0,2820,0,1.0,0.892,0.943,0.0,1.668,3.168
1784632101.5882778,23280,0,2820,0,1.0,0.892,0.943,0.0,1.668,3.17
1784632101.6055017,23290,0,2820,0,1.0,0.892,0.943,0.0,1.668,3.171
1784632101.6364288,23300,0,2820,0,1.0,0.892,0.943,0.0,1.668,3.173
1784632101.653899,23310,0,2820,0,1.0,0.892,0.943,0.0,1.668,3.174
1784632101.6746473,23320,0,2820,0,1.0,0.892,0.943,0.0,1.668,3.176
1784632101.6903403,23330,0,2820,0,1.0,0.892,0.943,0.0,1.669,3.177
1784632101.723864,23340,0,2820,0,1.0,0.892,0.943,0.0,1.669,3.179
1784632101.7560422,23350,0,2820,0,1.0,0.892,0.943,0.0,1.669,3.18
1784632101.7845042,23360,0,2820,0,1.0,0.892,0.943,0.0,1.669,3.182
1784632101.8143299,23370,0,2820,0,1.0,0.892,0.943,0.0,1.669,3.183
1784632101.838737,23380,0,2820,0,1.0,0.892,0.943,0.0,1.669,3.185
1784632101.8635776,23390,0,2820,0,1.0,0.892,0.943,0.0,1.669,3.186
1784632101.8831525,23400,0,2820,0,1.0,0.892,0.943,0.0,1.669,3.188
1784632101.9085112,23410,0,2820,0,1.0,0.892,0.943,0.0,1.669,3.189
1784632101.9224823,23420,0,2820,0,1.0,0.893,0.943,0.0,1.669,3.191
1784632101.9446046,23430,0,2820,0,1.0,0.893,0.943,0.0,1.669,3.192
1784632101.9777477,23440,0,2820,0,1.0,0.893,0.943,0.0,1.669,3.194
1784632102.0110698,23450,0,2820,0,1.0,0.893,0.943,0.0,1.67,3.195
1784632102.0322773,23460,0,2820,0,1.0,0.893,0.943,0.0,1.67,3.197
1784632102.0608625,23470,0,2820,0,1.0,0.893,0.943,0.0,1.67,3.199
1784632102.0874104,23480,0,2820,0,1.0,0.893,0.943,0.0,1.67,3.2
1784632102.1156437,23490,0,2820,0,1.0,0.893,0.943,0.0,1.67,3.202
1784632102.1424434,23500,0,2820,0,1.0,0.893,0.943,0.0,1.67,3.203
1784632102.1649024,23510,0,2820,0,1.0,0.893,0.943,0.0,1.67,3.205
1784632102.183721,23520,0,2820,0,1.0,0.893,0.943,0.0,1.67,3.207
1784632102.2286208,23530,0,2820,0,1.0,0.893,0.943,0.0,1.67,3.208
1784632102.2582157,23540,0,2820,0,1.0,0.893,0.943,0.0,1.67,3.21
1784632102.276716,23550,0,2820,0,1.0,0.893,0.944,0.0,1.67,3.211
1784632102.3100393,23560,0,2820,0,1.0,0.893,0.944,0.0,1.67,3.213
1784632102.3494608,23570,0,2820,0,1.0,0.893,0.944,0.0,1.67,3.215
1784632102.3893824,23580,0,2820,0,1.0,0.893,0.944,0.0,1.67,3.216
1784632102.4138167,23590,0,2820,0,1.0,0.893,0.944,0.0,1.67,3.218
1784632102.4457693,23600,0,2820,0,1.0,0.893,0.944,0.0,1.67,3.22
1784632102.4704888,23610,0,2820,0,1.0,0.893,0.944,0.0,1.67,3.221
1784632102.494861,23620,0,2820,0,1.0,0.893,0.944,0.0,1.67,3.223
1784632102.5323942,23630,0,2820,0,1.0,0.893,0.944,0.0,1.67,3.225
1784632102.5629911,23640,0,2820,0,1.0,0.893,0.944,0.0,1.67,3.227
1784632102.5950224,23650,0,2820,0,1.0,0.893,0.944,0.0,1.67,3.228
1784632102.618762,23660,0,2820,0,1.0,0.894,0.944,0.0,1.671,3.23
1784632102.6437864,23670,0,2820,0,1.0,0.894,0.944,0.0,1.671,3.232
1784632102.6797435,23680,0,2820,0,1.0,0.894,0.944,0.0,1.671,3.233
1784632102.7789652,23690,0,2820,0,1.0,0.894,0.944,0.0,1.671,3.235
1784632102.8491163,23700,0,2820,0,1.0,0.894,0.944,0.0,1.671,3.237
1784632102.922892,23710,0,2820,0,1.0,0.894,0.944,0.0,1.671,3.239
1784632102.9715238,23720,0,2820,0,1.0,0.894,0.944,0.0,1.671,3.24
1784632103.0262322,23730,0,2820,0,1.0,0.894,0.944,0.0,1.671,3.242
1784632103.091104,23740,0,2820,0,1.0,0.894,0.944,0.0,1.671,3.244
1784632103.1129599,23750,0,2820,0,1.0,0.894,0.944,0.0,1.671,3.246
1784632103.1282516,23760,0,2820,0,1.0,0.894,0.944,0.0,1.671,3.248
1784632103.177248,23770,0,2820,0,1.0,0.894,0.944,0.0,1.671,3.25
1784632103.2231512,23780,0,2820,0,1.0,0.894,0.944,0.0,1.671,3.252
1784632103.2459054,23790,0,2820,0,1.0,0.894,0.944,0.0,1.671,3.254
1784632103.2663612,23800,0,2820,0,1.0,0.894,0.944,0.0,1.671,3.255
1784632103.299504,23810,0,2820,0,1.0,0.894,0.944,0.0,1.671,3.257
1784632103.3823254,23820,0,2820,0,1.0,0.894,0.944,0.0,1.671,3.259
1784632103.4207246,23830,0,2820,0,1.0,0.894,0.944,0.0,1.671,3.261
1784632103.5089126,23840,0,2820,0,1.0,0.894,0.944,0.0,1.671,3.263
1784632103.5623264,23850,0,2820,0,1.0,0.894,0.944,0.0,1.671,3.265
1784632103.6292925,23860,0,2820,0,1.0,0.894,0.944,0.0,1.671,3.267
1784632103.6764493,23870,0,2820,0,1.0,0.894,0.944,0.0,1.671,3.269
1784632103.7601104,23880,0,2820,0,1.0,0.894,0.944,0.0,1.671,3.271
1784632103.8389473,23890,0,2820,0,1.0,0.894,0.944,0.0,1.671,3.273
1784632103.9039152,23900,0,2820,0,1.0,0.894,0.944,0.0,1.671,3.275
1784632103.9556391,23910,0,2820,0,1.0,0.895,0.944,0.0,1.671,3.278
1784632103.9800494,23920,0,2820,0,1.0,0.895,0.944,0.0,1.671,3.28
1784632104.0090127,23930,0,2820,0,1.0,0.895,0.944,0.0,1.672,3.282
1784632104.0490081,23940,0,2820,0,1.0,0.895,0.944,0.0,1.672,3.284
1784632104.0871894,23950,0,2820,0,1.0,0.895,0.944,0.0,1.672,3.286
1784632104.1240993,23960,0,2820,0,1.0,0.895,0.944,0.0,1.672,3.288
1784632104.1439526,23970,0,2820,0,1.0,0.895,0.944,0.0,1.672,3.29
1784632104.1693757,23980,0,2820,0,1.0,0.895,0.944,0.0,1.672,3.293
1784632104.189223,23990,0,2820,0,1.0,0.895,0.944,0.0,1.672,3.295
1784632104.2295709,24000,0,2820,0,1.0,0.895,0.945,0.0,1.672,3.297
1784632104.2783556,24010,0,2820,0,1.0,0.895,0.945,0.0,1.672,3.299
1784632104.2986736,24020,0,2820,0,1.0,0.895,0.945,0.0,1.672,3.301
1784632104.3211598,24030,0,2820,0,1.0,0.895,0.945,0.0,1.672,3.303
1784632104.3433352,24040,0,2820,0,1.0,0.895,0.945,0.0,1.672,3.306
1784632104.3718922,24050,0,2820,0,1.0,0.895,0.945,0.0,1.672,3.308
1784632104.387437,24060,0,2820,0,1.0,0.895,0.945,0.0,1.672,3.31
1784632104.4113944,24070,0,2820,0,1.0,0.895,0.945,0.0,1.672,3.312
1784632104.4465427,24080,0,2820,0,1.0,0.895,0.945,0.0,1.672,3.314
1784632104.488941,24090,0,2820,0,1.0,0.895,0.945,0.0,1.672,3.317
1784632104.5115576,24100,0,2820,0,1.0,0.895,0.945,0.0,1.672,3.319
1784632104.527419,24110,0,2820,0,1.0,0.895,0.945,0.0,1.672,3.321
1784632104.541172,24120,0,2820,0,1.0,0.895,0.945,0.0,1.672,3.323
1784632104.5609124,24130,0,2820,0,1.0,0.895,0.945,0.0,1.672,3.325
1784632104.5853083,24140,0,2820,0,1.0,0.895,0.945,0.0,1.673,3.328
1784632104.609428,24150,0,2820,0,1.0,0.895,0.945,0.0,1.673,3.33
1784632104.6253119,24160,0,2820,0,1.0,0.895,0.945,0.0,1.673,3.332
1784632104.6439936,24170,0,2820,0,1.0,0.896,0.945,0.0,1.673,3.334
1784632104.6562686,24180,0,2820,0,1.0,0.896,0.945,0.0,1.673,3.337
1784632104.6775033,24190,0,2820,0,1.0,0.896,0.945,0.0,1.673,3.339
1784632104.6957557,24200,0,2820,0,1.0,0.896,0.945,0.0,1.673,3.341
1784632104.7104166,24210,0,2820,0,1.0,0.896,0.945,0.0,1.673,3.343
1784632104.734248,24220,0,2820,0,1.0,0.896,0.945,0.0,1.673,3.345
1784632104.7620788,24230,0,2820,0,1.0,0.896,0.945,0.0,1.673,3.348
1784632104.794819,24240,0,2820,0,1.0,0.896,0.945,0.0,1.673,3.35
1784632104.8168113,24250,0,2820,0,1.0,0.896,0.945,0.0,1.673,3.352
1784632104.8518589,24260,0,2820,0,1.0,0.896,0.945,0.0,1.673,3.354
1784632104.8775413,24270,0,2820,0,1.0,0.896,0.945,0.0,1.673,3.357
1784632104.8967743,24280,0,2820,0,1.0,0.896,0.945,0.0,1.673,3.359
1784632104.9143717,24290,0,2820,0,1.0,0.896,0.945,0.0,1.673,3.361
1784632104.9331677,24300,0,2820,0,1.0,0.896,0.945,0.0,1.673,3.363
1784632104.9512854,24310,0,2820,0,1.0,0.896,0.945,0.0,1.673,3.366
1784632104.9744918,24320,0,2820,0,1.0,0.896,0.945,0.0,1.673,3.368
1784632104.9898481,24330,0,2820,0,1.0,0.896,0.945,0.0,1.673,3.37
1784632105.007218,24340,0,2820,0,1.0,0.896,0.945,0.0,1.673,3.373
1784632105.0286846,24350,0,2820,0,1.0,0.896,0.945,0.0,1.673,3.375
1784632105.0485442,24360,0,2820,0,1.0,0.896,0.945,0.0,1.673,3.377
1784632105.0640473,24370,0,2820,0,1.0,0.896,0.945,0.0,1.673,3.379
1784632105.0868464,24380,0,2820,0,1.0,0.896,0.945,0.0,1.674,3.382
1784632105.1115406,24390,0,2820,0,1.0,0.896,0.945,0.0,1.674,3.384
1784632105.140188,24400,0,2820,0,1.0,0.896,0.945,0.0,1.674,3.386
1784632105.1658316,24410,0,2820,0,1.0,0.896,0.945,0.0,1.674,3.389
1784632105.198197,24420,0,2820,0,1.0,0.896,0.945,0.0,1.674,3.391
1784632105.2171564,24430,0,2820,0,1.0,0.897,0.945,0.0,1.674,3.393
1784632105.2489338,24440,0,2820,0,1.0,0.897,0.945,0.0,1.674,3.395
1784632105.2647252,24450,0,2820,0,1.0,0.897,0.945,0.0,1.674,3.398
1784632105.2810357,24460,0,2820,0,1.0,0.897,0.945,0.0,1.674,3.4
1784632105.300528,24470,0,2820,0,1.0,0.897,0.946,0.0,1.674,3.402
1784632105.3275962,24480,0,2820,0,1.0,0.897,0.946,0.0,1.674,3.405
1784632105.3565853,24490,0,2820,0,1.0,0.897,0.946,0.0,1.674,3.407
1784632105.3917542,24500,0,2820,0,1.0,0.897,0.946,0.0,1.674,3.409
1784632105.4223406,24510,0,2820,0,1.0,0.897,0.946,0.0,1.674,3.412
1784632105.448715,24520,0,2820,0,1.0,0.897,0.946,0.0,1.674,3.414
1784632105.481891,24530,0,2820,0,1.0,0.897,0.946,0.0,1.674,3.416
1784632105.5083954,24540,0,2820,0,1.0,0.897,0.946,0.0,1.674,3.419
1784632105.5300748,24550,0,2820,0,1.0,0.897,0.946,0.0,1.674,3.421
1784632105.551818,24560,0,2820,0,1.0,0.897,0.946,0.0,1.674,3.424
1784632105.572,24570,0,2820,0,1.0,0.897,0.946,0.0,1.674,3.426
1784632105.5944746,24580,0,2820,0,1.0,0.897,0.946,0.0,1.674,3.428
1784632105.6243076,24590,0,2820,0,1.0,0.897,0.946,0.0,1.674,3.431
1784632105.6416504,24600,0,2820,0,1.0,0.897,0.946,0.0,1.674,3.433
1784632105.6639392,24610,0,2820,0,1.0,0.897,0.946,0.0,1.674,3.435
1784632105.6861842,24620,0,2820,0,1.0,0.897,0.946,0.0,1.674,3.438
1784632105.7120469,24630,0,2820,0,1.0,0.897,0.946,0.0,1.674,3.44
1784632105.7305813,24640,0,2820,0,1.0,0.897,0.946,0.0,1.674,3.442
1784632105.7487671,24650,0,2820,0,1.0,0.897,0.946,0.0,1.675,3.444
1784632105.7674465,24660,0,2820,0,1.0,0.897,0.946,0.0,1.675,3.445
1784632105.7843733,24670,0,2820,0,1.0,0.897,0.946,0.0,1.675,3.447
1784632105.8048694,24680,0,2820,0,1.0,0.897,0.946,0.0,1.675,3.449
1784632105.834343,24690,0,2820,0,1.0,0.897,0.946,0.0,1.675,3.45
1784632105.8542018,24700,0,2820,0,1.0,0.898,0.946,0.0,1.675,3.452
1784632105.8769062,24710,0,2820,0,1.0,0.898,0.946,0.0,1.675,3.453
1784632105.909606,24720,0,2820,0,1.0,0.898,0.946,0.0,1.675,3.455
1784632105.9353578,24730,0,2820,0,1.0,0.898,0.946,0.0,1.675,3.457
1784632105.9736857,24740,0,2820,0,1.0,0.898,0.946,0.0,1.676,3.458
1784632106.007163,24750,0,2820,0,1.0,0.898,0.946,0.0,1.676,3.46
1784632106.0296128,24760,0,2820,0,1.0,0.898,0.946,0.0,1.676,3.462
1784632106.0576205,24770,0,2820,0,1.0,0.898,0.946,0.0,1.676,3.463
1784632106.0763612,24780,0,2820,0,1.0,0.898,0.946,0.0,1.676,3.465
1784632106.0987723,24790,0,2820,0,1.0,0.898,0.946,0.0,1.676,3.467
1784632106.1267023,24800,0,2820,0,1.0,0.898,0.946,0.0,1.676,3.468
1784632106.1472695,24810,0,2820,0,1.0,0.898,0.946,0.0,1.676,3.47
1784632106.172101,24820,0,2820,0,1.0,0.898,0.946,0.0,1.676,3.472
1784632106.194206,24830,0,2820,0,1.0,0.898,0.946,0.0,1.677,3.473
1784632106.2158148,24840,0,2820,0,1.0,0.898,0.946,0.0,1.677,3.475
1784632106.2407844,24850,0,2820,0,1.0,0.898,0.946,0.0,1.677,3.477
1784632106.2583954,24860,0,2820,0,1.0,0.898,0.946,0.0,1.677,3.478
1784632106.2959955,24870,0,2820,0,1.0,0.898,0.946,0.0,1.677,3.48
1784632106.3136199,24880,0,2820,0,1.0,0.898,0.946,0.0,1.677,3.482
1784632106.3287327,24890,0,2820,0,1.0,0.898,0.946,0.0,1.677,3.483
1784632106.3484247,24900,0,2820,0,1.0,0.898,0.946,0.0,1.677,3.485
1784632106.3854077,24910,0,2820,0,1.0,0.898,0.946,0.0,1.678,3.487
1784632106.409054,24920,0,2820,0,1.0,0.898,0.946,0.0,1.678,3.488
1784632106.4330714,24930,0,2820,0,1.0,0.898,0.946,0.0,1.678,3.49
1784632106.4581127,24940,0,2820,0,1.0,0.898,0.946,0.0,1.678,3.491
1784632106.4791677,24950,0,2820,0,1.0,0.898,0.947,0.0,1.678,3.493
1784632106.5085714,24960,0,2820,0,1.0,0.898,0.947,0.0,1.678,3.495
1784632106.587504,24970,0,2820,0,1.0,0.899,0.947,0.0,1.679,3.496
1784632106.6549268,24980,0,2820,0,1.0,0.899,0.947,0.0,1.679,3.498
1784632106.6764495,24990,0,2820,0,1.0,0.899,0.947,0.0,1.679,3.5
1784632106.7137043,25000,0,2820,0,1.0,0.899,0.947,0.0,1.679,3.502
1784632106.7490077,25010,0,2820,0,1.0,0.899,0.947,0.0,1.679,3.503
1784632106.7758486,25020,0,2820,0,1.0,0.899,0.947,0.0,1.68,3.505
1784632106.8018672,25030,0,2820,0,1.0,0.899,0.947,0.0,1.68,3.507
1784632106.8335414,25040,0,2820,0,1.0,0.899,0.947,0.0,1.68,3.509
1784632106.9113576,25050,0,2820,0,1.0,0.899,0.947,0.0,1.68,3.51
1784632106.9636025,25060,0,2820,0,1.0,0.899,0.947,0.0,1.68,3.512
1784632106.9892344,25070,0,2820,0,1.0,0.899,0.947,0.0,1.68,3.514
1784632107.0802152,25080,0,2820,0,1.0,0.899,0.947,0.0,1.681,3.516
1784632107.171257,25090,0,2820,0,1.0,0.899,0.947,0.0,1.681,3.518
1784632107.2094092,25100,0,2820,0,1.0,0.899,0.947,0.0,1.681,3.519
1784632107.2845538,25110,0,2820,0,1.0,0.899,0.947,0.0,1.681,3.521
1784632107.336135,25120,0,2820,0,1.0,0.899,0.947,0.0,1.681,3.523
1784632107.3737774,25130,0,2820,0,1.0,0.899,0.947,0.0,1.682,3.525
1784632107.4093013,25140,0,2820,0,1.0,0.899,0.947,0.0,1.682,3.527
1784632107.4626195,25150,0,2820,0,1.0,0.899,0.947,0.0,1.682,3.529
1784632107.5111191,25160,0,2820,0,1.0,0.899,0.947,0.0,1.682,3.531
1784632107.5683594,25170,0,2820,0,1.0,0.899,0.947,0.0,1.682,3.533
1784632107.618512,25180,0,2820,0,1.0,0.899,0.947,0.0,1.683,3.535
1784632107.667431,25190,0,2820,0,1.0,0.899,0.947,0.0,1.683,3.537
1784632107.7120023,25200,0,2820,0,1.0,0.899,0.947,0.0,1.683,3.539
1784632107.7494318,25210,0,2820,0,1.0,0.899,0.947,0.0,1.683,3.541
1784632107.804266,25220,0,2820,0,1.0,0.899,0.947,0.0,1.683,3.543
1784632107.8359127,25230,0,2820,0,1.0,0.899,0.947,0.0,1.683,3.545
1784632107.8651161,25240,0,2820,0,1.0,0.9,0.947,0.0,1.684,3.547
1784632107.8850105,25250,0,2820,0,1.0,0.9,0.947,0.0,1.684,3.549
1784632107.9487424,25260,0,2820,0,1.0,0.9,0.947,0.0,1.684,3.551
1784632107.9693778,25270,0,2820,0,1.0,0.9,0.947,0.0,1.684,3.553
1784632107.9966292,25280,0,2820,0,1.0,0.9,0.947,0.0,1.684,3.555
1784632108.030635,25290,0,2820,0,1.0,0.9,0.947,0.0,1.685,3.557
1784632108.0641475,25300,0,2820,0,1.0,0.9,0.947,0.0,1.685,3.56
1784632108.091078,25310,0,2820,0,1.0,0.9,0.947,0.0,1.685,3.562
1784632108.133323,25320,0,2820,0,1.0,0.9,0.947,0.0,1.685,3.564
1784632108.148032,25330,0,2820,0,1.0,0.9,0.947,0.0,1.685,3.566
1784632108.168986,25340,0,2820,0,1.0,0.9,0.947,0.0,1.685,3.568
1784632108.182053,25350,0,2820,0,1.0,0.9,0.947,0.0,1.686,3.57
1784632108.213811,25360,0,2820,0,1.0,0.9,0.947,0.0,1.686,3.572
1784632108.2331648,25370,0,2820,0,1.0,0.9,0.947,0.0,1.686,3.574
1784632108.263733,25380,0,2820,0,1.0,0.9,0.947,0.0,1.686,3.577
1784632108.2791538,25390,0,2820,0,1.0,0.9,0.947,0.0,1.686,3.579
1784632108.2937214,25400,0,2820,0,1.0,0.9,0.947,0.0,1.686,3.581
1784632108.3071704,25410,0,2820,0,1.0,0.9,0.947,0.0,1.687,3.583
1784632108.33789,25420,0,2820,0,1.0,0.9,0.947,0.0,1.687,3.585
1784632108.3612564,25430,0,2820,0,1.0,0.9,0.947,0.0,1.687,3.587
1784632108.390578,25440,0,2820,0,1.0,0.9,0.947,0.0,1.687,3.59
1784632108.4237874,25450,0,2820,0,1.0,0.9,0.948,0.0,1.687,3.592
1784632108.452669,25460,0,2820,0,1.0,0.9,0.948,0.0,1.687,3.594
1784632108.4694092,25470,0,2820,0,1.0,0.9,0.948,0.0,1.688,3.596
1784632108.5072773,25480,0,2820,0,1.0,0.9,0.948,0.0,1.688,3.598
1784632108.5279813,25490,0,2820,0,1.0,0.9,0.948,0.0,1.688,3.6
1784632108.555485,25500,0,2820,0,1.0,0.9,0.948,0.0,1.688,3.603
1784632108.5734758,25510,0,2820,0,1.0,0.9,0.948,0.0,1.688,3.605
1784632108.6108928,25520,0,2820,0,1.0,0.9,0.948,0.0,1.688,3.607
1784632108.640424,25530,0,2820,0,1.0,0.901,0.948,0.0,1.689,3.609
1784632108.6556368,25540,0,2820,0,1.0,0.901,0.948,0.0,1.689,3.611
1784632108.6816945,25550,0,2820,0,1.0,0.901,0.948,0.0,1.689,3.614
1784632108.7094886,25560,0,2820,0,1.0,0.901,0.948,0.0,1.689,3.616
1784632108.7363906,25570,0,2820,0,1.0,0.901,0.948,0.0,1.689,3.618
1784632108.77386,25580,0,2820,0,1.0,0.901,0.948,0.0,1.689,3.62
1784632108.7914355,25590,0,2820,0,1.0,0.901,0.948,0.0,1.69,3.623
1784632108.8049316,25600,0,2820,0,1.0,0.901,0.948,0.0,1.69,3.625
1784632108.824621,25610,0,2820,0,1.0,0.901,0.948,0.0,1.69,3.627
1784632108.8450549,25620,0,2820,0,1.0,0.901,0.948,0.0,1.69,3.629
1784632108.862169,25630,0,2820,0,1.0,0.901,0.948,0.0,1.69,3.632
1784632108.879445,25640,0,2820,0,1.0,0.901,0.948,0.0,1.691,3.634
1784632108.8999324,25650,0,2820,0,1.0,0.901,0.948,0.0,1.691,3.636
1784632108.9260092,25660,0,2820,0,1.0,0.901,0.948,0.0,1.691,3.638
1784632108.9505453,25670,0,2820,0,1.0,0.901,0.948,0.0,1.691,3.641
1784632108.973189,25680,0,2820,0,1.0,0.901,0.948,0.0,1.691,3.643
1784632108.9984558,25690,0,2820,0,1.0,0.901,0.948,0.0,1.691,3.645
1784632109.0190082,25700,0,2820,0,1.0,0.901,0.948,0.0,1.691,3.647
1784632109.0482173,25710,0,2820,0,1.0,0.901,0.948,0.0,1.692,3.65
1784632109.0682201,25720,0,2820,0,1.0,0.901,0.948,0.0,1.692,3.652
1784632109.0845985,25730,0,2820,0,1.0,0.901,0.948,0.0,1.692,3.654
1784632109.108546,25740,0,2820,0,1.0,0.901,0.948,0.0,1.692,3.656
1784632109.1381028,25750,0,2820,0,1.0,0.901,0.948,0.0,1.692,3.659
1784632109.1569095,25760,0,2820,0,1.0,0.901,0.948,0.0,1.692,3.661
1784632109.1811817,25770,0,2820,0,1.0,0.901,0.948,0.0,1.692,3.663
1784632109.1977289,25780,0,2820,0,1.0,0.901,0.948,0.0,1.693,3.666
1784632109.22917,25790,0,2820,0,1.0,0.901,0.948,0.0,1.693,3.668
1784632109.2545042,25800,0,2820,0,1.0,0.901,0.948,0.0,1.693,3.67
1784632109.274097,25810,0,2820,0,1.0,0.902,0.948,0.0,1.693,3.673
1784632109.2993665,25820,0,2820,0,1.0,0.902,0.948,0.0,1.693,3.675
1784632109.3322487,25830,0,2820,0,1.0,0.902,0.948,0.0,1.693,3.677
1784632109.3533962,25840,0,2820,0,1.0,0.902,0.948,0.0,1.693,3.68
1784632109.370943,25850,0,2820,0,1.0,0.902,0.948,0.0,1.693,3.682
1784632109.3962874,25860,0,2820,0,1.0,0.902,0.948,0.0,1.694,3.684
1784632109.419783,25870,0,2820,0,1.0,0.902,0.948,0.0,1.694,3.687
1784632109.439619,25880,0,2820,0,1.0,0.902,0.948,0.0,1.694,3.689
1784632109.457913,25890,0,2820,0,1.0,0.902,0.948,0.0,1.694,3.691
1784632109.4830441,25900,0,2820,0,1.0,0.902,0.948,0.0,1.694,3.694
1784632109.5009558,25910,0,2820,0,1.0,0.902,0.948,0.0,1.694,3.696
1784632109.518,25920,0,2820,0,1.0,0.902,0.948,0.0,1.694,3.698
1784632109.5383139,25930,0,2820,0,1.0,0.902,0.948,0.0,1.695,3.701
1784632109.5603888,25940,0,2820,0,1.0,0.902,0.948,0.0,1.695,3.703
1784632109.57865,25950,0,2820,0,1.0,0.902,0.948,0.0,1.695,3.705
1784632109.602916,25960,0,2820,0,1.0,0.902,0.948,0.0,1.695,3.708
1784632109.6230319,25970,0,2820,0,1.0,0.902,0.949,0.0,1.695,3.71
1784632109.6433003,25980,0,2820,0,1.0,0.902,0.949,0.0,1.695,3.712
1784632109.6581497,25990,0,2820,0,1.0,0.902,0.949,0.0,1.695,3.715
1784632109.6756418,26000,0,2820,0,1.0,0.902,0.949,0.0,1.696,3.717
1784632109.6971862,26010,0,2820,0,1.0,0.902,0.949,0.0,1.696,3.719
1784632109.7173426,26020,0,2820,0,1.0,0.902,0.949,0.0,1.696,3.722
1784632109.7418308,26030,0,2820,0,1.0,0.902,0.949,0.0,1.696,3.724
1784632109.7580242,26040,0,2820,0,1.0,0.902,0.949,0.0,1.696,3.726
1784632109.7748814,26050,0,2820,0,1.0,0.902,0.949,0.0,1.696,3.729
1784632109.7892995,26060,0,2820,0,1.0,0.902,0.949,0.0,1.697,3.731
1784632109.806724,26070,0,2820,0,1.0,0.902,0.949,0.0,1.697,3.733
1784632109.8323588,26080,0,2820,0,1.0,0.902,0.949,0.0,1.697,3.736
1784632109.8476224,26090,0,2820,0,1.0,0.902,0.949,0.0,1.697,3.738
1784632109.8686829,26100,0,2820,0,1.0,0.902,0.949,0.0,1.697,3.74
1784632109.891459,26110,0,2820,0,1.0,0.903,0.949,0.0,1.697,3.743
1784632109.9076715,26120,0,2820,0,1.0,0.903,0.949,0.0,1.698,3.745
1784632109.931442,26130,0,2820,0,1.0,0.903,0.949,0.0,1.698,3.747
1784632109.965069,26140,0,2820,0,1.0,0.903,0.949,0.0,1.698,3.75
1784632109.9907703,26150,0,2820,0,1.0,0.903,0.949,0.0,1.698,3.752
1784632110.015432,26160,0,2820,0,1.0,0.903,0.949,0.0,1.698,3.754
1784632110.036524,26170,0,2820,0,1.0,0.903,0.949,0.0,1.699,3.757
1784632110.0738947,26180,0,2820,0,1.0,0.903,0.949,0.0,1.699,3.759
1784632110.092887,26190,0,2820,0,1.0,0.903,0.949,0.0,1.699,3.761
1784632110.114806,26200,0,2820,0,1.0,0.903,0.949,0.0,1.699,3.764
1784632110.1392314,26210,0,2820,0,1.0,0.903,0.949,0.0,1.699,3.766
1784632110.1609678,26220,0,2820,0,1.0,0.903,0.949,0.0,1.699,3.768
1784632110.1813102,26230,0,2820,0,1.0,0.903,0.949,0.0,1.7,3.771
1784632110.205696,26240,0,2820,0,1.0,0.903,0.949,0.0,1.7,3.773
1784632110.225734,26250,0,2820,0,1.0,0.903,0.949,0.0,1.7,3.776
1784632110.2410276,26260,0,2820,0,1.0,0.903,0.949,0.0,1.7,3.778
1784632110.2592149,26270,0,2820,0,1.0,0.903,0.949,0.0,1.7,3.78
1784632110.2769673,26280,0,2820,0,1.0,0.903,0.949,0.0,1.7,3.783
1784632110.2965627,26290,0,2820,0,1.0,0.903,0.949,0.0,1.701,3.785
1784632110.3214164,26300,0,2820,0,1.0,0.903,0.949,0.0,1.701,3.787
1784632110.3399293,26310,0,2820,0,1.0,0.903,0.949,0.0,1.701,3.79
1784632110.3623862,26320,0,2820,0,1.0,0.903,0.949,0.0,1.701,3.792
1784632110.3797367,26330,0,2820,0,1.0,0.903,0.949,0.0,1.701,3.795
1784632110.397356,26340,0,2820,0,1.0,0.903,0.949,0.0,1.701,3.797
1784632110.4185665,26350,0,2820,0,1.0,0.903,0.949,0.0,1.702,3.799
1784632110.4383762,26360,0,2820,0,1.0,0.903,0.949,0.0,1.702,3.802
1784632110.454895,26370,0,2820,0,1.0,0.903,0.949,0.0,1.702,3.804
1784632110.4690573,26380,0,2820,0,1.0,0.903,0.949,0.0,1.702,3.806
1784632110.4869978,26390,0,2820,0,1.0,0.903,0.949,0.0,1.702,3.809
1784632110.5042374,26400,0,2820,0,1.0,0.903,0.949,0.0,1.703,3.811
1784632110.5272017,26410,0,2820,0,1.0,0.904,0.949,0.0,1.703,3.814
1784632110.555632,26420,0,2820,0,1.0,0.904,0.949,0.0,1.703,3.816
1784632110.5787637,26430,0,2820,0,1.0,0.904,0.949,0.0,1.703,3.818
1784632110.5939553,26440,0,2820,0,1.0,0.904,0.949,0.0,1.703,3.821
1784632110.610031,26450,0,2820,0,1.0,0.904,0.949,0.0,1.704,3.823
1784632110.6238298,26460,0,2820,0,1.0,0.904,0.949,0.0,1.704,3.825
1784632110.6374307,26470,0,2820,0,1.0,0.904,0.949,0.0,1.704,3.828
1784632110.6620083,26480,0,2820,0,1.0,0.904,0.949,0.0,1.704,3.83
1784632110.6813433,26490,0,2820,0,1.0,0.904,0.949,0.0,1.704,3.832
1784632110.7040267,26500,0,2820,0,1.0,0.904,0.949,0.0,1.705,3.835
1784632110.7223117,26510,0,2820,0,1.0,0.904,0.949,0.0,1.705,3.837
1784632110.739324,26520,0,2820,0,1.0,0.904,0.95,0.0,1.705,3.84
1784632110.7561848,26530,0,2820,0,1.0,0.904,0.95,0.0,1.705,3.842
1784632110.7711916,26540,0,2820,0,1.0,0.904,0.95,0.0,1.705,3.844
1784632110.8052468,26550,0,2820,0,1.0,0.904,0.95,0.0,1.706,3.847
1784632110.861649,26560,0,2820,0,1.0,0.904,0.95,0.0,1.706,3.849
1784632110.9194136,26570,0,2820,0,1.0,0.904,0.95,0.0,1.706,3.85
1784632111.0020442,26580,0,2820,0,1.0,0.904,0.95,0.0,1.706,3.852
1784632111.0628014,26590,0,2820,0,1.0,0.904,0.95,0.0,1.706,3.854
1784632111.1455414,26600,0,2820,0,1.0,0.904,0.95,0.0,1.706,3.855
1784632111.1824307,26610,0,2820,0,1.0,0.904,0.95,0.0,1.706,3.857
1784632111.2097478,26620,0,2820,0,1.0,0.904,0.95,0.0,1.706,3.859
1784632111.235436,26630,0,2820,0,1.0,0.904,0.95,0.0,1.706,3.861
1784632111.3321223,26640,0,2820,0,1.0,0.904,0.95,0.0,1.706,3.862
1784632111.3687444,26650,0,2820,0,1.0,0.904,0.95,0.0,1.706,3.864
1784632111.408146,26660,0,2820,0,1.0,0.904,0.95,0.0,1.706,3.866
1784632111.4375448,26670,0,2820,0,1.0,0.904,0.95,0.0,1.706,3.868
1784632111.483744,26680,0,2820,0,1.0,0.904,0.95,0.0,1.706,3.869
1784632111.5441906,26690,0,2820,0,1.0,0.904,0.95,0.0,1.706,3.871
1784632111.5947654,26700,0,2820,0,1.0,0.904,0.95,0.0,1.706,3.873
1784632111.6459649,26710,0,2820,0,1.0,0.905,0.95,0.0,1.706,3.875
1784632111.709111,26720,0,2820,0,1.0,0.905,0.95,0.0,1.706,3.877
1784632111.72713,26730,0,2820,0,1.0,0.905,0.95,0.0,1.706,3.879
1784632111.741198,26740,0,2820,0,1.0,0.905,0.95,0.0,1.706,3.88
1784632111.797448,26750,0,2820,0,1.0,0.905,0.95,0.0,1.706,3.882
1784632111.812798,26760,0,2820,0,1.0,0.905,0.95,0.0,1.706,3.884
1784632111.8291714,26770,0,2820,0,1.0,0.905,0.95,0.0,1.706,3.886
1784632111.8449168,26780,0,2820,0,1.0,0.905,0.95,0.0,1.706,3.888
1784632111.869345,26790,0,2820,0,1.0,0.905,0.95,0.0,1.706,3.89
1784632111.9089985,26800,0,2820,0,1.0,0.905,0.95,0.0,1.706,3.892
1784632111.93623,26810,0,2820,0,1.0,0.905,0.95,0.0,1.706,3.894
1784632111.9503324,26820,0,2820,0,1.0,0.905,0.95,0.0,1.706,3.895
1784632111.9761605,26830,0,2820,0,1.0,0.905,0.95,0.0,1.706,3.897
1784632112.0001824,26840,0,2820,0,1.0,0.905,0.95,0.0,1.706,3.899
1784632112.0432966,26850,0,2820,0,1.0,0.905,0.95,0.0,1.706,3.901
1784632112.0633893,26860,0,2820,0,1.0,0.905,0.95,0.0,1.706,3.903
1784632112.0848584,26870,0,2820,0,1.0,0.905,0.95,0.0,1.706,3.905
1784632112.105755,26880,0,2820,0,1.0,0.905,0.95,0.0,1.706,3.907
1784632112.1355886,26890,0,2820,0,1.0,0.905,0.95,0.0,1.706,3.909
1784632112.16768,26900,0,2820,0,1.0,0.905,0.95,0.0,1.706,3.911
1784632112.1809597,26910,0,2820,0,1.0,0.905,0.95,0.0,1.706,3.913
1784632112.2053082,26920,0,2820,0,1.0,0.905,0.95,0.0,1.706,3.915
1784632112.2323394,26930,0,2820,0,1.0,0.905,0.95,0.0,1.706,3.917
1784632112.2472878,26940,0,2820,0,1.0,0.905,0.95,0.0,1.706,3.919
1784632112.262252,26950,0,2820,0,1.0,0.905,0.95,0.0,1.706,3.921
1784632112.277148,26960,0,2820,0,1.0,0.905,0.95,0.0,1.706,3.922
1784632112.2914865,26970,0,2820,0,1.0,0.905,0.95,0.0,1.706,3.924
1784632112.306371,26980,0,2820,0,1.0,0.905,0.95,0.0,1.706,3.926
1784632112.3202186,26990,0,2820,0,1.0,0.905,0.95,0.0,1.706,3.928
1784632112.333855,27000,0,2820,0,1.0,0.905,0.95,0.0,1.706,3.93
1784632112.3466136,27010,0,2820,0,1.0,0.905,0.95,0.0,1.706,3.932
1784632112.3618915,27020,0,2820,0,1.0,0.905,0.95,0.0,1.705,3.934
1784632112.3768673,27030,0,2820,0,1.0,0.906,0.95,0.0,1.705,3.936
1784632112.3926432,27040,0,2820,0,1.0,0.906,0.95,0.0,1.705,3.938
1784632112.407007,27050,0,2820,0,1.0,0.906,0.95,0.0,1.705,3.94
1784632112.4197445,27060,0,2820,0,1.0,0.906,0.95,0.0,1.705,3.942
1784632112.4365265,27070,0,2820,0,1.0,0.906,0.95,0.0,1.705,3.944
1784632112.4908752,27080,0,2820,0,1.0,0.906,0.951,0.0,1.705,3.946
1784632112.5195355,27090,0,2820,0,1.0,0.906,0.951,0.0,1.705,3.948
1784632112.551307,27100,0,2820,0,1.0,0.906,0.951,0.0,1.705,3.949
1784632112.6395874,27110,0,2820,0,1.0,0.906,0.951,0.0,1.705,3.951
1784632112.6596758,27120,0,2820,0,1.0,0.906,0.951,0.0,1.705,3.953
1784632112.6734605,27130,0,2820,0,1.0,0.906,0.951,0.0,1.705,3.955
1784632112.689219,27140,0,2820,0,1.0,0.906,0.951,0.0,1.705,3.957
1784632112.7069058,27150,0,2820,0,1.0,0.906,0.951,0.0,1.705,3.959
1784632112.7228925,27160,0,2820,0,1.0,0.906,0.951,0.0,1.705,3.961
1784632112.739914,27170,0,2820,0,1.0,0.906,0.951,0.0,1.705,3.963
1784632112.7689526,27180,0,2820,0,1.0,0.906,0.951,0.0,1.705,3.965
1784632112.787112,27190,0,2820,0,1.0,0.906,0.951,0.0,1.705,3.967
1784632112.805988,27200,0,2820,0,1.0,0.906,0.951,0.0,1.705,3.969
1784632112.823927,27210,0,2820,0,1.0,0.906,0.951,0.0,1.705,3.971
1784632112.845966,27220,0,2820,0,1.0,0.906,0.951,0.0,1.705,3.973
1784632112.8602026,27230,0,2820,0,1.0,0.906,0.951,0.0,1.705,3.975
1784632112.875218,27240,0,2820,0,1.0,0.906,0.951,0.0,1.705,3.977
1784632112.8904076,27250,0,2820,0,1.0,0.906,0.951,0.0,1.705,3.979
1784632112.9055495,27260,0,2820,0,1.0,0.906,0.951,0.0,1.705,3.981
1784632112.920826,27270,0,2820,0,1.0,0.906,0.951,0.0,1.705,3.983
1784632112.9409003,27280,0,2820,0,1.0,0.906,0.951,0.0,1.705,3.985
1784632112.96605,27290,0,2820,0,1.0,0.906,0.951,0.0,1.705,3.987
1784632112.9835532,27300,0,2820,0,1.0,0.906,0.951,0.0,1.705,3.989
1784632112.9992974,27310,0,2820,0,1.0,0.906,0.951,0.0,1.705,3.991
1784632113.012014,27320,0,2820,0,1.0,0.906,0.951,0.0,1.705,3.993
1784632113.0315497,27330,0,2820,0,1.0,0.906,0.951,0.0,1.706,3.995
1784632113.053054,27340,0,2820,0,1.0,0.906,0.951,0.0,1.706,3.997
1784632113.0809615,27350,0,2820,0,1.0,0.907,0.951,0.0,1.706,3.999
1784632113.102923,27360,0,2820,0,1.0,0.907,0.951,0.0,1.706,4.001
1784632113.116144,27370,0,2820,0,1.0,0.907,0.951,0.0,1.706,4.003
1784632113.1316073,27380,0,2820,0,1.0,0.907,0.951,0.0,1.706,4.005
1784632113.1504261,27390,0,2820,0,1.0,0.907,0.951,0.0,1.706,4.007
1784632113.1646774,27400,0,2820,0,1.0,0.907,0.951,0.0,1.706,4.009
1784632113.1812053,27410,0,2820,0,1.0,0.907,0.951,0.0,1.706,4.011
1784632113.2039456,27420,0,2820,0,1.0,0.907,0.951,0.0,1.706,4.013
1784632113.2250137,27430,0,2820,0,1.0,0.907,0.951,0.0,1.706,4.015
1784632113.2375467,27440,0,2820,0,1.0,0.907,0.951,0.0,1.706,4.017
1784632113.2544172,27450,0,2820,0,1.0,0.907,0.951,0.0,1.706,4.019
1784632113.269713,27460,0,2820,0,1.0,0.907,0.951,0.0,1.706,4.021
1784632113.2817073,27470,0,2820,0,1.0,0.907,0.951,0.0,1.706,4.023
1784632113.3021405,27480,0,2820,0,1.0,0.907,0.951,0.0,1.706,4.025
1784632113.3194976,27490,0,2820,0,1.0,0.907,0.951,0.0,1.706,4.027
1784632113.3325522,27500,0,2820,0,1.0,0.907,0.951,0.0,1.706,4.029
1784632113.3499887,27510,0,2820,0,1.0,0.907,0.951,0.0,1.706,4.031
1784632113.3739958,27520,0,2820,0,1.0,0.907,0.951,0.0,1.706,4.033
1784632113.391444,27530,0,2820,0,1.0,0.907,0.951,0.0,1.706,4.035
1784632113.415319,27540,0,2820,0,1.0,0.907,0.951,0.0,1.706,4.037
1784632113.4320042,27550,0,2820,0,1.0,0.907,0.951,0.0,1.706,4.039
1784632113.4531915,27560,0,2820,0,1.0,0.907,0.951,0.0,1.706,4.041
1784632113.4701047,27570,0,2820,0,1.0,0.907,0.951,0.0,1.706,4.043
1784632113.4984434,27580,0,2820,0,1.0,0.907,0.951,0.0,1.706,4.045
1784632113.5194063,27590,0,2820,0,1.0,0.907,0.951,0.0,1.706,4.047
1784632113.536413,27600,0,2820,0,1.0,0.907,0.951,0.0,1.706,4.049
1784632113.555229,27610,0,2820,0,1.0,0.907,0.951,0.0,1.706,4.051
1784632113.5696647,27620,0,2820,0,1.0,0.907,0.951,0.0,1.706,4.053
1784632113.585782,27630,0,2820,0,1.0,0.907,0.951,0.0,1.706,4.055
1784632113.6066883,27640,0,2820,0,1.0,0.907,0.951,0.0,1.706,4.057
1784632113.6287684,27650,0,2820,0,1.0,0.907,0.951,0.0,1.706,4.059
1784632113.6465335,27660,0,2820,0,1.0,0.907,0.951,0.0,1.706,4.061
1784632113.6629167,27670,0,2820,0,1.0,0.908,0.952,0.0,1.705,4.063
1784632113.676117,27680,0,2820,0,1.0,0.908,0.952,0.0,1.705,4.065
1784632113.6948676,27690,0,2820,0,1.0,0.908,0.952,0.0,1.705,4.067
1784632113.711001,27700,0,2820,0,1.0,0.908,0.952,0.0,1.705,4.069
1784632113.7282953,27710,0,2820,0,1.0,0.908,0.952,0.0,1.705,4.071
1784632113.7529373,27720,0,2820,0,1.0,0.908,0.952,0.0,1.705,4.073
1784632113.7738574,27730,0,2820,0,1.0,0.908,0.952,0.0,1.705,4.075
1784632113.7892716,27740,0,2820,0,1.0,0.908,0.952,0.0,1.705,4.077
1784632113.811322,27750,0,2820,0,1.0,0.908,0.952,0.0,1.705,4.079
1784632113.8330266,27760,0,2820,0,1.0,0.908,0.952,0.0,1.706,4.081
1784632113.8536963,27770,0,2820,0,1.0,0.908,0.952,0.0,1.706,4.083
1784632113.8822367,27780,0,2820,0,1.0,0.908,0.952,0.0,1.706,4.085
1784632113.9002252,27790,0,2820,0,1.0,0.908,0.952,0.0,1.706,4.087
1784632113.9131234,27800,0,2820,0,1.0,0.908,0.952,0.0,1.706,4.089
1784632113.9266746,27810,0,2820,0,1.0,0.908,0.952,0.0,1.706,4.091
1784632113.9509737,27820,0,2820,0,1.0,0.908,0.952,0.0,1.706,4.093
1784632113.9765813,27830,0,2820,0,1.0,0.908,0.952,0.0,1.706,4.095
1784632114.0112758,27840,0,2820,0,1.0,0.908,0.952,0.0,1.706,4.097
1784632114.0320039,27850,0,2820,0,1.0,0.908,0.952,0.0,1.706,4.099
1784632114.065384,27860,0,2820,0,1.0,0.908,0.952,0.0,1.706,4.101
1784632114.1030686,27870,0,2820,0,1.0,0.908,0.952,0.0,1.706,4.103
1784632114.1310387,27880,0,2820,0,1.0,0.908,0.952,0.0,1.706,4.105
1784632114.1707125,27890,0,2820,0,1.0,0.908,0.952,0.0,1.706,4.107
1784632114.1990454,27900,0,2820,0,1.0,0.908,0.952,0.0,1.706,4.109
1784632114.227511,27910,0,2820,0,1.0,0.908,0.952,0.0,1.706,4.111
1784632114.258824,27920,0,2820,0,1.0,0.908,0.952,0.0,1.706,4.113
1784632114.285481,27930,0,2820,0,1.0,0.908,0.952,0.0,1.706,4.115
1784632114.3112779,27940,0,2820,0,1.0,0.908,0.952,0.0,1.706,4.117
1784632114.3417869,27950,0,2820,0,1.0,0.908,0.952,0.0,1.706,4.119
1784632114.3661697,27960,0,2820,0,1.0,0.908,0.952,0.0,1.706,4.122
1784632114.3895092,27970,0,2820,0,1.0,0.908,0.952,0.0,1.706,4.124
1784632114.4162214,27980,0,2820,0,1.0,0.908,0.952,0.0,1.706,4.126
1784632114.437441,27990,0,2820,0,1.0,0.908,0.952,0.0,1.706,4.127
1784632114.4670706,28000,0,2820,0,1.0,0.909,0.952,0.0,1.706,4.128
1784632114.4990559,28010,0,2820,0,1.0,0.909,0.952,0.0,1.706,4.13
1784632114.5244563,28020,0,2820,0,1.0,0.909,0.952,0.0,1.706,4.131
1784632114.5469823,28030,0,2820,0,1.0,0.909,0.952,0.0,1.707,4.132
1784632114.5759387,28040,0,2820,0,1.0,0.909,0.952,0.0,1.707,4.134
1784632114.593965,28050,0,2820,0,1.0,0.909,0.952,0.0,1.707,4.135
1784632114.619306,28060,0,2820,0,1.0,0.909,0.952,0.0,1.707,4.137
1784632114.6504116,28070,0,2820,0,1.0,0.909,0.952,0.0,1.707,4.138
1784632114.7133718,28080,0,2820,0,1.0,0.909,0.952,0.0,1.707,4.139
1784632114.7366712,28090,0,2820,0,1.0,0.909,0.952,0.0,1.707,4.141
1784632114.7875698,28100,0,2820,0,1.0,0.909,0.952,0.0,1.707,4.142
1784632114.8080387,28110,0,2820,0,1.0,0.909,0.952,0.0,1.707,4.144
1784632114.8966181,28120,0,2820,0,1.0,0.909,0.952,0.0,1.707,4.145
1784632114.9789195,28130,0,2820,0,1.0,0.909,0.952,0.0,1.707,4.147
1784632115.0552557,28140,0,2820,0,1.0,0.909,0.952,0.0,1.707,4.148
1784632115.1391222,28150,0,2820,0,1.0,0.909,0.952,0.0,1.707,4.15
1784632115.219869,28160,0,2820,0,1.0,0.909,0.952,0.0,1.707,4.151
1784632115.2660875,28170,0,2820,0,1.0,0.909,0.952,0.0,1.707,4.153
1784632115.2774992,28180,0,2820,0,1.0,0.909,0.952,0.0,1.707,4.154
1784632115.2893617,28190,0,2820,0,1.0,0.909,0.952,0.0,1.707,4.156
1784632115.3019426,28200,0,2820,0,1.0,0.909,0.952,0.0,1.707,4.158
1784632115.3196461,28210,0,2820,0,1.0,0.909,0.952,0.0,1.707,4.159
1784632115.3356457,28220,0,2820,0,1.0,0.909,0.952,0.0,1.707,4.161
1784632115.3499923,28230,0,2820,0,1.0,0.909,0.952,0.0,1.707,4.162
1784632115.3700798,28240,0,2820,0,1.0,0.909,0.952,0.0,1.707,4.164
1784632115.3820128,28250,0,2820,0,1.0,0.909,0.952,0.0,1.707,4.165
1784632115.396906,28260,0,2820,0,1.0,0.909,0.952,0.0,1.707,4.167
1784632115.4091485,28270,0,2820,0,1.0,0.909,0.952,0.0,1.707,4.169
1784632115.4262936,28280,0,2820,0,1.0,0.909,0.953,0.0,1.707,4.17
1784632115.4506917,28290,0,2820,0,1.0,0.909,0.953,0.0,1.708,4.172
1784632115.549334,28300,0,2820,0,1.0,0.909,0.953,0.0,1.708,4.173
1784632115.6212623,28310,0,2820,0,1.0,0.909,0.953,0.0,1.708,4.175
1784632115.6674626,28320,0,2820,0,1.0,0.909,0.953,0.0,1.708,4.176
1784632115.7388954,28330,0,2820,0,1.0,0.909,0.953,0.0,1.708,4.178
1784632115.793311,28340,0,2820,0,1.0,0.909,0.953,0.0,1.708,4.18
1784632115.8620942,28350,0,2820,0,1.0,0.91,0.953,0.0,1.708,4.181
1784632115.933889,28360,0,2820,0,1.0,0.91,0.953,0.0,1.708,4.183
1784632115.9823914,28370,0,2820,0,1.0,0.91,0.953,0.0,1.708,4.185
1784632116.0047164,28380,0,2820,0,1.0,0.91,0.953,0.0,1.708,4.187
1784632116.0777664,28390,0,2820,0,1.0,0.91,0.953,0.0,1.708,4.188
1784632116.1379561,28400,0,2820,0,1.0,0.91,0.953,0.0,1.708,4.19
1784632116.21174,28410,0,2820,0,1.0,0.91,0.953,0.0,1.708,4.192
1784632116.2450013,28420,0,2820,0,1.0,0.91,0.953,0.0,1.708,4.194
1784632116.257973,28430,0,2820,0,1.0,0.91,0.953,0.0,1.708,4.195
1784632116.2788234,28440,0,2820,0,1.0,0.91,0.953,0.0,1.708,4.197
1784632116.3081286,28450,0,2820,0,1.0,0.91,0.953,0.0,1.708,4.199
1784632116.3219724,28460,0,2820,0,1.0,0.91,0.953,0.0,1.708,4.201
1784632116.342739,28470,0,2820,0,1.0,0.91,0.953,0.0,1.708,4.203
1784632116.360356,28480,0,2820,0,1.0,0.91,0.953,0.0,1.708,4.204
1784632116.3734007,28490,0,2820,0,1.0,0.91,0.953,0.0,1.708,4.206
1784632116.391183,28500,0,2820,0,1.0,0.91,0.953,0.0,1.708,4.208
1784632116.4175315,28510,0,2820,0,1.0,0.91,0.953,0.0,1.708,4.21
1784632116.434426,28520,0,2820,0,1.0,0.91,0.953,0.0,1.708,4.212
1784632116.4536932,28530,0,2820,0,1.0,0.91,0.953,0.0,1.709,4.213
1784632116.4719975,28540,0,2820,0,1.0,0.91,0.953,0.0,1.709,4.215
1784632116.4896543,28550,0,2820,0,1.0,0.91,0.953,0.0,1.709,4.217
1784632116.5059803,28560,0,2820,0,1.0,0.91,0.953,0.0,1.709,4.219
1784632116.5285177,28570,0,2820,0,1.0,0.91,0.953,0.0,1.709,4.221
1784632116.5449302,28580,0,2820,0,1.0,0.91,0.953,0.0,1.709,4.222
1784632116.569681,28590,0,2820,0,1.0,0.91,0.953,0.0,1.709,4.224
1784632116.5985463,28600,0,2820,0,1.0,0.91,0.953,0.0,1.709,4.226
1784632116.617767,28610,0,2820,0,1.0,0.91,0.953,0.0,1.709,4.228
1784632116.6341693,28620,0,2820,0,1.0,0.91,0.953,0.0,1.709,4.23
1784632116.6474135,28630,0,2820,0,1.0,0.91,0.953,0.0,1.709,4.232
1784632116.6634452,28640,0,2820,0,1.0,0.91,0.953,0.0,1.709,4.233
1784632116.678657,28650,0,2820,0,1.0,0.91,0.953,0.0,1.709,4.235
1784632116.7023203,28660,0,2820,0,1.0,0.91,0.953,0.0,1.709,4.237
1784632116.727871,28670,0,2820,0,1.0,0.91,0.953,0.0,1.709,4.239
1784632116.748576,28680,0,2820,0,1.0,0.91,0.953,0.0,1.709,4.241
1784632116.765745,28690,0,2820,0,1.0,0.911,0.953,0.0,1.709,4.243
1784632116.7799268,28700,0,2820,0,1.0,0.911,0.953,0.0,1.709,4.244
1784632116.792519,28710,0,2820,0,1.0,0.911,0.953,0.0,1.709,4.246
1784632116.8094795,28720,0,2820,0,1.0,0.911,0.953,0.0,1.709,4.248
1784632116.8354018,28730,0,2820,0,1.0,0.911,0.953,0.0,1.709,4.25
1784632116.8551462,28740,0,2820,0,1.0,0.911,0.953,0.0,1.709,4.252
1784632116.8738458,28750,0,2820,0,1.0,0.911,0.953,0.0,1.709,4.254
1784632116.889232,28760,0,2820,0,1.0,0.911,0.953,0.0,1.71,4.256
1784632116.9070919,28770,0,2820,0,1.0,0.911,0.953,0.0,1.71,4.257
1784632116.925522,28780,0,2820,0,1.0,0.911,0.953,0.0,1.71,4.259
1784632116.9452775,28790,0,2820,0,1.0,0.911,0.953,0.0,1.71,4.261
1784632116.9678242,28800,0,2820,0,1.0,0.911,0.953,0.0,1.71,4.263
1784632116.993472,28810,0,2820,0,1.0,0.911,0.953,0.0,1.71,4.265
1784632117.014337,28820,0,2820,0,1.0,0.911,0.953,0.0,1.71,4.267
1784632117.0336392,28830,0,2820,0,1.0,0.911,0.953,0.0,1.71,4.269
1784632117.0610583,28840,0,2820,0,1.0,0.911,0.953,0.0,1.71,4.271
1784632117.08557,28850,0,2820,0,1.0,0.911,0.953,0.0,1.71,4.272
1784632117.1052282,28860,0,2820,0,1.0,0.911,0.953,0.0,1.71,4.274
1784632117.1250846,28870,0,2820,0,1.0,0.911,0.953,0.0,1.71,4.276
1784632117.1598914,28880,0,2820,0,1.0,0.911,0.953,0.0,1.71,4.278
1784632117.1881516,28890,0,2820,0,1.0,0.911,0.953,0.0,1.71,4.28
1784632117.2320738,28900,0,2820,0,1.0,0.911,0.953,0.0,1.71,4.282
1784632117.2517154,28910,0,2820,0,1.0,0.911,0.953,0.0,1.71,4.284
1784632117.2813303,28920,0,2820,0,1.0,0.911,0.954,0.0,1.711,4.286
1784632117.3112526,28930,0,2820,0,1.0,0.911,0.954,0.0,1.711,4.288
1784632117.3389544,28940,0,2820,0,1.0,0.911,0.954,0.0,1.711,4.29
1784632117.366716,28950,0,2820,0,1.0,0.911,0.954,0.0,1.711,4.291
1784632117.3848367,28960,0,2820,0,1.0,0.911,0.954,0.0,1.711,4.293
1784632117.4160628,28970,0,2820,0,1.0,0.911,0.954,0.0,1.711,4.295
1784632117.445809,28980,0,2820,0,1.0,0.911,0.954,0.0,1.711,4.297
1784632117.4606512,28990,0,2820,0,1.0,0.911,0.954,0.0,1.711,4.299
1784632117.4860537,29000,0,2820,0,1.0,0.911,0.954,0.0,1.711,4.301
1784632117.5086102,29010,0,2820,0,1.0,0.911,0.954,0.0,1.711,4.303
1784632117.524892,29020,0,2820,0,1.0,0.911,0.954,0.0,1.711,4.305
1784632117.541665,29030,0,2820,0,1.0,0.911,0.954,0.0,1.711,4.307
1784632117.5692587,29040,0,2820,0,1.0,0.911,0.954,0.0,1.711,4.309
1784632117.5865293,29050,0,2820,0,1.0,0.912,0.954,0.0,1.712,4.311
1784632117.6038492,29060,0,2820,0,1.0,0.912,0.954,0.0,1.712,4.313
1784632117.623372,29070,0,2820,0,1.0,0.912,0.954,0.0,1.712,4.315
1784632117.6428,29080,0,2820,0,1.0,0.912,0.954,0.0,1.712,4.317
1784632117.681507,29090,0,2820,0,1.0,0.912,0.954,0.0,1.712,4.319
1784632117.7121398,29100,0,2820,0,1.0,0.912,0.954,0.0,1.712,4.321
1784632117.7322974,29110,0,2820,0,1.0,0.912,0.954,0.0,1.712,4.323
1784632117.7554073,29120,0,2820,0,1.0,0.912,0.954,0.0,1.712,4.325
1784632117.7762563,29130,0,2820,0,1.0,0.912,0.954,0.0,1.712,4.327
1784632117.7981374,29140,0,2820,0,1.0,0.912,0.954,0.0,1.712,4.329
1784632117.819713,29150,0,2820,0,1.0,0.912,0.954,0.0,1.712,4.331
1784632117.8438807,29160,0,2820,0,1.0,0.912,0.954,0.0,1.713,4.332
1784632117.8657708,29170,0,2820,0,1.0,0.912,0.954,0.0,1.713,4.334
1784632117.8784637,29180,0,2820,0,1.0,0.912,0.954,0.0,1.713,4.336
1784632117.9005995,29190,0,2820,0,1.0,0.912,0.954,0.0,1.713,4.338
1784632117.920687,29200,0,2820,0,1.0,0.912,0.954,0.0,1.713,4.34
1784632117.9371874,29210,0,2820,0,1.0,0.912,0.954,0.0,1.713,4.342
1784632117.9528608,29220,0,2820,0,1.0,0.912,0.954,0.0,1.713,4.344
1784632117.9791222,29230,0,2820,0,1.0,0.912,0.954,0.0,1.713,4.346
1784632117.9976985,29240,0,2820,0,1.0,0.912,0.954,0.0,1.713,4.348
1784632118.0154595,29250,0,2820,0,1.0,0.912,0.954,0.0,1.713,4.35
1784632118.042207,29260,0,2820,0,1.0,0.912,0.954,0.0,1.713,4.352
1784632118.0614269,29270,0,2820,0,1.0,0.912,0.954,0.0,1.713,4.354
1784632118.0760098,29280,0,2820,0,1.0,0.912,0.954,0.0,1.713,4.356
1784632118.114977,29290,0,2820,0,1.0,0.912,0.954,0.0,1.714,4.358
1784632118.148555,29300,0,2820,0,1.0,0.912,0.954,0.0,1.714,4.36
1784632118.188446,29310,0,2820,0,1.0,0.912,0.954,0.0,1.714,4.362
1784632118.2101173,29320,0,2820,0,1.0,0.912,0.954,0.0,1.714,4.364
1784632118.2443535,29330,0,2820,0,1.0,0.912,0.954,0.0,1.714,4.366
1784632118.2665954,29340,0,2820,0,1.0,0.912,0.954,0.0,1.714,4.368
1784632118.3262475,29350,0,2820,0,1.0,0.912,0.954,0.0,1.714,4.37
1784632118.4067051,29360,0,2820,0,1.0,0.912,0.954,0.0,1.714,4.372
1784632118.4243796,29370,0,2820,0,1.0,0.912,0.954,0.0,1.714,4.374
1784632118.4807181,29380,0,2820,0,1.0,0.912,0.954,0.0,1.714,4.376
1784632118.5040956,29390,0,2820,0,1.0,0.912,0.954,0.0,1.714,4.379
1784632118.5422533,29400,0,2820,0,1.0,0.912,0.954,0.0,1.714,4.381
1784632118.5626054,29410,0,2820,0,1.0,0.913,0.954,0.0,1.715,4.383
1784632118.5999537,29420,0,2820,0,1.0,0.913,0.954,0.0,1.715,4.385
1784632118.6267745,29430,0,2820,0,1.0,0.913,0.954,0.0,1.715,4.387
1784632118.6407523,29440,0,2820,0,1.0,0.913,0.954,0.0,1.715,4.389
1784632118.656937,29450,0,2820,0,1.0,0.913,0.954,0.0,1.715,4.391
1784632118.6852713,29460,0,2820,0,1.0,0.913,0.954,0.0,1.715,4.393
1784632118.7023394,29470,0,2820,0,1.0,0.913,0.954,0.0,1.715,4.395
1784632118.7222838,29480,0,2820,0,1.0,0.913,0.954,0.0,1.715,4.397
1784632118.7564704,29490,0,2820,0,1.0,0.913,0.954,0.0,1.715,4.399
1784632118.7844718,29500,0,2820,0,1.0,0.913,0.954,0.0,1.715,4.401
1784632118.8004997,29510,0,2820,0,1.0,0.913,0.954,0.0,1.716,4.404
1784632118.8260226,29520,0,2820,0,1.0,0.913,0.954,0.0,1.716,4.406
1784632118.8638637,29530,0,2820,0,1.0,0.913,0.954,0.0,1.716,4.408
1784632118.8993382,29540,0,2820,0,1.0,0.913,0.954,0.0,1.716,4.41
1784632118.924144,29550,0,2820,0,1.0,0.913,0.954,0.0,1.716,4.412
1784632118.9404767,29560,0,2820,0,1.0,0.913,0.954,0.0,1.716,4.414
1784632118.9846518,29570,0,2820,0,1.0,0.913,0.954,0.0,1.716,4.416
1784632119.0263116,29580,0,2820,0,1.0,0.913,0.955,0.0,1.716,4.418
1784632119.0743058,29590,0,2820,0,1.0,0.913,0.955,0.0,1.717,4.42
1784632119.1357033,29600,0,2820,0,1.0,0.913,0.955,0.0,1.717,4.422
1784632119.2376873,29610,0,2820,0,1.0,0.913,0.955,0.0,1.717,4.425
1784632119.277653,29620,0,2820,0,1.0,0.913,0.955,0.0,1.717,4.427
1784632119.321211,29630,0,2820,0,1.0,0.913,0.955,0.0,1.717,4.429
1784632119.3683658,29640,0,2820,0,1.0,0.913,0.955,0.0,1.717,4.431
1784632119.4023454,29650,0,2820,0,1.0,0.913,0.955,0.0,1.717,4.433
1784632119.430613,29660,0,2820,0,1.0,0.913,0.955,0.0,1.718,4.435
1784632119.5957081,29670,0,2820,0,1.0,0.913,0.955,0.0,1.718,4.438
1784632119.6610508,29680,0,2820,0,1.0,0.913,0.955,0.0,1.718,4.44
1784632119.7294922,29690,0,2820,0,1.0,0.913,0.955,0.0,1.718,4.442
1784632119.8104312,29700,0,2820,0,1.0,0.913,0.955,0.0,1.718,4.445
1784632119.8854938,29710,0,2820,0,1.0,0.913,0.955,0.0,1.718,4.447
1784632119.9415827,29720,0,2820,0,1.0,0.913,0.955,0.0,1.718,4.449
1784632119.9672296,29730,0,2820,0,1.0,0.913,0.955,0.0,1.719,4.451
1784632120.0065367,29740,0,2820,0,1.0,0.913,0.955,0.0,1.719,4.454
1784632120.0265675,29750,0,2820,0,1.0,0.913,0.955,0.0,1.719,4.456
1784632120.0484474,29760,0,2820,0,1.0,0.913,0.955,0.0,1.719,4.458
1784632120.0659292,29770,0,2820,0,1.0,0.913,0.955,0.0,1.719,4.461
1784632120.1531138,29780,0,2820,0,1.0,0.913,0.955,0.0,1.719,4.463
1784632120.200853,29790,0,2820,0,1.0,0.914,0.955,0.0,1.72,4.465
1784632120.2991083,29800,0,2820,0,1.0,0.914,0.955,0.0,1.72,4.468
1784632120.3561542,29810,0,2820,0,1.0,0.914,0.955,0.0,1.72,4.47
1784632120.3855784,29820,0,2820,0,1.0,0.914,0.955,0.0,1.72,4.473
1784632120.4178066,29830,0,2820,0,1.0,0.914,0.955,0.0,1.72,4.475
1784632120.4637396,29840,0,2820,0,1.0,0.914,0.955,0.0,1.72,4.476
1784632120.4959466,29850,0,2820,0,1.0,0.914,0.955,0.0,1.72,4.478
1784632120.5242026,29860,0,2820,0,1.0,0.914,0.955,0.0,1.72,4.48
1784632120.5545368,29870,0,2820,0,1.0,0.914,0.955,0.0,1.72,4.482
1784632120.5751846,29880,0,2820,0,1.0,0.914,0.955,0.0,1.721,4.483
1784632120.6150563,29890,0,2820,0,1.0,0.914,0.955,0.0,1.721,4.485
1784632120.6418366,29900,0,2820,0,1.0,0.914,0.955,0.0,1.721,4.487
1784632120.6691968,29910,0,2820,0,1.0,0.914,0.955,0.0,1.721,4.489
1784632120.7046874,29920,0,2820,0,1.0,0.914,0.955,0.0,1.721,4.49
1784632120.739953,29930,0,2820,0,1.0,0.914,0.955,0.0,1.721,4.492
1784632120.7790494,29940,0,2820,0,1.0,0.914,0.955,0.0,1.721,4.494
1784632120.8081412,29950,0,2820,0,1.0,0.914,0.955,0.0,1.721,4.496
1784632120.8319979,29960,0,2820,0,1.0,0.914,0.955,0.0,1.721,4.498
1784632120.8548124,29970,0,2820,0,1.0,0.914,0.955,0.0,1.721,4.499
1784632120.8875096,29980,0,2820,0,1.0,0.914,0.955,0.0,1.721,4.501
1784632120.9183443,29990,0,2820,0,1.0,0.914,0.955,0.0,1.721,4.503
1784632120.9415314,30000,0,2820,0,1.0,0.914,0.955,0.0,1.721,4.505
1784632120.9642916,30010,0,2820,0,1.0,0.914,0.955,0.0,1.721,4.507
1784632120.9869566,30020,0,2820,0,1.0,0.914,0.955,0.0,1.721,4.509
1784632121.0091567,30030,0,2820,0,1.0,0.914,0.955,0.0,1.721,4.51
1784632121.0336735,30040,0,2820,0,1.0,0.914,0.955,0.0,1.721,4.512
1784632121.0572252,30050,0,2820,0,1.0,0.914,0.955,0.0,1.722,4.514
1784632121.0783503,30060,0,2820,0,1.0,0.914,0.955,0.0,1.722,4.516
1784632121.1074133,30070,0,2820,0,1.0,0.914,0.955,0.0,1.722,4.518
1784632121.1242747,30080,0,2820,0,1.0,0.914,0.955,0.0,1.722,4.52
1784632121.1543455,30090,0,2820,0,1.0,0.914,0.955,0.0,1.722,4.521
1784632121.1863415,30100,0,2820,0,1.0,0.914,0.955,0.0,1.722,4.523
1784632121.2311063,30110,0,2820,0,1.0,0.914,0.955,0.0,1.722,4.525
1784632121.2662354,30120,0,2820,0,1.0,0.914,0.955,0.0,1.722,4.527
1784632121.2938511,30130,0,2820,0,1.0,0.914,0.955,0.0,1.722,4.529
1784632121.3292205,30140,0,2820,0,1.0,0.914,0.955,0.0,1.722,4.531
1784632121.3590765,30150,0,2820,0,1.0,0.914,0.955,0.0,1.722,4.533
1784632121.393315,30160,0,2820,0,1.0,0.914,0.955,0.0,1.722,4.535
1784632121.4338233,30170,0,2820,0,1.0,0.915,0.955,0.0,1.722,4.536
1784632121.460737,30180,0,2820,0,1.0,0.915,0.955,0.0,1.722,4.538
1784632121.4794524,30190,0,2820,0,1.0,0.915,0.955,0.0,1.722,4.54
1784632121.5010738,30200,0,2820,0,1.0,0.915,0.955,0.0,1.722,4.542
1784632121.5271163,30210,0,2820,0,1.0,0.915,0.955,0.0,1.722,4.544
1784632121.5513,30220,0,2820,0,1.0,0.915,0.955,0.0,1.722,4.546
1784632121.5831697,30230,0,2820,0,1.0,0.915,0.955,0.0,1.722,4.548
1784632121.61184,30240,0,2820,0,1.0,0.915,0.955,0.0,1.722,4.55
1784632121.641242,30250,0,2820,0,1.0,0.915,0.955,0.0,1.722,4.552
1784632121.6680906,30260,0,2820,0,1.0,0.915,0.955,0.0,1.722,4.554
1784632121.7122264,30270,0,2820,0,1.0,0.915,0.955,0.0,1.722,4.556
1784632121.7370687,30280,0,2820,0,1.0,0.915,0.956,0.0,1.722,4.558
1784632121.7638633,30290,0,2820,0,1.0,0.915,0.956,0.0,1.722,4.56
1784632121.7894642,30300,0,2820,0,1.0,0.915,0.956,0.0,1.723,4.562
1784632121.8226438,30310,0,2820,0,1.0,0.915,0.956,0.0,1.723,4.564
1784632121.8593493,30320,0,2820,0,1.0,0.915,0.956,0.0,1.723,4.566
1784632121.8879838,30330,0,2820,0,1.0,0.915,0.956,0.0,1.723,4.568
1784632121.9198155,30340,0,2820,0,1.0,0.915,0.956,0.0,1.723,4.57
1784632121.9528382,30350,0,2820,0,1.0,0.915,0.956,0.0,1.723,4.572
1784632121.9826407,30360,0,2820,0,1.0,0.915,0.956,0.0,1.723,4.574
1784632122.0090785,30370,0,2820,0,1.0,0.915,0.956,0.0,1.723,4.576
1784632122.0338838,30380,0,2820,0,1.0,0.915,0.956,0.0,1.723,4.578
1784632122.0578556,30390,0,2820,0,1.0,0.915,0.956,0.0,1.723,4.58
1784632122.0801888,30400,0,2820,0,1.0,0.915,0.956,0.0,1.723,4.582
1784632122.102581,30410,0,2820,0,1.0,0.915,0.956,0.0,1.723,4.584
1784632122.1230953,30420,0,2820,0,1.0,0.915,0.956,0.0,1.723,4.586
1784632122.1519809,30430,0,2820,0,1.0,0.915,0.956,0.0,1.723,4.588
1784632122.1688569,30440,0,2820,0,1.0,0.915,0.956,0.0,1.723,4.59
1784632122.1947124,30450,0,2820,0,1.0,0.915,0.956,0.0,1.723,4.592
1784632122.2248583,30460,0,2820,0,1.0,0.915,0.956,0.0,1.723,4.594
1784632122.250437,30470,0,2820,0,1.0,0.915,0.956,0.0,1.723,4.596
1784632122.280836,30480,0,2820,0,1.0,0.915,0.956,0.0,1.723,4.598
1784632122.3120065,30490,0,2820,0,1.0,0.915,0.956,0.0,1.723,4.6
1784632122.3716547,30500,0,2820,0,1.0,0.915,0.956,0.0,1.723,4.602
1784632122.419956,30510,0,2820,0,1.0,0.915,0.956,0.0,1.723,4.604
1784632122.5110173,30520,0,2820,0,1.0,0.915,0.956,0.0,1.723,4.606
1784632122.5661662,30530,0,2820,0,1.0,0.915,0.956,0.0,1.723,4.608
1784632122.5850224,30540,0,2820,0,1.0,0.915,0.956,0.0,1.723,4.61
1784632122.6232235,30550,0,2820,0,1.0,0.915,0.956,0.0,1.723,4.613
1784632122.6514978,30560,0,2820,0,1.0,0.916,0.956,0.0,1.723,4.615
1784632122.683592,30570,0,2820,0,1.0,0.916,0.956,0.0,1.723,4.617
1784632122.759754,30580,0,2820,0,1.0,0.916,0.956,0.0,1.723,4.619
1784632122.7889934,30590,0,2820,0,1.0,0.916,0.956,0.0,1.723,4.621
1784632122.8145528,30600,0,2820,0,1.0,0.916,0.956,0.0,1.723,4.623
1784632122.852698,30610,0,2820,0,1.0,0.916,0.956,0.0,1.723,4.625
1784632122.8795483,30620,0,2820,0,1.0,0.916,0.956,0.0,1.723,4.628
1784632122.9189975,30630,0,2820,0,1.0,0.916,0.956,0.0,1.723,4.63
1784632122.9479578,30640,0,2820,0,1.0,0.916,0.956,0.0,1.723,4.632
1784632122.9627872,30650,0,2820,0,1.0,0.916,0.956,0.0,1.723,4.634
1784632122.9962347,30660,0,2820,0,1.0,0.916,0.956,0.0,1.723,4.636
1784632123.0287752,30670,0,2820,0,1.0,0.916,0.956,0.0,1.723,4.639
1784632123.0432668,30680,0,2820,0,1.0,0.916,0.956,0.0,1.723,4.641
1784632123.057356,30690,0,2820,0,1.0,0.916,0.956,0.0,1.723,4.643
1784632123.0725834,30700,0,2820,0,1.0,0.916,0.956,0.0,1.723,4.645
1784632123.088519,30710,0,2820,0,1.0,0.916,0.956,0.0,1.722,4.647
1784632123.1584637,30720,0,2820,0,1.0,0.916,0.956,0.0,1.722,4.65
1784632123.1885707,30730,0,2820,0,1.0,0.916,0.956,0.0,1.722,4.652
1784632123.2106993,30740,0,2820,0,1.0,0.916,0.956,0.0,1.722,4.654
1784632123.2733495,30750,0,2820,0,1.0,0.916,0.956,0.0,1.722,4.656
1784632123.3054726,30760,0,2820,0,1.0,0.916,0.956,0.0,1.722,4.659
1784632123.3658335,30770,0,2820,0,1.0,0.916,0.956,0.0,1.722,4.661
1784632123.4404652,30780,0,2820,0,1.0,0.916,0.956,0.0,1.722,4.663
1784632123.485906,30790,0,2820,0,1.0,0.916,0.956,0.0,1.722,4.665
1784632123.5746493,30800,0,2820,0,1.0,0.916,0.956,0.0,1.722,4.668
1784632123.6219573,30810,0,2820,0,1.0,0.916,0.956,0.0,1.722,4.67
1784632123.6378293,30820,0,2820,0,1.0,0.916,0.956,0.0,1.722,4.672
1784632123.6840866,30830,0,2820,0,1.0,0.916,0.956,0.0,1.722,4.675
1784632123.7187366,30840,0,2820,0,1.0,0.916,0.956,0.0,1.722,4.677
1784632123.7574217,30850,0,2820,0,1.0,0.916,0.956,0.0,1.722,4.679
1784632123.7826042,30860,0,2820,0,1.0,0.916,0.956,0.0,1.722,4.682
1784632123.8083577,30870,0,2820,0,1.0,0.916,0.956,0.0,1.722,4.684
1784632123.8478017,30880,0,2820,0,1.0,0.916,0.956,0.0,1.722,4.686
1784632123.8739479,30890,0,2820,0,1.0,0.916,0.956,0.0,1.722,4.689
1784632123.894804,30900,0,2820,0,1.0,0.916,0.956,0.0,1.722,4.691
1784632123.917342,30910,0,2820,0,1.0,0.916,0.956,0.0,1.722,4.693
1784632123.9327257,30920,0,2820,0,1.0,0.916,0.956,0.0,1.722,4.696
1784632123.9548225,30930,0,2820,0,1.0,0.916,0.956,0.0,1.722,4.698
1784632123.9886093,30940,0,2820,0,1.0,0.916,0.956,0.0,1.722,4.7
1784632124.0214581,30950,0,2820,0,1.0,0.916,0.956,0.0,1.722,4.703
1784632124.061216,30960,0,2820,0,1.0,0.917,0.956,0.0,1.722,4.705
1784632124.130184,30970,0,2820,0,1.0,0.917,0.956,0.0,1.722,4.707
1784632124.1864662,30980,0,2820,0,1.0,0.917,0.956,0.0,1.722,4.71
1784632124.221854,30990,0,2820,0,1.0,0.917,0.956,0.0,1.722,4.712
1784632124.273247,31000,0,2820,0,1.0,0.917,0.956,0.0,1.722,4.715
1784632124.3052127,31010,0,2820,0,1.0,0.917,0.957,0.0,1.722,4.717
1784632124.3224738,31020,0,2820,0,1.0,0.917,0.957,0.0,1.722,4.719
1784632124.3408968,31030,0,2820,0,1.0,0.917,0.957,0.0,1.722,4.722
1784632124.361471,31040,0,2820,0,1.0,0.917,0.957,0.0,1.722,4.724
1784632124.3775153,31050,0,2820,0,1.0,0.917,0.957,0.0,1.722,4.727
1784632124.3977644,31060,0,2820,0,1.0,0.917,0.957,0.0,1.722,4.729
1784632124.4327621,31070,0,2820,0,1.0,0.917,0.957,0.0,1.722,4.731
1784632124.4634602,31080,0,2820,0,1.0,0.917,0.957,0.0,1.722,4.734
1784632124.4829342,31090,0,2820,0,1.0,0.917,0.957,0.0,1.722,4.736
1784632124.5050797,31100,0,2820,0,1.0,0.917,0.957,0.0,1.722,4.738
1784632124.5208695,31110,0,2820,0,1.0,0.917,0.957,0.0,1.722,4.741
1784632124.5506332,31120,0,2820,0,1.0,0.917,0.957,0.0,1.722,4.743
1784632124.5780046,31130,0,2820,0,1.0,0.917,0.957,0.0,1.723,4.745
1784632124.6284835,31140,0,2820,0,1.0,0.917,0.957,0.0,1.723,4.748
1784632124.6733086,31150,0,2820,0,1.0,0.917,0.957,0.0,1.723,4.75
1784632124.7185388,31160,0,2820,0,1.0,0.917,0.957,0.0,1.723,4.752
1784632124.748357,31170,0,2820,0,1.0,0.917,0.957,0.0,1.723,4.755
1784632124.764234,31180,0,2820,0,1.0,0.917,0.957,0.0,1.723,4.757
1784632124.7976363,31190,0,2820,0,1.0,0.917,0.957,0.0,1.723,4.759
1784632124.8144972,31200,0,2820,0,1.0,0.917,0.957,0.0,1.723,4.762
1784632124.8762171,31210,0,2820,0,1.0,0.917,0.957,0.0,1.723,4.764
1784632124.9110668,31220,0,2820,0,1.0,0.917,0.957,0.0,1.723,4.767
1784632124.926897,31230,0,2820,0,1.0,0.917,0.957,0.0,1.723,4.769
1784632124.9525638,31240,0,2820,0,1.0,0.917,0.957,0.0,1.723,4.772
1784632124.9701328,31250,0,2820,0,1.0,0.917,0.957,0.0,1.723,4.774
1784632124.988511,31260,0,2820,0,1.0,0.917,0.957,0.0,1.723,4.776
1784632125.0133164,31270,0,2820,0,1.0,0.917,0.957,0.0,1.723,4.778
1784632125.0355372,31280,0,2820,0,1.0,0.917,0.957,0.0,1.723,4.78
1784632125.0560322,31290,0,2820,0,1.0,0.917,0.957,0.0,1.724,4.782
1784632125.0721323,31300,0,2820,0,1.0,0.917,0.957,0.0,1.724,4.783
1784632125.08918,31310,0,2820,0,1.0,0.917,0.957,0.0,1.724,4.785
1784632125.109836,31320,0,2820,0,1.0,0.917,0.957,0.0,1.724,4.787
1784632125.1255212,31330,0,2820,0,1.0,0.917,0.957,0.0,1.724,4.789
1784632125.142098,31340,0,2820,0,1.0,0.917,0.957,0.0,1.724,4.79
1784632125.17112,31350,0,2820,0,1.0,0.917,0.957,0.0,1.724,4.792
1784632125.1925585,31360,0,2820,0,1.0,0.917,0.957,0.0,1.724,4.794
1784632125.2133205,31370,0,2820,0,1.0,0.918,0.957,0.0,1.724,4.796
1784632125.2369413,31380,0,2820,0,1.0,0.918,0.957,0.0,1.724,4.798
1784632125.2686503,31390,0,2820,0,1.0,0.918,0.957,0.0,1.724,4.799
1784632125.3070297,31400,0,2820,0,1.0,0.918,0.957,0.0,1.724,4.801
1784632125.3411121,31410,0,2820,0,1.0,0.918,0.957,0.0,1.724,4.803
1784632125.3733141,31420,0,2820,0,1.0,0.918,0.957,0.0,1.724,4.805
1784632125.4029205,31430,0,2820,0,1.0,0.918,0.957,0.0,1.724,4.807
1784632125.4306836,31440,0,2820,0,1.0,0.918,0.957,0.0,1.724,4.808
1784632125.4513648,31450,0,2820,0,1.0,0.918,0.957,0.0,1.724,4.81
1784632125.4788291,31460,0,2820,0,1.0,0.918,0.957,0.0,1.724,4.812
1784632125.5022285,31470,0,2820,0,1.0,0.918,0.957,0.0,1.724,4.814
1784632125.525911,31480,0,2820,0,1.0,0.918,0.957,0.0,1.724,4.816
1784632125.5532587,31490,0,2820,0,1.0,0.918,0.957,0.0,1.724,4.818
1784632125.5798686,31500,0,2820,0,1.0,0.918,0.957,0.0,1.724,4.819
1784632125.616756,31510,0,2820,0,1.0,0.918,0.957,0.0,1.724,4.821
1784632125.643299,31520,0,2820,0,1.0,0.918,0.957,0.0,1.724,4.823
1784632125.6714108,31530,0,2820,0,1.0,0.918,0.957,0.0,1.724,4.825
1784632125.692706,31540,0,2820,0,1.0,0.918,0.957,0.0,1.724,4.827
1784632125.7251842,31550,0,2820,0,1.0,0.918,0.957,0.0,1.724,4.829
1784632125.747272,31560,0,2820,0,1.0,0.918,0.957,0.0,1.724,4.831
1784632125.7745142,31570,0,2820,0,1.0,0.918,0.957,0.0,1.724,4.832
1784632125.7945662,31580,0,2820,0,1.0,0.918,0.957,0.0,1.724,4.834
1784632125.8225253,31590,0,2820,0,1.0,0.918,0.957,0.0,1.724,4.836
1784632125.8433192,31600,0,2820,0,1.0,0.918,0.957,0.0,1.724,4.838
1784632125.866807,31610,0,2820,0,1.0,0.918,0.957,0.0,1.724,4.84
1784632125.895007,31620,0,2820,0,1.0,0.918,0.957,0.0,1.724,4.842
1784632125.933732,31630,0,2820,0,1.0,0.918,0.957,0.0,1.724,4.844
1784632125.9652922,31640,0,2820,0,1.0,0.918,0.957,0.0,1.724,4.845
1784632125.9951444,31650,0,2820,0,1.0,0.918,0.957,0.0,1.724,4.847
1784632126.021533,31660,0,2820,0,1.0,0.918,0.957,0.0,1.724,4.849
1784632126.0467315,31670,0,2820,0,1.0,0.918,0.957,0.0,1.724,4.851
1784632126.0653303,31680,0,2820,0,1.0,0.918,0.957,0.0,1.724,4.853
1784632126.0824878,31690,0,2820,0,1.0,0.918,0.957,0.0,1.724,4.855
1784632126.1079574,31700,0,2820,0,1.0,0.918,0.957,0.0,1.724,4.857
1784632126.1335967,31710,0,2820,0,1.0,0.918,0.957,0.0,1.724,4.859
1784632126.1623626,31720,0,2820,0,1.0,0.918,0.957,0.0,1.724,4.861
1784632126.1917484,31730,0,2820,0,1.0,0.918,0.957,0.0,1.724,4.862
1784632126.2352223,31740,0,2820,0,1.0,0.918,0.957,0.0,1.724,4.864
1784632126.2654808,31750,0,2820,0,1.0,0.918,0.957,0.0,1.724,4.866
1784632126.2958994,31760,0,2820,0,1.0,0.918,0.957,0.0,1.724,4.868
1784632126.3419914,31770,0,2820,0,1.0,0.918,0.958,0.0,1.724,4.87
1784632126.3684921,31780,0,2820,0,1.0,0.918,0.958,0.0,1.724,4.872
1784632126.3979042,31790,0,2820,0,1.0,0.919,0.958,0.0,1.724,4.874
1784632126.4234624,31800,0,2820,0,1.0,0.919,0.958,0.0,1.724,4.876
1784632126.4551556,31810,0,2820,0,1.0,0.919,0.958,0.0,1.724,4.877
1784632126.4750695,31820,0,2820,0,1.0,0.919,0.958,0.0,1.724,4.879
1784632126.5044918,31830,0,2820,0,1.0,0.919,0.958,0.0,1.724,4.881
1784632126.52472,31840,0,2820,0,1.0,0.919,0.958,0.0,1.724,4.883
1784632126.5498066,31850,0,2820,0,1.0,0.919,0.958,0.0,1.724,4.885
1784632126.5908957,31860,0,2820,0,1.0,0.919,0.958,0.0,1.723,4.887
1784632126.6213164,31870,0,2820,0,1.0,0.919,0.958,0.0,1.723,4.889
1784632126.6484926,31880,0,2820,0,1.0,0.919,0.958,0.0,1.723,4.891
1784632126.6695626,31890,0,2820,0,1.0,0.919,0.958,0.0,1.723,4.893
1784632126.7019742,31900,0,2820,0,1.0,0.919,0.958,0.0,1.723,4.895
1784632126.7285516,31910,0,2820,0,1.0,0.919,0.958,0.0,1.723,4.897
1784632126.7558866,31920,0,2820,0,1.0,0.919,0.958,0.0,1.723,4.899
1784632126.772671,31930,0,2820,0,1.0,0.919,0.958,0.0,1.723,4.901
1784632126.7920666,31940,0,2820,0,1.0,0.919,0.958,0.0,1.723,4.903
1784632126.8194864,31950,0,2820,0,1.0,0.919,0.958,0.0,1.723,4.905
1784632126.8436687,31960,0,2820,0,1.0,0.919,0.958,0.0,1.723,4.906
1784632126.8625295,31970,0,2820,0,1.0,0.919,0.958,0.0,1.723,4.908
1784632126.8782861,31980,0,2820,0,1.0,0.919,0.958,0.0,1.723,4.91
1784632126.9015734,31990,0,2820,0,1.0,0.919,0.958,0.0,1.723,4.912
1784632126.9219823,32000,0,2820,0,1.0,0.919,0.958,0.0,1.723,4.914
1784632126.9347196,32010,0,2820,0,1.0,0.919,0.958,0.0,1.723,4.916
1784632126.990402,32020,0,2820,0,1.0,0.919,0.958,0.0,1.723,4.918
1784632127.0324128,32030,0,2820,0,1.0,0.919,0.958,0.0,1.723,4.92
1784632127.073573,32040,0,2820,0,1.0,0.919,0.958,0.0,1.723,4.922
1784632127.1619914,32050,0,2820,0,1.0,0.919,0.958,0.0,1.723,4.924
1784632127.2474651,32060,0,2820,0,1.0,0.919,0.958,0.0,1.722,4.926
1784632127.3064404,32070,0,2820,0,1.0,0.919,0.958,0.0,1.722,4.928
1784632127.3835735,32080,0,2820,0,1.0,0.919,0.958,0.0,1.722,4.93
1784632127.426986,32090,0,2820,0,1.0,0.919,0.958,0.0,1.722,4.932
1784632127.521323,32100,0,2820,0,1.0,0.919,0.958,0.0,1.722,4.935
1784632127.5843277,32110,0,2820,0,1.0,0.919,0.958,0.0,1.722,4.937
1784632127.6430411,32120,0,2820,0,1.0,0.919,0.958,0.0,1.722,4.939
1784632127.741456,32130,0,2820,0,1.0,0.919,0.958,0.0,1.722,4.941
1784632127.7912085,32140,0,2820,0,1.0,0.919,0.958,0.0,1.722,4.943
1784632127.843457,32150,0,2820,0,1.0,0.919,0.958,0.0,1.722,4.945
1784632127.8934946,32160,0,2820,0,1.0,0.919,0.958,0.0,1.722,4.947
1784632127.9113684,32170,0,2820,0,1.0,0.919,0.958,0.0,1.722,4.95
1784632127.9772727,32180,0,2820,0,1.0,0.919,0.958,0.0,1.722,4.952
1784632128.0489194,32190,0,2820,0,1.0,0.919,0.958,0.0,1.722,4.954
1784632128.1139312,32200,0,2820,0,1.0,0.919,0.958,0.0,1.722,4.956
1784632128.166781,32210,0,2820,0,1.0,0.919,0.958,0.0,1.722,4.959
1784632128.2058136,32220,0,2820,0,1.0,0.92,0.958,0.0,1.722,4.961
1784632128.2316332,32230,0,2820,0,1.0,0.92,0.958,0.0,1.722,4.963
1784632128.2926693,32240,0,2820,0,1.0,0.92,0.958,0.0,1.722,4.965
1784632128.3553038,32250,0,2820,0,1.0,0.92,0.958,0.0,1.722,4.968
1784632128.427393,32260,0,2820,0,1.0,0.92,0.958,0.0,1.722,4.97
1784632128.5159724,32270,0,2820,0,1.0,0.92,0.958,0.0,1.722,4.972
1784632128.553998,32280,0,2820,0,1.0,0.92,0.958,0.0,1.721,4.975
1784632128.5747645,32290,0,2820,0,1.0,0.92,0.958,0.0,1.721,4.977
1784632128.6304574,32300,0,2820,0,1.0,0.92,0.958,0.0,1.721,4.979
1784632128.7039728,32310,0,2820,0,1.0,0.92,0.958,0.0,1.721,4.982
1784632128.8165445,32320,0,2820,0,1.0,0.92,0.958,0.0,1.721,4.984
1784632128.8465781,32330,0,2820,0,1.0,0.92,0.958,0.0,1.721,4.986
1784632128.8865592,32340,0,2820,0,1.0,0.92,0.958,0.0,1.721,4.989
1784632128.9240007,32350,0,2820,0,1.0,0.92,0.958,0.0,1.721,4.991
1784632128.9634764,32360,0,2820,0,1.0,0.92,0.958,0.0,1.721,4.994
1784632128.9894493,32370,0,2820,0,1.0,0.92,0.958,0.0,1.721,4.996
1784632129.0094857,32380,0,2820,0,1.0,0.92,0.958,0.0,1.721,4.998
1784632129.026257,32390,0,2820,0,1.0,0.92,0.958,0.0,1.721,5.001
1784632129.0559258,32400,0,2820,0,1.0,0.92,0.958,0.0,1.721,5.003
1784632129.1669142,32410,0,2820,0,1.0,0.92,0.958,0.0,1.721,5.006
1784632129.1997812,32420,0,2820,0,1.0,0.92,0.958,0.0,1.721,5.008
1784632129.2217844,32430,0,2820,0,1.0,0.92,0.958,0.0,1.721,5.011
1784632129.251082,32440,0,2820,0,1.0,0.92,0.958,0.0,1.721,5.013
1784632129.2734911,32450,0,2820,0,1.0,0.92,0.958,0.0,1.721,5.016
1784632129.3113728,32460,0,2820,0,1.0,0.92,0.958,0.0,1.721,5.018
1784632129.3348677,32470,0,2820,0,1.0,0.92,0.958,0.0,1.721,5.021
1784632129.3522882,32480,0,2820,0,1.0,0.92,0.958,0.0,1.721,5.023
1784632129.369907,32490,0,2820,0,1.0,0.92,0.958,0.0,1.721,5.026
1784632129.3858304,32500,0,2820,0,1.0,0.92,0.958,0.0,1.721,5.028
1784632129.404459,32510,0,2820,0,1.0,0.92,0.958,0.0,1.721,5.029
1784632129.440318,32520,0,2820,0,1.0,0.92,0.958,0.0,1.721,5.031
1784632129.4613836,32530,0,2820,0,1.0,0.92,0.958,0.0,1.721,5.033
1784632129.4850721,32540,0,2820,0,1.0,0.92,0.958,0.0,1.721,5.035
1784632129.507828,32550,0,2820,0,1.0,0.92,0.958,0.0,1.721,5.037
1784632129.5355465,32560,0,2820,0,1.0,0.92,0.958,0.0,1.721,5.039
1784632129.5586445,32570,0,2820,0,1.0,0.92,0.959,0.0,1.721,5.041
1784632129.5842955,32580,0,2820,0,1.0,0.92,0.959,0.0,1.721,5.043
1784632129.6098173,32590,0,2820,0,1.0,0.92,0.959,0.0,1.721,5.044
1784632129.6321962,32600,0,2820,0,1.0,0.92,0.959,0.0,1.722,5.046
1784632129.664598,32610,0,2820,0,1.0,0.92,0.959,0.0,1.722,5.048
1784632129.692954,32620,0,2820,0,1.0,0.92,0.959,0.0,1.722,5.05
1784632129.7226362,32630,0,2820,0,1.0,0.92,0.959,0.0,1.722,5.052
1784632129.7476292,32640,0,2820,0,1.0,0.92,0.959,0.0,1.722,5.054
1784632129.777995,32650,0,2820,0,1.0,0.92,0.959,0.0,1.722,5.056
1784632129.8070612,32660,0,2820,0,1.0,0.921,0.959,0.0,1.722,5.058
1784632129.8297412,32670,0,2820,0,1.0,0.921,0.959,0.0,1.722,5.06
1784632129.8470397,32680,0,2820,0,1.0,0.921,0.959,0.0,1.722,5.062
1784632129.8644218,32690,0,2820,0,1.0,0.921,0.959,0.0,1.722,5.064
1784632129.8898034,32700,0,2820,0,1.0,0.921,0.959,0.0,1.722,5.066
1784632129.9067245,32710,0,2820,0,1.0,0.921,0.959,0.0,1.722,5.068
1784632129.938802,32720,0,2820,0,1.0,0.921,0.959,0.0,1.722,5.069
1784632129.960328,32730,0,2820,0,1.0,0.921,0.959,0.0,1.722,5.071
1784632129.9781017,32740,0,2820,0,1.0,0.921,0.959,0.0,1.722,5.073
1784632129.998102,32750,0,2820,0,1.0,0.921,0.959,0.0,1.722,5.075
1784632130.0157413,32760,0,2820,0,1.0,0.921,0.959,0.0,1.722,5.077
1784632130.0341017,32770,0,2820,0,1.0,0.921,0.959,0.0,1.722,5.079
1784632130.0555751,32780,0,2820,0,1.0,0.921,0.959,0.0,1.722,5.081
1784632130.089113,32790,0,2820,0,1.0,0.921,0.959,0.0,1.722,5.083
1784632130.1081843,32800,0,2820,0,1.0,0.921,0.959,0.0,1.722,5.085
1784632130.129947,32810,0,2820,0,1.0,0.921,0.959,0.0,1.722,5.087
1784632130.1567428,32820,0,2820,0,1.0,0.921,0.959,0.0,1.722,5.089
1784632130.1763787,32830,0,2820,0,1.0,0.921,0.959,0.0,1.722,5.091
1784632130.1919956,32840,0,2820,0,1.0,0.921,0.959,0.0,1.722,5.093
1784632130.2098722,32850,0,2820,0,1.0,0.921,0.959,0.0,1.722,5.095
1784632130.241959,32860,0,2820,0,1.0,0.921,0.959,0.0,1.722,5.097
1784632130.2751122,32870,0,2820,0,1.0,0.921,0.959,0.0,1.722,5.098
1784632130.296176,32880,0,2820,0,1.0,0.921,0.959,0.0,1.722,5.1
1784632130.3211782,32890,0,2820,0,1.0,0.921,0.959,0.0,1.722,5.102
1784632130.3396575,32900,0,2820,0,1.0,0.921,0.959,0.0,1.722,5.104
1784632130.3570573,32910,0,2820,0,1.0,0.921,0.959,0.0,1.723,5.106
1784632130.3734126,32920,0,2820,0,1.0,0.921,0.959,0.0,1.723,5.108
1784632130.3962004,32930,0,2820,0,1.0,0.921,0.959,0.0,1.723,5.11
1784632130.421116,32940,0,2820,0,1.0,0.921,0.959,0.0,1.723,5.112
1784632130.4508228,32950,0,2820,0,1.0,0.921,0.959,0.0,1.723,5.114
1784632130.4813344,32960,0,2820,0,1.0,0.921,0.959,0.0,1.723,5.116
1784632130.5206497,32970,0,2820,0,1.0,0.921,0.959,0.0,1.723,5.118
1784632130.5483422,32980,0,2820,0,1.0,0.921,0.959,0.0,1.723,5.12
1784632130.5844092,32990,0,2820,0,1.0,0.921,0.959,0.0,1.723,5.122
1784632130.6139958,33000,0,2820,0,1.0,0.921,0.959,0.0,1.723,5.124
1784632130.6416025,33010,0,2820,0,1.0,0.921,0.959,0.0,1.723,5.126
1784632130.6617117,33020,0,2820,0,1.0,0.921,0.959,0.0,1.723,5.128
1784632130.687634,33030,0,2820,0,1.0,0.921,0.959,0.0,1.723,5.13
1784632130.7104197,33040,0,2820,0,1.0,0.921,0.959,0.0,1.723,5.132
1784632130.7264512,33050,0,2820,0,1.0,0.921,0.959,0.0,1.723,5.133
1784632130.7514975,33060,0,2820,0,1.0,0.921,0.959,0.0,1.723,5.135
1784632130.774207,33070,0,2820,0,1.0,0.921,0.959,0.0,1.723,5.137
1784632130.8012838,33080,0,2820,0,1.0,0.921,0.959,0.0,1.724,5.139
1784632130.824605,33090,0,2820,0,1.0,0.921,0.959,0.0,1.724,5.141
1784632130.8489723,33100,0,2820,0,1.0,0.921,0.959,0.0,1.724,5.143
1784632130.8666952,33110,0,2820,0,1.0,0.922,0.959,0.0,1.724,5.145
1784632130.8829255,33120,0,2820,0,1.0,0.922,0.959,0.0,1.724,5.147
1784632130.908345,33130,0,2820,0,1.0,0.922,0.959,0.0,1.724,5.149
1784632130.9300816,33140,0,2820,0,1.0,0.922,0.959,0.0,1.724,5.151
1784632130.9542074,33150,0,2820,0,1.0,0.922,0.959,0.0,1.724,5.153
1784632130.9790158,33160,0,2820,0,1.0,0.922,0.959,0.0,1.724,5.155
1784632131.0386922,33170,0,2820,0,1.0,0.922,0.959,0.0,1.724,5.157
1784632131.100567,33180,0,2820,0,1.0,0.922,0.959,0.0,1.724,5.159
1784632131.1569335,33190,0,2820,0,1.0,0.922,0.959,0.0,1.724,5.161
1784632131.2362704,33200,0,2820,0,1.0,0.922,0.959,0.0,1.724,5.163
1784632131.256767,33210,0,2820,0,1.0,0.922,0.959,0.0,1.724,5.166
1784632131.2922957,33220,0,2820,0,1.0,0.922,0.959,0.0,1.724,5.168
1784632131.3331711,33230,0,2820,0,1.0,0.922,0.959,0.0,1.725,5.17
1784632131.36986,33240,0,2820,0,1.0,0.922,0.959,0.0,1.725,5.172
1784632131.4028242,33250,0,2820,0,1.0,0.922,0.959,0.0,1.725,5.174
1784632131.4608138,33260,0,2820,0,1.0,0.922,0.959,0.0,1.725,5.176
1784632131.5689318,33270,0,2820,0,1.0,0.922,0.959,0.0,1.725,5.178
1784632131.6554995,33280,0,2820,0,1.0,0.922,0.959,0.0,1.725,5.18
1784632131.760236,33290,0,2820,0,1.0,0.922,0.959,0.0,1.725,5.182
1784632131.8363848,33300,0,2820,0,1.0,0.922,0.959,0.0,1.725,5.185
1784632131.8535304,33310,0,2820,0,1.0,0.922,0.959,0.0,1.725,5.187
1784632131.895401,33320,0,2820,0,1.0,0.922,0.959,0.0,1.725,5.189
1784632131.9649734,33330,0,2820,0,1.0,0.922,0.959,0.0,1.725,5.191
1784632132.057012,33340,0,2820,0,1.0,0.922,0.959,0.0,1.725,5.193
1784632132.1591134,33350,0,2820,0,1.0,0.922,0.959,0.0,1.725,5.196
1784632132.2840834,33360,0,2820,0,1.0,0.922,0.959,0.0,1.726,5.198
1784632132.3741531,33370,0,2820,0,1.0,0.922,0.959,0.0,1.726,5.2
1784632132.475677,33380,0,2820,0,1.0,0.922,0.959,0.0,1.726,5.203
1784632132.5170088,33390,0,2820,0,1.0,0.922,0.959,0.0,1.726,5.205
1784632132.5731149,33400,0,2820,0,1.0,0.922,0.959,0.0,1.726,5.207
1784632132.6767018,33410,0,2820,0,1.0,0.922,0.96,0.0,1.726,5.21
1784632132.7026765,33420,0,2820,0,1.0,0.922,0.96,0.0,1.726,5.212
1784632132.7272067,33430,0,2820,0,1.0,0.922,0.96,0.0,1.726,5.214
1784632132.7448075,33440,0,2820,0,1.0,0.922,0.96,0.0,1.726,5.217
1784632132.7756517,33450,0,2820,0,1.0,0.922,0.96,0.0,1.726,5.219
1784632132.7946372,33460,0,2820,0,1.0,0.922,0.96,0.0,1.727,5.222
1784632132.809917,33470,0,2820,0,1.0,0.922,0.96,0.0,1.727,5.224
1784632132.8459628,33480,0,2820,0,1.0,0.922,0.96,0.0,1.727,5.226
1784632132.8729918,33490,0,2820,0,1.0,0.922,0.96,0.0,1.727,5.229
1784632132.9021614,33500,0,2820,0,1.0,0.922,0.96,0.0,1.727,5.231
1784632132.93275,33510,0,2820,0,1.0,0.922,0.96,0.0,1.727,5.234
1784632132.9672625,33520,0,2820,0,1.0,0.922,0.96,0.0,1.727,5.236
1784632132.9933581,33530,0,2820,0,1.0,0.922,0.96,0.0,1.727,5.238
1784632133.0186749,33540,0,2820,0,1.0,0.922,0.96,0.0,1.727,5.241
1784632133.0444455,33550,0,2820,0,1.0,0.922,0.96,0.0,1.728,5.243
1784632133.0666692,33560,0,2820,0,1.0,0.922,0.96,0.0,1.728,5.246
1784632133.0955865,33570,0,2820,0,1.0,0.923,0.96,0.0,1.728,5.248
1784632133.1311567,33580,0,2820,0,1.0,0.923,0.96,0.0,1.728,5.251
1784632133.159702,33590,0,2820,0,1.0,0.923,0.96,0.0,1.728,5.253
1784632133.1863115,33600,0,2820,0,1.0,0.923,0.96,0.0,1.728,5.255
1784632133.211599,33610,0,2820,0,1.0,0.923,0.96,0.0,1.728,5.258
1784632133.2456443,33620,0,2820,0,1.0,0.923,0.96,0.0,1.728,5.26
1784632133.2769225,33630,0,2820,0,1.0,0.923,0.96,0.0,1.728,5.263
1784632133.3135068,33640,0,2820,0,1.0,0.923,0.96,0.0,1.728,5.265
1784632133.3462331,33650,0,2820,0,1.0,0.923,0.96,0.0,1.729,5.268
1784632133.3879838,33660,0,2820,0,1.0,0.923,0.96,0.0,1.729,5.27
1784632133.420987,33670,0,2820,0,1.0,0.923,0.96,0.0,1.729,5.273
1784632133.4779236,33680,0,2820,0,1.0,0.923,0.96,0.0,1.729,5.275
1784632133.5188541,33690,0,2820,0,1.0,0.923,0.96,0.0,1.729,5.278
1784632133.5568159,33700,0,2820,0,1.0,0.923,0.96,0.0,1.729,5.28
1784632133.5968664,33710,0,2820,0,1.0,0.923,0.96,0.0,1.729,5.283
1784632133.626777,33720,0,2820,0,1.0,0.923,0.96,0.0,1.729,5.285
1784632133.6750882,33730,0,2820,0,1.0,0.923,0.96,0.0,1.729,5.288
1784632133.7100468,33740,0,2820,0,1.0,0.923,0.96,0.0,1.729,5.29
1784632133.7322085,33750,0,2820,0,1.0,0.923,0.96,0.0,1.729,5.293
1784632133.7609463,33760,0,2820,0,1.0,0.923,0.96,0.0,1.73,5.295
1784632133.7825549,33770,0,2820,0,1.0,0.923,0.96,0.0,1.73,5.298
1784632133.8048482,33780,0,2820,0,1.0,0.923,0.96,0.0,1.73,5.301
1784632133.8289905,33790,0,2820,0,1.0,0.923,0.96,0.0,1.73,5.303
1784632133.8562968,33800,0,2820,0,1.0,0.923,0.96,0.0,1.73,5.306
1784632133.8926136,33810,0,2820,0,1.0,0.923,0.96,0.0,1.73,5.308
1784632133.919956,33820,0,2820,0,1.0,0.923,0.96,0.0,1.73,5.311
1784632133.9448075,33830,0,2820,0,1.0,0.923,0.96,0.0,1.73,5.313
1784632133.9713166,33840,0,2820,0,1.0,0.923,0.96,0.0,1.73,5.316
1784632134.0096054,33850,0,2820,0,1.0,0.923,0.96,0.0,1.73,5.319
1784632134.039541,33860,0,2820,0,1.0,0.923,0.96,0.0,1.73,5.321
1784632134.0570712,33870,0,2820,0,1.0,0.923,0.96,0.0,1.73,5.324
1784632134.078735,33880,0,2820,0,1.0,0.923,0.96,0.0,1.73,5.326
1784632134.107273,33890,0,2820,0,1.0,0.923,0.96,0.0,1.73,5.329
1784632134.1346579,33900,0,2820,0,1.0,0.923,0.96,0.0,1.73,5.331
1784632134.1573102,33910,0,2820,0,1.0,0.923,0.96,0.0,1.73,5.334
1784632134.188302,33920,0,2820,0,1.0,0.923,0.96,0.0,1.73,5.337
1784632134.2223537,33930,0,2820,0,1.0,0.923,0.96,0.0,1.73,5.339
1784632134.2466545,33940,0,2820,0,1.0,0.923,0.96,0.0,1.73,5.342
1784632134.2667189,33950,0,2820,0,1.0,0.923,0.96,0.0,1.731,5.344
1784632134.2861166,33960,0,2820,0,1.0,0.923,0.96,0.0,1.731,5.347
1784632134.3084533,33970,0,2820,0,1.0,0.923,0.96,0.0,1.731,5.35
1784632134.3286057,33980,0,2820,0,1.0,0.923,0.96,0.0,1.731,5.352
1784632134.3567636,33990,0,2820,0,1.0,0.923,0.96,0.0,1.731,5.355
1784632134.3779163,34000,0,2820,0,1.0,0.923,0.96,0.0,1.731,5.357
1784632134.3955379,34010,0,2820,0,1.0,0.923,0.96,0.0,1.731,5.36
1784632134.4116812,34020,0,2820,0,1.0,0.923,0.96,0.0,1.731,5.363
1784632134.4411922,34030,0,2820,0,1.0,0.923,0.96,0.0,1.731,5.365
1784632134.4858854,34040,0,2820,0,1.0,0.923,0.96,0.0,1.731,5.368
1784632134.517995,34050,0,2820,0,1.0,0.924,0.96,0.0,1.731,5.37
1784632134.561586,34060,0,2820,0,1.0,0.924,0.96,0.0,1.731,5.373
1784632134.5874014,34070,0,2820,0,1.0,0.924,0.96,0.0,1.731,5.376
1784632134.6064937,34080,0,2820,0,1.0,0.924,0.96,0.0,1.731,5.378
1784632134.6272788,34090,0,2820,0,1.0,0.924,0.96,0.0,1.731,5.381
1784632134.651993,34100,0,2820,0,1.0,0.924,0.96,0.0,1.731,5.384
1784632134.712286,34110,0,2820,0,1.0,0.924,0.96,0.0,1.732,5.386
1784632134.804723,34120,0,2820,0,1.0,0.924,0.96,0.0,1.732,5.388
1784632134.8759675,34130,0,2820,0,1.0,0.924,0.96,0.0,1.732,5.391
1784632134.9641235,34140,0,2820,0,1.0,0.924,0.96,0.0,1.732,5.393
1784632134.990737,34150,0,2820,0,1.0,0.924,0.96,0.0,1.732,5.395
1784632135.0269063,34160,0,2820,0,1.0,0.924,0.96,0.0,1.732,5.397
1784632135.0697567,34170,0,2820,0,1.0,0.924,0.96,0.0,1.732,5.399
1784632135.1260035,34180,0,2820,0,1.0,0.924,0.96,0.0,1.732,5.401
1784632135.1669605,34190,0,2820,0,1.0,0.924,0.96,0.0,1.732,5.403
1784632135.203012,34200,0,2820,0,1.0,0.924,0.96,0.0,1.732,5.406
1784632135.2188766,34210,0,2820,0,1.0,0.924,0.96,0.0,1.732,5.408
1784632135.2610574,34220,0,2820,0,1.0,0.924,0.96,0.0,1.732,5.41
1784632135.2837348,34230,0,2820,0,1.0,0.924,0.96,0.0,1.732,5.412
1784632135.329314,34240,0,2820,0,1.0,0.924,0.96,0.0,1.732,5.414
1784632135.3794878,34250,0,2820,0,1.0,0.924,0.96,0.0,1.733,5.416
1784632135.4083586,34260,0,2820,0,1.0,0.924,0.96,0.0,1.733,5.419
1784632135.4494731,34270,0,2820,0,1.0,0.924,0.96,0.0,1.733,5.421
1784632135.4747648,34280,0,2820,0,1.0,0.924,0.96,0.0,1.733,5.423
1784632135.5277216,34290,0,2820,0,1.0,0.924,0.961,0.0,1.733,5.425
1784632135.60489,34300,0,2820,0,1.0,0.924,0.961,0.0,1.733,5.427
1784632135.6555917,34310,0,2820,0,1.0,0.924,0.961,0.0,1.733,5.43
1784632135.7167277,34320,0,2820,0,1.0,0.924,0.961,0.0,1.733,5.432
1784632135.7507405,34330,0,2820,0,1.0,0.924,0.961,0.0,1.733,5.434
1784632135.783524,34340,0,2820,0,1.0,0.924,0.961,0.0,1.733,5.436
1784632135.8149486,34350,0,2820,0,1.0,0.924,0.961,0.0,1.733,5.439
1784632135.8359842,34360,0,2820,0,1.0,0.924,0.961,0.0,1.733,5.441
1784632135.8533561,34370,0,2820,0,1.0,0.924,0.961,0.0,1.734,5.443
1784632135.882268,34380,0,2820,0,1.0,0.924,0.961,0.0,1.734,5.446
1784632135.9497187,34390,0,2820,0,1.0,0.924,0.961,0.0,1.734,5.448
1784632135.9683568,34400,0,2820,0,1.0,0.924,0.961,0.0,1.734,5.45
1784632136.023174,34410,0,2820,0,1.0,0.924,0.961,0.0,1.734,5.452
1784632136.0756092,34420,0,2820,0,1.0,0.924,0.961,0.0,1.734,5.455
1784632136.1291738,34430,0,2820,0,1.0,0.924,0.961,0.0,1.734,5.457
1784632136.151083,34440,0,2820,0,1.0,0.924,0.961,0.0,1.734,5.459
1784632136.1969488,34450,0,2820,0,1.0,0.924,0.961,0.0,1.734,5.462
1784632136.2376187,34460,0,2820,0,1.0,0.924,0.961,0.0,1.734,5.464
1784632136.2638316,34470,0,2820,0,1.0,0.924,0.961,0.0,1.734,5.466
1784632136.3255765,34480,0,2820,0,1.0,0.924,0.961,0.0,1.735,5.469
1784632136.3725092,34490,0,2820,0,1.0,0.924,0.961,0.0,1.735,5.471
1784632136.4041526,34500,0,2820,0,1.0,0.924,0.961,0.0,1.735,5.474
1784632136.4295259,34510,0,2820,0,1.0,0.924,0.961,0.0,1.735,5.476
1784632136.4599833,34520,0,2820,0,1.0,0.924,0.961,0.0,1.735,5.478
1784632136.5243814,34530,0,2820,0,1.0,0.924,0.961,0.0,1.735,5.481
1784632136.5750563,34540,0,2820,0,1.0,0.925,0.961,0.0,1.735,5.483
1784632136.611612,34550,0,2820,0,1.0,0.925,0.961,0.0,1.735,5.486
1784632136.66222,34560,0,2820,0,1.0,0.925,0.961,0.0,1.735,5.488
1784632136.700279,34570,0,2820,0,1.0,0.925,0.961,0.0,1.735,5.49
1784632136.7173076,34580,0,2820,0,1.0,0.925,0.961,0.0,1.735,5.493
1784632136.739483,34590,0,2820,0,1.0,0.925,0.961,0.0,1.736,5.495
1784632136.7690687,34600,0,2820,0,1.0,0.925,0.961,0.0,1.736,5.498
1784632136.7944875,34610,0,2820,0,1.0,0.925,0.961,0.0,1.736,5.5
1784632136.8115885,34620,0,2820,0,1.0,0.925,0.961,0.0,1.736,5.503
1784632136.832474,34630,0,2820,0,1.0,0.925,0.961,0.0,1.736,5.505
1784632136.8557725,34640,0,2820,0,1.0,0.925,0.961,0.0,1.736,5.507
1784632136.878378,34650,0,2820,0,1.0,0.925,0.961,0.0,1.736,5.51
1784632136.9082823,34660,0,2820,0,1.0,0.925,0.961,0.0,1.736,5.512
1784632136.9317262,34670,0,2820,0,1.0,0.925,0.961,0.0,1.736,5.515
1784632136.9526577,34680,0,2820,0,1.0,0.925,0.961,0.0,1.736,5.517
1784632136.9722447,34690,0,2820,0,1.0,0.925,0.961,0.0,1.737,5.52
1784632136.9852278,34700,0,2820,0,1.0,0.925,0.961,0.0,1.737,5.522
1784632137.0097127,34710,0,2820,0,1.0,0.925,0.961,0.0,1.737,5.525
1784632137.0293949,34720,0,2820,0,1.0,0.925,0.961,0.0,1.737,5.527
1784632137.0466542,34730,0,2820,0,1.0,0.925,0.961,0.0,1.737,5.529
1784632137.0644007,34740,0,2820,0,1.0,0.925,0.961,0.0,1.737,5.532
1784632137.087028,34750,0,2820,0,1.0,0.925,0.961,0.0,1.737,5.534
1784632137.110368,34760,0,2820,0,1.0,0.925,0.961,0.0,1.737,5.537
1784632137.1343255,34770,0,2820,0,1.0,0.925,0.961,0.0,1.737,5.539
1784632137.1570103,34780,0,2820,0,1.0,0.925,0.961,0.0,1.738,5.542
1784632137.176653,34790,0,2820,0,1.0,0.925,0.961,0.0,1.738,5.544
1784632137.200447,34800,0,2820,0,1.0,0.925,0.961,0.0,1.738,5.546
1784632137.2165952,34810,0,2820,0,1.0,0.925,0.961,0.0,1.738,5.549
1784632137.2452433,34820,0,2820,0,1.0,0.925,0.961,0.0,1.738,5.551
1784632137.2662055,34830,0,2820,0,1.0,0.925,0.961,0.0,1.738,5.554
1784632137.282659,34840,0,2820,0,1.0,0.925,0.961,0.0,1.738,5.556
1784632137.3014271,34850,0,2820,0,1.0,0.925,0.961,0.0,1.738,5.559
1784632137.3257551,34860,0,2820,0,1.0,0.925,0.961,0.0,1.739,5.561
1784632137.3540897,34870,0,2820,0,1.0,0.925,0.961,0.0,1.739,5.563
1784632137.37745,34880,0,2820,0,1.0,0.925,0.961,0.0,1.739,5.566
1784632137.3971179,34890,0,2820,0,1.0,0.925,0.961,0.0,1.739,5.568
1784632137.4135914,34900,0,2820,0,1.0,0.925,0.961,0.0,1.739,5.571
1784632137.430196,34910,0,2820,0,1.0,0.925,0.961,0.0,1.739,5.573
1784632137.4503024,34920,0,2820,0,1.0,0.925,0.961,0.0,1.739,5.576
1784632137.476339,34930,0,2820,0,1.0,0.925,0.961,0.0,1.74,5.578
1784632137.500529,34940,0,2820,0,1.0,0.925,0.961,0.0,1.74,5.581
1784632137.518821,34950,0,2820,0,1.0,0.925,0.961,0.0,1.74,5.583
1784632137.5434115,34960,0,2820,0,1.0,0.925,0.961,0.0,1.74,5.585
1784632137.56104,34970,0,2820,0,1.0,0.925,0.961,0.0,1.74,5.588
1784632137.5935388,34980,0,2820,0,1.0,0.925,0.961,0.0,1.74,5.59
1784632137.6194913,34990,0,2820,0,1.0,0.925,0.961,0.0,1.74,5.593
1784632137.6427019,35000,0,2820,0,1.0,0.925,0.961,0.0,1.74,5.595
1784632137.6706936,35010,0,2820,0,1.0,0.925,0.961,0.0,1.741,5.598
1784632137.6945574,35020,0,2820,0,1.0,0.925,0.961,0.0,1.741,5.6
1784632137.716439,35030,0,2820,0,1.0,0.925,0.961,0.0,1.741,5.603
1784632137.741143,35040,0,2820,0,1.0,0.926,0.961,0.0,1.741,5.605
1784632137.7681036,35050,0,2820,0,1.0,0.926,0.961,0.0,1.741,5.608
1784632137.803923,35060,0,2820,0,1.0,0.926,0.961,0.0,1.741,5.61
1784632137.8246045,35070,0,2820,0,1.0,0.926,0.961,0.0,1.741,5.613
1784632137.8532267,35080,0,2820,0,1.0,0.926,0.961,0.0,1.741,5.615
1784632137.874139,35090,0,2820,0,1.0,0.926,0.961,0.0,1.742,5.618
1784632137.8982346,35100,0,2820,0,1.0,0.926,0.961,0.0,1.742,5.62
1784632137.9158814,35110,0,2820,0,1.0,0.926,0.961,0.0,1.742,5.623
1784632137.9369056,35120,0,2820,0,1.0,0.926,0.961,0.0,1.742,5.625
1784632137.9610527,35130,0,2820,0,1.0,0.926,0.961,0.0,1.742,5.628
1784632137.9851208,35140,0,2820,0,1.0,0.926,0.961,0.0,1.742,5.63
1784632138.0017366,35150,0,2820,0,1.0,0.926,0.961,0.0,1.742,5.633
1784632138.0156734,35160,0,2820,0,1.0,0.926,0.961,0.0,1.743,5.635
1784632138.035226,35170,0,2820,0,1.0,0.926,0.961,0.0,1.743,5.638
1784632138.0576398,35180,0,2820,0,1.0,0.926,0.961,0.0,1.743,5.64
1784632138.0808582,35190,0,2820,0,1.0,0.926,0.961,0.0,1.743,5.643
1784632138.1034567,35200,0,2820,0,1.0,0.926,0.961,0.0,1.743,5.645
1784632138.1226788,35210,0,2820,0,1.0,0.926,0.961,0.0,1.743,5.648
1784632138.138457,35220,0,2820,0,1.0,0.926,0.962,0.0,1.743,5.65
1784632138.1565948,35230,0,2820,0,1.0,0.926,0.962,0.0,1.744,5.653
1784632138.176583,35240,0,2820,0,1.0,0.926,0.962,0.0,1.744,5.655
1784632138.1997812,35250,0,2820,0,1.0,0.926,0.962,0.0,1.744,5.658
1784632138.229425,35260,0,2820,0,1.0,0.926,0.962,0.0,1.744,5.66
1784632138.2450747,35270,0,2820,0,1.0,0.926,0.962,0.0,1.744,5.663
1784632138.262736,35280,0,2820,0,1.0,0.926,0.962,0.0,1.744,5.665
1784632138.28155,35290,0,2820,0,1.0,0.926,0.962,0.0,1.744,5.668
1784632138.3057997,35300,0,2820,0,1.0,0.926,0.962,0.0,1.745,5.67
1784632138.3261106,35310,0,2820,0,1.0,0.926,0.962,0.0,1.745,5.673
1784632138.3460226,35320,0,2820,0,1.0,0.926,0.962,0.0,1.745,5.675
1784632138.3689141,35330,0,2820,0,1.0,0.926,0.962,0.0,1.745,5.678
1784632138.3891494,35340,0,2820,0,1.0,0.926,0.962,0.0,1.745,5.68
1784632138.4037232,35350,0,2820,0,1.0,0.926,0.962,0.0,1.745,5.683
1784632138.4204738,35360,0,2820,0,1.0,0.926,0.962,0.0,1.746,5.685
1784632138.4461064,35370,0,2820,0,1.0,0.926,0.962,0.0,1.746,5.688
1784632138.463389,35380,0,2820,0,1.0,0.926,0.962,0.0,1.746,5.69
1784632138.4808445,35390,0,2820,0,1.0,0.926,0.962,0.0,1.746,5.693
1784632138.507585,35400,0,2820,0,1.0,0.926,0.962,0.0,1.746,5.695
1784632138.5264227,35410,0,2820,0,1.0,0.926,0.962,0.0,1.746,5.698
1784632138.556978,35420,0,2820,0,1.0,0.926,0.962,0.0,1.747,5.7
1784632138.5907245,35430,0,2820,0,1.0,0.926,0.962,0.0,1.747,5.703
1784632138.6267428,35440,0,2820,0,1.0,0.926,0.962,0.0,1.747,5.705
1784632138.6702461,35450,0,2820,0,1.0,0.926,0.962,0.0,1.747,5.708
1784632138.745208,35460,0,2820,0,1.0,0.926,0.962,0.0,1.747,5.711
1784632138.8107572,35470,0,2820,0,1.0,0.926,0.962,0.0,1.747,5.713
1784632138.8859344,35480,0,2820,0,1.0,0.926,0.962,0.0,1.748,5.716
1784632138.9697118,35490,0,2820,0,1.0,0.926,0.962,0.0,1.748,5.718
1784632139.0221584,35500,0,2820,0,1.0,0.926,0.962,0.0,1.748,5.721
1784632139.0881855,35510,0,2820,0,1.0,0.926,0.962,0.0,1.748,5.723
1784632139.1399713,35520,0,2820,0,1.0,0.926,0.962,0.0,1.748,5.726
1784632139.2076344,35530,0,2820,0,1.0,0.926,0.962,0.0,1.749,5.729
1784632139.276555,35540,0,2820,0,1.0,0.926,0.962,0.0,1.749,5.731
1784632139.312146,35550,0,2820,0,1.0,0.927,0.962,0.0,1.749,5.734
1784632139.3537886,35560,0,2820,0,1.0,0.927,0.962,0.0,1.749,5.737
1784632139.4140399,35570,0,2820,0,1.0,0.927,0.962,0.0,1.749,5.739
1784632139.465789,35580,0,2820,0,1.0,0.927,0.962,0.0,1.749,5.742
1784632139.5791073,35590,0,2820,0,1.0,0.927,0.962,0.0,1.75,5.745
1784632139.6661289,35600,0,2820,0,1.0,0.927,0.962,0.0,1.75,5.747
1784632139.703391,35610,0,2820,0,1.0,0.927,0.962,0.0,1.75,5.75
1784632139.7673292,35620,0,2820,0,1.0,0.927,0.962,0.0,1.75,5.753
1784632139.8261151,35630,0,2820,0,1.0,0.927,0.962,0.0,1.75,5.756
1784632139.9187694,35640,0,2820,0,1.0,0.927,0.962,0.0,1.751,5.758
1784632140.0044754,35650,0,2820,0,1.0,0.927,0.962,0.0,1.751,5.761
1784632140.0388803,35660,0,2820,0,1.0,0.927,0.962,0.0,1.751,5.764
1784632140.0811424,35670,0,2820,0,1.0,0.927,0.962,0.0,1.751,5.767
1784632140.143367,35680,0,2820,0,1.0,0.927,0.962,0.0,1.751,5.77
1784632140.201916,35690,0,2820,0,1.0,0.927,0.962,0.0,1.751,5.772
1784632140.2227983,35700,0,2820,0,1.0,0.927,0.962,0.0,1.752,5.775
1784632140.2472572,35710,0,2820,0,1.0,0.927,0.962,0.0,1.752,5.778
1784632140.2817705,35720,0,2820,0,1.0,0.927,0.962,0.0,1.752,5.781
1784632140.2989335,35730,0,2820,0,1.0,0.927,0.962,0.0,1.752,5.784
1784632140.3362105,35740,0,2820,0,1.0,0.927,0.962,0.0,1.752,5.786
1784632140.3676763,35750,0,2820,0,1.0,0.927,0.962,0.0,1.753,5.789
1784632140.3877084,35760,0,2820,0,1.0,0.927,0.962,0.0,1.753,5.792
1784632140.4078183,35770,0,2820,0,1.0,0.927,0.962,0.0,1.753,5.795
1784632140.4217544,35780,0,2820,0,1.0,0.927,0.962,0.0,1.753,5.798
1784632140.437026,35790,0,2820,0,1.0,0.927,0.962,0.0,1.754,5.801
1784632140.4587846,35800,0,2820,0,1.0,0.927,0.962,0.0,1.754,5.803
1784632140.4758165,35810,0,2820,0,1.0,0.927,0.962,0.0,1.754,5.806
1784632140.5022795,35820,0,2820,0,1.0,0.927,0.962,0.0,1.754,5.809
1784632140.5287998,35830,0,2820,0,1.0,0.927,0.962,0.0,1.754,5.812
1784632140.5481122,35840,0,2820,0,1.0,0.927,0.962,0.0,1.755,5.815
1784632140.5672805,35850,0,2820,0,1.0,0.927,0.962,0.0,1.755,5.818
1784632140.5843728,35860,0,2820,0,1.0,0.927,0.962,0.0,1.755,5.82
1784632140.6034074,35870,0,2820,0,1.0,0.927,0.962,0.0,1.755,5.823
1784632140.6326318,35880,0,2820,0,1.0,0.927,0.962,0.0,1.756,5.826
1784632140.6575615,35890,0,2820,0,1.0,0.927,0.962,0.0,1.756,5.829
1784632140.6796865,35900,0,2820,0,1.0,0.927,0.962,0.0,1.756,5.832
1784632140.7063973,35910,0,2820,0,1.0,0.927,0.962,0.0,1.756,5.835
1784632140.7508392,35920,0,2820,0,1.0,0.927,0.962,0.0,1.756,5.837
1784632140.7743726,35930,0,2820,0,1.0,0.927,0.962,0.0,1.757,5.84
1784632140.7925208,35940,0,2820,0,1.0,0.927,0.962,0.0,1.757,5.843
1784632140.8146853,35950,0,2820,0,1.0,0.927,0.962,0.0,1.757,5.846
1784632140.8337495,35960,0,2820,0,1.0,0.927,0.962,0.0,1.757,5.849
1784632140.8581057,35970,0,2820,0,1.0,0.927,0.962,0.0,1.757,5.852
1784632140.8828642,35980,0,2820,0,1.0,0.927,0.962,0.0,1.758,5.854
1784632140.9010253,35990,0,2820,0,1.0,0.927,0.962,0.0,1.758,5.857
1784632140.923447,36000,0,2820,0,1.0,0.927,0.962,0.0,1.758,5.86
1784632140.939768,36010,0,2820,0,1.0,0.927,0.962,0.0,1.758,5.863
1784632140.9636054,36020,0,2820,0,1.0,0.927,0.962,0.0,1.759,5.866
1784632140.985038,36030,0,2820,0,1.0,0.927,0.962,0.0,1.759,5.869
1784632141.0037596,36040,0,2820,0,1.0,0.927,0.962,0.0,1.759,5.871
1784632141.017596,36050,0,2820,0,1.0,0.927,0.962,0.0,1.759,5.874
1784632141.0318775,36060,0,2820,0,1.0,0.927,0.962,0.0,1.759,5.877
1784632141.0496666,36070,0,2820,0,1.0,0.927,0.962,0.0,1.76,5.88
1784632141.0667326,36080,0,2820,0,1.0,0.928,0.962,0.0,1.76,5.882
1784632141.08563,36090,0,2820,0,1.0,0.928,0.962,0.0,1.76,5.884
1784632141.1138668,36100,0,2820,0,1.0,0.928,0.962,0.0,1.76,5.886
1784632141.143199,36110,0,2820,0,1.0,0.928,0.962,0.0,1.76,5.889
1784632141.164573,36120,0,2820,0,1.0,0.928,0.962,0.0,1.76,5.891
1784632141.182591,36130,0,2820,0,1.0,0.928,0.962,0.0,1.76,5.893
1784632141.2186484,36140,0,2820,0,1.0,0.928,0.962,0.0,1.76,5.896
1784632141.239823,36150,0,2820,0,1.0,0.928,0.962,0.0,1.76,5.898
1784632141.2776062,36160,0,2820,0,1.0,0.928,0.962,0.0,1.76,5.9
1784632141.3013234,36170,0,2820,0,1.0,0.928,0.962,0.0,1.76,5.903
1784632141.317576,36180,0,2820,0,1.0,0.928,0.962,0.0,1.76,5.905
1784632141.3393936,36190,0,2820,0,1.0,0.928,0.963,0.0,1.76,5.907
1784632141.3719456,36200,0,2820,0,1.0,0.928,0.963,0.0,1.76,5.909
1784632141.3863966,36210,0,2820,0,1.0,0.928,0.963,0.0,1.76,5.912
1784632141.403105,36220,0,2820,0,1.0,0.928,0.963,0.0,1.76,5.914
1784632141.4203994,36230,0,2820,0,1.0,0.928,0.963,0.0,1.76,5.916
1784632141.4495153,36240,0,2820,0,1.0,0.928,0.963,0.0,1.76,5.919
1784632141.4742448,36250,0,2820,0,1.0,0.928,0.963,0.0,1.76,5.921
1784632141.4958572,36260,0,2820,0,1.0,0.928,0.963,0.0,1.76,5.923
1784632141.5186157,36270,0,2820,0,1.0,0.928,0.963,0.0,1.761,5.926
1784632141.5383089,36280,0,2820,0,1.0,0.928,0.963,0.0,1.761,5.928
1784632141.55661,36290,0,2820,0,1.0,0.928,0.963,0.0,1.761,5.93
1784632141.574379,36300,0,2820,0,1.0,0.928,0.963,0.0,1.761,5.933
1784632141.6123316,36310,0,2820,0,1.0,0.928,0.963,0.0,1.761,5.935
1784632141.6356578,36320,0,2820,0,1.0,0.928,0.963,0.0,1.761,5.937
1784632141.687813,36330,0,2820,0,1.0,0.928,0.963,0.0,1.761,5.94
1784632141.8174424,36340,0,2820,0,1.0,0.928,0.963,0.0,1.761,5.942
1784632141.8490188,36350,0,2820,0,1.0,0.928,0.963,0.0,1.761,5.945
1784632141.906882,36360,0,2820,0,1.0,0.928,0.963,0.0,1.761,5.947
1784632141.9294703,36370,0,2820,0,1.0,0.928,0.963,0.0,1.761,5.949
1784632141.9617178,36380,0,2820,0,1.0,0.928,0.963,0.0,1.761,5.952
1784632141.9946084,36390,0,2820,0,1.0,0.928,0.963,0.0,1.761,5.954
1784632142.0154932,36400,0,2820,0,1.0,0.928,0.963,0.0,1.761,5.957
1784632142.0280545,36410,0,2820,0,1.0,0.928,0.963,0.0,1.761,5.959
1784632142.063413,36420,0,2820,0,1.0,0.928,0.963,0.0,1.761,5.961
1784632142.0865355,36430,0,2820,0,1.0,0.928,0.963,0.0,1.761,5.964
1784632142.1188176,36440,0,2820,0,1.0,0.928,0.963,0.0,1.761,5.966
1784632142.144479,36450,0,2820,0,1.0,0.928,0.963,0.0,1.761,5.969
1784632142.175607,36460,0,2820,0,1.0,0.928,0.963,0.0,1.761,5.971
1784632142.191883,36470,0,2820,0,1.0,0.928,0.963,0.0,1.761,5.973
1784632142.2137594,36480,0,2820,0,1.0,0.928,0.963,0.0,1.762,5.976
1784632142.2385206,36490,0,2820,0,1.0,0.928,0.963,0.0,1.762,5.978
1784632142.2526155,36500,0,2820,0,1.0,0.928,0.963,0.0,1.762,5.981
1784632142.278053,36510,0,2820,0,1.0,0.928,0.963,0.0,1.762,5.983
1784632142.2966008,36520,0,2820,0,1.0,0.928,0.963,0.0,1.762,5.985
1784632142.3299973,36530,0,2820,0,1.0,0.928,0.963,0.0,1.762,5.988
1784632142.3570418,36540,0,2820,0,1.0,0.928,0.963,0.0,1.762,5.99
1784632142.3830373,36550,0,2820,0,1.0,0.928,0.963,0.0,1.762,5.993
1784632142.4011781,36560,0,2820,0,1.0,0.928,0.963,0.0,1.762,5.995
1784632142.44152,36570,0,2820,0,1.0,0.928,0.963,0.0,1.762,5.998
1784632142.457002,36580,0,2820,0,1.0,0.928,0.963,0.0,1.762,6.0
1784632142.4744866,36590,0,2820,0,1.0,0.928,0.963,0.0,1.762,6.002
1784632142.5197468,36600,0,2820,0,1.0,0.928,0.963,0.0,1.762,6.005
1784632142.546308,36610,0,2820,0,1.0,0.928,0.963,0.0,1.762,6.007
1784632142.567895,36620,0,2820,0,1.0,0.928,0.963,0.0,1.762,6.01
1784632142.590011,36630,0,2820,0,1.0,0.929,0.963,0.0,1.762,6.012
1784632142.6063216,36640,0,2820,0,1.0,0.929,0.963,0.0,1.762,6.015
1784632142.6448512,36650,0,2820,0,1.0,0.929,0.963,0.0,1.763,6.017
1784632142.661765,36660,0,2820,0,1.0,0.929,0.963,0.0,1.763,6.02
1784632142.7109773,36670,0,2820,0,1.0,0.929,0.963,0.0,1.763,6.022
1784632142.8131123,36680,0,2820,0,1.0,0.929,0.963,0.0,1.763,6.025
1784632142.8300087,36690,0,2820,0,1.0,0.929,0.963,0.0,1.763,6.027
1784632142.8693411,36700,0,2820,0,1.0,0.929,0.963,0.0,1.763,6.03
1784632142.9081118,36710,0,2820,0,1.0,0.929,0.963,0.0,1.763,6.032
1784632142.9468362,36720,0,2820,0,1.0,0.929,0.963,0.0,1.763,6.035
1784632142.9791605,36730,0,2820,0,1.0,0.929,0.963,0.0,1.763,6.037
1784632142.9942062,36740,0,2820,0,1.0,0.929,0.963,0.0,1.763,6.04
1784632143.0094926,36750,0,2820,0,1.0,0.929,0.963,0.0,1.763,6.042
1784632143.024263,36760,0,2820,0,1.0,0.929,0.963,0.0,1.763,6.045
1784632143.0400784,36770,0,2820,0,1.0,0.929,0.963,0.0,1.763,6.047
1784632143.054218,36780,0,2820,0,1.0,0.929,0.963,0.0,1.763,6.05
1784632143.0689173,36790,0,2820,0,1.0,0.929,0.963,0.0,1.763,6.052
1784632143.0842826,36800,0,2820,0,1.0,0.929,0.963,0.0,1.763,6.055
1784632143.116833,36810,0,2820,0,1.0,0.929,0.963,0.0,1.763,6.057
1784632143.1313329,36820,0,2820,0,1.0,0.929,0.963,0.0,1.763,6.06
1784632143.1479785,36830,0,2820,0,1.0,0.929,0.963,0.0,1.763,6.062
1784632143.1634777,36840,0,2820,0,1.0,0.929,0.963,0.0,1.764,6.065
1784632143.1871047,36850,0,2820,0,1.0,0.929,0.963,0.0,1.764,6.067
1784632143.2754705,36860,0,2820,0,1.0,0.929,0.963,0.0,1.764,6.07
1784632143.3107193,36870,0,2820,0,1.0,0.929,0.963,0.0,1.764,6.072
1784632143.3440716,36880,0,2820,0,1.0,0.929,0.963,0.0,1.764,6.075
1784632143.370235,36890,0,2820,0,1.0,0.929,0.963,0.0,1.764,6.077
1784632143.3911226,36900,0,2820,0,1.0,0.929,0.963,0.0,1.764,6.08
1784632143.4209979,36910,0,2820,0,1.0,0.929,0.963,0.0,1.764,6.083
1784632143.45346,36920,0,2820,0,1.0,0.929,0.963,0.0,1.764,6.085
1784632143.4847884,36930,0,2820,0,1.0,0.929,0.963,0.0,1.764,6.088
1784632143.5018494,36940,0,2820,0,1.0,0.929,0.963,0.0,1.764,6.09
1784632143.5276036,36950,0,2820,0,1.0,0.929,0.963,0.0,1.764,6.093
1784632143.5475948,36960,0,2820,0,1.0,0.929,0.963,0.0,1.764,6.095
1784632143.5629785,36970,0,2820,0,1.0,0.929,0.963,0.0,1.764,6.098
1784632143.579934,36980,0,2820,0,1.0,0.929,0.963,0.0,1.764,6.1
1784632143.603195,36990,0,2820,0,1.0,0.929,0.963,0.0,1.764,6.103
1784632143.6211746,37000,0,2820,0,1.0,0.929,0.963,0.0,1.764,6.106
1784632143.6371524,37010,0,2820,0,1.0,0.929,0.963,0.0,1.764,6.108
1784632143.6615522,37020,0,2820,0,1.0,0.929,0.963,0.0,1.765,6.111
1784632143.6828463,37030,0,2820,0,1.0,0.929,0.963,0.0,1.765,6.113
1784632143.713723,37040,0,2820,0,1.0,0.929,0.963,0.0,1.765,6.116
1784632143.740296,37050,0,2820,0,1.0,0.929,0.963,0.0,1.765,6.118
1784632143.7751834,37060,0,2820,0,1.0,0.929,0.963,0.0,1.765,6.121
1784632143.798158,37070,0,2820,0,1.0,0.929,0.963,0.0,1.765,6.124
1784632143.81589,37080,0,2820,0,1.0,0.929,0.963,0.0,1.765,6.126
1784632143.8335285,37090,0,2820,0,1.0,0.929,0.963,0.0,1.765,6.129
1784632143.857982,37100,0,2820,0,1.0,0.929,0.963,0.0,1.765,6.131
1784632143.8778527,37110,0,2820,0,1.0,0.929,0.963,0.0,1.765,6.134
1784632143.905758,37120,0,2820,0,1.0,0.929,0.963,0.0,1.765,6.137
1784632143.9227474,37130,0,2820,0,1.0,0.929,0.963,0.0,1.765,6.139
1784632143.9463677,37140,0,2820,0,1.0,0.929,0.963,0.0,1.765,6.142
1784632143.9646618,37150,0,2820,0,1.0,0.929,0.963,0.0,1.765,6.144
1784632143.9883838,37160,0,2820,0,1.0,0.929,0.963,0.0,1.765,6.147
1784632144.0053363,37170,0,2820,0,1.0,0.929,0.963,0.0,1.765,6.149
1784632144.0232065,37180,0,2820,0,1.0,0.929,0.963,0.0,1.765,6.152
1784632144.0418444,37190,0,2820,0,1.0,0.93,0.963,0.0,1.765,6.155
1784632144.0613694,37200,0,2820,0,1.0,0.93,0.963,0.0,1.765,6.157
1784632144.0834076,37210,0,2820,0,1.0,0.93,0.963,0.0,1.766,6.16
1784632144.1014135,37220,0,2820,0,1.0,0.93,0.963,0.0,1.766,6.162
1784632144.1189265,37230,0,2820,0,1.0,0.93,0.964,0.0,1.766,6.165
1784632144.1368046,37240,0,2820,0,1.0,0.93,0.964,0.0,1.766,6.168
1784632144.168964,37250,0,2820,0,1.0,0.93,0.964,0.0,1.766,6.17
1784632144.1844182,37260,0,2820,0,1.0,0.93,0.964,0.0,1.766,6.173
1784632144.2046108,37270,0,2820,0,1.0,0.93,0.964,0.0,1.766,6.175
1784632144.2246943,37280,0,2820,0,1.0,0.93,0.964,0.0,1.766,6.178
1784632144.2409096,37290,0,2820,0,1.0,0.93,0.964,0.0,1.766,6.181
1784632144.2610664,37300,0,2820,0,1.0,0.93,0.964,0.0,1.766,6.183
1784632144.2870412,37310,0,2820,0,1.0,0.93,0.964,0.0,1.766,6.186
1784632144.3012996,37320,0,2820,0,1.0,0.93,0.964,0.0,1.766,6.188
1784632144.3270388,37330,0,2820,0,1.0,0.93,0.964,0.0,1.766,6.191
1784632144.3435662,37340,0,2820,0,1.0,0.93,0.964,0.0,1.766,6.194
1784632144.3595755,37350,0,2820,0,1.0,0.93,0.964,0.0,1.766,6.196
1784632144.3812902,37360,0,2820,0,1.0,0.93,0.964,0.0,1.766,6.199
1784632144.4012096,37370,0,2820,0,1.0,0.93,0.964,0.0,1.767,6.201
1784632144.423982,37380,0,2820,0,1.0,0.93,0.964,0.0,1.767,6.204
1784632144.445185,37390,0,2820,0,1.0,0.93,0.964,0.0,1.767,6.207
1784632144.4617898,37400,0,2820,0,1.0,0.93,0.964,0.0,1.767,6.209
1784632144.4772432,37410,0,2820,0,1.0,0.93,0.964,0.0,1.767,6.212
1784632144.4906406,37420,0,2820,0,1.0,0.93,0.964,0.0,1.767,6.214
1784632144.5271313,37430,0,2820,0,1.0,0.93,0.964,0.0,1.767,6.217
1784632144.5452492,37440,0,2820,0,1.0,0.93,0.964,0.0,1.767,6.22
1784632144.562963,37450,0,2820,0,1.0,0.93,0.964,0.0,1.767,6.222
1784632144.5804672,37460,0,2820,0,1.0,0.93,0.964,0.0,1.767,6.225
1784632144.6043463,37470,0,2820,0,1.0,0.93,0.964,0.0,1.767,6.228
1784632144.6265826,37480,0,2820,0,1.0,0.93,0.964,0.0,1.767,6.23
1784632144.6536105,37490,0,2820,0,1.0,0.93,0.964,0.0,1.767,6.233
1784632144.6756034,37500,0,2820,0,1.0,0.93,0.964,0.0,1.767,6.235
1784632144.6916022,37510,0,2820,0,1.0,0.93,0.964,0.0,1.767,6.238
1784632144.7094479,37520,0,2820,0,1.0,0.93,0.964,0.0,1.767,6.241
1784632144.7313886,37530,0,2820,0,1.0,0.93,0.964,0.0,1.768,6.243
1784632144.758967,37540,0,2820,0,1.0,0.93,0.964,0.0,1.768,6.246
1784632144.797062,37550,0,2820,0,1.0,0.93,0.964,0.0,1.768,6.249
1784632144.823219,37560,0,2820,0,1.0,0.93,0.964,0.0,1.768,6.251
1784632144.846561,37570,0,2820,0,1.0,0.93,0.964,0.0,1.768,6.254
1784632144.8704588,37580,0,2820,0,1.0,0.93,0.964,0.0,1.768,6.257
1784632144.899292,37590,0,2820,0,1.0,0.93,0.964,0.0,1.768,6.259
1784632144.9311209,37600,0,2820,0,1.0,0.93,0.964,0.0,1.768,6.262
1784632144.9605474,37610,0,2820,0,1.0,0.93,0.964,0.0,1.768,6.264
1784632144.983885,37620,0,2820,0,1.0,0.93,0.964,0.0,1.768,6.267
1784632145.008476,37630,0,2820,0,1.0,0.93,0.964,0.0,1.768,6.27
1784632145.0273702,37640,0,2820,0,1.0,0.93,0.964,0.0,1.768,6.272
1784632145.0555034,37650,0,2820,0,1.0,0.93,0.964,0.0,1.768,6.275
1784632145.0767992,37660,0,2820,0,1.0,0.93,0.964,0.0,1.768,6.278
1784632145.1018023,37670,0,2820,0,1.0,0.93,0.964,0.0,1.769,6.28
1784632145.1188455,37680,0,2820,0,1.0,0.93,0.964,0.0,1.769,6.283
1784632145.1424012,37690,0,2820,0,1.0,0.93,0.964,0.0,1.769,6.286
1784632145.1657884,37700,0,2820,0,1.0,0.93,0.964,0.0,1.769,6.288
1784632145.1893744,37710,0,2820,0,1.0,0.93,0.964,0.0,1.769,6.291
1784632145.2111003,37720,0,2820,0,1.0,0.93,0.964,0.0,1.769,6.294
1784632145.2385626,37730,0,2820,0,1.0,0.93,0.964,0.0,1.769,6.297
1784632145.2701485,37740,0,2820,0,1.0,0.93,0.964,0.0,1.769,6.299
1784632145.3095324,37750,0,2820,0,1.0,0.93,0.964,0.0,1.769,6.302
1784632145.4079745,37760,0,2820,0,1.0,0.931,0.964,0.0,1.769,6.305
1784632145.479224,37770,0,2820,0,1.0,0.931,0.964,0.0,1.769,6.307
1784632145.520111,37780,0,2820,0,1.0,0.931,0.964,0.0,1.769,6.31
1784632145.537587,37790,0,2820,0,1.0,0.931,0.964,0.0,1.769,6.313
1784632145.6312902,37800,0,2820,0,1.0,0.931,0.964,0.0,1.769,6.315
1784632145.7112997,37810,0,2820,0,1.0,0.931,0.964,0.0,1.769,6.318
1784632145.7717705,37820,0,2820,0,1.0,0.931,0.964,0.0,1.77,6.32
1784632145.850045,37830,0,2820,0,1.0,0.931,0.964,0.0,1.77,6.323
1784632145.8901756,37840,0,2820,0,1.0,0.931,0.964,0.0,1.77,6.325
1784632145.9627845,37850,0,2820,0,1.0,0.931,0.964,0.0,1.77,6.327
1784632146.044259,37860,0,2820,0,1.0,0.931,0.964,0.0,1.77,6.33
1784632146.157672,37870,0,2820,0,1.0,0.931,0.964,0.0,1.77,6.332
1784632146.1943052,37880,0,2820,0,1.0,0.931,0.964,0.0,1.77,6.334
1784632146.2750027,37890,0,2820,0,1.0,0.931,0.964,0.0,1.77,6.337
1784632146.297085,37900,0,2820,0,1.0,0.931,0.964,0.0,1.77,6.339
1784632146.341262,37910,0,2820,0,1.0,0.931,0.964,0.0,1.77,6.341
1784632146.398425,37920,0,2820,0,1.0,0.931,0.964,0.0,1.77,6.344
1784632146.4699187,37930,0,2820,0,1.0,0.931,0.964,0.0,1.77,6.346
1784632146.5003994,37940,0,2820,0,1.0,0.931,0.964,0.0,1.77,6.348
1784632146.5664868,37950,0,2820,0,1.0,0.931,0.964,0.0,1.77,6.351
1784632146.5843406,37960,0,2820,0,1.0,0.931,0.964,0.0,1.77,6.353
1784632146.6066773,37970,0,2820,0,1.0,0.931,0.964,0.0,1.77,6.356
1784632146.651326,37980,0,2820,0,1.0,0.931,0.964,0.0,1.77,6.358
1784632146.679524,37990,0,2820,0,1.0,0.931,0.964,0.0,1.77,6.36
1784632146.7273095,38000,0,2820,0,1.0,0.931,0.964,0.0,1.77,6.363
1784632146.7462895,38010,0,2820,0,1.0,0.931,0.964,0.0,1.77,6.365
1784632146.7730803,38020,0,2820,0,1.0,0.931,0.964,0.0,1.77,6.368
1784632146.7975538,38030,0,2820,0,1.0,0.931,0.964,0.0,1.77,6.37
1784632146.8205628,38040,0,2820,0,1.0,0.931,0.964,0.0,1.77,6.372
1784632146.84597,38050,0,2820,0,1.0,0.931,0.964,0.0,1.77,6.375
1784632146.865839,38060,0,2820,0,1.0,0.931,0.964,0.0,1.77,6.377
1784632146.8979042,38070,0,2820,0,1.0,0.931,0.964,0.0,1.77,6.38
1784632146.918811,38080,0,2820,0,1.0,0.931,0.964,0.0,1.77,6.382
1784632146.936408,38090,0,2820,0,1.0,0.931,0.964,0.0,1.77,6.385
1784632146.9527564,38100,0,2820,0,1.0,0.931,0.964,0.0,1.77,6.387
1784632146.9755402,38110,0,2820,0,1.0,0.931,0.964,0.0,1.77,6.389
1784632146.9977047,38120,0,2820,0,1.0,0.931,0.964,0.0,1.771,6.392
1784632147.0174634,38130,0,2820,0,1.0,0.931,0.964,0.0,1.771,6.394
1784632147.0360408,38140,0,2820,0,1.0,0.931,0.964,0.0,1.771,6.397
1784632147.0516522,38150,0,2820,0,1.0,0.931,0.964,0.0,1.771,6.399
1784632147.06855,38160,0,2820,0,1.0,0.931,0.964,0.0,1.771,6.402
1784632147.0849383,38170,0,2820,0,1.0,0.931,0.964,0.0,1.771,6.404
1784632147.1063282,38180,0,2820,0,1.0,0.931,0.964,0.0,1.771,6.407
1784632147.1341305,38190,0,2820,0,1.0,0.931,0.964,0.0,1.771,6.409
1784632147.154064,38200,0,2820,0,1.0,0.931,0.964,0.0,1.771,6.411
1784632147.1766639,38210,0,2820,0,1.0,0.931,0.964,0.0,1.771,6.414
1784632147.1979048,38220,0,2820,0,1.0,0.931,0.964,0.0,1.771,6.416
1784632147.216967,38230,0,2820,0,1.0,0.931,0.964,0.0,1.771,6.419
1784632147.2499535,38240,0,2820,0,1.0,0.931,0.964,0.0,1.771,6.421
1784632147.2742825,38250,0,2820,0,1.0,0.931,0.964,0.0,1.771,6.424
1784632147.2975028,38260,0,2820,0,1.0,0.931,0.964,0.0,1.771,6.426
1784632147.3162448,38270,0,2820,0,1.0,0.931,0.964,0.0,1.771,6.429
1784632147.336636,38280,0,2820,0,1.0,0.931,0.964,0.0,1.771,6.431
1784632147.3669722,38290,0,2820,0,1.0,0.931,0.964,0.0,1.771,6.433
1784632147.3880029,38300,0,2820,0,1.0,0.931,0.964,0.0,1.771,6.436
1784632147.4063833,38310,0,2820,0,1.0,0.931,0.965,0.0,1.771,6.438
1784632147.4230943,38320,0,2820,0,1.0,0.931,0.965,0.0,1.771,6.441
1784632147.44264,38330,0,2820,0,1.0,0.931,0.965,0.0,1.771,6.443
1784632147.4639714,38340,0,2820,0,1.0,0.931,0.965,0.0,1.771,6.446
1784632147.496186,38350,0,2820,0,1.0,0.932,0.965,0.0,1.771,6.448
1784632147.5248356,38360,0,2820,0,1.0,0.932,0.965,0.0,1.771,6.451
1784632147.5460541,38370,0,2820,0,1.0,0.932,0.965,0.0,1.771,6.453
1784632147.5677269,38380,0,2820,0,1.0,0.932,0.965,0.0,1.771,6.456
1784632147.59468,38390,0,2820,0,1.0,0.932,0.965,0.0,1.771,6.458
1784632147.6252437,38400,0,2820,0,1.0,0.932,0.965,0.0,1.771,6.461
1784632147.6455112,38410,0,2820,0,1.0,0.932,0.965,0.0,1.771,6.463
1784632147.6696315,38420,0,2820,0,1.0,0.932,0.965,0.0,1.771,6.466
1784632147.690509,38430,0,2820,0,1.0,0.932,0.965,0.0,1.771,6.468
1784632147.7196908,38440,0,2820,0,1.0,0.932,0.965,0.0,1.771,6.471
1784632147.7436118,38450,0,2820,0,1.0,0.932,0.965,0.0,1.771,6.473
1784632147.766919,38460,0,2820,0,1.0,0.932,0.965,0.0,1.771,6.476
1784632147.790301,38470,0,2820,0,1.0,0.932,0.965,0.0,1.771,6.478
1784632147.825033,38480,0,2820,0,1.0,0.932,0.965,0.0,1.771,6.481
1784632147.8627505,38490,0,2820,0,1.0,0.932,0.965,0.0,1.771,6.483
1784632147.9022553,38500,0,2820,0,1.0,0.932,0.965,0.0,1.771,6.486
1784632147.9218884,38510,0,2820,0,1.0,0.932,0.965,0.0,1.771,6.488
1784632147.9418154,38520,0,2820,0,1.0,0.932,0.965,0.0,1.771,6.491
1784632147.9792235,38530,0,2820,0,1.0,0.932,0.965,0.0,1.771,6.493
1784632148.0061355,38540,0,2820,0,1.0,0.932,0.965,0.0,1.771,6.496
1784632148.0263097,38550,0,2820,0,1.0,0.932,0.965,0.0,1.771,6.498
1784632148.0496247,38560,0,2820,0,1.0,0.932,0.965,0.0,1.771,6.501
1784632148.0751896,38570,0,2820,0,1.0,0.932,0.965,0.0,1.771,6.503
1784632148.0997164,38580,0,2820,0,1.0,0.932,0.965,0.0,1.771,6.506
1784632148.1216185,38590,0,2820,0,1.0,0.932,0.965,0.0,1.771,6.508
1784632148.1499794,38600,0,2820,0,1.0,0.932,0.965,0.0,1.771,6.511
1784632148.1709137,38610,0,2820,0,1.0,0.932,0.965,0.0,1.771,6.514
1784632148.1978514,38620,0,2820,0,1.0,0.932,0.965,0.0,1.771,6.516
1784632148.2121594,38630,0,2820,0,1.0,0.932,0.965,0.0,1.771,6.519
1784632148.2305577,38640,0,2820,0,1.0,0.932,0.965,0.0,1.771,6.521
1784632148.2533178,38650,0,2820,0,1.0,0.932,0.965,0.0,1.771,6.524
1784632148.2746408,38660,0,2820,0,1.0,0.932,0.965,0.0,1.771,6.526
1784632148.2904859,38670,0,2820,0,1.0,0.932,0.965,0.0,1.771,6.529
1784632148.3123546,38680,0,2820,0,1.0,0.932,0.965,0.0,1.771,6.531
1784632148.333066,38690,0,2820,0,1.0,0.932,0.965,0.0,1.771,6.534
1784632148.3508782,38700,0,2820,0,1.0,0.932,0.965,0.0,1.771,6.537
1784632148.3684897,38710,0,2820,0,1.0,0.932,0.965,0.0,1.771,6.539
1784632148.3942246,38720,0,2820,0,1.0,0.932,0.965,0.0,1.771,6.542
1784632148.4138043,38730,0,2820,0,1.0,0.932,0.965,0.0,1.771,6.544
1784632148.4268413,38740,0,2820,0,1.0,0.932,0.965,0.0,1.771,6.547
1784632148.455225,38750,0,2820,0,1.0,0.932,0.965,0.0,1.771,6.549
1784632148.4783454,38760,0,2820,0,1.0,0.932,0.965,0.0,1.771,6.552
1784632148.4966748,38770,0,2820,0,1.0,0.932,0.965,0.0,1.771,6.555
1784632148.5146258,38780,0,2820,0,1.0,0.932,0.965,0.0,1.771,6.557
1784632148.5304685,38790,0,2820,0,1.0,0.932,0.965,0.0,1.771,6.56
1784632148.5632243,38800,0,2820,0,1.0,0.932,0.965,0.0,1.771,6.562
1784632148.5841887,38810,0,2820,0,1.0,0.932,0.965,0.0,1.771,6.565
1784632148.6138327,38820,0,2820,0,1.0,0.932,0.965,0.0,1.771,6.567
1784632148.639439,38830,0,2820,0,1.0,0.932,0.965,0.0,1.771,6.57
1784632148.6520727,38840,0,2820,0,1.0,0.932,0.965,0.0,1.771,6.573
1784632148.6669884,38850,0,2820,0,1.0,0.932,0.965,0.0,1.771,6.575
1784632148.6843598,38860,0,2820,0,1.0,0.932,0.965,0.0,1.771,6.578
1784632148.706997,38870,0,2820,0,1.0,0.932,0.965,0.0,1.771,6.58
1784632148.7453935,38880,0,2820,0,1.0,0.932,0.965,0.0,1.771,6.583
1784632148.7600791,38890,0,2820,0,1.0,0.932,0.965,0.0,1.771,6.585
1784632148.8194065,38900,0,2820,0,1.0,0.932,0.965,0.0,1.771,6.588
1784632148.8953364,38910,0,2820,0,1.0,0.932,0.965,0.0,1.771,6.591
1784632148.9490542,38920,0,2820,0,1.0,0.932,0.965,0.0,1.771,6.593
1784632149.005175,38930,0,2820,0,1.0,0.932,0.965,0.0,1.771,6.596
1784632149.0653045,38940,0,2820,0,1.0,0.932,0.965,0.0,1.771,6.599
1784632149.1102579,38950,0,2820,0,1.0,0.932,0.965,0.0,1.771,6.601
1784632149.1387763,38960,0,2820,0,1.0,0.933,0.965,0.0,1.771,6.604
1784632149.1591697,38970,0,2820,0,1.0,0.933,0.965,0.0,1.771,6.606
1784632149.1802034,38980,0,2820,0,1.0,0.933,0.965,0.0,1.771,6.609
1784632149.1964507,38990,0,2820,0,1.0,0.933,0.965,0.0,1.771,6.612
1784632149.237071,39000,0,2820,0,1.0,0.933,0.965,0.0,1.771,6.614
1784632149.2604897,39010,0,2820,0,1.0,0.933,0.965,0.0,1.771,6.617
1784632149.2830575,39020,0,2820,0,1.0,0.933,0.965,0.0,1.77,6.62
1784632149.303889,39030,0,2820,0,1.0,0.933,0.965,0.0,1.77,6.622
1784632149.3418527,39040,0,2820,0,1.0,0.933,0.965,0.0,1.77,6.625
1784632149.375865,39050,0,2820,0,1.0,0.933,0.965,0.0,1.77,6.628
1784632149.3977103,39060,0,2820,0,1.0,0.933,0.965,0.0,1.77,6.63
1784632149.4113493,39070,0,2820,0,1.0,0.933,0.965,0.0,1.77,6.633
1784632149.4387865,39080,0,2820,0,1.0,0.933,0.965,0.0,1.77,6.636
1784632149.4534962,39090,0,2820,0,1.0,0.933,0.965,0.0,1.77,6.638
1784632149.4732096,39100,0,2820,0,1.0,0.933,0.965,0.0,1.77,6.641
1784632149.5261023,39110,0,2820,0,1.0,0.933,0.965,0.0,1.77,6.644
1784632149.5793693,39120,0,2820,0,1.0,0.933,0.965,0.0,1.77,6.647
1784632149.616438,39130,0,2820,0,1.0,0.933,0.965,0.0,1.77,6.649
1784632149.6454732,39140,0,2820,0,1.0,0.933,0.965,0.0,1.77,6.652
1784632149.7153962,39150,0,2820,0,1.0,0.933,0.965,0.0,1.77,6.655
1784632149.7497106,39160,0,2820,0,1.0,0.933,0.965,0.0,1.77,6.657
1784632149.821048,39170,0,2820,0,1.0,0.933,0.965,0.0,1.77,6.66
1784632149.8369899,39180,0,2820,0,1.0,0.933,0.965,0.0,1.77,6.663
1784632149.8867075,39190,0,2820,0,1.0,0.933,0.965,0.0,1.77,6.666
1784632149.9278564,39200,0,2820,0,1.0,0.933,0.965,0.0,1.77,6.668
1784632150.0295172,39210,0,2820,0,1.0,0.933,0.965,0.0,1.77,6.671
1784632150.087925,39220,0,2820,0,1.0,0.933,0.965,0.0,1.77,6.674
1784632150.1317365,39230,0,2820,0,1.0,0.933,0.965,0.0,1.77,6.677
1784632150.1668532,39240,0,2820,0,1.0,0.933,0.965,0.0,1.77,6.68
1784632150.1895285,39250,0,2820,0,1.0,0.933,0.965,0.0,1.77,6.682
1784632150.2103653,39260,0,2820,0,1.0,0.933,0.965,0.0,1.77,6.685
1784632150.2355256,39270,0,2820,0,1.0,0.933,0.965,0.0,1.77,6.688
1784632150.2957878,39280,0,2820,0,1.0,0.933,0.965,0.0,1.77,6.691
1784632150.329533,39290,0,2820,0,1.0,0.933,0.965,0.0,1.77,6.694
1784632150.3640788,39300,0,2820,0,1.0,0.933,0.965,0.0,1.77,6.696
1784632150.3902164,39310,0,2820,0,1.0,0.933,0.965,0.0,1.77,6.699
1784632150.4467473,39320,0,2820,0,1.0,0.933,0.965,0.0,1.77,6.702
1784632150.4671595,39330,0,2820,0,1.0,0.933,0.965,0.0,1.77,6.705
1784632150.4969604,39340,0,2820,0,1.0,0.933,0.965,0.0,1.77,6.708
1784632150.528915,39350,0,2820,0,1.0,0.933,0.965,0.0,1.77,6.711
1784632150.563822,39360,0,2820,0,1.0,0.933,0.965,0.0,1.77,6.713
1784632150.587021,39370,0,2820,0,1.0,0.933,0.965,0.0,1.77,6.716
1784632150.6183107,39380,0,2820,0,1.0,0.933,0.965,0.0,1.77,6.719
1784632150.651536,39390,0,2820,0,1.0,0.933,0.965,0.0,1.77,6.722
1784632150.680441,39400,0,2820,0,1.0,0.933,0.965,0.0,1.77,6.725
1784632150.7085667,39410,0,2820,0,1.0,0.933,0.965,0.0,1.77,6.728
1784632150.730149,39420,0,2820,0,1.0,0.933,0.965,0.0,1.77,6.731
1784632150.750993,39430,0,2820,0,1.0,0.933,0.965,0.0,1.77,6.733
1784632150.7781715,39440,0,2820,0,1.0,0.933,0.965,0.0,1.77,6.735
1784632150.798197,39450,0,2820,0,1.0,0.933,0.965,0.0,1.77,6.738
1784632150.8177037,39460,0,2820,0,1.0,0.933,0.966,0.0,1.77,6.74
1784632150.8415785,39470,0,2820,0,1.0,0.933,0.966,0.0,1.77,6.743
1784632150.8815076,39480,0,2820,0,1.0,0.933,0.966,0.0,1.77,6.745
1784632150.9061568,39490,0,2820,0,1.0,0.933,0.966,0.0,1.771,6.747
1784632150.9282799,39500,0,2820,0,1.0,0.933,0.966,0.0,1.771,6.75
1784632150.9489233,39510,0,2820,0,1.0,0.933,0.966,0.0,1.771,6.752
1784632150.971362,39520,0,2820,0,1.0,0.933,0.966,0.0,1.771,6.754
1784632151.0113502,39530,0,2820,0,1.0,0.933,0.966,0.0,1.771,6.757
1784632151.0418892,39540,0,2820,0,1.0,0.933,0.966,0.0,1.771,6.759
1784632151.0746367,39550,0,2820,0,1.0,0.933,0.966,0.0,1.771,6.762
1784632151.0992098,39560,0,2820,0,1.0,0.933,0.966,0.0,1.771,6.764
1784632151.1371424,39570,0,2820,0,1.0,0.933,0.966,0.0,1.771,6.767
1784632151.172176,39580,0,2820,0,1.0,0.933,0.966,0.0,1.771,6.769
1784632151.1951015,39590,0,2820,0,1.0,0.934,0.966,0.0,1.771,6.771
1784632151.2411067,39600,0,2820,0,1.0,0.934,0.966,0.0,1.771,6.774
1784632151.2888374,39610,0,2820,0,1.0,0.934,0.966,0.0,1.771,6.776
1784632151.320067,39620,0,2820,0,1.0,0.934,0.966,0.0,1.771,6.779
1784632151.3523128,39630,0,2820,0,1.0,0.934,0.966,0.0,1.771,6.781
1784632151.3849523,39640,0,2820,0,1.0,0.934,0.966,0.0,1.771,6.784
1784632151.4125044,39650,0,2820,0,1.0,0.934,0.966,0.0,1.771,6.786
1784632151.4422488,39660,0,2820,0,1.0,0.934,0.966,0.0,1.771,6.789
1784632151.4808586,39670,0,2820,0,1.0,0.934,0.966,0.0,1.771,6.791
1784632151.5114253,39680,0,2820,0,1.0,0.934,0.966,0.0,1.771,6.793
1784632151.5471022,39690,0,2820,0,1.0,0.934,0.966,0.0,1.771,6.796
1784632151.5765934,39700,0,2820,0,1.0,0.934,0.966,0.0,1.772,6.798
1784632151.6096854,39710,0,2820,0,1.0,0.934,0.966,0.0,1.772,6.801
1784632151.6428692,39720,0,2820,0,1.0,0.934,0.966,0.0,1.772,6.803
1784632151.6736133,39730,0,2820,0,1.0,0.934,0.966,0.0,1.772,6.806
1784632151.7043,39740,0,2820,0,1.0,0.934,0.966,0.0,1.772,6.808
1784632151.7364292,39750,0,2820,0,1.0,0.934,0.966,0.0,1.772,6.811
1784632151.77601,39760,0,2820,0,1.0,0.934,0.966,0.0,1.772,6.813
1784632151.8130522,39770,0,2820,0,1.0,0.934,0.966,0.0,1.772,6.816
1784632151.8347418,39780,0,2820,0,1.0,0.934,0.966,0.0,1.772,6.819
1784632151.8684943,39790,0,2820,0,1.0,0.934,0.966,0.0,1.772,6.821
1784632151.9032025,39800,0,2820,0,1.0,0.934,0.966,0.0,1.772,6.824
1784632151.9461932,39810,0,2820,0,1.0,0.934,0.966,0.0,1.772,6.826
1784632151.9673607,39820,0,2820,0,1.0,0.934,0.966,0.0,1.772,6.829
1784632151.9999852,39830,0,2820,0,1.0,0.934,0.966,0.0,1.772,6.831
1784632152.0349543,39840,0,2820,0,1.0,0.934,0.966,0.0,1.772,6.834
1784632152.05599,39850,0,2820,0,1.0,0.934,0.966,0.0,1.772,6.836
1784632152.0761065,39860,0,2820,0,1.0,0.934,0.966,0.0,1.772,6.839
1784632152.0977962,39870,0,2820,0,1.0,0.934,0.966,0.0,1.772,6.841
1784632152.137076,39880,0,2820,0,1.0,0.934,0.966,0.0,1.772,6.844
1784632152.2002928,39890,0,2820,0,1.0,0.934,0.966,0.0,1.772,6.847
1784632152.2643933,39900,0,2820,0,1.0,0.934,0.966,0.0,1.772,6.849
1784632152.3062716,39910,0,2820,0,1.0,0.934,0.966,0.0,1.772,6.852
1784632152.3330357,39920,0,2820,0,1.0,0.934,0.966,0.0,1.772,6.854
1784632152.3537195,39930,0,2820,0,1.0,0.934,0.966,0.0,1.772,6.857
1784632152.3704123,39940,0,2820,0,1.0,0.934,0.966,0.0,1.772,6.86
1784632152.4313676,39950,0,2820,0,1.0,0.934,0.966,0.0,1.772,6.862
1784632152.4563286,39960,0,2820,0,1.0,0.934,0.966,0.0,1.772,6.865
1784632152.4776986,39970,0,2820,0,1.0,0.934,0.966,0.0,1.772,6.867
1784632152.506233,39980,0,2820,0,1.0,0.934,0.966,0.0,1.772,6.87
1784632152.5567837,39990,0,2820,0,1.0,0.934,0.966,0.0,1.772,6.873
1784632152.5894165,40000,0,2820,0,1.0,0.934,0.966,0.0,1.772,6.875
1784632152.6080399,40010,0,2820,0,1.0,0.934,0.966,0.0,1.772,6.878
1784632152.649211,40020,0,2820,0,1.0,0.934,0.966,0.0,1.772,6.881
1784632152.670922,40030,0,2820,0,1.0,0.934,0.966,0.0,1.772,6.883
1784632152.7013779,40040,0,2820,0,1.0,0.934,0.966,0.0,1.772,6.886
1784632152.7242725,40050,0,2820,0,1.0,0.934,0.966,0.0,1.772,6.888
1784632152.753773,40060,0,2820,0,1.0,0.934,0.966,0.0,1.772,6.891
1784632152.7764018,40070,0,2820,0,1.0,0.934,0.966,0.0,1.772,6.894
1784632152.8084257,40080,0,2820,0,1.0,0.934,0.966,0.0,1.772,6.896
1784632152.8335485,40090,0,2820,0,1.0,0.934,0.966,0.0,1.773,6.899
1784632152.850534,40100,0,2820,0,1.0,0.934,0.966,0.0,1.773,6.902
1784632152.8829825,40110,0,2820,0,1.0,0.934,0.966,0.0,1.773,6.904
1784632152.9009721,40120,0,2820,0,1.0,0.934,0.966,0.0,1.773,6.907
1784632152.9163396,40130,0,2820,0,1.0,0.934,0.966,0.0,1.773,6.91
1784632152.94426,40140,0,2820,0,1.0,0.934,0.966,0.0,1.773,6.912
1784632152.9819994,40150,0,2820,0,1.0,0.934,0.966,0.0,1.773,6.915
1784632153.0164762,40160,0,2820,0,1.0,0.934,0.966,0.0,1.773,6.918
1784632153.042937,40170,0,2820,0,1.0,0.934,0.966,0.0,1.773,6.92
1784632153.064068,40180,0,2820,0,1.0,0.934,0.966,0.0,1.773,6.923
1784632153.0839472,40190,0,2820,0,1.0,0.934,0.966,0.0,1.773,6.926
1784632153.103352,40200,0,2820,0,1.0,0.934,0.966,0.0,1.773,6.928
1784632153.1293502,40210,0,2820,0,1.0,0.934,0.966,0.0,1.773,6.931
1784632153.1487575,40220,0,2820,0,1.0,0.934,0.966,0.0,1.773,6.934
1784632153.168546,40230,0,2820,0,1.0,0.934,0.966,0.0,1.773,6.936
1784632153.1984632,40240,0,2820,0,1.0,0.935,0.966,0.0,1.773,6.939
1784632153.2213397,40250,0,2820,0,1.0,0.935,0.966,0.0,1.773,6.942
1784632153.24098,40260,0,2820,0,1.0,0.935,0.966,0.0,1.773,6.944
1784632153.2676473,40270,0,2820,0,1.0,0.935,0.966,0.0,1.773,6.947
1784632153.2837205,40280,0,2820,0,1.0,0.935,0.966,0.0,1.773,6.949
1784632153.3007286,40290,0,2820,0,1.0,0.935,0.966,0.0,1.773,6.952
1784632153.3167243,40300,0,2820,0,1.0,0.935,0.966,0.0,1.773,6.955
1784632153.3396459,40310,0,2820,0,1.0,0.935,0.966,0.0,1.773,6.957
1784632153.3700268,40320,0,2820,0,1.0,0.935,0.966,0.0,1.773,6.96
1784632153.3947275,40330,0,2820,0,1.0,0.935,0.966,0.0,1.773,6.963
1784632153.41537,40340,0,2820,0,1.0,0.935,0.966,0.0,1.773,6.966
1784632153.4331222,40350,0,2820,0,1.0,0.935,0.966,0.0,1.774,6.968
1784632153.461122,40360,0,2820,0,1.0,0.935,0.966,0.0,1.774,6.971
1784632153.4844177,40370,0,2820,0,1.0,0.935,0.966,0.0,1.774,6.974
1784632153.5107625,40380,0,2820,0,1.0,0.935,0.966,0.0,1.774,6.976
1784632153.5372894,40390,0,2820,0,1.0,0.935,0.966,0.0,1.774,6.979
1784632153.5586798,40400,0,2820,0,1.0,0.935,0.966,0.0,1.774,6.982
1784632153.5874093,40410,0,2820,0,1.0,0.935,0.966,0.0,1.774,6.984
1784632153.6157188,40420,0,2820,0,1.0,0.935,0.966,0.0,1.774,6.987
1784632153.6371858,40430,0,2820,0,1.0,0.935,0.966,0.0,1.774,6.99
1784632153.6622782,40440,0,2820,0,1.0,0.935,0.966,0.0,1.774,6.992
1784632153.7063725,40450,0,2820,0,1.0,0.935,0.966,0.0,1.774,6.995
1784632153.7222373,40460,0,2820,0,1.0,0.935,0.966,0.0,1.774,6.998
1784632153.7379045,40470,0,2820,0,1.0,0.935,0.966,0.0,1.774,7.001
1784632153.7581472,40480,0,2820,0,1.0,0.935,0.966,0.0,1.774,7.003
1784632153.7751687,40490,0,2820,0,1.0,0.935,0.966,0.0,1.774,7.006
1784632153.8001158,40500,0,2820,0,1.0,0.935,0.966,0.0,1.774,7.009
1784632153.8219163,40510,0,2820,0,1.0,0.935,0.966,0.0,1.774,7.011
1784632153.8591833,40520,0,2820,0,1.0,0.935,0.966,0.0,1.774,7.014
1784632153.8762538,40530,0,2820,0,1.0,0.935,0.966,0.0,1.774,7.017
1784632153.9017205,40540,0,2820,0,1.0,0.935,0.966,0.0,1.774,7.019
1784632153.9265041,40550,0,2820,0,1.0,0.935,0.966,0.0,1.774,7.022
1784632153.9455998,40560,0,2820,0,1.0,0.935,0.966,0.0,1.774,7.025
1784632153.9805944,40570,0,2820,0,1.0,0.935,0.966,0.0,1.774,7.028
1784632154.0082583,40580,0,2820,0,1.0,0.935,0.966,0.0,1.774,7.03
1784632154.0295925,40590,0,2820,0,1.0,0.935,0.966,0.0,1.774,7.033
1784632154.055853,40600,0,2820,0,1.0,0.935,0.966,0.0,1.774,7.036
1784632154.0880313,40610,0,2820,0,1.0,0.935,0.966,0.0,1.774,7.038
1784632154.108995,40620,0,2820,0,1.0,0.935,0.966,0.0,1.774,7.041
1784632154.1295204,40630,0,2820,0,1.0,0.935,0.966,0.0,1.774,7.044
1784632154.1445448,40640,0,2820,0,1.0,0.935,0.966,0.0,1.774,7.047
1784632154.1661193,40650,0,2820,0,1.0,0.935,0.966,0.0,1.774,7.049
1784632154.1850255,40660,0,2820,0,1.0,0.935,0.966,0.0,1.774,7.052
1784632154.215959,40670,0,2820,0,1.0,0.935,0.966,0.0,1.774,7.055
1784632154.2441313,40680,0,2820,0,1.0,0.935,0.967,0.0,1.775,7.058
1784632154.2625847,40690,0,2820,0,1.0,0.935,0.967,0.0,1.775,7.06
1784632154.2851562,40700,0,2820,0,1.0,0.935,0.967,0.0,1.775,7.063
1784632154.3064344,40710,0,2820,0,1.0,0.935,0.967,0.0,1.775,7.066
1784632154.3461514,40720,0,2820,0,1.0,0.935,0.967,0.0,1.775,7.068
1784632154.367375,40730,0,2820,0,1.0,0.935,0.967,0.0,1.775,7.071
1784632154.397414,40740,0,2820,0,1.0,0.935,0.967,0.0,1.775,7.074
1784632154.4239883,40750,0,2820,0,1.0,0.935,0.967,0.0,1.775,7.077
1784632154.4416602,40760,0,2820,0,1.0,0.935,0.967,0.0,1.775,7.079
1784632154.4667253,40770,0,2820,0,1.0,0.935,0.967,0.0,1.775,7.082
1784632154.4982393,40780,0,2820,0,1.0,0.935,0.967,0.0,1.775,7.085
1784632154.520257,40790,0,2820,0,1.0,0.935,0.967,0.0,1.775,7.088
1784632154.545081,40800,0,2820,0,1.0,0.935,0.967,0.0,1.775,7.091
1784632154.560786,40810,0,2820,0,1.0,0.935,0.967,0.0,1.775,7.093
1784632154.5810888,40820,0,2820,0,1.0,0.935,0.967,0.0,1.775,7.096
1784632154.614287,40830,0,2820,0,1.0,0.935,0.967,0.0,1.775,7.099
1784632154.6343818,40840,0,2820,0,1.0,0.935,0.967,0.0,1.775,7.102
1784632154.6561847,40850,0,2820,0,1.0,0.935,0.967,0.0,1.775,7.104
1784632154.676012,40860,0,2820,0,1.0,0.935,0.967,0.0,1.775,7.107
1784632154.700286,40870,0,2820,0,1.0,0.935,0.967,0.0,1.775,7.11
1784632154.7299733,40880,0,2820,0,1.0,0.935,0.967,0.0,1.775,7.113
1784632154.760524,40890,0,2820,0,1.0,0.935,0.967,0.0,1.775,7.115
1784632154.7769785,40900,0,2820,0,1.0,0.935,0.967,0.0,1.775,7.118
1784632154.794353,40910,0,2820,0,1.0,0.936,0.967,0.0,1.775,7.121
1784632154.8133526,40920,0,2820,0,1.0,0.936,0.967,0.0,1.775,7.124
1784632154.8371477,40930,0,2820,0,1.0,0.936,0.967,0.0,1.775,7.126
1784632154.8608012,40940,0,2820,0,1.0,0.936,0.967,0.0,1.775,7.129
1784632154.8888059,40950,0,2820,0,1.0,0.936,0.967,0.0,1.775,7.132
1784632154.9220016,40960,0,2820,0,1.0,0.936,0.967,0.0,1.776,7.135
1784632154.948819,40970,0,2820,0,1.0,0.936,0.967,0.0,1.776,7.138
1784632154.977023,40980,0,2820,0,1.0,0.936,0.967,0.0,1.776,7.14
1784632155.0259097,40990,0,2820,0,1.0,0.936,0.967,0.0,1.776,7.143
1784632155.0823944,41000,0,2820,0,1.0,0.936,0.967,0.0,1.776,7.146
1784632155.10136,41010,0,2820,0,1.0,0.936,0.967,0.0,1.776,7.149
1784632155.1226943,41020,0,2820,0,1.0,0.936,0.967,0.0,1.776,7.152
1784632155.1573813,41030,0,2820,0,1.0,0.936,0.967,0.0,1.776,7.154
1784632155.2054243,41040,0,2820,0,1.0,0.936,0.967,0.0,1.776,7.157
1784632155.2329938,41050,0,2820,0,1.0,0.936,0.967,0.0,1.776,7.16
1784632155.2544727,41060,0,2820,0,1.0,0.936,0.967,0.0,1.776,7.163
1784632155.2688005,41070,0,2820,0,1.0,0.936,0.967,0.0,1.776,7.166
1784632155.3153434,41080,0,2820,0,1.0,0.936,0.967,0.0,1.776,7.169
1784632155.342884,41090,0,2820,0,1.0,0.936,0.967,0.0,1.776,7.171
1784632155.3752809,41100,0,2820,0,1.0,0.936,0.967,0.0,1.776,7.174
1784632155.4146993,41110,0,2820,0,1.0,0.936,0.967,0.0,1.776,7.177
1784632155.4304395,41120,0,2820,0,1.0,0.936,0.967,0.0,1.776,7.18
1784632155.482396,41130,0,2820,0,1.0,0.936,0.967,0.0,1.776,7.183
1784632155.50513,41140,0,2820,0,1.0,0.936,0.967,0.0,1.776,7.186
1784632155.5297194,41150,0,2820,0,1.0,0.936,0.967,0.0,1.776,7.188
1784632155.5530424,41160,0,2820,0,1.0,0.936,0.967,0.0,1.776,7.191
1784632155.5768044,41170,0,2820,0,1.0,0.936,0.967,0.0,1.777,7.194
1784632155.6021342,41180,0,2820,0,1.0,0.936,0.967,0.0,1.777,7.197
1784632155.6339962,41190,0,2820,0,1.0,0.936,0.967,0.0,1.777,7.2
1784632155.6535747,41200,0,2820,0,1.0,0.936,0.967,0.0,1.777,7.203
1784632155.677389,41210,0,2820,0,1.0,0.936,0.967,0.0,1.777,7.206
1784632155.7002563,41220,0,2820,0,1.0,0.936,0.967,0.0,1.777,7.208
1784632155.725284,41230,0,2820,0,1.0,0.936,0.967,0.0,1.777,7.211
1784632155.7403572,41240,0,2820,0,1.0,0.936,0.967,0.0,1.777,7.214
1784632155.7628965,41250,0,2820,0,1.0,0.936,0.967,0.0,1.777,7.216
1784632155.7778158,41260,0,2820,0,1.0,0.936,0.967,0.0,1.777,7.218
1784632155.7915003,41270,0,2820,0,1.0,0.936,0.967,0.0,1.777,7.221
1784632155.8120768,41280,0,2820,0,1.0,0.936,0.967,0.0,1.777,7.223
1784632155.8265038,41290,0,2820,0,1.0,0.936,0.967,0.0,1.777,7.226
1784632155.8405778,41300,0,2820,0,1.0,0.936,0.967,0.0,1.777,7.228
1784632155.8668425,41310,0,2820,0,1.0,0.936,0.967,0.0,1.777,7.23
1784632155.9055257,41320,0,2820,0,1.0,0.936,0.967,0.0,1.777,7.233
1784632155.9507556,41330,0,2820,0,1.0,0.936,0.967,0.0,1.777,7.235
1784632156.005792,41340,0,2820,0,1.0,0.936,0.967,0.0,1.777,7.238
1784632156.0497565,41350,0,2820,0,1.0,0.936,0.967,0.0,1.777,7.24
1784632156.091425,41360,0,2820,0,1.0,0.936,0.967,0.0,1.777,7.242
1784632156.1216695,41370,0,2820,0,1.0,0.936,0.967,0.0,1.778,7.245
1784632156.1624193,41380,0,2820,0,1.0,0.936,0.967,0.0,1.778,7.247
1784632156.2044039,41390,0,2820,0,1.0,0.936,0.967,0.0,1.778,7.25
1784632156.2458143,41400,0,2820,0,1.0,0.936,0.967,0.0,1.778,7.252
1784632156.2853415,41410,0,2820,0,1.0,0.936,0.967,0.0,1.778,7.255
1784632156.3253396,41420,0,2820,0,1.0,0.936,0.967,0.0,1.778,7.257
1784632156.3612711,41430,0,2820,0,1.0,0.936,0.967,0.0,1.778,7.259
1784632156.397512,41440,0,2820,0,1.0,0.936,0.967,0.0,1.778,7.262
1784632156.4253817,41450,0,2820,0,1.0,0.936,0.967,0.0,1.778,7.264
1784632156.452088,41460,0,2820,0,1.0,0.936,0.967,0.0,1.778,7.267
1784632156.482759,41470,0,2820,0,1.0,0.936,0.967,0.0,1.778,7.269
1784632156.5035374,41480,0,2820,0,1.0,0.936,0.967,0.0,1.778,7.272
1784632156.529493,41490,0,2820,0,1.0,0.936,0.967,0.0,1.778,7.274
1784632156.556575,41500,0,2820,0,1.0,0.936,0.967,0.0,1.778,7.277
1784632156.5791438,41510,0,2820,0,1.0,0.936,0.967,0.0,1.778,7.279
1784632156.5960004,41520,0,2820,0,1.0,0.936,0.967,0.0,1.778,7.282
1784632156.6215744,41530,0,2820,0,1.0,0.936,0.967,0.0,1.778,7.284
1784632156.6646695,41540,0,2820,0,1.0,0.936,0.967,0.0,1.778,7.287
1784632156.7152076,41550,0,2820,0,1.0,0.936,0.967,0.0,1.778,7.289
1784632156.743901,41560,0,2820,0,1.0,0.936,0.967,0.0,1.778,7.292
1784632156.7690823,41570,0,2820,0,1.0,0.936,0.967,0.0,1.778,7.294
1784632156.7927542,41580,0,2820,0,1.0,0.936,0.967,0.0,1.778,7.297
1784632156.817115,41590,0,2820,0,1.0,0.937,0.967,0.0,1.778,7.299
1784632156.8394933,41600,0,2820,0,1.0,0.937,0.967,0.0,1.778,7.302
1784632156.8665576,41610,0,2820,0,1.0,0.937,0.967,0.0,1.778,7.304
1784632156.891524,41620,0,2820,0,1.0,0.937,0.967,0.0,1.778,7.307
1784632156.914276,41630,0,2820,0,1.0,0.937,0.967,0.0,1.778,7.309
1784632156.9331014,41640,0,2820,0,1.0,0.937,0.967,0.0,1.778,7.312
1784632156.950806,41650,0,2820,0,1.0,0.937,0.967,0.0,1.778,7.314
1784632156.9684052,41660,0,2820,0,1.0,0.937,0.967,0.0,1.778,7.317
1784632156.9829125,41670,0,2820,0,1.0,0.937,0.967,0.0,1.778,7.319
1784632156.9986343,41680,0,2820,0,1.0,0.937,0.967,0.0,1.779,7.322
1784632157.018021,41690,0,2820,0,1.0,0.937,0.967,0.0,1.779,7.324
1784632157.0404723,41700,0,2820,0,1.0,0.937,0.967,0.0,1.779,7.327
1784632157.0747478,41710,0,2820,0,1.0,0.937,0.967,0.0,1.779,7.329
1784632157.112126,41720,0,2820,0,1.0,0.937,0.967,0.0,1.779,7.332
1784632157.1475132,41730,0,2820,0,1.0,0.937,0.967,0.0,1.779,7.334
1784632157.169012,41740,0,2820,0,1.0,0.937,0.967,0.0,1.779,7.337
1784632157.1950424,41750,0,2820,0,1.0,0.937,0.967,0.0,1.779,7.339
1784632157.2219272,41760,0,2820,0,1.0,0.937,0.967,0.0,1.779,7.342
1784632157.2492979,41770,0,2820,0,1.0,0.937,0.967,0.0,1.779,7.344
1784632157.2741606,41780,0,2820,0,1.0,0.937,0.967,0.0,1.779,7.347
1784632157.2960665,41790,0,2820,0,1.0,0.937,0.967,0.0,1.779,7.349
1784632157.3210945,41800,0,2820,0,1.0,0.937,0.967,0.0,1.779,7.352
1784632157.357964,41810,0,2820,0,1.0,0.937,0.967,0.0,1.779,7.355
1784632157.3803885,41820,0,2820,0,1.0,0.937,0.967,0.0,1.779,7.357
1784632157.4144385,41830,0,2820,0,1.0,0.937,0.967,0.0,1.779,7.36
1784632157.4392626,41840,0,2820,0,1.0,0.937,0.967,0.0,1.779,7.362
1784632157.4852755,41850,0,2820,0,1.0,0.937,0.967,0.0,1.779,7.365
1784632157.545246,41860,0,2820,0,1.0,0.937,0.967,0.0,1.779,7.367
1784632157.5793457,41870,0,2820,0,1.0,0.937,0.967,0.0,1.779,7.37
1784632157.6359308,41880,0,2820,0,1.0,0.937,0.967,0.0,1.779,7.372
1784632157.6557546,41890,0,2820,0,1.0,0.937,0.967,0.0,1.779,7.375
1784632157.6970267,41900,0,2820,0,1.0,0.937,0.967,0.0,1.779,7.378
1784632157.7299323,41910,0,2820,0,1.0,0.937,0.967,0.0,1.779,7.38
1784632157.7579148,41920,0,2820,0,1.0,0.937,0.967,0.0,1.779,7.383
1784632157.8134723,41930,0,2820,0,1.0,0.937,0.967,0.0,1.779,7.385
1784632157.865602,41940,0,2820,0,1.0,0.937,0.967,0.0,1.779,7.388
1784632157.944606,41950,0,2820,0,1.0,0.937,0.967,0.0,1.779,7.391
1784632157.9819715,41960,0,2820,0,1.0,0.937,0.967,0.0,1.779,7.393
1784632158.0042973,41970,0,2820,0,1.0,0.937,0.967,0.0,1.779,7.396
1784632158.035901,41980,0,2820,0,1.0,0.937,0.968,0.0,1.779,7.398
1784632158.101866,41990,0,2820,0,1.0,0.937,0.968,0.0,1.779,7.401
1784632158.1949108,42000,0,2820,0,1.0,0.937,0.968,0.0,1.779,7.404
1784632158.2441268,42010,0,2820,0,1.0,0.937,0.968,0.0,1.779,7.406
1784632158.2653213,42020,0,2820,0,1.0,0.937,0.968,0.0,1.779,7.409
1784632158.291403,42030,0,2820,0,1.0,0.937,0.968,0.0,1.779,7.412
1784632158.336321,42040,0,2820,0,1.0,0.937,0.968,0.0,1.779,7.414
1784632158.3548,42050,0,2820,0,1.0,0.937,0.968,0.0,1.779,7.417
1784632158.3795526,42060,0,2820,0,1.0,0.937,0.968,0.0,1.779,7.42
1784632158.4075522,42070,0,2820,0,1.0,0.937,0.968,0.0,1.779,7.422
1784632158.4417956,42080,0,2820,0,1.0,0.937,0.968,0.0,1.779,7.425
1784632158.4646666,42090,0,2820,0,1.0,0.937,0.968,0.0,1.779,7.428
1784632158.491159,42100,0,2820,0,1.0,0.937,0.968,0.0,1.779,7.43
1784632158.5182695,42110,0,2820,0,1.0,0.937,0.968,0.0,1.779,7.433
1784632158.548361,42120,0,2820,0,1.0,0.937,0.968,0.0,1.779,7.436
1784632158.572323,42130,0,2820,0,1.0,0.937,0.968,0.0,1.779,7.438
1784632158.5979784,42140,0,2820,0,1.0,0.937,0.968,0.0,1.779,7.441
1784632158.6203883,42150,0,2820,0,1.0,0.937,0.968,0.0,1.779,7.444
1784632158.6446784,42160,0,2820,0,1.0,0.937,0.968,0.0,1.779,7.447
1784632158.6620638,42170,0,2820,0,1.0,0.937,0.968,0.0,1.779,7.449
1784632158.6766808,42180,0,2820,0,1.0,0.937,0.968,0.0,1.779,7.452
1784632158.7127306,42190,0,2820,0,1.0,0.937,0.968,0.0,1.78,7.455
1784632158.732919,42200,0,2820,0,1.0,0.937,0.968,0.0,1.78,7.457
1784632158.761983,42210,0,2820,0,1.0,0.937,0.968,0.0,1.78,7.46
1784632158.7800074,42220,0,2820,0,1.0,0.937,0.968,0.0,1.78,7.463
1784632158.7973776,42230,0,2820,0,1.0,0.937,0.968,0.0,1.78,7.465
1784632158.8167806,42240,0,2820,0,1.0,0.937,0.968,0.0,1.78,7.468
1784632158.8370137,42250,0,2820,0,1.0,0.937,0.968,0.0,1.78,7.471
1784632158.857308,42260,0,2820,0,1.0,0.937,0.968,0.0,1.78,7.473
1784632158.8936102,42270,0,2820,0,1.0,0.937,0.968,0.0,1.78,7.476
1784632158.9200606,42280,0,2820,0,1.0,0.937,0.968,0.0,1.78,7.479
1784632158.9499948,42290,0,2820,0,1.0,0.937,0.968,0.0,1.78,7.482
1784632158.9774327,42300,0,2820,0,1.0,0.938,0.968,0.0,1.78,7.484
1784632159.0149357,42310,0,2820,0,1.0,0.938,0.968,0.0,1.78,7.487
1784632159.0355392,42320,0,2820,0,1.0,0.938,0.968,0.0,1.78,7.49
1784632159.0675125,42330,0,2820,0,1.0,0.938,0.968,0.0,1.78,7.492
1784632159.0993903,42340,0,2820,0,1.0,0.938,0.968,0.0,1.78,7.495
1784632159.1226153,42350,0,2820,0,1.0,0.938,0.968,0.0,1.78,7.498
1784632159.1514513,42360,0,2820,0,1.0,0.938,0.968,0.0,1.78,7.501
1784632159.1763315,42370,0,2820,0,1.0,0.938,0.968,0.0,1.78,7.503
1784632159.2041867,42380,0,2820,0,1.0,0.938,0.968,0.0,1.78,7.506
1784632159.2430046,42390,0,2820,0,1.0,0.938,0.968,0.0,1.78,7.509
1784632159.2727053,42400,0,2820,0,1.0,0.938,0.968,0.0,1.78,7.512
1784632159.3120234,42410,0,2820,0,1.0,0.938,0.968,0.0,1.78,7.514
1784632159.3399587,42420,0,2820,0,1.0,0.938,0.968,0.0,1.78,7.517
1784632159.3667638,42430,0,2820,0,1.0,0.938,0.968,0.0,1.78,7.52
1784632159.3876164,42440,0,2820,0,1.0,0.938,0.968,0.0,1.779,7.523
1784632159.4081721,42450,0,2820,0,1.0,0.938,0.968,0.0,1.779,7.525
1784632159.4260197,42460,0,2820,0,1.0,0.938,0.968,0.0,1.779,7.528
1784632159.4441264,42470,0,2820,0,1.0,0.938,0.968,0.0,1.779,7.531
1784632159.4627173,42480,0,2820,0,1.0,0.938,0.968,0.0,1.779,7.534
1784632159.4781086,42490,0,2820,0,1.0,0.938,0.968,0.0,1.779,7.536
1784632159.5052886,42500,0,2820,0,1.0,0.938,0.968,0.0,1.779,7.539
1784632159.530175,42510,0,2820,0,1.0,0.938,0.968,0.0,1.779,7.542
1784632159.5550635,42520,0,2820,0,1.0,0.938,0.968,0.0,1.779,7.545
1784632159.5742168,42530,0,2820,0,1.0,0.938,0.968,0.0,1.779,7.547
1784632159.5908024,42540,0,2820,0,1.0,0.938,0.968,0.0,1.779,7.55
1784632159.6190493,42550,0,2820,0,1.0,0.938,0.968,0.0,1.779,7.553
1784632159.6393013,42560,0,2820,0,1.0,0.938,0.968,0.0,1.779,7.555
1784632159.6701534,42570,0,2820,0,1.0,0.938,0.968,0.0,1.779,7.557
1784632159.6996095,42580,0,2820,0,1.0,0.938,0.968,0.0,1.779,7.56
1784632159.7263494,42590,0,2820,0,1.0,0.938,0.968,0.0,1.779,7.562
1784632159.7592492,42600,0,2820,0,1.0,0.938,0.968,0.0,1.779,7.564
1784632159.7823465,42610,0,2820,0,1.0,0.938,0.968,0.0,1.779,7.567
1784632159.8175488,42620,0,2820,0,1.0,0.938,0.968,0.0,1.78,7.569
1784632159.8415241,42630,0,2820,0,1.0,0.938,0.968,0.0,1.78,7.571
1784632159.8615365,42640,0,2820,0,1.0,0.938,0.968,0.0,1.78,7.573
1784632159.8891647,42650,0,2820,0,1.0,0.938,0.968,0.0,1.78,7.576
1784632159.9115973,42660,0,2820,0,1.0,0.938,0.968,0.0,1.78,7.578
1784632159.9306662,42670,0,2820,0,1.0,0.938,0.968,0.0,1.78,7.58
1784632159.951364,42680,0,2820,0,1.0,0.938,0.968,0.0,1.78,7.583
1784632159.9698203,42690,0,2820,0,1.0,0.938,0.968,0.0,1.78,7.585
1784632159.9975069,42700,0,2820,0,1.0,0.938,0.968,0.0,1.78,7.587
1784632160.0165668,42710,0,2820,0,1.0,0.938,0.968,0.0,1.78,7.59
1784632160.0332127,42720,0,2820,0,1.0,0.938,0.968,0.0,1.78,7.592
1784632160.0528145,42730,0,2820,0,1.0,0.938,0.968,0.0,1.78,7.594
1784632160.0732224,42740,0,2820,0,1.0,0.938,0.968,0.0,1.78,7.597
1784632160.09234,42750,0,2820,0,1.0,0.938,0.968,0.0,1.78,7.599
1784632160.125019,42760,0,2820,0,1.0,0.938,0.968,0.0,1.78,7.601
1784632160.1641943,42770,0,2820,0,1.0,0.938,0.968,0.0,1.78,7.604
1784632160.200275,42780,0,2820,0,1.0,0.938,0.968,0.0,1.78,7.606
1784632160.239722,42790,0,2820,0,1.0,0.938,0.968,0.0,1.78,7.608
1784632160.3118548,42800,0,2820,0,1.0,0.938,0.968,0.0,1.78,7.611
1784632160.3655035,42810,0,2820,0,1.0,0.938,0.968,0.0,1.78,7.613
1784632160.4210608,42820,0,2820,0,1.0,0.938,0.968,0.0,1.78,7.615
1784632160.44902,42830,0,2820,0,1.0,0.938,0.968,0.0,1.78,7.618
1784632160.4859648,42840,0,2820,0,1.0,0.938,0.968,0.0,1.78,7.62
1784632160.508496,42850,0,2820,0,1.0,0.938,0.968,0.0,1.78,7.622
1784632160.5507903,42860,0,2820,0,1.0,0.938,0.968,0.0,1.78,7.625
1784632160.5867915,42870,0,2820,0,1.0,0.938,0.968,0.0,1.78,7.627
1784632160.6207166,42880,0,2820,0,1.0,0.938,0.968,0.0,1.78,7.63
1784632160.6764588,42890,0,2820,0,1.0,0.938,0.968,0.0,1.781,7.632
1784632160.728319,42900,0,2820,0,1.0,0.938,0.968,0.0,1.781,7.634
1784632160.7499998,42910,0,2820,0,1.0,0.938,0.968,0.0,1.781,7.637
1784632160.7647107,42920,0,2820,0,1.0,0.938,0.968,0.0,1.781,7.639
1784632160.8073182,42930,0,2820,0,1.0,0.938,0.968,0.0,1.781,7.642
1784632160.8443224,42940,0,2820,0,1.0,0.938,0.968,0.0,1.781,7.644
1784632160.8693104,42950,0,2820,0,1.0,0.938,0.968,0.0,1.781,7.646
1784632160.898807,42960,0,2820,0,1.0,0.938,0.968,0.0,1.781,7.649
1784632160.9680102,42970,0,2820,0,1.0,0.938,0.968,0.0,1.781,7.651
1784632161.0086422,42980,0,2820,0,1.0,0.938,0.968,0.0,1.781,7.654
1784632161.046424,42990,0,2820,0,1.0,0.938,0.968,0.0,1.781,7.656
1784632161.074704,43000,0,2820,0,1.0,0.938,0.968,0.0,1.781,7.659
1784632161.1033075,43010,0,2820,0,1.0,0.938,0.968,0.0,1.781,7.661
1784632161.1526182,43020,0,2820,0,1.0,0.938,0.968,0.0,1.781,7.664
1784632161.1936398,43030,0,2820,0,1.0,0.938,0.968,0.0,1.781,7.666
1784632161.233543,43040,0,2820,0,1.0,0.939,0.968,0.0,1.781,7.669
1784632161.2812867,43050,0,2820,0,1.0,0.939,0.968,0.0,1.781,7.671
1784632161.325974,43060,0,2820,0,1.0,0.939,0.968,0.0,1.781,7.673
1784632161.3743856,43070,0,2820,0,1.0,0.939,0.968,0.0,1.781,7.676
1784632161.4353101,43080,0,2820,0,1.0,0.939,0.968,0.0,1.781,7.679
1784632161.4775112,43090,0,2820,0,1.0,0.939,0.968,0.0,1.781,7.681
1784632161.5183415,43100,0,2820,0,1.0,0.939,0.968,0.0,1.781,7.684
1784632161.5607128,43110,0,2820,0,1.0,0.939,0.968,0.0,1.781,7.686
1784632161.5945942,43120,0,2820,0,1.0,0.939,0.968,0.0,1.781,7.689
1784632161.6472988,43130,0,2820,0,1.0,0.939,0.968,0.0,1.781,7.691
1784632161.688385,43140,0,2820,0,1.0,0.939,0.968,0.0,1.781,7.694
1784632161.7137978,43150,0,2820,0,1.0,0.939,0.968,0.0,1.781,7.696
1784632161.7363183,43160,0,2820,0,1.0,0.939,0.968,0.0,1.781,7.699
1784632161.754125,43170,0,2820,0,1.0,0.939,0.968,0.0,1.78,7.701
1784632161.7890542,43180,0,2820,0,1.0,0.939,0.968,0.0,1.78,7.704
1784632161.8048663,43190,0,2820,0,1.0,0.939,0.968,0.0,1.78,7.706
1784632161.8357723,43200,0,2820,0,1.0,0.939,0.968,0.0,1.78,7.709
1784632161.879678,43210,0,2820,0,1.0,0.939,0.968,0.0,1.78,7.711
1784632161.902362,43220,0,2820,0,1.0,0.939,0.968,0.0,1.78,7.714
1784632161.9253528,43230,0,2820,0,1.0,0.939,0.968,0.0,1.779,7.716
1784632161.9609308,43240,0,2820,0,1.0,0.939,0.968,0.0,1.779,7.719
1784632161.9842856,43250,0,2820,0,1.0,0.939,0.968,0.0,1.779,7.721
1784632162.0023954,43260,0,2820,0,1.0,0.939,0.968,0.0,1.779,7.723
1784632162.0240295,43270,0,2820,0,1.0,0.939,0.968,0.0,1.779,7.725
1784632162.0403464,43280,0,2820,0,1.0,0.939,0.968,0.0,1.779,7.727
1784632162.0653727,43290,0,2820,0,1.0,0.939,0.968,0.0,1.779,7.729
1784632162.0864956,43300,0,2820,0,1.0,0.939,0.968,0.0,1.779,7.731
1784632162.1159816,43310,0,2820,0,1.0,0.939,0.968,0.0,1.78,7.733
1784632162.1450536,43320,0,2820,0,1.0,0.939,0.968,0.0,1.78,7.736
1784632162.1705093,43330,0,2820,0,1.0,0.939,0.968,0.0,1.78,7.738
1784632162.194845,43340,0,2820,0,1.0,0.939,0.968,0.0,1.78,7.74
1784632162.2265058,43350,0,2820,0,1.0,0.939,0.968,0.0,1.78,7.742
1784632162.2722208,43360,0,2820,0,1.0,0.939,0.969,0.0,1.78,7.744
1784632162.311899,43370,0,2820,0,1.0,0.939,0.969,0.0,1.78,7.746
1784632162.3356848,43380,0,2820,0,1.0,0.939,0.969,0.0,1.78,7.748
1784632162.3622115,43390,0,2820,0,1.0,0.939,0.969,0.0,1.78,7.75
1784632162.3827426,43400,0,2820,0,1.0,0.939,0.969,0.0,1.78,7.752
1784632162.407755,43410,0,2820,0,1.0,0.939,0.969,0.0,1.78,7.754
1784632162.4321399,43420,0,2820,0,1.0,0.939,0.969,0.0,1.78,7.757
1784632162.4601128,43430,0,2820,0,1.0,0.939,0.969,0.0,1.78,7.759
1784632162.4923546,43440,0,2820,0,1.0,0.939,0.969,0.0,1.78,7.761
1784632162.5194917,43450,0,2820,0,1.0,0.939,0.969,0.0,1.78,7.763
1784632162.5432742,43460,0,2820,0,1.0,0.939,0.969,0.0,1.78,7.765
1784632162.5631242,43470,0,2820,0,1.0,0.939,0.969,0.0,1.78,7.767
1784632162.605071,43480,0,2820,0,1.0,0.939,0.969,0.0,1.78,7.769
1784632162.6503594,43490,0,2820,0,1.0,0.939,0.969,0.0,1.78,7.772
1784632162.6765757,43500,0,2820,0,1.0,0.939,0.969,0.0,1.78,7.774
1784632162.6992893,43510,0,2820,0,1.0,0.939,0.969,0.0,1.78,7.776
1784632162.7414644,43520,0,2820,0,1.0,0.939,0.969,0.0,1.78,7.778
1784632162.7683094,43530,0,2820,0,1.0,0.939,0.969,0.0,1.78,7.78
1784632162.796829,43540,0,2820,0,1.0,0.939,0.969,0.0,1.78,7.782
1784632162.8210347,43550,0,2820,0,1.0,0.939,0.969,0.0,1.78,7.784
1784632162.8475566,43560,0,2820,0,1.0,0.939,0.969,0.0,1.78,7.787
1784632162.8738182,43570,0,2820,0,1.0,0.939,0.969,0.0,1.78,7.789
1784632162.8966842,43580,0,2820,0,1.0,0.939,0.969,0.0,1.78,7.791
1784632162.9203622,43590,0,2820,0,1.0,0.939,0.969,0.0,1.78,7.793
1784632162.9417865,43600,0,2820,0,1.0,0.939,0.969,0.0,1.78,7.795
1784632162.958692,43610,0,2820,0,1.0,0.939,0.969,0.0,1.78,7.798
1784632162.9839125,43620,0,2820,0,1.0,0.939,0.969,0.0,1.78,7.8
1784632163.0038798,43630,0,2820,0,1.0,0.939,0.969,0.0,1.78,7.802
1784632163.0318944,43640,0,2820,0,1.0,0.939,0.969,0.0,1.78,7.804
1784632163.0505574,43650,0,2820,0,1.0,0.939,0.969,0.0,1.78,7.806
1784632163.0658739,43660,0,2820,0,1.0,0.939,0.969,0.0,1.78,7.808
1784632163.0921464,43670,0,2820,0,1.0,0.939,0.969,0.0,1.78,7.811
1784632163.112937,43680,0,2820,0,1.0,0.939,0.969,0.0,1.78,7.813
1784632163.1358974,43690,0,2820,0,1.0,0.939,0.969,0.0,1.78,7.815
1784632163.1555357,43700,0,2820,0,1.0,0.939,0.969,0.0,1.78,7.817
1784632163.1959317,43710,0,2820,0,1.0,0.939,0.969,0.0,1.78,7.819
1784632163.2345858,43720,0,2820,0,1.0,0.939,0.969,0.0,1.78,7.822
1784632163.2569096,43730,0,2820,0,1.0,0.939,0.969,0.0,1.78,7.824
1784632163.2932417,43740,0,2820,0,1.0,0.939,0.969,0.0,1.78,7.826
1784632163.323586,43750,0,2820,0,1.0,0.939,0.969,0.0,1.78,7.828
1784632163.3485723,43760,0,2820,0,1.0,0.939,0.969,0.0,1.78,7.83
1784632163.38782,43770,0,2820,0,1.0,0.939,0.969,0.0,1.78,7.833
1784632163.415476,43780,0,2820,0,1.0,0.939,0.969,0.0,1.78,7.835
1784632163.443917,43790,0,2820,0,1.0,0.939,0.969,0.0,1.78,7.837
1784632163.4748297,43800,0,2820,0,1.0,0.94,0.969,0.0,1.78,7.839
1784632163.5037377,43810,0,2820,0,1.0,0.94,0.969,0.0,1.78,7.841
1784632163.5232654,43820,0,2820,0,1.0,0.94,0.969,0.0,1.78,7.844
1784632163.552583,43830,0,2820,0,1.0,0.94,0.969,0.0,1.78,7.846
1784632163.5827067,43840,0,2820,0,1.0,0.94,0.969,0.0,1.78,7.848
1784632163.6111324,43850,0,2820,0,1.0,0.94,0.969,0.0,1.78,7.85
1784632163.6340013,43860,0,2820,0,1.0,0.94,0.969,0.0,1.78,7.853
1784632163.6727235,43870,0,2820,0,1.0,0.94,0.969,0.0,1.78,7.855
1784632163.7086782,43880,0,2820,0,1.0,0.94,0.969,0.0,1.78,7.857
1784632163.7335699,43890,0,2820,0,1.0,0.94,0.969,0.0,1.78,7.859
1784632163.7557569,43900,0,2820,0,1.0,0.94,0.969,0.0,1.78,7.862
1784632163.7713394,43910,0,2820,0,1.0,0.94,0.969,0.0,1.78,7.864
1784632163.7918582,43920,0,2820,0,1.0,0.94,0.969,0.0,1.78,7.866
1784632163.8214576,43930,0,2820,0,1.0,0.94,0.969,0.0,1.78,7.868
1784632163.8383887,43940,0,2820,0,1.0,0.94,0.969,0.0,1.78,7.871
1784632163.8573048,43950,0,2820,0,1.0,0.94,0.969,0.0,1.78,7.873
1784632163.8837202,43960,0,2820,0,1.0,0.94,0.969,0.0,1.779,7.875
1784632163.9149604,43970,0,2820,0,1.0,0.94,0.969,0.0,1.779,7.877
1784632163.942813,43980,0,2820,0,1.0,0.94,0.969,0.0,1.779,7.88
1784632163.9864361,43990,0,2820,0,1.0,0.94,0.969,0.0,1.779,7.882
1784632164.011313,44000,0,2820,0,1.0,0.94,0.969,0.0,1.779,7.884
1784632164.0406277,44010,0,2820,0,1.0,0.94,0.969,0.0,1.779,7.887
1784632164.0573788,44020,0,2820,0,1.0,0.94,0.969,0.0,1.779,7.889
1784632164.0722783,44030,0,2820,0,1.0,0.94,0.969,0.0,1.779,7.891
1784632164.1478052,44040,0,2820,0,1.0,0.94,0.969,0.0,1.779,7.893
1784632164.263047,44050,0,2820,0,1.0,0.94,0.969,0.0,1.779,7.896
1784632164.342465,44060,0,2820,0,1.0,0.94,0.969,0.0,1.779,7.898
1784632164.3748057,44070,0,2820,0,1.0,0.94,0.969,0.0,1.779,7.9
1784632164.3878126,44080,0,2820,0,1.0,0.94,0.969,0.0,1.779,7.903
1784632164.4005241,44090,0,2820,0,1.0,0.94,0.969,0.0,1.779,7.905
1784632164.419077,44100,0,2820,0,1.0,0.94,0.969,0.0,1.778,7.907
1784632164.4315977,44110,0,2820,0,1.0,0.94,0.969,0.0,1.778,7.91
1784632164.4449732,44120,0,2820,0,1.0,0.94,0.969,0.0,1.778,7.912
1784632164.4579167,44130,0,2820,0,1.0,0.94,0.969,0.0,1.778,7.915
1784632164.4720907,44140,0,2820,0,1.0,0.94,0.969,0.0,1.778,7.917
1784632164.4947488,44150,0,2820,0,1.0,0.94,0.969,0.0,1.778,7.919
1784632164.5072112,44160,0,2820,0,1.0,0.94,0.969,0.0,1.778,7.922
1784632164.5198786,44170,0,2820,0,1.0,0.94,0.969,0.0,1.778,7.924
1784632164.536141,44180,0,2820,0,1.0,0.94,0.969,0.0,1.778,7.926
1784632164.556486,44190,0,2820,0,1.0,0.94,0.969,0.0,1.778,7.929
1784632164.6262927,44200,0,2820,0,1.0,0.94,0.969,0.0,1.778,7.931
1784632164.6559584,44210,0,2820,0,1.0,0.94,0.969,0.0,1.778,7.933
1784632164.6945505,44220,0,2820,0,1.0,0.94,0.969,0.0,1.777,7.936
1784632164.7239604,44230,0,2820,0,1.0,0.94,0.969,0.0,1.777,7.938
1784632164.7661333,44240,0,2820,0,1.0,0.94,0.969,0.0,1.777,7.94
1784632164.8089266,44250,0,2820,0,1.0,0.94,0.969,0.0,1.777,7.943
1784632164.848828,44260,0,2820,0,1.0,0.94,0.969,0.0,1.777,7.945
1784632164.8686025,44270,0,2820,0,1.0,0.94,0.969,0.0,1.777,7.948
1784632164.885598,44280,0,2820,0,1.0,0.94,0.969,0.0,1.777,7.95
1784632164.90731,44290,0,2820,0,1.0,0.94,0.969,0.0,1.777,7.952
1784632164.9524746,44300,0,2820,0,1.0,0.94,0.969,0.0,1.777,7.955
1784632164.9837918,44310,0,2820,0,1.0,0.94,0.969,0.0,1.777,7.957
1784632165.0122757,44320,0,2820,0,1.0,0.94,0.969,0.0,1.777,7.96
1784632165.0809958,44330,0,2820,0,1.0,0.94,0.969,0.0,1.777,7.962
1784632165.1379318,44340,0,2820,0,1.0,0.94,0.969,0.0,1.776,7.964
1784632165.1817224,44350,0,2820,0,1.0,0.94,0.969,0.0,1.776,7.967
1784632165.2193608,44360,0,2820,0,1.0,0.94,0.969,0.0,1.776,7.969
1784632165.272182,44370,0,2820,0,1.0,0.94,0.969,0.0,1.776,7.972
1784632165.3039117,44380,0,2820,0,1.0,0.94,0.969,0.0,1.776,7.974
1784632165.3344705,44390,0,2820,0,1.0,0.94,0.969,0.0,1.776,7.977
1784632165.428183,44400,0,2820,0,1.0,0.94,0.969,0.0,1.776,7.979
1784632165.5163546,44410,0,2820,0,1.0,0.94,0.969,0.0,1.776,7.982
1784632165.5967612,44420,0,2820,0,1.0,0.94,0.969,0.0,1.776,7.984
1784632165.642215,44430,0,2820,0,1.0,0.94,0.969,0.0,1.776,7.987
1784632165.6814098,44440,0,2820,0,1.0,0.94,0.969,0.0,1.776,7.989
1784632165.7265332,44450,0,2820,0,1.0,0.94,0.969,0.0,1.775,7.992
1784632165.8193717,44460,0,2820,0,1.0,0.94,0.969,0.0,1.775,7.994
1784632165.885828,44470,0,2820,0,1.0,0.94,0.969,0.0,1.775,7.997
1784632165.9349427,44480,0,2820,0,1.0,0.94,0.969,0.0,1.775,7.999
1784632165.9646575,44490,0,2820,0,1.0,0.94,0.969,0.0,1.775,8.002
1784632165.9900386,44500,0,2820,0,1.0,0.94,0.969,0.0,1.775,8.004
1784632166.0270247,44510,0,2820,0,1.0,0.94,0.969,0.0,1.775,8.007
1784632166.0542002,44520,0,2820,0,1.0,0.94,0.969,0.0,1.775,8.01
1784632166.076447,44530,0,2820,0,1.0,0.94,0.969,0.0,1.775,8.012
1784632166.0932074,44540,0,2820,0,1.0,0.94,0.969,0.0,1.775,8.015
1784632166.1119883,44550,0,2820,0,1.0,0.94,0.969,0.0,1.775,8.017
1784632166.1297312,44560,0,2820,0,1.0,0.94,0.969,0.0,1.774,8.02
1784632166.161235,44570,0,2820,0,1.0,0.94,0.969,0.0,1.774,8.022
1784632166.1879113,44580,0,2820,0,1.0,0.941,0.969,0.0,1.774,8.025
1784632166.2200336,44590,0,2820,0,1.0,0.941,0.969,0.0,1.774,8.028
1784632166.2412615,44600,0,2820,0,1.0,0.941,0.969,0.0,1.774,8.03
1784632166.2604613,44610,0,2820,0,1.0,0.941,0.969,0.0,1.774,8.033
1784632166.2761602,44620,0,2820,0,1.0,0.941,0.969,0.0,1.774,8.035
1784632166.3013463,44630,0,2820,0,1.0,0.941,0.969,0.0,1.774,8.037
1784632166.3243737,44640,0,2820,0,1.0,0.941,0.969,0.0,1.774,8.039
1784632166.3530633,44650,0,2820,0,1.0,0.941,0.969,0.0,1.774,8.041
1784632166.373777,44660,0,2820,0,1.0,0.941,0.969,0.0,1.774,8.043
1784632166.4050643,44670,0,2820,0,1.0,0.941,0.969,0.0,1.774,8.046
1784632166.4319298,44680,0,2820,0,1.0,0.941,0.969,0.0,1.774,8.048
1784632166.466426,44690,0,2820,0,1.0,0.941,0.969,0.0,1.774,8.05
1784632166.4996846,44700,0,2820,0,1.0,0.941,0.969,0.0,1.775,8.052
1784632166.5224543,44710,0,2820,0,1.0,0.941,0.969,0.0,1.775,8.054
1784632166.5507433,44720,0,2820,0,1.0,0.941,0.969,0.0,1.775,8.056
1784632166.5798092,44730,0,2820,0,1.0,0.941,0.969,0.0,1.775,8.059
1784632166.6060743,44740,0,2820,0,1.0,0.941,0.969,0.0,1.775,8.061
1784632166.6282284,44750,0,2820,0,1.0,0.941,0.969,0.0,1.775,8.063
1784632166.6526618,44760,0,2820,0,1.0,0.941,0.969,0.0,1.775,8.065
1784632166.6799827,44770,0,2820,0,1.0,0.941,0.969,0.0,1.775,8.067
1784632166.7108681,44780,0,2820,0,1.0,0.941,0.969,0.0,1.775,8.069
1784632166.735463,44790,0,2820,0,1.0,0.941,0.969,0.0,1.775,8.072
1784632166.7539093,44800,0,2820,0,1.0,0.941,0.969,0.0,1.775,8.074
1784632166.787953,44810,0,2820,0,1.0,0.941,0.969,0.0,1.775,8.076
1784632166.810207,44820,0,2820,0,1.0,0.941,0.97,0.0,1.775,8.078
1784632166.8365872,44830,0,2820,0,1.0,0.941,0.97,0.0,1.775,8.08
1784632166.8595843,44840,0,2820,0,1.0,0.941,0.97,0.0,1.775,8.082
1784632166.8841503,44850,0,2820,0,1.0,0.941,0.97,0.0,1.775,8.085
1784632166.921462,44860,0,2820,0,1.0,0.941,0.97,0.0,1.775,8.087
1784632166.9429138,44870,0,2820,0,1.0,0.941,0.97,0.0,1.775,8.089
1784632166.9652734,44880,0,2820,0,1.0,0.941,0.97,0.0,1.775,8.091
1784632166.9933374,44890,0,2820,0,1.0,0.941,0.97,0.0,1.775,8.093
1784632167.0251527,44900,0,2820,0,1.0,0.941,0.97,0.0,1.775,8.096
1784632167.0461721,44910,0,2820,0,1.0,0.941,0.97,0.0,1.775,8.098
1784632167.0796378,44920,0,2820,0,1.0,0.941,0.97,0.0,1.775,8.1
1784632167.1016767,44930,0,2820,0,1.0,0.941,0.97,0.0,1.775,8.102
1784632167.1231027,44940,0,2820,0,1.0,0.941,0.97,0.0,1.775,8.105
1784632167.1496847,44950,0,2820,0,1.0,0.941,0.97,0.0,1.775,8.107
1784632167.1721637,44960,0,2820,0,1.0,0.941,0.97,0.0,1.775,8.109
1784632167.191975,44970,0,2820,0,1.0,0.941,0.97,0.0,1.775,8.111
1784632167.2105634,44980,0,2820,0,1.0,0.941,0.97,0.0,1.775,8.114
1784632167.228612,44990,0,2820,0,1.0,0.941,0.97,0.0,1.775,8.116
1784632167.2463279,45000,0,2820,0,1.0,0.941,0.97,0.0,1.775,8.118
1784632167.2648697,45010,0,2820,0,1.0,0.941,0.97,0.0,1.775,8.12
1784632167.2810571,45020,0,2820,0,1.0,0.941,0.97,0.0,1.775,8.122
1784632167.3232734,45030,0,2820,0,1.0,0.941,0.97,0.0,1.775,8.125
1784632167.349407,45040,0,2820,0,1.0,0.941,0.97,0.0,1.775,8.127
1784632167.391206,45050,0,2820,0,1.0,0.941,0.97,0.0,1.775,8.129
1784632167.4161198,45060,0,2820,0,1.0,0.941,0.97,0.0,1.775,8.131
1784632167.4387476,45070,0,2820,0,1.0,0.941,0.97,0.0,1.775,8.134
1784632167.47021,45080,0,2820,0,1.0,0.941,0.97,0.0,1.775,8.136
1784632167.4952867,45090,0,2820,0,1.0,0.941,0.97,0.0,1.775,8.138
1784632167.5204291,45100,0,2820,0,1.0,0.941,0.97,0.0,1.775,8.14
1784632167.5646744,45110,0,2820,0,1.0,0.941,0.97,0.0,1.775,8.143
1784632167.5929887,45120,0,2820,0,1.0,0.941,0.97,0.0,1.775,8.145
1784632167.6362605,45130,0,2820,0,1.0,0.941,0.97,0.0,1.775,8.147
1784632167.6692877,45140,0,2820,0,1.0,0.941,0.97,0.0,1.775,8.15
1784632167.738856,45150,0,2820,0,1.0,0.941,0.97,0.0,1.776,8.152
1784632167.770753,45160,0,2820,0,1.0,0.941,0.97,0.0,1.776,8.154
1784632167.8027935,45170,0,2820,0,1.0,0.941,0.97,0.0,1.776,8.156
1784632167.8272448,45180,0,2820,0,1.0,0.941,0.97,0.0,1.776,8.159
1784632167.8447251,45190,0,2820,0,1.0,0.941,0.97,0.0,1.776,8.161
1784632167.8759308,45200,0,2820,0,1.0,0.941,0.97,0.0,1.776,8.163
1784632167.9003837,45210,0,2820,0,1.0,0.941,0.97,0.0,1.776,8.165
1784632167.9352496,45220,0,2820,0,1.0,0.941,0.97,0.0,1.776,8.168
1784632168.015262,45230,0,2820,0,1.0,0.941,0.97,0.0,1.776,8.17
1784632168.0926752,45240,0,2820,0,1.0,0.941,0.97,0.0,1.776,8.172
1784632168.1694188,45250,0,2820,0,1.0,0.941,0.97,0.0,1.776,8.175
1784632168.266268,45260,0,2820,0,1.0,0.941,0.97,0.0,1.776,8.177
1784632168.3269386,45270,0,2820,0,1.0,0.941,0.97,0.0,1.776,8.179
1784632168.3580523,45280,0,2820,0,1.0,0.941,0.97,0.0,1.776,8.182
1784632168.3751156,45290,0,2820,0,1.0,0.941,0.97,0.0,1.776,8.184
1784632168.3956623,45300,0,2820,0,1.0,0.941,0.97,0.0,1.776,8.186
1784632168.4125092,45310,0,2820,0,1.0,0.941,0.97,0.0,1.776,8.189
1784632168.4392846,45320,0,2820,0,1.0,0.941,0.97,0.0,1.776,8.191
1784632168.4653134,45330,0,2820,0,1.0,0.941,0.97,0.0,1.776,8.193
1784632168.4838636,45340,0,2820,0,1.0,0.941,0.97,0.0,1.776,8.196
1784632168.5098836,45350,0,2820,0,1.0,0.941,0.97,0.0,1.776,8.198
1784632168.5337284,45360,0,2820,0,1.0,0.941,0.97,0.0,1.776,8.201
1784632168.5778563,45370,0,2820,0,1.0,0.941,0.97,0.0,1.776,8.203
1784632168.6424737,45380,0,2820,0,1.0,0.941,0.97,0.0,1.776,8.205
1784632168.6694674,45390,0,2820,0,1.0,0.942,0.97,0.0,1.776,8.208
1784632168.7181406,45400,0,2820,0,1.0,0.942,0.97,0.0,1.776,8.21
1784632168.758637,45410,0,2820,0,1.0,0.942,0.97,0.0,1.777,8.212
1784632168.7928452,45420,0,2820,0,1.0,0.942,0.97,0.0,1.777,8.215
1784632168.8259313,45430,0,2820,0,1.0,0.942,0.97,0.0,1.777,8.217
1784632168.8571754,45440,0,2820,0,1.0,0.942,0.97,0.0,1.777,8.22
1784632168.8971424,45450,0,2820,0,1.0,0.942,0.97,0.0,1.777,8.222
1784632168.9183981,45460,0,2820,0,1.0,0.942,0.97,0.0,1.777,8.224
1784632168.9488025,45470,0,2820,0,1.0,0.942,0.97,0.0,1.777,8.227
1784632168.9762294,45480,0,2820,0,1.0,0.942,0.97,0.0,1.777,8.229
1784632169.015545,45490,0,2820,0,1.0,0.942,0.97,0.0,1.777,8.232
1784632169.0486543,45500,0,2820,0,1.0,0.942,0.97,0.0,1.777,8.234
1784632169.0775433,45510,0,2820,0,1.0,0.942,0.97,0.0,1.777,8.236
1784632169.0983648,45520,0,2820,0,1.0,0.942,0.97,0.0,1.777,8.239
1784632169.1276605,45530,0,2820,0,1.0,0.942,0.97,0.0,1.777,8.241
1784632169.1631541,45540,0,2820,0,1.0,0.942,0.97,0.0,1.777,8.244
1784632169.1822236,45550,0,2820,0,1.0,0.942,0.97,0.0,1.777,8.246
1784632169.2122264,45560,0,2820,0,1.0,0.942,0.97,0.0,1.777,8.249
1784632169.2378545,45570,0,2820,0,1.0,0.942,0.97,0.0,1.777,8.251
1784632169.2819781,45580,0,2820,0,1.0,0.942,0.97,0.0,1.777,8.253
1784632169.317316,45590,0,2820,0,1.0,0.942,0.97,0.0,1.777,8.256
1784632169.3619354,45600,0,2820,0,1.0,0.942,0.97,0.0,1.777,8.258
1784632169.4081564,45610,0,2820,0,1.0,0.942,0.97,0.0,1.777,8.261
1784632169.4388754,45620,0,2820,0,1.0,0.942,0.97,0.0,1.777,8.263
1784632169.484221,45630,0,2820,0,1.0,0.942,0.97,0.0,1.777,8.266
1784632169.511605,45640,0,2820,0,1.0,0.942,0.97,0.0,1.777,8.268
1784632169.5502713,45650,0,2820,0,1.0,0.942,0.97,0.0,1.777,8.271
1784632169.5874949,45660,0,2820,0,1.0,0.942,0.97,0.0,1.777,8.273
1784632169.6237445,45670,0,2820,0,1.0,0.942,0.97,0.0,1.777,8.276
1784632169.6545775,45680,0,2820,0,1.0,0.942,0.97,0.0,1.777,8.278
1784632169.6904702,45690,0,2820,0,1.0,0.942,0.97,0.0,1.777,8.281
1784632169.7223377,45700,0,2820,0,1.0,0.942,0.97,0.0,1.777,8.283
1784632169.7653854,45710,0,2820,0,1.0,0.942,0.97,0.0,1.777,8.286
1784632169.803296,45720,0,2820,0,1.0,0.942,0.97,0.0,1.777,8.288
1784632169.8258748,45730,0,2820,0,1.0,0.942,0.97,0.0,1.777,8.291
1784632169.860467,45740,0,2820,0,1.0,0.942,0.97,0.0,1.777,8.293
1784632169.8923335,45750,0,2820,0,1.0,0.942,0.97,0.0,1.777,8.296
1784632169.920486,45760,0,2820,0,1.0,0.942,0.97,0.0,1.777,8.298
1784632169.9629412,45770,0,2820,0,1.0,0.942,0.97,0.0,1.777,8.3
1784632169.9923966,45780,0,2820,0,1.0,0.942,0.97,0.0,1.777,8.302
1784632170.0274408,45790,0,2820,0,1.0,0.942,0.97,0.0,1.777,8.304
1784632170.0624995,45800,0,2820,0,1.0,0.942,0.97,0.0,1.777,8.306
1784632170.088163,45810,0,2820,0,1.0,0.942,0.97,0.0,1.777,8.308
1784632170.1123037,45820,0,2820,0,1.0,0.942,0.97,0.0,1.777,8.31
1784632170.1329408,45830,0,2820,0,1.0,0.942,0.97,0.0,1.777,8.313
1784632170.1661725,45840,0,2820,0,1.0,0.942,0.97,0.0,1.777,8.315
1784632170.203193,45850,0,2820,0,1.0,0.942,0.97,0.0,1.777,8.317
1784632170.227586,45860,0,2820,0,1.0,0.942,0.97,0.0,1.777,8.319
1784632170.2584696,45870,0,2820,0,1.0,0.942,0.97,0.0,1.777,8.321
1784632170.2962337,45880,0,2820,0,1.0,0.942,0.97,0.0,1.777,8.323
1784632170.3260467,45890,0,2820,0,1.0,0.942,0.97,0.0,1.777,8.325
1784632170.3486347,45900,0,2820,0,1.0,0.942,0.97,0.0,1.777,8.327
1784632170.3774045,45910,0,2820,0,1.0,0.942,0.97,0.0,1.777,8.33
1784632170.3958743,45920,0,2820,0,1.0,0.942,0.97,0.0,1.777,8.332
1784632170.4225366,45930,0,2820,0,1.0,0.942,0.97,0.0,1.777,8.334
1784632170.4390168,45940,0,2820,0,1.0,0.942,0.97,0.0,1.777,8.336
1784632170.475306,45950,0,2820,0,1.0,0.942,0.97,0.0,1.777,8.338
1784632170.4921653,45960,0,2820,0,1.0,0.942,0.97,0.0,1.777,8.34
1784632170.5194895,45970,0,2820,0,1.0,0.942,0.97,0.0,1.777,8.342
1784632170.5487812,45980,0,2820,0,1.0,0.942,0.97,0.0,1.777,8.345
1784632170.577871,45990,0,2820,0,1.0,0.942,0.97,0.0,1.777,8.347
1784632170.604658,46000,0,2820,0,1.0,0.942,0.97,0.0,1.776,8.349
1784632170.6217766,46010,0,2820,0,1.0,0.942,0.97,0.0,1.776,8.351
1784632170.6472251,46020,0,2820,0,1.0,0.942,0.97,0.0,1.776,8.353
1784632170.697041,46030,0,2820,0,1.0,0.942,0.97,0.0,1.776,8.355
1784632170.7231596,46040,0,2820,0,1.0,0.942,0.97,0.0,1.776,8.358
1784632170.7744997,46050,0,2820,0,1.0,0.942,0.97,0.0,1.776,8.36
1784632170.796716,46060,0,2820,0,1.0,0.942,0.97,0.0,1.776,8.362
1784632170.8139853,46070,0,2820,0,1.0,0.942,0.97,0.0,1.776,8.364
1784632170.8344166,46080,0,2820,0,1.0,0.942,0.97,0.0,1.776,8.366
1784632170.8561182,46090,0,2820,0,1.0,0.942,0.97,0.0,1.775,8.369
1784632170.8799837,46100,0,2820,0,1.0,0.942,0.97,0.0,1.775,8.371
1784632170.8939776,46110,0,2820,0,1.0,0.942,0.97,0.0,1.775,8.373
1784632170.9230723,46120,0,2820,0,1.0,0.942,0.97,0.0,1.775,8.375
1784632170.9667847,46130,0,2820,0,1.0,0.942,0.97,0.0,1.775,8.377
1784632171.0050611,46140,0,2820,0,1.0,0.942,0.97,0.0,1.775,8.38
1784632171.0238936,46150,0,2820,0,1.0,0.942,0.97,0.0,1.775,8.382
1784632171.0434294,46160,0,2820,0,1.0,0.942,0.97,0.0,1.775,8.384
1784632171.0629857,46170,0,2820,0,1.0,0.942,0.97,0.0,1.775,8.386
1784632171.0806491,46180,0,2820,0,1.0,0.942,0.97,0.0,1.774,8.388
1784632171.1086068,46190,0,2820,0,1.0,0.942,0.97,0.0,1.774,8.391
1784632171.12677,46200,0,2820,0,1.0,0.942,0.97,0.0,1.774,8.393
1784632171.1559772,46210,0,2820,0,1.0,0.942,0.97,0.0,1.774,8.395
1784632171.170281,46220,0,2820,0,1.0,0.942,0.97,0.0,1.774,8.397
1784632171.1955028,46230,0,2820,0,1.0,0.943,0.97,0.0,1.774,8.399
1784632171.2250814,46240,0,2820,0,1.0,0.943,0.97,0.0,1.774,8.402
1784632171.246703,46250,0,2820,0,1.0,0.943,0.97,0.0,1.773,8.404
1784632171.2650588,46260,0,2820,0,1.0,0.943,0.97,0.0,1.773,8.406
1784632171.282212,46270,0,2820,0,1.0,0.943,0.97,0.0,1.773,8.408
1784632171.3009992,46280,0,2820,0,1.0,0.943,0.97,0.0,1.773,8.41
1784632171.3490124,46290,0,2820,0,1.0,0.943,0.97,0.0,1.773,8.413
1784632171.3714387,46300,0,2820,0,1.0,0.943,0.97,0.0,1.773,8.415
1784632171.400411,46310,0,2820,0,1.0,0.943,0.97,0.0,1.772,8.417
1784632171.4245741,46320,0,2820,0,1.0,0.943,0.97,0.0,1.772,8.419
1784632171.4660645,46330,0,2820,0,1.0,0.943,0.97,0.0,1.772,8.422
1784632171.4973311,46340,0,2820,0,1.0,0.943,0.97,0.0,1.772,8.424
1784632171.5219429,46350,0,2820,0,1.0,0.943,0.97,0.0,1.771,8.426
1784632171.5443058,46360,0,2820,0,1.0,0.943,0.97,0.0,1.771,8.428
1784632171.5805657,46370,0,2820,0,1.0,0.943,0.97,0.0,1.771,8.43
1784632171.6009386,46380,0,2820,0,1.0,0.943,0.97,0.0,1.771,8.432
1784632171.6147037,46390,0,2820,0,1.0,0.943,0.971,0.0,1.771,8.434
1784632171.629,46400,0,2820,0,1.0,0.943,0.971,0.0,1.771,8.436
1784632171.6489966,46410,0,2820,0,1.0,0.943,0.971,0.0,1.771,8.438
1784632171.6708658,46420,0,2820,0,1.0,0.943,0.971,0.0,1.771,8.439
1784632171.6926708,46430,0,2820,0,1.0,0.943,0.971,0.0,1.771,8.441
1784632171.7140431,46440,0,2820,0,1.0,0.943,0.971,0.0,1.771,8.443
1784632171.740032,46450,0,2820,0,1.0,0.943,0.971,0.0,1.771,8.445
1784632171.7582703,46460,0,2820,0,1.0,0.943,0.971,0.0,1.771,8.447
1784632171.7786076,46470,0,2820,0,1.0,0.943,0.971,0.0,1.771,8.448
1784632171.8129582,46480,0,2820,0,1.0,0.943,0.971,0.0,1.771,8.45
1784632171.8430426,46490,0,2820,0,1.0,0.943,0.971,0.0,1.771,8.452
1784632171.87599,46500,0,2820,0,1.0,0.943,0.971,0.0,1.771,8.454
1784632171.9117455,46510,0,2820,0,1.0,0.943,0.971,0.0,1.771,8.456
1784632171.9492779,46520,0,2820,0,1.0,0.943,0.971,0.0,1.771,8.457
1784632171.983101,46530,0,2820,0,1.0,0.943,0.971,0.0,1.771,8.459
1784632172.000614,46540,0,2820,0,1.0,0.943,0.971,0.0,1.771,8.461
1784632172.0283318,46550,0,2820,0,1.0,0.943,0.971,0.0,1.771,8.463
1784632172.0551603,46560,0,2820,0,1.0,0.943,0.971,0.0,1.771,8.465
1784632172.0843217,46570,0,2820,0,1.0,0.943,0.971,0.0,1.771,8.467
1784632172.099794,46580,0,2820,0,1.0,0.943,0.971,0.0,1.771,8.468
1784632172.1259797,46590,0,2820,0,1.0,0.943,0.971,0.0,1.771,8.47
1784632172.147259,46600,0,2820,0,1.0,0.943,0.971,0.0,1.771,8.472
1784632172.1838315,46610,0,2820,0,1.0,0.943,0.971,0.0,1.771,8.474
1784632172.2199726,46620,0,2820,0,1.0,0.943,0.971,0.0,1.771,8.476
1784632172.2389266,46630,0,2820,0,1.0,0.943,0.971,0.0,1.771,8.478
1784632172.2587917,46640,0,2820,0,1.0,0.943,0.971,0.0,1.771,8.48
1784632172.2726955,46650,0,2820,0,1.0,0.943,0.971,0.0,1.771,8.481
1784632172.2901258,46660,0,2820,0,1.0,0.943,0.971,0.0,1.771,8.483
1784632172.3208346,46670,0,2820,0,1.0,0.943,0.971,0.0,1.77,8.485
1784632172.355115,46680,0,2820,0,1.0,0.943,0.971,0.0,1.77,8.487
1784632172.38135,46690,0,2820,0,1.0,0.943,0.971,0.0,1.77,8.489
1784632172.4007201,46700,0,2820,0,1.0,0.943,0.971,0.0,1.77,8.491
1784632172.4230287,46710,0,2820,0,1.0,0.943,0.971,0.0,1.77,8.493
1784632172.459957,46720,0,2820,0,1.0,0.943,0.971,0.0,1.77,8.494
1784632172.4882965,46730,0,2820,0,1.0,0.943,0.971,0.0,1.77,8.496
1784632172.5124803,46740,0,2820,0,1.0,0.943,0.971,0.0,1.769,8.498
1784632172.5402076,46750,0,2820,0,1.0,0.943,0.971,0.0,1.769,8.5
1784632172.5676093,46760,0,2820,0,1.0,0.943,0.971,0.0,1.769,8.502
1784632172.604078,46770,0,2820,0,1.0,0.943,0.971,0.0,1.769,8.504
1784632172.6316366,46780,0,2820,0,1.0,0.943,0.971,0.0,1.769,8.506
1784632172.6621547,46790,0,2820,0,1.0,0.943,0.971,0.0,1.769,8.508
1784632172.6937351,46800,0,2820,0,1.0,0.943,0.971,0.0,1.769,8.51
1784632172.71421,46810,0,2820,0,1.0,0.943,0.971,0.0,1.768,8.511
1784632172.7370205,46820,0,2820,0,1.0,0.943,0.971,0.0,1.768,8.513
1784632172.7572644,46830,0,2820,0,1.0,0.943,0.971,0.0,1.768,8.515
1784632172.7732713,46840,0,2820,0,1.0,0.943,0.971,0.0,1.768,8.517
1784632172.8483,46850,0,2820,0,1.0,0.943,0.971,0.0,1.768,8.519
1784632172.908141,46860,0,2820,0,1.0,0.943,0.971,0.0,1.768,8.521
1784632172.9426355,46870,0,2820,0,1.0,0.943,0.971,0.0,1.767,8.523
1784632172.977692,46880,0,2820,0,1.0,0.943,0.971,0.0,1.767,8.525
1784632172.9922905,46890,0,2820,0,1.0,0.943,0.971,0.0,1.767,8.527
1784632173.009674,46900,0,2820,0,1.0,0.943,0.971,0.0,1.767,8.529
1784632173.027222,46910,0,2820,0,1.0,0.943,0.971,0.0,1.767,8.53
1784632173.04153,46920,0,2820,0,1.0,0.943,0.971,0.0,1.767,8.532
1784632173.0609772,46930,0,2820,0,1.0,0.943,0.971,0.0,1.767,8.533
1784632173.0967414,46940,0,2820,0,1.0,0.943,0.971,0.0,1.767,8.535
1784632173.1219516,46950,0,2820,0,1.0,0.943,0.971,0.0,1.767,8.536
1784632173.1395018,46960,0,2820,0,1.0,0.943,0.971,0.0,1.767,8.538
1784632173.1589444,46970,0,2820,0,1.0,0.943,0.971,0.0,1.767,8.539
1784632173.200475,46980,0,2820,0,1.0,0.943,0.971,0.0,1.767,8.541
1784632173.2189975,46990,0,2820,0,1.0,0.943,0.971,0.0,1.767,8.542
1784632173.2395382,47000,0,2820,0,1.0,0.943,0.971,0.0,1.767,8.544
1784632173.2628577,47010,0,2820,0,1.0,0.943,0.971,0.0,1.767,8.545
1784632173.2880352,47020,0,2820,0,1.0,0.943,0.971,0.0,1.767,8.547
1784632173.315429,47030,0,2820,0,1.0,0.943,0.971,0.0,1.767,8.548
1784632173.3338814,47040,0,2820,0,1.0,0.943,0.971,0.0,1.767,8.55
1784632173.354827,47050,0,2820,0,1.0,0.943,0.971,0.0,1.767,8.551
1784632173.3831089,47060,0,2820,0,1.0,0.943,0.971,0.0,1.767,8.553
1784632173.4077368,47070,0,2820,0,1.0,0.943,0.971,0.0,1.767,8.554
1784632173.4409482,47080,0,2820,0,1.0,0.943,0.971,0.0,1.766,8.556
1784632173.4692943,47090,0,2820,0,1.0,0.943,0.971,0.0,1.766,8.558
1784632173.5106297,47100,0,2820,0,1.0,0.944,0.971,0.0,1.766,8.559
1784632173.5290837,47110,0,2820,0,1.0,0.944,0.971,0.0,1.766,8.561
1784632173.5502794,47120,0,2820,0,1.0,0.944,0.971,0.0,1.766,8.562
1784632173.5681689,47130,0,2820,0,1.0,0.944,0.971,0.0,1.766,8.564
1784632173.599676,47140,0,2820,0,1.0,0.944,0.971,0.0,1.766,8.565
1784632173.6190207,47150,0,2820,0,1.0,0.944,0.971,0.0,1.766,8.567
1784632173.6523323,47160,0,2820,0,1.0,0.944,0.971,0.0,1.766,8.568
1784632173.6727026,47170,0,2820,0,1.0,0.944,0.971,0.0,1.766,8.57
1784632173.6958103,47180,0,2820,0,1.0,0.944,0.971,0.0,1.765,8.572
1784632173.718653,47190,0,2820,0,1.0,0.944,0.971,0.0,1.765,8.573
1784632173.7514732,47200,0,2820,0,1.0,0.944,0.971,0.0,1.765,8.575
1784632173.786997,47210,0,2820,0,1.0,0.944,0.971,0.0,1.765,8.576
1784632173.804435,47220,0,2820,0,1.0,0.944,0.971,0.0,1.765,8.578
1784632173.8262732,47230,0,2820,0,1.0,0.944,0.971,0.0,1.765,8.579
1784632173.8405797,47240,0,2820,0,1.0,0.944,0.971,0.0,1.765,8.581
1784632173.8625927,47250,0,2820,0,1.0,0.944,0.971,0.0,1.765,8.583
1784632173.8810818,47260,0,2820,0,1.0,0.944,0.971,0.0,1.764,8.584
1784632173.9102437,47270,0,2820,0,1.0,0.944,0.971,0.0,1.764,8.586
1784632173.9687998,47280,0,2820,0,1.0,0.944,0.971,0.0,1.764,8.587
1784632173.9884655,47290,0,2820,0,1.0,0.944,0.971,0.0,1.764,8.589
1784632174.0373776,47300,0,2820,0,1.0,0.944,0.971,0.0,1.764,8.591
1784632174.0549037,47310,0,2820,0,1.0,0.944,0.971,0.0,1.764,8.592
1784632174.0772586,47320,0,2820,0,1.0,0.944,0.971,0.0,1.764,8.594
1784632174.095357,47330,0,2820,0,1.0,0.944,0.971,0.0,1.764,8.595
1784632174.1145556,47340,0,2820,0,1.0,0.944,0.971,0.0,1.763,8.597
1784632174.1297853,47350,0,2820,0,1.0,0.944,0.971,0.0,1.763,8.599
1784632174.15861,47360,0,2820,0,1.0,0.944,0.971,0.0,1.763,8.6
1784632174.1816916,47370,0,2820,0,1.0,0.944,0.971,0.0,1.763,8.602
1784632174.211353,47380,0,2820,0,1.0,0.944,0.971,0.0,1.763,8.604
1784632174.2398028,47390,0,2820,0,1.0,0.944,0.971,0.0,1.763,8.605
1784632174.2563624,47400,0,2820,0,1.0,0.944,0.971,0.0,1.763,8.607
1784632174.2714722,47410,0,2820,0,1.0,0.944,0.971,0.0,1.762,8.608
1784632174.2910604,47420,0,2820,0,1.0,0.944,0.971,0.0,1.762,8.61
1784632174.317284,47430,0,2820,0,1.0,0.944,0.971,0.0,1.762,8.612
1784632174.3508453,47440,0,2820,0,1.0,0.944,0.971,0.0,1.762,8.613
1784632174.3720438,47450,0,2820,0,1.0,0.944,0.971,0.0,1.762,8.615
1784632174.4035573,47460,0,2820,0,1.0,0.944,0.971,0.0,1.762,8.617
1784632174.4286559,47470,0,2820,0,1.0,0.944,0.971,0.0,1.762,8.618
1784632174.4586227,47480,0,2820,0,1.0,0.944,0.971,0.0,1.761,8.62
1784632174.479579,47490,0,2820,0,1.0,0.944,0.971,0.0,1.761,8.621
1784632174.5108962,47500,0,2820,0,1.0,0.944,0.971,0.0,1.761,8.623
1784632174.5365758,47510,0,2820,0,1.0,0.944,0.971,0.0,1.761,8.625
1784632174.5700881,47520,0,2820,0,1.0,0.944,0.971,0.0,1.761,8.626
1784632174.5980403,47530,0,2820,0,1.0,0.944,0.971,0.0,1.761,8.628
1784632174.6197624,47540,0,2820,0,1.0,0.944,0.971,0.0,1.76,8.63
1784632174.645555,47550,0,2820,0,1.0,0.944,0.971,0.0,1.76,8.631
1784632174.6822624,47560,0,2820,0,1.0,0.944,0.971,0.0,1.76,8.633
1784632174.7124002,47570,0,2820,0,1.0,0.944,0.971,0.0,1.76,8.635
1784632174.7286818,47580,0,2820,0,1.0,0.944,0.971,0.0,1.76,8.636
1784632174.7531183,47590,0,2820,0,1.0,0.944,0.971,0.0,1.76,8.638
1784632174.7761068,47600,0,2820,0,1.0,0.944,0.971,0.0,1.76,8.639
1784632174.8056757,47610,0,2820,0,1.0,0.944,0.971,0.0,1.76,8.64
1784632174.821277,47620,0,2820,0,1.0,0.944,0.971,0.0,1.76,8.642
1784632174.83878,47630,0,2820,0,1.0,0.944,0.971,0.0,1.76,8.643
1784632174.867164,47640,0,2820,0,1.0,0.944,0.971,0.0,1.76,8.644
1784632174.8915417,47650,0,2820,0,1.0,0.944,0.971,0.0,1.76,8.645
1784632174.9143317,47660,0,2820,0,1.0,0.944,0.971,0.0,1.76,8.647
1784632174.9469025,47670,0,2820,0,1.0,0.944,0.971,0.0,1.76,8.648
1784632175.0072827,47680,0,2820,0,1.0,0.944,0.971,0.0,1.76,8.649
1784632175.0711563,47690,0,2820,0,1.0,0.944,0.971,0.0,1.76,8.65
1784632175.1463518,47700,0,2820,0,1.0,0.944,0.971,0.0,1.76,8.652
1784632175.2083101,47710,0,2820,0,1.0,0.944,0.971,0.0,1.76,8.653
1784632175.2653992,47720,0,2820,0,1.0,0.944,0.971,0.0,1.76,8.654
1784632175.3008804,47730,0,2820,0,1.0,0.944,0.971,0.0,1.76,8.656
1784632175.3530807,47740,0,2820,0,1.0,0.944,0.971,0.0,1.76,8.657
1784632175.378536,47750,0,2820,0,1.0,0.944,0.971,0.0,1.76,8.658
1784632175.4010425,47760,0,2820,0,1.0,0.944,0.971,0.0,1.76,8.66
1784632175.437391,47770,0,2820,0,1.0,0.944,0.971,0.0,1.76,8.661
1784632175.4565108,47780,0,2820,0,1.0,0.944,0.971,0.0,1.76,8.662
1784632175.485411,47790,0,2820,0,1.0,0.944,0.971,0.0,1.76,8.664
1784632175.5069907,47800,0,2820,0,1.0,0.944,0.971,0.0,1.76,8.665
1784632175.5291944,47810,0,2820,0,1.0,0.944,0.971,0.0,1.76,8.666
1784632175.5512607,47820,0,2820,0,1.0,0.944,0.971,0.0,1.76,8.668
1784632175.5721657,47830,0,2820,0,1.0,0.944,0.971,0.0,1.76,8.669
1784632175.5916328,47840,0,2820,0,1.0,0.944,0.971,0.0,1.759,8.67
1784632175.6123528,47850,0,2820,0,1.0,0.944,0.971,0.0,1.759,8.672
1784632175.6386483,47860,0,2820,0,1.0,0.944,0.971,0.0,1.759,8.673
1784632175.6736815,47870,0,2820,0,1.0,0.944,0.971,0.0,1.759,8.674
1784632175.6936698,47880,0,2820,0,1.0,0.944,0.971,0.0,1.759,8.676
1784632175.7347865,47890,0,2820,0,1.0,0.944,0.971,0.0,1.759,8.677
1784632175.7735677,47900,0,2820,0,1.0,0.944,0.971,0.0,1.759,8.678
1784632175.8029616,47910,0,2820,0,1.0,0.944,0.971,0.0,1.759,8.68
1784632175.824592,47920,0,2820,0,1.0,0.944,0.971,0.0,1.759,8.681
1784632175.8538387,47930,0,2820,0,1.0,0.944,0.971,0.0,1.759,8.683
1784632175.8723788,47940,0,2820,0,1.0,0.944,0.971,0.0,1.759,8.684
1784632175.9006965,47950,0,2820,0,1.0,0.944,0.971,0.0,1.759,8.685
1784632175.9184752,47960,0,2820,0,1.0,0.944,0.971,0.0,1.759,8.687
1784632175.938512,47970,0,2820,0,1.0,0.944,0.971,0.0,1.759,8.688
1784632175.9584775,47980,0,2820,0,1.0,0.944,0.971,0.0,1.759,8.689
1784632175.9901984,47990,0,2820,0,1.0,0.944,0.971,0.0,1.759,8.691
1784632176.0259898,48000,0,2820,0,1.0,0.945,0.971,0.0,1.759,8.692
1784632176.0440054,48010,0,2820,0,1.0,0.945,0.971,0.0,1.759,8.694
1784632176.061394,48020,0,2820,0,1.0,0.945,0.971,0.0,1.759,8.695
1784632176.0839944,48030,0,2820,0,1.0,0.945,0.971,0.0,1.759,8.696
1784632176.1070497,48040,0,2820,0,1.0,0.945,0.971,0.0,1.759,8.698
1784632176.1366868,48050,0,2820,0,1.0,0.945,0.971,0.0,1.759,8.699
1784632176.157785,48060,0,2820,0,1.0,0.945,0.971,0.0,1.758,8.701
1784632176.1775014,48070,0,2820,0,1.0,0.945,0.972,0.0,1.758,8.702
1784632176.2038033,48080,0,2820,0,1.0,0.945,0.972,0.0,1.758,8.703
1784632176.2224278,48090,0,2820,0,1.0,0.945,0.972,0.0,1.758,8.705
1784632176.2460253,48100,0,2820,0,1.0,0.945,0.972,0.0,1.758,8.706
1784632176.2789795,48110,0,2820,0,1.0,0.945,0.972,0.0,1.758,8.708
1784632176.3028696,48120,0,2820,0,1.0,0.945,0.972,0.0,1.758,8.709
1784632176.3289273,48130,0,2820,0,1.0,0.945,0.972,0.0,1.758,8.71
1784632176.3568609,48140,0,2820,0,1.0,0.945,0.972,0.0,1.758,8.712
1784632176.3891656,48150,0,2820,0,1.0,0.945,0.972,0.0,1.758,8.713
1784632176.409935,48160,0,2820,0,1.0,0.945,0.972,0.0,1.758,8.715
1784632176.443965,48170,0,2820,0,1.0,0.945,0.972,0.0,1.758,8.716
1784632176.4754193,48180,0,2820,0,1.0,0.945,0.972,0.0,1.758,8.717
1784632176.507448,48190,0,2820,0,1.0,0.945,0.972,0.0,1.758,8.719
1784632176.5352564,48200,0,2820,0,1.0,0.945,0.972,0.0,1.758,8.72
1784632176.559424,48210,0,2820,0,1.0,0.945,0.972,0.0,1.758,8.722
1784632176.5871005,48220,0,2820,0,1.0,0.945,0.972,0.0,1.758,8.723
1784632176.610607,48230,0,2820,0,1.0,0.945,0.972,0.0,1.758,8.725
1784632176.6455574,48240,0,2820,0,1.0,0.945,0.972,0.0,1.758,8.726
1784632176.6745133,48250,0,2820,0,1.0,0.945,0.972,0.0,1.758,8.728
1784632176.6945162,48260,0,2820,0,1.0,0.945,0.972,0.0,1.758,8.729
1784632176.718155,48270,0,2820,0,1.0,0.945,0.972,0.0,1.758,8.73
1784632176.7443755,48280,0,2820,0,1.0,0.945,0.972,0.0,1.758,8.732
1784632176.778916,48290,0,2820,0,1.0,0.945,0.972,0.0,1.758,8.733
1784632176.8022726,48300,0,2820,0,1.0,0.945,0.972,0.0,1.758,8.735
1784632176.8259964,48310,0,2820,0,1.0,0.945,0.972,0.0,1.758,8.736
1784632176.8466568,48320,0,2820,0,1.0,0.945,0.972,0.0,1.758,8.738
1784632176.8680296,48330,0,2820,0,1.0,0.945,0.972,0.0,1.758,8.739
1784632176.8857875,48340,0,2820,0,1.0,0.945,0.972,0.0,1.758,8.741
1784632176.9142902,48350,0,2820,0,1.0,0.945,0.972,0.0,1.758,8.742
1784632176.931799,48360,0,2820,0,1.0,0.945,0.972,0.0,1.758,8.744
1784632176.9546592,48370,0,2820,0,1.0,0.945,0.972,0.0,1.758,8.745
1784632176.9721024,48380,0,2820,0,1.0,0.945,0.972,0.0,1.758,8.746
1784632177.011575,48390,0,2820,0,1.0,0.945,0.972,0.0,1.758,8.748
1784632177.0373476,48400,0,2820,0,1.0,0.945,0.972,0.0,1.758,8.749
1784632177.0569222,48410,0,2820,0,1.0,0.945,0.972,0.0,1.758,8.751
1784632177.079651,48420,0,2820,0,1.0,0.945,0.972,0.0,1.758,8.752
1784632177.0962396,48430,0,2820,0,1.0,0.945,0.972,0.0,1.758,8.754
1784632177.123089,48440,0,2820,0,1.0,0.945,0.972,0.0,1.758,8.755
1784632177.145122,48450,0,2820,0,1.0,0.945,0.972,0.0,1.758,8.757
1784632177.1721172,48460,0,2820,0,1.0,0.945,0.972,0.0,1.758,8.758
1784632177.1985464,48470,0,2820,0,1.0,0.945,0.972,0.0,1.758,8.76
1784632177.215825,48480,0,2820,0,1.0,0.945,0.972,0.0,1.758,8.761
1784632177.231749,48490,0,2820,0,1.0,0.945,0.972,0.0,1.758,8.763
1784632177.2709727,48500,0,2820,0,1.0,0.945,0.972,0.0,1.758,8.764
1784632177.2867024,48510,0,2820,0,1.0,0.945,0.972,0.0,1.757,8.766
1784632177.3120794,48520,0,2820,0,1.0,0.945,0.972,0.0,1.757,8.767
1784632177.3398197,48530,0,2820,0,1.0,0.945,0.972,0.0,1.757,8.769
1784632177.387215,48540,0,2820,0,1.0,0.945,0.972,0.0,1.757,8.77
1784632177.4416556,48550,0,2820,0,1.0,0.945,0.972,0.0,1.757,8.772
1784632177.500357,48560,0,2820,0,1.0,0.945,0.972,0.0,1.757,8.773
1784632177.6139383,48570,0,2820,0,1.0,0.945,0.972,0.0,1.757,8.775
1784632177.642119,48580,0,2820,0,1.0,0.945,0.972,0.0,1.757,8.776
1784632177.7083566,48590,0,2820,0,1.0,0.945,0.972,0.0,1.757,8.778
1784632177.7217007,48600,0,2820,0,1.0,0.945,0.972,0.0,1.757,8.779
1784632177.7646232,48610,0,2820,0,1.0,0.945,0.972,0.0,1.757,8.781
1784632177.8312984,48620,0,2820,0,1.0,0.945,0.972,0.0,1.757,8.782
1784632177.8701503,48630,0,2820,0,1.0,0.945,0.972,0.0,1.757,8.784
1784632177.9022424,48640,0,2820,0,1.0,0.945,0.972,0.0,1.757,8.785
1784632177.9261942,48650,0,2820,0,1.0,0.945,0.972,0.0,1.757,8.787
1784632177.9534488,48660,0,2820,0,1.0,0.945,0.972,0.0,1.757,8.789
1784632177.9763005,48670,0,2820,0,1.0,0.945,0.972,0.0,1.757,8.79
1784632178.0075135,48680,0,2820,0,1.0,0.945,0.972,0.0,1.757,8.792
1784632178.050679,48690,0,2820,0,1.0,0.945,0.972,0.0,1.757,8.793
1784632178.0782313,48700,0,2820,0,1.0,0.945,0.972,0.0,1.757,8.795
1784632178.1030915,48710,0,2820,0,1.0,0.945,0.972,0.0,1.757,8.797
1784632178.1448293,48720,0,2820,0,1.0,0.945,0.972,0.0,1.757,8.798
1784632178.1847253,48730,0,2820,0,1.0,0.945,0.972,0.0,1.757,8.8
1784632178.2118986,48740,0,2820,0,1.0,0.945,0.972,0.0,1.757,8.801
1784632178.2342145,48750,0,2820,0,1.0,0.945,0.972,0.0,1.757,8.803
1784632178.2551222,48760,0,2820,0,1.0,0.945,0.972,0.0,1.757,8.805
1784632178.2832303,48770,0,2820,0,1.0,0.945,0.972,0.0,1.757,8.806
1784632178.3169453,48780,0,2820,0,1.0,0.945,0.972,0.0,1.757,8.808
1784632178.3367305,48790,0,2820,0,1.0,0.945,0.972,0.0,1.757,8.809
1784632178.3625257,48800,0,2820,0,1.0,0.945,0.972,0.0,1.757,8.811
1784632178.4020813,48810,0,2820,0,1.0,0.945,0.972,0.0,1.757,8.813
1784632178.4289086,48820,0,2820,0,1.0,0.945,0.972,0.0,1.757,8.814
1784632178.445448,48830,0,2820,0,1.0,0.945,0.972,0.0,1.757,8.816
1784632178.470196,48840,0,2820,0,1.0,0.945,0.972,0.0,1.757,8.817
1784632178.4946141,48850,0,2820,0,1.0,0.945,0.972,0.0,1.757,8.819
1784632178.520479,48860,0,2820,0,1.0,0.945,0.972,0.0,1.757,8.821
1784632178.5614774,48870,0,2820,0,1.0,0.945,0.972,0.0,1.757,8.822
1784632178.588799,48880,0,2820,0,1.0,0.945,0.972,0.0,1.757,8.824
1784632178.6170955,48890,0,2820,0,1.0,0.945,0.972,0.0,1.757,8.826
1784632178.646756,48900,0,2820,0,1.0,0.945,0.972,0.0,1.757,8.827
1784632178.6753738,48910,0,2820,0,1.0,0.945,0.972,0.0,1.757,8.829
1784632178.694961,48920,0,2820,0,1.0,0.945,0.972,0.0,1.757,8.83
1784632178.7100904,48930,0,2820,0,1.0,0.946,0.972,0.0,1.757,8.832
1784632178.7348096,48940,0,2820,0,1.0,0.946,0.972,0.0,1.757,8.834
1784632178.7548244,48950,0,2820,0,1.0,0.946,0.972,0.0,1.757,8.835
1784632178.7844143,48960,0,2820,0,1.0,0.946,0.972,0.0,1.757,8.837
1784632178.7983396,48970,0,2820,0,1.0,0.946,0.972,0.0,1.757,8.838
1784632178.8131342,48980,0,2820,0,1.0,0.946,0.972,0.0,1.757,8.839
1784632178.8326063,48990,0,2820,0,1.0,0.946,0.972,0.0,1.757,8.84
1784632178.85299,49000,0,2820,0,1.0,0.946,0.972,0.0,1.757,8.842
1784632178.8898344,49010,0,2820,0,1.0,0.946,0.972,0.0,1.757,8.843
1784632178.9143093,49020,0,2820,0,1.0,0.946,0.972,0.0,1.757,8.844
1784632178.9339845,49030,0,2820,0,1.0,0.946,0.972,0.0,1.757,8.845
1784632178.9585528,49040,0,2820,0,1.0,0.946,0.972,0.0,1.757,8.847
1784632178.9772916,49050,0,2820,0,1.0,0.946,0.972,0.0,1.757,8.848
1784632178.9964645,49060,0,2820,0,1.0,0.946,0.972,0.0,1.757,8.849
1784632179.0125456,49070,0,2820,0,1.0,0.946,0.972,0.0,1.757,8.85
1784632179.0367799,49080,0,2820,0,1.0,0.946,0.972,0.0,1.758,8.851
1784632179.0558841,49090,0,2820,0,1.0,0.946,0.972,0.0,1.758,8.853
1784632179.0775828,49100,0,2820,0,1.0,0.946,0.972,0.0,1.758,8.854
1784632179.1049576,49110,0,2820,0,1.0,0.946,0.972,0.0,1.758,8.855
1784632179.132013,49120,0,2820,0,1.0,0.946,0.972,0.0,1.758,8.856
1784632179.1613941,49130,0,2820,0,1.0,0.946,0.972,0.0,1.758,8.857
1784632179.1925898,49140,0,2820,0,1.0,0.946,0.972,0.0,1.758,8.859
1784632179.2185795,49150,0,2820,0,1.0,0.946,0.972,0.0,1.758,8.86
1784632179.2411392,49160,0,2820,0,1.0,0.946,0.972,0.0,1.758,8.861
1784632179.264138,49170,0,2820,0,1.0,0.946,0.972,0.0,1.758,8.862
1784632179.2823315,49180,0,2820,0,1.0,0.946,0.972,0.0,1.758,8.864
1784632179.303905,49190,0,2820,0,1.0,0.946,0.972,0.0,1.758,8.865
1784632179.3341928,49200,0,2820,0,1.0,0.946,0.972,0.0,1.758,8.866
1784632179.3603258,49210,0,2820,0,1.0,0.946,0.972,0.0,1.758,8.867
1784632179.3937762,49220,0,2820,0,1.0,0.946,0.972,0.0,1.758,8.869
1784632179.4149394,49230,0,2820,0,1.0,0.946,0.972,0.0,1.758,8.87
1784632179.447608,49240,0,2820,0,1.0,0.946,0.972,0.0,1.759,8.871
1784632179.4704003,49250,0,2820,0,1.0,0.946,0.972,0.0,1.759,8.872
1784632179.5037715,49260,0,2820,0,1.0,0.946,0.972,0.0,1.759,8.873
1784632179.5300057,49270,0,2820,0,1.0,0.946,0.972,0.0,1.759,8.875
1784632179.5754583,49280,0,2820,0,1.0,0.946,0.972,0.0,1.759,8.876
1784632179.600083,49290,0,2820,0,1.0,0.946,0.972,0.0,1.759,8.877
1784632179.6268687,49300,0,2820,0,1.0,0.946,0.972,0.0,1.759,8.878
1784632179.6503131,49310,0,2820,0,1.0,0.946,0.972,0.0,1.759,8.88
1784632179.672461,49320,0,2820,0,1.0,0.946,0.972,0.0,1.759,8.881
1784632179.7034466,49330,0,2820,0,1.0,0.946,0.972,0.0,1.759,8.882
1784632179.7323756,49340,0,2820,0,1.0,0.946,0.972,0.0,1.76,8.883
1784632179.768844,49350,0,2820,0,1.0,0.946,0.972,0.0,1.76,8.885
1784632179.7888756,49360,0,2820,0,1.0,0.946,0.972,0.0,1.76,8.886
1784632179.8156614,49370,0,2820,0,1.0,0.946,0.972,0.0,1.76,8.887
1784632179.8376436,49380,0,2820,0,1.0,0.946,0.972,0.0,1.76,8.888
1784632179.8809314,49390,0,2820,0,1.0,0.946,0.972,0.0,1.76,8.89
1784632179.9078486,49400,0,2820,0,1.0,0.946,0.972,0.0,1.76,8.891
1784632179.9514682,49410,0,2820,0,1.0,0.946,0.972,0.0,1.76,8.892
1784632179.9783893,49420,0,2820,0,1.0,0.946,0.972,0.0,1.76,8.893
1784632180.0124316,49430,0,2820,0,1.0,0.946,0.972,0.0,1.76,8.895
1784632180.0595725,49440,0,2820,0,1.0,0.946,0.972,0.0,1.76,8.896
1784632180.119298,49450,0,2820,0,1.0,0.946,0.972,0.0,1.761,8.897
1784632180.1884267,49460,0,2820,0,1.0,0.946,0.972,0.0,1.761,8.899
1784632180.2764413,49470,0,2820,0,1.0,0.946,0.972,0.0,1.761,8.9
1784632180.328257,49480,0,2820,0,1.0,0.946,0.972,0.0,1.761,8.901
1784632180.3737876,49490,0,2820,0,1.0,0.946,0.972,0.0,1.761,8.903
1784632180.416918,49500,0,2820,0,1.0,0.946,0.972,0.0,1.761,8.904
1784632180.4639363,49510,0,2820,0,1.0,0.946,0.972,0.0,1.761,8.905
1784632180.5014095,49520,0,2820,0,1.0,0.946,0.972,0.0,1.761,8.907
1784632180.5235445,49530,0,2820,0,1.0,0.946,0.972,0.0,1.761,8.908
1784632180.546335,49540,0,2820,0,1.0,0.946,0.972,0.0,1.761,8.909
1784632180.5732718,49550,0,2820,0,1.0,0.946,0.972,0.0,1.762,8.911
1784632180.6059823,49560,0,2820,0,1.0,0.946,0.972,0.0,1.762,8.912
1784632180.6340818,49570,0,2820,0,1.0,0.946,0.972,0.0,1.762,8.913
1784632180.6739717,49580,0,2820,0,1.0,0.946,0.972,0.0,1.762,8.915
1784632180.7095933,49590,0,2820,0,1.0,0.946,0.972,0.0,1.762,8.916
1784632180.7628515,49600,0,2820,0,1.0,0.946,0.972,0.0,1.762,8.917
1784632180.8084397,49610,0,2820,0,1.0,0.946,0.972,0.0,1.762,8.919
1784632180.8557382,49620,0,2820,0,1.0,0.946,0.972,0.0,1.762,8.92
1784632180.8831697,49630,0,2820,0,1.0,0.946,0.972,0.0,1.763,8.922
1784632180.9303617,49640,0,2820,0,1.0,0.946,0.972,0.0,1.763,8.923
1784632180.9800425,49650,0,2820,0,1.0,0.946,0.972,0.0,1.763,8.924
1784632181.0153992,49660,0,2820,0,1.0,0.946,0.972,0.0,1.763,8.926
1784632181.0477698,49670,0,2820,0,1.0,0.946,0.972,0.0,1.763,8.927
1784632181.0762732,49680,0,2820,0,1.0,0.946,0.972,0.0,1.763,8.929
1784632181.104866,49690,0,2820,0,1.0,0.946,0.972,0.0,1.763,8.93
1784632181.1400347,49700,0,2820,0,1.0,0.946,0.972,0.0,1.763,8.931
1784632181.173777,49710,0,2820,0,1.0,0.946,0.972,0.0,1.764,8.933
1784632181.204385,49720,0,2820,0,1.0,0.946,0.972,0.0,1.764,8.934
1784632181.2462049,49730,0,2820,0,1.0,0.946,0.972,0.0,1.764,8.936
1784632181.269484,49740,0,2820,0,1.0,0.946,0.972,0.0,1.764,8.937
1784632181.3111339,49750,0,2820,0,1.0,0.946,0.972,0.0,1.764,8.939
1784632181.346806,49760,0,2820,0,1.0,0.946,0.972,0.0,1.764,8.94
1784632181.3755171,49770,0,2820,0,1.0,0.946,0.972,0.0,1.764,8.942
1784632181.4221208,49780,0,2820,0,1.0,0.946,0.972,0.0,1.764,8.943
1784632181.4600153,49790,0,2820,0,1.0,0.946,0.972,0.0,1.765,8.944
1784632181.495133,49800,0,2820,0,1.0,0.946,0.972,0.0,1.765,8.946
1784632181.5358064,49810,0,2820,0,1.0,0.946,0.972,0.0,1.765,8.947
1784632181.5658536,49820,0,2820,0,1.0,0.946,0.972,0.0,1.765,8.949
1784632181.6070523,49830,0,2820,0,1.0,0.946,0.972,0.0,1.765,8.95
1784632181.651441,49840,0,2820,0,1.0,0.946,0.972,0.0,1.765,8.952
1784632181.6761842,49850,0,2820,0,1.0,0.946,0.972,0.0,1.765,8.953
1784632181.701497,49860,0,2820,0,1.0,0.946,0.972,0.0,1.765,8.955
1784632181.7295492,49870,0,2820,0,1.0,0.946,0.973,0.0,1.766,8.956
1784632181.7516398,49880,0,2820,0,1.0,0.946,0.973,0.0,1.766,8.958
1784632181.7782464,49890,0,2820,0,1.0,0.946,0.973,0.0,1.766,8.959
1784632181.807844,49900,0,2820,0,1.0,0.947,0.973,0.0,1.766,8.961
1784632181.8338318,49910,0,2820,0,1.0,0.947,0.973,0.0,1.766,8.962
1784632181.8564436,49920,0,2820,0,1.0,0.947,0.973,0.0,1.766,8.964
1784632181.8879771,49930,0,2820,0,1.0,0.947,0.973,0.0,1.766,8.965
1784632181.9155889,49940,0,2820,0,1.0,0.947,0.973,0.0,1.767,8.967
1784632181.943416,49950,0,2820,0,1.0,0.947,0.973,0.0,1.767,8.968
1784632181.95889,49960,0,2820,0,1.0,0.947,0.973,0.0,1.767,8.97
1784632181.9804275,49970,0,2820,0,1.0,0.947,0.973,0.0,1.767,8.971
1784632182.0058393,49980,0,2820,0,1.0,0.947,0.973,0.0,1.767,8.973
1784632182.027943,49990,0,2820,0,1.0,0.947,0.973,0.0,1.767,8.974
1784632182.0558894,50000,0,2820,0,1.0,0.947,0.973,0.0,1.767,8.976
1784632182.0834463,50010,0,2820,0,1.0,0.947,0.973,0.0,1.767,8.977
1784632182.1064715,50020,0,2820,0,1.0,0.947,0.973,0.0,1.768,8.979
1784632182.125141,50030,0,2820,0,1.0,0.947,0.973,0.0,1.768,8.98
1784632182.1447997,50040,0,2820,0,1.0,0.947,0.973,0.0,1.768,8.982
1784632182.1637611,50050,0,2820,0,1.0,0.947,0.973,0.0,1.768,8.983
1784632182.181481,50060,0,2820,0,1.0,0.947,0.973,0.0,1.768,8.985
1784632182.199772,50070,0,2820,0,1.0,0.947,0.973,0.0,1.768,8.986
1784632182.2178423,50080,0,2820,0,1.0,0.947,0.973,0.0,1.768,8.988
1784632182.248332,50090,0,2820,0,1.0,0.947,0.973,0.0,1.768,8.989
1784632182.2693543,50100,0,2820,0,1.0,0.947,0.973,0.0,1.769,8.991
1784632182.305858,50110,0,2820,0,1.0,0.947,0.973,0.0,1.769,8.993
1784632182.3379197,50120,0,2820,0,1.0,0.947,0.973,0.0,1.769,8.994
1784632182.4064872,50130,0,2820,0,1.0,0.947,0.973,0.0,1.769,8.996
1784632182.4736302,50140,0,2820,0,1.0,0.947,0.973,0.0,1.769,8.997
1784632182.5213664,50150,0,2820,0,1.0,0.947,0.973,0.0,1.769,8.999
1784632182.5636928,50160,0,2820,0,1.0,0.947,0.973,0.0,1.769,9.0
1784632182.6151178,50170,0,2820,0,1.0,0.947,0.973,0.0,1.769,9.002
1784632182.729773,50180,0,2820,0,1.0,0.947,0.973,0.0,1.77,9.003
1784632182.8046255,50190,0,2820,0,1.0,0.947,0.973,0.0,1.77,9.005
1784632182.8862665,50200,0,2820,0,1.0,0.947,0.973,0.0,1.77,9.007
1784632182.916661,50210,0,2820,0,1.0,0.947,0.973,0.0,1.77,9.008
1784632182.9324255,50220,0,2820,0,1.0,0.947,0.973,0.0,1.77,9.01
1784632182.9580126,50230,0,2820,0,1.0,0.947,0.973,0.0,1.77,9.012
1784632182.9906716,50240,0,2820,0,1.0,0.947,0.973,0.0,1.77,9.013
1784632183.0187428,50250,0,2820,0,1.0,0.947,0.973,0.0,1.77,9.015
1784632183.0528786,50260,0,2820,0,1.0,0.947,0.973,0.0,1.77,9.016
1784632183.0853486,50270,0,2820,0,1.0,0.947,0.973,0.0,1.77,9.018
1784632183.1269753,50280,0,2820,0,1.0,0.947,0.973,0.0,1.771,9.02
1784632183.1750681,50290,0,2820,0,1.0,0.947,0.973,0.0,1.771,9.021
1784632183.204415,50300,0,2820,0,1.0,0.947,0.973,0.0,1.771,9.023
1784632183.2353852,50310,0,2820,0,1.0,0.947,0.973,0.0,1.771,9.025
1784632183.26114,50320,0,2820,0,1.0,0.947,0.973,0.0,1.771,9.026
1784632183.3169858,50330,0,2820,0,1.0,0.947,0.973,0.0,1.771,9.028
1784632183.3399427,50340,0,2820,0,1.0,0.947,0.973,0.0,1.771,9.03
1784632183.3642719,50350,0,2820,0,1.0,0.947,0.973,0.0,1.771,9.031
1784632183.410067,50360,0,2820,0,1.0,0.947,0.973,0.0,1.771,9.033
1784632183.442772,50370,0,2820,0,1.0,0.947,0.973,0.0,1.771,9.035
1784632183.493858,50380,0,2820,0,1.0,0.947,0.973,0.0,1.771,9.036
1784632183.558801,50390,0,2820,0,1.0,0.947,0.973,0.0,1.771,9.038
1784632183.5940123,50400,0,2820,0,1.0,0.947,0.973,0.0,1.772,9.04
1784632183.617784,50410,0,2820,0,1.0,0.947,0.973,0.0,1.772,9.042
1784632183.6606808,50420,0,2820,0,1.0,0.947,0.973,0.0,1.772,9.043
1784632183.702496,50430,0,2820,0,1.0,0.947,0.973,0.0,1.772,9.045
1784632183.7235873,50440,0,2820,0,1.0,0.947,0.973,0.0,1.772,9.046
1784632183.7387087,50450,0,2820,0,1.0,0.947,0.973,0.0,1.772,9.048
1784632183.761268,50460,0,2820,0,1.0,0.947,0.973,0.0,1.772,9.049
1784632183.78642,50470,0,2820,0,1.0,0.947,0.973,0.0,1.772,9.05
1784632183.811771,50480,0,2820,0,1.0,0.947,0.973,0.0,1.772,9.052
1784632183.8391418,50490,0,2820,0,1.0,0.947,0.973,0.0,1.772,9.053
1784632183.872027,50500,0,2820,0,1.0,0.947,0.973,0.0,1.772,9.054
1784632183.895831,50510,0,2820,0,1.0,0.947,0.973,0.0,1.772,9.056
1784632183.9190035,50520,0,2820,0,1.0,0.947,0.973,0.0,1.772,9.057
1784632183.9487195,50530,0,2820,0,1.0,0.947,0.973,0.0,1.772,9.058
1784632183.9807112,50540,0,2820,0,1.0,0.947,0.973,0.0,1.772,9.06
1784632184.0023344,50550,0,2820,0,1.0,0.947,0.973,0.0,1.772,9.061
1784632184.0313904,50560,0,2820,0,1.0,0.947,0.973,0.0,1.772,9.063
1784632184.0606663,50570,0,2820,0,1.0,0.947,0.973,0.0,1.772,9.064
1784632184.1075032,50580,0,2820,0,1.0,0.947,0.973,0.0,1.772,9.065
1784632184.1282747,50590,0,2820,0,1.0,0.947,0.973,0.0,1.772,9.067
1784632184.1528068,50600,0,2820,0,1.0,0.947,0.973,0.0,1.772,9.068
1784632184.1828012,50610,0,2820,0,1.0,0.947,0.973,0.0,1.772,9.069
1784632184.2082658,50620,0,2820,0,1.0,0.947,0.973,0.0,1.772,9.071
1784632184.2420342,50630,0,2820,0,1.0,0.947,0.973,0.0,1.771,9.072
1784632184.2638779,50640,0,2820,0,1.0,0.947,0.973,0.0,1.771,9.074
1784632184.2889433,50650,0,2820,0,1.0,0.947,0.973,0.0,1.771,9.075
1784632184.3293757,50660,0,2820,0,1.0,0.947,0.973,0.0,1.771,9.076
1784632184.3590665,50670,0,2820,0,1.0,0.947,0.973,0.0,1.771,9.078
1784632184.3814576,50680,0,2820,0,1.0,0.947,0.973,0.0,1.771,9.079
1784632184.403997,50690,0,2820,0,1.0,0.947,0.973,0.0,1.771,9.081
1784632184.4263556,50700,0,2820,0,1.0,0.947,0.973,0.0,1.771,9.082
1784632184.4541848,50710,0,2820,0,1.0,0.947,0.973,0.0,1.771,9.084
1784632184.4752612,50720,0,2820,0,1.0,0.947,0.973,0.0,1.771,9.085
1784632184.4961112,50730,0,2820,0,1.0,0.947,0.973,0.0,1.771,9.086
1784632184.524931,50740,0,2820,0,1.0,0.947,0.973,0.0,1.771,9.088
1784632184.5553558,50750,0,2820,0,1.0,0.947,0.973,0.0,1.771,9.089
1784632184.570174,50760,0,2820,0,1.0,0.947,0.973,0.0,1.771,9.091
1784632184.587546,50770,0,2820,0,1.0,0.947,0.973,0.0,1.77,9.092
1784632184.6126974,50780,0,2820,0,1.0,0.947,0.973,0.0,1.77,9.093
1784632184.6555243,50790,0,2820,0,1.0,0.947,0.973,0.0,1.77,9.095
1784632184.6944735,50800,0,2820,0,1.0,0.947,0.973,0.0,1.77,9.096
1784632184.7305188,50810,0,2820,0,1.0,0.947,0.973,0.0,1.77,9.098
1784632184.775796,50820,0,2820,0,1.0,0.947,0.973,0.0,1.77,9.099
1784632184.798839,50830,0,2820,0,1.0,0.947,0.973,0.0,1.77,9.101
1784632184.824654,50840,0,2820,0,1.0,0.947,0.973,0.0,1.77,9.102
1784632184.8517892,50850,0,2820,0,1.0,0.947,0.973,0.0,1.77,9.104
1784632184.8777149,50860,0,2820,0,1.0,0.947,0.973,0.0,1.77,9.105
1784632184.905549,50870,0,2820,0,1.0,0.947,0.973,0.0,1.77,9.106
1784632184.9359667,50880,0,2820,0,1.0,0.947,0.973,0.0,1.769,9.108
1784632184.9619334,50890,0,2820,0,1.0,0.947,0.973,0.0,1.769,9.109
1784632184.9919827,50900,0,2820,0,1.0,0.948,0.973,0.0,1.769,9.111
1784632185.0162015,50910,0,2820,0,1.0,0.948,0.973,0.0,1.769,9.112
1784632185.0355213,50920,0,2820,0,1.0,0.948,0.973,0.0,1.769,9.114
1784632185.0508893,50930,0,2820,0,1.0,0.948,0.973,0.0,1.769,9.115
1784632185.0973275,50940,0,2820,0,1.0,0.948,0.973,0.0,1.769,9.117
1784632185.1231494,50950,0,2820,0,1.0,0.948,0.973,0.0,1.769,9.118
1784632185.1447883,50960,0,2820,0,1.0,0.948,0.973,0.0,1.768,9.119
1784632185.163391,50970,0,2820,0,1.0,0.948,0.973,0.0,1.768,9.121
1784632185.181336,50980,0,2820,0,1.0,0.948,0.973,0.0,1.768,9.122
1784632185.2062268,50990,0,2820,0,1.0,0.948,0.973,0.0,1.768,9.124
1784632185.2293413,51000,0,2820,0,1.0,0.948,0.973,0.0,1.768,9.125
1784632185.2550676,51010,0,2820,0,1.0,0.948,0.973,0.0,1.768,9.127
1784632185.2774487,51020,0,2820,0,1.0,0.948,0.973,0.0,1.768,9.128
1784632185.3230984,51030,0,2820,0,1.0,0.948,0.973,0.0,1.768,9.129
1784632185.3479738,51040,0,2820,0,1.0,0.948,0.973,0.0,1.768,9.13
1784632185.3850763,51050,0,2820,0,1.0,0.948,0.973,0.0,1.768,9.131
1784632185.4158664,51060,0,2820,0,1.0,0.948,0.973,0.0,1.768,9.132
1784632185.4613676,51070,0,2820,0,1.0,0.948,0.973,0.0,1.768,9.133
1784632185.4982266,51080,0,2820,0,1.0,0.948,0.973,0.0,1.768,9.134
1784632185.516452,51090,0,2820,0,1.0,0.948,0.973,0.0,1.768,9.135
1784632185.5471342,51100,0,2820,0,1.0,0.948,0.973,0.0,1.767,9.136
1784632185.5679278,51110,0,2820,0,1.0,0.948,0.973,0.0,1.767,9.137
1784632185.5865479,51120,0,2820,0,1.0,0.948,0.973,0.0,1.767,9.137
1784632185.6083307,51130,0,2820,0,1.0,0.948,0.973,0.0,1.767,9.138
1784632185.6446936,51140,0,2820,0,1.0,0.948,0.973,0.0,1.767,9.139
1784632185.6717534,51150,0,2820,0,1.0,0.948,0.973,0.0,1.766,9.139
1784632185.6886961,51160,0,2820,0,1.0,0.948,0.973,0.0,1.766,9.14
1784632185.7203832,51170,0,2820,0,1.0,0.948,0.973,0.0,1.766,9.141
1784632185.7535079,51180,0,2820,0,1.0,0.948,0.973,0.0,1.766,9.142
1784632185.7911758,51190,0,2820,0,1.0,0.948,0.973,0.0,1.765,9.142
1784632185.823333,51200,0,2820,0,1.0,0.948,0.973,0.0,1.765,9.143
1784632185.851333,51210,0,2820,0,1.0,0.948,0.973,0.0,1.765,9.144
1784632185.875648,51220,0,2820,0,1.0,0.948,0.973,0.0,1.765,9.145
1784632185.9288905,51230,0,2820,0,1.0,0.948,0.973,0.0,1.764,9.145
1784632185.9699311,51240,0,2820,0,1.0,0.948,0.973,0.0,1.764,9.146
1784632186.010999,51250,0,2820,0,1.0,0.948,0.973,0.0,1.764,9.147
1784632186.04015,51260,0,2820,0,1.0,0.948,0.973,0.0,1.764,9.148
1784632186.0811582,51270,0,2820,0,1.0,0.948,0.973,0.0,1.763,9.148
1784632186.1086257,51280,0,2820,0,1.0,0.948,0.973,0.0,1.763,9.149
1784632186.1542046,51290,0,2820,0,1.0,0.948,0.973,0.0,1.763,9.149
1784632186.1946263,51300,0,2820,0,1.0,0.948,0.973,0.0,1.763,9.15
1784632186.219671,51310,0,2820,0,1.0,0.948,0.973,0.0,1.763,9.15
1784632186.260485,51320,0,2820,0,1.0,0.948,0.973,0.0,1.763,9.151
1784632186.3140466,51330,0,2820,0,1.0,0.948,0.973,0.0,1.763,9.151
1784632186.3437052,51340,0,2820,0,1.0,0.948,0.973,0.0,1.763,9.152
1784632186.3858168,51350,0,2820,0,1.0,0.948,0.973,0.0,1.763,9.152
1784632186.412259,51360,0,2820,0,1.0,0.948,0.973,0.0,1.763,9.152
1784632186.4583135,51370,0,2820,0,1.0,0.948,0.973,0.0,1.763,9.153
1784632186.569262,51380,0,2820,0,1.0,0.948,0.973,0.0,1.763,9.153
1784632186.6156063,51390,0,2820,0,1.0,0.948,0.973,0.0,1.763,9.154
1784632186.6534948,51400,0,2820,0,1.0,0.948,0.973,0.0,1.763,9.154
1784632186.7172787,51410,0,2820,0,1.0,0.948,0.973,0.0,1.763,9.155
1784632186.7485678,51420,0,2820,0,1.0,0.948,0.973,0.0,1.763,9.155
1784632186.7946599,51430,0,2820,0,1.0,0.948,0.973,0.0,1.763,9.156
1784632186.838845,51440,0,2820,0,1.0,0.948,0.973,0.0,1.763,9.156
1784632186.8750448,51450,0,2820,0,1.0,0.948,0.973,0.0,1.763,9.157
1784632186.9181087,51460,0,2820,0,1.0,0.948,0.973,0.0,1.763,9.157
1784632186.9539092,51470,0,2820,0,1.0,0.948,0.973,0.0,1.763,9.158
1784632186.984436,51480,0,2820,0,1.0,0.948,0.973,0.0,1.763,9.158
1784632187.0278413,51490,0,2820,0,1.0,0.948,0.973,0.0,1.763,9.159
1784632187.0589485,51500,0,2820,0,1.0,0.948,0.973,0.0,1.763,9.159
1784632187.0938864,51510,0,2820,0,1.0,0.948,0.973,0.0,1.762,9.16
1784632187.1239579,51520,0,2820,0,1.0,0.948,0.973,0.0,1.762,9.161
1784632187.1570563,51530,0,2820,0,1.0,0.948,0.973,0.0,1.762,9.161
1784632187.1832519,51540,0,2820,0,1.0,0.948,0.973,0.0,1.762,9.162
1784632187.21059,51550,0,2820,0,1.0,0.948,0.973,0.0,1.762,9.162
1784632187.2439475,51560,0,2820,0,1.0,0.948,0.973,0.0,1.762,9.163
1784632187.271273,51570,0,2820,0,1.0,0.948,0.973,0.0,1.762,9.163
1784632187.2999458,51580,0,2820,0,1.0,0.948,0.973,0.0,1.762,9.164
1784632187.321858,51590,0,2820,0,1.0,0.948,0.973,0.0,1.762,9.165
1784632187.3577044,51600,0,2820,0,1.0,0.948,0.973,0.0,1.762,9.165
1784632187.3978949,51610,0,2820,0,1.0,0.948,0.973,0.0,1.761,9.166
1784632187.4274838,51620,0,2820,0,1.0,0.948,0.973,0.0,1.761,9.166
1784632187.480474,51630,0,2820,0,1.0,0.948,0.973,0.0,1.761,9.167
1784632187.5175517,51640,0,2820,0,1.0,0.948,0.973,0.0,1.761,9.168
1784632187.5555298,51650,0,2820,0,1.0,0.948,0.973,0.0,1.761,9.168
1784632187.588004,51660,0,2820,0,1.0,0.948,0.973,0.0,1.761,9.169
1784632187.6180086,51670,0,2820,0,1.0,0.948,0.973,0.0,1.761,9.169
1784632187.6617975,51680,0,2820,0,1.0,0.948,0.973,0.0,1.76,9.17
1784632187.7150257,51690,0,2820,0,1.0,0.948,0.973,0.0,1.76,9.171
1784632187.751343,51700,0,2820,0,1.0,0.948,0.973,0.0,1.76,9.171
1784632187.7982907,51710,0,2820,0,1.0,0.948,0.973,0.0,1.76,9.172
1784632187.845685,51720,0,2820,0,1.0,0.948,0.973,0.0,1.76,9.173
1784632187.8930624,51730,0,2820,0,1.0,0.948,0.973,0.0,1.759,9.173
1784632187.9364076,51740,0,2820,0,1.0,0.948,0.973,0.0,1.759,9.174
1784632187.9904442,51750,0,2820,0,1.0,0.948,0.973,0.0,1.759,9.175
1784632188.0271401,51760,0,2820,0,1.0,0.948,0.973,0.0,1.759,9.175
1784632188.0665848,51770,0,2820,0,1.0,0.948,0.973,0.0,1.759,9.176
1784632188.0948467,51780,0,2820,0,1.0,0.948,0.973,0.0,1.758,9.177
1784632188.136682,51790,0,2820,0,1.0,0.948,0.973,0.0,1.758,9.177
1784632188.152172,51800,0,2820,0,1.0,0.948,0.974,0.0,1.758,9.177
1784632188.1925464,51810,0,2820,0,1.0,0.948,0.974,0.0,1.758,9.178
1784632188.2077012,51820,0,2820,0,1.0,0.948,0.974,0.0,1.758,9.178
1784632188.2242274,51830,0,2820,0,1.0,0.948,0.974,0.0,1.758,9.178
1784632188.24303,51840,0,2820,0,1.0,0.948,0.974,0.0,1.758,9.179
1784632188.272559,51850,0,2820,0,1.0,0.948,0.974,0.0,1.758,9.179
1784632188.2912724,51860,0,2820,0,1.0,0.948,0.974,0.0,1.758,9.179
1784632188.3224359,51870,0,2820,0,1.0,0.948,0.974,0.0,1.758,9.18
1784632188.343194,51880,0,2820,0,1.0,0.948,0.974,0.0,1.759,9.18
1784632188.368342,51890,0,2820,0,1.0,0.948,0.974,0.0,1.759,9.18
1784632188.4098878,51900,0,2820,0,1.0,0.948,0.974,0.0,1.759,9.181
1784632188.4398925,51910,0,2820,0,1.0,0.948,0.974,0.0,1.759,9.181
1784632188.4830735,51920,0,2820,0,1.0,0.948,0.974,0.0,1.759,9.181
1784632188.5109289,51930,0,2820,0,1.0,0.948,0.974,0.0,1.759,9.182
1784632188.5325649,51940,0,2820,0,1.0,0.949,0.974,0.0,1.759,9.182
1784632188.5648286,51950,0,2820,0,1.0,0.949,0.974,0.0,1.759,9.182
1784632188.59448,51960,0,2820,0,1.0,0.949,0.974,0.0,1.759,9.183
1784632188.6214724,51970,0,2820,0,1.0,0.949,0.974,0.0,1.759,9.183
1784632188.6392107,51980,0,2820,0,1.0,0.949,0.974,0.0,1.759,9.183
1784632188.678427,51990,0,2820,0,1.0,0.949,0.974,0.0,1.759,9.184
1784632188.6970186,52000,0,2820,0,1.0,0.949,0.974,0.0,1.759,9.184
1784632188.7249498,52010,0,2820,0,1.0,0.949,0.974,0.0,1.759,9.185
1784632188.7483945,52020,0,2820,0,1.0,0.949,0.974,0.0,1.759,9.185
1784632188.7727237,52030,0,2820,0,1.0,0.949,0.974,0.0,1.759,9.185
1784632188.8004076,52040,0,2820,0,1.0,0.949,0.974,0.0,1.759,9.186
1784632188.823968,52050,0,2820,0,1.0,0.949,0.974,0.0,1.759,9.186
1784632188.8505857,52060,0,2820,0,1.0,0.949,0.974,0.0,1.758,9.187
1784632188.8757436,52070,0,2820,0,1.0,0.949,0.974,0.0,1.758,9.187
1784632188.9077637,52080,0,2820,0,1.0,0.949,0.974,0.0,1.758,9.187
1784632188.9386191,52090,0,2820,0,1.0,0.949,0.974,0.0,1.758,9.188
1784632188.9691193,52100,0,2820,0,1.0,0.949,0.974,0.0,1.758,9.188
1784632188.9854596,52110,0,2820,0,1.0,0.949,0.974,0.0,1.758,9.189
1784632189.0098603,52120,0,2820,0,1.0,0.949,0.974,0.0,1.758,9.189
1784632189.0362792,52130,0,2820,0,1.0,0.949,0.974,0.0,1.758,9.189
1784632189.0519185,52140,0,2820,0,1.0,0.949,0.974,0.0,1.758,9.19
1784632189.0758355,52150,0,2820,0,1.0,0.949,0.974,0.0,1.758,9.19
1784632189.1134753,52160,0,2820,0,1.0,0.949,0.974,0.0,1.758,9.191
1784632189.1387148,52170,0,2820,0,1.0,0.949,0.974,0.0,1.758,9.191
1784632189.154372,52180,0,2820,0,1.0,0.949,0.974,0.0,1.758,9.192
1784632189.1711788,52190,0,2820,0,1.0,0.949,0.974,0.0,1.758,9.192
1784632189.20207,52200,0,2820,0,1.0,0.949,0.974,0.0,1.758,9.193
1784632189.234992,52210,0,2820,0,1.0,0.949,0.974,0.0,1.758,9.193
1784632189.269733,52220,0,2820,0,1.0,0.949,0.974,0.0,1.758,9.193
1784632189.320889,52230,0,2820,0,1.0,0.949,0.974,0.0,1.758,9.194
1784632189.3545666,52240,0,2820,0,1.0,0.949,0.974,0.0,1.758,9.194
1784632189.3800821,52250,0,2820,0,1.0,0.949,0.974,0.0,1.758,9.195
1784632189.4115138,52260,0,2820,0,1.0,0.949,0.974,0.0,1.757,9.195
1784632189.4319777,52270,0,2820,0,1.0,0.949,0.974,0.0,1.757,9.196
1784632189.4609644,52280,0,2820,0,1.0,0.949,0.974,0.0,1.757,9.196
1784632189.482349,52290,0,2820,0,1.0,0.949,0.974,0.0,1.757,9.197
1784632189.522325,52300,0,2820,0,1.0,0.949,0.974,0.0,1.757,9.197
1784632189.5477114,52310,0,2820,0,1.0,0.949,0.974,0.0,1.757,9.198
1784632189.5678608,52320,0,2820,0,1.0,0.949,0.974,0.0,1.757,9.198
1784632189.592576,52330,0,2820,0,1.0,0.949,0.974,0.0,1.757,9.199
1784632189.619137,52340,0,2820,0,1.0,0.949,0.974,0.0,1.757,9.199
1784632189.6475787,52350,0,2820,0,1.0,0.949,0.974,0.0,1.757,9.2
1784632189.674843,52360,0,2820,0,1.0,0.949,0.974,0.0,1.757,9.2
1784632189.7006323,52370,0,2820,0,1.0,0.949,0.974,0.0,1.756,9.201
1784632189.7323647,52380,0,2820,0,1.0,0.949,0.974,0.0,1.756,9.201
1784632189.7517993,52390,0,2820,0,1.0,0.949,0.974,0.0,1.756,9.202
1784632189.7877562,52400,0,2820,0,1.0,0.949,0.974,0.0,1.756,9.202
1784632189.8158991,52410,0,2820,0,1.0,0.949,0.974,0.0,1.756,9.203
1784632189.839623,52420,0,2820,0,1.0,0.949,0.974,0.0,1.756,9.203
1784632189.8624134,52430,0,2820,0,1.0,0.949,0.974,0.0,1.756,9.204
1784632189.8861241,52440,0,2820,0,1.0,0.949,0.974,0.0,1.755,9.204
1784632189.9069557,52450,0,2820,0,1.0,0.949,0.974,0.0,1.755,9.205
1784632189.9551132,52460,0,2820,0,1.0,0.949,0.974,0.0,1.755,9.205
1784632189.9768379,52470,0,2820,0,1.0,0.949,0.974,0.0,1.755,9.205
1784632190.0365055,52480,0,2820,0,1.0,0.949,0.974,0.0,1.755,9.206
1784632190.0641544,52490,0,2820,0,1.0,0.949,0.974,0.0,1.755,9.206
1784632190.091913,52500,0,2820,0,1.0,0.949,0.974,0.0,1.755,9.206
1784632190.1167061,52510,0,2820,0,1.0,0.949,0.974,0.0,1.755,9.206
1784632190.1572688,52520,0,2820,0,1.0,0.949,0.974,0.0,1.755,9.206
1784632190.1787336,52530,0,2820,0,1.0,0.949,0.974,0.0,1.755,9.206
1784632190.2047756,52540,0,2820,0,1.0,0.949,0.974,0.0,1.755,9.207
1784632190.2422888,52550,0,2820,0,1.0,0.949,0.974,0.0,1.755,9.207
1784632190.2734065,52560,0,2820,0,1.0,0.949,0.974,0.0,1.755,9.207
1784632190.2913036,52570,0,2820,0,1.0,0.949,0.974,0.0,1.755,9.207
1784632190.3193293,52580,0,2820,0,1.0,0.949,0.974,0.0,1.755,9.207
1784632190.34427,52590,0,2820,0,1.0,0.949,0.974,0.0,1.755,9.207
1784632190.3710968,52600,0,2820,0,1.0,0.949,0.974,0.0,1.755,9.208
1784632190.4094536,52610,0,2820,0,1.0,0.949,0.974,0.0,1.755,9.208
1784632190.4322977,52620,0,2820,0,1.0,0.949,0.974,0.0,1.755,9.208
1784632190.4638896,52630,0,2820,0,1.0,0.949,0.974,0.0,1.755,9.208
1784632190.4900906,52640,0,2820,0,1.0,0.949,0.974,0.0,1.755,9.208
1784632190.5142252,52650,0,2820,0,1.0,0.949,0.974,0.0,1.755,9.209
1784632190.539877,52660,0,2820,0,1.0,0.949,0.974,0.0,1.755,9.209
1784632190.5725882,52670,0,2820,0,1.0,0.949,0.974,0.0,1.755,9.209
1784632190.5920093,52680,0,2820,0,1.0,0.949,0.974,0.0,1.755,9.209
1784632190.6161892,52690,0,2820,0,1.0,0.949,0.974,0.0,1.755,9.209
1784632190.6445203,52700,0,2820,0,1.0,0.949,0.974,0.0,1.755,9.21
1784632190.6786156,52710,0,2820,0,1.0,0.949,0.974,0.0,1.755,9.21
1784632190.7107322,52720,0,2820,0,1.0,0.949,0.974,0.0,1.755,9.21
1784632190.728666,52730,0,2820,0,1.0,0.949,0.974,0.0,1.754,9.21
1784632190.7502058,52740,0,2820,0,1.0,0.949,0.974,0.0,1.754,9.211
1784632190.774223,52750,0,2820,0,1.0,0.949,0.974,0.0,1.754,9.21
1784632190.8176434,52760,0,2820,0,1.0,0.949,0.974,0.0,1.754,9.21
1784632190.8386762,52770,0,2820,0,1.0,0.949,0.974,0.0,1.754,9.21
1784632190.8573503,52780,0,2820,0,1.0,0.949,0.974,0.0,1.754,9.21
1784632190.883282,52790,0,2820,0,1.0,0.949,0.974,0.0,1.754,9.21
1784632190.9309616,52800,0,2820,0,1.0,0.949,0.974,0.0,1.754,9.21
1784632190.97249,52810,0,2820,0,1.0,0.949,0.974,0.0,1.754,9.21
1784632191.0104492,52820,0,2820,0,1.0,0.949,0.974,0.0,1.754,9.21
1784632191.0421166,52830,0,2820,0,1.0,0.949,0.974,0.0,1.754,9.209
1784632191.0777342,52840,0,2820,0,1.0,0.949,0.974,0.0,1.754,9.209
1784632191.1009295,52850,0,2820,0,1.0,0.949,0.974,0.0,1.753,9.209
1784632191.118845,52860,0,2820,0,1.0,0.949,0.974,0.0,1.753,9.209
1784632191.1554172,52870,0,2820,0,1.0,0.949,0.974,0.0,1.753,9.209
1784632191.2051034,52880,0,2820,0,1.0,0.949,0.974,0.0,1.753,9.209
1784632191.2445908,52890,0,2820,0,1.0,0.949,0.974,0.0,1.753,9.209
1784632191.270898,52900,0,2820,0,1.0,0.949,0.974,0.0,1.753,9.209
1784632191.2973204,52910,0,2820,0,1.0,0.949,0.974,0.0,1.753,9.209
1784632191.334948,52920,0,2820,0,1.0,0.949,0.974,0.0,1.753,9.209
1784632191.3585334,52930,0,2820,0,1.0,0.949,0.974,0.0,1.753,9.209
1784632191.3781097,52940,0,2820,0,1.0,0.949,0.974,0.0,1.753,9.208
1784632191.4100757,52950,0,2820,0,1.0,0.949,0.974,0.0,1.753,9.208
1784632191.4393153,52960,0,2820,0,1.0,0.949,0.974,0.0,1.753,9.208
1784632191.4820387,52970,0,2820,0,1.0,0.949,0.974,0.0,1.752,9.208
1784632191.5146163,52980,0,2820,0,1.0,0.949,0.974,0.0,1.752,9.208
1784632191.5470881,52990,0,2820,0,1.0,0.949,0.974,0.0,1.752,9.208
1784632191.582204,53000,0,2820,0,1.0,0.949,0.974,0.0,1.752,9.208
1784632191.6239712,53010,0,2820,0,1.0,0.949,0.974,0.0,1.752,9.208
1784632191.660786,53020,0,2820,0,1.0,0.949,0.974,0.0,1.752,9.208
1784632191.6801546,53030,0,2820,0,1.0,0.95,0.974,0.0,1.752,9.208
1784632191.7094579,53040,0,2820,0,1.0,0.95,0.974,0.0,1.752,9.208
1784632191.7641315,53050,0,2820,0,1.0,0.95,0.974,0.0,1.752,9.208
1784632191.8016264,53060,0,2820,0,1.0,0.95,0.974,0.0,1.752,9.208
1784632191.835849,53070,0,2820,0,1.0,0.95,0.974,0.0,1.752,9.208
1784632191.8732297,53080,0,2820,0,1.0,0.95,0.974,0.0,1.752,9.208
1784632191.9051838,53090,0,2820,0,1.0,0.95,0.974,0.0,1.751,9.208
1784632191.929145,53100,0,2820,0,1.0,0.95,0.974,0.0,1.751,9.208
1784632191.9503691,53110,0,2820,0,1.0,0.95,0.974,0.0,1.751,9.208
1784632191.9707158,53120,0,2820,0,1.0,0.95,0.974,0.0,1.751,9.208
1784632192.006231,53130,0,2820,0,1.0,0.95,0.974,0.0,1.751,9.208
1784632192.043621,53140,0,2820,0,1.0,0.95,0.974,0.0,1.751,9.208
1784632192.0660307,53150,0,2820,0,1.0,0.95,0.974,0.0,1.751,9.208
1784632192.0884104,53160,0,2820,0,1.0,0.95,0.974,0.0,1.751,9.208
1784632192.109579,53170,0,2820,0,1.0,0.95,0.974,0.0,1.751,9.208
1784632192.154074,53180,0,2820,0,1.0,0.95,0.974,0.0,1.751,9.208
1784632192.1959374,53190,0,2820,0,1.0,0.95,0.974,0.0,1.751,9.208
1784632192.2291107,53200,0,2820,0,1.0,0.95,0.974,0.0,1.751,9.208
1784632192.2936106,53210,0,2820,0,1.0,0.95,0.974,0.0,1.751,9.208
1784632192.339752,53220,0,2820,0,1.0,0.95,0.974,0.0,1.75,9.208
1784632192.3652167,53230,0,2820,0,1.0,0.95,0.974,0.0,1.75,9.208
1784632192.3967862,53240,0,2820,0,1.0,0.95,0.974,0.0,1.75,9.208
1784632192.4233,53250,0,2820,0,1.0,0.95,0.974,0.0,1.75,9.208
1784632192.4511204,53260,0,2820,0,1.0,0.95,0.974,0.0,1.75,9.208
1784632192.4789102,53270,0,2820,0,1.0,0.95,0.974,0.0,1.75,9.208
1784632192.5192688,53280,0,2820,0,1.0,0.95,0.974,0.0,1.75,9.209
1784632192.5557928,53290,0,2820,0,1.0,0.95,0.974,0.0,1.75,9.209
1784632192.5936768,53300,0,2820,0,1.0,0.95,0.974,0.0,1.75,9.209
1784632192.6323993,53310,0,2820,0,1.0,0.95,0.974,0.0,1.75,9.209
1784632192.6679933,53320,0,2820,0,1.0,0.95,0.974,0.0,1.75,9.209
1784632192.6938193,53330,0,2820,0,1.0,0.95,0.974,0.0,1.75,9.209
1784632192.727139,53340,0,2820,0,1.0,0.95,0.974,0.0,1.75,9.209
1784632192.764913,53350,0,2820,0,1.0,0.95,0.974,0.0,1.75,9.209
1784632192.799209,53360,0,2820,0,1.0,0.95,0.974,0.0,1.75,9.209
1784632192.838395,53370,0,2820,0,1.0,0.95,0.974,0.0,1.749,9.209
1784632192.8712542,53380,0,2820,0,1.0,0.95,0.974,0.0,1.749,9.209
1784632192.9081237,53390,0,2820,0,1.0,0.95,0.974,0.0,1.749,9.209
1784632192.94326,53400,0,2820,0,1.0,0.95,0.974,0.0,1.749,9.209
1784632192.9762392,53410,0,2820,0,1.0,0.95,0.974,0.0,1.749,9.21
1784632192.9992015,53420,0,2820,0,1.0,0.95,0.974,0.0,1.749,9.21
1784632193.0274324,53430,0,2820,0,1.0,0.95,0.974,0.0,1.749,9.21
1784632193.0520902,53440,0,2820,0,1.0,0.95,0.974,0.0,1.749,9.21
1784632193.0863307,53450,0,2820,0,1.0,0.95,0.974,0.0,1.749,9.21
1784632193.1118503,53460,0,2820,0,1.0,0.95,0.974,0.0,1.749,9.21
1784632193.1327763,53470,0,2820,0,1.0,0.95,0.974,0.0,1.749,9.21
1784632193.1908185,53480,0,2820,0,1.0,0.95,0.974,0.0,1.749,9.21
1784632193.2889376,53490,0,2820,0,1.0,0.95,0.974,0.0,1.749,9.21
1784632193.3242955,53500,0,2820,0,1.0,0.95,0.974,0.0,1.749,9.211
1784632193.3566499,53510,0,2820,0,1.0,0.95,0.974,0.0,1.749,9.211
1784632193.481984,53520,0,2820,0,1.0,0.95,0.974,0.0,1.749,9.211
1784632193.5128846,53530,0,2820,0,1.0,0.95,0.974,0.0,1.749,9.211
1784632193.5422637,53540,0,2820,0,1.0,0.95,0.974,0.0,1.748,9.211
1784632193.561326,53550,0,2820,0,1.0,0.95,0.974,0.0,1.748,9.211
1784632193.618606,53560,0,2820,0,1.0,0.95,0.974,0.0,1.748,9.212
1784632193.6479077,53570,0,2820,0,1.0,0.95,0.974,0.0,1.748,9.212
1784632193.676638,53580,0,2820,0,1.0,0.95,0.974,0.0,1.748,9.212
1784632193.6974828,53590,0,2820,0,1.0,0.95,0.974,0.0,1.748,9.212
1784632193.7371492,53600,0,2820,0,1.0,0.95,0.974,0.0,1.748,9.212
1784632193.7800245,53610,0,2820,0,1.0,0.95,0.974,0.0,1.748,9.213
1784632193.7986963,53620,0,2820,0,1.0,0.95,0.974,0.0,1.748,9.213
1784632193.8137543,53630,0,2820,0,1.0,0.95,0.974,0.0,1.748,9.213
1784632193.8552766,53640,0,2820,0,1.0,0.95,0.974,0.0,1.748,9.213
1784632193.8871782,53650,0,2820,0,1.0,0.95,0.974,0.0,1.748,9.213
1784632193.9238186,53660,0,2820,0,1.0,0.95,0.974,0.0,1.748,9.214
1784632193.9622602,53670,0,2820,0,1.0,0.95,0.974,0.0,1.748,9.214
1784632194.0107174,53680,0,2820,0,1.0,0.95,0.974,0.0,1.748,9.214
1784632194.0378392,53690,0,2820,0,1.0,0.95,0.974,0.0,1.748,9.214
1784632194.0565262,53700,0,2820,0,1.0,0.95,0.974,0.0,1.747,9.214
1784632194.0747488,53710,0,2820,0,1.0,0.95,0.974,0.0,1.747,9.215
1784632194.1054227,53720,0,2820,0,1.0,0.95,0.974,0.0,1.747,9.214
1784632194.1347237,53730,0,2820,0,1.0,0.95,0.974,0.0,1.747,9.214
1784632194.166799,53740,0,2820,0,1.0,0.95,0.974,0.0,1.748,9.214
1784632194.2064502,53750,0,2820,0,1.0,0.95,0.974,0.0,1.748,9.214
1784632194.2511766,53760,0,2820,0,1.0,0.95,0.974,0.0,1.748,9.214
1784632194.2775962,53770,0,2820,0,1.0,0.95,0.974,0.0,1.748,9.214
1784632194.2985938,53773,0,2827,0,1.0,0.95,0.974,0.0,1.747,9.214
1784632194.3027563,53773,0,2837,0,1.0,0.95,0.974,0.0,1.747,9.214
1784632194.3067465,53773,0,2847,0,1.0,0.95,0.974,0.0,1.747,9.214
1784632194.3112366,53773,0,2857,0,1.0,0.95,0.974,0.0,1.746,9.214
1784632194.3144605,53773,0,2867,0,1.0,0.949,0.974,0.0,1.746,9.214
1784632194.3185954,53773,0,2877,0,1.0,0.949,0.974,0.0,1.746,9.214
1784632194.3216631,53773,0,2887,0,1.0,0.949,0.974,0.0,1.746,9.214
1784632194.3245564,53773,0,2897,0,1.0,0.949,0.974,0.0,1.745,9.214
1784632194.3273394,53773,0,2907,0,1.0,0.949,0.974,0.0,1.745,9.214
1784632194.3304784,53773,0,2917,0,1.0,0.949,0.974,0.0,1.745,9.214
1784632194.3342073,53773,0,2927,0,1.0,0.948,0.974,0.0,1.744,9.214
1784632194.3370285,53773,0,2937,0,1.0,0.948,0.973,0.0,1.744,9.214
1784632194.3398223,53773,0,2947,0,1.0,0.948,0.973,0.0,1.744,9.214
1784632194.3424706,53773,0,2957,0,1.0,0.948,0.973,0.0,1.743,9.214
1784632194.3451195,53773,0,2967,0,1.0,0.948,0.973,0.0,1.743,9.214
1784632194.3506525,53773,0,2977,0,1.0,0.948,0.973,0.0,1.743,9.214
1784632194.3546708,53773,0,2987,0,1.0,0.947,0.973,0.0,1.742,9.214
1784632194.3580706,53773,0,2997,0,1.0,0.947,0.973,0.0,1.742,9.214
1784632194.3644142,53773,0,3007,0,1.0,0.947,0.973,0.0,1.742,9.214
1784632194.37011,53773,0,3017,0,1.0,0.947,0.973,0.0,1.742,9.214
1784632194.3746855,53773,0,3027,0,1.0,0.947,0.973,0.0,1.741,9.214
1784632194.3803155,53773,0,3037,0,1.0,0.947,0.973,0.0,1.741,9.214
1784632194.389075,53773,0,3047,0,1.0,0.946,0.972,0.0,1.741,9.214
1784632194.393864,53773,0,3057,0,1.0,0.946,0.972,0.0,1.74,9.214
1784632194.402109,53773,0,3067,0,1.0,0.946,0.972,0.0,1.74,9.214
1784632194.4098465,53773,0,3077,0,1.0,0.946,0.972,0.0,1.74,9.214
1784632194.4140513,53773,0,3087,0,1.0,0.946,0.972,0.0,1.739,9.214
1784632194.4211154,53773,0,3097,0,1.0,0.946,0.972,0.0,1.739,9.214
1784632194.4250937,53773,0,3107,0,1.0,0.945,0.972,0.0,1.739,9.214
1784632194.4310205,53773,0,3117,0,1.0,0.945,0.972,0.0,1.739,9.214
1784632194.4355154,53773,0,3127,0,1.0,0.945,0.972,0.0,1.738,9.214
1784632194.443256,53773,0,3137,0,1.0,0.945,0.972,0.0,1.738,9.214
1784632194.4475982,53773,0,3147,0,1.0,0.945,0.972,0.0,1.738,9.214
1784632194.4526834,53773,0,3157,0,1.0,0.945,0.971,0.0,1.737,9.214
1784632194.4619243,53773,0,3167,0,1.0,0.944,0.971,0.0,1.737,9.214
1784632194.4716256,53773,0,3177,0,1.0,0.944,0.971,0.0,1.737,9.214
1784632194.4758246,53773,0,3187,0,1.0,0.944,0.971,0.0,1.736,9.214
1784632194.479258,53773,0,3197,0,1.0,0.944,0.971,0.0,1.736,9.214
1784632194.483518,53773,0,3207,0,1.0,0.944,0.971,0.0,1.736,9.214
1784632194.4875238,53773,0,3217,0,1.0,0.944,0.971,0.0,1.735,9.214
1784632194.4924374,53773,0,3227,0,1.0,0.943,0.971,0.0,1.735,9.214
1784632194.496164,53773,0,3237,0,1.0,0.943,0.971,0.0,1.735,9.214
1784632194.500164,53773,0,3247,0,1.0,0.943,0.971,0.0,1.735,9.214
1784632194.504618,53773,0,3257,0,1.0,0.943,0.971,0.0,1.734,9.214
1784632194.507804,53773,0,3267,0,1.0,0.943,0.971,0.0,1.734,9.214
1784632194.5108445,53773,0,3277,0,1.0,0.943,0.97,0.0,1.734,9.214
1784632194.5155628,53773,0,3287,0,1.0,0.942,0.97,0.0,1.733,9.214
1784632194.5203643,53773,0,3297,0,1.0,0.942,0.97,0.0,1.733,9.214
1784632194.525911,53773,0,3307,0,1.0,0.942,0.97,0.0,1.733,9.214
1784632194.5287874,53773,0,3317,0,1.0,0.942,0.97,0.0,1.732,9.214
1784632194.535026,53773,0,3327,0,1.0,0.942,0.97,0.0,1.732,9.214
1784632194.5390873,53773,0,3337,0,1.0,0.942,0.97,0.0,1.732,9.214
1784632194.5420048,53773,0,3347,0,1.0,0.941,0.97,0.0,1.732,9.214
1784632194.546488,53773,0,3357,0,1.0,0.941,0.97,0.0,1.731,9.214
1784632194.549511,53773,0,3367,0,1.0,0.941,0.97,0.0,1.731,9.214
1784632194.5525036,53773,0,3377,0,1.0,0.941,0.97,0.0,1.731,9.214
1784632194.5551467,53773,0,3387,0,1.0,0.941,0.969,0.0,1.73,9.214
1784632194.5577455,53773,0,3397,0,1.0,0.941,0.969,0.0,1.73,9.214
1784632194.565291,53773,0,3407,0,1.0,0.94,0.969,0.0,1.73,9.214
1784632194.5701876,53773,0,3417,0,1.0,0.94,0.969,0.0,1.729,9.214
1784632194.5751455,53773,0,3427,0,1.0,0.94,0.969,0.0,1.729,9.214
1784632194.578592,53773,0,3437,0,1.0,0.94,0.969,0.0,1.729,9.214
1784632194.5833812,53773,0,3447,0,1.0,0.94,0.969,0.0,1.728,9.214
1784632194.586251,53773,0,3457,0,1.0,0.94,0.969,0.0,1.728,9.214
1784632194.5892098,53773,0,3467,0,1.0,0.939,0.969,0.0,1.728,9.214
1784632194.5922582,53773,0,3477,0,1.0,0.939,0.969,0.0,1.728,9.214
1784632194.5951176,53773,0,3487,0,1.0,0.939,0.969,0.0,1.727,9.214
1784632194.598906,53773,0,3497,0,1.0,0.939,0.969,0.0,1.727,9.214
1784632194.6018543,53773,0,3507,0,1.0,0.939,0.968,0.0,1.727,9.214
1784632194.6045675,53773,0,3517,0,1.0,0.939,0.968,0.0,1.726,9.214
1784632194.6072361,53773,0,3527,0,1.0,0.938,0.968,0.0,1.726,9.214
1784632194.6100767,53773,0,3537,0,1.0,0.938,0.968,0.0,1.726,9.214
1784632194.6129544,53773,0,3547,0,1.0,0.938,0.968,0.0,1.725,9.214
1784632194.6160758,53773,0,3557,0,1.0,0.938,0.968,0.0,1.725,9.214
1784632194.6188307,53773,0,3567,0,1.0,0.938,0.968,0.0,1.725,9.214
1784632194.6214533,53773,0,3577,0,1.0,0.938,0.968,0.0,1.725,9.214
1784632194.6241014,53773,0,3587,0,1.0,0.937,0.968,0.0,1.724,9.214
1784632194.6271007,53773,0,3597,0,1.0,0.937,0.968,0.0,1.724,9.214
1784632194.6304007,53773,0,3607,0,1.0,0.937,0.968,0.0,1.724,9.214
1784632194.6331668,53773,0,3617,0,1.0,0.937,0.967,0.0,1.723,9.214
1784632194.6392736,53773,0,3627,0,1.0,0.937,0.967,0.0,1.723,9.214
1784632194.642085,53773,0,3637,0,1.0,0.937,0.967,0.0,1.723,9.214
1784632194.6451972,53773,0,3647,0,1.0,0.936,0.967,0.0,1.722,9.214
1784632194.647919,53773,0,3657,0,1.0,0.936,0.967,0.0,1.722,9.214
1784632194.6505125,53773,0,3667,0,1.0,0.936,0.967,0.0,1.722,9.214
1784632194.6531003,53773,0,3677,0,1.0,0.936,0.967,0.0,1.722,9.214
1784632194.6559973,53773,0,3687,0,1.0,0.936,0.967,0.0,1.721,9.214
1784632194.6593888,53773,0,3697,0,1.0,0.936,0.967,0.0,1.721,9.214
1784632194.6631513,53773,0,3707,0,1.0,0.936,0.967,0.0,1.721,9.214
1784632194.6661482,53773,0,3717,0,1.0,0.935,0.967,0.0,1.72,9.214
1784632194.6699889,53773,0,3727,0,1.0,0.935,0.967,0.0,1.72,9.214
1784632194.6732047,53773,0,3737,0,1.0,0.935,0.966,0.0,1.72,9.214
1784632194.6773338,53773,0,3747,0,1.0,0.935,0.966,0.0,1.719,9.214
1784632194.681789,53773,0,3757,0,1.0,0.935,0.966,0.0,1.719,9.214
1784632194.6877263,53773,0,3767,0,1.0,0.935,0.966,0.0,1.719,9.214
1784632194.6975915,53773,0,3777,0,1.0,0.934,0.966,0.0,1.719,9.214
1784632194.7019234,53773,0,3787,0,1.0,0.934,0.966,0.0,1.718,9.214
1784632194.7047973,53773,0,3797,0,1.0,0.934,0.966,0.0,1.718,9.214
1784632194.707571,53773,0,3807,0,1.0,0.934,0.966,0.0,1.718,9.214
1784632194.7124012,53773,0,3817,0,1.0,0.934,0.966,0.0,1.717,9.214
1784632194.7153914,53773,0,3827,0,1.0,0.934,0.966,0.0,1.717,9.214
1784632194.7185445,53773,0,3837,0,1.0,0.933,0.966,0.0,1.717,9.214
1784632194.723398,53773,0,3847,0,1.0,0.933,0.965,0.0,1.716,9.214
1784632194.7275214,53773,0,3857,0,1.0,0.933,0.965,0.0,1.716,9.214
1784632194.7307875,53773,0,3867,0,1.0,0.933,0.965,0.0,1.716,9.214
1784632194.7339342,53773,0,3877,0,1.0,0.933,0.965,0.0,1.716,9.214
1784632194.7378848,53773,0,3887,0,1.0,0.933,0.965,0.0,1.715,9.214
1784632194.7405813,53773,0,3897,0,1.0,0.932,0.965,0.0,1.715,9.214
1784632194.743166,53773,0,3907,0,1.0,0.932,0.965,0.0,1.715,9.214
1784632194.7458115,53773,0,3917,0,1.0,0.932,0.965,0.0,1.714,9.214
1784632194.748342,53773,0,3927,0,1.0,0.932,0.965,0.0,1.714,9.214
1784632194.7512512,53773,0,3937,0,1.0,0.932,0.965,0.0,1.714,9.214
1784632194.7554703,53773,0,3947,0,1.0,0.932,0.965,0.0,1.714,9.214
1784632194.758424,53773,0,3957,0,1.0,0.931,0.965,0.0,1.713,9.214
1784632194.7610297,53773,0,3967,0,1.0,0.931,0.964,0.0,1.713,9.214
1784632194.763603,53773,0,3977,0,1.0,0.931,0.964,0.0,1.713,9.214
1784632194.7662377,53773,0,3987,0,1.0,0.931,0.964,0.0,1.712,9.214
1784632194.7695475,53773,0,3997,0,1.0,0.931,0.964,0.0,1.712,9.214
1784632194.7721093,53773,0,4007,0,1.0,0.931,0.964,0.0,1.712,9.214
1784632194.7747598,53773,0,4017,0,1.0,0.93,0.964,0.0,1.712,9.214
1784632194.7773576,53773,0,4027,0,1.0,0.93,0.964,0.0,1.712,9.214
1784632194.7801156,53773,0,4037,0,1.0,0.93,0.964,0.0,1.712,9.214
1784632194.7827084,53773,0,4047,0,1.0,0.93,0.964,0.0,1.712,9.214
1784632194.7863314,53773,0,4057,0,1.0,0.93,0.964,0.0,1.712,9.214
1784632194.789531,53773,0,4067,0,1.0,0.93,0.964,0.0,1.712,9.214
1784632194.7924023,53773,0,4077,0,1.0,0.93,0.963,0.0,1.712,9.214
1784632194.794998,53773,0,4087,0,1.0,0.929,0.963,0.0,1.712,9.214
1784632194.797595,53773,0,4097,0,1.0,0.929,0.963,0.0,1.712,9.214
1784632194.8011947,53773,0,4107,0,1.0,0.929,0.963,0.0,1.712,9.214
1784632194.8053012,53773,0,4117,0,1.0,0.929,0.963,0.0,1.712,9.214
1784632194.809571,53773,0,4127,0,1.0,0.929,0.963,0.0,1.712,9.214
1784632194.8134212,53773,0,4137,0,1.0,0.929,0.963,0.0,1.712,9.214
1784632194.8191292,53773,0,4147,0,1.0,0.928,0.963,0.0,1.712,9.214
1784632194.8224645,53773,0,4157,0,1.0,0.928,0.963,0.0,1.712,9.214
1784632194.8257146,53773,0,4167,0,1.0,0.928,0.963,0.0,1.712,9.214
1784632194.8293974,53773,0,4177,0,1.0,0.928,0.963,0.0,1.712,9.214
1784632194.848616,53773,0,4187,0,1.0,0.928,0.963,0.0,1.712,9.214
1784632194.8528366,53773,0,4197,0,1.0,0.928,0.962,0.0,1.712,9.214
1784632194.8606663,53773,0,4207,0,1.0,0.927,0.962,0.0,1.712,9.214
1784632194.8672743,53773,0,4217,0,1.0,0.927,0.962,0.0,1.711,9.214
1784632194.8722384,53773,0,4227,0,1.0,0.927,0.962,0.0,1.711,9.214
1784632194.8762183,53773,0,4237,0,1.0,0.927,0.962,0.0,1.711,9.214
1784632194.884344,53773,0,4247,0,1.0,0.927,0.962,0.0,1.711,9.214
1784632194.889781,53773,0,4257,0,1.0,0.927,0.962,0.0,1.711,9.214
1784632194.8980346,53773,0,4267,0,1.0,0.926,0.962,0.0,1.711,9.214
1784632194.902279,53773,0,4277,0,1.0,0.926,0.962,0.0,1.711,9.214
1784632194.9078166,53773,0,4287,0,1.0,0.926,0.962,0.0,1.711,9.214
1784632194.9152374,53773,0,4297,0,1.0,0.926,0.962,0.0,1.711,9.214
1784632194.9221618,53773,0,4307,0,1.0,0.926,0.961,0.0,1.711,9.214
1784632194.9270532,53773,0,4317,0,1.0,0.926,0.961,0.0,1.711,9.214
1784632194.9324348,53773,0,4327,0,1.0,0.926,0.961,0.0,1.711,9.214
1784632194.9366598,53773,0,4337,0,1.0,0.925,0.961,0.0,1.711,9.214
1784632194.9416397,53773,0,4347,0,1.0,0.925,0.961,0.0,1.711,9.214
1784632194.94567,53773,0,4357,0,1.0,0.925,0.961,0.0,1.711,9.214
1784632194.9490824,53773,0,4367,0,1.0,0.925,0.961,0.0,1.711,9.214
1784632194.95273,53773,0,4377,0,1.0,0.925,0.961,0.0,1.711,9.214
1784632194.9563022,53773,0,4387,0,1.0,0.925,0.961,0.0,1.711,9.214
1784632194.9601545,53773,0,4397,0,1.0,0.924,0.961,0.0,1.711,9.214
1784632194.9642766,53773,0,4407,0,1.0,0.924,0.961,0.0,1.711,9.214
1784632194.968036,53773,0,4417,0,1.0,0.924,0.961,0.0,1.711,9.214
1784632194.9723918,53773,0,4427,0,1.0,0.924,0.96,0.0,1.71,9.214
1784632194.9807801,53773,0,4437,0,1.0,0.924,0.96,0.0,1.71,9.214
1784632194.9848747,53773,0,4447,0,1.0,0.924,0.96,0.0,1.71,9.214
1784632194.9890854,53773,0,4457,0,1.0,0.923,0.96,0.0,1.71,9.214
1784632194.9955392,53773,0,4467,0,1.0,0.923,0.96,0.0,1.709,9.214
1784632194.9998236,53773,0,4477,0,1.0,0.923,0.96,0.0,1.709,9.214
1784632195.0045846,53773,0,4487,0,1.0,0.923,0.96,0.0,1.709,9.214
1784632195.0074177,53773,0,4497,0,1.0,0.923,0.96,0.0,1.708,9.214
1784632195.0101488,53773,0,4507,0,1.0,0.923,0.96,0.0,1.708,9.214
1784632195.0128224,53773,0,4517,0,1.0,0.923,0.96,0.0,1.708,9.214
1784632195.0191264,53773,0,4527,0,1.0,0.922,0.96,0.0,1.707,9.214
1784632195.0220397,53773,0,4537,0,1.0,0.922,0.96,0.0,1.707,9.214
1784632195.0245767,53773,0,4547,0,1.0,0.922,0.959,0.0,1.707,9.214
1784632195.0272565,53773,0,4557,0,1.0,0.922,0.959,0.0,1.707,9.214
1784632195.0299854,53773,0,4567,0,1.0,0.922,0.959,0.0,1.706,9.214
1784632195.032462,53773,0,4577,0,1.0,0.922,0.959,0.0,1.706,9.214
1784632195.0368705,53773,0,4587,0,1.0,0.921,0.959,0.0,1.706,9.214
1784632195.0396028,53773,0,4597,0,1.0,0.921,0.959,0.0,1.705,9.214
1784632195.0467632,53773,0,4607,0,1.0,0.921,0.959,0.0,1.705,9.214
1784632195.0496004,53773,0,4617,0,1.0,0.921,0.959,0.0,1.705,9.214
1784632195.0559134,53773,0,4627,0,1.0,0.921,0.959,0.0,1.705,9.214
1784632195.060263,53773,0,4637,0,1.0,0.921,0.959,0.0,1.704,9.214
1784632195.0641634,53773,0,4647,0,1.0,0.92,0.959,0.0,1.704,9.214
1784632195.0737858,53773,0,4657,0,1.0,0.92,0.958,0.0,1.704,9.214
1784632195.076967,53773,0,4667,0,1.0,0.92,0.958,0.0,1.703,9.214
1784632195.0828028,53773,0,4677,0,1.0,0.92,0.958,0.0,1.703,9.214
1784632195.086752,53773,0,4687,0,1.0,0.92,0.958,0.0,1.703,9.214
1784632195.0908358,53773,0,4697,0,1.0,0.92,0.958,0.0,1.703,9.214
1784632195.095733,53773,0,4707,0,1.0,0.92,0.958,0.0,1.702,9.214
1784632195.0992198,53773,0,4717,0,1.0,0.919,0.958,0.0,1.702,9.214
1784632195.1020746,53773,0,4727,0,1.0,0.919,0.958,0.0,1.702,9.214
1784632195.1048841,53773,0,4737,0,1.0,0.919,0.958,0.0,1.701,9.214
1784632195.1076279,53773,0,4747,0,1.0,0.919,0.958,0.0,1.701,9.214
1784632195.1104937,53773,0,4757,0,1.0,0.919,0.958,0.0,1.701,9.214
1784632195.1136856,53773,0,4767,0,1.0,0.919,0.958,0.0,1.7,9.214
1784632195.1163929,53773,0,4777,0,1.0,0.918,0.957,0.0,1.7,9.214
1784632195.1191115,53773,0,4787,0,1.0,0.918,0.957,0.0,1.7,9.214
1784632195.1234815,53773,0,4797,0,1.0,0.918,0.957,0.0,1.7,9.214
1784632195.126253,53773,0,4807,0,1.0,0.918,0.957,0.0,1.699,9.214
1784632195.129803,53773,0,4817,0,1.0,0.918,0.957,0.0,1.699,9.214
1784632195.1325216,53773,0,4827,0,1.0,0.918,0.957,0.0,1.699,9.214
1784632195.1353486,53773,0,4837,0,1.0,0.917,0.957,0.0,1.698,9.214
1784632195.1380143,53773,0,4847,0,1.0,0.917,0.957,0.0,1.698,9.214
1784632195.1408286,53773,0,4857,0,1.0,0.917,0.957,0.0,1.698,9.214
1784632195.1459653,53773,0,4867,0,1.0,0.917,0.957,0.0,1.698,9.214
1784632195.1486735,53773,0,4877,0,1.0,0.917,0.957,0.0,1.697,9.214
1784632195.1512785,53773,0,4887,0,1.0,0.917,0.957,0.0,1.697,9.214
1784632195.1538134,53773,0,4897,0,1.0,0.917,0.956,0.0,1.697,9.214
1784632195.1564085,53773,0,4907,0,1.0,0.916,0.956,0.0,1.696,9.214
1784632195.1596673,53773,0,4917,0,1.0,0.916,0.956,0.0,1.696,9.214
1784632195.162866,53773,0,4927,0,1.0,0.916,0.956,0.0,1.696,9.214
1784632195.1671216,53773,0,4937,0,1.0,0.916,0.956,0.0,1.696,9.214
1784632195.169921,53773,0,4947,0,1.0,0.916,0.956,0.0,1.695,9.214
1784632195.1728802,53773,0,4957,0,1.0,0.916,0.956,0.0,1.695,9.214
1784632195.1762376,53773,0,4967,0,1.0,0.915,0.956,0.0,1.695,9.214
1784632195.178801,53773,0,4977,0,1.0,0.915,0.956,0.0,1.694,9.214
1784632195.1813726,53773,0,4987,0,1.0,0.915,0.956,0.0,1.694,9.214
1784632195.1840987,53773,0,4997,0,1.0,0.915,0.956,0.0,1.694,9.214
1784632195.1867533,53773,0,5007,0,1.0,0.915,0.956,0.0,1.694,9.214
1784632195.192606,53773,0,5017,0,1.0,0.915,0.955,0.0,1.693,9.214
1784632195.199188,53773,0,5027,0,1.0,0.915,0.955,0.0,1.693,9.214
1784632195.202892,53773,0,5037,0,1.0,0.914,0.955,0.0,1.693,9.214
1784632195.2068963,53773,0,5047,0,1.0,0.914,0.955,0.0,1.692,9.214
1784632195.2096705,53773,0,5057,0,1.0,0.914,0.955,0.0,1.692,9.214
1784632195.214863,53773,0,5067,0,1.0,0.914,0.955,0.0,1.692,9.214
1784632195.2211545,53773,0,5077,0,1.0,0.914,0.955,0.0,1.692,9.214
1784632195.2246466,53773,0,5087,0,1.0,0.914,0.955,0.0,1.691,9.214
1784632195.2367887,53773,0,5097,0,1.0,0.913,0.955,0.0,1.691,9.214
1784632195.24382,53773,0,5107,0,1.0,0.913,0.955,0.0,1.691,9.214
1784632195.2468576,53773,0,5117,0,1.0,0.913,0.955,0.0,1.69,9.214
1784632195.2506077,53773,0,5127,0,1.0,0.913,0.954,0.0,1.69,9.214
1784632195.2550833,53773,0,5137,0,1.0,0.913,0.954,0.0,1.69,9.214
1784632195.257878,53773,0,5147,0,1.0,0.913,0.954,0.0,1.69,9.214
1784632195.2605429,53773,0,5157,0,1.0,0.912,0.954,0.0,1.689,9.214
1784632195.263293,53773,0,5167,0,1.0,0.912,0.954,0.0,1.689,9.214
1784632195.2689567,53773,0,5177,0,1.0,0.912,0.954,0.0,1.689,9.214
1784632195.2719498,53773,0,5187,0,1.0,0.912,0.954,0.0,1.688,9.214
1784632195.2745183,53773,0,5197,0,1.0,0.912,0.954,0.0,1.688,9.214
1784632195.2770822,53773,0,5207,0,1.0,0.912,0.954,0.0,1.688,9.214
1784632195.2795753,53773,0,5217,0,1.0,0.912,0.954,0.0,1.688,9.214
1784632195.2820396,53773,0,5227,0,1.0,0.911,0.954,0.0,1.687,9.214
1784632195.2857368,53773,0,5237,0,1.0,0.911,0.954,0.0,1.687,9.214
1784632195.2886505,53773,0,5247,0,1.0,0.911,0.953,0.0,1.687,9.214
1784632195.2912552,53773,0,5257,0,1.0,0.911,0.953,0.0,1.686,9.214
1784632195.2941613,53773,0,5267,0,1.0,0.911,0.953,0.0,1.686,9.214
1784632195.2968109,53773,0,5277,0,1.0,0.911,0.953,0.0,1.686,9.214
1784632195.3132367,53773,0,5287,0,1.0,0.91,0.953,0.0,1.686,9.214
1784632195.3176148,53773,0,5297,0,1.0,0.91,0.953,0.0,1.685,9.214
1784632195.3215208,53773,0,5307,0,1.0,0.91,0.953,0.0,1.685,9.214
1784632195.32687,53773,0,5317,0,1.0,0.91,0.953,0.0,1.685,9.214
1784632195.3311813,53773,0,5327,0,1.0,0.91,0.953,0.0,1.684,9.214
1784632195.3349802,53773,0,5337,0,1.0,0.91,0.953,0.0,1.684,9.214
1784632195.3387012,53773,0,5347,0,1.0,0.91,0.953,0.0,1.684,9.214
1784632195.3419783,53773,0,5357,0,1.0,0.909,0.953,0.0,1.684,9.214
1784632195.3447402,53773,0,5367,0,1.0,0.909,0.952,0.0,1.683,9.214
1784632195.3491259,53773,0,5377,0,1.0,0.909,0.952,0.0,1.683,9.214
1784632195.3520865,53773,0,5387,0,1.0,0.909,0.952,0.0,1.683,9.214
1784632195.3548737,53773,0,5397,0,1.0,0.909,0.952,0.0,1.682,9.214
1784632195.3577163,53773,0,5407,0,1.0,0.909,0.952,0.0,1.682,9.214
1784632195.3632095,53773,0,5417,0,1.0,0.908,0.952,0.0,1.682,9.214
1784632195.366248,53773,0,5427,0,1.0,0.908,0.952,0.0,1.682,9.214
1784632195.3704767,53773,0,5437,0,1.0,0.908,0.952,0.0,1.681,9.214
1784632195.3775098,53773,0,5447,0,1.0,0.908,0.952,0.0,1.681,9.214
1784632195.3804307,53773,0,5457,0,1.0,0.908,0.952,0.0,1.681,9.214
1784632195.3895602,53773,0,5467,0,1.0,0.908,0.952,0.0,1.68,9.214
1784632195.3933344,53773,0,5477,0,1.0,0.908,0.952,0.0,1.68,9.214
1784632195.397151,53773,0,5487,0,1.0,0.907,0.951,0.0,1.68,9.214
1784632195.4008484,53773,0,5497,0,1.0,0.907,0.951,0.0,1.68,9.214
1784632195.4040427,53773,0,5507,0,1.0,0.907,0.951,0.0,1.679,9.214
1784632195.4075181,53773,0,5517,0,1.0,0.907,0.951,0.0,1.679,9.214
1784632195.4113433,53773,0,5527,0,1.0,0.907,0.951,0.0,1.679,9.214
1784632195.414475,53773,0,5537,0,1.0,0.907,0.951,0.0,1.678,9.214
1784632195.4172368,53773,0,5547,0,1.0,0.906,0.951,0.0,1.678,9.214
1784632195.419915,53773,0,5557,0,1.0,0.906,0.951,0.0,1.678,9.214
1784632195.4231558,53773,0,5567,0,1.0,0.906,0.951,0.0,1.678,9.214
1784632195.4295073,53773,0,5577,0,1.0,0.906,0.951,0.0,1.677,9.214
1784632195.4345498,53773,0,5587,0,1.0,0.906,0.951,0.0,1.677,9.214
1784632195.444821,53773,0,5597,0,1.0,0.906,0.951,0.0,1.677,9.214
1784632195.4485762,53773,0,5607,0,1.0,0.906,0.95,0.0,1.676,9.214
1784632195.4528522,53773,0,5617,0,1.0,0.905,0.95,0.0,1.676,9.214
1784632195.4573793,53773,0,5627,0,1.0,0.905,0.95,0.0,1.676,9.214
1784632195.4613044,53773,0,5637,0,1.0,0.905,0.95,0.0,1.676,9.214
1784632195.4648426,53773,0,5647,0,1.0,0.905,0.95,0.0,1.675,9.214
1784632195.47001,53773,0,5657,0,1.0,0.905,0.95,0.0,1.675,9.214
1784632195.475102,53773,0,5667,0,1.0,0.905,0.95,0.0,1.675,9.214
1784632195.4791806,53773,0,5677,0,1.0,0.905,0.95,0.0,1.675,9.214
1784632195.4830928,53773,0,5687,0,1.0,0.904,0.95,0.0,1.674,9.214
1784632195.4872656,53773,0,5697,0,1.0,0.904,0.95,0.0,1.674,9.214
1784632195.4912148,53773,0,5707,0,1.0,0.904,0.95,0.0,1.674,9.214
1784632195.4948206,53773,0,5717,0,1.0,0.904,0.95,0.0,1.673,9.214
1784632195.5012915,53773,0,5727,0,1.0,0.904,0.949,0.0,1.673,9.214
1784632195.5059407,53773,0,5737,0,1.0,0.904,0.949,0.0,1.673,9.214
1784632195.5136049,53773,0,5747,0,1.0,0.903,0.949,0.0,1.673,9.214
1784632195.5232282,53773,0,5757,0,1.0,0.903,0.949,0.0,1.672,9.214
1784632195.5271192,53773,0,5767,0,1.0,0.903,0.949,0.0,1.672,9.214
1784632195.535036,53773,0,5777,0,1.0,0.903,0.949,0.0,1.672,9.214
1784632195.5443106,53773,0,5787,0,1.0,0.903,0.949,0.0,1.671,9.214
1784632195.551281,53773,0,5797,0,1.0,0.903,0.949,0.0,1.671,9.214
1784632195.5584433,53773,0,5807,0,1.0,0.903,0.949,0.0,1.671,9.214
1784632195.5632966,53773,0,5817,0,1.0,0.902,0.949,0.0,1.671,9.214
1784632195.5723846,53773,0,5827,0,1.0,0.902,0.949,0.0,1.67,9.214
1784632195.576591,53773,0,5837,0,1.0,0.902,0.949,0.0,1.67,9.214
1784632195.5851367,53773,0,5847,0,1.0,0.902,0.948,0.0,1.67,9.214
1784632195.5879273,53773,0,5857,0,1.0,0.902,0.948,0.0,1.669,9.214
1784632195.5908456,53773,0,5867,0,1.0,0.902,0.948,0.0,1.669,9.214
1784632195.5935543,53773,0,5877,0,1.0,0.901,0.948,0.0,1.669,9.214
1784632195.596828,53773,0,5887,0,1.0,0.901,0.948,0.0,1.669,9.214
1784632195.6001737,53773,0,5897,0,1.0,0.901,0.948,0.0,1.668,9.214
1784632195.6027627,53773,0,5907,0,1.0,0.901,0.948,0.0,1.668,9.214
1784632195.6068263,53773,0,5917,0,1.0,0.901,0.948,0.0,1.668,9.214
1784632195.6097493,53773,0,5927,0,1.0,0.901,0.948,0.0,1.668,9.214
1784632195.612607,53773,0,5937,0,1.0,0.901,0.948,0.0,1.667,9.214
1784632195.6167903,53773,0,5947,0,1.0,0.9,0.948,0.0,1.667,9.214
1784632195.6194339,53773,0,5957,0,1.0,0.9,0.948,0.0,1.667,9.214
1784632195.622265,53773,0,5967,0,1.0,0.9,0.947,0.0,1.666,9.214
1784632195.625092,53773,0,5977,0,1.0,0.9,0.947,0.0,1.666,9.214
1784632195.6284833,53773,0,5987,0,1.0,0.9,0.947,0.0,1.666,9.214
1784632195.6314175,53773,0,5997,0,1.0,0.9,0.947,0.0,1.666,9.214
1784632195.6340191,53773,0,6007,0,1.0,0.9,0.947,0.0,1.665,9.214
1784632195.6366577,53773,0,6017,0,1.0,0.899,0.947,0.0,1.665,9.214
1784632195.6400766,53773,0,6027,0,1.0,0.899,0.947,0.0,1.665,9.214
1784632195.6463418,53773,0,6037,0,1.0,0.899,0.947,0.0,1.664,9.214
1784632195.6515605,53773,0,6047,0,1.0,0.899,0.947,0.0,1.664,9.214
1784632195.6577537,53773,0,6057,0,1.0,0.899,0.947,0.0,1.664,9.214
1784632195.6618242,53773,0,6067,0,1.0,0.899,0.947,0.0,1.664,9.214
1784632195.667881,53773,0,6077,0,1.0,0.898,0.947,0.0,1.663,9.214
1784632195.6731732,53773,0,6087,0,1.0,0.898,0.946,0.0,1.663,9.214
1784632195.6777918,53773,0,6097,0,1.0,0.898,0.946,0.0,1.663,9.214
1784632195.6818554,53773,0,6107,0,1.0,0.898,0.946,0.0,1.662,9.214
1784632195.685408,53773,0,6117,0,1.0,0.898,0.946,0.0,1.662,9.214
1784632195.691803,53773,0,6127,0,1.0,0.898,0.946,0.0,1.662,9.214
1784632195.6952188,53773,0,6137,0,1.0,0.898,0.946,0.0,1.662,9.214
1784632195.6987202,53773,0,6147,0,1.0,0.897,0.946,0.0,1.661,9.214
1784632195.7019274,53773,0,6157,0,1.0,0.897,0.946,0.0,1.661,9.214
1784632195.7051213,53773,0,6167,0,1.0,0.897,0.946,0.0,1.661,9.214
1784632195.7092185,53773,0,6177,0,1.0,0.897,0.946,0.0,1.661,9.214
1784632195.713193,53773,0,6187,0,1.0,0.897,0.946,0.0,1.66,9.214
1784632195.7176387,53773,0,6197,0,1.0,0.897,0.946,0.0,1.66,9.214
1784632195.721393,53773,0,6207,0,1.0,0.897,0.945,0.0,1.66,9.214
1784632195.7247772,53773,0,6217,0,1.0,0.896,0.945,0.0,1.659,9.214
1784632195.7274356,53773,0,6227,0,1.0,0.896,0.945,0.0,1.659,9.214
1784632195.7302172,53773,0,6237,0,1.0,0.896,0.945,0.0,1.659,9.214
1784632195.7336054,53773,0,6247,0,1.0,0.896,0.945,0.0,1.659,9.214
1784632195.736202,53773,0,6257,0,1.0,0.896,0.945,0.0,1.658,9.214
1784632195.7387924,53773,0,6267,0,1.0,0.896,0.945,0.0,1.658,9.214
1784632195.7438357,53773,0,6277,0,1.0,0.895,0.945,0.0,1.658,9.214
1784632195.7469583,53773,0,6287,0,1.0,0.895,0.945,0.0,1.658,9.214
1784632195.7501225,53773,0,6297,0,1.0,0.895,0.945,0.0,1.657,9.214
1784632195.7534566,53773,0,6307,0,1.0,0.895,0.945,0.0,1.657,9.214
1784632195.7571595,53773,0,6317,0,1.0,0.895,0.945,0.0,1.657,9.214
1784632195.7602355,53773,0,6327,0,1.0,0.895,0.944,0.0,1.656,9.214
1784632195.7638652,53773,0,6337,0,1.0,0.895,0.944,0.0,1.656,9.214
1784632195.7666273,53773,0,6347,0,1.0,0.894,0.944,0.0,1.656,9.214
1784632195.7692318,53773,0,6357,0,1.0,0.894,0.944,0.0,1.656,9.214
1784632195.7719157,53773,0,6367,0,1.0,0.894,0.944,0.0,1.655,9.214
1784632195.7745035,53773,0,6377,0,1.0,0.894,0.944,0.0,1.655,9.214
1784632195.7775903,53773,0,6387,0,1.0,0.894,0.944,0.0,1.655,9.214
1784632195.7812765,53773,0,6397,0,1.0,0.894,0.944,0.0,1.654,9.214
1784632195.7845268,53773,0,6407,0,1.0,0.894,0.944,0.0,1.654,9.214
1784632195.78821,53773,0,6417,0,1.0,0.893,0.944,0.0,1.654,9.214
1784632195.7911322,53773,0,6427,0,1.0,0.893,0.944,0.0,1.654,9.214
1784632195.7974339,53773,0,6437,0,1.0,0.893,0.944,0.0,1.653,9.214
1784632195.8006108,53773,0,6447,0,1.0,0.893,0.943,0.0,1.653,9.214
1784632195.8043907,53773,0,6457,0,1.0,0.893,0.943,0.0,1.653,9.214
1784632195.8073137,53773,0,6467,0,1.0,0.893,0.943,0.0,1.653,9.214
1784632195.8169737,53773,0,6477,0,1.0,0.892,0.943,0.0,1.652,9.214
1784632195.8198676,53773,0,6487,0,1.0,0.892,0.943,0.0,1.652,9.214
1784632195.822605,53773,0,6497,0,1.0,0.892,0.943,0.0,1.652,9.214
1784632195.834744,53773,0,6507,0,1.0,0.892,0.943,0.0,1.651,9.214
1784632195.8414197,53773,0,6517,0,1.0,0.892,0.943,0.0,1.651,9.214
1784632195.8457544,53773,0,6527,0,1.0,0.892,0.943,0.0,1.651,9.214
1784632195.8547342,53773,0,6537,0,1.0,0.892,0.943,0.0,1.651,9.214
1784632195.8597763,53773,0,6547,0,1.0,0.891,0.943,0.0,1.65,9.214
1784632195.8655984,53773,0,6557,0,1.0,0.891,0.943,0.0,1.65,9.214
1784632195.869151,53773,0,6567,0,1.0,0.891,0.942,0.0,1.65,9.214
1784632195.874593,53773,0,6577,0,1.0,0.891,0.942,0.0,1.65,9.214
1784632195.8782167,53773,0,6587,0,1.0,0.891,0.942,0.0,1.649,9.214
1784632195.8817976,53773,0,6597,0,1.0,0.891,0.942,0.0,1.649,9.214
1784632195.8851626,53773,0,6607,0,1.0,0.891,0.942,0.0,1.649,9.214
1784632195.8883162,53773,0,6617,0,1.0,0.89,0.942,0.0,1.648,9.214
1784632195.8916655,53773,0,6627,0,1.0,0.89,0.942,0.0,1.648,9.214
1784632195.8949063,53773,0,6637,0,1.0,0.89,0.942,0.0,1.648,9.214
1784632195.897687,53773,0,6647,0,1.0,0.89,0.942,0.0,1.648,9.214
1784632195.9009962,53773,0,6657,0,1.0,0.89,0.942,0.0,1.647,9.214
1784632195.903701,53773,0,6667,0,1.0,0.89,0.942,0.0,1.647,9.214
1784632195.9063685,53773,0,6677,0,1.0,0.89,0.942,0.0,1.647,9.214
1784632195.9094577,53773,0,6687,0,1.0,0.889,0.941,0.0,1.647,9.214
1784632195.912873,53773,0,6697,0,1.0,0.889,0.941,0.0,1.646,9.214
1784632195.9159176,53773,0,6707,0,1.0,0.889,0.941,0.0,1.646,9.214
1784632195.918843,53773,0,6717,0,1.0,0.889,0.941,0.0,1.646,9.214
1784632195.9213665,53773,0,6727,0,1.0,0.889,0.941,0.0,1.645,9.214
1784632195.9239564,53773,0,6737,0,1.0,0.889,0.941,0.0,1.645,9.214
1784632195.926739,53773,0,6747,0,1.0,0.889,0.941,0.0,1.645,9.214
1784632195.929557,53773,0,6757,0,1.0,0.888,0.941,0.0,1.645,9.214
1784632195.9332047,53773,0,6767,0,1.0,0.888,0.941,0.0,1.644,9.214
1784632195.9363375,53773,0,6777,0,1.0,0.888,0.941,0.0,1.644,9.214
1784632195.9392884,53773,0,6787,0,1.0,0.888,0.941,0.0,1.644,9.214
1784632195.9447825,53773,0,6797,0,1.0,0.888,0.941,0.0,1.644,9.214
1784632195.948789,53773,0,6807,0,1.0,0.888,0.94,0.0,1.643,9.214
1784632195.9519753,53773,0,6817,0,1.0,0.887,0.94,0.0,1.643,9.214
1784632195.9585187,53773,0,6827,0,1.0,0.887,0.94,0.0,1.643,9.214
1784632195.961512,53773,0,6837,0,1.0,0.887,0.94,0.0,1.642,9.214
1784632195.965805,53773,0,6847,0,1.0,0.887,0.94,0.0,1.642,9.214
1784632195.9692848,53773,0,6857,0,1.0,0.887,0.94,0.0,1.642,9.214
1784632195.9735358,53773,0,6867,0,1.0,0.887,0.94,0.0,1.642,9.214
1784632195.976521,53773,0,6877,0,1.0,0.887,0.94,0.0,1.641,9.214
1784632195.9810212,53773,0,6887,0,1.0,0.886,0.94,0.0,1.641,9.214
1784632195.9839792,53773,0,6897,0,1.0,0.886,0.94,0.0,1.641,9.214
1784632195.9868186,53773,0,6907,0,1.0,0.886,0.94,0.0,1.641,9.214
1784632195.992609,53773,0,6917,0,1.0,0.886,0.94,0.0,1.64,9.214
1784632195.9977033,53773,0,6927,0,1.0,0.886,0.939,0.0,1.64,9.214
1784632196.0006025,53773,0,6937,0,1.0,0.886,0.939,0.0,1.64,9.214
1784632196.0140514,53773,0,6947,0,1.0,0.886,0.939,0.0,1.64,9.214
1784632196.0173924,53773,0,6957,0,1.0,0.885,0.939,0.0,1.639,9.214
1784632196.0204587,53773,0,6967,0,1.0,0.885,0.939,0.0,1.639,9.214
1784632196.02391,53773,0,6977,0,1.0,0.885,0.939,0.0,1.639,9.214
1784632196.0266552,53773,0,6987,0,1.0,0.885,0.939,0.0,1.638,9.214
1784632196.0292904,53773,0,6997,0,1.0,0.885,0.939,0.0,1.638,9.214
1784632196.0319095,53773,0,7007,0,1.0,0.885,0.939,0.0,1.638,9.214
1784632196.0349755,53773,0,7017,0,1.0,0.885,0.939,0.0,1.638,9.214
1784632196.037931,53773,0,7027,0,1.0,0.884,0.939,0.0,1.637,9.214
1784632196.041607,53773,0,7037,0,1.0,0.884,0.939,0.0,1.637,9.214
1784632196.0445771,53773,0,7047,0,1.0,0.884,0.939,0.0,1.637,9.214
1784632196.047647,53773,0,7057,0,1.0,0.884,0.938,0.0,1.637,9.214
1784632196.0511487,53773,0,7067,0,1.0,0.884,0.938,0.0,1.636,9.214
1784632196.0670927,53773,0,7077,0,1.0,0.884,0.938,0.0,1.636,9.214
1784632196.0700839,53773,0,7087,0,1.0,0.884,0.938,0.0,1.636,9.214
1784632196.07445,53773,0,7097,0,1.0,0.883,0.938,0.0,1.635,9.214
1784632196.0773401,53773,0,7107,0,1.0,0.883,0.938,0.0,1.635,9.214
1784632196.0905252,53773,0,7117,0,1.0,0.883,0.938,0.0,1.635,9.214
1784632196.0935125,53773,0,7127,0,1.0,0.883,0.938,0.0,1.635,9.214
1784632196.1177614,53773,0,7137,0,1.0,0.883,0.938,0.0,1.634,9.214
1784632196.1218133,53773,0,7147,0,1.0,0.883,0.938,0.0,1.634,9.214
1784632196.127187,53773,0,7157,0,1.0,0.883,0.938,0.0,1.634,9.214
1784632196.1319141,53773,0,7167,0,1.0,0.882,0.938,0.0,1.634,9.214
1784632196.1360264,53773,0,7177,0,1.0,0.882,0.937,0.0,1.633,9.214
1784632196.1412592,53773,0,7187,0,1.0,0.882,0.937,0.0,1.633,9.214
1784632196.1443577,53773,0,7197,0,1.0,0.882,0.937,0.0,1.633,9.214
1784632196.14852,53773,0,7207,0,1.0,0.882,0.937,0.0,1.633,9.214
1784632196.151861,53773,0,7217,0,1.0,0.882,0.937,0.0,1.632,9.214
1784632196.154874,53773,0,7227,0,1.0,0.882,0.937,0.0,1.632,9.214
1784632196.1590388,53773,0,7237,0,1.0,0.881,0.937,0.0,1.632,9.214
1784632196.1687956,53773,0,7247,0,1.0,0.881,0.937,0.0,1.631,9.214
1784632196.171801,53773,0,7257,0,1.0,0.881,0.937,0.0,1.631,9.214
1784632196.178497,53773,0,7267,0,1.0,0.881,0.937,0.0,1.631,9.214
1784632196.181472,53773,0,7277,0,1.0,0.881,0.937,0.0,1.631,9.214
1784632196.199168,53773,0,7287,0,1.0,0.881,0.937,0.0,1.63,9.214
1784632196.202137,53773,0,7297,0,1.0,0.881,0.936,0.0,1.63,9.214
1784632196.204865,53773,0,7307,0,1.0,0.88,0.936,0.0,1.63,9.214
1784632196.2076905,53773,0,7317,0,1.0,0.88,0.936,0.0,1.63,9.214
1784632196.2111924,53773,0,7327,0,1.0,0.88,0.936,0.0,1.629,9.214
1784632196.2139935,53773,0,7337,0,1.0,0.88,0.936,0.0,1.629,9.214
1784632196.2168906,53773,0,7347,0,1.0,0.88,0.936,0.0,1.629,9.214
1784632196.2196274,53773,0,7357,0,1.0,0.88,0.936,0.0,1.629,9.214
1784632196.2233176,53773,0,7367,0,1.0,0.88,0.936,0.0,1.628,9.214
1784632196.2263646,53773,0,7377,0,1.0,0.879,0.936,0.0,1.628,9.214
1784632196.2301672,53773,0,7387,0,1.0,0.879,0.936,0.0,1.628,9.214
1784632196.2331998,53773,0,7397,0,1.0,0.879,0.936,0.0,1.627,9.214
1784632196.236241,53773,0,7407,0,1.0,0.879,0.936,0.0,1.627,9.214
1784632196.241054,53773,0,7417,0,1.0,0.879,0.935,0.0,1.627,9.214
1784632196.2495723,53773,0,7427,0,1.0,0.879,0.935,0.0,1.627,9.214
1784632196.2532172,53773,0,7437,0,1.0,0.879,0.935,0.0,1.626,9.214
1784632196.2567608,53773,0,7447,0,1.0,0.878,0.935,0.0,1.626,9.214
1784632196.259584,53773,0,7457,0,1.0,0.878,0.935,0.0,1.626,9.214
1784632196.2622333,53773,0,7467,0,1.0,0.878,0.935,0.0,1.626,9.214
1784632196.2648659,53773,0,7477,0,1.0,0.878,0.935,0.0,1.625,9.214
1784632196.2674208,53773,0,7487,0,1.0,0.878,0.935,0.0,1.625,9.214
1784632196.270223,53773,0,7497,0,1.0,0.878,0.935,0.0,1.625,9.214
1784632196.2729456,53773,0,7507,0,1.0,0.877,0.935,0.0,1.625,9.214
1784632196.275884,53773,0,7517,0,1.0,0.877,0.935,0.0,1.624,9.214
1784632196.2789204,53773,0,7527,0,1.0,0.877,0.935,0.0,1.624,9.214
1784632196.2821057,53773,0,7537,0,1.0,0.877,0.935,0.0,1.624,9.214
1784632196.2858255,53773,0,7547,0,1.0,0.877,0.934,0.0,1.623,9.214
1784632196.2889361,53773,0,7557,0,1.0,0.877,0.934,0.0,1.623,9.214
1784632196.2917306,53773,0,7567,0,1.0,0.877,0.934,0.0,1.623,9.214
1784632196.2945662,53773,0,7577,0,1.0,0.876,0.934,0.0,1.623,9.214
1784632196.2974837,53773,0,7587,0,1.0,0.876,0.934,0.0,1.622,9.214
1784632196.3006027,53773,0,7597,0,1.0,0.876,0.934,0.0,1.622,9.214
1784632196.3045578,53773,0,7607,0,1.0,0.876,0.934,0.0,1.622,9.214
1784632196.3130953,53773,0,7617,0,1.0,0.876,0.934,0.0,1.622,9.214
1784632196.3165357,53773,0,7627,0,1.0,0.876,0.934,0.0,1.621,9.214
1784632196.3254077,53773,0,7637,0,1.0,0.876,0.934,0.0,1.621,9.214
1784632196.3283768,53773,0,7647,0,1.0,0.875,0.934,0.0,1.621,9.214
1784632196.333412,53773,0,7657,0,1.0,0.875,0.934,0.0,1.621,9.214
1784632196.3361993,53773,0,7667,0,1.0,0.875,0.933,0.0,1.621,9.214
1784632196.3388643,53773,0,7677,0,1.0,0.875,0.933,0.0,1.621,9.214
1784632196.3414452,53773,0,7687,0,1.0,0.875,0.933,0.0,1.62,9.214
1784632196.3443215,53773,0,7697,0,1.0,0.875,0.933,0.0,1.62,9.214
1784632196.348841,53773,0,7707,0,1.0,0.875,0.933,0.0,1.62,9.214
1784632196.3517342,53773,0,7717,0,1.0,0.874,0.933,0.0,1.62,9.214
1784632196.3556485,53773,0,7727,0,1.0,0.874,0.933,0.0,1.619,9.214
1784632196.3593462,53773,0,7737,0,1.0,0.874,0.933,0.0,1.619,9.214
1784632196.3643517,53773,0,7747,0,1.0,0.874,0.933,0.0,1.619,9.214
1784632196.3672411,53773,0,7757,0,1.0,0.874,0.933,0.0,1.619,9.214
1784632196.3713758,53773,0,7767,0,1.0,0.874,0.933,0.0,1.618,9.214
1784632196.3745296,53773,0,7777,0,1.0,0.874,0.933,0.0,1.618,9.214
1784632196.3787727,53773,0,7787,0,1.0,0.874,0.932,0.0,1.618,9.214
1784632196.3818514,53773,0,7797,0,1.0,0.873,0.932,0.0,1.617,9.214
1784632196.3862433,53773,0,7807,0,1.0,0.873,0.932,0.0,1.617,9.214
1784632196.392818,53773,0,7817,0,1.0,0.873,0.932,0.0,1.617,9.214
1784632196.3994021,53773,0,7827,0,1.0,0.873,0.932,0.0,1.617,9.214
1784632196.4030652,53773,0,7837,0,1.0,0.873,0.932,0.0,1.616,9.214
1784632196.4091423,53773,0,7847,0,1.0,0.873,0.932,0.0,1.616,9.214
1784632196.4131696,53773,0,7857,0,1.0,0.873,0.932,0.0,1.616,9.214
1784632196.417784,53773,0,7867,0,1.0,0.872,0.932,0.0,1.616,9.214
1784632196.42248,53773,0,7877,0,1.0,0.872,0.932,0.0,1.615,9.214
1784632196.4402475,53773,0,7887,0,1.0,0.872,0.932,0.0,1.615,9.214
1784632196.4440055,53773,0,7897,0,1.0,0.872,0.932,0.0,1.615,9.214
1784632196.4472208,53773,0,7907,0,1.0,0.872,0.932,0.0,1.615,9.214
1784632196.4500883,53773,0,7917,0,1.0,0.872,0.931,0.0,1.614,9.214
1784632196.466465,53773,0,7927,0,1.0,0.872,0.931,0.0,1.614,9.214
1784632196.4695709,53773,0,7937,0,1.0,0.871,0.931,0.0,1.614,9.214
1784632196.4737043,53773,0,7947,0,1.0,0.871,0.931,0.0,1.614,9.214
1784632196.4764278,53773,0,7957,0,1.0,0.871,0.931,0.0,1.613,9.214
1784632196.4790118,53773,0,7967,0,1.0,0.871,0.931,0.0,1.613,9.214
1784632196.4816287,53773,0,7977,0,1.0,0.871,0.931,0.0,1.613,9.214
1784632196.4841056,53773,0,7987,0,1.0,0.871,0.931,0.0,1.613,9.214
1784632196.4874005,53773,0,7997,0,1.0,0.871,0.931,0.0,1.612,9.214
1784632196.49062,53773,0,8007,0,1.0,0.87,0.931,0.0,1.612,9.214
1784632196.499552,53773,0,8017,0,1.0,0.87,0.931,0.0,1.612,9.214
1784632196.5256655,53773,0,8027,0,1.0,0.87,0.931,0.0,1.611,9.214
1784632196.5286243,53773,0,8037,0,1.0,0.87,0.93,0.0,1.611,9.214
1784632196.5315459,53773,0,8047,0,1.0,0.87,0.93,0.0,1.611,9.214
1784632196.5377116,53773,0,8057,0,1.0,0.87,0.93,0.0,1.611,9.214
1784632196.5409062,53773,0,8067,0,1.0,0.87,0.93,0.0,1.61,9.214
1784632196.5439355,53773,0,8077,0,1.0,0.869,0.93,0.0,1.61,9.214
1784632196.5471475,53773,0,8087,0,1.0,0.869,0.93,0.0,1.61,9.214
1784632196.550783,53773,0,8097,0,1.0,0.869,0.93,0.0,1.61,9.214
1784632196.554325,53773,0,8107,0,1.0,0.869,0.93,0.0,1.609,9.214
1784632196.5573943,53773,0,8117,0,1.0,0.869,0.93,0.0,1.609,9.214
1784632196.560424,53773,0,8127,0,1.0,0.869,0.93,0.0,1.609,9.214
1784632196.5634286,53773,0,8137,0,1.0,0.869,0.93,0.0,1.609,9.214
1784632196.570587,53773,0,8147,0,1.0,0.868,0.93,0.0,1.608,9.214
1784632196.574041,53773,0,8157,0,1.0,0.868,0.93,0.0,1.608,9.214
1784632196.5772378,53773,0,8167,0,1.0,0.868,0.929,0.0,1.608,9.214
1784632196.582954,53773,0,8177,0,1.0,0.868,0.929,0.0,1.608,9.214
1784632196.5860953,53773,0,8187,0,1.0,0.868,0.929,0.0,1.607,9.214
1784632196.589568,53773,0,8197,0,1.0,0.868,0.929,0.0,1.607,9.214
1784632196.592984,53773,0,8207,0,1.0,0.868,0.929,0.0,1.607,9.214
1784632196.5965836,53773,0,8217,0,1.0,0.867,0.929,0.0,1.607,9.214
1784632196.6001494,53773,0,8227,0,1.0,0.867,0.929,0.0,1.606,9.214
1784632196.6060724,53773,0,8237,0,1.0,0.867,0.929,0.0,1.606,9.214
1784632196.6095026,53773,0,8247,0,1.0,0.867,0.929,0.0,1.606,9.214
1784632196.613046,53773,0,8257,0,1.0,0.867,0.929,0.0,1.605,9.214
1784632196.616843,53773,0,8267,0,1.0,0.867,0.929,0.0,1.605,9.214
1784632196.6231165,53773,0,8277,0,1.0,0.867,0.929,0.0,1.605,9.214
1784632196.6262996,53773,0,8287,0,1.0,0.866,0.928,0.0,1.605,9.214
1784632196.6338816,53773,0,8297,0,1.0,0.866,0.928,0.0,1.604,9.214
1784632196.6370153,53773,0,8307,0,1.0,0.866,0.928,0.0,1.604,9.214
1784632196.6434557,53773,0,8317,0,1.0,0.866,0.928,0.0,1.604,9.214
1784632196.646463,53773,0,8327,0,1.0,0.866,0.928,0.0,1.604,9.214
1784632196.6514168,53773,0,8337,0,1.0,0.866,0.928,0.0,1.603,9.214
1784632196.6545799,53773,0,8347,0,1.0,0.866,0.928,0.0,1.603,9.214
1784632196.6576786,53773,0,8357,0,1.0,0.865,0.928,0.0,1.603,9.214
1784632196.6614037,53773,0,8367,0,1.0,0.865,0.928,0.0,1.603,9.214
1784632196.6653385,53773,0,8377,0,1.0,0.865,0.928,0.0,1.602,9.214
1784632196.6684825,53773,0,8387,0,1.0,0.865,0.928,0.0,1.602,9.214
1784632196.6748343,53773,0,8397,0,1.0,0.865,0.928,0.0,1.602,9.214
1784632196.6778467,53773,0,8407,0,1.0,0.865,0.927,0.0,1.602,9.214
1784632196.6823409,53773,0,8417,0,1.0,0.865,0.927,0.0,1.601,9.214
1784632196.685432,53773,0,8427,0,1.0,0.865,0.927,0.0,1.601,9.214
1784632196.6911979,53773,0,8437,0,1.0,0.864,0.927,0.0,1.601,9.214
1784632196.6942117,53773,0,8447,0,1.0,0.864,0.927,0.0,1.601,9.214
1784632196.6983094,53773,0,8457,0,1.0,0.864,0.927,0.0,1.6,9.214
1784632196.701245,53773,0,8467,0,1.0,0.864,0.927,0.0,1.6,9.214
1784632196.7059932,53773,0,8477,0,1.0,0.864,0.927,0.0,1.6,9.214
1784632196.7090266,53773,0,8487,0,1.0,0.864,0.927,0.0,1.6,9.214
1784632196.7132616,53773,0,8497,0,1.0,0.864,0.927,0.0,1.599,9.214
1784632196.7161283,53773,0,8507,0,1.0,0.863,0.927,0.0,1.599,9.214
1784632196.7201576,53773,0,8517,0,1.0,0.863,0.927,0.0,1.599,9.214
1784632196.723914,53773,0,8527,0,1.0,0.863,0.927,0.0,1.599,9.214
1784632196.728273,53773,0,8537,0,1.0,0.863,0.926,0.0,1.598,9.214
1784632196.7327251,53773,0,8547,0,1.0,0.863,0.926,0.0,1.598,9.214
1784632196.7380853,53773,0,8557,0,1.0,0.863,0.926,0.0,1.598,9.214
1784632196.7440946,53773,0,8567,0,1.0,0.863,0.926,0.0,1.598,9.214
1784632196.747819,53773,0,8577,0,1.0,0.862,0.926,0.0,1.597,9.214
1784632196.7511895,53773,0,8587,0,1.0,0.862,0.926,0.0,1.597,9.214
1784632196.7560081,53773,0,8597,0,1.0,0.862,0.926,0.0,1.597,9.214
1784632196.7590387,53773,0,8607,0,1.0,0.862,0.926,0.0,1.596,9.214
1784632196.7619965,53773,0,8617,0,1.0,0.862,0.926,0.0,1.596,9.214
1784632196.7649302,53773,0,8627,0,1.0,0.862,0.926,0.0,1.596,9.214
1784632196.7683768,53773,0,8637,0,1.0,0.862,0.926,0.0,1.596,9.214
1784632196.7716842,53773,0,8647,0,1.0,0.861,0.926,0.0,1.595,9.214
1784632196.7745717,53773,0,8657,0,1.0,0.861,0.926,0.0,1.595,9.214
1784632196.7772467,53773,0,8667,0,1.0,0.861,0.925,0.0,1.595,9.214
1784632196.7801046,53773,0,8677,0,1.0,0.861,0.925,0.0,1.595,9.214
1784632196.7830698,53773,0,8687,0,1.0,0.861,0.925,0.0,1.594,9.214
1784632196.7866478,53773,0,8697,0,1.0,0.861,0.925,0.0,1.594,9.214
1784632196.7893562,53773,0,8707,0,1.0,0.861,0.925,0.0,1.594,9.214
1784632196.7922332,53773,0,8717,0,1.0,0.861,0.925,0.0,1.594,9.214
1784632196.794931,53773,0,8727,0,1.0,0.86,0.925,0.0,1.593,9.214
1784632196.7975574,53773,0,8737,0,1.0,0.86,0.925,0.0,1.593,9.214
1784632196.8006377,53773,0,8747,0,1.0,0.86,0.925,0.0,1.593,9.214
1784632196.8036077,53773,0,8757,0,1.0,0.86,0.925,0.0,1.593,9.214
1784632196.806539,53773,0,8767,0,1.0,0.86,0.925,0.0,1.592,9.214
1784632196.8096385,53773,0,8777,0,1.0,0.86,0.925,0.0,1.592,9.214
1784632196.812535,53773,0,8787,0,1.0,0.86,0.924,0.0,1.592,9.214
1784632196.8159544,53773,0,8797,0,1.0,0.859,0.924,0.0,1.592,9.214
1784632196.8193111,53773,0,8807,0,1.0,0.859,0.924,0.0,1.591,9.214
1784632196.8226583,53773,0,8817,0,1.0,0.859,0.924,0.0,1.591,9.214
1784632196.8257525,53773,0,8827,0,1.0,0.859,0.924,0.0,1.591,9.214
1784632196.8289006,53773,0,8837,0,1.0,0.859,0.924,0.0,1.591,9.214
1784632196.8323154,53773,0,8847,0,1.0,0.859,0.924,0.0,1.59,9.214
1784632196.835502,53773,0,8857,0,1.0,0.859,0.924,0.0,1.59,9.214
1784632196.8384433,53773,0,8867,0,1.0,0.858,0.924,0.0,1.59,9.214
1784632196.841509,53773,0,8877,0,1.0,0.858,0.924,0.0,1.59,9.214
1784632196.84452,53773,0,8887,0,1.0,0.858,0.924,0.0,1.589,9.214
1784632196.8521214,53773,0,8897,0,1.0,0.858,0.924,0.0,1.589,9.214
1784632196.8558125,53773,0,8907,0,1.0,0.858,0.924,0.0,1.589,9.214
1784632196.860277,53773,0,8917,0,1.0,0.858,0.923,0.0,1.589,9.214
1784632196.8657444,53773,0,8927,0,1.0,0.858,0.923,0.0,1.588,9.214
1784632196.8694112,53773,0,8937,0,1.0,0.857,0.923,0.0,1.588,9.214
1784632196.875184,53773,0,8947,0,1.0,0.857,0.923,0.0,1.588,9.214
1784632196.880129,53773,0,8957,0,1.0,0.857,0.923,0.0,1.588,9.214
1784632196.8835511,53773,0,8967,0,1.0,0.857,0.923,0.0,1.587,9.214
1784632196.8916523,53773,0,8977,0,1.0,0.857,0.923,0.0,1.587,9.214
1784632196.8947384,53773,0,8987,0,1.0,0.857,0.923,0.0,1.587,9.214
1784632196.8998942,53773,0,8997,0,1.0,0.857,0.923,0.0,1.587,9.214
1784632196.9032323,53773,0,9007,0,1.0,0.857,0.923,0.0,1.586,9.214
1784632196.9079359,53773,0,9017,0,1.0,0.856,0.923,0.0,1.586,9.214
1784632196.9116168,53773,0,9027,0,1.0,0.856,0.923,0.0,1.586,9.214
1784632196.9175007,53773,0,9037,0,1.0,0.856,0.922,0.0,1.586,9.214
1784632196.9208722,53773,0,9047,0,1.0,0.856,0.922,0.0,1.585,9.214
1784632196.9267278,53773,0,9057,0,1.0,0.856,0.922,0.0,1.585,9.214
1784632196.9304,53773,0,9067,0,1.0,0.856,0.922,0.0,1.585,9.214
1784632196.9395375,53773,0,9077,0,1.0,0.856,0.922,0.0,1.585,9.214
1784632196.9453356,53773,0,9087,0,1.0,0.855,0.922,0.0,1.584,9.214
1784632196.9490347,53773,0,9097,0,1.0,0.855,0.922,0.0,1.584,9.214
1784632196.9541306,53773,0,9107,0,1.0,0.855,0.922,0.0,1.584,9.214
1784632196.9573543,53773,0,9117,0,1.0,0.855,0.922,0.0,1.584,9.214
1784632196.9604375,53773,0,9127,0,1.0,0.855,0.922,0.0,1.583,9.214
1784632196.9632823,53773,0,9137,0,1.0,0.855,0.922,0.0,1.583,9.214
1784632196.9662876,53773,0,9147,0,1.0,0.855,0.922,0.0,1.583,9.214
1784632196.969232,53773,0,9157,0,1.0,0.854,0.922,0.0,1.583,9.214
1784632196.9736881,53773,0,9167,0,1.0,0.854,0.921,0.0,1.582,9.214
1784632196.9765427,53773,0,9177,0,1.0,0.854,0.921,0.0,1.582,9.214
1784632196.9795723,53773,0,9187,0,1.0,0.854,0.921,0.0,1.582,9.214
1784632196.9841156,53773,0,9197,0,1.0,0.854,0.921,0.0,1.582,9.214
1784632196.989675,53773,0,9207,0,1.0,0.854,0.921,0.0,1.581,9.214
1784632196.992707,53773,0,9217,0,1.0,0.854,0.921,0.0,1.581,9.214
1784632196.9957187,53773,0,9227,0,1.0,0.854,0.921,0.0,1.581,9.214
1784632196.9990036,53773,0,9237,0,1.0,0.853,0.921,0.0,1.581,9.214
1784632197.0027032,53773,0,9247,0,1.0,0.853,0.921,0.0,1.58,9.214
1784632197.0065274,53773,0,9257,0,1.0,0.853,0.921,0.0,1.58,9.214
1784632197.0096235,53773,0,9267,0,1.0,0.853,0.921,0.0,1.58,9.214
1784632197.0126493,53773,0,9277,0,1.0,0.853,0.921,0.0,1.58,9.214
1784632197.0156677,53773,0,9287,0,1.0,0.853,0.921,0.0,1.579,9.214
1784632197.0189154,53773,0,9297,0,1.0,0.853,0.92,0.0,1.579,9.214
1784632197.0219636,53773,0,9307,0,1.0,0.852,0.92,0.0,1.579,9.214
1784632197.0250568,53773,0,9317,0,1.0,0.852,0.92,0.0,1.579,9.214
1784632197.0279818,53773,0,9327,0,1.0,0.852,0.92,0.0,1.578,9.214
1784632197.0309048,53773,0,9337,0,1.0,0.852,0.92,0.0,1.578,9.214
1784632197.0346587,53773,0,9347,0,1.0,0.852,0.92,0.0,1.578,9.214
1784632197.0379622,53773,0,9357,0,1.0,0.852,0.92,0.0,1.578,9.214
1784632197.0407603,53773,0,9367,0,1.0,0.852,0.92,0.0,1.577,9.214
1784632197.0436137,53773,0,9377,0,1.0,0.852,0.92,0.0,1.577,9.214
1784632197.0472531,53773,0,9387,0,1.0,0.851,0.92,0.0,1.577,9.214
1784632197.0504136,53773,0,9397,0,1.0,0.851,0.92,0.0,1.577,9.214
1784632197.0586767,53773,0,9407,0,1.0,0.851,0.92,0.0,1.576,9.214
1784632197.0614288,53773,0,9417,0,1.0,0.851,0.919,0.0,1.576,9.214
1784632197.0681193,53773,0,9427,0,1.0,0.851,0.919,0.0,1.576,9.214
1784632197.0717523,53773,0,9437,0,1.0,0.851,0.919,0.0,1.576,9.214
1784632197.074731,53773,0,9447,0,1.0,0.851,0.919,0.0,1.575,9.214
1784632197.0774407,53773,0,9457,0,1.0,0.85,0.919,0.0,1.575,9.214
1784632197.0807002,53773,0,9467,0,1.0,0.85,0.919,0.0,1.575,9.214
1784632197.0935428,53773,0,9477,0,1.0,0.85,0.919,0.0,1.575,9.214
1784632197.0971978,53773,0,9487,0,1.0,0.85,0.919,0.0,1.574,9.214
1784632197.1041143,53773,0,9497,0,1.0,0.85,0.919,0.0,1.574,9.214
1784632197.110904,53773,0,9507,0,1.0,0.85,0.919,0.0,1.574,9.214
1784632197.113901,53773,0,9517,0,1.0,0.85,0.919,0.0,1.574,9.214
1784632197.1257179,53773,0,9527,0,1.0,0.849,0.919,0.0,1.573,9.214
1784632197.1298058,53773,0,9537,0,1.0,0.849,0.919,0.0,1.573,9.214
1784632197.1350586,53773,0,9547,0,1.0,0.849,0.918,0.0,1.573,9.214
1784632197.137676,53773,0,9557,0,1.0,0.849,0.918,0.0,1.573,9.214
1784632197.1403217,53773,0,9567,0,1.0,0.849,0.918,0.0,1.572,9.214
1784632197.1454756,53773,0,9577,0,1.0,0.849,0.918,0.0,1.572,9.214
1784632197.1483533,53773,0,9587,0,1.0,0.849,0.918,0.0,1.572,9.214
1784632197.1589081,53773,0,9597,0,1.0,0.849,0.918,0.0,1.572,9.214
1784632197.163005,53773,0,9607,0,1.0,0.848,0.918,0.0,1.571,9.214
1784632197.1662848,53773,0,9617,0,1.0,0.848,0.918,0.0,1.571,9.214
1784632197.1694238,53773,0,9627,0,1.0,0.848,0.918,0.0,1.571,9.214
1784632197.172361,53773,0,9637,0,1.0,0.848,0.918,0.0,1.571,9.214
1784632197.1759393,53773,0,9647,0,1.0,0.848,0.918,0.0,1.57,9.214
1784632197.1789362,53773,0,9657,0,1.0,0.848,0.918,0.0,1.57,9.214
1784632197.1817343,53773,0,9667,0,1.0,0.848,0.918,0.0,1.57,9.214
1784632197.184746,53773,0,9677,0,1.0,0.847,0.917,0.0,1.57,9.214
1784632197.1874876,53773,0,9687,0,1.0,0.847,0.917,0.0,1.569,9.214
1784632197.2032359,53773,0,9697,0,1.0,0.847,0.917,0.0,1.569,9.214
1784632197.206585,53773,0,9707,0,1.0,0.847,0.917,0.0,1.569,9.214
1784632197.2110426,53773,0,9717,0,1.0,0.847,0.917,0.0,1.569,9.214
1784632197.214164,53773,0,9727,0,1.0,0.847,0.917,0.0,1.568,9.214
1784632197.2268896,53773,0,9737,0,1.0,0.847,0.917,0.0,1.568,9.214
1784632197.230027,53773,0,9747,0,1.0,0.847,0.917,0.0,1.568,9.214
1784632197.2354505,53773,0,9757,0,1.0,0.846,0.917,0.0,1.568,9.214
1784632197.2389843,53773,0,9767,0,1.0,0.846,0.917,0.0,1.567,9.214
1784632197.2432423,53773,0,9777,0,1.0,0.846,0.917,0.0,1.567,9.214
1784632197.2491236,53773,0,9787,0,1.0,0.846,0.917,0.0,1.567,9.214
1784632197.2535021,53773,0,9797,0,1.0,0.846,0.917,0.0,1.567,9.214
1784632197.2581942,53773,0,9807,0,1.0,0.846,0.916,0.0,1.566,9.214
1784632197.2612224,53773,0,9817,0,1.0,0.846,0.916,0.0,1.566,9.214
1784632197.2641747,53773,0,9827,0,1.0,0.845,0.916,0.0,1.566,9.214
1784632197.2683494,53773,0,9837,0,1.0,0.845,0.916,0.0,1.566,9.214
1784632197.27177,53773,0,9847,0,1.0,0.845,0.916,0.0,1.565,9.214
1784632197.2901788,53773,0,9857,0,1.0,0.845,0.916,0.0,1.565,9.214
1784632197.2931685,53773,0,9867,0,1.0,0.845,0.916,0.0,1.565,9.214
1784632197.2963626,53773,0,9877,0,1.0,0.845,0.916,0.0,1.565,9.214
1784632197.2998772,53773,0,9887,0,1.0,0.845,0.916,0.0,1.564,9.214
1784632197.3047204,53773,0,9897,0,1.0,0.845,0.916,0.0,1.564,9.214
1784632197.308408,53773,0,9907,0,1.0,0.844,0.916,0.0,1.564,9.214
1784632197.3124332,53773,0,9917,0,1.0,0.844,0.916,0.0,1.564,9.214
1784632197.3161287,53773,0,9927,0,1.0,0.844,0.915,0.0,1.563,9.214
1784632197.3308506,53773,0,9937,0,1.0,0.844,0.915,0.0,1.563,9.214
1784632197.3357327,53773,0,9947,0,1.0,0.844,0.915,0.0,1.563,9.214
1784632197.3387938,53773,0,9957,0,1.0,0.844,0.915,0.0,1.563,9.214
1784632197.3442872,53773,0,9967,0,1.0,0.844,0.915,0.0,1.562,9.214
1784632197.3479905,53773,0,9977,0,1.0,0.843,0.915,0.0,1.562,9.214
1784632197.3673825,53773,0,9987,0,1.0,0.843,0.915,0.0,1.562,9.214
1784632197.3702002,53773,0,9997,0,1.0,0.843,0.915,0.0,1.562,9.214
1784632197.3735094,53773,0,10007,0,1.0,0.843,0.915,0.0,1.561,9.214
1784632197.379569,53773,0,10017,0,1.0,0.843,0.915,0.0,1.561,9.214
1784632197.3829176,53773,0,10027,0,1.0,0.843,0.915,0.0,1.561,9.214
1784632197.3900669,53773,0,10037,0,1.0,0.843,0.915,0.0,1.561,9.214
1784632197.3938944,53773,0,10047,0,1.0,0.843,0.915,0.0,1.56,9.214
1784632197.3981407,53773,0,10057,0,1.0,0.842,0.914,0.0,1.56,9.214
1784632197.402292,53773,0,10067,0,1.0,0.842,0.914,0.0,1.56,9.214
1784632197.405844,53773,0,10077,0,1.0,0.842,0.914,0.0,1.56,9.214
1784632197.409678,53773,0,10087,0,1.0,0.842,0.914,0.0,1.56,9.214
1784632197.4128935,53773,0,10097,0,1.0,0.842,0.914,0.0,1.559,9.214
1784632197.415833,53773,0,10107,0,1.0,0.842,0.914,0.0,1.559,9.214
1784632197.4188604,53773,0,10117,0,1.0,0.842,0.914,0.0,1.559,9.214
1784632197.4219549,53773,0,10127,0,1.0,0.842,0.914,0.0,1.559,9.214
1784632197.4250603,53773,0,10137,0,1.0,0.841,0.914,0.0,1.558,9.214
1784632197.4279835,53773,0,10147,0,1.0,0.841,0.914,0.0,1.558,9.214
1784632197.430941,53773,0,10157,0,1.0,0.841,0.914,0.0,1.558,9.214
1784632197.4338803,53773,0,10167,0,1.0,0.841,0.914,0.0,1.558,9.214
1784632197.436601,53773,0,10177,0,1.0,0.841,0.914,0.0,1.557,9.214
1784632197.4398046,53773,0,10187,0,1.0,0.841,0.913,0.0,1.557,9.214
1784632197.4432437,53773,0,10197,0,1.0,0.841,0.913,0.0,1.557,9.214
1784632197.4462125,53773,0,10207,0,1.0,0.84,0.913,0.0,1.557,9.214
1784632197.4490845,53773,0,10217,0,1.0,0.84,0.913,0.0,1.556,9.214
1784632197.4521396,53773,0,10227,0,1.0,0.84,0.913,0.0,1.556,9.214
1784632197.4565318,53773,0,10237,0,1.0,0.84,0.913,0.0,1.556,9.214
1784632197.4602325,53773,0,10247,0,1.0,0.84,0.913,0.0,1.556,9.214
1784632197.4635139,53773,0,10257,0,1.0,0.84,0.913,0.0,1.555,9.214
1784632197.4723673,53773,0,10267,0,1.0,0.84,0.913,0.0,1.555,9.214
1784632197.4758441,53773,0,10277,0,1.0,0.84,0.913,0.0,1.555,9.214
1784632197.4793913,53773,0,10287,0,1.0,0.839,0.913,0.0,1.555,9.214
1784632197.4828217,53773,0,10297,0,1.0,0.839,0.913,0.0,1.554,9.214
1784632197.4965072,53773,0,10307,0,1.0,0.839,0.913,0.0,1.554,9.214
1784632197.499539,53773,0,10317,0,1.0,0.839,0.912,0.0,1.554,9.214
1784632197.5031204,53773,0,10327,0,1.0,0.839,0.912,0.0,1.554,9.214
1784632197.5066838,53773,0,10337,0,1.0,0.839,0.912,0.0,1.553,9.214
1784632197.51562,53773,0,10347,0,1.0,0.839,0.912,0.0,1.553,9.214
1784632197.5195298,53773,0,10357,0,1.0,0.838,0.912,0.0,1.553,9.214
1784632197.5278692,53773,0,10367,0,1.0,0.838,0.912,0.0,1.553,9.214
1784632197.530671,53773,0,10377,0,1.0,0.838,0.912,0.0,1.552,9.214
1784632197.5347946,53773,0,10387,0,1.0,0.838,0.912,0.0,1.552,9.214
1784632197.542956,53773,0,10397,0,1.0,0.838,0.912,0.0,1.552,9.214
1784632197.5460892,53773,0,10407,0,1.0,0.838,0.912,0.0,1.552,9.214
1784632197.550417,53773,0,10417,0,1.0,0.838,0.912,0.0,1.551,9.214
1784632197.555043,53773,0,10427,0,1.0,0.838,0.912,0.0,1.551,9.214
1784632197.5713062,53773,0,10437,0,1.0,0.837,0.912,0.0,1.551,9.214
1784632197.5752747,53773,0,10447,0,1.0,0.837,0.911,0.0,1.551,9.214
1784632197.5786948,53773,0,10457,0,1.0,0.837,0.911,0.0,1.551,9.214
1784632197.5823312,53773,0,10467,0,1.0,0.837,0.911,0.0,1.55,9.214
1784632197.585312,53773,0,10477,0,1.0,0.837,0.911,0.0,1.55,9.214
1784632197.5883427,53773,0,10487,0,1.0,0.837,0.911,0.0,1.55,9.214
1784632197.591551,53773,0,10497,0,1.0,0.837,0.911,0.0,1.55,9.214
1784632197.5943248,53773,0,10507,0,1.0,0.837,0.911,0.0,1.549,9.214
1784632197.5979192,53773,0,10517,0,1.0,0.836,0.911,0.0,1.549,9.214
1784632197.6009588,53773,0,10527,0,1.0,0.836,0.911,0.0,1.549,9.214
1784632197.604229,53773,0,10537,0,1.0,0.836,0.911,0.0,1.549,9.214
1784632197.6071012,53773,0,10547,0,1.0,0.836,0.911,0.0,1.548,9.214
1784632197.6098013,53773,0,10557,0,1.0,0.836,0.911,0.0,1.548,9.214
1784632197.6133962,53773,0,10567,0,1.0,0.836,0.911,0.0,1.548,9.214
1784632197.6161773,53773,0,10577,0,1.0,0.836,0.91,0.0,1.548,9.214
1784632197.6189275,53773,0,10587,0,1.0,0.836,0.91,0.0,1.547,9.214
1784632197.621826,53773,0,10597,0,1.0,0.835,0.91,0.0,1.547,9.214
1784632197.6244216,53773,0,10607,0,1.0,0.835,0.91,0.0,1.547,9.214
1784632197.6275642,53773,0,10617,0,1.0,0.835,0.91,0.0,1.547,9.214
1784632197.6310277,53773,0,10627,0,1.0,0.835,0.91,0.0,1.546,9.214
1784632197.6340826,53773,0,10637,0,1.0,0.835,0.91,0.0,1.546,9.214
1784632197.6371264,53773,0,10647,0,1.0,0.835,0.91,0.0,1.546,9.214
1784632197.640182,53773,0,10657,0,1.0,0.835,0.91,0.0,1.546,9.214
1784632197.6439147,53773,0,10667,0,1.0,0.834,0.91,0.0,1.545,9.214
1784632197.6472542,53773,0,10677,0,1.0,0.834,0.91,0.0,1.545,9.214
1784632197.650742,53773,0,10687,0,1.0,0.834,0.91,0.0,1.545,9.214
1784632197.6541631,53773,0,10697,0,1.0,0.834,0.91,0.0,1.545,9.214
1784632197.6607587,53773,0,10707,0,1.0,0.834,0.909,0.0,1.545,9.214
1784632197.664365,53773,0,10717,0,1.0,0.834,0.909,0.0,1.544,9.214
1784632197.670322,53773,0,10727,0,1.0,0.834,0.909,0.0,1.544,9.214
1784632197.6732187,53773,0,10737,0,1.0,0.834,0.909,0.0,1.544,9.214
1784632197.6825492,53773,0,10747,0,1.0,0.833,0.909,0.0,1.544,9.214
1784632197.6855621,53773,0,10757,0,1.0,0.833,0.909,0.0,1.543,9.214
1784632197.6962342,53773,0,10767,0,1.0,0.833,0.909,0.0,1.543,9.214
1784632197.700937,53773,0,10777,0,1.0,0.833,0.909,0.0,1.543,9.214
1784632197.7090526,53773,0,10787,0,1.0,0.833,0.909,0.0,1.543,9.214
1784632197.7125213,53773,0,10797,0,1.0,0.833,0.909,0.0,1.542,9.214
1784632197.7234545,53773,0,10807,0,1.0,0.833,0.909,0.0,1.542,9.214
1784632197.7265618,53773,0,10817,0,1.0,0.833,0.909,0.0,1.542,9.214
1784632197.7354004,53773,0,10827,0,1.0,0.832,0.909,0.0,1.542,9.214
1784632197.7389057,53773,0,10837,0,1.0,0.832,0.908,0.0,1.541,9.214
1784632197.8660603,53773,0,10847,0,1.0,0.832,0.908,0.0,1.541,9.214
1784632197.8801012,53773,0,10857,0,1.0,0.832,0.908,0.0,1.541,9.214
1784632197.884393,53773,0,10867,0,1.0,0.832,0.908,0.0,1.541,9.214
1784632197.8880918,53773,0,10877,0,1.0,0.832,0.908,0.0,1.54,9.214
1784632197.8915803,53773,0,10887,0,1.0,0.832,0.908,0.0,1.54,9.214
1784632197.8998508,53773,0,10897,0,1.0,0.831,0.908,0.0,1.54,9.214
1784632197.9048135,53773,0,10907,0,1.0,0.831,0.908,0.0,1.54,9.214
1784632197.911356,53773,0,10917,0,1.0,0.831,0.908,0.0,1.54,9.214
1784632197.9153914,53773,0,10927,0,1.0,0.831,0.908,0.0,1.539,9.214
1784632197.9221883,53773,0,10937,0,1.0,0.831,0.908,0.0,1.539,9.214
1784632197.9277928,53773,0,10947,0,1.0,0.831,0.908,0.0,1.539,9.214
1784632197.9325576,53773,0,10957,0,1.0,0.831,0.908,0.0,1.539,9.214
1784632197.9384885,53773,0,10967,0,1.0,0.831,0.907,0.0,1.538,9.214
1784632197.950998,53773,0,10977,0,1.0,0.83,0.907,0.0,1.538,9.214
1784632197.955175,53773,0,10987,0,1.0,0.83,0.907,0.0,1.538,9.214
1784632197.9594336,53773,0,10997,0,1.0,0.83,0.907,0.0,1.538,9.214
1784632197.963462,53773,0,11007,0,1.0,0.83,0.907,0.0,1.537,9.214
1784632197.9687903,53773,0,11017,0,1.0,0.83,0.907,0.0,1.537,9.214
1784632197.9755623,53773,0,11027,0,1.0,0.83,0.907,0.0,1.537,9.214
1784632197.978972,53773,0,11037,0,1.0,0.83,0.907,0.0,1.537,9.214
1784632197.9839709,53773,0,11047,0,1.0,0.83,0.907,0.0,1.536,9.214
1784632197.9959214,53773,0,11057,0,1.0,0.829,0.907,0.0,1.536,9.214
1784632198.002689,53773,0,11067,0,1.0,0.829,0.907,0.0,1.536,9.214
1784632198.0103211,53773,0,11077,0,1.0,0.829,0.907,0.0,1.536,9.214
1784632198.023249,53773,0,11087,0,1.0,0.829,0.907,0.0,1.535,9.214
1784632198.027804,53773,0,11097,0,1.0,0.829,0.906,0.0,1.535,9.214
1784632198.0454092,53773,0,11107,0,1.0,0.829,0.906,0.0,1.535,9.214
1784632198.0494654,53773,0,11117,0,1.0,0.829,0.906,0.0,1.535,9.214
1784632198.0685873,53773,0,11127,0,1.0,0.829,0.906,0.0,1.535,9.214
1784632198.0723238,53773,0,11137,0,1.0,0.828,0.906,0.0,1.534,9.214
1784632198.0759954,53773,0,11147,0,1.0,0.828,0.906,0.0,1.534,9.214
1784632198.0806122,53773,0,11157,0,1.0,0.828,0.906,0.0,1.534,9.214
1784632198.0894897,53773,0,11167,0,1.0,0.828,0.906,0.0,1.534,9.214
1784632198.0941834,53773,0,11177,0,1.0,0.828,0.906,0.0,1.533,9.214
1784632198.1079822,53773,0,11187,0,1.0,0.828,0.906,0.0,1.533,9.214
1784632198.1148083,53773,0,11197,0,1.0,0.828,0.906,0.0,1.533,9.214
1784632198.124846,53773,0,11207,0,1.0,0.828,0.906,0.0,1.533,9.214
1784632198.136516,53773,0,11217,0,1.0,0.827,0.906,0.0,1.532,9.214
1784632198.1405423,53773,0,11227,0,1.0,0.827,0.905,0.0,1.532,9.214
1784632198.1466146,53773,0,11237,0,1.0,0.827,0.905,0.0,1.532,9.214
1784632198.164974,53773,0,11247,0,1.0,0.827,0.905,0.0,1.532,9.214
1784632198.1700268,53773,0,11257,0,1.0,0.827,0.905,0.0,1.531,9.214
1784632198.1803293,53773,0,11267,0,1.0,0.827,0.905,0.0,1.531,9.214
1784632198.1902068,53773,0,11277,0,1.0,0.827,0.905,0.0,1.531,9.214
1784632198.1954243,53773,0,11287,0,1.0,0.827,0.905,0.0,1.531,9.214
1784632198.1993022,53773,0,11297,0,1.0,0.826,0.905,0.0,1.531,9.214
1784632198.20455,53773,0,11307,0,1.0,0.826,0.905,0.0,1.53,9.214
1784632198.2124562,53773,0,11317,0,1.0,0.826,0.905,0.0,1.53,9.214
1784632198.2263842,53773,0,11327,0,1.0,0.826,0.905,0.0,1.53,9.214
1784632198.2313242,53773,0,11337,0,1.0,0.826,0.905,0.0,1.53,9.214
1784632198.2350013,53773,0,11347,0,1.0,0.826,0.905,0.0,1.529,9.214
1784632198.2391307,53773,0,11357,0,1.0,0.826,0.904,0.0,1.529,9.214
1784632198.244624,53773,0,11367,0,1.0,0.825,0.904,0.0,1.529,9.214
1784632198.2501721,53773,0,11377,0,1.0,0.825,0.904,0.0,1.529,9.214
1784632198.2577665,53773,0,11387,0,1.0,0.825,0.904,0.0,1.528,9.214
1784632198.2610977,53773,0,11397,0,1.0,0.825,0.904,0.0,1.528,9.214
1784632198.2644234,53773,0,11407,0,1.0,0.825,0.904,0.0,1.528,9.214
1784632198.3692682,53773,0,11417,0,1.0,0.825,0.904,0.0,1.528,9.214
1784632198.3734732,53773,0,11427,0,1.0,0.825,0.904,0.0,1.527,9.214
1784632198.3845084,53773,0,11437,0,1.0,0.825,0.904,0.0,1.527,9.214
1784632198.3880217,53773,0,11447,0,1.0,0.824,0.904,0.0,1.527,9.214
1784632198.3951862,53773,0,11457,0,1.0,0.824,0.904,0.0,1.527,9.214
1784632198.4003031,53773,0,11467,0,1.0,0.824,0.904,0.0,1.527,9.214
1784632198.4062355,53773,0,11477,0,1.0,0.824,0.904,0.0,1.526,9.214
1784632198.4140127,53773,0,11487,0,1.0,0.824,0.903,0.0,1.526,9.214
1784632198.4220078,53773,0,11497,0,1.0,0.824,0.903,0.0,1.526,9.214
1784632198.5420322,53773,0,11507,0,1.0,0.824,0.903,0.0,1.526,9.214
1784632198.5462515,53773,0,11517,0,1.0,0.824,0.903,0.0,1.525,9.214
1784632198.5513186,53773,0,11527,0,1.0,0.823,0.903,0.0,1.525,9.214
1784632198.5576122,53773,0,11537,0,1.0,0.823,0.903,0.0,1.525,9.214
1784632198.561549,53773,0,11547,0,1.0,0.823,0.903,0.0,1.525,9.214
1784632198.565292,53773,0,11557,0,1.0,0.823,0.903,0.0,1.524,9.214
1784632198.7763956,53773,0,11567,0,1.0,0.823,0.903,0.0,1.524,9.214
1784632198.9884486,53773,0,11577,0,1.0,0.823,0.903,0.0,1.524,9.214
1784632198.9928308,53773,0,11587,0,1.0,0.823,0.903,0.0,1.524,9.214
1784632199.1076944,53773,0,11597,0,1.0,0.823,0.903,0.0,1.524,9.214
1784632199.2215009,53773,0,11607,0,1.0,0.822,0.903,0.0,1.523,9.214
1784632199.2263815,53773,0,11617,0,1.0,0.822,0.903,0.0,1.523,9.214
1784632199.231425,53773,0,11627,0,1.0,0.822,0.902,0.0,1.523,9.214
1784632199.2350492,53773,0,11637,0,1.0,0.822,0.902,0.0,1.523,9.214
1784632199.347456,53773,0,11647,0,1.0,0.822,0.902,0.0,1.522,9.214
1784632199.3522515,53773,0,11657,0,1.0,0.822,0.902,0.0,1.522,9.214
1784632199.3561378,53773,0,11667,0,1.0,0.822,0.902,0.0,1.522,9.214
1784632199.4709451,53773,0,11677,0,1.0,0.822,0.902,0.0,1.522,9.214
1784632199.4760149,53773,0,11687,0,1.0,0.821,0.902,0.0,1.521,9.214
1784632199.5835714,53773,0,11697,0,1.0,0.821,0.902,0.0,1.521,9.214
1784632199.601192,53773,0,11707,0,1.0,0.821,0.902,0.0,1.521,9.214
1784632199.6061766,53773,0,11717,0,1.0,0.821,0.902,0.0,1.521,9.214
1784632199.612779,53773,0,11727,0,1.0,0.821,0.902,0.0,1.52,9.214
1784632199.7273877,53773,0,11737,0,1.0,0.821,0.902,0.0,1.52,9.214
1784632199.7307835,53773,0,11747,0,1.0,0.821,0.902,0.0,1.52,9.214
1784632199.8366623,53773,0,11757,0,1.0,0.821,0.901,0.0,1.52,9.214
1784632199.8399963,53773,0,11767,0,1.0,0.82,0.901,0.0,1.52,9.214
1784632199.842744,53773,0,11777,0,1.0,0.82,0.901,0.0,1.519,9.214
1784632199.847392,53773,0,11787,0,1.0,0.82,0.901,0.0,1.519,9.214
1784632199.8529716,53773,0,11797,0,1.0,0.82,0.901,0.0,1.519,9.214
1784632199.857115,53773,0,11807,0,1.0,0.82,0.901,0.0,1.519,9.214
1784632199.8617716,53773,0,11817,0,1.0,0.82,0.901,0.0,1.518,9.214
1784632199.8658006,53773,0,11827,0,1.0,0.82,0.901,0.0,1.518,9.214
1784632199.8701472,53773,0,11837,0,1.0,0.82,0.901,0.0,1.518,9.214
1784632199.8736732,53773,0,11847,0,1.0,0.819,0.901,0.0,1.518,9.214
1784632199.8775363,53773,0,11857,0,1.0,0.819,0.901,0.0,1.517,9.214
1784632199.982985,53773,0,11867,0,1.0,0.819,0.901,0.0,1.517,9.214
1784632199.986557,53773,0,11877,0,1.0,0.819,0.901,0.0,1.517,9.214
1784632199.989359,53773,0,11887,0,1.0,0.819,0.9,0.0,1.517,9.214
1784632200.1017356,53773,0,11897,0,1.0,0.819,0.9,0.0,1.517,9.214
1784632200.2089238,53773,0,11907,0,1.0,0.819,0.9,0.0,1.516,9.214
1784632200.2121537,53773,0,11917,0,1.0,0.819,0.9,0.0,1.516,9.214
1784632200.3201356,53773,0,11927,0,1.0,0.818,0.9,0.0,1.516,9.214
1784632200.3230736,53773,0,11937,0,1.0,0.818,0.9,0.0,1.516,9.214
1784632200.325985,53773,0,11947,0,1.0,0.818,0.9,0.0,1.515,9.214
1784632200.3289063,53773,0,11957,0,1.0,0.818,0.9,0.0,1.515,9.214
1784632200.4443402,53773,0,11967,0,1.0,0.818,0.9,0.0,1.515,9.214
1784632200.447314,53773,0,11977,0,1.0,0.818,0.9,0.0,1.515,9.214
1784632200.450234,53773,0,11987,0,1.0,0.818,0.9,0.0,1.514,9.214
1784632200.4534204,53773,0,11997,0,1.0,0.818,0.9,0.0,1.514,9.214
1784632200.4566925,53773,0,12007,0,1.0,0.817,0.9,0.0,1.514,9.214
1784632200.4597216,53773,0,12017,0,1.0,0.817,0.899,0.0,1.514,9.214
1784632200.4627318,53773,0,12027,0,1.0,0.817,0.899,0.0,1.514,9.214
1784632200.5759535,53773,0,12037,0,1.0,0.817,0.899,0.0,1.513,9.214
1784632200.5791662,53773,0,12047,0,1.0,0.817,0.899,0.0,1.513,9.214
1784632200.5827367,53773,0,12057,0,1.0,0.817,0.899,0.0,1.513,9.214
1784632200.5860667,53773,0,12067,0,1.0,0.817,0.899,0.0,1.513,9.214
1784632200.589082,53773,0,12077,0,1.0,0.817,0.899,0.0,1.512,9.214
1784632200.5920243,53773,0,12087,0,1.0,0.816,0.899,0.0,1.512,9.214
1784632200.5948603,53773,0,12097,0,1.0,0.816,0.899,0.0,1.512,9.214
1784632200.5986903,53773,0,12107,0,1.0,0.816,0.899,0.0,1.512,9.214
1784632200.6017766,53773,0,12117,0,1.0,0.816,0.899,0.0,1.511,9.214
1784632200.6110933,53773,0,12127,0,1.0,0.816,0.899,0.0,1.511,9.214
1784632200.6140227,53773,0,12137,0,1.0,0.816,0.899,0.0,1.511,9.214
1784632200.7230437,53773,0,12147,0,1.0,0.816,0.899,0.0,1.511,9.214
1784632200.7264934,53773,0,12157,0,1.0,0.816,0.898,0.0,1.511,9.214
1784632200.7320125,53773,0,12167,0,1.0,0.815,0.898,0.0,1.51,9.214
1784632200.7366793,53773,0,12177,0,1.0,0.815,0.898,0.0,1.51,9.214
1784632200.741858,53773,0,12187,0,1.0,0.815,0.898,0.0,1.51,9.214
1784632200.7450132,53773,0,12197,0,1.0,0.815,0.898,0.0,1.51,9.214
1784632200.7510254,53773,0,12207,0,1.0,0.815,0.898,0.0,1.509,9.214
1784632200.7551017,53773,0,12217,0,1.0,0.815,0.898,0.0,1.509,9.214
1784632200.765359,53773,0,12227,0,1.0,0.815,0.898,0.0,1.509,9.214
1784632200.7684343,53773,0,12237,0,1.0,0.815,0.898,0.0,1.509,9.214
1784632200.7713032,53773,0,12247,0,1.0,0.814,0.898,0.0,1.509,9.214
1784632200.7741218,53773,0,12257,0,1.0,0.814,0.898,0.0,1.508,9.214
1784632200.7772367,53773,0,12267,0,1.0,0.814,0.898,0.0,1.508,9.214
1784632200.7802987,53773,0,12277,0,1.0,0.814,0.898,0.0,1.508,9.214
1784632200.7844746,53773,0,12287,0,1.0,0.814,0.897,0.0,1.508,9.214
1784632200.9131963,53773,0,12297,0,1.0,0.814,0.897,0.0,1.507,9.214
1784632200.916943,53773,0,12307,0,1.0,0.814,0.897,0.0,1.507,9.214
1784632200.9206474,53773,0,12317,0,1.0,0.814,0.897,0.0,1.507,9.214
1784632200.924351,53773,0,12327,0,1.0,0.814,0.897,0.0,1.507,9.214
1784632200.9278426,53773,0,12337,0,1.0,0.813,0.897,0.0,1.506,9.214
1784632200.9311206,53773,0,12347,0,1.0,0.813,0.897,0.0,1.506,9.214
1784632200.9358952,53773,0,12357,0,1.0,0.813,0.897,0.0,1.506,9.214
1784632200.9392836,53773,0,12367,0,1.0,0.813,0.897,0.0,1.506,9.214
1784632200.948372,53773,0,12377,0,1.0,0.813,0.897,0.0,1.506,9.214
1784632200.9625993,53773,0,12387,0,1.0,0.813,0.897,0.0,1.505,9.214
1784632200.9662435,53773,0,12397,0,1.0,0.813,0.897,0.0,1.505,9.214
1784632200.9735696,53773,0,12407,0,1.0,0.813,0.897,0.0,1.505,9.214
1784632200.9765368,53773,0,12417,0,1.0,0.812,0.896,0.0,1.505,9.214
1784632200.9796822,53773,0,12427,0,1.0,0.812,0.896,0.0,1.504,9.214
1784632200.982786,53773,0,12437,0,1.0,0.812,0.896,0.0,1.504,9.214
1784632200.9986806,53773,0,12447,0,1.0,0.812,0.896,0.0,1.504,9.214
1784632201.0018692,53773,0,12457,0,1.0,0.812,0.896,0.0,1.504,9.214
1784632201.006551,53773,0,12467,0,1.0,0.812,0.896,0.0,1.504,9.214
1784632201.010214,53773,0,12477,0,1.0,0.812,0.896,0.0,1.503,9.214
1784632201.01547,53773,0,12487,0,1.0,0.812,0.896,0.0,1.503,9.214
1784632201.0189846,53773,0,12497,0,1.0,0.811,0.896,0.0,1.503,9.214
1784632201.0223615,53773,0,12507,0,1.0,0.811,0.896,0.0,1.503,9.214
1784632201.1368139,53773,0,12517,0,1.0,0.811,0.896,0.0,1.502,9.214
1784632201.1400015,53773,0,12527,0,1.0,0.811,0.896,0.0,1.502,9.214
1784632201.1432836,53773,0,12537,0,1.0,0.811,0.896,0.0,1.502,9.214
1784632201.1461427,53773,0,12547,0,1.0,0.811,0.896,0.0,1.502,9.214
1784632201.148902,53773,0,12557,0,1.0,0.811,0.895,0.0,1.501,9.214
1784632201.1521025,53773,0,12567,0,1.0,0.811,0.895,0.0,1.501,9.214
1784632201.1549401,53773,0,12577,0,1.0,0.81,0.895,0.0,1.501,9.214
1784632201.1576848,53773,0,12587,0,1.0,0.81,0.895,0.0,1.501,9.214
1784632201.1618025,53773,0,12597,0,1.0,0.81,0.895,0.0,1.501,9.214
1784632201.1650531,53773,0,12607,0,1.0,0.81,0.895,0.0,1.5,9.214
1784632201.1725216,53773,0,12617,0,1.0,0.81,0.895,0.0,1.5,9.214
1784632201.1755977,53773,0,12627,0,1.0,0.81,0.895,0.0,1.5,9.214
1784632201.1842487,53773,0,12637,0,1.0,0.81,0.895,0.0,1.5,9.214
1784632201.1878383,53773,0,12647,0,1.0,0.81,0.895,0.0,1.499,9.214
1784632201.1914263,53773,0,12657,0,1.0,0.809,0.895,0.0,1.499,9.214
1784632201.1944008,53773,0,12667,0,1.0,0.809,0.895,0.0,1.499,9.214
1784632201.1979427,53773,0,12677,0,1.0,0.809,0.895,0.0,1.499,9.214
1784632201.2009366,53773,0,12687,0,1.0,0.809,0.894,0.0,1.499,9.214
1784632201.2046323,53773,0,12697,0,1.0,0.809,0.894,0.0,1.498,9.214
1784632201.2080128,53773,0,12707,0,1.0,0.809,0.894,0.0,1.498,9.214
1784632201.315113,53773,0,12717,0,1.0,0.809,0.894,0.0,1.498,9.214
1784632201.3230147,53773,0,12727,0,1.0,0.809,0.894,0.0,1.498,9.214
1784632201.3270807,53773,0,12737,0,1.0,0.808,0.894,0.0,1.497,9.214
1784632201.3300035,53773,0,12747,0,1.0,0.808,0.894,0.0,1.497,9.214
1784632201.3367007,53773,0,12757,0,1.0,0.808,0.894,0.0,1.497,9.214
1784632201.339646,53773,0,12767,0,1.0,0.808,0.894,0.0,1.497,9.214
1784632201.3450708,53773,0,12777,0,1.0,0.808,0.894,0.0,1.497,9.214
1784632201.3488176,53773,0,12787,0,1.0,0.808,0.894,0.0,1.496,9.214
1784632201.3636756,53773,0,12797,0,1.0,0.808,0.894,0.0,1.496,9.214
1784632201.3695529,53773,0,12807,0,1.0,0.808,0.894,0.0,1.496,9.214
1784632201.3741992,53773,0,12817,0,1.0,0.808,0.894,0.0,1.496,9.214
1784632201.3810503,53773,0,12827,0,1.0,0.807,0.893,0.0,1.495,9.214
1784632201.3857296,53773,0,12837,0,1.0,0.807,0.893,0.0,1.495,9.214
1784632201.3894873,53773,0,12847,0,1.0,0.807,0.893,0.0,1.495,9.214
1784632201.495414,53773,0,12857,0,1.0,0.807,0.893,0.0,1.495,9.214
1784632201.49939,53773,0,12867,0,1.0,0.807,0.893,0.0,1.494,9.214
1784632201.5038888,53773,0,12877,0,1.0,0.807,0.893,0.0,1.494,9.214
1784632201.5091965,53773,0,12887,0,1.0,0.807,0.893,0.0,1.494,9.214
1784632201.5161228,53773,0,12897,0,1.0,0.807,0.893,0.0,1.494,9.214
1784632201.5208392,53773,0,12907,0,1.0,0.806,0.893,0.0,1.494,9.214
1784632201.5272622,53773,0,12917,0,1.0,0.806,0.893,0.0,1.493,9.214
1784632201.5321898,53773,0,12927,0,1.0,0.806,0.893,0.0,1.493,9.214
1784632201.5384061,53773,0,12937,0,1.0,0.806,0.893,0.0,1.493,9.214
1784632201.5430791,53773,0,12947,0,1.0,0.806,0.893,0.0,1.493,9.214
1784632201.5554252,53773,0,12957,0,1.0,0.806,0.892,0.0,1.492,9.214
1784632201.5589314,53773,0,12967,0,1.0,0.806,0.892,0.0,1.492,9.214
1784632201.5625157,53773,0,12977,0,1.0,0.806,0.892,0.0,1.492,9.214
1784632201.5667586,53773,0,12987,0,1.0,0.805,0.892,0.0,1.492,9.214
1784632201.6717086,53773,0,12997,0,1.0,0.805,0.892,0.0,1.492,9.214
1784632201.67459,53773,0,13007,0,1.0,0.805,0.892,0.0,1.491,9.214
1784632201.6778882,53773,0,13017,0,1.0,0.805,0.892,0.0,1.491,9.214
1784632201.680769,53773,0,13027,0,1.0,0.805,0.892,0.0,1.491,9.214
1784632201.6837375,53773,0,13037,0,1.0,0.805,0.892,0.0,1.491,9.214
1784632201.6865513,53773,0,13047,0,1.0,0.805,0.892,0.0,1.49,9.214
1784632201.6895278,53773,0,13057,0,1.0,0.805,0.892,0.0,1.49,9.214
1784632201.6931381,53773,0,13067,0,1.0,0.805,0.892,0.0,1.49,9.214
1784632201.6959362,53773,0,13077,0,1.0,0.804,0.892,0.0,1.49,9.214
1784632201.698763,53773,0,13087,0,1.0,0.804,0.892,0.0,1.49,9.214
1784632201.7017157,53773,0,13097,0,1.0,0.804,0.891,0.0,1.489,9.214
1784632201.7046874,53773,0,13107,0,1.0,0.804,0.891,0.0,1.489,9.214
1784632201.707764,53773,0,13117,0,1.0,0.804,0.891,0.0,1.489,9.214
1784632201.7107098,53773,0,13127,0,1.0,0.804,0.891,0.0,1.489,9.214
1784632201.816132,53773,0,13137,0,1.0,0.804,0.891,0.0,1.488,9.214
1784632201.819861,53773,0,13147,0,1.0,0.804,0.891,0.0,1.488,9.214
1784632201.8235667,53773,0,13157,0,1.0,0.803,0.891,0.0,1.488,9.214
1784632201.826834,53773,0,13167,0,1.0,0.803,0.891,0.0,1.488,9.214
1784632201.84163,53773,0,13177,0,1.0,0.803,0.891,0.0,1.488,9.214
1784632201.8471,53773,0,13187,0,1.0,0.803,0.891,0.0,1.487,9.214
1784632201.851195,53773,0,13197,0,1.0,0.803,0.891,0.0,1.487,9.214
1784632201.8544655,53773,0,13207,0,1.0,0.803,0.891,0.0,1.487,9.214
1784632201.857652,53773,0,13217,0,1.0,0.803,0.891,0.0,1.487,9.214
1784632201.860665,53773,0,13227,0,1.0,0.803,0.89,0.0,1.486,9.214
1784632201.8640063,53773,0,13237,0,1.0,0.802,0.89,0.0,1.486,9.214
1784632201.867122,53773,0,13247,0,1.0,0.802,0.89,0.0,1.486,9.214
1784632201.8701003,53773,0,13257,0,1.0,0.802,0.89,0.0,1.486,9.214
1784632201.9779773,53773,0,13267,0,1.0,0.802,0.89,0.0,1.486,9.214
1784632201.9820309,53773,0,13277,0,1.0,0.802,0.89,0.0,1.485,9.214
1784632201.9850192,53773,0,13287,0,1.0,0.802,0.89,0.0,1.485,9.214
1784632201.9888816,53773,0,13297,0,1.0,0.802,0.89,0.0,1.485,9.214
1784632201.9933965,53773,0,13307,0,1.0,0.802,0.89,0.0,1.485,9.214
1784632202.0002174,53773,0,13317,0,1.0,0.802,0.89,0.0,1.484,9.214
1784632202.0050516,53773,0,13327,0,1.0,0.801,0.89,0.0,1.484,9.214
1784632202.0082781,53773,0,13337,0,1.0,0.801,0.89,0.0,1.484,9.214
1784632202.0113733,53773,0,13347,0,1.0,0.801,0.89,0.0,1.484,9.214
1784632202.0146835,53773,0,13357,0,1.0,0.801,0.89,0.0,1.484,9.214
1784632202.0181427,53773,0,13367,0,1.0,0.801,0.889,0.0,1.483,9.214
1784632202.0211267,53773,0,13377,0,1.0,0.801,0.889,0.0,1.483,9.214
1784632202.0240486,53773,0,13387,0,1.0,0.801,0.889,0.0,1.483,9.214
1784632202.0268738,53773,0,13397,0,1.0,0.801,0.889,0.0,1.483,9.214
1784632202.13636,53773,0,13407,0,1.0,0.8,0.889,0.0,1.482,9.214
1784632202.1396565,53773,0,13417,0,1.0,0.8,0.889,0.0,1.482,9.214
1784632202.143497,53773,0,13427,0,1.0,0.8,0.889,0.0,1.482,9.214
1784632202.146713,53773,0,13437,0,1.0,0.8,0.889,0.0,1.482,9.214
1784632202.1496975,53773,0,13447,0,1.0,0.8,0.889,0.0,1.482,9.214
1784632202.1526816,53773,0,13457,0,1.0,0.8,0.889,0.0,1.481,9.214
1784632202.1554813,53773,0,13467,0,1.0,0.8,0.889,0.0,1.481,9.214
1784632202.1590264,53773,0,13477,0,1.0,0.8,0.889,0.0,1.481,9.214
1784632202.1630294,53773,0,13487,0,1.0,0.799,0.889,0.0,1.481,9.214
1784632202.1670358,53773,0,13497,0,1.0,0.799,0.888,0.0,1.481,9.214
1784632202.170369,53773,0,13507,0,1.0,0.799,0.888,0.0,1.48,9.214
1784632202.1742284,53773,0,13517,0,1.0,0.799,0.888,0.0,1.48,9.214
1784632202.178889,53773,0,13527,0,1.0,0.799,0.888,0.0,1.48,9.214
1784632202.182743,53773,0,13537,0,1.0,0.799,0.888,0.0,1.48,9.214
1784632202.186327,53773,0,13547,0,1.0,0.799,0.888,0.0,1.479,9.214
1784632202.1895359,53773,0,13557,0,1.0,0.799,0.888,0.0,1.479,9.214
1784632202.193445,53773,0,13567,0,1.0,0.799,0.888,0.0,1.479,9.214
1784632202.2008867,53773,0,13577,0,1.0,0.798,0.888,0.0,1.479,9.214
1784632202.3095753,53773,0,13587,0,1.0,0.798,0.888,0.0,1.479,9.214
1784632202.3125765,53773,0,13597,0,1.0,0.798,0.888,0.0,1.478,9.214
1784632202.31631,53773,0,13607,0,1.0,0.798,0.888,0.0,1.478,9.214
1784632202.3193882,53773,0,13617,0,1.0,0.798,0.888,0.0,1.478,9.214
1784632202.3225095,53773,0,13627,0,1.0,0.798,0.888,0.0,1.478,9.214
1784632202.3255248,53773,0,13637,0,1.0,0.798,0.887,0.0,1.477,9.214
1784632202.3286667,53773,0,13647,0,1.0,0.798,0.887,0.0,1.477,9.214
1784632202.3347774,53773,0,13657,0,1.0,0.797,0.887,0.0,1.477,9.214
1784632202.3378468,53773,0,13667,0,1.0,0.797,0.887,0.0,1.477,9.214
1784632202.3439732,53773,0,13677,0,1.0,0.797,0.887,0.0,1.477,9.214
1784632202.3514678,53773,0,13687,0,1.0,0.797,0.887,0.0,1.476,9.214
1784632202.3550625,53773,0,13697,0,1.0,0.797,0.887,0.0,1.476,9.214
1784632202.360516,53773,0,13707,0,1.0,0.797,0.887,0.0,1.476,9.214
1784632202.3659441,53773,0,13717,0,1.0,0.797,0.887,0.0,1.476,9.214
1784632202.369498,53773,0,13727,0,1.0,0.797,0.887,0.0,1.475,9.214
1784632202.3741357,53773,0,13737,0,1.0,0.797,0.887,0.0,1.475,9.214
1784632202.378433,53773,0,13747,0,1.0,0.796,0.887,0.0,1.475,9.214
1784632202.3821132,53773,0,13757,0,1.0,0.796,0.887,0.0,1.475,9.214
1784632202.3856351,53773,0,13767,0,1.0,0.796,0.887,0.0,1.475,9.214
1784632202.388913,53773,0,13777,0,1.0,0.796,0.886,0.0,1.474,9.214
1784632202.4015477,53773,0,13787,0,1.0,0.796,0.886,0.0,1.474,9.214
1784632202.4046164,53773,0,13797,0,1.0,0.796,0.886,0.0,1.474,9.214
1784632202.510242,53773,0,13807,0,1.0,0.796,0.886,0.0,1.474,9.214
1784632202.5131505,53773,0,13817,0,1.0,0.796,0.886,0.0,1.473,9.214
1784632202.51608,53773,0,13827,0,1.0,0.795,0.886,0.0,1.473,9.214
1784632202.519545,53773,0,13837,0,1.0,0.795,0.886,0.0,1.473,9.214
1784632202.5225327,53773,0,13847,0,1.0,0.795,0.886,0.0,1.473,9.214
1784632202.5254185,53773,0,13857,0,1.0,0.795,0.886,0.0,1.473,9.214
1784632202.528334,53773,0,13867,0,1.0,0.795,0.886,0.0,1.472,9.214
1784632202.5314276,53773,0,13877,0,1.0,0.795,0.886,0.0,1.472,9.214
1784632202.5355482,53773,0,13887,0,1.0,0.795,0.886,0.0,1.472,9.214
1784632202.5387108,53773,0,13897,0,1.0,0.795,0.886,0.0,1.472,9.214
1784632202.5416818,53773,0,13907,0,1.0,0.795,0.885,0.0,1.472,9.214
1784632202.5445516,53773,0,13917,0,1.0,0.794,0.885,0.0,1.471,9.214
1784632202.547442,53773,0,13927,0,1.0,0.794,0.885,0.0,1.471,9.214
1784632202.553873,53773,0,13937,0,1.0,0.794,0.885,0.0,1.471,9.214
1784632202.5569327,53773,0,13947,0,1.0,0.794,0.885,0.0,1.471,9.214
1784632202.5613449,53773,0,13957,0,1.0,0.794,0.885,0.0,1.47,9.214
1784632202.5645065,53773,0,13967,0,1.0,0.794,0.885,0.0,1.47,9.214
1784632202.5705373,53773,0,13977,0,1.0,0.794,0.885,0.0,1.47,9.214
1784632202.5734315,53773,0,13987,0,1.0,0.794,0.885,0.0,1.47,9.214
1784632202.583386,53773,0,13997,0,1.0,0.793,0.885,0.0,1.47,9.214
1784632202.6947677,53773,0,14007,0,1.0,0.793,0.885,0.0,1.469,9.214
1784632202.70112,53773,0,14017,0,1.0,0.793,0.885,0.0,1.469,9.214
1784632202.7044141,53773,0,14027,0,1.0,0.793,0.885,0.0,1.469,9.214
1784632202.7118766,53773,0,14037,0,1.0,0.793,0.885,0.0,1.469,9.214
1784632202.7178657,53773,0,14047,0,1.0,0.793,0.884,0.0,1.468,9.214
1784632202.7217665,53773,0,14057,0,1.0,0.793,0.884,0.0,1.468,9.214
1784632202.7260296,53773,0,14067,0,1.0,0.793,0.884,0.0,1.468,9.214
1784632202.7359672,53773,0,14077,0,1.0,0.793,0.884,0.0,1.468,9.214
1784632202.7399435,53773,0,14087,0,1.0,0.792,0.884,0.0,1.468,9.214
1784632202.7434413,53773,0,14097,0,1.0,0.792,0.884,0.0,1.467,9.214
1784632202.7475765,53773,0,14107,0,1.0,0.792,0.884,0.0,1.467,9.214
1784632202.7510617,53773,0,14117,0,1.0,0.792,0.884,0.0,1.467,9.214
1784632202.754843,53773,0,14127,0,1.0,0.792,0.884,0.0,1.467,9.214
1784632202.7578304,53773,0,14137,0,1.0,0.792,0.884,0.0,1.467,9.214
1784632202.7607436,53773,0,14147,0,1.0,0.792,0.884,0.0,1.466,9.214
1784632202.763941,53773,0,14157,0,1.0,0.792,0.884,0.0,1.466,9.214
1784632202.7689474,53773,0,14167,0,1.0,0.791,0.884,0.0,1.466,9.214
1784632202.771844,53773,0,14177,0,1.0,0.791,0.884,0.0,1.466,9.214
1784632202.776102,53773,0,14187,0,1.0,0.791,0.883,0.0,1.465,9.214
1784632202.8922992,53773,0,14197,0,1.0,0.791,0.883,0.0,1.465,9.214
1784632202.8953319,53773,0,14207,0,1.0,0.791,0.883,0.0,1.465,9.214
1784632202.8984492,53773,0,14217,0,1.0,0.791,0.883,0.0,1.465,9.214
1784632202.9012403,53773,0,14227,0,1.0,0.791,0.883,0.0,1.465,9.214
1784632202.904027,53773,0,14237,0,1.0,0.791,0.883,0.0,1.464,9.214
1784632202.9070406,53773,0,14247,0,1.0,0.791,0.883,0.0,1.464,9.214
1784632202.911818,53773,0,14257,0,1.0,0.79,0.883,0.0,1.464,9.214
1784632202.9154046,53773,0,14267,0,1.0,0.79,0.883,0.0,1.464,9.214
1784632202.9187639,53773,0,14277,0,1.0,0.79,0.883,0.0,1.464,9.214
1784632202.9218826,53773,0,14287,0,1.0,0.79,0.883,0.0,1.463,9.214
1784632202.9254131,53773,0,14297,0,1.0,0.79,0.883,0.0,1.463,9.214
1784632202.928936,53773,0,14307,0,1.0,0.79,0.883,0.0,1.463,9.214
1784632202.932332,53773,0,14317,0,1.0,0.79,0.883,0.0,1.463,9.214
1784632202.935776,53773,0,14327,0,1.0,0.79,0.882,0.0,1.462,9.214
1784632202.9388802,53773,0,14337,0,1.0,0.79,0.882,0.0,1.462,9.214
1784632203.0474355,53773,0,14347,0,1.0,0.789,0.882,0.0,1.462,9.214
1784632203.052813,53773,0,14357,0,1.0,0.789,0.882,0.0,1.462,9.214
1784632203.057855,53773,0,14367,0,1.0,0.789,0.882,0.0,1.462,9.214
1784632203.060872,53773,0,14377,0,1.0,0.789,0.882,0.0,1.461,9.214
1784632203.0641057,53773,0,14387,0,1.0,0.789,0.882,0.0,1.461,9.214
1784632203.06832,53773,0,14397,0,1.0,0.789,0.882,0.0,1.461,9.214
1784632203.0713038,53773,0,14407,0,1.0,0.789,0.882,0.0,1.461,9.214
1784632203.0741467,53773,0,14417,0,1.0,0.789,0.882,0.0,1.461,9.214
1784632203.184893,53773,0,14427,0,1.0,0.788,0.882,0.0,1.46,9.214
1784632203.1881304,53773,0,14437,0,1.0,0.788,0.882,0.0,1.46,9.214
1784632203.1919546,53773,0,14447,0,1.0,0.788,0.882,0.0,1.46,9.214
1784632203.2032878,53773,0,14457,0,1.0,0.788,0.882,0.0,1.46,9.214
1784632203.2110624,53773,0,14467,0,1.0,0.788,0.881,0.0,1.459,9.214
1784632203.2155874,53773,0,14477,0,1.0,0.788,0.881,0.0,1.459,9.214
1784632203.219345,53773,0,14487,0,1.0,0.788,0.881,0.0,1.459,9.214
1784632203.2240927,53773,0,14497,0,1.0,0.788,0.881,0.0,1.459,9.214
1784632203.2275162,53773,0,14507,0,1.0,0.788,0.881,0.0,1.459,9.214
1784632203.2311225,53773,0,14517,0,1.0,0.787,0.881,0.0,1.458,9.214
1784632203.234823,53773,0,14527,0,1.0,0.787,0.881,0.0,1.458,9.214
1784632203.3442008,53773,0,14537,0,1.0,0.787,0.881,0.0,1.458,9.214
1784632203.3482413,53773,0,14547,0,1.0,0.787,0.881,0.0,1.458,9.214
1784632203.3516293,53773,0,14557,0,1.0,0.787,0.881,0.0,1.458,9.214
1784632203.354585,53773,0,14567,0,1.0,0.787,0.881,0.0,1.457,9.214
1784632203.3602622,53773,0,14577,0,1.0,0.787,0.881,0.0,1.457,9.214
1784632203.370331,53773,0,14587,0,1.0,0.787,0.881,0.0,1.457,9.214
1784632203.3733454,53773,0,14597,0,1.0,0.786,0.88,0.0,1.457,9.214
1784632203.3768659,53773,0,14607,0,1.0,0.786,0.88,0.0,1.456,9.214
1784632203.3805838,53773,0,14617,0,1.0,0.786,0.88,0.0,1.456,9.214
1784632203.3835366,53773,0,14627,0,1.0,0.786,0.88,0.0,1.456,9.214
1784632203.3866193,53773,0,14637,0,1.0,0.786,0.88,0.0,1.456,9.214
1784632203.3915074,53773,0,14647,0,1.0,0.786,0.88,0.0,1.456,9.214
1784632203.498276,53773,0,14657,0,1.0,0.786,0.88,0.0,1.455,9.214
1784632203.501394,53773,0,14667,0,1.0,0.786,0.88,0.0,1.455,9.214
1784632203.5051477,53773,0,14677,0,1.0,0.786,0.88,0.0,1.455,9.214
1784632203.5081282,53773,0,14687,0,1.0,0.785,0.88,0.0,1.455,9.214
1784632203.5119076,53773,0,14697,0,1.0,0.785,0.88,0.0,1.455,9.214
1784632203.5155833,53773,0,14707,0,1.0,0.785,0.88,0.0,1.454,9.214
1784632203.5191126,53773,0,14717,0,1.0,0.785,0.88,0.0,1.454,9.214
1784632203.5224335,53773,0,14727,0,1.0,0.785,0.88,0.0,1.454,9.214
1784632203.5254617,53773,0,14737,0,1.0,0.785,0.879,0.0,1.454,9.214
1784632203.5286362,53773,0,14747,0,1.0,0.785,0.879,0.0,1.454,9.214
1784632203.5330222,53773,0,14757,0,1.0,0.785,0.879,0.0,1.453,9.214
1784632203.537292,53773,0,14767,0,1.0,0.785,0.879,0.0,1.453,9.214
1784632203.5405824,53773,0,14777,0,1.0,0.784,0.879,0.0,1.453,9.214
1784632203.5437856,53773,0,14787,0,1.0,0.784,0.879,0.0,1.453,9.214
1784632203.6649482,53773,0,14797,0,1.0,0.784,0.879,0.0,1.452,9.214
1784632203.6723804,53773,0,14807,0,1.0,0.784,0.879,0.0,1.452,9.214
1784632203.6759543,53773,0,14817,0,1.0,0.784,0.879,0.0,1.452,9.214
1784632203.6816556,53773,0,14827,0,1.0,0.784,0.879,0.0,1.452,9.214
1784632203.6853547,53773,0,14837,0,1.0,0.784,0.879,0.0,1.452,9.214
1784632203.689181,53773,0,14847,0,1.0,0.784,0.879,0.0,1.451,9.214
1784632203.6933858,53773,0,14857,0,1.0,0.784,0.879,0.0,1.451,9.214
1784632203.6968732,53773,0,14867,0,1.0,0.783,0.879,0.0,1.451,9.214
1784632203.7006524,53773,0,14877,0,1.0,0.783,0.878,0.0,1.451,9.214
1784632203.7041132,53773,0,14887,0,1.0,0.783,0.878,0.0,1.451,9.214
1784632203.7078435,53773,0,14897,0,1.0,0.783,0.878,0.0,1.45,9.214
1784632203.7112308,53773,0,14907,0,1.0,0.783,0.878,0.0,1.45,9.214
1784632203.8206244,53773,0,14917,0,1.0,0.783,0.878,0.0,1.45,9.214
1784632203.8241477,53773,0,14927,0,1.0,0.783,0.878,0.0,1.45,9.214
1784632203.8273485,53773,0,14937,0,1.0,0.783,0.878,0.0,1.449,9.214
1784632203.8304958,53773,0,14947,0,1.0,0.782,0.878,0.0,1.449,9.214
1784632203.833622,53773,0,14957,0,1.0,0.782,0.878,0.0,1.449,9.214
1784632203.8366706,53773,0,14967,0,1.0,0.782,0.878,0.0,1.449,9.214
1784632203.8402762,53773,0,14977,0,1.0,0.782,0.878,0.0,1.449,9.214
1784632203.843126,53773,0,14987,0,1.0,0.782,0.878,0.0,1.448,9.214
1784632203.846309,53773,0,14997,0,1.0,0.782,0.878,0.0,1.448,9.214
1784632203.849895,53773,0,15007,0,1.0,0.782,0.878,0.0,1.448,9.214
1784632203.853485,53773,0,15017,0,1.0,0.782,0.877,0.0,1.448,9.214
1784632203.8569736,53773,0,15027,0,1.0,0.782,0.877,0.0,1.448,9.214
1784632203.859862,53773,0,15037,0,1.0,0.781,0.877,0.0,1.447,9.214
1784632203.9719312,53773,0,15047,0,1.0,0.781,0.877,0.0,1.447,9.214
1784632203.9768755,53773,0,15057,0,1.0,0.781,0.877,0.0,1.447,9.214
1784632203.9801517,53773,0,15067,0,1.0,0.781,0.877,0.0,1.447,9.214
1784632203.9839258,53773,0,15077,0,1.0,0.781,0.877,0.0,1.447,9.214
1784632203.9868274,53773,0,15087,0,1.0,0.781,0.877,0.0,1.446,9.214
1784632203.990722,53773,0,15097,0,1.0,0.781,0.877,0.0,1.446,9.214
1784632203.994317,53773,0,15107,0,1.0,0.781,0.877,0.0,1.446,9.214
1784632204.0006282,53773,0,15117,0,1.0,0.781,0.877,0.0,1.446,9.214
1784632204.0062282,53773,0,15127,0,1.0,0.78,0.877,0.0,1.445,9.214
1784632204.0103571,53773,0,15137,0,1.0,0.78,0.877,0.0,1.445,9.214
1784632204.0144603,53773,0,15147,0,1.0,0.78,0.877,0.0,1.445,9.214
1784632204.0180743,53773,0,15157,0,1.0,0.78,0.876,0.0,1.445,9.214
1784632204.0214686,53773,0,15167,0,1.0,0.78,0.876,0.0,1.445,9.214
1784632204.0250633,53773,0,15177,0,1.0,0.78,0.876,0.0,1.444,9.214
1784632204.1353624,53773,0,15187,0,1.0,0.78,0.876,0.0,1.444,9.214
1784632204.1390188,53773,0,15197,0,1.0,0.78,0.876,0.0,1.444,9.214
1784632204.142466,53773,0,15207,0,1.0,0.78,0.876,0.0,1.444,9.214
1784632204.145665,53773,0,15217,0,1.0,0.779,0.876,0.0,1.444,9.214
1784632204.1486876,53773,0,15227,0,1.0,0.779,0.876,0.0,1.443,9.214
1784632204.1516862,53773,0,15237,0,1.0,0.779,0.876,0.0,1.443,9.214
1784632204.1547282,53773,0,15247,0,1.0,0.779,0.876,0.0,1.443,9.214
1784632204.1575828,53773,0,15257,0,1.0,0.779,0.876,0.0,1.443,9.214
1784632204.1617775,53773,0,15267,0,1.0,0.779,0.876,0.0,1.443,9.214
1784632204.1650698,53773,0,15277,0,1.0,0.779,0.876,0.0,1.442,9.214
1784632204.1683555,53773,0,15287,0,1.0,0.779,0.876,0.0,1.442,9.214
1784632204.171179,53773,0,15297,0,1.0,0.779,0.875,0.0,1.442,9.214
1784632204.2908366,53773,0,15307,0,1.0,0.778,0.875,0.0,1.442,9.214
1784632204.2938964,53773,0,15317,0,1.0,0.778,0.875,0.0,1.442,9.214
1784632204.2968168,53773,0,15327,0,1.0,0.778,0.875,0.0,1.441,9.214
1784632204.300134,53773,0,15337,0,1.0,0.778,0.875,0.0,1.441,9.214
1784632204.3042707,53773,0,15347,0,1.0,0.778,0.875,0.0,1.441,9.214
1784632204.308141,53773,0,15357,0,1.0,0.778,0.875,0.0,1.441,9.214
1784632204.3110714,53773,0,15367,0,1.0,0.778,0.875,0.0,1.44,9.214
1784632204.3138428,53773,0,15377,0,1.0,0.778,0.875,0.0,1.44,9.214
1784632204.3244035,53773,0,15387,0,1.0,0.778,0.875,0.0,1.44,9.214
1784632204.3274896,53773,0,15397,0,1.0,0.777,0.875,0.0,1.44,9.214
1784632204.4416199,53773,0,15407,0,1.0,0.777,0.875,0.0,1.44,9.214
1784632204.4453607,53773,0,15417,0,1.0,0.777,0.875,0.0,1.439,9.214
1784632204.4485173,53773,0,15427,0,1.0,0.777,0.875,0.0,1.439,9.214
1784632204.452089,53773,0,15437,0,1.0,0.777,0.874,0.0,1.439,9.214
1784632204.4556687,53773,0,15447,0,1.0,0.777,0.874,0.0,1.439,9.214
1784632204.4606318,53773,0,15457,0,1.0,0.777,0.874,0.0,1.439,9.214
1784632204.4635105,53773,0,15467,0,1.0,0.777,0.874,0.0,1.438,9.214
1784632204.4683297,53773,0,15477,0,1.0,0.777,0.874,0.0,1.438,9.214
1784632204.5829284,53773,0,15487,0,1.0,0.776,0.874,0.0,1.438,9.214
1784632204.58702,53773,0,15497,0,1.0,0.776,0.874,0.0,1.438,9.214
1784632204.5902207,53773,0,15507,0,1.0,0.776,0.874,0.0,1.438,9.214
1784632204.5933988,53773,0,15517,0,1.0,0.776,0.874,0.0,1.437,9.214
1784632204.5979812,53773,0,15527,0,1.0,0.776,0.874,0.0,1.437,9.214
1784632204.6018531,53773,0,15537,0,1.0,0.776,0.874,0.0,1.437,9.214
1784632204.6051173,53773,0,15547,0,1.0,0.776,0.874,0.0,1.437,9.214
1784632204.7141314,53773,0,15557,0,1.0,0.776,0.874,0.0,1.437,9.214
1784632204.7173061,53773,0,15567,0,1.0,0.775,0.874,0.0,1.436,9.214
1784632204.7201471,53773,0,15577,0,1.0,0.775,0.873,0.0,1.436,9.214
1784632204.7240233,53773,0,15587,0,1.0,0.775,0.873,0.0,1.436,9.214
1784632204.7269711,53773,0,15597,0,1.0,0.775,0.873,0.0,1.436,9.214
1784632204.729921,53773,0,15607,0,1.0,0.775,0.873,0.0,1.435,9.214
1784632204.73281,53773,0,15617,0,1.0,0.775,0.873,0.0,1.435,9.214
1784632204.736331,53773,0,15627,0,1.0,0.775,0.873,0.0,1.435,9.214
1784632204.7395036,53773,0,15637,0,1.0,0.775,0.873,0.0,1.435,9.214
1784632204.742605,53773,0,15647,0,1.0,0.775,0.873,0.0,1.435,9.214
1784632204.7456632,53773,0,15657,0,1.0,0.774,0.873,0.0,1.434,9.214
1784632204.7500918,53773,0,15667,0,1.0,0.774,0.873,0.0,1.434,9.214
1784632204.7543364,53773,0,15677,0,1.0,0.774,0.873,0.0,1.434,9.214
1784632204.7581623,53773,0,15687,0,1.0,0.774,0.873,0.0,1.434,9.214
1784632204.8667696,53773,0,15697,0,1.0,0.774,0.873,0.0,1.434,9.214
1784632204.871266,53773,0,15707,0,1.0,0.774,0.873,0.0,1.433,9.214
1784632204.8753586,53773,0,15717,0,1.0,0.774,0.872,0.0,1.433,9.214
1784632204.8836634,53773,0,15727,0,1.0,0.774,0.872,0.0,1.433,9.214
1784632204.8878505,53773,0,15737,0,1.0,0.774,0.872,0.0,1.433,9.214
1784632204.8948736,53773,0,15747,0,1.0,0.773,0.872,0.0,1.433,9.214
1784632204.8996947,53773,0,15757,0,1.0,0.773,0.872,0.0,1.432,9.214
1784632204.9046965,53773,0,15767,0,1.0,0.773,0.872,0.0,1.432,9.214
1784632204.909767,53773,0,15777,0,1.0,0.773,0.872,0.0,1.432,9.214
1784632204.9216263,53773,0,15787,0,1.0,0.773,0.872,0.0,1.432,9.214
1784632204.929798,53773,0,15797,0,1.0,0.773,0.872,0.0,1.432,9.214
1784632205.087094,53773,0,15807,0,1.0,0.773,0.872,0.0,1.431,9.214
1784632205.1135542,53773,0,15817,0,1.0,0.773,0.872,0.0,1.431,9.214
1784632205.1181195,53773,0,15827,0,1.0,0.773,0.872,0.0,1.431,9.214
1784632205.1307592,53773,0,15837,0,1.0,0.772,0.872,0.0,1.431,9.214
1784632205.137623,53773,0,15847,0,1.0,0.772,0.872,0.0,1.431,9.214
1784632205.1411638,53773,0,15857,0,1.0,0.772,0.872,0.0,1.43,9.214
1784632205.1518996,53773,0,15867,0,1.0,0.772,0.871,0.0,1.43,9.214
1784632205.1570072,53773,0,15877,0,1.0,0.772,0.871,0.0,1.43,9.214
1784632205.1635013,53773,0,15887,0,1.0,0.772,0.871,0.0,1.43,9.214
1784632205.1675196,53773,0,15897,0,1.0,0.772,0.871,0.0,1.43,9.214
1784632205.1707907,53773,0,15907,0,1.0,0.772,0.871,0.0,1.429,9.214
1784632205.1743639,53773,0,15917,0,1.0,0.772,0.871,0.0,1.429,9.214
1784632205.177469,53773,0,15927,0,1.0,0.771,0.871,0.0,1.429,9.214
1784632205.180469,53773,0,15937,0,1.0,0.771,0.871,0.0,1.429,9.214
1784632205.1834059,53773,0,15947,0,1.0,0.771,0.871,0.0,1.428,9.214
1784632205.1978748,53773,0,15957,0,1.0,0.771,0.871,0.0,1.428,9.214
1784632205.317794,53773,0,15967,0,1.0,0.771,0.871,0.0,1.428,9.214
1784632205.3206632,53773,0,15977,0,1.0,0.771,0.871,0.0,1.428,9.214
1784632205.3241987,53773,0,15987,0,1.0,0.771,0.871,0.0,1.428,9.214
1784632205.3273184,53773,0,15997,0,1.0,0.771,0.871,0.0,1.427,9.214
1784632205.3315547,53773,0,16007,0,1.0,0.771,0.87,0.0,1.427,9.214
1784632205.3362298,53773,0,16017,0,1.0,0.77,0.87,0.0,1.427,9.214
1784632205.3403215,53773,0,16027,0,1.0,0.77,0.87,0.0,1.427,9.214
1784632205.3441684,53773,0,16037,0,1.0,0.77,0.87,0.0,1.427,9.214
1784632205.3514907,53773,0,16047,0,1.0,0.77,0.87,0.0,1.426,9.214
1784632205.3544788,53773,0,16057,0,1.0,0.77,0.87,0.0,1.426,9.214
1784632205.3577101,53773,0,16067,0,1.0,0.77,0.87,0.0,1.426,9.214
1784632205.3609638,53773,0,16077,0,1.0,0.77,0.87,0.0,1.426,9.214
1784632205.3656387,53773,0,16087,0,1.0,0.77,0.87,0.0,1.426,9.214
1784632205.3690932,53773,0,16097,0,1.0,0.77,0.87,0.0,1.425,9.214
1784632205.374124,53773,0,16107,0,1.0,0.77,0.87,0.0,1.425,9.214
1784632205.3780878,53773,0,16117,0,1.0,0.769,0.87,0.0,1.425,9.214
1784632205.388622,53773,0,16127,0,1.0,0.769,0.87,0.0,1.425,9.214
1784632205.391775,53773,0,16137,0,1.0,0.769,0.87,0.0,1.425,9.214
1784632205.4037042,53773,0,16147,0,1.0,0.769,0.869,0.0,1.424,9.214
1784632205.406807,53773,0,16157,0,1.0,0.769,0.869,0.0,1.424,9.214
1784632205.414566,53773,0,16167,0,1.0,0.769,0.869,0.0,1.424,9.214
1784632205.4177785,53773,0,16177,0,1.0,0.769,0.869,0.0,1.424,9.214
1784632205.422299,53773,0,16187,0,1.0,0.769,0.869,0.0,1.424,9.214
1784632205.4271324,53773,0,16197,0,1.0,0.769,0.869,0.0,1.423,9.214
1784632205.5362148,53773,0,16207,0,1.0,0.768,0.869,0.0,1.423,9.214
1784632205.5398195,53773,0,16217,0,1.0,0.768,0.869,0.0,1.423,9.214
1784632205.543787,53773,0,16227,0,1.0,0.768,0.869,0.0,1.423,9.214
1784632205.5505266,53773,0,16237,0,1.0,0.768,0.869,0.0,1.423,9.214
1784632205.5556626,53773,0,16247,0,1.0,0.768,0.869,0.0,1.422,9.214
1784632205.5610929,53773,0,16257,0,1.0,0.768,0.869,0.0,1.422,9.214
1784632205.5678735,53773,0,16267,0,1.0,0.768,0.869,0.0,1.422,9.214
1784632205.5761752,53773,0,16277,0,1.0,0.768,0.869,0.0,1.422,9.214
1784632205.5824761,53773,0,16287,0,1.0,0.768,0.868,0.0,1.422,9.214
1784632205.587184,53773,0,16297,0,1.0,0.767,0.868,0.0,1.421,9.214
1784632205.592043,53773,0,16307,0,1.0,0.767,0.868,0.0,1.421,9.214
1784632205.6007404,53773,0,16317,0,1.0,0.767,0.868,0.0,1.421,9.214
1784632205.6052794,53773,0,16327,0,1.0,0.767,0.868,0.0,1.421,9.214
1784632205.6097705,53773,0,16337,0,1.0,0.767,0.868,0.0,1.421,9.214
1784632205.6179605,53773,0,16347,0,1.0,0.767,0.868,0.0,1.42,9.214
1784632205.6228871,53773,0,16357,0,1.0,0.767,0.868,0.0,1.42,9.214
1784632205.7386377,53773,0,16367,0,1.0,0.767,0.868,0.0,1.42,9.214
1784632205.7430553,53773,0,16377,0,1.0,0.767,0.868,0.0,1.42,9.214
1784632205.7484362,53773,0,16387,0,1.0,0.766,0.868,0.0,1.42,9.214
1784632205.7617056,53773,0,16397,0,1.0,0.766,0.868,0.0,1.419,9.214
1784632205.7656975,53773,0,16407,0,1.0,0.766,0.868,0.0,1.419,9.214
1784632205.7730587,53773,0,16417,0,1.0,0.766,0.868,0.0,1.419,9.214
1784632205.77811,53773,0,16427,0,1.0,0.766,0.867,0.0,1.419,9.214
1784632205.790556,53773,0,16437,0,1.0,0.766,0.867,0.0,1.419,9.214
1784632205.7943628,53773,0,16447,0,1.0,0.766,0.867,0.0,1.418,9.214
1784632205.7981231,53773,0,16457,0,1.0,0.766,0.867,0.0,1.418,9.214
1784632205.8120313,53773,0,16467,0,1.0,0.766,0.867,0.0,1.418,9.214
1784632205.8247404,53773,0,16477,0,1.0,0.765,0.867,0.0,1.418,9.214
1784632205.8290784,53773,0,16487,0,1.0,0.765,0.867,0.0,1.418,9.214
1784632205.8357987,53773,0,16497,0,1.0,0.765,0.867,0.0,1.417,9.214
1784632205.9437325,53773,0,16507,0,1.0,0.765,0.867,0.0,1.417,9.214
1784632205.9472005,53773,0,16517,0,1.0,0.765,0.867,0.0,1.417,9.214
1784632205.9505973,53773,0,16527,0,1.0,0.765,0.867,0.0,1.417,9.214
1784632205.9539497,53773,0,16537,0,1.0,0.765,0.867,0.0,1.417,9.214
1784632205.9573994,53773,0,16547,0,1.0,0.765,0.867,0.0,1.416,9.214
1784632205.9607239,53773,0,16557,0,1.0,0.765,0.867,0.0,1.416,9.214
1784632205.9637876,53773,0,16567,0,1.0,0.764,0.867,0.0,1.416,9.214
1784632205.9667869,53773,0,16577,0,1.0,0.764,0.866,0.0,1.416,9.214
1784632205.9696689,53773,0,16587,0,1.0,0.764,0.866,0.0,1.416,9.214
1784632205.9736452,53773,0,16597,0,1.0,0.764,0.866,0.0,1.415,9.214
1784632205.9767425,53773,0,16607,0,1.0,0.764,0.866,0.0,1.415,9.214
1784632205.9799266,53773,0,16617,0,1.0,0.764,0.866,0.0,1.415,9.214
1784632205.9828494,53773,0,16627,0,1.0,0.764,0.866,0.0,1.415,9.214
1784632205.9860325,53773,0,16637,0,1.0,0.764,0.866,0.0,1.415,9.214
1784632205.989134,53773,0,16647,0,1.0,0.764,0.866,0.0,1.414,9.214
1784632205.9927173,53773,0,16657,0,1.0,0.763,0.866,0.0,1.414,9.214
1784632205.9959233,53773,0,16667,0,1.0,0.763,0.866,0.0,1.414,9.214
1784632206.0026624,53773,0,16677,0,1.0,0.763,0.866,0.0,1.414,9.214
1784632206.0068371,53773,0,16687,0,1.0,0.763,0.866,0.0,1.414,9.214
1784632206.1193652,53773,0,16697,0,1.0,0.763,0.866,0.0,1.413,9.214
1784632206.1230526,53773,0,16707,0,1.0,0.763,0.866,0.0,1.413,9.214
1784632206.1258786,53773,0,16717,0,1.0,0.763,0.865,0.0,1.413,9.214
1784632206.12982,53773,0,16727,0,1.0,0.763,0.865,0.0,1.413,9.214
1784632206.1327467,53773,0,16737,0,1.0,0.763,0.865,0.0,1.412,9.214
1784632206.135672,53773,0,16747,0,1.0,0.763,0.865,0.0,1.412,9.214
1784632206.138571,53773,0,16757,0,1.0,0.762,0.865,0.0,1.412,9.214
1784632206.1414487,53773,0,16767,0,1.0,0.762,0.865,0.0,1.412,9.214
1784632206.1445343,53773,0,16777,0,1.0,0.762,0.865,0.0,1.412,9.214
1784632206.1484022,53773,0,16787,0,1.0,0.762,0.865,0.0,1.411,9.214
1784632206.1521943,53773,0,16797,0,1.0,0.762,0.865,0.0,1.411,9.214
1784632206.1594949,53773,0,16807,0,1.0,0.762,0.865,0.0,1.411,9.214
1784632206.163776,53773,0,16817,0,1.0,0.762,0.865,0.0,1.411,9.214
1784632206.1673017,53773,0,16827,0,1.0,0.762,0.865,0.0,1.411,9.214
1784632206.1707392,53773,0,16837,0,1.0,0.762,0.865,0.0,1.41,9.214
1784632206.2868996,53773,0,16847,0,1.0,0.761,0.865,0.0,1.41,9.214
1784632206.2898195,53773,0,16857,0,1.0,0.761,0.864,0.0,1.41,9.214
1784632206.2925088,53773,0,16867,0,1.0,0.761,0.864,0.0,1.41,9.214
1784632206.2953892,53773,0,16877,0,1.0,0.761,0.864,0.0,1.41,9.214
1784632206.2987516,53773,0,16887,0,1.0,0.761,0.864,0.0,1.41,9.214
1784632206.3030512,53773,0,16897,0,1.0,0.761,0.864,0.0,1.409,9.214
1784632206.3071694,53773,0,16907,0,1.0,0.761,0.864,0.0,1.409,9.214
1784632206.310595,53773,0,16917,0,1.0,0.761,0.864,0.0,1.409,9.214
1784632206.3136675,53773,0,16927,0,1.0,0.761,0.864,0.0,1.409,9.214
1784632206.3176274,53773,0,16937,0,1.0,0.76,0.864,0.0,1.409,9.214
1784632206.3205638,53773,0,16947,0,1.0,0.76,0.864,0.0,1.408,9.214
1784632206.3273106,53773,0,16957,0,1.0,0.76,0.864,0.0,1.408,9.214
1784632206.3315976,53773,0,16967,0,1.0,0.76,0.864,0.0,1.408,9.214
1784632206.336562,53773,0,16977,0,1.0,0.76,0.864,0.0,1.408,9.214
1784632206.4470432,53773,0,16987,0,1.0,0.76,0.864,0.0,1.408,9.214
1784632206.4504118,53773,0,16997,0,1.0,0.76,0.864,0.0,1.407,9.214
1784632206.4571226,53773,0,17007,0,1.0,0.76,0.863,0.0,1.407,9.214
1784632206.461234,53773,0,17017,0,1.0,0.76,0.863,0.0,1.407,9.214
1784632206.4720044,53773,0,17027,0,1.0,0.76,0.863,0.0,1.407,9.214
1784632206.4756527,53773,0,17037,0,1.0,0.759,0.863,0.0,1.407,9.214
1784632206.4899423,53773,0,17047,0,1.0,0.759,0.863,0.0,1.406,9.214
1784632206.4944828,53773,0,17057,0,1.0,0.759,0.863,0.0,1.406,9.214
1784632206.5036082,53773,0,17067,0,1.0,0.759,0.863,0.0,1.406,9.214
1784632206.5073102,53773,0,17077,0,1.0,0.759,0.863,0.0,1.406,9.214
1784632206.5105894,53773,0,17087,0,1.0,0.759,0.863,0.0,1.406,9.214
1784632206.5136888,53773,0,17097,0,1.0,0.759,0.863,0.0,1.405,9.214
1784632206.5166736,53773,0,17107,0,1.0,0.759,0.863,0.0,1.405,9.214
1784632206.5203059,53773,0,17117,0,1.0,0.759,0.863,0.0,1.405,9.214
1784632206.6357303,53773,0,17127,0,1.0,0.758,0.863,0.0,1.405,9.214
1784632206.6388783,53773,0,17137,0,1.0,0.758,0.863,0.0,1.405,9.214
1784632206.6418276,53773,0,17147,0,1.0,0.758,0.862,0.0,1.404,9.214
1784632206.6451943,53773,0,17157,0,1.0,0.758,0.862,0.0,1.404,9.214
1784632206.648355,53773,0,17167,0,1.0,0.758,0.862,0.0,1.404,9.214
1784632206.6518893,53773,0,17177,0,1.0,0.758,0.862,0.0,1.404,9.214
1784632206.6550395,53773,0,17187,0,1.0,0.758,0.862,0.0,1.404,9.214
1784632206.6588495,53773,0,17197,0,1.0,0.758,0.862,0.0,1.403,9.214
1784632206.662407,53773,0,17207,0,1.0,0.758,0.862,0.0,1.403,9.214
1784632206.675525,53773,0,17217,0,1.0,0.757,0.862,0.0,1.403,9.214
1784632206.6799707,53773,0,17227,0,1.0,0.757,0.862,0.0,1.403,9.214
1784632206.6846058,53773,0,17237,0,1.0,0.757,0.862,0.0,1.403,9.214
1784632206.6881456,53773,0,17247,0,1.0,0.757,0.862,0.0,1.402,9.214
1784632206.692277,53773,0,17257,0,1.0,0.757,0.862,0.0,1.402,9.214
1784632206.8015788,53773,0,17267,0,1.0,0.757,0.862,0.0,1.402,9.214
1784632206.8047688,53773,0,17277,0,1.0,0.757,0.862,0.0,1.402,9.214
1784632206.8078964,53773,0,17287,0,1.0,0.757,0.862,0.0,1.402,9.214
1784632206.8109348,53773,0,17297,0,1.0,0.757,0.861,0.0,1.401,9.214
1784632206.8138545,53773,0,17307,0,1.0,0.757,0.861,0.0,1.401,9.214
1784632206.8184772,53773,0,17317,0,1.0,0.756,0.861,0.0,1.401,9.214
1784632206.8229108,53773,0,17327,0,1.0,0.756,0.861,0.0,1.401,9.214
1784632206.8257818,53773,0,17337,0,1.0,0.756,0.861,0.0,1.401,9.214
1784632206.8321657,53773,0,17347,0,1.0,0.756,0.861,0.0,1.4,9.214
1784632206.8359177,53773,0,17357,0,1.0,0.756,0.861,0.0,1.4,9.214
1784632206.8503137,53773,0,17367,0,1.0,0.756,0.861,0.0,1.4,9.214
1784632206.8536305,53773,0,17377,0,1.0,0.756,0.861,0.0,1.4,9.214
1784632206.96317,53773,0,17387,0,1.0,0.756,0.861,0.0,1.4,9.214
1784632206.9672577,53773,0,17397,0,1.0,0.756,0.861,0.0,1.399,9.214
1784632206.970745,53773,0,17407,0,1.0,0.755,0.861,0.0,1.399,9.214
1784632206.9905853,53773,0,17417,0,1.0,0.755,0.861,0.0,1.399,9.214
1784632206.993928,53773,0,17427,0,1.0,0.755,0.861,0.0,1.399,9.214
1784632207.0005245,53773,0,17437,0,1.0,0.755,0.86,0.0,1.399,9.214
1784632207.004993,53773,0,17447,0,1.0,0.755,0.86,0.0,1.398,9.214
1784632207.0098035,53773,0,17457,0,1.0,0.755,0.86,0.0,1.398,9.214
1784632207.0246947,53773,0,17467,0,1.0,0.755,0.86,0.0,1.398,9.214
1784632207.1333034,53773,0,17477,0,1.0,0.755,0.86,0.0,1.398,9.214
1784632207.1408632,53773,0,17487,0,1.0,0.755,0.86,0.0,1.398,9.214
1784632207.1453197,53773,0,17497,0,1.0,0.754,0.86,0.0,1.397,9.214
1784632207.148825,53773,0,17507,0,1.0,0.754,0.86,0.0,1.397,9.214
1784632207.1527615,53773,0,17517,0,1.0,0.754,0.86,0.0,1.397,9.214
1784632207.1561832,53773,0,17527,0,1.0,0.754,0.86,0.0,1.397,9.214
1784632207.1603115,53773,0,17537,0,1.0,0.754,0.86,0.0,1.397,9.214
1784632207.1635427,53773,0,17547,0,1.0,0.754,0.86,0.0,1.396,9.214
1784632207.1666758,53773,0,17557,0,1.0,0.754,0.86,0.0,1.396,9.214
1784632207.169408,53773,0,17567,0,1.0,0.754,0.86,0.0,1.396,9.214
1784632207.172303,53773,0,17577,0,1.0,0.754,0.86,0.0,1.396,9.214
1784632207.1765876,53773,0,17587,0,1.0,0.754,0.859,0.0,1.396,9.214
1784632207.1802845,53773,0,17597,0,1.0,0.753,0.859,0.0,1.395,9.214
1784632207.2914476,53773,0,17607,0,1.0,0.753,0.859,0.0,1.395,9.214
1784632207.2952702,53773,0,17617,0,1.0,0.753,0.859,0.0,1.395,9.214
1784632207.3013449,53773,0,17627,0,1.0,0.753,0.859,0.0,1.395,9.214
1784632207.30645,53773,0,17637,0,1.0,0.753,0.859,0.0,1.395,9.214
1784632207.309394,53773,0,17647,0,1.0,0.753,0.859,0.0,1.395,9.214
1784632207.3123012,53773,0,17657,0,1.0,0.753,0.859,0.0,1.394,9.214
1784632207.3160908,53773,0,17667,0,1.0,0.753,0.859,0.0,1.394,9.214
1784632207.3196135,53773,0,17677,0,1.0,0.753,0.859,0.0,1.394,9.214
1784632207.3226988,53773,0,17687,0,1.0,0.752,0.859,0.0,1.394,9.214
1784632207.4313264,53773,0,17697,0,1.0,0.752,0.859,0.0,1.394,9.214
1784632207.4351134,53773,0,17707,0,1.0,0.752,0.859,0.0,1.393,9.214
1784632207.4385893,53773,0,17717,0,1.0,0.752,0.859,0.0,1.393,9.214
1784632207.4440126,53773,0,17727,0,1.0,0.752,0.858,0.0,1.393,9.214
1784632207.4475849,53773,0,17737,0,1.0,0.752,0.858,0.0,1.393,9.214
1784632207.4616835,53773,0,17747,0,1.0,0.752,0.858,0.0,1.393,9.214
1784632207.5767646,53773,0,17757,0,1.0,0.752,0.858,0.0,1.392,9.214
1784632207.5836465,53773,0,17767,0,1.0,0.752,0.858,0.0,1.392,9.214
1784632207.5868497,53773,0,17777,0,1.0,0.752,0.858,0.0,1.392,9.214
1784632207.590633,53773,0,17787,0,1.0,0.751,0.858,0.0,1.392,9.214
1784632207.5939367,53773,0,17797,0,1.0,0.751,0.858,0.0,1.392,9.214
1784632207.5982583,53773,0,17807,0,1.0,0.751,0.858,0.0,1.391,9.214
1784632207.6012938,53773,0,17817,0,1.0,0.751,0.858,0.0,1.391,9.214
1784632207.6151986,53773,0,17827,0,1.0,0.751,0.858,0.0,1.391,9.214
1784632207.618156,53773,0,17837,0,1.0,0.751,0.858,0.0,1.391,9.214
1784632207.622181,53773,0,17847,0,1.0,0.751,0.858,0.0,1.391,9.214
1784632207.6278884,53773,0,17857,0,1.0,0.751,0.858,0.0,1.39,9.214
1784632207.6325746,53773,0,17867,0,1.0,0.751,0.858,0.0,1.39,9.214
1784632207.7409618,53773,0,17877,0,1.0,0.75,0.857,0.0,1.39,9.214
1784632207.744649,53773,0,17887,0,1.0,0.75,0.857,0.0,1.39,9.214
1784632207.7514024,53773,0,17897,0,1.0,0.75,0.857,0.0,1.39,9.214
1784632207.755482,53773,0,17907,0,1.0,0.75,0.857,0.0,1.389,9.214
1784632207.759096,53773,0,17917,0,1.0,0.75,0.857,0.0,1.389,9.214
1784632207.7673402,53773,0,17927,0,1.0,0.75,0.857,0.0,1.389,9.214
1784632207.7719204,53773,0,17937,0,1.0,0.75,0.857,0.0,1.389,9.214
1784632207.775527,53773,0,17947,0,1.0,0.75,0.857,0.0,1.389,9.214
1784632207.7791088,53773,0,17957,0,1.0,0.75,0.857,0.0,1.388,9.214
1784632207.7824745,53773,0,17967,0,1.0,0.75,0.857,0.0,1.388,9.214
1784632207.8898976,53773,0,17977,0,1.0,0.749,0.857,0.0,1.388,9.214
1784632207.8933737,53773,0,17987,0,1.0,0.749,0.857,0.0,1.388,9.214
1784632207.8978884,53773,0,17997,0,1.0,0.749,0.857,0.0,1.388,9.214
1784632207.9008803,53773,0,18007,0,1.0,0.749,0.857,0.0,1.388,9.214
1784632207.9037924,53773,0,18017,0,1.0,0.749,0.857,0.0,1.387,9.214
1784632207.9066043,53773,0,18027,0,1.0,0.749,0.856,0.0,1.387,9.214
1784632208.023865,53773,0,18037,0,1.0,0.749,0.856,0.0,1.387,9.214
1784632208.027311,53773,0,18047,0,1.0,0.749,0.856,0.0,1.387,9.214
1784632208.0309405,53773,0,18057,0,1.0,0.749,0.856,0.0,1.387,9.214
1784632208.03522,53773,0,18067,0,1.0,0.749,0.856,0.0,1.386,9.214
1784632208.0385718,53773,0,18077,0,1.0,0.748,0.856,0.0,1.386,9.214
1784632208.0419426,53773,0,18087,0,1.0,0.748,0.856,0.0,1.386,9.214
1784632208.04509,53773,0,18097,0,1.0,0.748,0.856,0.0,1.386,9.214
1784632208.1499002,53773,0,18107,0,1.0,0.748,0.856,0.0,1.386,9.214
1784632208.1530676,53773,0,18117,0,1.0,0.748,0.856,0.0,1.385,9.214
1784632208.1561818,53773,0,18127,0,1.0,0.748,0.856,0.0,1.385,9.214
1784632208.1692994,53773,0,18137,0,1.0,0.748,0.856,0.0,1.385,9.214
1784632208.1727364,53773,0,18147,0,1.0,0.748,0.856,0.0,1.385,9.214
1784632208.1783,53773,0,18157,0,1.0,0.748,0.856,0.0,1.385,9.214
1784632208.1820338,53773,0,18167,0,1.0,0.747,0.855,0.0,1.384,9.214
1784632208.1860478,53773,0,18177,0,1.0,0.747,0.855,0.0,1.384,9.214
1784632208.191736,53773,0,18187,0,1.0,0.747,0.855,0.0,1.384,9.214
1784632208.2017403,53773,0,18197,0,1.0,0.747,0.855,0.0,1.384,9.214
1784632208.2051497,53773,0,18207,0,1.0,0.747,0.855,0.0,1.384,9.214
1784632208.3099022,53773,0,18217,0,1.0,0.747,0.855,0.0,1.383,9.214
1784632208.3131292,53773,0,18227,0,1.0,0.747,0.855,0.0,1.383,9.214
1784632208.317272,53773,0,18237,0,1.0,0.747,0.855,0.0,1.383,9.214
1784632208.320368,53773,0,18247,0,1.0,0.747,0.855,0.0,1.383,9.214
1784632208.323534,53773,0,18257,0,1.0,0.747,0.855,0.0,1.383,9.214
1784632208.3266897,53773,0,18267,0,1.0,0.746,0.855,0.0,1.383,9.214
1784632208.3325093,53773,0,18277,0,1.0,0.746,0.855,0.0,1.382,9.214
1784632208.3361363,53773,0,18287,0,1.0,0.746,0.855,0.0,1.382,9.214
1784632208.3409777,53773,0,18297,0,1.0,0.746,0.855,0.0,1.382,9.214
1784632208.3469827,53773,0,18307,0,1.0,0.746,0.855,0.0,1.382,9.214
1784632208.3503222,53773,0,18317,0,1.0,0.746,0.854,0.0,1.382,9.214
1784632208.3533502,53773,0,18327,0,1.0,0.746,0.854,0.0,1.381,9.214
1784632208.3564506,53773,0,18337,0,1.0,0.746,0.854,0.0,1.381,9.214
1784632208.4642022,53773,0,18347,0,1.0,0.746,0.854,0.0,1.381,9.214
1784632208.4676898,53773,0,18357,0,1.0,0.746,0.854,0.0,1.381,9.214
1784632208.4711792,53773,0,18367,0,1.0,0.745,0.854,0.0,1.381,9.214
1784632208.4745233,53773,0,18377,0,1.0,0.745,0.854,0.0,1.38,9.214
1784632208.4776733,53773,0,18387,0,1.0,0.745,0.854,0.0,1.38,9.214
1784632208.4811544,53773,0,18397,0,1.0,0.745,0.854,0.0,1.38,9.214
1784632208.4880273,53773,0,18407,0,1.0,0.745,0.854,0.0,1.38,9.214
1784632208.491769,53773,0,18417,0,1.0,0.745,0.854,0.0,1.38,9.214
1784632208.5029929,53773,0,18427,0,1.0,0.745,0.854,0.0,1.379,9.214
1784632208.5134442,53773,0,18437,0,1.0,0.745,0.854,0.0,1.379,9.214
1784632208.5196853,53773,0,18447,0,1.0,0.745,0.854,0.0,1.379,9.214
1784632208.5237832,53773,0,18457,0,1.0,0.744,0.854,0.0,1.379,9.214
1784632208.5284429,53773,0,18467,0,1.0,0.744,0.853,0.0,1.379,9.214
1784632208.647889,53773,0,18477,0,1.0,0.744,0.853,0.0,1.378,9.214
1784632208.65157,53773,0,18487,0,1.0,0.744,0.853,0.0,1.378,9.214
1784632208.655566,53773,0,18497,0,1.0,0.744,0.853,0.0,1.378,9.214
1784632208.6607733,53773,0,18507,0,1.0,0.744,0.853,0.0,1.378,9.214
1784632208.664352,53773,0,18517,0,1.0,0.744,0.853,0.0,1.378,9.214
1784632208.6674523,53773,0,18527,0,1.0,0.744,0.853,0.0,1.378,9.214
1784632208.6704943,53773,0,18537,0,1.0,0.744,0.853,0.0,1.377,9.214
1784632208.6738284,53773,0,18547,0,1.0,0.744,0.853,0.0,1.377,9.214
1784632208.6768224,53773,0,18557,0,1.0,0.743,0.853,0.0,1.377,9.214
1784632208.6801007,53773,0,18567,0,1.0,0.743,0.853,0.0,1.377,9.214
1784632208.6831756,53773,0,18577,0,1.0,0.743,0.853,0.0,1.377,9.214
1784632208.6864352,53773,0,18587,0,1.0,0.743,0.853,0.0,1.376,9.214
1784632208.6897297,53773,0,18597,0,1.0,0.743,0.853,0.0,1.376,9.214
1784632208.6933243,53773,0,18607,0,1.0,0.743,0.853,0.0,1.376,9.214
1784632208.6963015,53773,0,18617,0,1.0,0.743,0.852,0.0,1.376,9.214
1784632208.8053129,53773,0,18627,0,1.0,0.743,0.852,0.0,1.376,9.214
1784632208.808955,53773,0,18637,0,1.0,0.743,0.852,0.0,1.375,9.214
1784632208.812359,53773,0,18647,0,1.0,0.743,0.852,0.0,1.375,9.214
1784632208.8162148,53773,0,18657,0,1.0,0.742,0.852,0.0,1.375,9.214
1784632208.819608,53773,0,18667,0,1.0,0.742,0.852,0.0,1.375,9.214
1784632208.8228076,53773,0,18677,0,1.0,0.742,0.852,0.0,1.375,9.214
1784632208.8258142,53773,0,18687,0,1.0,0.742,0.852,0.0,1.375,9.214
1784632208.8287888,53773,0,18697,0,1.0,0.742,0.852,0.0,1.374,9.214
1784632208.8322737,53773,0,18707,0,1.0,0.742,0.852,0.0,1.374,9.214
1784632208.8351705,53773,0,18717,0,1.0,0.742,0.852,0.0,1.374,9.214
1784632208.8383102,53773,0,18727,0,1.0,0.742,0.852,0.0,1.374,9.214
1784632208.8463404,53773,0,18737,0,1.0,0.742,0.852,0.0,1.374,9.214
1784632208.8521872,53773,0,18747,0,1.0,0.741,0.852,0.0,1.373,9.214
1784632208.8583534,53773,0,18757,0,1.0,0.741,0.851,0.0,1.373,9.214
1784632208.9675984,53773,0,18767,0,1.0,0.741,0.851,0.0,1.373,9.214
1784632208.9743314,53773,0,18777,0,1.0,0.741,0.851,0.0,1.373,9.214
1784632208.980925,53773,0,18787,0,1.0,0.741,0.851,0.0,1.373,9.214
1784632208.9885228,53773,0,18797,0,1.0,0.741,0.851,0.0,1.372,9.214
1784632209.003581,53773,0,18807,0,1.0,0.741,0.851,0.0,1.372,9.214
1784632209.0072663,53773,0,18817,0,1.0,0.741,0.851,0.0,1.372,9.214
1784632209.0118902,53773,0,18827,0,1.0,0.741,0.851,0.0,1.372,9.214
1784632209.0150645,53773,0,18837,0,1.0,0.741,0.851,0.0,1.372,9.214
1784632209.018635,53773,0,18847,0,1.0,0.74,0.851,0.0,1.371,9.214
1784632209.0217505,53773,0,18857,0,1.0,0.74,0.851,0.0,1.371,9.214
1784632209.024866,53773,0,18867,0,1.0,0.74,0.851,0.0,1.371,9.214
1784632209.027946,53773,0,18877,0,1.0,0.74,0.851,0.0,1.371,9.214
1784632209.0309312,53773,0,18887,0,1.0,0.74,0.851,0.0,1.371,9.214
1784632209.037062,53773,0,18897,0,1.0,0.74,0.851,0.0,1.371,9.214
1784632209.1486287,53773,0,18907,0,1.0,0.74,0.85,0.0,1.37,9.214
1784632209.1525776,53773,0,18917,0,1.0,0.74,0.85,0.0,1.37,9.214
1784632209.1607227,53773,0,18927,0,1.0,0.74,0.85,0.0,1.37,9.214
1784632209.1643882,53773,0,18937,0,1.0,0.74,0.85,0.0,1.37,9.214
1784632209.1676705,53773,0,18947,0,1.0,0.739,0.85,0.0,1.37,9.214
1784632209.1707146,53773,0,18957,0,1.0,0.739,0.85,0.0,1.369,9.214
1784632209.1738827,53773,0,18967,0,1.0,0.739,0.85,0.0,1.369,9.214
1784632209.1771286,53773,0,18977,0,1.0,0.739,0.85,0.0,1.369,9.214
1784632209.1800163,53773,0,18987,0,1.0,0.739,0.85,0.0,1.369,9.214
1784632209.183306,53773,0,18997,0,1.0,0.739,0.85,0.0,1.369,9.214
1784632209.1864016,53773,0,19007,0,1.0,0.739,0.85,0.0,1.368,9.214
1784632209.1896996,53773,0,19017,0,1.0,0.739,0.85,0.0,1.368,9.214
1784632209.1952648,53773,0,19027,0,1.0,0.739,0.85,0.0,1.368,9.214
1784632209.1986592,53773,0,19037,0,1.0,0.739,0.85,0.0,1.368,9.214
1784632209.2018862,53773,0,19047,0,1.0,0.738,0.85,0.0,1.368,9.214
1784632209.205299,53773,0,19057,0,1.0,0.738,0.849,0.0,1.368,9.214
1784632209.3193645,53773,0,19067,0,1.0,0.738,0.849,0.0,1.367,9.214
1784632209.3232448,53773,0,19077,0,1.0,0.738,0.849,0.0,1.367,9.214
1784632209.326902,53773,0,19087,0,1.0,0.738,0.849,0.0,1.367,9.214
1784632209.3311214,53773,0,19097,0,1.0,0.738,0.849,0.0,1.367,9.214
1784632209.3368187,53773,0,19107,0,1.0,0.738,0.849,0.0,1.367,9.214
1784632209.340507,53773,0,19117,0,1.0,0.738,0.849,0.0,1.366,9.214
1784632209.344343,53773,0,19127,0,1.0,0.738,0.849,0.0,1.366,9.214
1784632209.3496463,53773,0,19137,0,1.0,0.738,0.849,0.0,1.366,9.214
1784632209.3552253,53773,0,19147,0,1.0,0.737,0.849,0.0,1.366,9.214
1784632209.35894,53773,0,19157,0,1.0,0.737,0.849,0.0,1.366,9.214
1784632209.364832,53773,0,19167,0,1.0,0.737,0.849,0.0,1.365,9.214
1784632209.3717182,53773,0,19177,0,1.0,0.737,0.849,0.0,1.365,9.214
1784632209.488582,53773,0,19187,0,1.0,0.737,0.849,0.0,1.365,9.214
1784632209.4938583,53773,0,19197,0,1.0,0.737,0.849,0.0,1.365,9.214
1784632209.4979365,53773,0,19207,0,1.0,0.737,0.848,0.0,1.365,9.214
1784632209.5034375,53773,0,19217,0,1.0,0.737,0.848,0.0,1.365,9.214
1784632209.5075285,53773,0,19227,0,1.0,0.737,0.848,0.0,1.364,9.214
1784632209.510695,53773,0,19237,0,1.0,0.737,0.848,0.0,1.364,9.214
1784632209.513997,53773,0,19247,0,1.0,0.736,0.848,0.0,1.364,9.214
1784632209.517802,53773,0,19257,0,1.0,0.736,0.848,0.0,1.364,9.214
1784632209.5209997,53773,0,19267,0,1.0,0.736,0.848,0.0,1.364,9.214
1784632209.5239787,53773,0,19277,0,1.0,0.736,0.848,0.0,1.363,9.214
1784632209.5272176,53773,0,19287,0,1.0,0.736,0.848,0.0,1.363,9.214
1784632209.5304549,53773,0,19297,0,1.0,0.736,0.848,0.0,1.363,9.214
1784632209.5351863,53773,0,19307,0,1.0,0.736,0.848,0.0,1.363,9.214
1784632209.5383306,53773,0,19317,0,1.0,0.736,0.848,0.0,1.363,9.214
1784632209.650603,53773,0,19327,0,1.0,0.736,0.848,0.0,1.362,9.214
1784632209.6536782,53773,0,19337,0,1.0,0.736,0.848,0.0,1.362,9.214
1784632209.6566987,53773,0,19347,0,1.0,0.735,0.848,0.0,1.362,9.214
1784632209.6609974,53773,0,19357,0,1.0,0.735,0.847,0.0,1.362,9.214
1784632209.664298,53773,0,19367,0,1.0,0.735,0.847,0.0,1.362,9.214
1784632209.6673362,53773,0,19377,0,1.0,0.735,0.847,0.0,1.362,9.214
1784632209.6703496,53773,0,19387,0,1.0,0.735,0.847,0.0,1.361,9.214
1784632209.6734526,53773,0,19397,0,1.0,0.735,0.847,0.0,1.361,9.214
1784632209.6765006,53773,0,19407,0,1.0,0.735,0.847,0.0,1.361,9.214
1784632209.6799266,53773,0,19417,0,1.0,0.735,0.847,0.0,1.361,9.214
1784632209.6833081,53773,0,19427,0,1.0,0.735,0.847,0.0,1.361,9.214
1784632209.6866493,53773,0,19437,0,1.0,0.735,0.847,0.0,1.36,9.214
1784632209.6921363,53773,0,19447,0,1.0,0.734,0.847,0.0,1.36,9.214
1784632209.696604,53773,0,19457,0,1.0,0.734,0.847,0.0,1.36,9.214
1784632209.80431,53773,0,19467,0,1.0,0.734,0.847,0.0,1.36,9.214
1784632209.8077955,53773,0,19477,0,1.0,0.734,0.847,0.0,1.36,9.214
1784632209.8111494,53773,0,19487,0,1.0,0.734,0.847,0.0,1.36,9.214
1784632209.8153112,53773,0,19497,0,1.0,0.734,0.847,0.0,1.359,9.214
1784632209.8190944,53773,0,19507,0,1.0,0.734,0.846,0.0,1.359,9.214
1784632209.8315165,53773,0,19517,0,1.0,0.734,0.846,0.0,1.359,9.214
1784632209.834779,53773,0,19527,0,1.0,0.734,0.846,0.0,1.359,9.214
1784632209.839974,53773,0,19537,0,1.0,0.734,0.846,0.0,1.359,9.214
1784632209.8506098,53773,0,19547,0,1.0,0.733,0.846,0.0,1.358,9.214
1784632209.85467,53773,0,19557,0,1.0,0.733,0.846,0.0,1.358,9.214
1784632209.8587618,53773,0,19567,0,1.0,0.733,0.846,0.0,1.358,9.214
1784632209.8624444,53773,0,19577,0,1.0,0.733,0.846,0.0,1.358,9.214
1784632209.8661804,53773,0,19587,0,1.0,0.733,0.846,0.0,1.358,9.214
1784632209.9752846,53773,0,19597,0,1.0,0.733,0.846,0.0,1.357,9.214
1784632209.978556,53773,0,19607,0,1.0,0.733,0.846,0.0,1.357,9.214
1784632209.9816031,53773,0,19617,0,1.0,0.733,0.846,0.0,1.357,9.214
1784632209.984599,53773,0,19627,0,1.0,0.733,0.846,0.0,1.357,9.214
1784632209.9877596,53773,0,19637,0,1.0,0.733,0.846,0.0,1.357,9.214
1784632209.9906242,53773,0,19647,0,1.0,0.732,0.846,0.0,1.357,9.214
1784632209.9935424,53773,0,19657,0,1.0,0.732,0.845,0.0,1.356,9.214
1784632209.9964094,53773,0,19667,0,1.0,0.732,0.845,0.0,1.356,9.214
1784632209.9997194,53773,0,19677,0,1.0,0.732,0.845,0.0,1.356,9.214
1784632210.0038462,53773,0,19687,0,1.0,0.732,0.845,0.0,1.356,9.214
1784632210.0076416,53773,0,19697,0,1.0,0.732,0.845,0.0,1.356,9.214
1784632210.0106056,53773,0,19707,0,1.0,0.732,0.845,0.0,1.355,9.214
1784632210.013618,53773,0,19717,0,1.0,0.732,0.845,0.0,1.355,9.214
1784632210.0167549,53773,0,19727,0,1.0,0.732,0.845,0.0,1.355,9.214
1784632210.0222707,53773,0,19737,0,1.0,0.732,0.845,0.0,1.355,9.214
1784632210.0254269,53773,0,19747,0,1.0,0.731,0.845,0.0,1.355,9.214
1784632210.0285382,53773,0,19757,0,1.0,0.731,0.845,0.0,1.355,9.214
1784632210.033215,53773,0,19767,0,1.0,0.731,0.845,0.0,1.354,9.214
1784632210.036965,53773,0,19777,0,1.0,0.731,0.845,0.0,1.354,9.214
1784632210.1500978,53773,0,19787,0,1.0,0.731,0.845,0.0,1.354,9.214
1784632210.153079,53773,0,19797,0,1.0,0.731,0.845,0.0,1.354,9.214
1784632210.156585,53773,0,19807,0,1.0,0.731,0.844,0.0,1.354,9.214
1784632210.1626108,53773,0,19817,0,1.0,0.731,0.844,0.0,1.353,9.214
1784632210.1659663,53773,0,19827,0,1.0,0.731,0.844,0.0,1.353,9.214
1784632210.1712742,53773,0,19837,0,1.0,0.731,0.844,0.0,1.353,9.214
1784632210.1780415,53773,0,19847,0,1.0,0.73,0.844,0.0,1.353,9.214
1784632210.1819313,53773,0,19857,0,1.0,0.73,0.844,0.0,1.353,9.214
1784632210.203303,53773,0,19867,0,1.0,0.73,0.844,0.0,1.352,9.214
1784632210.206514,53773,0,19877,0,1.0,0.73,0.844,0.0,1.352,9.214
1784632210.2118514,53773,0,19887,0,1.0,0.73,0.844,0.0,1.352,9.214
1784632210.2151864,53773,0,19897,0,1.0,0.73,0.844,0.0,1.352,9.214
1784632210.2218537,53773,0,19907,0,1.0,0.73,0.844,0.0,1.352,9.214
1784632210.225391,53773,0,19917,0,1.0,0.73,0.844,0.0,1.352,9.214
1784632210.2309043,53773,0,19927,0,1.0,0.73,0.844,0.0,1.351,9.214
1784632210.2347965,53773,0,19937,0,1.0,0.73,0.844,0.0,1.351,9.214
1784632210.2458324,53773,0,19947,0,1.0,0.729,0.844,0.0,1.351,9.214
1784632210.2521443,53773,0,19957,0,1.0,0.729,0.843,0.0,1.351,9.214
1784632210.3575118,53773,0,19967,0,1.0,0.729,0.843,0.0,1.351,9.214
1784632210.361278,53773,0,19977,0,1.0,0.729,0.843,0.0,1.35,9.214
1784632210.3645427,53773,0,19987,0,1.0,0.729,0.843,0.0,1.35,9.214
1784632210.3677263,53773,0,19997,0,1.0,0.729,0.843,0.0,1.35,9.214
1784632210.370615,53773,0,20007,0,1.0,0.729,0.843,0.0,1.35,9.214
1784632210.374339,53773,0,20017,0,1.0,0.729,0.843,0.0,1.35,9.214
1784632210.3779836,53773,0,20027,0,1.0,0.729,0.843,0.0,1.35,9.214
1784632210.3814402,53773,0,20037,0,1.0,0.729,0.843,0.0,1.349,9.214
1784632210.3852258,53773,0,20047,0,1.0,0.728,0.843,0.0,1.349,9.214
1784632210.3884225,53773,0,20057,0,1.0,0.728,0.843,0.0,1.349,9.214
1784632210.3934913,53773,0,20067,0,1.0,0.728,0.843,0.0,1.349,9.214
1784632210.3971102,53773,0,20077,0,1.0,0.728,0.843,0.0,1.349,9.214
1784632210.4142697,53773,0,20087,0,1.0,0.728,0.843,0.0,1.348,9.214
1784632210.5222132,53773,0,20097,0,1.0,0.728,0.843,0.0,1.348,9.214
1784632210.5292032,53773,0,20107,0,1.0,0.728,0.842,0.0,1.348,9.214
1784632210.533709,53773,0,20117,0,1.0,0.728,0.842,0.0,1.348,9.214
1784632210.5380104,53773,0,20127,0,1.0,0.728,0.842,0.0,1.348,9.214
1784632210.5430846,53773,0,20137,0,1.0,0.728,0.842,0.0,1.348,9.214
1784632210.5479593,53773,0,20147,0,1.0,0.727,0.842,0.0,1.347,9.214
1784632210.5518692,53773,0,20157,0,1.0,0.727,0.842,0.0,1.347,9.214
1784632210.5551605,53773,0,20167,0,1.0,0.727,0.842,0.0,1.347,9.214
1784632210.5585763,53773,0,20177,0,1.0,0.727,0.842,0.0,1.347,9.214
1784632210.5620224,53773,0,20187,0,1.0,0.727,0.842,0.0,1.347,9.214
1784632210.56632,53773,0,20197,0,1.0,0.727,0.842,0.0,1.346,9.214
1784632210.569889,53773,0,20207,0,1.0,0.727,0.842,0.0,1.346,9.214
1784632210.5732274,53773,0,20217,0,1.0,0.727,0.842,0.0,1.346,9.214
1784632210.5796356,53773,0,20227,0,1.0,0.727,0.842,0.0,1.346,9.214
1784632210.6944194,53773,0,20237,0,1.0,0.727,0.842,0.0,1.346,9.214
1784632210.6984804,53773,0,20247,0,1.0,0.726,0.842,0.0,1.346,9.214
1784632210.7020457,53773,0,20257,0,1.0,0.726,0.841,0.0,1.345,9.214
1784632210.706981,53773,0,20267,0,1.0,0.726,0.841,0.0,1.345,9.214
1784632210.7128837,53773,0,20277,0,1.0,0.726,0.841,0.0,1.345,9.214
1784632210.7169602,53773,0,20287,0,1.0,0.726,0.841,0.0,1.345,9.214
1784632210.7207417,53773,0,20297,0,1.0,0.726,0.841,0.0,1.345,9.214
1784632210.724837,53773,0,20307,0,1.0,0.726,0.841,0.0,1.344,9.214
1784632210.7289116,53773,0,20317,0,1.0,0.726,0.841,0.0,1.344,9.214
1784632210.7329533,53773,0,20327,0,1.0,0.726,0.841,0.0,1.344,9.214
1784632210.7368195,53773,0,20337,0,1.0,0.726,0.841,0.0,1.344,9.214
1784632210.7407064,53773,0,20347,0,1.0,0.725,0.841,0.0,1.344,9.214
1784632210.7458062,53773,0,20357,0,1.0,0.725,0.841,0.0,1.344,9.214
1784632210.8586202,53773,0,20367,0,1.0,0.725,0.841,0.0,1.343,9.214
1784632210.8634312,53773,0,20377,0,1.0,0.725,0.841,0.0,1.343,9.214
1784632210.8676565,53773,0,20387,0,1.0,0.725,0.841,0.0,1.343,9.214
1784632210.8709037,53773,0,20397,0,1.0,0.725,0.841,0.0,1.343,9.214
1784632210.874948,53773,0,20407,0,1.0,0.725,0.841,0.0,1.343,9.214
1784632210.8789375,53773,0,20417,0,1.0,0.725,0.84,0.0,1.342,9.214
1784632210.8832362,53773,0,20427,0,1.0,0.725,0.84,0.0,1.342,9.214
1784632210.8869314,53773,0,20437,0,1.0,0.725,0.84,0.0,1.342,9.214
1784632210.8981133,53773,0,20447,0,1.0,0.725,0.84,0.0,1.342,9.214
1784632210.90191,53773,0,20457,0,1.0,0.724,0.84,0.0,1.342,9.214
1784632210.9072819,53773,0,20467,0,1.0,0.724,0.84,0.0,1.342,9.214
1784632210.9113004,53773,0,20477,0,1.0,0.724,0.84,0.0,1.341,9.214
1784632211.0185566,53773,0,20487,0,1.0,0.724,0.84,0.0,1.341,9.214
1784632211.0248759,53773,0,20497,0,1.0,0.724,0.84,0.0,1.341,9.214
1784632211.0285943,53773,0,20507,0,1.0,0.724,0.84,0.0,1.341,9.214
1784632211.138331,53773,0,20517,0,1.0,0.724,0.84,0.0,1.341,9.214
1784632211.1415925,53773,0,20527,0,1.0,0.724,0.84,0.0,1.34,9.214
1784632211.1455665,53773,0,20537,0,1.0,0.724,0.84,0.0,1.34,9.214
1784632211.1489768,53773,0,20547,0,1.0,0.724,0.84,0.0,1.34,9.214
1784632211.1532657,53773,0,20557,0,1.0,0.723,0.84,0.0,1.34,9.214
1784632211.1571028,53773,0,20567,0,1.0,0.723,0.839,0.0,1.34,9.214
1784632211.1617093,53773,0,20577,0,1.0,0.723,0.839,0.0,1.34,9.214
1784632211.1649892,53773,0,20587,0,1.0,0.723,0.839,0.0,1.339,9.214
1784632211.1723807,53773,0,20597,0,1.0,0.723,0.839,0.0,1.339,9.214
1784632211.1764913,53773,0,20607,0,1.0,0.723,0.839,0.0,1.339,9.214
1784632211.2870884,53773,0,20617,0,1.0,0.723,0.839,0.0,1.339,9.214
1784632211.2908475,53773,0,20627,0,1.0,0.723,0.839,0.0,1.339,9.214
1784632211.2944236,53773,0,20637,0,1.0,0.723,0.839,0.0,1.339,9.214
1784632211.3000207,53773,0,20647,0,1.0,0.723,0.839,0.0,1.338,9.214
1784632211.3048396,53773,0,20657,0,1.0,0.722,0.839,0.0,1.338,9.214
1784632211.3087895,53773,0,20667,0,1.0,0.722,0.839,0.0,1.338,9.214
1784632211.3148136,53773,0,20677,0,1.0,0.722,0.839,0.0,1.338,9.214
1784632211.319034,53773,0,20687,0,1.0,0.722,0.839,0.0,1.338,9.214
1784632211.323968,53773,0,20697,0,1.0,0.722,0.839,0.0,1.337,9.214
1784632211.3283532,53773,0,20707,0,1.0,0.722,0.839,0.0,1.337,9.214
1784632211.4422936,53773,0,20717,0,1.0,0.722,0.838,0.0,1.337,9.214
1784632211.446687,53773,0,20727,0,1.0,0.722,0.838,0.0,1.337,9.214
1784632211.4504075,53773,0,20737,0,1.0,0.722,0.838,0.0,1.337,9.214
1784632211.4560163,53773,0,20747,0,1.0,0.722,0.838,0.0,1.337,9.214
1784632211.4617732,53773,0,20757,0,1.0,0.721,0.838,0.0,1.336,9.214
1784632211.4656346,53773,0,20767,0,1.0,0.721,0.838,0.0,1.336,9.214
1784632211.471162,53773,0,20777,0,1.0,0.721,0.838,0.0,1.336,9.214
1784632211.478715,53773,0,20787,0,1.0,0.721,0.838,0.0,1.336,9.214
1784632211.4830403,53773,0,20797,0,1.0,0.721,0.838,0.0,1.336,9.214
1784632211.4872882,53773,0,20807,0,1.0,0.721,0.838,0.0,1.335,9.214
1784632211.5943637,53773,0,20817,0,1.0,0.721,0.838,0.0,1.335,9.214
1784632211.599324,53773,0,20827,0,1.0,0.721,0.838,0.0,1.335,9.214
1784632211.608975,53773,0,20837,0,1.0,0.721,0.838,0.0,1.335,9.214
1784632211.6126354,53773,0,20847,0,1.0,0.721,0.838,0.0,1.335,9.214
1784632211.6160142,53773,0,20857,0,1.0,0.721,0.838,0.0,1.335,9.214
1784632211.6206174,53773,0,20867,0,1.0,0.72,0.838,0.0,1.334,9.214
1784632211.6238413,53773,0,20877,0,1.0,0.72,0.837,0.0,1.334,9.214
1784632211.627706,53773,0,20887,0,1.0,0.72,0.837,0.0,1.334,9.214
1784632211.6314898,53773,0,20897,0,1.0,0.72,0.837,0.0,1.334,9.214
1784632211.63467,53773,0,20907,0,1.0,0.72,0.837,0.0,1.334,9.214
1784632211.637661,53773,0,20917,0,1.0,0.72,0.837,0.0,1.333,9.214
1784632211.6406796,53773,0,20927,0,1.0,0.72,0.837,0.0,1.333,9.214
1784632211.7506204,53773,0,20937,0,1.0,0.72,0.837,0.0,1.333,9.214
1784632211.755206,53773,0,20947,0,1.0,0.72,0.837,0.0,1.333,9.214
1784632211.760108,53773,0,20957,0,1.0,0.72,0.837,0.0,1.333,9.214
1784632211.763107,53773,0,20967,0,1.0,0.719,0.837,0.0,1.333,9.214
1784632211.7689364,53773,0,20977,0,1.0,0.719,0.837,0.0,1.332,9.214
1784632211.7760346,53773,0,20987,0,1.0,0.719,0.837,0.0,1.332,9.214
1784632211.7803164,53773,0,20997,0,1.0,0.719,0.837,0.0,1.332,9.214
1784632211.7849107,53773,0,21007,0,1.0,0.719,0.837,0.0,1.332,9.214
1784632211.7884884,53773,0,21017,0,1.0,0.719,0.837,0.0,1.332,9.214
1784632211.7917128,53773,0,21027,0,1.0,0.719,0.836,0.0,1.332,9.214
1784632211.7948494,53773,0,21037,0,1.0,0.719,0.836,0.0,1.331,9.214
1784632211.9069579,53773,0,21047,0,1.0,0.719,0.836,0.0,1.331,9.214
1784632211.9115577,53773,0,21057,0,1.0,0.719,0.836,0.0,1.331,9.214
1784632211.9146051,53773,0,21067,0,1.0,0.719,0.836,0.0,1.331,9.214
1784632211.9255664,53773,0,21077,0,1.0,0.718,0.836,0.0,1.331,9.214
1784632211.9285839,53773,0,21087,0,1.0,0.718,0.836,0.0,1.33,9.214
1784632211.9349296,53773,0,21097,0,1.0,0.718,0.836,0.0,1.33,9.214
1784632211.9385285,53773,0,21107,0,1.0,0.718,0.836,0.0,1.33,9.214
1784632211.9436607,53773,0,21117,0,1.0,0.718,0.836,0.0,1.33,9.214
1784632211.9473243,53773,0,21127,0,1.0,0.718,0.836,0.0,1.33,9.214
1784632211.9524744,53773,0,21137,0,1.0,0.718,0.836,0.0,1.33,9.214
1784632211.9568942,53773,0,21147,0,1.0,0.718,0.836,0.0,1.329,9.214
1784632211.960267,53773,0,21157,0,1.0,0.718,0.836,0.0,1.329,9.214
1784632211.9635868,53773,0,21167,0,1.0,0.718,0.836,0.0,1.329,9.214
1784632212.0764003,53773,0,21177,0,1.0,0.717,0.835,0.0,1.329,9.214
1784632212.0803711,53773,0,21187,0,1.0,0.717,0.835,0.0,1.329,9.214
1784632212.083371,53773,0,21197,0,1.0,0.717,0.835,0.0,1.329,9.214
1784632212.0863006,53773,0,21207,0,1.0,0.717,0.835,0.0,1.328,9.214
1784632212.0891566,53773,0,21217,0,1.0,0.717,0.835,0.0,1.328,9.214
1784632212.0921507,53773,0,21227,0,1.0,0.717,0.835,0.0,1.328,9.214
1784632212.0953918,53773,0,21237,0,1.0,0.717,0.835,0.0,1.328,9.214
1784632212.0989637,53773,0,21247,0,1.0,0.717,0.835,0.0,1.328,9.214
1784632212.1018612,53773,0,21257,0,1.0,0.717,0.835,0.0,1.327,9.214
1784632212.104843,53773,0,21267,0,1.0,0.717,0.835,0.0,1.327,9.214
1784632212.1081262,53773,0,21277,0,1.0,0.716,0.835,0.0,1.327,9.214
1784632212.217585,53773,0,21287,0,1.0,0.716,0.835,0.0,1.327,9.214
1784632212.2220006,53773,0,21297,0,1.0,0.716,0.835,0.0,1.327,9.214
1784632212.2332838,53773,0,21307,0,1.0,0.716,0.835,0.0,1.327,9.214
1784632212.239216,53773,0,21317,0,1.0,0.716,0.835,0.0,1.326,9.214
1784632212.2440455,53773,0,21327,0,1.0,0.716,0.835,0.0,1.326,9.214
1784632212.2480311,53773,0,21337,0,1.0,0.716,0.834,0.0,1.326,9.214
1784632212.2523334,53773,0,21347,0,1.0,0.716,0.834,0.0,1.326,9.214
1784632212.256545,53773,0,21357,0,1.0,0.716,0.834,0.0,1.326,9.214
1784632212.259997,53773,0,21367,0,1.0,0.716,0.834,0.0,1.326,9.214
1784632212.263277,53773,0,21377,0,1.0,0.716,0.834,0.0,1.325,9.214
1784632212.266457,53773,0,21387,0,1.0,0.715,0.834,0.0,1.325,9.214
1784632212.2699769,53773,0,21397,0,1.0,0.715,0.834,0.0,1.325,9.214
1784632212.3803558,53773,0,21407,0,1.0,0.715,0.834,0.0,1.325,9.214
1784632212.3835347,53773,0,21417,0,1.0,0.715,0.834,0.0,1.325,9.214
1784632212.3864295,53773,0,21427,0,1.0,0.715,0.834,0.0,1.324,9.214
1784632212.3896153,53773,0,21437,0,1.0,0.715,0.834,0.0,1.324,9.214
1784632212.3929207,53773,0,21447,0,1.0,0.715,0.834,0.0,1.324,9.214
1784632212.3966238,53773,0,21457,0,1.0,0.715,0.834,0.0,1.324,9.214
1784632212.4001048,53773,0,21467,0,1.0,0.715,0.834,0.0,1.324,9.214
1784632212.4061253,53773,0,21477,0,1.0,0.715,0.834,0.0,1.324,9.214
1784632212.410037,53773,0,21487,0,1.0,0.714,0.833,0.0,1.323,9.214
1784632212.4152358,53773,0,21497,0,1.0,0.714,0.833,0.0,1.323,9.214
1784632212.4185014,53773,0,21507,0,1.0,0.714,0.833,0.0,1.323,9.214
1784632212.4230983,53773,0,21517,0,1.0,0.714,0.833,0.0,1.323,9.214
1784632212.4263778,53773,0,21527,0,1.0,0.714,0.833,0.0,1.323,9.214
1784632212.540143,53773,0,21537,0,1.0,0.714,0.833,0.0,1.323,9.214
1784632212.5437346,53773,0,21547,0,1.0,0.714,0.833,0.0,1.322,9.214
1784632212.5466218,53773,0,21557,0,1.0,0.714,0.833,0.0,1.322,9.214
1784632212.5499218,53773,0,21567,0,1.0,0.714,0.833,0.0,1.322,9.214
1784632212.554285,53773,0,21577,0,1.0,0.714,0.833,0.0,1.322,9.214
1784632212.5600376,53773,0,21587,0,1.0,0.714,0.833,0.0,1.322,9.214
1784632212.5635266,53773,0,21597,0,1.0,0.713,0.833,0.0,1.321,9.214
1784632212.5686028,53773,0,21607,0,1.0,0.713,0.833,0.0,1.321,9.214
1784632212.5721157,53773,0,21617,0,1.0,0.713,0.833,0.0,1.321,9.214
1784632212.5764823,53773,0,21627,0,1.0,0.713,0.833,0.0,1.321,9.214
1784632212.5818188,53773,0,21637,0,1.0,0.713,0.833,0.0,1.321,9.214
1784632212.5857208,53773,0,21647,0,1.0,0.713,0.832,0.0,1.321,9.214
1784632212.5893886,53773,0,21657,0,1.0,0.713,0.832,0.0,1.32,9.214
1784632212.7148006,53773,0,21667,0,1.0,0.713,0.832,0.0,1.32,9.214
1784632212.7184887,53773,0,21677,0,1.0,0.713,0.832,0.0,1.32,9.214
1784632212.7228303,53773,0,21687,0,1.0,0.713,0.832,0.0,1.32,9.214
1784632212.7259245,53773,0,21697,0,1.0,0.713,0.832,0.0,1.32,9.214
1784632212.7288334,53773,0,21707,0,1.0,0.712,0.832,0.0,1.32,9.214
1784632212.731766,53773,0,21717,0,1.0,0.712,0.832,0.0,1.319,9.214
1784632212.7347434,53773,0,21727,0,1.0,0.712,0.832,0.0,1.319,9.214
1784632212.740028,53773,0,21737,0,1.0,0.712,0.832,0.0,1.319,9.214
1784632212.746107,53773,0,21747,0,1.0,0.712,0.832,0.0,1.319,9.214
1784632212.7493713,53773,0,21757,0,1.0,0.712,0.832,0.0,1.319,9.214
1784632212.7539058,53773,0,21767,0,1.0,0.712,0.832,0.0,1.318,9.214
1784632212.7576594,53773,0,21777,0,1.0,0.712,0.832,0.0,1.318,9.214
1784632212.7614393,53773,0,21787,0,1.0,0.712,0.832,0.0,1.318,9.214
1784632212.879421,53773,0,21797,0,1.0,0.712,0.831,0.0,1.318,9.214
1784632212.8824592,53773,0,21807,0,1.0,0.711,0.831,0.0,1.318,9.214
1784632212.885614,53773,0,21817,0,1.0,0.711,0.831,0.0,1.318,9.214
1784632212.8886383,53773,0,21827,0,1.0,0.711,0.831,0.0,1.317,9.214
1784632212.8920162,53773,0,21837,0,1.0,0.711,0.831,0.0,1.317,9.214
1784632212.895925,53773,0,21847,0,1.0,0.711,0.831,0.0,1.317,9.214
1784632212.8992288,53773,0,21857,0,1.0,0.711,0.831,0.0,1.317,9.214
1784632212.9025114,53773,0,21867,0,1.0,0.711,0.831,0.0,1.317,9.214
1784632212.9068015,53773,0,21877,0,1.0,0.711,0.831,0.0,1.317,9.214
1784632212.9114187,53773,0,21887,0,1.0,0.711,0.831,0.0,1.316,9.214
1784632213.0202842,53773,0,21897,0,1.0,0.711,0.831,0.0,1.316,9.214
1784632213.027192,53773,0,21907,0,1.0,0.711,0.831,0.0,1.316,9.214
1784632213.0329127,53773,0,21917,0,1.0,0.71,0.831,0.0,1.316,9.214
1784632213.036715,53773,0,21927,0,1.0,0.71,0.831,0.0,1.316,9.214
1784632213.0408723,53773,0,21937,0,1.0,0.71,0.831,0.0,1.316,9.214
1784632213.046441,53773,0,21947,0,1.0,0.71,0.831,0.0,1.315,9.214
1784632213.050448,53773,0,21957,0,1.0,0.71,0.83,0.0,1.315,9.214
1784632213.0542037,53773,0,21967,0,1.0,0.71,0.83,0.0,1.315,9.214
1784632213.0580838,53773,0,21977,0,1.0,0.71,0.83,0.0,1.315,9.214
1784632213.0662735,53773,0,21987,0,1.0,0.71,0.83,0.0,1.315,9.214
1784632213.069215,53773,0,21997,0,1.0,0.71,0.83,0.0,1.314,9.214
1784632213.0721352,53773,0,22007,0,1.0,0.71,0.83,0.0,1.314,9.214
1784632213.1892805,53773,0,22017,0,1.0,0.709,0.83,0.0,1.314,9.214
1784632213.1947043,53773,0,22027,0,1.0,0.709,0.83,0.0,1.314,9.214
1784632213.20143,53773,0,22037,0,1.0,0.709,0.83,0.0,1.314,9.214
1784632213.205424,53773,0,22047,0,1.0,0.709,0.83,0.0,1.314,9.214
1784632213.209876,53773,0,22057,0,1.0,0.709,0.83,0.0,1.313,9.214
1784632213.2133973,53773,0,22067,0,1.0,0.709,0.83,0.0,1.313,9.214
1784632213.2171576,53773,0,22077,0,1.0,0.709,0.83,0.0,1.313,9.214
1784632213.2214127,53773,0,22087,0,1.0,0.709,0.83,0.0,1.313,9.214
1784632213.2267604,53773,0,22097,0,1.0,0.709,0.83,0.0,1.313,9.214
1784632213.2336283,53773,0,22107,0,1.0,0.709,0.829,0.0,1.313,9.214
1784632213.2374058,53773,0,22117,0,1.0,0.709,0.829,0.0,1.312,9.214
1784632213.2429843,53773,0,22127,0,1.0,0.708,0.829,0.0,1.312,9.214
1784632213.2468057,53773,0,22137,0,1.0,0.708,0.829,0.0,1.312,9.214
1784632213.2501094,53773,0,22147,0,1.0,0.708,0.829,0.0,1.312,9.214
1784632213.3673747,53773,0,22157,0,1.0,0.708,0.829,0.0,1.312,9.214
1784632213.3767588,53773,0,22167,0,1.0,0.708,0.829,0.0,1.312,9.214
1784632213.3811378,53773,0,22177,0,1.0,0.708,0.829,0.0,1.311,9.214
1784632213.3844657,53773,0,22187,0,1.0,0.708,0.829,0.0,1.311,9.214
1784632213.3885803,53773,0,22197,0,1.0,0.708,0.829,0.0,1.311,9.214
1784632213.392453,53773,0,22207,0,1.0,0.708,0.829,0.0,1.311,9.214
1784632213.3962448,53773,0,22217,0,1.0,0.708,0.829,0.0,1.311,9.214
1784632213.3993647,53773,0,22227,0,1.0,0.708,0.829,0.0,1.311,9.214
1784632213.4029102,53773,0,22237,0,1.0,0.707,0.829,0.0,1.31,9.214
1784632213.4062238,53773,0,22247,0,1.0,0.707,0.829,0.0,1.31,9.214
1784632213.41009,53773,0,22257,0,1.0,0.707,0.829,0.0,1.31,9.214
1784632213.4132411,53773,0,22267,0,1.0,0.707,0.828,0.0,1.31,9.214
1784632213.4162767,53773,0,22277,0,1.0,0.707,0.828,0.0,1.31,9.214
1784632213.4193704,53773,0,22287,0,1.0,0.707,0.828,0.0,1.309,9.214
1784632213.4223962,53773,0,22297,0,1.0,0.707,0.828,0.0,1.309,9.214
1784632213.5300453,53773,0,22307,0,1.0,0.707,0.828,0.0,1.309,9.214
1784632213.5343282,53773,0,22317,0,1.0,0.707,0.828,0.0,1.309,9.214
1784632213.5378397,53773,0,22327,0,1.0,0.707,0.828,0.0,1.309,9.214
1784632213.54154,53773,0,22337,0,1.0,0.707,0.828,0.0,1.309,9.214
1784632213.5445776,53773,0,22347,0,1.0,0.706,0.828,0.0,1.308,9.214
1784632213.5474982,53773,0,22357,0,1.0,0.706,0.828,0.0,1.308,9.214
1784632213.5510428,53773,0,22367,0,1.0,0.706,0.828,0.0,1.308,9.214
1784632213.5542674,53773,0,22377,0,1.0,0.706,0.828,0.0,1.308,9.214
1784632213.558434,53773,0,22387,0,1.0,0.706,0.828,0.0,1.308,9.214
1784632213.5620718,53773,0,22397,0,1.0,0.706,0.828,0.0,1.308,9.214
1784632213.5656257,53773,0,22407,0,1.0,0.706,0.828,0.0,1.307,9.214
1784632213.569512,53773,0,22417,0,1.0,0.706,0.828,0.0,1.307,9.214
1784632213.5744576,53773,0,22427,0,1.0,0.706,0.827,0.0,1.307,9.214
1784632213.578569,53773,0,22437,0,1.0,0.706,0.827,0.0,1.307,9.214
1784632213.6909864,53773,0,22447,0,1.0,0.705,0.827,0.0,1.307,9.214
1784632213.697927,53773,0,22457,0,1.0,0.705,0.827,0.0,1.307,9.214
1784632213.7008476,53773,0,22467,0,1.0,0.705,0.827,0.0,1.306,9.214
1784632213.7042491,53773,0,22477,0,1.0,0.705,0.827,0.0,1.306,9.214
1784632213.7073479,53773,0,22487,0,1.0,0.705,0.827,0.0,1.306,9.214
1784632213.7190783,53773,0,22497,0,1.0,0.705,0.827,0.0,1.306,9.214
1784632213.7234614,53773,0,22507,0,1.0,0.705,0.827,0.0,1.306,9.214
1784632213.7275321,53773,0,22517,0,1.0,0.705,0.827,0.0,1.306,9.214
1784632213.7336042,53773,0,22527,0,1.0,0.705,0.827,0.0,1.305,9.214
1784632213.7379932,53773,0,22537,0,1.0,0.705,0.827,0.0,1.305,9.214
1784632213.7422874,53773,0,22547,0,1.0,0.705,0.827,0.0,1.305,9.214
1784632213.7454174,53773,0,22557,0,1.0,0.704,0.827,0.0,1.305,9.214
1784632213.749358,53773,0,22567,0,1.0,0.704,0.827,0.0,1.305,9.214
1784632213.8588357,53773,0,22577,0,1.0,0.704,0.826,0.0,1.305,9.214
1784632213.862292,53773,0,22587,0,1.0,0.704,0.826,0.0,1.304,9.214
1784632213.866101,53773,0,22597,0,1.0,0.704,0.826,0.0,1.304,9.214
1784632213.8692303,53773,0,22607,0,1.0,0.704,0.826,0.0,1.304,9.214
1784632213.8722267,53773,0,22617,0,1.0,0.704,0.826,0.0,1.304,9.214
1784632213.8753152,53773,0,22627,0,1.0,0.704,0.826,0.0,1.304,9.214
1784632213.879159,53773,0,22637,0,1.0,0.704,0.826,0.0,1.303,9.214
1784632213.8830783,53773,0,22647,0,1.0,0.704,0.826,0.0,1.303,9.214
1784632213.8864741,53773,0,22657,0,1.0,0.704,0.826,0.0,1.303,9.214
1784632213.889505,53773,0,22667,0,1.0,0.703,0.826,0.0,1.303,9.214
1784632213.8923953,53773,0,22677,0,1.0,0.703,0.826,0.0,1.303,9.214
1784632213.8958552,53773,0,22687,0,1.0,0.703,0.826,0.0,1.303,9.214
1784632213.8991537,53773,0,22697,0,1.0,0.703,0.826,0.0,1.302,9.214
1784632213.9023838,53773,0,22707,0,1.0,0.703,0.826,0.0,1.302,9.214
1784632214.0172958,53773,0,22717,0,1.0,0.703,0.826,0.0,1.302,9.214
1784632214.0206783,53773,0,22727,0,1.0,0.703,0.826,0.0,1.302,9.214
1784632214.024196,53773,0,22737,0,1.0,0.703,0.825,0.0,1.302,9.214
1784632214.0272667,53773,0,22747,0,1.0,0.703,0.825,0.0,1.302,9.214
1784632214.0303736,53773,0,22757,0,1.0,0.703,0.825,0.0,1.301,9.214
1784632214.0338054,53773,0,22767,0,1.0,0.703,0.825,0.0,1.301,9.214
1784632214.0383425,53773,0,22777,0,1.0,0.702,0.825,0.0,1.301,9.214
1784632214.041379,53773,0,22787,0,1.0,0.702,0.825,0.0,1.301,9.214
1784632214.044402,53773,0,22797,0,1.0,0.702,0.825,0.0,1.301,9.214
1784632214.0477629,53773,0,22807,0,1.0,0.702,0.825,0.0,1.301,9.214
1784632214.0514393,53773,0,22817,0,1.0,0.702,0.825,0.0,1.3,9.214
1784632214.0700247,53773,0,22827,0,1.0,0.702,0.825,0.0,1.3,9.214
1784632214.074697,53773,0,22837,0,1.0,0.702,0.825,0.0,1.3,9.214
1784632214.2003956,53773,0,22847,0,1.0,0.702,0.825,0.0,1.3,9.214
1784632214.204464,53773,0,22857,0,1.0,0.702,0.825,0.0,1.3,9.214
1784632214.2082734,53773,0,22867,0,1.0,0.702,0.825,0.0,1.3,9.214
1784632214.2114375,53773,0,22877,0,1.0,0.702,0.825,0.0,1.299,9.214
1784632214.2145712,53773,0,22887,0,1.0,0.701,0.825,0.0,1.299,9.214
1784632214.2177398,53773,0,22897,0,1.0,0.701,0.824,0.0,1.299,9.214
1784632214.2223997,53773,0,22907,0,1.0,0.701,0.824,0.0,1.299,9.214
1784632214.2256472,53773,0,22917,0,1.0,0.701,0.824,0.0,1.299,9.214
1784632214.2287443,53773,0,22927,0,1.0,0.701,0.824,0.0,1.299,9.214
1784632214.232167,53773,0,22937,0,1.0,0.701,0.824,0.0,1.298,9.214
1784632214.2361577,53773,0,22947,0,1.0,0.701,0.824,0.0,1.298,9.214
1784632214.2397048,53773,0,22957,0,1.0,0.701,0.824,0.0,1.298,9.214
1784632214.243282,53773,0,22967,0,1.0,0.701,0.824,0.0,1.298,9.214
1784632214.2465932,53773,0,22977,0,1.0,0.701,0.824,0.0,1.298,9.214
1784632214.249702,53773,0,22987,0,1.0,0.701,0.824,0.0,1.298,9.214
1784632214.2549493,53773,0,22997,0,1.0,0.7,0.824,0.0,1.297,9.214
1784632214.258225,53773,0,23007,0,1.0,0.7,0.824,0.0,1.297,9.214
1784632214.3687088,53773,0,23017,0,1.0,0.7,0.824,0.0,1.297,9.214
1784632214.3756137,53773,0,23027,0,1.0,0.7,0.824,0.0,1.297,9.214
1784632214.3800256,53773,0,23037,0,1.0,0.7,0.824,0.0,1.297,9.214
1784632214.3833623,53773,0,23047,0,1.0,0.7,0.824,0.0,1.297,9.214
1784632214.387446,53773,0,23057,0,1.0,0.7,0.823,0.0,1.296,9.214
1784632214.390685,53773,0,23067,0,1.0,0.7,0.823,0.0,1.296,9.214
1784632214.393953,53773,0,23077,0,1.0,0.7,0.823,0.0,1.296,9.214
1784632214.398713,53773,0,23087,0,1.0,0.7,0.823,0.0,1.296,9.214
1784632214.407115,53773,0,23097,0,1.0,0.7,0.823,0.0,1.296,9.214
1784632214.4118278,53773,0,23107,0,1.0,0.699,0.823,0.0,1.296,9.214
1784632214.4150012,53773,0,23117,0,1.0,0.699,0.823,0.0,1.295,9.214
1784632214.418128,53773,0,23127,0,1.0,0.699,0.823,0.0,1.295,9.214
1784632214.4212084,53773,0,23137,0,1.0,0.699,0.823,0.0,1.295,9.214
1784632214.5558052,53773,0,23147,0,1.0,0.699,0.823,0.0,1.295,9.214
1784632214.5593746,53773,0,23157,0,1.0,0.699,0.823,0.0,1.295,9.214
1784632214.5626745,53773,0,23167,0,1.0,0.699,0.823,0.0,1.295,9.214
1784632214.5747414,53773,0,23177,0,1.0,0.699,0.823,0.0,1.294,9.214
1784632214.5781443,53773,0,23187,0,1.0,0.699,0.823,0.0,1.294,9.214
1784632214.5812404,53773,0,23197,0,1.0,0.699,0.823,0.0,1.294,9.214
1784632214.5842183,53773,0,23207,0,1.0,0.699,0.823,0.0,1.294,9.214
1784632214.5872505,53773,0,23217,0,1.0,0.698,0.822,0.0,1.294,9.214
1784632214.5910847,53773,0,23227,0,1.0,0.698,0.822,0.0,1.294,9.214
1784632214.595023,53773,0,23237,0,1.0,0.698,0.822,0.0,1.293,9.214
1784632214.598914,53773,0,23247,0,1.0,0.698,0.822,0.0,1.293,9.214
1784632214.6019893,53773,0,23257,0,1.0,0.698,0.822,0.0,1.293,9.214
1784632214.6050875,53773,0,23267,0,1.0,0.698,0.822,0.0,1.293,9.214
1784632214.6084204,53773,0,23277,0,1.0,0.698,0.822,0.0,1.293,9.214
1784632214.611484,53773,0,23287,0,1.0,0.698,0.822,0.0,1.292,9.214
1784632214.7229557,53773,0,23297,0,1.0,0.698,0.822,0.0,1.292,9.214
1784632214.72608,53773,0,23307,0,1.0,0.698,0.822,0.0,1.292,9.214
1784632214.7294874,53773,0,23317,0,1.0,0.698,0.822,0.0,1.292,9.214
1784632214.7341635,53773,0,23327,0,1.0,0.697,0.822,0.0,1.292,9.214
1784632214.737795,53773,0,23337,0,1.0,0.697,0.822,0.0,1.292,9.214
1784632214.7408755,53773,0,23347,0,1.0,0.697,0.822,0.0,1.291,9.214
1784632214.7442284,53773,0,23357,0,1.0,0.697,0.822,0.0,1.291,9.214
1784632214.748195,53773,0,23367,0,1.0,0.697,0.822,0.0,1.291,9.214
1784632214.7591777,53773,0,23377,0,1.0,0.697,0.821,0.0,1.291,9.214
1784632214.763999,53773,0,23387,0,1.0,0.697,0.821,0.0,1.291,9.214
1784632214.7688804,53773,0,23397,0,1.0,0.697,0.821,0.0,1.291,9.214
1784632214.77366,53773,0,23407,0,1.0,0.697,0.821,0.0,1.29,9.214
1784632214.777998,53773,0,23417,0,1.0,0.697,0.821,0.0,1.29,9.214
1784632214.7818055,53773,0,23427,0,1.0,0.697,0.821,0.0,1.29,9.214
1784632214.7860582,53773,0,23437,0,1.0,0.696,0.821,0.0,1.29,9.214
1784632214.8924851,53773,0,23447,0,1.0,0.696,0.821,0.0,1.29,9.214
1784632214.8960001,53773,0,23457,0,1.0,0.696,0.821,0.0,1.29,9.214
1784632214.899755,53773,0,23467,0,1.0,0.696,0.821,0.0,1.289,9.214
1784632214.9033127,53773,0,23477,0,1.0,0.696,0.821,0.0,1.289,9.214
1784632214.9063792,53773,0,23487,0,1.0,0.696,0.821,0.0,1.289,9.214
1784632214.910179,53773,0,23497,0,1.0,0.696,0.821,0.0,1.289,9.214
1784632214.9133391,53773,0,23507,0,1.0,0.696,0.821,0.0,1.289,9.214
1784632214.9165056,53773,0,23517,0,1.0,0.696,0.821,0.0,1.289,9.214
1784632214.9199617,53773,0,23527,0,1.0,0.696,0.821,0.0,1.288,9.214
1784632214.923483,53773,0,23537,0,1.0,0.696,0.82,0.0,1.288,9.214
1784632214.926951,53773,0,23547,0,1.0,0.695,0.82,0.0,1.288,9.214
1784632214.9299557,53773,0,23557,0,1.0,0.695,0.82,0.0,1.288,9.214
1784632214.9335423,53773,0,23567,0,1.0,0.695,0.82,0.0,1.288,9.214
1784632215.0490215,53773,0,23577,0,1.0,0.695,0.82,0.0,1.288,9.214
1784632215.0523257,53773,0,23587,0,1.0,0.695,0.82,0.0,1.287,9.214
1784632215.0563092,53773,0,23597,0,1.0,0.695,0.82,0.0,1.287,9.214
1784632215.0593803,53773,0,23607,0,1.0,0.695,0.82,0.0,1.287,9.214
1784632215.0630913,53773,0,23617,0,1.0,0.695,0.82,0.0,1.287,9.214
1784632215.0670059,53773,0,23627,0,1.0,0.695,0.82,0.0,1.287,9.214
1784632215.0704486,53773,0,23637,0,1.0,0.695,0.82,0.0,1.287,9.214
1784632215.0734782,53773,0,23647,0,1.0,0.695,0.82,0.0,1.286,9.214
1784632215.088133,53773,0,23657,0,1.0,0.694,0.82,0.0,1.286,9.214
1784632215.0927055,53773,0,23667,0,1.0,0.694,0.82,0.0,1.286,9.214
1784632215.0988655,53773,0,23677,0,1.0,0.694,0.82,0.0,1.286,9.214
1784632215.1129587,53773,0,23687,0,1.0,0.694,0.82,0.0,1.286,9.214
1784632215.2272162,53773,0,23697,0,1.0,0.694,0.819,0.0,1.286,9.214
1784632215.2315235,53773,0,23707,0,1.0,0.694,0.819,0.0,1.285,9.214
1784632215.2363825,53773,0,23717,0,1.0,0.694,0.819,0.0,1.285,9.214
1784632215.2411644,53773,0,23727,0,1.0,0.694,0.819,0.0,1.285,9.214
1784632215.2452657,53773,0,23737,0,1.0,0.694,0.819,0.0,1.285,9.214
1784632215.2491474,53773,0,23747,0,1.0,0.694,0.819,0.0,1.285,9.214
1784632215.252587,53773,0,23757,0,1.0,0.694,0.819,0.0,1.285,9.214
1784632215.256402,53773,0,23767,0,1.0,0.693,0.819,0.0,1.284,9.214
1784632215.2595508,53773,0,23777,0,1.0,0.693,0.819,0.0,1.284,9.214
1784632215.2629838,53773,0,23787,0,1.0,0.693,0.819,0.0,1.284,9.214
1784632215.266179,53773,0,23797,0,1.0,0.693,0.819,0.0,1.284,9.214
1784632215.2692277,53773,0,23807,0,1.0,0.693,0.819,0.0,1.284,9.214
1784632215.2752051,53773,0,23817,0,1.0,0.693,0.819,0.0,1.284,9.214
1784632215.2783694,53773,0,23827,0,1.0,0.693,0.819,0.0,1.284,9.214
1784632215.3926685,53773,0,23837,0,1.0,0.693,0.819,0.0,1.283,9.214
1784632215.3972523,53773,0,23847,0,1.0,0.693,0.819,0.0,1.283,9.214
1784632215.4020867,53773,0,23857,0,1.0,0.693,0.818,0.0,1.283,9.214
1784632215.4056354,53773,0,23867,0,1.0,0.693,0.818,0.0,1.283,9.214
1784632215.4115179,53773,0,23877,0,1.0,0.693,0.818,0.0,1.283,9.214
1784632215.4162376,53773,0,23887,0,1.0,0.692,0.818,0.0,1.283,9.214
1784632215.4340255,53773,0,23897,0,1.0,0.692,0.818,0.0,1.282,9.214
1784632215.4388056,53773,0,23907,0,1.0,0.692,0.818,0.0,1.282,9.214
1784632215.4463654,53773,0,23917,0,1.0,0.692,0.818,0.0,1.282,9.214
1784632215.4495518,53773,0,23927,0,1.0,0.692,0.818,0.0,1.282,9.214
1784632215.4546275,53773,0,23937,0,1.0,0.692,0.818,0.0,1.282,9.214
1784632215.4580917,53773,0,23947,0,1.0,0.692,0.818,0.0,1.282,9.214
1784632215.4659488,53773,0,23957,0,1.0,0.692,0.818,0.0,1.281,9.214
1784632215.4703693,53773,0,23967,0,1.0,0.692,0.818,0.0,1.281,9.214
1784632215.5878718,53773,0,23977,0,1.0,0.692,0.818,0.0,1.281,9.214
1784632215.5914736,53773,0,23987,0,1.0,0.692,0.818,0.0,1.281,9.214
1784632215.594851,53773,0,23997,0,1.0,0.691,0.818,0.0,1.281,9.214
1784632215.5988553,53773,0,24007,0,1.0,0.691,0.818,0.0,1.281,9.214
1784632215.6038182,53773,0,24017,0,1.0,0.691,0.817,0.0,1.28,9.214
1784632215.607283,53773,0,24027,0,1.0,0.691,0.817,0.0,1.28,9.214
1784632215.6106915,53773,0,24037,0,1.0,0.691,0.817,0.0,1.28,9.214
1784632215.6139653,53773,0,24047,0,1.0,0.691,0.817,0.0,1.28,9.214
1784632215.617057,53773,0,24057,0,1.0,0.691,0.817,0.0,1.28,9.214
1784632215.620032,53773,0,24067,0,1.0,0.691,0.817,0.0,1.28,9.214
1784632215.6230717,53773,0,24077,0,1.0,0.691,0.817,0.0,1.279,9.214
1784632215.7443094,53773,0,24087,0,1.0,0.691,0.817,0.0,1.279,9.214
1784632215.7490206,53773,0,24097,0,1.0,0.691,0.817,0.0,1.279,9.214
1784632215.7532063,53773,0,24107,0,1.0,0.69,0.817,0.0,1.279,9.214
1784632215.7570639,53773,0,24117,0,1.0,0.69,0.817,0.0,1.279,9.214
1784632215.760376,53773,0,24127,0,1.0,0.69,0.817,0.0,1.279,9.214
1784632215.7651496,53773,0,24137,0,1.0,0.69,0.817,0.0,1.278,9.214
1784632215.769135,53773,0,24147,0,1.0,0.69,0.817,0.0,1.278,9.214
1784632215.7758372,53773,0,24157,0,1.0,0.69,0.817,0.0,1.278,9.214
1784632215.780712,53773,0,24167,0,1.0,0.69,0.817,0.0,1.278,9.214
1784632215.786277,53773,0,24177,0,1.0,0.69,0.816,0.0,1.278,9.214
1784632215.7910795,53773,0,24187,0,1.0,0.69,0.816,0.0,1.278,9.214
1784632215.7972112,53773,0,24197,0,1.0,0.69,0.816,0.0,1.277,9.214
1784632215.8008456,53773,0,24207,0,1.0,0.69,0.816,0.0,1.277,9.214
1784632215.9174778,53773,0,24217,0,1.0,0.689,0.816,0.0,1.277,9.214
1784632215.9217882,53773,0,24227,0,1.0,0.689,0.816,0.0,1.277,9.214
1784632215.930502,53773,0,24237,0,1.0,0.689,0.816,0.0,1.277,9.214
1784632215.9373324,53773,0,24247,0,1.0,0.689,0.816,0.0,1.277,9.214
1784632215.9455798,53773,0,24257,0,1.0,0.689,0.816,0.0,1.276,9.214
1784632215.9525132,53773,0,24267,0,1.0,0.689,0.816,0.0,1.276,9.214
1784632215.9578962,53773,0,24277,0,1.0,0.689,0.816,0.0,1.276,9.214
1784632215.962139,53773,0,24287,0,1.0,0.689,0.816,0.0,1.276,9.214
1784632215.9691184,53773,0,24297,0,1.0,0.689,0.816,0.0,1.276,9.214
1784632215.9839425,53773,0,24307,0,1.0,0.689,0.816,0.0,1.276,9.214
1784632215.9902627,53773,0,24317,0,1.0,0.689,0.816,0.0,1.275,9.214
1784632215.994656,53773,0,24327,0,1.0,0.689,0.816,0.0,1.275,9.214
1784632216.002334,53773,0,24337,0,1.0,0.688,0.815,0.0,1.275,9.214
1784632216.1102395,53773,0,24347,0,1.0,0.688,0.815,0.0,1.275,9.214
1784632216.1182125,53773,0,24357,0,1.0,0.688,0.815,0.0,1.275,9.214
1784632216.124227,53773,0,24367,0,1.0,0.688,0.815,0.0,1.275,9.214
1784632216.133559,53773,0,24377,0,1.0,0.688,0.815,0.0,1.274,9.214
1784632216.1381755,53773,0,24387,0,1.0,0.688,0.815,0.0,1.274,9.214
1784632216.1428545,53773,0,24397,0,1.0,0.688,0.815,0.0,1.274,9.214
1784632216.1502404,53773,0,24407,0,1.0,0.688,0.815,0.0,1.274,9.214
1784632216.1580124,53773,0,24417,0,1.0,0.688,0.815,0.0,1.274,9.214
1784632216.1630785,53773,0,24427,0,1.0,0.688,0.815,0.0,1.274,9.214
1784632216.1686707,53773,0,24437,0,1.0,0.688,0.815,0.0,1.273,9.214
1784632216.1804323,53773,0,24447,0,1.0,0.687,0.815,0.0,1.273,9.214
1784632216.18522,53773,0,24457,0,1.0,0.687,0.815,0.0,1.273,9.214
1784632216.1968255,53773,0,24467,0,1.0,0.687,0.815,0.0,1.273,9.214
1784632216.2005289,53773,0,24477,0,1.0,0.687,0.815,0.0,1.273,9.214
1784632216.2044578,53773,0,24487,0,1.0,0.687,0.815,0.0,1.273,9.214
1784632216.2094321,53773,0,24497,0,1.0,0.687,0.814,0.0,1.273,9.214
1784632216.2135975,53773,0,24507,0,1.0,0.687,0.814,0.0,1.272,9.214
1784632216.3336487,53773,0,24517,0,1.0,0.687,0.814,0.0,1.272,9.214
1784632216.33774,53773,0,24527,0,1.0,0.687,0.814,0.0,1.272,9.214
1784632216.343296,53773,0,24537,0,1.0,0.687,0.814,0.0,1.272,9.214
1784632216.3485994,53773,0,24547,0,1.0,0.687,0.814,0.0,1.272,9.214
1784632216.3526313,53773,0,24557,0,1.0,0.686,0.814,0.0,1.272,9.214
1784632216.3564029,53773,0,24567,0,1.0,0.686,0.814,0.0,1.271,9.214
1784632216.3603594,53773,0,24577,0,1.0,0.686,0.814,0.0,1.271,9.214
1784632216.368225,53773,0,24587,0,1.0,0.686,0.814,0.0,1.271,9.214
1784632216.3722544,53773,0,24597,0,1.0,0.686,0.814,0.0,1.271,9.214
1784632216.3795981,53773,0,24607,0,1.0,0.686,0.814,0.0,1.271,9.214
1784632216.3838816,53773,0,24617,0,1.0,0.686,0.814,0.0,1.271,9.214
1784632216.3879054,53773,0,24627,0,1.0,0.686,0.814,0.0,1.27,9.214
1784632216.3918433,53773,0,24637,0,1.0,0.686,0.814,0.0,1.27,9.214
1784632216.406117,53773,0,24647,0,1.0,0.686,0.814,0.0,1.27,9.214
1784632216.414973,53773,0,24657,0,1.0,0.686,0.813,0.0,1.27,9.214
1784632216.4194784,53773,0,24667,0,1.0,0.686,0.813,0.0,1.27,9.214
1784632216.424225,53773,0,24677,0,1.0,0.685,0.813,0.0,1.27,9.214
1784632216.4311996,53773,0,24687,0,1.0,0.685,0.813,0.0,1.269,9.214
1784632216.5471087,53773,0,24697,0,1.0,0.685,0.813,0.0,1.269,9.214
1784632216.5514715,53773,0,24707,0,1.0,0.685,0.813,0.0,1.269,9.214
1784632216.5570798,53773,0,24717,0,1.0,0.685,0.813,0.0,1.269,9.214
1784632216.563036,53773,0,24727,0,1.0,0.685,0.813,0.0,1.269,9.214
1784632216.5730581,53773,0,24737,0,1.0,0.685,0.813,0.0,1.269,9.214
1784632216.5783944,53773,0,24747,0,1.0,0.685,0.813,0.0,1.268,9.214
1784632216.5894153,53773,0,24757,0,1.0,0.685,0.813,0.0,1.268,9.214
1784632216.601645,53773,0,24767,0,1.0,0.685,0.813,0.0,1.268,9.214
1784632216.605751,53773,0,24777,0,1.0,0.685,0.813,0.0,1.268,9.214
1784632216.6102142,53773,0,24787,0,1.0,0.684,0.813,0.0,1.268,9.214
1784632216.615347,53773,0,24797,0,1.0,0.684,0.813,0.0,1.268,9.214
1784632216.627783,53773,0,24807,0,1.0,0.684,0.813,0.0,1.268,9.214
1784632216.6367376,53773,0,24817,0,1.0,0.684,0.813,0.0,1.267,9.214
1784632216.6409009,53773,0,24827,0,1.0,0.684,0.812,0.0,1.267,9.214
1784632216.6517692,53773,0,24837,0,1.0,0.684,0.812,0.0,1.267,9.214
1784632216.6648905,53773,0,24847,0,1.0,0.684,0.812,0.0,1.267,9.214
1784632216.6687994,53773,0,24857,0,1.0,0.684,0.812,0.0,1.267,9.214
1784632216.673127,53773,0,24867,0,1.0,0.684,0.812,0.0,1.267,9.214
1784632216.6770878,53773,0,24877,0,1.0,0.684,0.812,0.0,1.266,9.214
1784632216.8074474,53773,0,24887,0,1.0,0.684,0.812,0.0,1.266,9.214
1784632216.8232775,53773,0,24897,0,1.0,0.684,0.812,0.0,1.266,9.214
1784632216.8277745,53773,0,24907,0,1.0,0.683,0.812,0.0,1.266,9.214
1784632216.8568432,53773,0,24917,0,1.0,0.683,0.812,0.0,1.266,9.214
1784632216.8637435,53773,0,24927,0,1.0,0.683,0.812,0.0,1.266,9.214
1784632216.868007,53773,0,24937,0,1.0,0.683,0.812,0.0,1.265,9.214
1784632216.8732138,53773,0,24947,0,1.0,0.683,0.812,0.0,1.265,9.214
1784632216.905108,53773,0,24957,0,1.0,0.683,0.812,0.0,1.265,9.214
1784632216.9142718,53773,0,24967,0,1.0,0.683,0.812,0.0,1.265,9.214
1784632216.9179177,53773,0,24977,0,1.0,0.683,0.812,0.0,1.265,9.214
1784632216.9276948,53773,0,24987,0,1.0,0.683,0.811,0.0,1.265,9.214
1784632216.9316735,53773,0,24997,0,1.0,0.683,0.811,0.0,1.264,9.214
1784632216.9811385,53773,0,25007,0,1.0,0.683,0.811,0.0,1.264,9.214
1784632216.9846902,53773,0,25017,0,1.0,0.682,0.811,0.0,1.264,9.214
1784632216.988922,53773,0,25027,0,1.0,0.682,0.811,0.0,1.264,9.214
1784632216.9952288,53773,0,25037,0,1.0,0.682,0.811,0.0,1.264,9.214
1784632217.1127145,53773,0,25047,0,1.0,0.682,0.811,0.0,1.264,9.214
1784632217.1163902,53773,0,25057,0,1.0,0.682,0.811,0.0,1.263,9.214
1784632217.1194646,53773,0,25067,0,1.0,0.682,0.811,0.0,1.263,9.214
1784632217.1309261,53773,0,25077,0,1.0,0.682,0.811,0.0,1.263,9.214
1784632217.135015,53773,0,25087,0,1.0,0.682,0.811,0.0,1.263,9.214
1784632217.1399736,53773,0,25097,0,1.0,0.682,0.811,0.0,1.263,9.214
1784632217.154684,53773,0,25107,0,1.0,0.682,0.811,0.0,1.263,9.214
1784632217.1635542,53773,0,25117,0,1.0,0.682,0.811,0.0,1.263,9.214
1784632217.170768,53773,0,25127,0,1.0,0.682,0.811,0.0,1.262,9.214
1784632217.1739585,53773,0,25137,0,1.0,0.681,0.811,0.0,1.262,9.214
1784632217.1820595,53773,0,25147,0,1.0,0.681,0.81,0.0,1.262,9.214
1784632217.1883445,53773,0,25157,0,1.0,0.681,0.81,0.0,1.262,9.214
1784632217.193098,53773,0,25167,0,1.0,0.681,0.81,0.0,1.262,9.214
1784632217.197514,53773,0,25177,0,1.0,0.681,0.81,0.0,1.262,9.214
1784632217.2012482,53773,0,25187,0,1.0,0.681,0.81,0.0,1.261,9.214
1784632217.2053442,53773,0,25197,0,1.0,0.681,0.81,0.0,1.261,9.214
1784632217.2101834,53773,0,25207,0,1.0,0.681,0.81,0.0,1.261,9.214
1784632217.2150106,53773,0,25217,0,1.0,0.681,0.81,0.0,1.261,9.214
1784632217.2226741,53773,0,25227,0,1.0,0.681,0.81,0.0,1.261,9.214
1784632217.2276032,53773,0,25237,0,1.0,0.681,0.81,0.0,1.261,9.214
1784632217.2324388,53773,0,25247,0,1.0,0.68,0.81,0.0,1.26,9.214
1784632217.2365305,53773,0,25257,0,1.0,0.68,0.81,0.0,1.26,9.214
1784632217.2416055,53773,0,25267,0,1.0,0.68,0.81,0.0,1.26,9.214
1784632217.248761,53773,0,25277,0,1.0,0.68,0.81,0.0,1.26,9.214
1784632217.2549527,53773,0,25287,0,1.0,0.68,0.81,0.0,1.26,9.214
1784632217.3674853,53773,0,25297,0,1.0,0.68,0.81,0.0,1.26,9.214
1784632217.3752284,53773,0,25307,0,1.0,0.68,0.81,0.0,1.259,9.214
1784632217.3832357,53773,0,25317,0,1.0,0.68,0.809,0.0,1.259,9.214
1784632217.3886244,53773,0,25327,0,1.0,0.68,0.809,0.0,1.259,9.214
1784632217.3933651,53773,0,25337,0,1.0,0.68,0.809,0.0,1.259,9.214
1784632217.405413,53773,0,25347,0,1.0,0.68,0.809,0.0,1.259,9.214
1784632217.4124146,53773,0,25357,0,1.0,0.68,0.809,0.0,1.259,9.214
1784632217.4176817,53773,0,25367,0,1.0,0.679,0.809,0.0,1.259,9.214
1784632217.429898,53773,0,25377,0,1.0,0.679,0.809,0.0,1.258,9.214
1784632217.4358687,53773,0,25387,0,1.0,0.679,0.809,0.0,1.258,9.214
1784632217.4427726,53773,0,25397,0,1.0,0.679,0.809,0.0,1.258,9.214
1784632217.4478614,53773,0,25407,0,1.0,0.679,0.809,0.0,1.258,9.214
1784632217.454465,53773,0,25417,0,1.0,0.679,0.809,0.0,1.258,9.214
1784632217.4701858,53773,0,25427,0,1.0,0.679,0.809,0.0,1.258,9.214
1784632217.4774232,53773,0,25437,0,1.0,0.679,0.809,0.0,1.257,9.214
1784632217.4816039,53773,0,25447,0,1.0,0.679,0.809,0.0,1.257,9.214
1784632217.4858952,53773,0,25457,0,1.0,0.679,0.809,0.0,1.257,9.214
1784632217.491024,53773,0,25467,0,1.0,0.679,0.809,0.0,1.257,9.214
1784632217.4954493,53773,0,25477,0,1.0,0.679,0.808,0.0,1.257,9.214
1784632217.5003178,53773,0,25487,0,1.0,0.678,0.808,0.0,1.257,9.214
1784632217.5063357,53773,0,25497,0,1.0,0.678,0.808,0.0,1.256,9.214
1784632217.511125,53773,0,25507,0,1.0,0.678,0.808,0.0,1.256,9.214
1784632217.6245525,53773,0,25517,0,1.0,0.678,0.808,0.0,1.256,9.214
1784632217.6313946,53773,0,25527,0,1.0,0.678,0.808,0.0,1.256,9.214
1784632217.6359818,53773,0,25537,0,1.0,0.678,0.808,0.0,1.256,9.214
1784632217.6409593,53773,0,25547,0,1.0,0.678,0.808,0.0,1.256,9.214
1784632217.6518195,53773,0,25557,0,1.0,0.678,0.808,0.0,1.256,9.214
1784632217.6583815,53773,0,25567,0,1.0,0.678,0.808,0.0,1.255,9.214
1784632217.6657774,53773,0,25577,0,1.0,0.678,0.808,0.0,1.255,9.214
1784632217.6697571,53773,0,25587,0,1.0,0.678,0.808,0.0,1.255,9.214
1784632217.678404,53773,0,25597,0,1.0,0.677,0.808,0.0,1.255,9.214
1784632217.6856487,53773,0,25607,0,1.0,0.677,0.808,0.0,1.255,9.214
1784632217.6936202,53773,0,25617,0,1.0,0.677,0.808,0.0,1.255,9.214
1784632217.7046854,53773,0,25627,0,1.0,0.677,0.808,0.0,1.254,9.214
1784632217.711,53773,0,25637,0,1.0,0.677,0.808,0.0,1.254,9.214
1784632217.7176075,53773,0,25647,0,1.0,0.677,0.807,0.0,1.254,9.214
1784632217.7263334,53773,0,25657,0,1.0,0.677,0.807,0.0,1.254,9.214
1784632217.7303884,53773,0,25667,0,1.0,0.677,0.807,0.0,1.254,9.214
1784632217.7349882,53773,0,25677,0,1.0,0.677,0.807,0.0,1.254,9.214
1784632217.7419035,53773,0,25687,0,1.0,0.677,0.807,0.0,1.253,9.214
1784632217.8540418,53773,0,25697,0,1.0,0.677,0.807,0.0,1.253,9.214
1784632217.8620543,53773,0,25707,0,1.0,0.677,0.807,0.0,1.253,9.214
1784632217.8665292,53773,0,25717,0,1.0,0.676,0.807,0.0,1.253,9.214
1784632217.871392,53773,0,25727,0,1.0,0.676,0.807,0.0,1.253,9.214
1784632217.8815293,53773,0,25737,0,1.0,0.676,0.807,0.0,1.253,9.214
1784632217.8899174,53773,0,25747,0,1.0,0.676,0.807,0.0,1.253,9.214
1784632217.8983738,53773,0,25757,0,1.0,0.676,0.807,0.0,1.252,9.214
1784632217.9033635,53773,0,25767,0,1.0,0.676,0.807,0.0,1.252,9.214
1784632217.913716,53773,0,25777,0,1.0,0.676,0.807,0.0,1.252,9.214
1784632217.918078,53773,0,25787,0,1.0,0.676,0.807,0.0,1.252,9.214
1784632217.9240668,53773,0,25797,0,1.0,0.676,0.807,0.0,1.252,9.214
1784632217.9315512,53773,0,25807,0,1.0,0.676,0.806,0.0,1.252,9.214
1784632217.937202,53773,0,25817,0,1.0,0.676,0.806,0.0,1.251,9.214
1784632217.9491615,53773,0,25827,0,1.0,0.676,0.806,0.0,1.251,9.214
1784632217.953671,53773,0,25837,0,1.0,0.675,0.806,0.0,1.251,9.214
1784632217.9581697,53773,0,25847,0,1.0,0.675,0.806,0.0,1.251,9.214
1784632217.9632633,53773,0,25857,0,1.0,0.675,0.806,0.0,1.251,9.214
1784632217.9682164,53773,0,25867,0,1.0,0.675,0.806,0.0,1.251,9.214
1784632218.0743027,53773,0,25877,0,1.0,0.675,0.806,0.0,1.25,9.214
1784632218.0776427,53773,0,25887,0,1.0,0.675,0.806,0.0,1.25,9.214
1784632218.0814044,53773,0,25897,0,1.0,0.675,0.806,0.0,1.25,9.214
1784632218.0846398,53773,0,25907,0,1.0,0.675,0.806,0.0,1.25,9.214
1784632218.0877671,53773,0,25917,0,1.0,0.675,0.806,0.0,1.25,9.214
1784632218.0909002,53773,0,25927,0,1.0,0.675,0.806,0.0,1.25,9.214
1784632218.094027,53773,0,25937,0,1.0,0.675,0.806,0.0,1.25,9.214
1784632218.0980446,53773,0,25947,0,1.0,0.675,0.806,0.0,1.249,9.214
1784632218.1012216,53773,0,25957,0,1.0,0.674,0.806,0.0,1.249,9.214
1784632218.1044376,53773,0,25967,0,1.0,0.674,0.806,0.0,1.249,9.214
1784632218.108067,53773,0,25977,0,1.0,0.674,0.805,0.0,1.249,9.214
1784632218.1115475,53773,0,25987,0,1.0,0.674,0.805,0.0,1.249,9.214
1784632218.1148918,53773,0,25997,0,1.0,0.674,0.805,0.0,1.249,9.214
1784632218.1182272,53773,0,26007,0,1.0,0.674,0.805,0.0,1.248,9.214
1784632218.2271347,53773,0,26017,0,1.0,0.674,0.805,0.0,1.248,9.214
1784632218.230657,53773,0,26027,0,1.0,0.674,0.805,0.0,1.248,9.214
1784632218.2338333,53773,0,26037,0,1.0,0.674,0.805,0.0,1.248,9.214
1784632218.2374687,53773,0,26047,0,1.0,0.674,0.805,0.0,1.248,9.214
1784632218.3425443,53773,0,26057,0,1.0,0.674,0.805,0.0,1.248,9.214
1784632218.3488405,53773,0,26067,0,1.0,0.674,0.805,0.0,1.248,9.214
1784632218.3526225,53773,0,26077,0,1.0,0.673,0.805,0.0,1.247,9.214
1784632218.3559153,53773,0,26087,0,1.0,0.673,0.805,0.0,1.247,9.214
1784632218.3592014,53773,0,26097,0,1.0,0.673,0.805,0.0,1.247,9.214
1784632218.36289,53773,0,26107,0,1.0,0.673,0.805,0.0,1.247,9.214
1784632218.366094,53773,0,26117,0,1.0,0.673,0.805,0.0,1.247,9.214
1784632218.3691783,53773,0,26127,0,1.0,0.673,0.805,0.0,1.247,9.214
1784632218.4861479,53773,0,26137,0,1.0,0.673,0.804,0.0,1.246,9.214
1784632218.4918866,53773,0,26147,0,1.0,0.673,0.804,0.0,1.246,9.214
1784632218.4954147,53773,0,26157,0,1.0,0.673,0.804,0.0,1.246,9.214
1784632218.5055332,53773,0,26167,0,1.0,0.673,0.804,0.0,1.246,9.214
1784632218.512941,53773,0,26177,0,1.0,0.673,0.804,0.0,1.246,9.214
1784632218.6286287,53773,0,26187,0,1.0,0.672,0.804,0.0,1.246,9.214
1784632218.6337845,53773,0,26197,0,1.0,0.672,0.804,0.0,1.245,9.214
1784632218.63844,53773,0,26207,0,1.0,0.672,0.804,0.0,1.245,9.214
1784632218.642268,53773,0,26217,0,1.0,0.672,0.804,0.0,1.245,9.214
1784632218.645694,53773,0,26227,0,1.0,0.672,0.804,0.0,1.245,9.214
1784632218.7587585,53773,0,26237,0,1.0,0.672,0.804,0.0,1.245,9.214
1784632218.7696784,53773,0,26247,0,1.0,0.672,0.804,0.0,1.245,9.214
1784632218.7730274,53773,0,26257,0,1.0,0.672,0.804,0.0,1.245,9.214
1784632218.776319,53773,0,26267,0,1.0,0.672,0.804,0.0,1.244,9.214
1784632218.7794952,53773,0,26277,0,1.0,0.672,0.804,0.0,1.244,9.214
1784632218.7830303,53773,0,26287,0,1.0,0.672,0.804,0.0,1.244,9.214
1784632218.7868495,53773,0,26297,0,1.0,0.672,0.804,0.0,1.244,9.214
1784632218.7899992,53773,0,26307,0,1.0,0.671,0.803,0.0,1.244,9.214
1784632218.7931678,53773,0,26317,0,1.0,0.671,0.803,0.0,1.244,9.214
1784632218.8995225,53773,0,26327,0,1.0,0.671,0.803,0.0,1.243,9.214
1784632218.9028206,53773,0,26337,0,1.0,0.671,0.803,0.0,1.243,9.214
1784632218.906338,53773,0,26347,0,1.0,0.671,0.803,0.0,1.243,9.214
1784632218.9107528,53773,0,26357,0,1.0,0.671,0.803,0.0,1.243,9.214
1784632218.9144213,53773,0,26367,0,1.0,0.671,0.803,0.0,1.243,9.214
1784632218.9177976,53773,0,26377,0,1.0,0.671,0.803,0.0,1.243,9.214
1784632219.0293183,53773,0,26387,0,1.0,0.671,0.803,0.0,1.243,9.214
1784632219.03311,53773,0,26397,0,1.0,0.671,0.803,0.0,1.242,9.214
1784632219.0369186,53773,0,26407,0,1.0,0.671,0.803,0.0,1.242,9.214
1784632219.0403333,53773,0,26417,0,1.0,0.671,0.803,0.0,1.242,9.214
1784632219.0439076,53773,0,26427,0,1.0,0.67,0.803,0.0,1.242,9.214
1784632219.0472023,53773,0,26437,0,1.0,0.67,0.803,0.0,1.242,9.214
1784632219.0512376,53773,0,26447,0,1.0,0.67,0.803,0.0,1.242,9.214
1784632219.054516,53773,0,26457,0,1.0,0.67,0.803,0.0,1.241,9.214
1784632219.0576081,53773,0,26467,0,1.0,0.67,0.803,0.0,1.241,9.214
1784632219.0606878,53773,0,26477,0,1.0,0.67,0.802,0.0,1.241,9.214
1784632219.0637233,53773,0,26487,0,1.0,0.67,0.802,0.0,1.241,9.214
1784632219.1731217,53773,0,26497,0,1.0,0.67,0.802,0.0,1.241,9.214
1784632219.1809673,53773,0,26507,0,1.0,0.67,0.802,0.0,1.241,9.214
1784632219.1841636,53773,0,26517,0,1.0,0.67,0.802,0.0,1.241,9.214
1784632219.1942437,53773,0,26527,0,1.0,0.67,0.802,0.0,1.24,9.214
1784632219.200363,53773,0,26537,0,1.0,0.67,0.802,0.0,1.24,9.214
1784632219.206044,53773,0,26547,0,1.0,0.669,0.802,0.0,1.24,9.214
1784632219.2112575,53773,0,26557,0,1.0,0.669,0.802,0.0,1.24,9.214
1784632219.2148585,53773,0,26567,0,1.0,0.669,0.802,0.0,1.24,9.214
1784632219.2185216,53773,0,26577,0,1.0,0.669,0.802,0.0,1.24,9.214
1784632219.2226086,53773,0,26587,0,1.0,0.669,0.802,0.0,1.239,9.214
1784632219.3290246,53773,0,26597,0,1.0,0.669,0.802,0.0,1.239,9.214
1784632219.33287,53773,0,26607,0,1.0,0.669,0.802,0.0,1.239,9.214
1784632219.3359764,53773,0,26617,0,1.0,0.669,0.802,0.0,1.239,9.214
1784632219.339096,53773,0,26627,0,1.0,0.669,0.802,0.0,1.239,9.214
1784632219.3421159,53773,0,26637,0,1.0,0.669,0.801,0.0,1.239,9.214
1784632219.3452253,53773,0,26647,0,1.0,0.669,0.801,0.0,1.239,9.214
1784632219.3491874,53773,0,26657,0,1.0,0.669,0.801,0.0,1.238,9.214
1784632219.4574697,53773,0,26667,0,1.0,0.668,0.801,0.0,1.238,9.214
1784632219.461026,53773,0,26677,0,1.0,0.668,0.801,0.0,1.238,9.214
1784632219.4642005,53773,0,26687,0,1.0,0.668,0.801,0.0,1.238,9.214
1784632219.4675646,53773,0,26697,0,1.0,0.668,0.801,0.0,1.238,9.214
1784632219.4727309,53773,0,26707,0,1.0,0.668,0.801,0.0,1.238,9.214
1784632219.584942,53773,0,26717,0,1.0,0.668,0.801,0.0,1.237,9.214
1784632219.5884635,53773,0,26727,0,1.0,0.668,0.801,0.0,1.237,9.214
1784632219.5916204,53773,0,26737,0,1.0,0.668,0.801,0.0,1.237,9.214
1784632219.5946414,53773,0,26747,0,1.0,0.668,0.801,0.0,1.237,9.214
1784632219.6005578,53773,0,26757,0,1.0,0.668,0.801,0.0,1.237,9.214
1784632219.6043217,53773,0,26767,0,1.0,0.668,0.801,0.0,1.237,9.214
1784632219.7135446,53773,0,26777,0,1.0,0.668,0.801,0.0,1.237,9.214
1784632219.717227,53773,0,26787,0,1.0,0.667,0.801,0.0,1.236,9.214
1784632219.721355,53773,0,26797,0,1.0,0.667,0.801,0.0,1.236,9.214
1784632219.7261024,53773,0,26807,0,1.0,0.667,0.8,0.0,1.236,9.214
1784632219.8425107,53773,0,26817,0,1.0,0.667,0.8,0.0,1.236,9.214
1784632219.8476198,53773,0,26827,0,1.0,0.667,0.8,0.0,1.236,9.214
1784632219.8542037,53773,0,26837,0,1.0,0.667,0.8,0.0,1.236,9.214
1784632219.8591852,53773,0,26847,0,1.0,0.667,0.8,0.0,1.235,9.214
1784632219.8661675,53773,0,26857,0,1.0,0.667,0.8,0.0,1.235,9.214
1784632219.8702013,53773,0,26867,0,1.0,0.667,0.8,0.0,1.235,9.214
1784632219.8734746,53773,0,26877,0,1.0,0.667,0.8,0.0,1.235,9.214
1784632219.8821428,53773,0,26887,0,1.0,0.667,0.8,0.0,1.235,9.214
1784632219.994627,53773,0,26897,0,1.0,0.667,0.8,0.0,1.235,9.214
1784632219.9990795,53773,0,26907,0,1.0,0.666,0.8,0.0,1.235,9.214
1784632220.003844,53773,0,26917,0,1.0,0.666,0.8,0.0,1.234,9.214
1784632220.1190856,53773,0,26927,0,1.0,0.666,0.8,0.0,1.234,9.214
1784632220.1221626,53773,0,26937,0,1.0,0.666,0.8,0.0,1.234,9.214
1784632220.125325,53773,0,26947,0,1.0,0.666,0.8,0.0,1.234,9.214
1784632220.1296108,53773,0,26957,0,1.0,0.666,0.8,0.0,1.234,9.214
1784632220.1341279,53773,0,26967,0,1.0,0.666,0.8,0.0,1.234,9.214
1784632220.137608,53773,0,26977,0,1.0,0.666,0.799,0.0,1.233,9.214
1784632220.1407661,53773,0,26987,0,1.0,0.666,0.799,0.0,1.233,9.214
1784632220.1445236,53773,0,26997,0,1.0,0.666,0.799,0.0,1.233,9.214
1784632220.14813,53773,0,27007,0,1.0,0.666,0.799,0.0,1.233,9.214
1784632220.1514175,53773,0,27017,0,1.0,0.666,0.799,0.0,1.233,9.214
1784632220.2591856,53773,0,27027,0,1.0,0.666,0.799,0.0,1.233,9.214
1784632220.2630382,53773,0,27037,0,1.0,0.665,0.799,0.0,1.233,9.214
1784632220.2665002,53773,0,27047,0,1.0,0.665,0.799,0.0,1.232,9.214
1784632220.27046,53773,0,27057,0,1.0,0.665,0.799,0.0,1.232,9.214
1784632220.2736669,53773,0,27067,0,1.0,0.665,0.799,0.0,1.232,9.214
1784632220.277086,53773,0,27077,0,1.0,0.665,0.799,0.0,1.232,9.214
1784632220.280677,53773,0,27087,0,1.0,0.665,0.799,0.0,1.232,9.214
1784632220.286945,53773,0,27097,0,1.0,0.665,0.799,0.0,1.232,9.214
1784632220.2902386,53773,0,27107,0,1.0,0.665,0.799,0.0,1.231,9.214
1784632220.2935462,53773,0,27117,0,1.0,0.665,0.799,0.0,1.231,9.214
1784632220.2984757,53773,0,27127,0,1.0,0.665,0.799,0.0,1.231,9.214
1784632220.306686,53773,0,27137,0,1.0,0.665,0.799,0.0,1.231,9.214
1784632220.3113866,53773,0,27147,0,1.0,0.665,0.798,0.0,1.231,9.214
1784632220.3158324,53773,0,27157,0,1.0,0.664,0.798,0.0,1.231,9.214
1784632220.436572,53773,0,27167,0,1.0,0.664,0.798,0.0,1.231,9.214
1784632220.4412336,53773,0,27177,0,1.0,0.664,0.798,0.0,1.23,9.214
1784632220.444609,53773,0,27187,0,1.0,0.664,0.798,0.0,1.23,9.214
1784632220.4482348,53773,0,27197,0,1.0,0.664,0.798,0.0,1.23,9.214
1784632220.4514096,53773,0,27207,0,1.0,0.664,0.798,0.0,1.23,9.214
1784632220.4549289,53773,0,27217,0,1.0,0.664,0.798,0.0,1.23,9.214
1784632220.4581697,53773,0,27227,0,1.0,0.664,0.798,0.0,1.23,9.214
1784632220.4615045,53773,0,27237,0,1.0,0.664,0.798,0.0,1.23,9.214
1784632220.4647744,53773,0,27247,0,1.0,0.664,0.798,0.0,1.229,9.214
1784632220.4679117,53773,0,27257,0,1.0,0.664,0.798,0.0,1.229,9.214
1784632220.471545,53773,0,27267,0,1.0,0.664,0.798,0.0,1.229,9.214
1784632220.4751043,53773,0,27277,0,1.0,0.663,0.798,0.0,1.229,9.214
1784632220.478495,53773,0,27287,0,1.0,0.663,0.798,0.0,1.229,9.214
1784632220.4816608,53773,0,27297,0,1.0,0.663,0.798,0.0,1.229,9.214
1784632220.485358,53773,0,27307,0,1.0,0.663,0.798,0.0,1.228,9.214
1784632220.488572,53773,0,27317,0,1.0,0.663,0.797,0.0,1.228,9.214
1784632220.4916973,53773,0,27327,0,1.0,0.663,0.797,0.0,1.228,9.214
1784632220.6011288,53773,0,27337,0,1.0,0.663,0.797,0.0,1.228,9.214
1784632220.6043727,53773,0,27347,0,1.0,0.663,0.797,0.0,1.228,9.214
1784632220.6080923,53773,0,27357,0,1.0,0.663,0.797,0.0,1.228,9.214
1784632220.6114805,53773,0,27367,0,1.0,0.663,0.797,0.0,1.228,9.214
1784632220.614823,53773,0,27377,0,1.0,0.663,0.797,0.0,1.227,9.214
1784632220.6178124,53773,0,27387,0,1.0,0.663,0.797,0.0,1.227,9.214
1784632220.6208882,53773,0,27397,0,1.0,0.662,0.797,0.0,1.227,9.214
1784632220.624769,53773,0,27407,0,1.0,0.662,0.797,0.0,1.227,9.214
1784632220.629184,53773,0,27417,0,1.0,0.662,0.797,0.0,1.227,9.214
1784632220.6396785,53773,0,27427,0,1.0,0.662,0.797,0.0,1.227,9.214
1784632220.6429224,53773,0,27437,0,1.0,0.662,0.797,0.0,1.226,9.214
1784632220.6615508,53773,0,27447,0,1.0,0.662,0.797,0.0,1.226,9.214
1784632220.664782,53773,0,27457,0,1.0,0.662,0.797,0.0,1.226,9.214
1784632220.6687627,53773,0,27467,0,1.0,0.662,0.797,0.0,1.226,9.214
1784632220.67573,53773,0,27477,0,1.0,0.662,0.797,0.0,1.226,9.214
1784632220.6796489,53773,0,27487,0,1.0,0.662,0.796,0.0,1.226,9.214
1784632220.684925,53773,0,27497,0,1.0,0.662,0.796,0.0,1.226,9.214
1784632220.6882463,53773,0,27507,0,1.0,0.662,0.796,0.0,1.225,9.214
1784632220.7033882,53773,0,27517,0,1.0,0.661,0.796,0.0,1.225,9.214
1784632220.8178596,53773,0,27527,0,1.0,0.661,0.796,0.0,1.225,9.214
1784632220.823734,53773,0,27537,0,1.0,0.661,0.796,0.0,1.225,9.214
1784632220.831499,53773,0,27547,0,1.0,0.661,0.796,0.0,1.225,9.214
1784632220.8354857,53773,0,27557,0,1.0,0.661,0.796,0.0,1.225,9.214
1784632220.8395126,53773,0,27567,0,1.0,0.661,0.796,0.0,1.225,9.214
1784632220.8429244,53773,0,27577,0,1.0,0.661,0.796,0.0,1.224,9.214
1784632220.84662,53773,0,27587,0,1.0,0.661,0.796,0.0,1.224,9.214
1784632220.8503113,53773,0,27597,0,1.0,0.661,0.796,0.0,1.224,9.214
1784632220.8536563,53773,0,27607,0,1.0,0.661,0.796,0.0,1.224,9.214
1784632220.8569856,53773,0,27617,0,1.0,0.661,0.796,0.0,1.224,9.214
1784632220.8602054,53773,0,27627,0,1.0,0.661,0.796,0.0,1.224,9.214
1784632220.863414,53773,0,27637,0,1.0,0.661,0.796,0.0,1.223,9.214
1784632220.8666337,53773,0,27647,0,1.0,0.66,0.795,0.0,1.223,9.214
1784632220.8742797,53773,0,27657,0,1.0,0.66,0.795,0.0,1.223,9.214
1784632220.8786585,53773,0,27667,0,1.0,0.66,0.795,0.0,1.223,9.214
1784632220.8901887,53773,0,27677,0,1.0,0.66,0.795,0.0,1.223,9.214
1784632220.8946614,53773,0,27687,0,1.0,0.66,0.795,0.0,1.223,9.214
1784632220.8987188,53773,0,27697,0,1.0,0.66,0.795,0.0,1.223,9.214
1784632220.9024878,53773,0,27707,0,1.0,0.66,0.795,0.0,1.222,9.214
1784632221.0194244,53773,0,27717,0,1.0,0.66,0.795,0.0,1.222,9.214
1784632221.0234005,53773,0,27727,0,1.0,0.66,0.795,0.0,1.222,9.214
1784632221.0273879,53773,0,27737,0,1.0,0.66,0.795,0.0,1.222,9.214
1784632221.0307682,53773,0,27747,0,1.0,0.66,0.795,0.0,1.222,9.214
1784632221.0359676,53773,0,27757,0,1.0,0.66,0.795,0.0,1.222,9.214
1784632221.0413127,53773,0,27767,0,1.0,0.659,0.795,0.0,1.222,9.214
1784632221.045413,53773,0,27777,0,1.0,0.659,0.795,0.0,1.221,9.214
1784632221.049218,53773,0,27787,0,1.0,0.659,0.795,0.0,1.221,9.214
1784632221.0541286,53773,0,27797,0,1.0,0.659,0.795,0.0,1.221,9.214
1784632221.0578318,53773,0,27807,0,1.0,0.659,0.795,0.0,1.221,9.214
1784632221.061474,53773,0,27817,0,1.0,0.659,0.795,0.0,1.221,9.214
1784632221.065179,53773,0,27827,0,1.0,0.659,0.794,0.0,1.221,9.214
1784632221.0693762,53773,0,27837,0,1.0,0.659,0.794,0.0,1.22,9.214
1784632221.072758,53773,0,27847,0,1.0,0.659,0.794,0.0,1.22,9.214
1784632221.0757625,53773,0,27857,0,1.0,0.659,0.794,0.0,1.22,9.214
1784632221.0790455,53773,0,27867,0,1.0,0.659,0.794,0.0,1.22,9.214
1784632221.0918224,53773,0,27877,0,1.0,0.659,0.794,0.0,1.22,9.214
1784632221.0952437,53773,0,27887,0,1.0,0.658,0.794,0.0,1.22,9.214
1784632221.1040618,53773,0,27897,0,1.0,0.658,0.794,0.0,1.22,9.214
1784632221.1073291,53773,0,27907,0,1.0,0.658,0.794,0.0,1.219,9.214
1784632221.1103961,53773,0,27917,0,1.0,0.658,0.794,0.0,1.219,9.214
1784632221.1141484,53773,0,27927,0,1.0,0.658,0.794,0.0,1.219,9.214
1784632221.2213953,53773,0,27937,0,1.0,0.658,0.794,0.0,1.219,9.214
1784632221.2271047,53773,0,27947,0,1.0,0.658,0.794,0.0,1.219,9.214
1784632221.2308497,53773,0,27957,0,1.0,0.658,0.794,0.0,1.219,9.214
1784632221.2358446,53773,0,27967,0,1.0,0.658,0.794,0.0,1.219,9.214
1784632221.2472718,53773,0,27977,0,1.0,0.658,0.794,0.0,1.218,9.214
1784632221.250801,53773,0,27987,0,1.0,0.658,0.794,0.0,1.218,9.214
1784632221.2586157,53773,0,27997,0,1.0,0.658,0.793,0.0,1.218,9.214
1784632221.2619054,53773,0,28007,0,1.0,0.658,0.793,0.0,1.218,9.214
1784632221.2663047,53773,0,28017,0,1.0,0.657,0.793,0.0,1.218,9.214
1784632221.2752483,53773,0,28027,0,1.0,0.657,0.793,0.0,1.218,9.214
1784632221.2790637,53773,0,28037,0,1.0,0.657,0.793,0.0,1.217,9.214
1784632221.2834206,53773,0,28047,0,1.0,0.657,0.793,0.0,1.217,9.214
1784632221.2871754,53773,0,28057,0,1.0,0.657,0.793,0.0,1.217,9.214
1784632221.290254,53773,0,28067,0,1.0,0.657,0.793,0.0,1.217,9.214
1784632221.3985705,53773,0,28077,0,1.0,0.657,0.793,0.0,1.217,9.214
1784632221.40184,53773,0,28087,0,1.0,0.657,0.793,0.0,1.217,9.214
1784632221.404997,53773,0,28097,0,1.0,0.657,0.793,0.0,1.217,9.214
1784632221.4118195,53773,0,28107,0,1.0,0.657,0.793,0.0,1.216,9.214
1784632221.4155128,53773,0,28117,0,1.0,0.657,0.793,0.0,1.216,9.214
1784632221.43099,53773,0,28127,0,1.0,0.657,0.793,0.0,1.216,9.214
1784632221.4341557,53773,0,28137,0,1.0,0.656,0.793,0.0,1.216,9.214
1784632221.4391634,53773,0,28147,0,1.0,0.656,0.793,0.0,1.216,9.214
1784632221.443147,53773,0,28157,0,1.0,0.656,0.793,0.0,1.216,9.214
1784632221.4469557,53773,0,28167,0,1.0,0.656,0.792,0.0,1.216,9.214
1784632221.4502184,53773,0,28177,0,1.0,0.656,0.792,0.0,1.215,9.214
1784632221.4536657,53773,0,28187,0,1.0,0.656,0.792,0.0,1.215,9.214
1784632221.457085,53773,0,28197,0,1.0,0.656,0.792,0.0,1.215,9.214
1784632221.4618547,53773,0,28207,0,1.0,0.656,0.792,0.0,1.215,9.214
1784632221.4651961,53773,0,28217,0,1.0,0.656,0.792,0.0,1.215,9.214
1784632221.470885,53773,0,28227,0,1.0,0.656,0.792,0.0,1.215,9.214
1784632221.4746208,53773,0,28237,0,1.0,0.656,0.792,0.0,1.215,9.214
1784632221.4808588,53773,0,28247,0,1.0,0.656,0.792,0.0,1.214,9.214
1784632221.4842148,53773,0,28257,0,1.0,0.656,0.792,0.0,1.214,9.214
1784632221.5920215,53773,0,28267,0,1.0,0.655,0.792,0.0,1.214,9.214
1784632221.5973973,53773,0,28277,0,1.0,0.655,0.792,0.0,1.214,9.214
1784632221.6035624,53773,0,28287,0,1.0,0.655,0.792,0.0,1.214,9.214
1784632221.6068149,53773,0,28297,0,1.0,0.655,0.792,0.0,1.214,9.214
1784632221.6163325,53773,0,28307,0,1.0,0.655,0.792,0.0,1.213,9.214
1784632221.6208608,53773,0,28317,0,1.0,0.655,0.792,0.0,1.213,9.214
1784632221.6255941,53773,0,28327,0,1.0,0.655,0.792,0.0,1.213,9.214
1784632221.6307976,53773,0,28337,0,1.0,0.655,0.791,0.0,1.213,9.214
1784632221.6443326,53773,0,28347,0,1.0,0.655,0.791,0.0,1.213,9.214
1784632221.6478925,53773,0,28357,0,1.0,0.655,0.791,0.0,1.213,9.214
1784632221.6512241,53773,0,28367,0,1.0,0.655,0.791,0.0,1.213,9.214
1784632221.6550047,53773,0,28377,0,1.0,0.655,0.791,0.0,1.212,9.214
1784632221.6588855,53773,0,28387,0,1.0,0.654,0.791,0.0,1.212,9.214
1784632221.6627336,53773,0,28397,0,1.0,0.654,0.791,0.0,1.212,9.214
1784632221.6658163,53773,0,28407,0,1.0,0.654,0.791,0.0,1.212,9.214
1784632221.669096,53773,0,28417,0,1.0,0.654,0.791,0.0,1.212,9.214
1784632221.6725552,53773,0,28427,0,1.0,0.654,0.791,0.0,1.212,9.214
1784632221.67632,53773,0,28437,0,1.0,0.654,0.791,0.0,1.212,9.214
1784632221.6796737,53773,0,28447,0,1.0,0.654,0.791,0.0,1.211,9.214
1784632221.6832108,53773,0,28457,0,1.0,0.654,0.791,0.0,1.211,9.214
1784632221.794381,53773,0,28467,0,1.0,0.654,0.791,0.0,1.211,9.214
1784632221.7976317,53773,0,28477,0,1.0,0.654,0.791,0.0,1.211,9.214
1784632221.8013015,53773,0,28487,0,1.0,0.654,0.791,0.0,1.211,9.214
1784632221.8044648,53773,0,28497,0,1.0,0.654,0.791,0.0,1.211,9.214
1784632221.8077147,53773,0,28507,0,1.0,0.654,0.79,0.0,1.211,9.214
1784632221.8109474,53773,0,28517,0,1.0,0.653,0.79,0.0,1.21,9.214
1784632221.814505,53773,0,28527,0,1.0,0.653,0.79,0.0,1.21,9.214
1784632221.818222,53773,0,28537,0,1.0,0.653,0.79,0.0,1.21,9.214
1784632221.8214655,53773,0,28547,0,1.0,0.653,0.79,0.0,1.21,9.214
1784632221.824666,53773,0,28557,0,1.0,0.653,0.79,0.0,1.21,9.214
1784632221.8279424,53773,0,28567,0,1.0,0.653,0.79,0.0,1.21,9.214
1784632221.8316157,53773,0,28577,0,1.0,0.653,0.79,0.0,1.21,9.214
1784632221.8361719,53773,0,28587,0,1.0,0.653,0.79,0.0,1.209,9.214
1784632221.8394926,53773,0,28597,0,1.0,0.653,0.79,0.0,1.209,9.214
1784632221.8472762,53773,0,28607,0,1.0,0.653,0.79,0.0,1.209,9.214
1784632221.8524811,53773,0,28617,0,1.0,0.653,0.79,0.0,1.209,9.214
1784632221.8641498,53773,0,28627,0,1.0,0.653,0.79,0.0,1.209,9.214
1784632221.8748288,53773,0,28637,0,1.0,0.653,0.79,0.0,1.209,9.214
1784632221.881705,53773,0,28647,0,1.0,0.652,0.79,0.0,1.208,9.214
1784632221.8853757,53773,0,28657,0,1.0,0.652,0.79,0.0,1.208,9.214
1784632221.9994106,53773,0,28667,0,1.0,0.652,0.79,0.0,1.208,9.214
1784632222.0063748,53773,0,28677,0,1.0,0.652,0.789,0.0,1.208,9.214
1784632222.0101783,53773,0,28687,0,1.0,0.652,0.789,0.0,1.208,9.214
1784632222.0138683,53773,0,28697,0,1.0,0.652,0.789,0.0,1.208,9.214
1784632222.0181196,53773,0,28707,0,1.0,0.652,0.789,0.0,1.208,9.214
1784632222.0215838,53773,0,28717,0,1.0,0.652,0.789,0.0,1.207,9.214
1784632222.0251653,53773,0,28727,0,1.0,0.652,0.789,0.0,1.207,9.214
1784632222.0283048,53773,0,28737,0,1.0,0.652,0.789,0.0,1.207,9.214
1784632222.031452,53773,0,28747,0,1.0,0.652,0.789,0.0,1.207,9.214
1784632222.0354676,53773,0,28757,0,1.0,0.652,0.789,0.0,1.207,9.214
1784632222.0385075,53773,0,28767,0,1.0,0.651,0.789,0.0,1.207,9.214
1784632222.041492,53773,0,28777,0,1.0,0.651,0.789,0.0,1.207,9.214
1784632222.0443885,53773,0,28787,0,1.0,0.651,0.789,0.0,1.206,9.214
1784632222.0477154,53773,0,28797,0,1.0,0.651,0.789,0.0,1.206,9.214
1784632222.0519395,53773,0,28807,0,1.0,0.651,0.789,0.0,1.206,9.214
1784632222.1566985,53773,0,28817,0,1.0,0.651,0.789,0.0,1.206,9.214
1784632222.1625552,53773,0,28827,0,1.0,0.651,0.789,0.0,1.206,9.214
1784632222.1693516,53773,0,28837,0,1.0,0.651,0.789,0.0,1.206,9.214
1784632222.1738274,53773,0,28847,0,1.0,0.651,0.789,0.0,1.206,9.214
1784632222.177401,53773,0,28857,0,1.0,0.651,0.788,0.0,1.205,9.214
1784632222.1832883,53773,0,28867,0,1.0,0.651,0.788,0.0,1.205,9.214
1784632222.1877728,53773,0,28877,0,1.0,0.651,0.788,0.0,1.205,9.214
1784632222.1926098,53773,0,28887,0,1.0,0.651,0.788,0.0,1.205,9.214
1784632222.1982827,53773,0,28897,0,1.0,0.65,0.788,0.0,1.205,9.214
1784632222.2052786,53773,0,28907,0,1.0,0.65,0.788,0.0,1.205,9.214
1784632222.2124476,53773,0,28917,0,1.0,0.65,0.788,0.0,1.205,9.214
1784632222.2175114,53773,0,28927,0,1.0,0.65,0.788,0.0,1.204,9.214
1784632222.2217684,53773,0,28937,0,1.0,0.65,0.788,0.0,1.204,9.214
1784632222.228463,53773,0,28947,0,1.0,0.65,0.788,0.0,1.204,9.214
1784632222.3508348,53773,0,28957,0,1.0,0.65,0.788,0.0,1.204,9.214
1784632222.3551052,53773,0,28967,0,1.0,0.65,0.788,0.0,1.204,9.214
1784632222.3590286,53773,0,28977,0,1.0,0.65,0.788,0.0,1.204,9.214
1784632222.3625655,53773,0,28987,0,1.0,0.65,0.788,0.0,1.204,9.214
1784632222.3678803,53773,0,28997,0,1.0,0.65,0.788,0.0,1.203,9.214
1784632222.3715677,53773,0,29007,0,1.0,0.65,0.788,0.0,1.203,9.214
1784632222.3754518,53773,0,29017,0,1.0,0.65,0.788,0.0,1.203,9.214
1784632222.380064,53773,0,29027,0,1.0,0.649,0.787,0.0,1.203,9.214
1784632222.38354,53773,0,29037,0,1.0,0.649,0.787,0.0,1.203,9.214
1784632222.3869193,53773,0,29047,0,1.0,0.649,0.787,0.0,1.203,9.214
1784632222.3904314,53773,0,29057,0,1.0,0.649,0.787,0.0,1.203,9.214
1784632222.3940055,53773,0,29067,0,1.0,0.649,0.787,0.0,1.202,9.214
1784632222.398627,53773,0,29077,0,1.0,0.649,0.787,0.0,1.202,9.214
1784632222.4020145,53773,0,29087,0,1.0,0.649,0.787,0.0,1.202,9.214
1784632222.4054027,53773,0,29097,0,1.0,0.649,0.787,0.0,1.202,9.214
1784632222.4099646,53773,0,29107,0,1.0,0.649,0.787,0.0,1.202,9.214
1784632222.517341,53773,0,29117,0,1.0,0.649,0.787,0.0,1.202,9.214
1784632222.5233207,53773,0,29127,0,1.0,0.649,0.787,0.0,1.201,9.214
1784632222.526853,53773,0,29137,0,1.0,0.649,0.787,0.0,1.201,9.214
1784632222.5335886,53773,0,29147,0,1.0,0.648,0.787,0.0,1.201,9.214
1784632222.538526,53773,0,29157,0,1.0,0.648,0.787,0.0,1.201,9.214
1784632222.542398,53773,0,29167,0,1.0,0.648,0.787,0.0,1.201,9.214
1784632222.5464182,53773,0,29177,0,1.0,0.648,0.787,0.0,1.201,9.214
1784632222.5496328,53773,0,29187,0,1.0,0.648,0.787,0.0,1.201,9.214
1784632222.5532587,53773,0,29197,0,1.0,0.648,0.786,0.0,1.2,9.214
1784632222.5566676,53773,0,29207,0,1.0,0.648,0.786,0.0,1.2,9.214
1784632222.5650225,53773,0,29217,0,1.0,0.648,0.786,0.0,1.2,9.214
1784632222.5688884,53773,0,29227,0,1.0,0.648,0.786,0.0,1.2,9.214
1784632222.5743644,53773,0,29237,0,1.0,0.648,0.786,0.0,1.2,9.214
1784632222.6901062,53773,0,29247,0,1.0,0.648,0.786,0.0,1.2,9.214
1784632222.6938155,53773,0,29257,0,1.0,0.648,0.786,0.0,1.2,9.214
1784632222.6972756,53773,0,29267,0,1.0,0.648,0.786,0.0,1.199,9.214
1784632222.7008939,53773,0,29277,0,1.0,0.647,0.786,0.0,1.199,9.214
1784632222.7040687,53773,0,29287,0,1.0,0.647,0.786,0.0,1.199,9.214
1784632222.707761,53773,0,29297,0,1.0,0.647,0.786,0.0,1.199,9.214
1784632222.710888,53773,0,29307,0,1.0,0.647,0.786,0.0,1.199,9.214
1784632222.7150025,53773,0,29317,0,1.0,0.647,0.786,0.0,1.199,9.214
1784632222.718955,53773,0,29327,0,1.0,0.647,0.786,0.0,1.199,9.214
1784632222.7229042,53773,0,29337,0,1.0,0.647,0.786,0.0,1.198,9.214
1784632222.726215,53773,0,29347,0,1.0,0.647,0.786,0.0,1.198,9.214
1784632222.7298448,53773,0,29357,0,1.0,0.647,0.786,0.0,1.198,9.214
1784632222.838596,53773,0,29367,0,1.0,0.647,0.786,0.0,1.198,9.214
1784632222.842099,53773,0,29377,0,1.0,0.647,0.785,0.0,1.198,9.214
1784632222.8454545,53773,0,29387,0,1.0,0.647,0.785,0.0,1.198,9.214
1784632222.8503342,53773,0,29397,0,1.0,0.647,0.785,0.0,1.198,9.214
1784632222.8584619,53773,0,29407,0,1.0,0.646,0.785,0.0,1.197,9.214
1784632222.861811,53773,0,29417,0,1.0,0.646,0.785,0.0,1.197,9.214
1784632222.8739345,53773,0,29427,0,1.0,0.646,0.785,0.0,1.197,9.214
1784632222.877894,53773,0,29437,0,1.0,0.646,0.785,0.0,1.197,9.214
1784632222.883084,53773,0,29447,0,1.0,0.646,0.785,0.0,1.197,9.214
1784632222.8865037,53773,0,29457,0,1.0,0.646,0.785,0.0,1.197,9.214
1784632222.9089413,53773,0,29467,0,1.0,0.646,0.785,0.0,1.197,9.214
1784632222.9161434,53773,0,29477,0,1.0,0.646,0.785,0.0,1.196,9.214
1784632222.9202027,53773,0,29487,0,1.0,0.646,0.785,0.0,1.196,9.214
1784632222.9242358,53773,0,29497,0,1.0,0.646,0.785,0.0,1.196,9.214
1784632223.0307486,53773,0,29507,0,1.0,0.646,0.785,0.0,1.196,9.214
1784632223.0363026,53773,0,29517,0,1.0,0.646,0.785,0.0,1.196,9.214
1784632223.0407195,53773,0,29527,0,1.0,0.646,0.785,0.0,1.196,9.214
1784632223.0452554,53773,0,29537,0,1.0,0.645,0.785,0.0,1.196,9.214
1784632223.0488183,53773,0,29547,0,1.0,0.645,0.784,0.0,1.195,9.214
1784632223.052743,53773,0,29557,0,1.0,0.645,0.784,0.0,1.195,9.214
1784632223.057587,53773,0,29567,0,1.0,0.645,0.784,0.0,1.195,9.214
1784632223.0612042,53773,0,29577,0,1.0,0.645,0.784,0.0,1.195,9.214
1784632223.0649745,53773,0,29587,0,1.0,0.645,0.784,0.0,1.195,9.214
1784632223.068837,53773,0,29597,0,1.0,0.645,0.784,0.0,1.195,9.214
1784632223.0720623,53773,0,29607,0,1.0,0.645,0.784,0.0,1.195,9.214
1784632223.0751154,53773,0,29617,0,1.0,0.645,0.784,0.0,1.194,9.214
1784632223.0786762,53773,0,29627,0,1.0,0.645,0.784,0.0,1.194,9.214
1784632223.0821855,53773,0,29637,0,1.0,0.645,0.784,0.0,1.194,9.214
1784632223.1880617,53773,0,29647,0,1.0,0.645,0.784,0.0,1.194,9.214
1784632223.1925051,53773,0,29657,0,1.0,0.645,0.784,0.0,1.194,9.214
1784632223.195733,53773,0,29667,0,1.0,0.644,0.784,0.0,1.194,9.214
1784632223.1988115,53773,0,29677,0,1.0,0.644,0.784,0.0,1.194,9.214
1784632223.2021835,53773,0,29687,0,1.0,0.644,0.784,0.0,1.193,9.214
1784632223.2054095,53773,0,29697,0,1.0,0.644,0.784,0.0,1.193,9.214
1784632223.2087817,53773,0,29707,0,1.0,0.644,0.784,0.0,1.193,9.214
1784632223.2120683,53773,0,29717,0,1.0,0.644,0.784,0.0,1.193,9.214
1784632223.215624,53773,0,29727,0,1.0,0.644,0.783,0.0,1.193,9.214
1784632223.3216143,53773,0,29737,0,1.0,0.644,0.783,0.0,1.193,9.214
1784632223.3254018,53773,0,29747,0,1.0,0.644,0.783,0.0,1.193,9.214
1784632223.3287494,53773,0,29757,0,1.0,0.644,0.783,0.0,1.192,9.214
1784632223.3334446,53773,0,29767,0,1.0,0.644,0.783,0.0,1.192,9.214
1784632223.3367543,53773,0,29777,0,1.0,0.644,0.783,0.0,1.192,9.214
1784632223.340246,53773,0,29787,0,1.0,0.644,0.783,0.0,1.192,9.214
1784632223.3453662,53773,0,29797,0,1.0,0.643,0.783,0.0,1.192,9.214
1784632223.3532248,53773,0,29807,0,1.0,0.643,0.783,0.0,1.192,9.214
1784632223.4695208,53773,0,29817,0,1.0,0.643,0.783,0.0,1.192,9.214
1784632223.4739835,53773,0,29827,0,1.0,0.643,0.783,0.0,1.191,9.214
1784632223.4771695,53773,0,29837,0,1.0,0.643,0.783,0.0,1.191,9.214
1784632223.484483,53773,0,29847,0,1.0,0.643,0.783,0.0,1.191,9.214
1784632223.4879363,53773,0,29857,0,1.0,0.643,0.783,0.0,1.191,9.214
1784632223.4922857,53773,0,29867,0,1.0,0.643,0.783,0.0,1.191,9.214
1784632223.4961188,53773,0,29877,0,1.0,0.643,0.783,0.0,1.191,9.214
1784632223.5069125,53773,0,29887,0,1.0,0.643,0.783,0.0,1.191,9.214
1784632223.5150664,53773,0,29897,0,1.0,0.643,0.782,0.0,1.19,9.214
1784632223.5198574,53773,0,29907,0,1.0,0.643,0.782,0.0,1.19,9.214
1784632223.5346303,53773,0,29917,0,1.0,0.643,0.782,0.0,1.19,9.214
1784632223.6461196,53773,0,29927,0,1.0,0.642,0.782,0.0,1.19,9.214
1784632223.6498053,53773,0,29937,0,1.0,0.642,0.782,0.0,1.19,9.214
1784632223.6528888,53773,0,29947,0,1.0,0.642,0.782,0.0,1.19,9.214
1784632223.6561224,53773,0,29957,0,1.0,0.642,0.782,0.0,1.19,9.214
1784632223.661342,53773,0,29967,0,1.0,0.642,0.782,0.0,1.189,9.214
1784632223.6652093,53773,0,29977,0,1.0,0.642,0.782,0.0,1.189,9.214
1784632223.6690261,53773,0,29987,0,1.0,0.642,0.782,0.0,1.189,9.214
1784632223.6724067,53773,0,29997,0,1.0,0.642,0.782,0.0,1.189,9.214
1784632223.6757874,53773,0,30007,0,1.0,0.642,0.782,0.0,1.189,9.214
1784632223.6799781,53773,0,30017,0,1.0,0.642,0.782,0.0,1.189,9.214
1784632223.6838043,53773,0,30027,0,1.0,0.642,0.782,0.0,1.189,9.214
1784632223.6873183,53773,0,30037,0,1.0,0.642,0.782,0.0,1.188,9.214
1784632223.6919687,53773,0,30047,0,1.0,0.642,0.782,0.0,1.188,9.214
1784632223.6954448,53773,0,30057,0,1.0,0.641,0.782,0.0,1.188,9.214
1784632223.8096197,53773,0,30067,0,1.0,0.641,0.782,0.0,1.188,9.214
1784632223.812799,53773,0,30077,0,1.0,0.641,0.781,0.0,1.188,9.214
1784632223.8170896,53773,0,30087,0,1.0,0.641,0.781,0.0,1.188,9.214
1784632223.8204267,53773,0,30097,0,1.0,0.641,0.781,0.0,1.188,9.214
1784632223.8238127,53773,0,30107,0,1.0,0.641,0.781,0.0,1.187,9.214
1784632223.83494,53773,0,30117,0,1.0,0.641,0.781,0.0,1.187,9.214
1784632223.8398967,53773,0,30127,0,1.0,0.641,0.781,0.0,1.187,9.214
1784632223.8444376,53773,0,30137,0,1.0,0.641,0.781,0.0,1.187,9.214
1784632223.85955,53773,0,30147,0,1.0,0.641,0.781,0.0,1.187,9.214
1784632223.8646195,53773,0,30157,0,1.0,0.641,0.781,0.0,1.187,9.214
1784632223.8683295,53773,0,30167,0,1.0,0.641,0.781,0.0,1.187,9.214
1784632223.8722422,53773,0,30177,0,1.0,0.641,0.781,0.0,1.186,9.214
1784632223.87632,53773,0,30187,0,1.0,0.64,0.781,0.0,1.186,9.214
1784632223.8802826,53773,0,30197,0,1.0,0.64,0.781,0.0,1.186,9.214
1784632223.9908316,53773,0,30207,0,1.0,0.64,0.781,0.0,1.186,9.214
1784632224.000022,53773,0,30217,0,1.0,0.64,0.781,0.0,1.186,9.214
1784632224.0043812,53773,0,30227,0,1.0,0.64,0.781,0.0,1.186,9.214
1784632224.0079923,53773,0,30237,0,1.0,0.64,0.781,0.0,1.186,9.214
1784632224.011073,53773,0,30247,0,1.0,0.64,0.78,0.0,1.185,9.214
1784632224.0140648,53773,0,30257,0,1.0,0.64,0.78,0.0,1.185,9.214
1784632224.0177324,53773,0,30267,0,1.0,0.64,0.78,0.0,1.185,9.214
1784632224.0211322,53773,0,30277,0,1.0,0.64,0.78,0.0,1.185,9.214
1784632224.0242445,53773,0,30287,0,1.0,0.64,0.78,0.0,1.185,9.214
1784632224.0274394,53773,0,30297,0,1.0,0.64,0.78,0.0,1.185,9.214
1784632224.0314603,53773,0,30307,0,1.0,0.64,0.78,0.0,1.185,9.214
1784632224.0360541,53773,0,30317,0,1.0,0.639,0.78,0.0,1.184,9.214
1784632224.0396667,53773,0,30327,0,1.0,0.639,0.78,0.0,1.184,9.214
1784632224.15564,53773,0,30337,0,1.0,0.639,0.78,0.0,1.184,9.214
1784632224.160116,53773,0,30347,0,1.0,0.639,0.78,0.0,1.184,9.214
1784632224.1635375,53773,0,30357,0,1.0,0.639,0.78,0.0,1.184,9.214
1784632224.1706774,53773,0,30367,0,1.0,0.639,0.78,0.0,1.184,9.214
1784632224.1746497,53773,0,30377,0,1.0,0.639,0.78,0.0,1.184,9.214
1784632224.1816027,53773,0,30387,0,1.0,0.639,0.78,0.0,1.184,9.214
1784632224.1849718,53773,0,30397,0,1.0,0.639,0.78,0.0,1.183,9.214
1784632224.1889734,53773,0,30407,0,1.0,0.639,0.78,0.0,1.183,9.214
1784632224.1973088,53773,0,30417,0,1.0,0.639,0.78,0.0,1.183,9.214
1784632224.2009823,53773,0,30427,0,1.0,0.639,0.779,0.0,1.183,9.214
1784632224.206929,53773,0,30437,0,1.0,0.639,0.779,0.0,1.183,9.214
1784632224.3150363,53773,0,30447,0,1.0,0.638,0.779,0.0,1.183,9.214
1784632224.3187604,53773,0,30457,0,1.0,0.638,0.779,0.0,1.183,9.214
1784632224.3231752,53773,0,30467,0,1.0,0.638,0.779,0.0,1.182,9.214
1784632224.3264742,53773,0,30477,0,1.0,0.638,0.779,0.0,1.182,9.214
1784632224.3320072,53773,0,30487,0,1.0,0.638,0.779,0.0,1.182,9.214
1784632224.3370805,53773,0,30497,0,1.0,0.638,0.779,0.0,1.182,9.214
1784632224.343397,53773,0,30507,0,1.0,0.638,0.779,0.0,1.182,9.214
1784632224.3487782,53773,0,30517,0,1.0,0.638,0.779,0.0,1.182,9.214
1784632224.3541703,53773,0,30527,0,1.0,0.638,0.779,0.0,1.182,9.214
1784632224.3616223,53773,0,30537,0,1.0,0.638,0.779,0.0,1.181,9.214
1784632224.4705284,53773,0,30547,0,1.0,0.638,0.779,0.0,1.181,9.214
1784632224.47466,53773,0,30557,0,1.0,0.638,0.779,0.0,1.181,9.214
1784632224.4779036,53773,0,30567,0,1.0,0.638,0.779,0.0,1.181,9.214
1784632224.4811695,53773,0,30577,0,1.0,0.637,0.779,0.0,1.181,9.214
1784632224.4844704,53773,0,30587,0,1.0,0.637,0.779,0.0,1.181,9.214
1784632224.4879606,53773,0,30597,0,1.0,0.637,0.779,0.0,1.181,9.214
1784632224.491164,53773,0,30607,0,1.0,0.637,0.778,0.0,1.18,9.214
1784632224.4944184,53773,0,30617,0,1.0,0.637,0.778,0.0,1.18,9.214
1784632224.497748,53773,0,30627,0,1.0,0.637,0.778,0.0,1.18,9.214
1784632224.502697,53773,0,30637,0,1.0,0.637,0.778,0.0,1.18,9.214
1784632224.6135976,53773,0,30647,0,1.0,0.637,0.778,0.0,1.18,9.214
1784632224.6171806,53773,0,30657,0,1.0,0.637,0.778,0.0,1.18,9.214
1784632224.6206567,53773,0,30667,0,1.0,0.637,0.778,0.0,1.18,9.214
1784632224.6242368,53773,0,30677,0,1.0,0.637,0.778,0.0,1.179,9.214
1784632224.6286278,53773,0,30687,0,1.0,0.637,0.778,0.0,1.179,9.214
1784632224.6319582,53773,0,30697,0,1.0,0.637,0.778,0.0,1.179,9.214
1784632224.6350708,53773,0,30707,0,1.0,0.637,0.778,0.0,1.179,9.214
1784632224.6382482,53773,0,30717,0,1.0,0.636,0.778,0.0,1.179,9.214
1784632224.6422958,53773,0,30727,0,1.0,0.636,0.778,0.0,1.179,9.214
1784632224.6459794,53773,0,30737,0,1.0,0.636,0.778,0.0,1.179,9.214
1784632224.6495824,53773,0,30747,0,1.0,0.636,0.778,0.0,1.178,9.214
1784632224.7636387,53773,0,30757,0,1.0,0.636,0.778,0.0,1.178,9.214
1784632224.770039,53773,0,30767,0,1.0,0.636,0.778,0.0,1.178,9.214
1784632224.7732496,53773,0,30777,0,1.0,0.636,0.777,0.0,1.178,9.214
1784632224.78463,53773,0,30787,0,1.0,0.636,0.777,0.0,1.178,9.214
1784632224.7896526,53773,0,30797,0,1.0,0.636,0.777,0.0,1.178,9.214
1784632224.7934346,53773,0,30807,0,1.0,0.636,0.777,0.0,1.178,9.214
1784632224.7974677,53773,0,30817,0,1.0,0.636,0.777,0.0,1.177,9.214
1784632224.801187,53773,0,30827,0,1.0,0.636,0.777,0.0,1.177,9.214
1784632224.8048825,53773,0,30837,0,1.0,0.636,0.777,0.0,1.177,9.214
1784632224.8080313,53773,0,30847,0,1.0,0.635,0.777,0.0,1.177,9.214
1784632224.8201842,53773,0,30857,0,1.0,0.635,0.777,0.0,1.177,9.214
1784632224.828674,53773,0,30867,0,1.0,0.635,0.777,0.0,1.177,9.214
1784632224.8339756,53773,0,30877,0,1.0,0.635,0.777,0.0,1.177,9.214
1784632224.8399744,53773,0,30887,0,1.0,0.635,0.777,0.0,1.177,9.214
1784632224.952281,53773,0,30897,0,1.0,0.635,0.777,0.0,1.176,9.214
1784632224.956478,53773,0,30907,0,1.0,0.635,0.777,0.0,1.176,9.214
1784632224.9604368,53773,0,30917,0,1.0,0.635,0.777,0.0,1.176,9.214
1784632224.9655695,53773,0,30927,0,1.0,0.635,0.777,0.0,1.176,9.214
1784632224.971534,53773,0,30937,0,1.0,0.635,0.777,0.0,1.176,9.214
1784632224.9755647,53773,0,30947,0,1.0,0.635,0.777,0.0,1.176,9.214
1784632224.9789798,53773,0,30957,0,1.0,0.635,0.776,0.0,1.176,9.214
1784632224.9822693,53773,0,30967,0,1.0,0.635,0.776,0.0,1.175,9.214
1784632224.9856837,53773,0,30977,0,1.0,0.634,0.776,0.0,1.175,9.214
1784632224.9891658,53773,0,30987,0,1.0,0.634,0.776,0.0,1.175,9.214
1784632224.9926198,53773,0,30997,0,1.0,0.634,0.776,0.0,1.175,9.214
1784632224.9958603,53773,0,31007,0,1.0,0.634,0.776,0.0,1.175,9.214
1784632224.999195,53773,0,31017,0,1.0,0.634,0.776,0.0,1.175,9.214
1784632225.0032265,53773,0,31027,0,1.0,0.634,0.776,0.0,1.175,9.214
1784632225.0068,53773,0,31037,0,1.0,0.634,0.776,0.0,1.174,9.214
1784632225.1330423,53773,0,31047,0,1.0,0.634,0.776,0.0,1.174,9.214
1784632225.1376643,53773,0,31057,0,1.0,0.634,0.776,0.0,1.174,9.214
1784632225.1407487,53773,0,31067,0,1.0,0.634,0.776,0.0,1.174,9.214
1784632225.1447985,53773,0,31077,0,1.0,0.634,0.776,0.0,1.174,9.214
1784632225.148044,53773,0,31087,0,1.0,0.634,0.776,0.0,1.174,9.214
1784632225.1514633,53773,0,31097,0,1.0,0.634,0.776,0.0,1.174,9.214
1784632225.159991,53773,0,31107,0,1.0,0.634,0.776,0.0,1.173,9.214
1784632225.1638587,53773,0,31117,0,1.0,0.633,0.776,0.0,1.173,9.214
1784632225.1689374,53773,0,31127,0,1.0,0.633,0.776,0.0,1.173,9.214
1784632225.1740243,53773,0,31137,0,1.0,0.633,0.775,0.0,1.173,9.214
1784632225.1780305,53773,0,31147,0,1.0,0.633,0.775,0.0,1.173,9.214
1784632225.181932,53773,0,31157,0,1.0,0.633,0.775,0.0,1.173,9.214
1784632225.186152,53773,0,31167,0,1.0,0.633,0.775,0.0,1.173,9.214
1784632225.1907961,53773,0,31177,0,1.0,0.633,0.775,0.0,1.173,9.214
1784632225.1945534,53773,0,31187,0,1.0,0.633,0.775,0.0,1.172,9.214
1784632225.1985362,53773,0,31197,0,1.0,0.633,0.775,0.0,1.172,9.214
1784632225.308291,53773,0,31207,0,1.0,0.633,0.775,0.0,1.172,9.214
1784632225.3115358,53773,0,31217,0,1.0,0.633,0.775,0.0,1.172,9.214
1784632225.3162766,53773,0,31227,0,1.0,0.633,0.775,0.0,1.172,9.214
1784632225.319815,53773,0,31237,0,1.0,0.633,0.775,0.0,1.172,9.214
1784632225.3238177,53773,0,31247,0,1.0,0.632,0.775,0.0,1.172,9.214
1784632225.3273463,53773,0,31257,0,1.0,0.632,0.775,0.0,1.171,9.214
1784632225.3318691,53773,0,31267,0,1.0,0.632,0.775,0.0,1.171,9.214
1784632225.3356657,53773,0,31277,0,1.0,0.632,0.775,0.0,1.171,9.214
1784632225.3395607,53773,0,31287,0,1.0,0.632,0.775,0.0,1.171,9.214
1784632225.3430445,53773,0,31297,0,1.0,0.632,0.775,0.0,1.171,9.214
1784632225.3471222,53773,0,31307,0,1.0,0.632,0.775,0.0,1.171,9.214
1784632225.3504996,53773,0,31317,0,1.0,0.632,0.774,0.0,1.171,9.214
1784632225.3536315,53773,0,31327,0,1.0,0.632,0.774,0.0,1.17,9.214
1784632225.3566556,53773,0,31337,0,1.0,0.632,0.774,0.0,1.17,9.214
1784632225.3601887,53773,0,31347,0,1.0,0.632,0.774,0.0,1.17,9.214
1784632225.36394,53773,0,31357,0,1.0,0.632,0.774,0.0,1.17,9.214
1784632225.4748688,53773,0,31367,0,1.0,0.632,0.774,0.0,1.17,9.214
1784632225.478255,53773,0,31377,0,1.0,0.632,0.774,0.0,1.17,9.214
1784632225.4909713,53773,0,31387,0,1.0,0.631,0.774,0.0,1.17,9.214
1784632225.4976287,53773,0,31397,0,1.0,0.631,0.774,0.0,1.169,9.214
1784632225.5027876,53773,0,31407,0,1.0,0.631,0.774,0.0,1.169,9.214
1784632225.5090523,53773,0,31417,0,1.0,0.631,0.774,0.0,1.169,9.214
1784632225.5140696,53773,0,31427,0,1.0,0.631,0.774,0.0,1.169,9.214
1784632225.518117,53773,0,31437,0,1.0,0.631,0.774,0.0,1.169,9.214
1784632225.5253217,53773,0,31447,0,1.0,0.631,0.774,0.0,1.169,9.214
1784632225.5291994,53773,0,31457,0,1.0,0.631,0.774,0.0,1.169,9.214
1784632225.5342355,53773,0,31467,0,1.0,0.631,0.774,0.0,1.169,9.214
1784632225.5380526,53773,0,31477,0,1.0,0.631,0.774,0.0,1.168,9.214
1784632225.541468,53773,0,31487,0,1.0,0.631,0.774,0.0,1.168,9.214
1784632225.5446336,53773,0,31497,0,1.0,0.631,0.773,0.0,1.168,9.214
1784632225.5480223,53773,0,31507,0,1.0,0.631,0.773,0.0,1.168,9.214
1784632225.552145,53773,0,31517,0,1.0,0.63,0.773,0.0,1.168,9.214
1784632225.5555174,53773,0,31527,0,1.0,0.63,0.773,0.0,1.168,9.214
1784632225.661673,53773,0,31537,0,1.0,0.63,0.773,0.0,1.168,9.214
1784632225.667959,53773,0,31547,0,1.0,0.63,0.773,0.0,1.167,9.214
1784632225.6717153,53773,0,31557,0,1.0,0.63,0.773,0.0,1.167,9.214
1784632225.6757298,53773,0,31567,0,1.0,0.63,0.773,0.0,1.167,9.214
1784632225.6791294,53773,0,31577,0,1.0,0.63,0.773,0.0,1.167,9.214
1784632225.6826375,53773,0,31587,0,1.0,0.63,0.773,0.0,1.167,9.214
1784632225.6859381,53773,0,31597,0,1.0,0.63,0.773,0.0,1.167,9.214
1784632225.6892827,53773,0,31607,0,1.0,0.63,0.773,0.0,1.167,9.214
1784632225.6931872,53773,0,31617,0,1.0,0.63,0.773,0.0,1.166,9.214
1784632225.6965425,53773,0,31627,0,1.0,0.63,0.773,0.0,1.166,9.214
1784632225.6998074,53773,0,31637,0,1.0,0.63,0.773,0.0,1.166,9.214
1784632225.703965,53773,0,31647,0,1.0,0.63,0.773,0.0,1.166,9.214
1784632225.7078261,53773,0,31657,0,1.0,0.629,0.773,0.0,1.166,9.214
1784632225.8359728,53773,0,31667,0,1.0,0.629,0.773,0.0,1.166,9.214
1784632225.8416865,53773,0,31677,0,1.0,0.629,0.772,0.0,1.166,9.214
1784632225.85527,53773,0,31687,0,1.0,0.629,0.772,0.0,1.166,9.214
1784632225.8611166,53773,0,31697,0,1.0,0.629,0.772,0.0,1.165,9.214
1784632225.8659735,53773,0,31707,0,1.0,0.629,0.772,0.0,1.165,9.214
1784632225.8706596,53773,0,31717,0,1.0,0.629,0.772,0.0,1.165,9.214
1784632225.8740077,53773,0,31727,0,1.0,0.629,0.772,0.0,1.165,9.214
1784632225.878926,53773,0,31737,0,1.0,0.629,0.772,0.0,1.165,9.214
1784632225.8826678,53773,0,31747,0,1.0,0.629,0.772,0.0,1.165,9.214
1784632225.8863537,53773,0,31757,0,1.0,0.629,0.772,0.0,1.165,9.214
1784632225.8897135,53773,0,31767,0,1.0,0.629,0.772,0.0,1.164,9.214
1784632225.893231,53773,0,31777,0,1.0,0.629,0.772,0.0,1.164,9.214
1784632225.896455,53773,0,31787,0,1.0,0.628,0.772,0.0,1.164,9.214
1784632225.900065,53773,0,31797,0,1.0,0.628,0.772,0.0,1.164,9.214
1784632226.0106127,53773,0,31807,0,1.0,0.628,0.772,0.0,1.164,9.214
1784632226.0141191,53773,0,31817,0,1.0,0.628,0.772,0.0,1.164,9.214
1784632226.0177684,53773,0,31827,0,1.0,0.628,0.772,0.0,1.164,9.214
1784632226.0210433,53773,0,31837,0,1.0,0.628,0.772,0.0,1.163,9.214
1784632226.0242617,53773,0,31847,0,1.0,0.628,0.772,0.0,1.163,9.214
1784632226.0275044,53773,0,31857,0,1.0,0.628,0.771,0.0,1.163,9.214
1784632226.031071,53773,0,31867,0,1.0,0.628,0.771,0.0,1.163,9.214
1784632226.0363276,53773,0,31877,0,1.0,0.628,0.771,0.0,1.163,9.214
1784632226.0448625,53773,0,31887,0,1.0,0.628,0.771,0.0,1.163,9.214
1784632226.0491607,53773,0,31897,0,1.0,0.628,0.771,0.0,1.163,9.214
1784632226.052473,53773,0,31907,0,1.0,0.628,0.771,0.0,1.163,9.214
1784632226.0557156,53773,0,31917,0,1.0,0.628,0.771,0.0,1.162,9.214
1784632226.0591486,53773,0,31927,0,1.0,0.627,0.771,0.0,1.162,9.214
1784632226.0625505,53773,0,31937,0,1.0,0.627,0.771,0.0,1.162,9.214
1784632226.168272,53773,0,31947,0,1.0,0.627,0.771,0.0,1.162,9.214
1784632226.1760573,53773,0,31957,0,1.0,0.627,0.771,0.0,1.162,9.214
1784632226.1801474,53773,0,31967,0,1.0,0.627,0.771,0.0,1.162,9.214
1784632226.1844592,53773,0,31977,0,1.0,0.627,0.771,0.0,1.162,9.214
1784632226.1885073,53773,0,31987,0,1.0,0.627,0.771,0.0,1.161,9.214
1784632226.1934216,53773,0,31997,0,1.0,0.627,0.771,0.0,1.161,9.214
1784632226.1972854,53773,0,32007,0,1.0,0.627,0.771,0.0,1.161,9.214
1784632226.2069013,53773,0,32017,0,1.0,0.627,0.771,0.0,1.161,9.214
1784632226.2104669,53773,0,32027,0,1.0,0.627,0.771,0.0,1.161,9.214
1784632226.2180524,53773,0,32037,0,1.0,0.627,0.77,0.0,1.161,9.214
1784632226.2245803,53773,0,32047,0,1.0,0.627,0.77,0.0,1.161,9.214
1784632226.2294028,53773,0,32057,0,1.0,0.627,0.77,0.0,1.16,9.214
1784632226.3450859,53773,0,32067,0,1.0,0.626,0.77,0.0,1.16,9.214
1784632226.353746,53773,0,32077,0,1.0,0.626,0.77,0.0,1.16,9.214
1784632226.3581247,53773,0,32087,0,1.0,0.626,0.77,0.0,1.16,9.214
1784632226.362252,53773,0,32097,0,1.0,0.626,0.77,0.0,1.16,9.214
1784632226.3662672,53773,0,32107,0,1.0,0.626,0.77,0.0,1.16,9.214
1784632226.370841,53773,0,32117,0,1.0,0.626,0.77,0.0,1.16,9.214
1784632226.3746898,53773,0,32127,0,1.0,0.626,0.77,0.0,1.16,9.214
1784632226.3787718,53773,0,32137,0,1.0,0.626,0.77,0.0,1.159,9.214
1784632226.3825893,53773,0,32147,0,1.0,0.626,0.77,0.0,1.159,9.214
1784632226.3866484,53773,0,32157,0,1.0,0.626,0.77,0.0,1.159,9.214
1784632226.390197,53773,0,32167,0,1.0,0.626,0.77,0.0,1.159,9.214
1784632226.3938248,53773,0,32177,0,1.0,0.626,0.77,0.0,1.159,9.214
1784632226.499979,53773,0,32187,0,1.0,0.626,0.77,0.0,1.159,9.214
1784632226.5040781,53773,0,32197,0,1.0,0.625,0.77,0.0,1.159,9.214
1784632226.507773,53773,0,32207,0,1.0,0.625,0.77,0.0,1.158,9.214
1784632226.511071,53773,0,32217,0,1.0,0.625,0.769,0.0,1.158,9.214
1784632226.514886,53773,0,32227,0,1.0,0.625,0.769,0.0,1.158,9.214
1784632226.5181458,53773,0,32237,0,1.0,0.625,0.769,0.0,1.158,9.214
1784632226.521656,53773,0,32247,0,1.0,0.625,0.769,0.0,1.158,9.214
1784632226.525014,53773,0,32257,0,1.0,0.625,0.769,0.0,1.158,9.214
1784632226.5285468,53773,0,32267,0,1.0,0.625,0.769,0.0,1.158,9.214
1784632226.5317574,53773,0,32277,0,1.0,0.625,0.769,0.0,1.158,9.214
1784632226.5378149,53773,0,32287,0,1.0,0.625,0.769,0.0,1.157,9.214
1784632226.5410557,53773,0,32297,0,1.0,0.625,0.769,0.0,1.157,9.214
1784632226.5520504,53773,0,32307,0,1.0,0.625,0.769,0.0,1.157,9.214
1784632226.664064,53773,0,32317,0,1.0,0.625,0.769,0.0,1.157,9.214
1784632226.6701686,53773,0,32327,0,1.0,0.625,0.769,0.0,1.157,9.214
1784632226.673637,53773,0,32337,0,1.0,0.624,0.769,0.0,1.157,9.214
1784632226.6782386,53773,0,32347,0,1.0,0.624,0.769,0.0,1.157,9.214
1784632226.6835768,53773,0,32357,0,1.0,0.624,0.769,0.0,1.156,9.214
1784632226.6935189,53773,0,32367,0,1.0,0.624,0.769,0.0,1.156,9.214
1784632226.6974435,53773,0,32377,0,1.0,0.624,0.769,0.0,1.156,9.214
1784632226.7013855,53773,0,32387,0,1.0,0.624,0.769,0.0,1.156,9.214
1784632226.706451,53773,0,32397,0,1.0,0.624,0.768,0.0,1.156,9.214
1784632226.7104356,53773,0,32407,0,1.0,0.624,0.768,0.0,1.156,9.214
1784632226.7146964,53773,0,32417,0,1.0,0.624,0.768,0.0,1.156,9.214
1784632226.7182946,53773,0,32427,0,1.0,0.624,0.768,0.0,1.156,9.214
1784632226.7228403,53773,0,32437,0,1.0,0.624,0.768,0.0,1.155,9.214
1784632226.7261684,53773,0,32447,0,1.0,0.624,0.768,0.0,1.155,9.214
1784632226.8360102,53773,0,32457,0,1.0,0.624,0.768,0.0,1.155,9.214
1784632226.8403044,53773,0,32467,0,1.0,0.624,0.768,0.0,1.155,9.214
1784632226.8440962,53773,0,32477,0,1.0,0.623,0.768,0.0,1.155,9.214
1784632226.84863,53773,0,32487,0,1.0,0.623,0.768,0.0,1.155,9.214
1784632226.8523362,53773,0,32497,0,1.0,0.623,0.768,0.0,1.155,9.214
1784632226.8572538,53773,0,32507,0,1.0,0.623,0.768,0.0,1.154,9.214
1784632226.8634171,53773,0,32517,0,1.0,0.623,0.768,0.0,1.154,9.214
1784632226.8675494,53773,0,32527,0,1.0,0.623,0.768,0.0,1.154,9.214
1784632226.8709993,53773,0,32537,0,1.0,0.623,0.768,0.0,1.154,9.214
1784632226.8746772,53773,0,32547,0,1.0,0.623,0.768,0.0,1.154,9.214
1784632226.879106,53773,0,32557,0,1.0,0.623,0.768,0.0,1.154,9.214
1784632226.8835704,53773,0,32567,0,1.0,0.623,0.768,0.0,1.154,9.214
1784632226.8874207,53773,0,32577,0,1.0,0.623,0.768,0.0,1.154,9.214
1784632226.8913991,53773,0,32587,0,1.0,0.623,0.767,0.0,1.153,9.214
1784632226.998309,53773,0,32597,0,1.0,0.623,0.767,0.0,1.153,9.214
1784632227.0021226,53773,0,32607,0,1.0,0.623,0.767,0.0,1.153,9.214
1784632227.0058997,53773,0,32617,0,1.0,0.622,0.767,0.0,1.153,9.214
1784632227.0092416,53773,0,32627,0,1.0,0.622,0.767,0.0,1.153,9.214
1784632227.0125158,53773,0,32637,0,1.0,0.622,0.767,0.0,1.153,9.214
1784632227.0161397,53773,0,32647,0,1.0,0.622,0.767,0.0,1.153,9.214
1784632227.0199165,53773,0,32657,0,1.0,0.622,0.767,0.0,1.152,9.214
1784632227.0259295,53773,0,32667,0,1.0,0.622,0.767,0.0,1.152,9.214
1784632227.0294871,53773,0,32677,0,1.0,0.622,0.767,0.0,1.152,9.214
1784632227.0338714,53773,0,32687,0,1.0,0.622,0.767,0.0,1.152,9.214
1784632227.0383377,53773,0,32697,0,1.0,0.622,0.767,0.0,1.152,9.214
1784632227.0435128,53773,0,32707,0,1.0,0.622,0.767,0.0,1.152,9.214
1784632227.0467408,53773,0,32717,0,1.0,0.622,0.767,0.0,1.152,9.214
1784632227.1613023,53773,0,32727,0,1.0,0.622,0.767,0.0,1.152,9.214
1784632227.1649897,53773,0,32737,0,1.0,0.622,0.767,0.0,1.151,9.214
1784632227.1685972,53773,0,32747,0,1.0,0.622,0.767,0.0,1.151,9.214
1784632227.1758487,53773,0,32757,0,1.0,0.621,0.767,0.0,1.151,9.214
1784632227.1792548,53773,0,32767,0,1.0,0.621,0.766,0.0,1.151,9.214
1784632227.1845238,53773,0,32777,0,1.0,0.621,0.766,0.0,1.151,9.214
1784632227.1918852,53773,0,32787,0,1.0,0.621,0.766,0.0,1.151,9.214
1784632227.1961913,53773,0,32797,0,1.0,0.621,0.766,0.0,1.151,9.214
1784632227.206322,53773,0,32807,0,1.0,0.621,0.766,0.0,1.15,9.214
1784632227.2099957,53773,0,32817,0,1.0,0.621,0.766,0.0,1.15,9.214
1784632227.2159834,53773,0,32827,0,1.0,0.621,0.766,0.0,1.15,9.214
1784632227.2197952,53773,0,32837,0,1.0,0.621,0.766,0.0,1.15,9.214
1784632227.226045,53773,0,32847,0,1.0,0.621,0.766,0.0,1.15,9.214
1784632227.2308028,53773,0,32857,0,1.0,0.621,0.766,0.0,1.15,9.214
1784632227.2352414,53773,0,32867,0,1.0,0.621,0.766,0.0,1.15,9.214
1784632227.3395834,53773,0,32877,0,1.0,0.621,0.766,0.0,1.15,9.214
1784632227.3435788,53773,0,32887,0,1.0,0.621,0.766,0.0,1.149,9.214
1784632227.3497162,53773,0,32897,0,1.0,0.62,0.766,0.0,1.149,9.214
1784632227.3531892,53773,0,32907,0,1.0,0.62,0.766,0.0,1.149,9.214
1784632227.3563797,53773,0,32917,0,1.0,0.62,0.766,0.0,1.149,9.214
1784632227.3597133,53773,0,32927,0,1.0,0.62,0.766,0.0,1.149,9.214
1784632227.3633847,53773,0,32937,0,1.0,0.62,0.766,0.0,1.149,9.214
1784632227.366581,53773,0,32947,0,1.0,0.62,0.765,0.0,1.149,9.214
1784632227.3702476,53773,0,32957,0,1.0,0.62,0.765,0.0,1.148,9.214
1784632227.3754034,53773,0,32967,0,1.0,0.62,0.765,0.0,1.148,9.214
1784632227.3808265,53773,0,32977,0,1.0,0.62,0.765,0.0,1.148,9.214
1784632227.3844683,53773,0,32987,0,1.0,0.62,0.765,0.0,1.148,9.214
1784632227.3881576,53773,0,32997,0,1.0,0.62,0.765,0.0,1.148,9.214
1784632227.496648,53773,0,33007,0,1.0,0.62,0.765,0.0,1.148,9.214
1784632227.5003276,53773,0,33017,0,1.0,0.62,0.765,0.0,1.148,9.214
1784632227.5075035,53773,0,33027,0,1.0,0.62,0.765,0.0,1.148,9.214
1784632227.5113447,53773,0,33037,0,1.0,0.619,0.765,0.0,1.147,9.214
1784632227.517816,53773,0,33047,0,1.0,0.619,0.765,0.0,1.147,9.214
1784632227.522541,53773,0,33057,0,1.0,0.619,0.765,0.0,1.147,9.214
1784632227.527453,53773,0,33067,0,1.0,0.619,0.765,0.0,1.147,9.214
1784632227.5331593,53773,0,33077,0,1.0,0.619,0.765,0.0,1.147,9.214
1784632227.5379605,53773,0,33087,0,1.0,0.619,0.765,0.0,1.147,9.214
1784632227.5422034,53773,0,33097,0,1.0,0.619,0.765,0.0,1.147,9.214
1784632227.5569863,53773,0,33107,0,1.0,0.619,0.765,0.0,1.146,9.214
1784632227.5616274,53773,0,33117,0,1.0,0.619,0.765,0.0,1.146,9.214
1784632227.5667145,53773,0,33127,0,1.0,0.619,0.765,0.0,1.146,9.214
1784632227.6789582,53773,0,33137,0,1.0,0.619,0.764,0.0,1.146,9.214
1784632227.6841185,53773,0,33147,0,1.0,0.619,0.764,0.0,1.146,9.214
1784632227.6875262,53773,0,33157,0,1.0,0.619,0.764,0.0,1.146,9.214
1784632227.69491,53773,0,33167,0,1.0,0.619,0.764,0.0,1.146,9.214
1784632227.6985385,53773,0,33177,0,1.0,0.618,0.764,0.0,1.146,9.214
1784632227.7027674,53773,0,33187,0,1.0,0.618,0.764,0.0,1.145,9.214
1784632227.7072277,53773,0,33197,0,1.0,0.618,0.764,0.0,1.145,9.214
1784632227.711325,53773,0,33207,0,1.0,0.618,0.764,0.0,1.145,9.214
1784632227.7150521,53773,0,33217,0,1.0,0.618,0.764,0.0,1.145,9.214
1784632227.718597,53773,0,33227,0,1.0,0.618,0.764,0.0,1.145,9.214
1784632227.7232108,53773,0,33237,0,1.0,0.618,0.764,0.0,1.145,9.214
1784632227.7265549,53773,0,33247,0,1.0,0.618,0.764,0.0,1.145,9.214
1784632227.7299573,53773,0,33257,0,1.0,0.618,0.764,0.0,1.145,9.214
1784632227.73327,53773,0,33267,0,1.0,0.618,0.764,0.0,1.144,9.214
1784632227.8471007,53773,0,33277,0,1.0,0.618,0.764,0.0,1.144,9.214
1784632227.8510833,53773,0,33287,0,1.0,0.618,0.764,0.0,1.144,9.214
1784632227.8543742,53773,0,33297,0,1.0,0.618,0.764,0.0,1.144,9.214
1784632227.8575532,53773,0,33307,0,1.0,0.618,0.764,0.0,1.144,9.214
1784632227.8610773,53773,0,33317,0,1.0,0.617,0.763,0.0,1.144,9.214
1784632227.864321,53773,0,33327,0,1.0,0.617,0.763,0.0,1.144,9.214
1784632227.8675506,53773,0,33337,0,1.0,0.617,0.763,0.0,1.143,9.214
1784632227.8714213,53773,0,33347,0,1.0,0.617,0.763,0.0,1.143,9.214
1784632227.874804,53773,0,33357,0,1.0,0.617,0.763,0.0,1.143,9.214
1784632227.8807752,53773,0,33367,0,1.0,0.617,0.763,0.0,1.143,9.214
1784632227.8842463,53773,0,33377,0,1.0,0.617,0.763,0.0,1.143,9.214
1784632227.888712,53773,0,33387,0,1.0,0.617,0.763,0.0,1.143,9.214
1784632227.8948293,53773,0,33397,0,1.0,0.617,0.763,0.0,1.143,9.214
1784632228.0148823,53773,0,33407,0,1.0,0.617,0.763,0.0,1.143,9.214
1784632228.0201883,53773,0,33417,0,1.0,0.617,0.763,0.0,1.142,9.214
1784632228.0249183,53773,0,33427,0,1.0,0.617,0.763,0.0,1.142,9.214
1784632228.0336287,53773,0,33437,0,1.0,0.617,0.763,0.0,1.142,9.214
1784632228.0396106,53773,0,33447,0,1.0,0.617,0.763,0.0,1.142,9.214
1784632228.0439854,53773,0,33457,0,1.0,0.616,0.763,0.0,1.142,9.214
1784632228.0517228,53773,0,33467,0,1.0,0.616,0.763,0.0,1.142,9.214
1784632228.0564594,53773,0,33477,0,1.0,0.616,0.763,0.0,1.142,9.214
1784632228.0736222,53773,0,33487,0,1.0,0.616,0.763,0.0,1.141,9.214
1784632228.078747,53773,0,33497,0,1.0,0.616,0.763,0.0,1.141,9.214
1784632228.0848014,53773,0,33507,0,1.0,0.616,0.762,0.0,1.141,9.214
1784632228.0901155,53773,0,33517,0,1.0,0.616,0.762,0.0,1.141,9.214
1784632228.0990674,53773,0,33527,0,1.0,0.616,0.762,0.0,1.141,9.214
1784632228.1034174,53773,0,33537,0,1.0,0.616,0.762,0.0,1.141,9.214
1784632228.2109613,53773,0,33547,0,1.0,0.616,0.762,0.0,1.141,9.214
1784632228.2188578,53773,0,33557,0,1.0,0.616,0.762,0.0,1.141,9.214
1784632228.2269692,53773,0,33567,0,1.0,0.616,0.762,0.0,1.14,9.214
1784632228.235444,53773,0,33577,0,1.0,0.616,0.762,0.0,1.14,9.214
1784632228.2403092,53773,0,33587,0,1.0,0.616,0.762,0.0,1.14,9.214
1784632228.2465498,53773,0,33597,0,1.0,0.615,0.762,0.0,1.14,9.214
1784632228.257858,53773,0,33607,0,1.0,0.615,0.762,0.0,1.14,9.214
1784632228.2647734,53773,0,33617,0,1.0,0.615,0.762,0.0,1.14,9.214
1784632228.2690148,53773,0,33627,0,1.0,0.615,0.762,0.0,1.14,9.214
1784632228.2725668,53773,0,33637,0,1.0,0.615,0.762,0.0,1.14,9.214
1784632228.275737,53773,0,33647,0,1.0,0.615,0.762,0.0,1.139,9.214
1784632228.2789922,53773,0,33657,0,1.0,0.615,0.762,0.0,1.139,9.214
1784632228.2822673,53773,0,33667,0,1.0,0.615,0.762,0.0,1.139,9.214
1784632228.4003599,53773,0,33677,0,1.0,0.615,0.762,0.0,1.139,9.214
1784632228.4038684,53773,0,33687,0,1.0,0.615,0.761,0.0,1.139,9.214
1784632228.407484,53773,0,33697,0,1.0,0.615,0.761,0.0,1.139,9.214
1784632228.4118783,53773,0,33707,0,1.0,0.615,0.761,0.0,1.139,9.214
1784632228.4152713,53773,0,33717,0,1.0,0.615,0.761,0.0,1.138,9.214
1784632228.419544,53773,0,33727,0,1.0,0.615,0.761,0.0,1.138,9.214
1784632228.4235234,53773,0,33737,0,1.0,0.614,0.761,0.0,1.138,9.214
1784632228.4268782,53773,0,33747,0,1.0,0.614,0.761,0.0,1.138,9.214
1784632228.4304342,53773,0,33757,0,1.0,0.614,0.761,0.0,1.138,9.214
1784632228.4353917,53773,0,33767,0,1.0,0.614,0.761,0.0,1.138,9.214
1784632228.4435108,53773,0,33777,0,1.0,0.614,0.761,0.0,1.138,9.214
1784632228.450682,53773,0,33787,0,1.0,0.614,0.761,0.0,1.138,9.214
1784632228.454862,53773,0,33797,0,1.0,0.614,0.761,0.0,1.137,9.214
1784632228.5677574,53773,0,33807,0,1.0,0.614,0.761,0.0,1.137,9.214
1784632228.5722063,53773,0,33817,0,1.0,0.614,0.761,0.0,1.137,9.214
1784632228.586052,53773,0,33827,0,1.0,0.614,0.761,0.0,1.137,9.214
1784632228.5943632,53773,0,33837,0,1.0,0.614,0.761,0.0,1.137,9.214
1784632228.5987372,53773,0,33847,0,1.0,0.614,0.761,0.0,1.137,9.214
1784632228.602733,53773,0,33857,0,1.0,0.614,0.761,0.0,1.137,9.214
1784632228.6062722,53773,0,33867,0,1.0,0.614,0.761,0.0,1.137,9.214
1784632228.609684,53773,0,33877,0,1.0,0.613,0.76,0.0,1.136,9.214
1784632228.6133144,53773,0,33887,0,1.0,0.613,0.76,0.0,1.136,9.214
1784632228.6172597,53773,0,33897,0,1.0,0.613,0.76,0.0,1.136,9.214
1784632228.6207478,53773,0,33907,0,1.0,0.613,0.76,0.0,1.136,9.214
1784632228.727346,53773,0,33917,0,1.0,0.613,0.76,0.0,1.136,9.214
1784632228.7314198,53773,0,33927,0,1.0,0.613,0.76,0.0,1.136,9.214
1784632228.7359273,53773,0,33937,0,1.0,0.613,0.76,0.0,1.136,9.214
1784632228.7437832,53773,0,33947,0,1.0,0.613,0.76,0.0,1.136,9.214
1784632228.7521152,53773,0,33957,0,1.0,0.613,0.76,0.0,1.135,9.214
1784632228.7585313,53773,0,33967,0,1.0,0.613,0.76,0.0,1.135,9.214
1784632228.7632356,53773,0,33977,0,1.0,0.613,0.76,0.0,1.135,9.214
1784632228.767436,53773,0,33987,0,1.0,0.613,0.76,0.0,1.135,9.214
1784632228.7728946,53773,0,33997,0,1.0,0.613,0.76,0.0,1.135,9.214
1784632228.7815666,53773,0,34007,0,1.0,0.613,0.76,0.0,1.135,9.214
1784632228.7867773,53773,0,34017,0,1.0,0.613,0.76,0.0,1.135,9.214
1784632228.7909768,53773,0,34027,0,1.0,0.612,0.76,0.0,1.134,9.214
1784632228.7965713,53773,0,34037,0,1.0,0.612,0.76,0.0,1.134,9.214
1784632228.8032641,53773,0,34047,0,1.0,0.612,0.76,0.0,1.134,9.214
1784632228.9167616,53773,0,34057,0,1.0,0.612,0.759,0.0,1.134,9.214
1784632228.9227312,53773,0,34067,0,1.0,0.612,0.759,0.0,1.134,9.214
1784632228.930695,53773,0,34077,0,1.0,0.612,0.759,0.0,1.134,9.214
1784632228.9368184,53773,0,34087,0,1.0,0.612,0.759,0.0,1.134,9.214
1784632228.9438512,53773,0,34097,0,1.0,0.612,0.759,0.0,1.134,9.214
1784632228.9513798,53773,0,34107,0,1.0,0.612,0.759,0.0,1.133,9.214
1784632228.9588962,53773,0,34117,0,1.0,0.612,0.759,0.0,1.133,9.214
1784632228.9657388,53773,0,34127,0,1.0,0.612,0.759,0.0,1.133,9.214
1784632228.974557,53773,0,34137,0,1.0,0.612,0.759,0.0,1.133,9.214
1784632228.9830666,53773,0,34147,0,1.0,0.612,0.759,0.0,1.133,9.214
1784632228.9897654,53773,0,34157,0,1.0,0.612,0.759,0.0,1.133,9.214
1784632228.9951003,53773,0,34167,0,1.0,0.611,0.759,0.0,1.133,9.214
1784632229.0105767,53773,0,34177,0,1.0,0.611,0.759,0.0,1.133,9.214
1784632229.014544,53773,0,34187,0,1.0,0.611,0.759,0.0,1.132,9.214
1784632229.1368814,53773,0,34197,0,1.0,0.611,0.759,0.0,1.132,9.214
1784632229.1408176,53773,0,34207,0,1.0,0.611,0.759,0.0,1.132,9.214
1784632229.1462731,53773,0,34217,0,1.0,0.611,0.759,0.0,1.132,9.214
1784632229.1547186,53773,0,34227,0,1.0,0.611,0.759,0.0,1.132,9.214
1784632229.1612844,53773,0,34237,0,1.0,0.611,0.759,0.0,1.132,9.214
1784632229.1649344,53773,0,34247,0,1.0,0.611,0.758,0.0,1.132,9.214
1784632229.1684852,53773,0,34257,0,1.0,0.611,0.758,0.0,1.132,9.214
1784632229.1720157,53773,0,34267,0,1.0,0.611,0.758,0.0,1.131,9.214
1784632229.1847677,53773,0,34277,0,1.0,0.611,0.758,0.0,1.131,9.214
1784632229.1882517,53773,0,34287,0,1.0,0.611,0.758,0.0,1.131,9.214
1784632229.192868,53773,0,34297,0,1.0,0.611,0.758,0.0,1.131,9.214
1784632229.1964874,53773,0,34307,0,1.0,0.611,0.758,0.0,1.131,9.214
1784632229.201022,53773,0,34317,0,1.0,0.61,0.758,0.0,1.131,9.214
1784632229.2048044,53773,0,34327,0,1.0,0.61,0.758,0.0,1.131,9.214
1784632229.21206,53773,0,34337,0,1.0,0.61,0.758,0.0,1.13,9.214
1784632229.2167313,53773,0,34347,0,1.0,0.61,0.758,0.0,1.13,9.214
1784632229.226161,53773,0,34357,0,1.0,0.61,0.758,0.0,1.13,9.214
1784632229.2325528,53773,0,34367,0,1.0,0.61,0.758,0.0,1.13,9.214
1784632229.2408051,53773,0,34377,0,1.0,0.61,0.758,0.0,1.13,9.214
1784632229.244899,53773,0,34387,0,1.0,0.61,0.758,0.0,1.13,9.214
1784632229.3577921,53773,0,34397,0,1.0,0.61,0.758,0.0,1.13,9.214
1784632229.3616803,53773,0,34407,0,1.0,0.61,0.758,0.0,1.13,9.214
1784632229.3651028,53773,0,34417,0,1.0,0.61,0.758,0.0,1.129,9.214
1784632229.3685982,53773,0,34427,0,1.0,0.61,0.758,0.0,1.129,9.214
1784632229.3720236,53773,0,34437,0,1.0,0.61,0.757,0.0,1.129,9.214
1784632229.3754246,53773,0,34447,0,1.0,0.61,0.757,0.0,1.129,9.214
1784632229.3796322,53773,0,34457,0,1.0,0.609,0.757,0.0,1.129,9.214
1784632229.3830106,53773,0,34467,0,1.0,0.609,0.757,0.0,1.129,9.214
1784632229.3863502,53773,0,34477,0,1.0,0.609,0.757,0.0,1.129,9.214
1784632229.389593,53773,0,34487,0,1.0,0.609,0.757,0.0,1.129,9.214
1784632229.3932588,53773,0,34497,0,1.0,0.609,0.757,0.0,1.128,9.214
1784632229.3970888,53773,0,34507,0,1.0,0.609,0.757,0.0,1.128,9.214
1784632229.4005861,53773,0,34517,0,1.0,0.609,0.757,0.0,1.128,9.214
1784632229.4038534,53773,0,34527,0,1.0,0.609,0.757,0.0,1.128,9.214
1784632229.407085,53773,0,34537,0,1.0,0.609,0.757,0.0,1.128,9.214
1784632229.4122846,53773,0,34547,0,1.0,0.609,0.757,0.0,1.128,9.214
1784632229.4162612,53773,0,34557,0,1.0,0.609,0.757,0.0,1.128,9.214
1784632229.521874,53773,0,34567,0,1.0,0.609,0.757,0.0,1.128,9.214
1784632229.5254464,53773,0,34577,0,1.0,0.609,0.757,0.0,1.127,9.214
1784632229.5290613,53773,0,34587,0,1.0,0.609,0.757,0.0,1.127,9.214
1784632229.5334146,53773,0,34597,0,1.0,0.608,0.757,0.0,1.127,9.214
1784632229.53981,53773,0,34607,0,1.0,0.608,0.757,0.0,1.127,9.214
1784632229.5435152,53773,0,34617,0,1.0,0.608,0.756,0.0,1.127,9.214
1784632229.547316,53773,0,34627,0,1.0,0.608,0.756,0.0,1.127,9.214
1784632229.550893,53773,0,34637,0,1.0,0.608,0.756,0.0,1.127,9.214
1784632229.556177,53773,0,34647,0,1.0,0.608,0.756,0.0,1.127,9.214
1784632229.5595257,53773,0,34657,0,1.0,0.608,0.756,0.0,1.126,9.214
1784632229.5635421,53773,0,34667,0,1.0,0.608,0.756,0.0,1.126,9.214
1784632229.5696156,53773,0,34677,0,1.0,0.608,0.756,0.0,1.126,9.214
1784632229.6800108,53773,0,34687,0,1.0,0.608,0.756,0.0,1.126,9.214
1784632229.6878822,53773,0,34697,0,1.0,0.608,0.756,0.0,1.126,9.214
1784632229.6933272,53773,0,34707,0,1.0,0.608,0.756,0.0,1.126,9.214
1784632229.6991086,53773,0,34717,0,1.0,0.608,0.756,0.0,1.126,9.214
1784632229.703063,53773,0,34727,0,1.0,0.608,0.756,0.0,1.126,9.214
1784632229.7150593,53773,0,34737,0,1.0,0.608,0.756,0.0,1.125,9.214
1784632229.7188733,53773,0,34747,0,1.0,0.607,0.756,0.0,1.125,9.214
1784632229.7242682,53773,0,34757,0,1.0,0.607,0.756,0.0,1.125,9.214
1784632229.7278697,53773,0,34767,0,1.0,0.607,0.756,0.0,1.125,9.214
1784632229.7333848,53773,0,34777,0,1.0,0.607,0.756,0.0,1.125,9.214
1784632229.7370312,53773,0,34787,0,1.0,0.607,0.756,0.0,1.125,9.214
1784632229.7452772,53773,0,34797,0,1.0,0.607,0.756,0.0,1.125,9.214
1784632229.7501779,53773,0,34807,0,1.0,0.607,0.755,0.0,1.124,9.214
1784632229.8653157,53773,0,34817,0,1.0,0.607,0.755,0.0,1.124,9.214
1784632229.8687809,53773,0,34827,0,1.0,0.607,0.755,0.0,1.124,9.214
1784632229.8729525,53773,0,34837,0,1.0,0.607,0.755,0.0,1.124,9.214
1784632229.877788,53773,0,34847,0,1.0,0.607,0.755,0.0,1.124,9.214
1784632229.8817856,53773,0,34857,0,1.0,0.607,0.755,0.0,1.124,9.214
1784632229.885097,53773,0,34867,0,1.0,0.607,0.755,0.0,1.124,9.214
1784632229.8894675,53773,0,34877,0,1.0,0.607,0.755,0.0,1.124,9.214
1784632229.8928883,53773,0,34887,0,1.0,0.607,0.755,0.0,1.123,9.214
1784632229.8961306,53773,0,34897,0,1.0,0.606,0.755,0.0,1.123,9.214
1784632229.9092042,53773,0,34907,0,1.0,0.606,0.755,0.0,1.123,9.214
1784632229.9128296,53773,0,34917,0,1.0,0.606,0.755,0.0,1.123,9.214
1784632229.9229178,53773,0,34927,0,1.0,0.606,0.755,0.0,1.123,9.214
1784632229.9260037,53773,0,34937,0,1.0,0.606,0.755,0.0,1.123,9.214
1784632230.0346525,53773,0,34947,0,1.0,0.606,0.755,0.0,1.123,9.214
1784632230.0492992,53773,0,34957,0,1.0,0.606,0.755,0.0,1.123,9.214
1784632230.0527008,53773,0,34967,0,1.0,0.606,0.755,0.0,1.122,9.214
1784632230.056845,53773,0,34977,0,1.0,0.606,0.755,0.0,1.122,9.214
1784632230.0605314,53773,0,34987,0,1.0,0.606,0.755,0.0,1.122,9.214
1784632230.0689356,53773,0,34997,0,1.0,0.606,0.754,0.0,1.122,9.214
1784632230.0737107,53773,0,35007,0,1.0,0.606,0.754,0.0,1.122,9.214
1784632230.0797105,53773,0,35017,0,1.0,0.606,0.754,0.0,1.122,9.214
1784632230.0852745,53773,0,35027,0,1.0,0.606,0.754,0.0,1.122,9.214
1784632230.0901492,53773,0,35037,0,1.0,0.605,0.754,0.0,1.122,9.214
1784632230.0977445,53773,0,35047,0,1.0,0.605,0.754,0.0,1.121,9.214
1784632230.2149158,53773,0,35057,0,1.0,0.605,0.754,0.0,1.121,9.214
1784632230.219166,53773,0,35067,0,1.0,0.605,0.754,0.0,1.121,9.214
1784632230.2238748,53773,0,35077,0,1.0,0.605,0.754,0.0,1.121,9.214
1784632230.2284045,53773,0,35087,0,1.0,0.605,0.754,0.0,1.121,9.214
1784632230.231914,53773,0,35097,0,1.0,0.605,0.754,0.0,1.121,9.214
1784632230.2352116,53773,0,35107,0,1.0,0.605,0.754,0.0,1.121,9.214
1784632230.2384481,53773,0,35117,0,1.0,0.605,0.754,0.0,1.121,9.214
1784632230.242754,53773,0,35127,0,1.0,0.605,0.754,0.0,1.12,9.214
1784632230.2462215,53773,0,35137,0,1.0,0.605,0.754,0.0,1.12,9.214
1784632230.2496793,53773,0,35147,0,1.0,0.605,0.754,0.0,1.12,9.214
1784632230.3622057,53773,0,35157,0,1.0,0.605,0.754,0.0,1.12,9.214
1784632230.3658032,53773,0,35167,0,1.0,0.605,0.754,0.0,1.12,9.214
1784632230.3697784,53773,0,35177,0,1.0,0.605,0.754,0.0,1.12,9.214
1784632230.3738124,53773,0,35187,0,1.0,0.604,0.753,0.0,1.12,9.214
1784632230.3780005,53773,0,35197,0,1.0,0.604,0.753,0.0,1.12,9.214
1784632230.3817015,53773,0,35207,0,1.0,0.604,0.753,0.0,1.119,9.214
1784632230.3855252,53773,0,35217,0,1.0,0.604,0.753,0.0,1.119,9.214
1784632230.4966207,53773,0,35227,0,1.0,0.604,0.753,0.0,1.119,9.214
1784632230.4999654,53773,0,35237,0,1.0,0.604,0.753,0.0,1.119,9.214
1784632230.5043938,53773,0,35247,0,1.0,0.604,0.753,0.0,1.119,9.214
1784632230.5083919,53773,0,35257,0,1.0,0.604,0.753,0.0,1.119,9.214
1784632230.51205,53773,0,35267,0,1.0,0.604,0.753,0.0,1.119,9.214
1784632230.516939,53773,0,35277,0,1.0,0.604,0.753,0.0,1.119,9.214
1784632230.520952,53773,0,35287,0,1.0,0.604,0.753,0.0,1.118,9.214
1784632230.6302986,53773,0,35297,0,1.0,0.604,0.753,0.0,1.118,9.214
1784632230.6640525,53773,0,35307,0,1.0,0.604,0.753,0.0,1.118,9.214
1784632230.6689022,53773,0,35317,0,1.0,0.604,0.753,0.0,1.118,9.214
1784632230.672637,53773,0,35327,0,1.0,0.604,0.753,0.0,1.118,9.214
1784632230.6824574,53773,0,35337,0,1.0,0.603,0.753,0.0,1.118,9.214
1784632230.6860523,53773,0,35347,0,1.0,0.603,0.753,0.0,1.118,9.214
1784632230.7066066,53773,0,35357,0,1.0,0.603,0.753,0.0,1.118,9.214
1784632230.7098675,53773,0,35367,0,1.0,0.603,0.753,0.0,1.117,9.214
1784632230.714229,53773,0,35377,0,1.0,0.603,0.752,0.0,1.117,9.214
1784632230.8371258,53773,0,35387,0,1.0,0.603,0.752,0.0,1.117,9.214
1784632230.8424714,53773,0,35397,0,1.0,0.603,0.752,0.0,1.117,9.214
1784632230.8543684,53773,0,35407,0,1.0,0.603,0.752,0.0,1.117,9.214
1784632230.8578274,53773,0,35417,0,1.0,0.603,0.752,0.0,1.117,9.214
1784632230.86142,53773,0,35427,0,1.0,0.603,0.752,0.0,1.117,9.214
1784632230.864928,53773,0,35437,0,1.0,0.603,0.752,0.0,1.117,9.214
1784632230.8683753,53773,0,35447,0,1.0,0.603,0.752,0.0,1.116,9.214
1784632230.8718936,53773,0,35457,0,1.0,0.603,0.752,0.0,1.116,9.214
1784632230.8755884,53773,0,35467,0,1.0,0.603,0.752,0.0,1.116,9.214
1784632230.8801124,53773,0,35477,0,1.0,0.602,0.752,0.0,1.116,9.214
1784632230.988402,53773,0,35487,0,1.0,0.602,0.752,0.0,1.116,9.214
1784632230.9919062,53773,0,35497,0,1.0,0.602,0.752,0.0,1.116,9.214
1784632230.9956114,53773,0,35507,0,1.0,0.602,0.752,0.0,1.116,9.214
1784632230.9992976,53773,0,35517,0,1.0,0.602,0.752,0.0,1.116,9.214
1784632231.0037298,53773,0,35527,0,1.0,0.602,0.752,0.0,1.115,9.214
1784632231.0075889,53773,0,35537,0,1.0,0.602,0.752,0.0,1.115,9.214
1784632231.0109715,53773,0,35547,0,1.0,0.602,0.752,0.0,1.115,9.214
1784632231.131861,53773,0,35557,0,1.0,0.602,0.752,0.0,1.115,9.214
1784632231.1352212,53773,0,35567,0,1.0,0.602,0.751,0.0,1.115,9.214
1784632231.1385133,53773,0,35577,0,1.0,0.602,0.751,0.0,1.115,9.214
1784632231.1425762,53773,0,35587,0,1.0,0.602,0.751,0.0,1.115,9.214
1784632231.1461506,53773,0,35597,0,1.0,0.602,0.751,0.0,1.115,9.214
1784632231.150825,53773,0,35607,0,1.0,0.602,0.751,0.0,1.114,9.214
1784632231.1542578,53773,0,35617,0,1.0,0.602,0.751,0.0,1.114,9.214
1784632231.2013736,53773,0,35627,0,1.0,0.601,0.751,0.0,1.114,9.214
1784632231.2082865,53773,0,35637,0,1.0,0.601,0.751,0.0,1.114,9.214
1784632231.2148788,53773,0,35647,0,1.0,0.601,0.751,0.0,1.114,9.214
1784632231.2464669,53773,0,35657,0,1.0,0.601,0.751,0.0,1.114,9.214
1784632231.3547266,53773,0,35667,0,1.0,0.601,0.751,0.0,1.114,9.214
1784632231.3583193,53773,0,35677,0,1.0,0.601,0.751,0.0,1.114,9.214
1784632231.3620465,53773,0,35687,0,1.0,0.601,0.751,0.0,1.113,9.214
1784632231.3655753,53773,0,35697,0,1.0,0.601,0.751,0.0,1.113,9.214
1784632231.369092,53773,0,35707,0,1.0,0.601,0.751,0.0,1.113,9.214
1784632231.3726637,53773,0,35717,0,1.0,0.601,0.751,0.0,1.113,9.214
1784632231.3765101,53773,0,35727,0,1.0,0.601,0.751,0.0,1.113,9.214
1784632231.3806393,53773,0,35737,0,1.0,0.601,0.751,0.0,1.113,9.214
1784632231.388048,53773,0,35747,0,1.0,0.601,0.751,0.0,1.113,9.214
1784632231.393545,53773,0,35757,0,1.0,0.601,0.75,0.0,1.113,9.214
1784632231.3985133,53773,0,35767,0,1.0,0.601,0.75,0.0,1.112,9.214
1784632231.4094808,53773,0,35777,0,1.0,0.6,0.75,0.0,1.112,9.214
1784632231.4149292,53773,0,35787,0,1.0,0.6,0.75,0.0,1.112,9.214
1784632231.5337446,53773,0,35797,0,1.0,0.6,0.75,0.0,1.112,9.214
1784632231.5379932,53773,0,35807,0,1.0,0.6,0.75,0.0,1.112,9.214
1784632231.5414133,53773,0,35817,0,1.0,0.6,0.75,0.0,1.112,9.214
1784632231.5448072,53773,0,35827,0,1.0,0.6,0.75,0.0,1.112,9.214
1784632231.5485144,53773,0,35837,0,1.0,0.6,0.75,0.0,1.112,9.214
1784632231.5527387,53773,0,35847,0,1.0,0.6,0.75,0.0,1.111,9.214
1784632231.5578768,53773,0,35857,0,1.0,0.6,0.75,0.0,1.111,9.214
1784632231.561322,53773,0,35867,0,1.0,0.6,0.75,0.0,1.111,9.214
1784632231.5661197,53773,0,35877,0,1.0,0.6,0.75,0.0,1.111,9.214
1784632231.5697556,53773,0,35887,0,1.0,0.6,0.75,0.0,1.111,9.214
1784632231.5728903,53773,0,35897,0,1.0,0.6,0.75,0.0,1.111,9.214
1784632231.5759957,53773,0,35907,0,1.0,0.6,0.75,0.0,1.111,9.214
1784632231.6841164,53773,0,35917,0,1.0,0.6,0.75,0.0,1.111,9.214
1784632231.6872885,53773,0,35927,0,1.0,0.599,0.75,0.0,1.11,9.214
1784632231.6916113,53773,0,35937,0,1.0,0.599,0.75,0.0,1.11,9.214
1784632231.695477,53773,0,35947,0,1.0,0.599,0.749,0.0,1.11,9.214
1784632231.6989553,53773,0,35957,0,1.0,0.599,0.749,0.0,1.11,9.214
1784632231.7024233,53773,0,35967,0,1.0,0.599,0.749,0.0,1.11,9.214
1784632231.7061324,53773,0,35977,0,1.0,0.599,0.749,0.0,1.11,9.214
1784632231.7097466,53773,0,35987,0,1.0,0.599,0.749,0.0,1.11,9.214
1784632231.7141488,53773,0,35997,0,1.0,0.599,0.749,0.0,1.11,9.214
1784632231.7176027,53773,0,36007,0,1.0,0.599,0.749,0.0,1.109,9.214
1784632231.7216008,53773,0,36017,0,1.0,0.599,0.749,0.0,1.109,9.214
1784632231.7254937,53773,0,36027,0,1.0,0.599,0.749,0.0,1.109,9.214
1784632231.73961,53773,0,36037,0,1.0,0.599,0.749,0.0,1.109,9.214
1784632231.8541765,53773,0,36047,0,1.0,0.599,0.749,0.0,1.109,9.214
1784632231.858317,53773,0,36057,0,1.0,0.599,0.749,0.0,1.109,9.214
1784632231.8627188,53773,0,36067,0,1.0,0.599,0.749,0.0,1.109,9.214
1784632231.8712995,53773,0,36077,0,1.0,0.598,0.749,0.0,1.109,9.214
1784632231.874943,53773,0,36087,0,1.0,0.598,0.749,0.0,1.108,9.214
1784632231.887566,53773,0,36097,0,1.0,0.598,0.749,0.0,1.108,9.214
1784632231.8912778,53773,0,36107,0,1.0,0.598,0.749,0.0,1.108,9.214
1784632231.8951724,53773,0,36117,0,1.0,0.598,0.749,0.0,1.108,9.214
1784632231.903179,53773,0,36127,0,1.0,0.598,0.749,0.0,1.108,9.214
1784632231.9066665,53773,0,36137,0,1.0,0.598,0.748,0.0,1.108,9.214
1784632231.9109135,53773,0,36147,0,1.0,0.598,0.748,0.0,1.108,9.214
1784632231.9143379,53773,0,36157,0,1.0,0.598,0.748,0.0,1.108,9.214
1784632231.917717,53773,0,36167,0,1.0,0.598,0.748,0.0,1.107,9.214
1784632231.9212725,53773,0,36177,0,1.0,0.598,0.748,0.0,1.107,9.214
1784632232.032744,53773,0,36187,0,1.0,0.598,0.748,0.0,1.107,9.214
1784632232.0366454,53773,0,36197,0,1.0,0.598,0.748,0.0,1.107,9.214
1784632232.0404148,53773,0,36207,0,1.0,0.598,0.748,0.0,1.107,9.214
1784632232.0440269,53773,0,36217,0,1.0,0.598,0.748,0.0,1.107,9.214
1784632232.048053,53773,0,36227,0,1.0,0.597,0.748,0.0,1.107,9.214
1784632232.0516806,53773,0,36237,0,1.0,0.597,0.748,0.0,1.107,9.214
1784632232.0553288,53773,0,36247,0,1.0,0.597,0.748,0.0,1.107,9.214
1784632232.0588207,53773,0,36257,0,1.0,0.597,0.748,0.0,1.106,9.214
1784632232.0643618,53773,0,36267,0,1.0,0.597,0.748,0.0,1.106,9.214
1784632232.0703726,53773,0,36277,0,1.0,0.597,0.748,0.0,1.106,9.214
1784632232.075081,53773,0,36287,0,1.0,0.597,0.748,0.0,1.106,9.214
1784632232.0783312,53773,0,36297,0,1.0,0.597,0.748,0.0,1.106,9.214
1784632232.0871184,53773,0,36307,0,1.0,0.597,0.748,0.0,1.106,9.214
1784632232.0915568,53773,0,36317,0,1.0,0.597,0.748,0.0,1.106,9.214
1784632232.0982847,53773,0,36327,0,1.0,0.597,0.748,0.0,1.106,9.214
1784632232.2095788,53773,0,36337,0,1.0,0.597,0.747,0.0,1.105,9.214
1784632232.2137733,53773,0,36347,0,1.0,0.597,0.747,0.0,1.105,9.214
1784632232.223709,53773,0,36357,0,1.0,0.597,0.747,0.0,1.105,9.214
1784632232.2325063,53773,0,36367,0,1.0,0.597,0.747,0.0,1.105,9.214
1784632232.2372105,53773,0,36377,0,1.0,0.596,0.747,0.0,1.105,9.214
1784632232.2410436,53773,0,36387,0,1.0,0.596,0.747,0.0,1.105,9.214
1784632232.2449632,53773,0,36397,0,1.0,0.596,0.747,0.0,1.105,9.214
1784632232.2489207,53773,0,36407,0,1.0,0.596,0.747,0.0,1.105,9.214
1784632232.254076,53773,0,36417,0,1.0,0.596,0.747,0.0,1.104,9.214
1784632232.2580135,53773,0,36427,0,1.0,0.596,0.747,0.0,1.104,9.214
1784632232.2628183,53773,0,36437,0,1.0,0.596,0.747,0.0,1.104,9.214
1784632232.2682285,53773,0,36447,0,1.0,0.596,0.747,0.0,1.104,9.214
1784632232.2730925,53773,0,36457,0,1.0,0.596,0.747,0.0,1.104,9.214
1784632232.2776482,53773,0,36467,0,1.0,0.596,0.747,0.0,1.104,9.214
1784632232.3958654,53773,0,36477,0,1.0,0.596,0.747,0.0,1.104,9.214
1784632232.3997967,53773,0,36487,0,1.0,0.596,0.747,0.0,1.104,9.214
1784632232.4031906,53773,0,36497,0,1.0,0.596,0.747,0.0,1.103,9.214
1784632232.406392,53773,0,36507,0,1.0,0.596,0.747,0.0,1.103,9.214
1784632232.4110708,53773,0,36517,0,1.0,0.596,0.747,0.0,1.103,9.214
1784632232.4144478,53773,0,36527,0,1.0,0.595,0.746,0.0,1.103,9.214
1784632232.417881,53773,0,36537,0,1.0,0.595,0.746,0.0,1.103,9.214
1784632232.423357,53773,0,36547,0,1.0,0.595,0.746,0.0,1.103,9.214
1784632232.4269063,53773,0,36557,0,1.0,0.595,0.746,0.0,1.103,9.214
1784632232.4316766,53773,0,36567,0,1.0,0.595,0.746,0.0,1.103,9.214
1784632232.4353108,53773,0,36577,0,1.0,0.595,0.746,0.0,1.102,9.214
1784632232.448116,53773,0,36587,0,1.0,0.595,0.746,0.0,1.102,9.214
1784632232.4522088,53773,0,36597,0,1.0,0.595,0.746,0.0,1.102,9.214
1784632232.457879,53773,0,36607,0,1.0,0.595,0.746,0.0,1.102,9.214
1784632232.573556,53773,0,36617,0,1.0,0.595,0.746,0.0,1.102,9.214
1784632232.5776598,53773,0,36627,0,1.0,0.595,0.746,0.0,1.102,9.214
1784632232.5908618,53773,0,36637,0,1.0,0.595,0.746,0.0,1.102,9.214
1784632232.5948637,53773,0,36647,0,1.0,0.595,0.746,0.0,1.102,9.214
1784632232.6006906,53773,0,36657,0,1.0,0.595,0.746,0.0,1.101,9.214
1784632232.606065,53773,0,36667,0,1.0,0.595,0.746,0.0,1.101,9.214
1784632232.6104264,53773,0,36677,0,1.0,0.595,0.746,0.0,1.101,9.214
1784632232.61701,53773,0,36687,0,1.0,0.594,0.746,0.0,1.101,9.214
1784632232.6206808,53773,0,36697,0,1.0,0.594,0.746,0.0,1.101,9.214
1784632232.6242652,53773,0,36707,0,1.0,0.594,0.746,0.0,1.101,9.214
1784632232.6281655,53773,0,36717,0,1.0,0.594,0.745,0.0,1.101,9.214
1784632232.6320405,53773,0,36727,0,1.0,0.594,0.745,0.0,1.101,9.214
1784632232.6357794,53773,0,36737,0,1.0,0.594,0.745,0.0,1.101,9.214
1784632232.63977,53773,0,36747,0,1.0,0.594,0.745,0.0,1.1,9.214
1784632232.6432173,53773,0,36757,0,1.0,0.594,0.745,0.0,1.1,9.214
1784632232.6464596,53773,0,36767,0,1.0,0.594,0.745,0.0,1.1,9.214
1784632232.649822,53773,0,36777,0,1.0,0.594,0.745,0.0,1.1,9.214
1784632232.759098,53773,0,36787,0,1.0,0.594,0.745,0.0,1.1,9.214
1784632232.7631714,53773,0,36797,0,1.0,0.594,0.745,0.0,1.1,9.214
1784632232.767024,53773,0,36807,0,1.0,0.594,0.745,0.0,1.1,9.214
1784632232.771094,53773,0,36817,0,1.0,0.594,0.745,0.0,1.1,9.214
1784632232.7745535,53773,0,36827,0,1.0,0.594,0.745,0.0,1.099,9.214
1784632232.779756,53773,0,36837,0,1.0,0.593,0.745,0.0,1.099,9.214
1784632232.7969933,53773,0,36847,0,1.0,0.593,0.745,0.0,1.099,9.214
1784632232.8014421,53773,0,36857,0,1.0,0.593,0.745,0.0,1.099,9.214
1784632232.8068268,53773,0,36867,0,1.0,0.593,0.745,0.0,1.099,9.214
1784632232.8109832,53773,0,36877,0,1.0,0.593,0.745,0.0,1.099,9.214
1784632232.8152702,53773,0,36887,0,1.0,0.593,0.745,0.0,1.099,9.214
1784632232.820517,53773,0,36897,0,1.0,0.593,0.745,0.0,1.099,9.214
1784632232.8262365,53773,0,36907,0,1.0,0.593,0.745,0.0,1.098,9.214
1784632232.8338928,53773,0,36917,0,1.0,0.593,0.744,0.0,1.098,9.214
1784632232.837656,53773,0,36927,0,1.0,0.593,0.744,0.0,1.098,9.214
1784632232.8421237,53773,0,36937,0,1.0,0.593,0.744,0.0,1.098,9.214
1784632232.8462672,53773,0,36947,0,1.0,0.593,0.744,0.0,1.098,9.214
1784632232.849943,53773,0,36957,0,1.0,0.593,0.744,0.0,1.098,9.214
1784632232.956988,53773,0,36967,0,1.0,0.593,0.744,0.0,1.098,9.214
1784632232.9607103,53773,0,36977,0,1.0,0.593,0.744,0.0,1.098,9.214
1784632232.964596,53773,0,36987,0,1.0,0.592,0.744,0.0,1.097,9.214
1784632232.9684203,53773,0,36997,0,1.0,0.592,0.744,0.0,1.097,9.214
1784632232.973829,53773,0,37007,0,1.0,0.592,0.744,0.0,1.097,9.214
1784632232.9775345,53773,0,37017,0,1.0,0.592,0.744,0.0,1.097,9.214
1784632232.9810114,53773,0,37027,0,1.0,0.592,0.744,0.0,1.097,9.214
1784632232.9845934,53773,0,37037,0,1.0,0.592,0.744,0.0,1.097,9.214
1784632232.9882116,53773,0,37047,0,1.0,0.592,0.744,0.0,1.097,9.214
1784632232.991595,53773,0,37057,0,1.0,0.592,0.744,0.0,1.097,9.214
1784632232.9953334,53773,0,37067,0,1.0,0.592,0.744,0.0,1.097,9.214
1784632232.9987614,53773,0,37077,0,1.0,0.592,0.744,0.0,1.096,9.214
1784632233.008172,53773,0,37087,0,1.0,0.592,0.744,0.0,1.096,9.214
1784632233.0127735,53773,0,37097,0,1.0,0.592,0.744,0.0,1.096,9.214
1784632233.01749,53773,0,37107,0,1.0,0.592,0.743,0.0,1.096,9.214
1784632233.022078,53773,0,37117,0,1.0,0.592,0.743,0.0,1.096,9.214
1784632233.028551,53773,0,37127,0,1.0,0.592,0.743,0.0,1.096,9.214
1784632233.0327766,53773,0,37137,0,1.0,0.591,0.743,0.0,1.096,9.214
1784632233.045202,53773,0,37147,0,1.0,0.591,0.743,0.0,1.096,9.214
1784632233.1600468,53773,0,37157,0,1.0,0.591,0.743,0.0,1.095,9.214
1784632233.165328,53773,0,37167,0,1.0,0.591,0.743,0.0,1.095,9.214
1784632233.1687024,53773,0,37177,0,1.0,0.591,0.743,0.0,1.095,9.214
1784632233.1759884,53773,0,37187,0,1.0,0.591,0.743,0.0,1.095,9.214
1784632233.1875973,53773,0,37197,0,1.0,0.591,0.743,0.0,1.095,9.214
1784632233.1923556,53773,0,37207,0,1.0,0.591,0.743,0.0,1.095,9.214
1784632233.1990535,53773,0,37217,0,1.0,0.591,0.743,0.0,1.095,9.214
1784632233.2032077,53773,0,37227,0,1.0,0.591,0.743,0.0,1.095,9.214
1784632233.20902,53773,0,37237,0,1.0,0.591,0.743,0.0,1.094,9.214
1784632233.2137337,53773,0,37247,0,1.0,0.591,0.743,0.0,1.094,9.214
1784632233.2179666,53773,0,37257,0,1.0,0.591,0.743,0.0,1.094,9.214
1784632233.2223537,53773,0,37267,0,1.0,0.591,0.743,0.0,1.094,9.214
1784632233.2267568,53773,0,37277,0,1.0,0.591,0.743,0.0,1.094,9.214
1784632233.2384644,53773,0,37287,0,1.0,0.591,0.743,0.0,1.094,9.214
1784632233.2432852,53773,0,37297,0,1.0,0.59,0.743,0.0,1.094,9.214
1784632233.2472353,53773,0,37307,0,1.0,0.59,0.742,0.0,1.094,9.214
1784632233.2506027,53773,0,37317,0,1.0,0.59,0.742,0.0,1.094,9.214
1784632233.255446,53773,0,37327,0,1.0,0.59,0.742,0.0,1.093,9.214
1784632233.3793397,53773,0,37337,0,1.0,0.59,0.742,0.0,1.093,9.214
1784632233.3826659,53773,0,37347,0,1.0,0.59,0.742,0.0,1.093,9.214
1784632233.385851,53773,0,37357,0,1.0,0.59,0.742,0.0,1.093,9.214
1784632233.3889978,53773,0,37367,0,1.0,0.59,0.742,0.0,1.093,9.214
1784632233.3923302,53773,0,37377,0,1.0,0.59,0.742,0.0,1.093,9.214
1784632233.3957844,53773,0,37387,0,1.0,0.59,0.742,0.0,1.093,9.214
1784632233.3995457,53773,0,37397,0,1.0,0.59,0.742,0.0,1.093,9.214
1784632233.4027758,53773,0,37407,0,1.0,0.59,0.742,0.0,1.092,9.214
1784632233.4060328,53773,0,37417,0,1.0,0.59,0.742,0.0,1.092,9.214
1784632233.410586,53773,0,37427,0,1.0,0.59,0.742,0.0,1.092,9.214
1784632233.4142983,53773,0,37437,0,1.0,0.59,0.742,0.0,1.092,9.214
1784632233.528475,53773,0,37447,0,1.0,0.589,0.742,0.0,1.092,9.214
1784632233.53187,53773,0,37457,0,1.0,0.589,0.742,0.0,1.092,9.214
1784632233.5363216,53773,0,37467,0,1.0,0.589,0.742,0.0,1.092,9.214
1784632233.5396101,53773,0,37477,0,1.0,0.589,0.742,0.0,1.092,9.214
1784632233.5428843,53773,0,37487,0,1.0,0.589,0.742,0.0,1.091,9.214
1784632233.5470374,53773,0,37497,0,1.0,0.589,0.741,0.0,1.091,9.214
1784632233.550828,53773,0,37507,0,1.0,0.589,0.741,0.0,1.091,9.214
1784632233.554148,53773,0,37517,0,1.0,0.589,0.741,0.0,1.091,9.214
1784632233.5574636,53773,0,37527,0,1.0,0.589,0.741,0.0,1.091,9.214
1784632233.5609233,53773,0,37537,0,1.0,0.589,0.741,0.0,1.091,9.214
1784632233.5647948,53773,0,37547,0,1.0,0.589,0.741,0.0,1.091,9.214
1784632233.568512,53773,0,37557,0,1.0,0.589,0.741,0.0,1.091,9.214
1784632233.5721676,53773,0,37567,0,1.0,0.589,0.741,0.0,1.091,9.214
1784632233.5754983,53773,0,37577,0,1.0,0.589,0.741,0.0,1.09,9.214
1784632233.5790725,53773,0,37587,0,1.0,0.589,0.741,0.0,1.09,9.214
1784632233.6850553,53773,0,37597,0,1.0,0.589,0.741,0.0,1.09,9.214
1784632233.690774,53773,0,37607,0,1.0,0.588,0.741,0.0,1.09,9.214
1784632233.6940656,53773,0,37617,0,1.0,0.588,0.741,0.0,1.09,9.214
1784632233.697595,53773,0,37627,0,1.0,0.588,0.741,0.0,1.09,9.214
1784632233.7012124,53773,0,37637,0,1.0,0.588,0.741,0.0,1.09,9.214
1784632233.7057774,53773,0,37647,0,1.0,0.588,0.741,0.0,1.09,9.214
1784632233.7098782,53773,0,37657,0,1.0,0.588,0.741,0.0,1.089,9.214
1784632233.713499,53773,0,37667,0,1.0,0.588,0.741,0.0,1.089,9.214
1784632233.7257106,53773,0,37677,0,1.0,0.588,0.741,0.0,1.089,9.214
1784632233.7312567,53773,0,37687,0,1.0,0.588,0.741,0.0,1.089,9.214
1784632233.7376294,53773,0,37697,0,1.0,0.588,0.74,0.0,1.089,9.214
1784632233.74229,53773,0,37707,0,1.0,0.588,0.74,0.0,1.089,9.214
1784632233.8527012,53773,0,37717,0,1.0,0.588,0.74,0.0,1.089,9.214
1784632233.866654,53773,0,37727,0,1.0,0.588,0.74,0.0,1.089,9.214
1784632233.8703797,53773,0,37737,0,1.0,0.588,0.74,0.0,1.089,9.214
1784632233.875537,53773,0,37747,0,1.0,0.588,0.74,0.0,1.088,9.214
1784632233.8805883,53773,0,37757,0,1.0,0.587,0.74,0.0,1.088,9.214
1784632233.8844094,53773,0,37767,0,1.0,0.587,0.74,0.0,1.088,9.214
1784632233.888909,53773,0,37777,0,1.0,0.587,0.74,0.0,1.088,9.214
1784632233.894599,53773,0,37787,0,1.0,0.587,0.74,0.0,1.088,9.214
1784632233.8983765,53773,0,37797,0,1.0,0.587,0.74,0.0,1.088,9.214
1784632233.9089804,53773,0,37807,0,1.0,0.587,0.74,0.0,1.088,9.214
1784632233.9127157,53773,0,37817,0,1.0,0.587,0.74,0.0,1.088,9.214
1784632233.9202669,53773,0,37827,0,1.0,0.587,0.74,0.0,1.087,9.214
1784632233.9240775,53773,0,37837,0,1.0,0.587,0.74,0.0,1.087,9.214
1784632233.9274497,53773,0,37847,0,1.0,0.587,0.74,0.0,1.087,9.214
1784632234.0348663,53773,0,37857,0,1.0,0.587,0.74,0.0,1.087,9.214
1784632234.0383935,53773,0,37867,0,1.0,0.587,0.74,0.0,1.087,9.214
1784632234.0417771,53773,0,37877,0,1.0,0.587,0.74,0.0,1.087,9.214
1784632234.0449753,53773,0,37887,0,1.0,0.587,0.739,0.0,1.087,9.214
1784632234.0490992,53773,0,37897,0,1.0,0.587,0.739,0.0,1.087,9.214
1784632234.053066,53773,0,37907,0,1.0,0.587,0.739,0.0,1.086,9.214
1784632234.056862,53773,0,37917,0,1.0,0.586,0.739,0.0,1.086,9.214
1784632234.0616436,53773,0,37927,0,1.0,0.586,0.739,0.0,1.086,9.214
1784632234.0678627,53773,0,37937,0,1.0,0.586,0.739,0.0,1.086,9.214
1784632234.072409,53773,0,37947,0,1.0,0.586,0.739,0.0,1.086,9.214
1784632234.078687,53773,0,37957,0,1.0,0.586,0.739,0.0,1.086,9.214
1784632234.0870342,53773,0,37967,0,1.0,0.586,0.739,0.0,1.086,9.214
1784632234.0934699,53773,0,37977,0,1.0,0.586,0.739,0.0,1.086,9.214
1784632234.0985568,53773,0,37987,0,1.0,0.586,0.739,0.0,1.086,9.214
1784632234.1024954,53773,0,37997,0,1.0,0.586,0.739,0.0,1.085,9.214
1784632234.2273784,53773,0,38007,0,1.0,0.586,0.739,0.0,1.085,9.214
1784632234.2320473,53773,0,38017,0,1.0,0.586,0.739,0.0,1.085,9.214
1784632234.2391982,53773,0,38027,0,1.0,0.586,0.739,0.0,1.085,9.214
1784632234.2459219,53773,0,38037,0,1.0,0.586,0.739,0.0,1.085,9.214
1784632234.258337,53773,0,38047,0,1.0,0.586,0.739,0.0,1.085,9.214
1784632234.26284,53773,0,38057,0,1.0,0.586,0.739,0.0,1.085,9.214
1784632234.2682061,53773,0,38067,0,1.0,0.586,0.739,0.0,1.085,9.214
1784632234.2759297,53773,0,38077,0,1.0,0.585,0.739,0.0,1.084,9.214
1784632234.2817981,53773,0,38087,0,1.0,0.585,0.738,0.0,1.084,9.214
1784632234.2889903,53773,0,38097,0,1.0,0.585,0.738,0.0,1.084,9.214
1784632234.293371,53773,0,38107,0,1.0,0.585,0.738,0.0,1.084,9.214
1784632234.2979097,53773,0,38117,0,1.0,0.585,0.738,0.0,1.084,9.214
1784632234.3058999,53773,0,38127,0,1.0,0.585,0.738,0.0,1.084,9.214
1784632234.4212205,53773,0,38137,0,1.0,0.585,0.738,0.0,1.084,9.214
1784632234.429736,53773,0,38147,0,1.0,0.585,0.738,0.0,1.084,9.214
1784632234.4391599,53773,0,38157,0,1.0,0.585,0.738,0.0,1.084,9.214
1784632234.4492676,53773,0,38167,0,1.0,0.585,0.738,0.0,1.083,9.214
1784632234.4541428,53773,0,38177,0,1.0,0.585,0.738,0.0,1.083,9.214
1784632234.459381,53773,0,38187,0,1.0,0.585,0.738,0.0,1.083,9.214
1784632234.466664,53773,0,38197,0,1.0,0.585,0.738,0.0,1.083,9.214
1784632234.4744005,53773,0,38207,0,1.0,0.585,0.738,0.0,1.083,9.214
1784632234.4784062,53773,0,38217,0,1.0,0.585,0.738,0.0,1.083,9.214
1784632234.482628,53773,0,38227,0,1.0,0.584,0.738,0.0,1.083,9.214
1784632234.4927096,53773,0,38237,0,1.0,0.584,0.738,0.0,1.083,9.214
1784632234.4991076,53773,0,38247,0,1.0,0.584,0.738,0.0,1.082,9.214
1784632234.506108,53773,0,38257,0,1.0,0.584,0.738,0.0,1.082,9.214
1784632234.5102808,53773,0,38267,0,1.0,0.584,0.738,0.0,1.082,9.214
1784632234.6251376,53773,0,38277,0,1.0,0.584,0.738,0.0,1.082,9.214
1784632234.630862,53773,0,38287,0,1.0,0.584,0.737,0.0,1.082,9.214
1784632234.6351135,53773,0,38297,0,1.0,0.584,0.737,0.0,1.082,9.214
1784632234.642533,53773,0,38307,0,1.0,0.584,0.737,0.0,1.082,9.214
1784632234.6486952,53773,0,38317,0,1.0,0.584,0.737,0.0,1.082,9.214
1784632234.6554167,53773,0,38327,0,1.0,0.584,0.737,0.0,1.082,9.214
1784632234.6627305,53773,0,38337,0,1.0,0.584,0.737,0.0,1.081,9.214
1784632234.6683042,53773,0,38347,0,1.0,0.584,0.737,0.0,1.081,9.214
1784632234.676633,53773,0,38357,0,1.0,0.584,0.737,0.0,1.081,9.214
1784632234.6859999,53773,0,38367,0,1.0,0.584,0.737,0.0,1.081,9.214
1784632234.6940763,53773,0,38377,0,1.0,0.584,0.737,0.0,1.081,9.214
1784632234.6991138,53773,0,38387,0,1.0,0.583,0.737,0.0,1.081,9.214
1784632234.707038,53773,0,38397,0,1.0,0.583,0.737,0.0,1.081,9.214
1784632234.7123244,53773,0,38407,0,1.0,0.583,0.737,0.0,1.081,9.214
1784632234.7189686,53773,0,38417,0,1.0,0.583,0.737,0.0,1.08,9.214
1784632234.8266392,53773,0,38427,0,1.0,0.583,0.737,0.0,1.08,9.214
1784632234.8314786,53773,0,38437,0,1.0,0.583,0.737,0.0,1.08,9.214
1784632234.8407872,53773,0,38447,0,1.0,0.583,0.737,0.0,1.08,9.214
1784632234.849061,53773,0,38457,0,1.0,0.583,0.737,0.0,1.08,9.214
1784632234.8602672,53773,0,38467,0,1.0,0.583,0.737,0.0,1.08,9.214
1784632234.873292,53773,0,38477,0,1.0,0.583,0.737,0.0,1.08,9.214
1784632234.8873975,53773,0,38487,0,1.0,0.583,0.736,0.0,1.08,9.214
1784632234.9003325,53773,0,38497,0,1.0,0.583,0.736,0.0,1.08,9.214
1784632234.913073,53773,0,38507,0,1.0,0.583,0.736,0.0,1.079,9.214
1784632234.9286022,53773,0,38517,0,1.0,0.583,0.736,0.0,1.079,9.214
1784632234.9382937,53773,0,38527,0,1.0,0.583,0.736,0.0,1.079,9.214
1784632234.9477942,53773,0,38537,0,1.0,0.583,0.736,0.0,1.079,9.214
1784632235.0768127,53782,0,38538,0,1.0,0.583,0.736,0.0,1.079,9.213
1784632235.1057107,53792,0,38538,0,1.0,0.583,0.736,0.0,1.079,9.211
1784632235.1424963,53802,0,38538,0,1.0,0.583,0.736,0.0,1.079,9.21
1784632235.1670969,53812,0,38538,0,1.0,0.583,0.736,0.0,1.079,9.209
1784632235.1931314,53822,0,38538,0,1.0,0.583,0.736,0.0,1.078,9.207
1784632235.2211251,53832,0,38538,0,1.0,0.583,0.736,0.0,1.078,9.206
1784632235.2634199,53842,0,38538,0,1.0,0.583,0.736,0.0,1.078,9.205
1784632235.2928333,53852,0,38538,0,1.0,0.583,0.736,0.0,1.078,9.204
1784632235.3161724,53862,0,38538,0,1.0,0.583,0.737,0.0,1.078,9.202
1784632235.3513875,53872,0,38538,0,1.0,0.583,0.737,0.0,1.078,9.201
1784632235.3856878,53882,0,38538,0,1.0,0.583,0.737,0.0,1.078,9.2
1784632235.4147837,53892,0,38538,0,1.0,0.583,0.737,0.0,1.078,9.199
1784632235.4525204,53902,0,38538,0,1.0,0.583,0.737,0.0,1.078,9.197
1784632235.493284,53912,0,38538,0,1.0,0.583,0.737,0.0,1.077,9.196
1784632235.54514,53922,0,38538,0,1.0,0.583,0.737,0.0,1.077,9.195
1784632235.577604,53932,0,38538,0,1.0,0.583,0.737,0.0,1.077,9.194
1784632235.608601,53942,0,38538,0,1.0,0.583,0.737,0.0,1.077,9.192
1784632235.6472886,53952,0,38538,0,1.0,0.583,0.737,0.0,1.077,9.191
1784632235.6816838,53962,0,38538,0,1.0,0.583,0.737,0.0,1.077,9.19
1784632235.723989,53972,0,38538,0,1.0,0.583,0.737,0.0,1.077,9.189
1784632235.7639217,53982,0,38538,0,1.0,0.583,0.737,0.0,1.077,9.187
1784632235.8106356,53992,0,38538,0,1.0,0.584,0.737,0.0,1.077,9.186
1784632235.845376,54002,0,38538,0,1.0,0.584,0.737,0.0,1.076,9.185
1784632235.8965533,54012,0,38538,0,1.0,0.584,0.737,0.0,1.076,9.184
1784632235.9862218,54022,0,38538,0,1.0,0.584,0.737,0.0,1.076,9.183
1784632236.0308373,54032,0,38538,0,1.0,0.584,0.737,0.0,1.076,9.181
1784632236.0607398,54042,0,38538,0,1.0,0.584,0.737,0.0,1.076,9.18
1784632236.0879707,54052,0,38538,0,1.0,0.584,0.737,0.0,1.076,9.179
1784632236.123401,54062,0,38538,0,1.0,0.584,0.737,0.0,1.076,9.178
1784632236.1545346,54072,0,38538,0,1.0,0.584,0.737,0.0,1.076,9.177
1784632236.1826856,54082,0,38538,0,1.0,0.584,0.737,0.0,1.075,9.176
1784632236.213108,54092,0,38538,0,1.0,0.584,0.737,0.0,1.075,9.174
1784632236.2491465,54102,0,38538,0,1.0,0.584,0.737,0.0,1.075,9.173
1784632236.2770395,54112,0,38538,0,1.0,0.584,0.737,0.0,1.075,9.172
1784632236.3120286,54122,0,38538,0,1.0,0.584,0.737,0.0,1.075,9.171
1784632236.3510966,54132,0,38538,0,1.0,0.584,0.737,0.0,1.075,9.17
1784632236.3752625,54142,0,38538,0,1.0,0.584,0.738,0.0,1.075,9.169
1784632236.4036055,54152,0,38538,0,1.0,0.584,0.738,0.0,1.075,9.168
1784632236.428783,54162,0,38538,0,1.0,0.584,0.738,0.0,1.075,9.166
1784632236.4661877,54172,0,38538,0,1.0,0.584,0.738,0.0,1.074,9.165
1784632236.4957879,54182,0,38538,0,1.0,0.584,0.738,0.0,1.074,9.164
1784632236.529382,54192,0,38538,0,1.0,0.584,0.738,0.0,1.074,9.163
1784632236.5555928,54202,0,38538,0,1.0,0.584,0.738,0.0,1.074,9.162
1784632236.5860553,54212,0,38538,0,1.0,0.584,0.738,0.0,1.074,9.161
1784632236.6137218,54222,0,38538,0,1.0,0.585,0.738,0.0,1.074,9.16
1784632236.645755,54232,0,38538,0,1.0,0.585,0.738,0.0,1.074,9.159
1784632236.6783297,54242,0,38538,0,1.0,0.585,0.738,0.0,1.074,9.158
1784632236.726203,54252,0,38538,0,1.0,0.585,0.738,0.0,1.074,9.157
1784632236.7575545,54262,0,38538,0,1.0,0.585,0.738,0.0,1.073,9.155
1784632236.791964,54272,0,38538,0,1.0,0.585,0.738,0.0,1.073,9.154
1784632236.8169115,54282,0,38538,0,1.0,0.585,0.738,0.0,1.073,9.153
1784632236.8614125,54292,0,38538,0,1.0,0.585,0.738,0.0,1.073,9.152
1784632236.8938146,54302,0,38538,0,1.0,0.585,0.738,0.0,1.073,9.151
1784632236.9202898,54312,0,38538,0,1.0,0.585,0.738,0.0,1.073,9.15
1784632236.9512963,54322,0,38538,0,1.0,0.585,0.738,0.0,1.073,9.149
1784632236.9862945,54332,0,38538,0,1.0,0.585,0.738,0.0,1.073,9.148
1784632237.0227616,54342,0,38538,0,1.0,0.585,0.738,0.0,1.072,9.147
1784632237.0505931,54352,0,38538,0,1.0,0.585,0.738,0.0,1.072,9.146
1784632237.088767,54362,0,38538,0,1.0,0.585,0.738,0.0,1.072,9.145
1784632237.1164265,54372,0,38538,0,1.0,0.585,0.738,0.0,1.072,9.144
1784632237.1461353,54382,0,38538,0,1.0,0.585,0.738,0.0,1.072,9.143
1784632237.1726813,54392,0,38538,0,1.0,0.585,0.738,0.0,1.072,9.142
1784632237.205269,54402,0,38538,0,1.0,0.585,0.738,0.0,1.072,9.141
1784632237.2338455,54412,0,38538,0,1.0,0.585,0.738,0.0,1.072,9.14
1784632237.25638,54422,0,38538,0,1.0,0.585,0.739,0.0,1.072,9.139
1784632237.2820756,54432,0,38538,0,1.0,0.585,0.739,0.0,1.071,9.138
1784632237.3117464,54442,0,38538,0,1.0,0.586,0.739,0.0,1.071,9.137
1784632237.336684,54452,0,38538,0,1.0,0.586,0.739,0.0,1.071,9.136
1784632237.3676274,54462,0,38538,0,1.0,0.586,0.739,0.0,1.071,9.135
1784632237.3851364,54472,0,38538,0,1.0,0.586,0.739,0.0,1.071,9.134
1784632237.4116986,54482,0,38538,0,1.0,0.586,0.739,0.0,1.071,9.133
1784632237.4480898,54492,0,38538,0,1.0,0.586,0.739,0.0,1.071,9.132
1784632237.4876733,54502,0,38538,0,1.0,0.586,0.739,0.0,1.071,9.131
1784632237.5135462,54512,0,38538,0,1.0,0.586,0.739,0.0,1.071,9.13
1784632237.5482962,54522,0,38538,0,1.0,0.586,0.739,0.0,1.07,9.129
1784632237.5710673,54532,0,38538,0,1.0,0.586,0.739,0.0,1.07,9.128
1784632237.5996149,54542,0,38538,0,1.0,0.586,0.739,0.0,1.07,9.127
1784632237.6287374,54552,0,38538,0,1.0,0.586,0.739,0.0,1.07,9.126
1784632237.6516407,54562,0,38538,0,1.0,0.586,0.739,0.0,1.07,9.125
1784632237.6776412,54572,0,38538,0,1.0,0.586,0.739,0.0,1.07,9.124
1784632237.7156916,54582,0,38538,0,1.0,0.586,0.739,0.0,1.07,9.123
1784632237.7379906,54592,0,38538,0,1.0,0.586,0.739,0.0,1.07,9.122
1784632237.7719767,54602,0,38538,0,1.0,0.586,0.739,0.0,1.069,9.121
1784632237.7953844,54612,0,38538,0,1.0,0.586,0.739,0.0,1.069,9.12
1784632237.8292198,54622,0,38538,0,1.0,0.586,0.739,0.0,1.069,9.119
1784632237.8467317,54632,0,38538,0,1.0,0.586,0.739,0.0,1.069,9.118
1784632237.8662243,54642,0,38538,0,1.0,0.586,0.739,0.0,1.069,9.117
1784632237.9149523,54652,0,38538,0,1.0,0.586,0.739,0.0,1.069,9.116
1784632237.9545221,54662,0,38538,0,1.0,0.587,0.739,0.0,1.069,9.115
1784632237.9863908,54672,0,38538,0,1.0,0.587,0.739,0.0,1.069,9.114
1784632238.0113826,54682,0,38538,0,1.0,0.587,0.739,0.0,1.069,9.113
1784632238.0241325,54692,0,38538,0,1.0,0.587,0.739,0.0,1.068,9.112
1784632238.038745,54702,0,38538,0,1.0,0.587,0.74,0.0,1.068,9.111
1784632238.055062,54712,0,38538,0,1.0,0.587,0.74,0.0,1.068,9.11
1784632238.0713,54722,0,38538,0,1.0,0.587,0.74,0.0,1.068,9.109
1784632238.0932171,54732,0,38538,0,1.0,0.587,0.74,0.0,1.068,9.108
1784632238.1126258,54742,0,38538,0,1.0,0.587,0.74,0.0,1.068,9.107
1784632238.1287565,54752,0,38538,0,1.0,0.587,0.74,0.0,1.068,9.106
1784632238.146626,54762,0,38538,0,1.0,0.587,0.74,0.0,1.068,9.106
1784632238.160453,54772,0,38538,0,1.0,0.587,0.74,0.0,1.068,9.105
1784632238.175543,54782,0,38538,0,1.0,0.587,0.74,0.0,1.067,9.104
1784632238.1907563,54792,0,38538,0,1.0,0.587,0.74,0.0,1.067,9.103
1784632238.2026372,54802,0,38538,0,1.0,0.587,0.74,0.0,1.067,9.102
1784632238.219856,54812,0,38538,0,1.0,0.587,0.74,0.0,1.067,9.101
1784632238.2367892,54822,0,38538,0,1.0,0.587,0.74,0.0,1.067,9.1
1784632238.258294,54832,0,38538,0,1.0,0.587,0.74,0.0,1.067,9.099
1784632238.2824044,54842,0,38538,0,1.0,0.587,0.74,0.0,1.067,9.098
1784632238.2984204,54852,0,38538,0,1.0,0.587,0.74,0.0,1.067,9.097
1784632238.3162925,54862,0,38538,0,1.0,0.587,0.74,0.0,1.067,9.096
1784632238.3287024,54872,0,38538,0,1.0,0.587,0.74,0.0,1.066,9.095
1784632238.3419437,54882,0,38538,0,1.0,0.587,0.74,0.0,1.066,9.094
1784632238.3543732,54892,0,38538,0,1.0,0.588,0.74,0.0,1.066,9.093
1784632238.3725855,54902,0,38538,0,1.0,0.588,0.74,0.0,1.066,9.092
1784632238.4106658,54912,0,38538,0,1.0,0.588,0.74,0.0,1.066,9.091
1784632238.4361598,54922,0,38538,0,1.0,0.588,0.74,0.0,1.066,9.09
1784632238.461831,54932,0,38538,0,1.0,0.588,0.74,0.0,1.066,9.089
1784632238.4843824,54942,0,38538,0,1.0,0.588,0.74,0.0,1.066,9.088
1784632238.5091987,54952,0,38538,0,1.0,0.588,0.74,0.0,1.066,9.087
1784632238.5432963,54962,0,38538,0,1.0,0.588,0.74,0.0,1.065,9.086
1784632238.565987,54972,0,38538,0,1.0,0.588,0.74,0.0,1.065,9.085
1784632238.603891,54982,0,38538,0,1.0,0.588,0.74,0.0,1.065,9.084
1784632238.6232405,54992,0,38538,0,1.0,0.588,0.741,0.0,1.065,9.083
1784632238.646956,55002,0,38538,0,1.0,0.588,0.741,0.0,1.065,9.082
1784632238.6775155,55012,0,38538,0,1.0,0.588,0.741,0.0,1.065,9.081
1784632238.6981049,55022,0,38538,0,1.0,0.588,0.741,0.0,1.065,9.08
1784632238.7247717,55032,0,38538,0,1.0,0.588,0.741,0.0,1.065,9.079
1784632238.7475765,55042,0,38538,0,1.0,0.588,0.741,0.0,1.064,9.078
1784632238.7908783,55052,0,38538,0,1.0,0.588,0.741,0.0,1.064,9.077
1784632238.812721,55062,0,38538,0,1.0,0.588,0.741,0.0,1.064,9.076
1784632238.842782,55072,0,38538,0,1.0,0.588,0.741,0.0,1.064,9.075
1784632238.8678243,55082,0,38538,0,1.0,0.588,0.741,0.0,1.064,9.074
1784632238.9060595,55092,0,38538,0,1.0,0.588,0.741,0.0,1.064,9.073
1784632238.9418921,55102,0,38538,0,1.0,0.588,0.741,0.0,1.064,9.072
1784632238.9737132,55112,0,38538,0,1.0,0.588,0.741,0.0,1.064,9.071
1784632239.005443,55122,0,38538,0,1.0,0.589,0.741,0.0,1.064,9.07
1784632239.0285225,55132,0,38538,0,1.0,0.589,0.741,0.0,1.063,9.069
1784632239.0504344,55142,0,38538,0,1.0,0.589,0.741,0.0,1.063,9.068
1784632239.0866988,55152,0,38538,0,1.0,0.589,0.741,0.0,1.063,9.067
1784632239.1128109,55162,0,38538,0,1.0,0.589,0.741,0.0,1.063,9.066
1784632239.1398613,55172,0,38538,0,1.0,0.589,0.741,0.0,1.063,9.065
1784632239.168422,55182,0,38538,0,1.0,0.589,0.741,0.0,1.063,9.064
1784632239.2070196,55192,0,38538,0,1.0,0.589,0.741,0.0,1.063,9.063
1784632239.241031,55202,0,38538,0,1.0,0.589,0.741,0.0,1.063,9.062
1784632239.2802632,55212,0,38538,0,1.0,0.589,0.741,0.0,1.063,9.061
1784632239.3105037,55222,0,38538,0,1.0,0.589,0.741,0.0,1.062,9.06
1784632239.335707,55232,0,38538,0,1.0,0.589,0.741,0.0,1.062,9.058
1784632239.3660908,55242,0,38538,0,1.0,0.589,0.741,0.0,1.062,9.057
1784632239.3950639,55252,0,38538,0,1.0,0.589,0.741,0.0,1.062,9.056
1784632239.4240668,55262,0,38538,0,1.0,0.589,0.741,0.0,1.062,9.055
1784632239.4590316,55272,0,38538,0,1.0,0.589,0.741,0.0,1.062,9.054
1784632239.4837441,55282,0,38538,0,1.0,0.589,0.742,0.0,1.062,9.053
1784632239.5053484,55292,0,38538,0,1.0,0.589,0.742,0.0,1.062,9.052
1784632239.5365593,55302,0,38538,0,1.0,0.589,0.742,0.0,1.062,9.051
1784632239.5627558,55312,0,38538,0,1.0,0.589,0.742,0.0,1.061,9.05
1784632239.5974467,55322,0,38538,0,1.0,0.589,0.742,0.0,1.061,9.048
1784632239.6353705,55332,0,38538,0,1.0,0.589,0.742,0.0,1.061,9.047
1784632239.6615658,55342,0,38538,0,1.0,0.589,0.742,0.0,1.061,9.046
1784632239.680536,55352,0,38538,0,1.0,0.59,0.742,0.0,1.061,9.045
1784632239.7078242,55362,0,38538,0,1.0,0.59,0.742,0.0,1.061,9.044
1784632239.7398853,55372,0,38538,0,1.0,0.59,0.742,0.0,1.061,9.043
1784632239.7621472,55382,0,38538,0,1.0,0.59,0.742,0.0,1.061,9.042
1784632239.7841332,55392,0,38538,0,1.0,0.59,0.742,0.0,1.061,9.04
1784632239.805926,55402,0,38538,0,1.0,0.59,0.742,0.0,1.06,9.039
1784632239.8289092,55412,0,38538,0,1.0,0.59,0.742,0.0,1.06,9.038
1784632239.8573697,55422,0,38538,0,1.0,0.59,0.742,0.0,1.06,9.037
1784632239.8786986,55432,0,38538,0,1.0,0.59,0.742,0.0,1.06,9.036
1784632239.9059317,55442,0,38538,0,1.0,0.59,0.742,0.0,1.06,9.034
1784632239.9329271,55452,0,38538,0,1.0,0.59,0.742,0.0,1.06,9.033
1784632239.9712296,55462,0,38538,0,1.0,0.59,0.742,0.0,1.06,9.032
1784632240.0047235,55472,0,38538,0,1.0,0.59,0.742,0.0,1.06,9.03
1784632240.0296624,55482,0,38538,0,1.0,0.59,0.742,0.0,1.06,9.029
1784632240.0539653,55492,0,38538,0,1.0,0.59,0.742,0.0,1.059,9.028
1784632240.0835755,55502,0,38538,0,1.0,0.59,0.742,0.0,1.059,9.027
1784632240.11395,55512,0,38538,0,1.0,0.59,0.742,0.0,1.059,9.025
1784632240.1339147,55522,0,38538,0,1.0,0.59,0.742,0.0,1.059,9.024
1784632240.1507435,55532,0,38538,0,1.0,0.59,0.742,0.0,1.059,9.022
1784632240.1683908,55542,0,38538,0,1.0,0.59,0.742,0.0,1.059,9.021
1784632240.202447,55552,0,38538,0,1.0,0.59,0.742,0.0,1.059,9.02
1784632240.2276533,55562,0,38538,0,1.0,0.59,0.742,0.0,1.059,9.018
1784632240.2506475,55572,0,38538,0,1.0,0.591,0.743,0.0,1.059,9.017
1784632240.2862384,55582,0,38538,0,1.0,0.591,0.743,0.0,1.058,9.015
1784632240.3223693,55592,0,38538,0,1.0,0.591,0.743,0.0,1.058,9.014
1784632240.3541567,55602,0,38538,0,1.0,0.591,0.743,0.0,1.058,9.013
1784632240.38306,55612,0,38538,0,1.0,0.591,0.743,0.0,1.058,9.011
1784632240.4286242,55622,0,38538,0,1.0,0.591,0.743,0.0,1.058,9.01
1784632240.4981215,55632,0,38538,0,1.0,0.591,0.743,0.0,1.058,9.008
1784632240.53827,55642,0,38538,0,1.0,0.591,0.743,0.0,1.058,9.007
1784632240.582369,55652,0,38538,0,1.0,0.591,0.743,0.0,1.058,9.005
1784632241.0312116,55662,0,38538,0,1.0,0.591,0.743,0.0,1.058,9.004
1784632241.0713346,55672,0,38538,0,1.0,0.591,0.743,0.0,1.057,9.002
1784632241.116139,55682,0,38538,0,1.0,0.591,0.743,0.0,1.057,9.001
1784632241.1670034,55692,0,38538,0,1.0,0.591,0.743,0.0,1.057,8.999
1784632241.2049377,55702,0,38538,0,1.0,0.591,0.743,0.0,1.057,8.998
1784632241.232963,55712,0,38538,0,1.0,0.591,0.743,0.0,1.057,8.996
1784632254.0093167,55720,0,38540,0,1.0,0.591,0.743,0.0,1.057,8.995
1784632256.1899734,55726,0,38544,0,1.0,0.591,0.743,0.0,1.057,8.994
1784632256.8033557,55730,0,38550,0,1.0,0.591,0.743,0.0,1.057,8.993
1784632258.2300446,55735,0,38555,0,1.0,0.591,0.743,0.0,1.057,8.993
1784632267.1043694,55735,0,38565,0,1.0,0.591,0.743,0.0,1.057,8.993
