timestamp,TP,FP,FN,TN,Precision,Recall,F1,FPR,Avg_Det_Delay,Avg_Block_Delay
1784631733.9447474,0,0,10,0,0.0,0.0,0.0,0.0,0.994,0.0
1784631743.9849348,0,0,20,0,0.0,0.0,0.0,0.0,0.497,0.0
1784631744.113089,0,0,30,0,0.0,0.0,0.0,0.0,0.455,0.0
1784631744.1132405,0,0,40,0,0.0,0.0,0.0,0.0,0.345,0.0
1784631744.1133602,0,0,50,0,0.0,0.0,0.0,0.0,0.276,0.0
1784631744.1134365,0,0,60,0,0.0,0.0,0.0,0.0,0.23,0.0
1784631744.1135185,0,0,70,0,0.0,0.0,0.0,0.0,0.197,0.0
1784631744.1135907,0,0,80,0,0.0,0.0,0.0,0.0,0.173,0.0
1784631744.1136596,0,0,90,0,0.0,0.0,0.0,0.0,0.154,0.0
1784631744.1137292,0,0,100,0,0.0,0.0,0.0,0.0,0.138,0.0
1784631744.1138349,0,0,110,0,0.0,0.0,0.0,0.0,0.126,0.0
1784631744.2315495,0,0,120,0,0.0,0.0,0.0,0.0,0.115,0.0
1784631744.2318797,0,0,130,0,0.0,0.0,0.0,0.0,0.107,0.0
1784631744.2319832,0,0,140,0,0.0,0.0,0.0,0.0,0.099,0.0
1784631744.2320712,0,0,150,0,0.0,0.0,0.0,0.0,0.092,0.0
1784631744.2321575,0,0,160,0,0.0,0.0,0.0,0.0,0.087,0.0
1784631744.2323103,0,0,170,0,0.0,0.0,0.0,0.0,0.082,0.0
1784631744.2324715,0,0,180,0,0.0,0.0,0.0,0.0,0.077,0.0
1784631744.232571,0,0,190,0,0.0,0.0,0.0,0.0,0.073,0.0
1784631744.2327492,0,0,200,0,0.0,0.0,0.0,0.0,0.069,0.0
1784631744.232839,0,0,210,0,0.0,0.0,0.0,0.0,0.066,0.0
1784631744.3453841,0,0,220,0,0.0,0.0,0.0,0.0,0.063,0.0
1784631744.3455513,0,0,230,0,0.0,0.0,0.0,0.0,0.061,0.0
1784631744.3457105,0,0,240,0,0.0,0.0,0.0,0.0,0.058,0.0
1784631744.345894,0,0,250,0,0.0,0.0,0.0,0.0,0.056,0.0
1784631744.3460238,0,0,260,0,0.0,0.0,0.0,0.0,0.054,0.0
1784631744.346175,0,0,270,0,0.0,0.0,0.0,0.0,0.052,0.0
1784631744.4637983,0,0,280,0,0.0,0.0,0.0,0.0,0.05,0.0
1784631744.4639459,0,0,290,0,0.0,0.0,0.0,0.0,0.048,0.0
1784631744.4640343,0,0,300,0,0.0,0.0,0.0,0.0,0.047,0.0
1784631744.4641137,0,0,310,0,0.0,0.0,0.0,0.0,0.045,0.0
1784631744.4641898,0,0,320,0,0.0,0.0,0.0,0.0,0.044,0.0
1784631744.4642649,0,0,330,0,0.0,0.0,0.0,0.0,0.042,0.0
1784631744.4643402,0,0,340,0,0.0,0.0,0.0,0.0,0.041,0.0
1784631744.464506,0,0,350,0,0.0,0.0,0.0,0.0,0.04,0.0
1784631744.4646223,0,0,360,0,0.0,0.0,0.0,0.0,0.039,0.0
1784631744.4647388,0,0,370,0,0.0,0.0,0.0,0.0,0.038,0.0
1784631744.46485,0,0,380,0,0.0,0.0,0.0,0.0,0.037,0.0
1784631744.4649584,0,0,390,0,0.0,0.0,0.0,0.0,0.036,0.0
1784631744.5825043,0,0,400,0,0.0,0.0,0.0,0.0,0.035,0.0
1784631744.5826643,0,0,410,0,0.0,0.0,0.0,0.0,0.034,0.0
1784631744.582808,0,0,420,0,0.0,0.0,0.0,0.0,0.034,0.0
1784631744.582919,0,0,430,0,0.0,0.0,0.0,0.0,0.033,0.0
1784631744.5830681,0,0,440,0,0.0,0.0,0.0,0.0,0.032,0.0
1784631744.5831463,0,0,450,0,0.0,0.0,0.0,0.0,0.031,0.0
1784631744.7005653,0,0,460,0,0.0,0.0,0.0,0.0,0.031,0.0
1784631744.7008035,0,0,470,0,0.0,0.0,0.0,0.0,0.03,0.0
1784631744.7009447,0,0,480,0,0.0,0.0,0.0,0.0,0.029,0.0
1784631744.701122,0,0,490,0,0.0,0.0,0.0,0.0,0.029,0.0
1784631744.7013502,0,0,500,0,0.0,0.0,0.0,0.0,0.028,0.0
1784631744.701611,0,0,510,0,0.0,0.0,0.0,0.0,0.028,0.0
1784631744.7017314,0,0,520,0,0.0,0.0,0.0,0.0,0.027,0.0
1784631744.7018201,0,0,530,0,0.0,0.0,0.0,0.0,0.027,0.0
1784631744.8097813,0,0,540,0,0.0,0.0,0.0,0.0,0.026,0.0
1784631744.8099997,0,0,550,0,0.0,0.0,0.0,0.0,0.026,0.0
1784631744.8101413,0,0,560,0,0.0,0.0,0.0,0.0,0.025,0.0
1784631744.8102837,0,0,570,0,0.0,0.0,0.0,0.0,0.025,0.0
1784631744.8104525,0,0,580,0,0.0,0.0,0.0,0.0,0.025,0.0
1784631744.810555,0,0,590,0,0.0,0.0,0.0,0.0,0.024,0.0
1784631744.810619,0,0,600,0,0.0,0.0,0.0,0.0,0.024,0.0
1784631744.9288445,0,0,610,0,0.0,0.0,0.0,0.0,0.023,0.0
1784631744.929052,0,0,620,0,0.0,0.0,0.0,0.0,0.023,0.0
1784631744.9291604,0,0,630,0,0.0,0.0,0.0,0.0,0.023,0.0
1784631744.9292784,0,0,640,0,0.0,0.0,0.0,0.0,0.022,0.0
1784631744.9293644,0,0,650,0,0.0,0.0,0.0,0.0,0.022,0.0
1784631744.929471,0,0,660,0,0.0,0.0,0.0,0.0,0.022,0.0
1784631744.9295766,0,0,670,0,0.0,0.0,0.0,0.0,0.021,0.0
1784631744.92969,0,0,680,0,0.0,0.0,0.0,0.0,0.021,0.0
1784631745.058212,0,0,690,0,0.0,0.0,0.0,0.0,0.021,0.0
1784631745.058423,0,0,700,0,0.0,0.0,0.0,0.0,0.021,0.0
1784631745.0585713,0,0,710,0,0.0,0.0,0.0,0.0,0.02,0.0
1784631745.058733,0,0,720,0,0.0,0.0,0.0,0.0,0.02,0.0
1784631745.0588267,0,0,730,0,0.0,0.0,0.0,0.0,0.02,0.0
1784631745.0589566,0,0,740,0,0.0,0.0,0.0,0.0,0.019,0.0
1784631745.0590804,0,0,750,0,0.0,0.0,0.0,0.0,0.019,0.0
1784631745.1833367,0,0,760,0,0.0,0.0,0.0,0.0,0.019,0.0
1784631745.183633,0,0,770,0,0.0,0.0,0.0,0.0,0.019,0.0
1784631745.1837611,0,0,780,0,0.0,0.0,0.0,0.0,0.019,0.0
1784631745.1838546,0,0,790,0,0.0,0.0,0.0,0.0,0.018,0.0
1784631745.1839647,0,0,800,0,0.0,0.0,0.0,0.0,0.018,0.0
1784631745.1840563,0,0,810,0,0.0,0.0,0.0,0.0,0.018,0.0
1784631745.1841471,0,0,820,0,0.0,0.0,0.0,0.0,0.018,0.0
1784631745.2859383,0,0,830,0,0.0,0.0,0.0,0.0,0.017,0.0
1784631745.2860525,0,0,840,0,0.0,0.0,0.0,0.0,0.017,0.0
1784631745.286114,0,0,850,0,0.0,0.0,0.0,0.0,0.017,0.0
1784631745.2861693,0,0,860,0,0.0,0.0,0.0,0.0,0.017,0.0
1784631745.3912594,0,0,870,0,0.0,0.0,0.0,0.0,0.017,0.0
1784631745.3916056,0,0,880,0,0.0,0.0,0.0,0.0,0.017,0.0
1784631745.3917766,0,0,890,0,0.0,0.0,0.0,0.0,0.016,0.0
1784631745.3919582,0,0,900,0,0.0,0.0,0.0,0.0,0.016,0.0
1784631745.3920577,0,0,910,0,0.0,0.0,0.0,0.0,0.016,0.0
1784631745.3921492,0,0,920,0,0.0,0.0,0.0,0.0,0.016,0.0
1784631745.392242,0,0,930,0,0.0,0.0,0.0,0.0,0.016,0.0
1784631745.4976163,0,0,940,0,0.0,0.0,0.0,0.0,0.016,0.0
1784631745.4977736,0,0,950,0,0.0,0.0,0.0,0.0,0.015,0.0
1784631745.4980283,0,0,960,0,0.0,0.0,0.0,0.0,0.015,0.0
1784631745.498182,0,0,970,0,0.0,0.0,0.0,0.0,0.015,0.0
1784631745.498351,0,0,980,0,0.0,0.0,0.0,0.0,0.015,0.0
1784631745.4984505,0,0,990,0,0.0,0.0,0.0,0.0,0.015,0.0
1784631745.4985545,0,0,1000,0,0.0,0.0,0.0,0.0,0.015,0.0
1784631745.498647,0,0,1010,0,0.0,0.0,0.0,0.0,0.015,0.0
1784631745.4987395,0,0,1020,0,0.0,0.0,0.0,0.0,0.014,0.0
1784631745.4989002,0,0,1030,0,0.0,0.0,0.0,0.0,0.014,0.0
1784631745.601908,0,0,1040,0,0.0,0.0,0.0,0.0,0.014,0.0
1784631745.602071,0,0,1050,0,0.0,0.0,0.0,0.0,0.014,0.0
1784631745.6021674,0,0,1060,0,0.0,0.0,0.0,0.0,0.014,0.0
1784631745.6022892,0,0,1070,0,0.0,0.0,0.0,0.0,0.014,0.0
1784631745.6023734,0,0,1080,0,0.0,0.0,0.0,0.0,0.014,0.0
1784631745.6024377,0,0,1090,0,0.0,0.0,0.0,0.0,0.014,0.0
1784631745.6025233,0,0,1100,0,0.0,0.0,0.0,0.0,0.013,0.0
1784631745.6026063,0,0,1110,0,0.0,0.0,0.0,0.0,0.013,0.0
1784631745.6026866,0,0,1120,0,0.0,0.0,0.0,0.0,0.013,0.0
1784631745.7065377,0,0,1130,0,0.0,0.0,0.0,0.0,0.013,0.0
1784631745.706784,0,0,1140,0,0.0,0.0,0.0,0.0,0.013,0.0
1784631745.7069356,0,0,1150,0,0.0,0.0,0.0,0.0,0.013,0.0
1784631745.7070699,0,0,1160,0,0.0,0.0,0.0,0.0,0.013,0.0
1784631745.7072396,0,0,1170,0,0.0,0.0,0.0,0.0,0.013,0.0
1784631745.707334,0,0,1180,0,0.0,0.0,0.0,0.0,0.013,0.0
1784631745.707428,0,0,1190,0,0.0,0.0,0.0,0.0,0.012,0.0
1784631745.7076192,0,0,1200,0,0.0,0.0,0.0,0.0,0.012,0.0
1784631745.8118625,0,0,1210,0,0.0,0.0,0.0,0.0,0.012,0.0
1784631745.812051,0,0,1220,0,0.0,0.0,0.0,0.0,0.012,0.0
1784631745.8121681,0,0,1230,0,0.0,0.0,0.0,0.0,0.012,0.0
1784631745.812257,0,0,1240,0,0.0,0.0,0.0,0.0,0.012,0.0
1784631745.8123426,0,0,1250,0,0.0,0.0,0.0,0.0,0.012,0.0
1784631745.812428,0,0,1260,0,0.0,0.0,0.0,0.0,0.012,0.0
1784631745.8125248,0,0,1270,0,0.0,0.0,0.0,0.0,0.012,0.0
1784631745.920298,0,0,1280,0,0.0,0.0,0.0,0.0,0.012,0.0
1784631745.922796,0,0,1290,0,0.0,0.0,0.0,0.0,0.012,0.0
1784631745.9229562,0,0,1300,0,0.0,0.0,0.0,0.0,0.011,0.0
1784631745.9231014,0,0,1310,0,0.0,0.0,0.0,0.0,0.011,0.0
1784631745.9232364,0,0,1320,0,0.0,0.0,0.0,0.0,0.011,0.0
1784631745.9233696,0,0,1330,0,0.0,0.0,0.0,0.0,0.011,0.0
1784631745.9235437,0,0,1340,0,0.0,0.0,0.0,0.0,0.011,0.0
1784631746.0266845,0,0,1350,0,0.0,0.0,0.0,0.0,0.011,0.0
1784631746.027076,0,0,1360,0,0.0,0.0,0.0,0.0,0.011,0.0
1784631746.027293,0,0,1370,0,0.0,0.0,0.0,0.0,0.011,0.0
1784631746.0275497,0,0,1380,0,0.0,0.0,0.0,0.0,0.011,0.0
1784631746.0277302,0,0,1390,0,0.0,0.0,0.0,0.0,0.011,0.0
1784631746.027834,0,0,1400,0,0.0,0.0,0.0,0.0,0.011,0.0
1784631746.028001,0,0,1410,0,0.0,0.0,0.0,0.0,0.011,0.0
1784631746.0280995,0,0,1420,0,0.0,0.0,0.0,0.0,0.011,0.0
1784631746.028199,0,0,1430,0,0.0,0.0,0.0,0.0,0.01,0.0
1784631746.0282948,0,0,1440,0,0.0,0.0,0.0,0.0,0.01,0.0
1784631746.028394,0,0,1450,0,0.0,0.0,0.0,0.0,0.01,0.0
1784631746.028504,0,0,1460,0,0.0,0.0,0.0,0.0,0.01,0.0
1784631746.1422634,0,0,1470,0,0.0,0.0,0.0,0.0,0.01,0.0
1784631746.1424663,0,0,1480,0,0.0,0.0,0.0,0.0,0.017,0.0
1784631746.1425996,0,0,1490,0,0.0,0.0,0.0,0.0,0.03,0.0
1784631746.1427722,0,0,1500,0,0.0,0.0,0.0,0.0,0.043,0.0
1784631746.1429422,0,0,1510,0,0.0,0.0,0.0,0.0,0.056,0.0
1784631746.1430748,0,0,1520,0,0.0,0.0,0.0,0.0,0.069,0.0
1784631746.1432297,0,0,1530,0,0.0,0.0,0.0,0.0,0.082,0.0
1784631746.143332,0,0,1540,0,0.0,0.0,0.0,0.0,0.094,0.0
1784631746.1434288,0,0,1550,0,0.0,0.0,0.0,0.0,0.107,0.0
1784631746.1435492,0,0,1560,0,0.0,0.0,0.0,0.0,0.119,0.0
1784631746.143664,0,0,1570,0,0.0,0.0,0.0,0.0,0.131,0.0
1784631746.143818,0,0,1580,0,0.0,0.0,0.0,0.0,0.142,0.0
1784631746.1439667,0,0,1590,0,0.0,0.0,0.0,0.0,0.154,0.0
1784631746.144064,0,0,1600,0,0.0,0.0,0.0,0.0,0.165,0.0
1784631746.1442046,0,0,1610,0,0.0,0.0,0.0,0.0,0.176,0.0
1784631746.1443,0,0,1620,0,0.0,0.0,0.0,0.0,0.187,0.0
1784631746.1443975,0,0,1630,0,0.0,0.0,0.0,0.0,0.198,0.0
1784631746.1445146,0,0,1640,0,0.0,0.0,0.0,0.0,0.208,0.0
1784631746.1446111,0,0,1650,0,0.0,0.0,0.0,0.0,0.219,0.0
1784631746.144775,0,0,1660,0,0.0,0.0,0.0,0.0,0.229,0.0
1784631746.1449165,0,0,1670,0,0.0,0.0,0.0,0.0,0.239,0.0
1784631746.1450138,0,0,1680,0,0.0,0.0,0.0,0.0,0.249,0.0
1784631746.1451106,0,0,1690,0,0.0,0.0,0.0,0.0,0.259,0.0
1784631746.14521,0,0,1700,0,0.0,0.0,0.0,0.0,0.269,0.0
1784631746.1453085,0,0,1710,0,0.0,0.0,0.0,0.0,0.278,0.0
1784631746.1454055,0,0,1720,0,0.0,0.0,0.0,0.0,0.287,0.0
1784631746.1455135,0,0,1730,0,0.0,0.0,0.0,0.0,0.296,0.0
1784631746.1456108,0,0,1740,0,0.0,0.0,0.0,0.0,0.305,0.0
1784631746.2574785,0,0,1750,0,0.0,0.0,0.0,0.0,0.313,0.0
1784631746.2576532,0,0,1760,0,0.0,0.0,0.0,0.0,0.322,0.0
1784631746.2577834,0,0,1770,0,0.0,0.0,0.0,0.0,0.33,0.0
1784631746.2579734,0,0,1780,0,0.0,0.0,0.0,0.0,0.339,0.0
1784631746.2580965,0,0,1790,0,0.0,0.0,0.0,0.0,0.347,0.0
1784631746.2582686,0,0,1800,0,0.0,0.0,0.0,0.0,0.356,0.0
1784631746.258458,0,0,1810,0,0.0,0.0,0.0,0.0,0.364,0.0
1784631746.2585323,0,0,1820,0,0.0,0.0,0.0,0.0,0.372,0.0
1784631746.25864,0,0,1830,0,0.0,0.0,0.0,0.0,0.38,0.0
1784631746.2587638,0,0,1840,0,0.0,0.0,0.0,0.0,0.388,0.0
1784631746.2589316,0,0,1850,0,0.0,0.0,0.0,0.0,0.396,0.0
1784631746.2590864,0,0,1860,0,0.0,0.0,0.0,0.0,0.403,0.0
1784631746.259187,0,0,1870,0,0.0,0.0,0.0,0.0,0.411,0.0
1784631746.2592843,0,0,1880,0,0.0,0.0,0.0,0.0,0.418,0.0
1784631746.259383,0,0,1890,0,0.0,0.0,0.0,0.0,0.426,0.0
1784631746.259515,0,0,1900,0,0.0,0.0,0.0,0.0,0.433,0.0
1784631746.259615,0,0,1910,0,0.0,0.0,0.0,0.0,0.439,0.0
1784631746.2597156,0,0,1920,0,0.0,0.0,0.0,0.0,0.446,0.0
1784631746.2599025,0,0,1930,0,0.0,0.0,0.0,0.0,0.453,0.0
1784631746.2601306,0,0,1940,0,0.0,0.0,0.0,0.0,0.459,0.0
1784631746.2602437,0,0,1950,0,0.0,0.0,0.0,0.0,0.466,0.0
1784631746.2604787,0,0,1960,0,0.0,0.0,0.0,0.0,0.472,0.0
1784631746.2605834,0,0,1970,0,0.0,0.0,0.0,0.0,0.478,0.0
1784631746.372283,0,0,1980,0,0.0,0.0,0.0,0.0,0.485,0.0
1784631746.3725328,0,0,1990,0,0.0,0.0,0.0,0.0,0.491,0.0
1784631746.372752,0,0,2000,0,0.0,0.0,0.0,0.0,0.497,0.0
1784631746.3728647,0,0,2010,0,0.0,0.0,0.0,0.0,0.503,0.0
1784631746.372973,0,0,2020,0,0.0,0.0,0.0,0.0,0.509,0.0
1784631746.3730779,0,0,2030,0,0.0,0.0,0.0,0.0,0.515,0.0
1784631746.373217,0,0,2040,0,0.0,0.0,0.0,0.0,0.521,0.0
1784631746.373389,0,0,2050,0,0.0,0.0,0.0,0.0,0.527,0.0
1784631746.373564,0,0,2060,0,0.0,0.0,0.0,0.0,0.533,0.0
1784631746.3737166,0,0,2070,0,0.0,0.0,0.0,0.0,0.539,0.0
1784631746.3738165,0,0,2080,0,0.0,0.0,0.0,0.0,0.544,0.0
1784631746.3739173,0,0,2090,0,0.0,0.0,0.0,0.0,0.55,0.0
1784631746.3740203,0,0,2100,0,0.0,0.0,0.0,0.0,0.556,0.0
1784631746.3741603,0,0,2110,0,0.0,0.0,0.0,0.0,0.561,0.0
1784631746.374321,0,0,2120,0,0.0,0.0,0.0,0.0,0.567,0.0
1784631746.4798172,0,0,2130,0,0.0,0.0,0.0,0.0,0.572,0.0
1784631746.4801073,0,0,2140,0,0.0,0.0,0.0,0.0,0.577,0.0
1784631746.4802759,0,0,2150,0,0.0,0.0,0.0,0.0,0.582,0.0
1784631746.4805443,0,0,2160,0,0.0,0.0,0.0,0.0,0.587,0.0
1784631746.4807835,0,0,2170,0,0.0,0.0,0.0,0.0,0.592,0.0
1784631746.4809074,0,0,2180,0,0.0,0.0,0.0,0.0,0.597,0.0
1784631746.4810543,0,0,2190,0,0.0,0.0,0.0,0.0,0.602,0.0
1784631746.481229,0,0,2200,0,0.0,0.0,0.0,0.0,0.606,0.0
1784631746.4813902,0,0,2210,0,0.0,0.0,0.0,0.0,0.611,0.0
1784631746.4815466,0,0,2220,0,0.0,0.0,0.0,0.0,0.615,0.0
1784631746.4816625,0,0,2230,0,0.0,0.0,0.0,0.0,0.619,0.0
1784631746.4817579,0,0,2240,0,0.0,0.0,0.0,0.0,0.624,0.0
1784631746.481853,0,0,2250,0,0.0,0.0,0.0,0.0,0.628,0.0
1784631746.4819677,0,0,2260,0,0.0,0.0,0.0,0.0,0.632,0.0
1784631746.482135,0,0,2270,0,0.0,0.0,0.0,0.0,0.636,0.0
1784631746.482372,0,0,2280,0,0.0,0.0,0.0,0.0,0.64,0.0
1784631746.4826448,0,0,2290,0,0.0,0.0,0.0,0.0,0.644,0.0
1784631746.482757,0,0,2300,0,0.0,0.0,0.0,0.0,0.648,0.0
1784631746.4828584,0,0,2310,0,0.0,0.0,0.0,0.0,0.652,0.0
1784631746.5914612,0,0,2320,0,0.0,0.0,0.0,0.0,0.656,0.0
1784631746.5917296,0,0,2330,0,0.0,0.0,0.0,0.0,0.659,0.0
1784631746.5920103,0,0,2340,0,0.0,0.0,0.0,0.0,0.663,0.0
1784631746.5921822,0,0,2350,0,0.0,0.0,0.0,0.0,0.667,0.0
1784631746.592377,0,0,2360,0,0.0,0.0,0.0,0.0,0.67,0.0
1784631746.5925045,0,0,2370,0,0.0,0.0,0.0,0.0,0.674,0.0
1784631746.592613,0,0,2380,0,0.0,0.0,0.0,0.0,0.677,0.0
1784631746.5927377,0,0,2390,0,0.0,0.0,0.0,0.0,0.681,0.0
1784631746.5928988,0,0,2400,0,0.0,0.0,0.0,0.0,0.685,0.0
1784631746.5930834,0,0,2410,0,0.0,0.0,0.0,0.0,0.688,0.0
1784631746.5932581,0,0,2420,0,0.0,0.0,0.0,0.0,0.692,0.0
1784631746.5933795,0,0,2430,0,0.0,0.0,0.0,0.0,0.695,0.0
1784631746.5934956,0,0,2440,0,0.0,0.0,0.0,0.0,0.698,0.0
1784631746.5936,0,0,2450,0,0.0,0.0,0.0,0.0,0.702,0.0
1784631746.5937247,0,0,2460,0,0.0,0.0,0.0,0.0,0.705,0.0
1784631746.5938888,0,0,2470,0,0.0,0.0,0.0,0.0,0.708,0.0
1784631746.5940802,0,0,2480,0,0.0,0.0,0.0,0.0,0.712,0.0
1784631746.5942795,0,0,2490,0,0.0,0.0,0.0,0.0,0.715,0.0
1784631746.6988711,0,0,2500,0,0.0,0.0,0.0,0.0,0.718,0.0
1784631746.6991546,0,0,2510,0,0.0,0.0,0.0,0.0,0.721,0.0
1784631746.6993215,0,0,2520,0,0.0,0.0,0.0,0.0,0.725,0.0
1784631746.699475,0,0,2530,0,0.0,0.0,0.0,0.0,0.728,0.0
1784631746.6996672,0,0,2540,0,0.0,0.0,0.0,0.0,0.731,0.0
1784631746.699824,0,0,2550,0,0.0,0.0,0.0,0.0,0.734,0.0
1784631746.7000008,0,0,2560,0,0.0,0.0,0.0,0.0,0.736,0.0
1784631746.7001393,0,0,2570,0,0.0,0.0,0.0,0.0,0.739,0.0
1784631746.7002895,0,0,2580,0,0.0,0.0,0.0,0.0,0.742,0.0
1784631746.7004375,0,0,2590,0,0.0,0.0,0.0,0.0,0.745,0.0
1784631746.700629,0,0,2600,0,0.0,0.0,0.0,0.0,0.747,0.0
1784631746.7007866,0,0,2610,0,0.0,0.0,0.0,0.0,0.75,0.0
1784631746.7009418,0,0,2620,0,0.0,0.0,0.0,0.0,0.752,0.0
1784631746.701088,0,0,2630,0,0.0,0.0,0.0,0.0,0.755,0.0
1784631746.7012162,0,0,2640,0,0.0,0.0,0.0,0.0,0.757,0.0
1784631746.7013278,0,0,2650,0,0.0,0.0,0.0,0.0,0.76,0.0
1784631746.7014391,0,0,2660,0,0.0,0.0,0.0,0.0,0.762,0.0
1784631746.7016068,0,0,2670,0,0.0,0.0,0.0,0.0,0.764,0.0
1784631746.701735,0,0,2680,0,0.0,0.0,0.0,0.0,0.766,0.0
1784631746.7018611,0,0,2690,0,0.0,0.0,0.0,0.0,0.768,0.0
1784631746.701986,0,0,2700,0,0.0,0.0,0.0,0.0,0.77,0.0
1784631746.8092802,0,0,2710,0,0.0,0.0,0.0,0.0,0.772,0.0
1784631746.809565,0,0,2720,0,0.0,0.0,0.0,0.0,0.774,0.0
1784631746.809693,0,0,2730,0,0.0,0.0,0.0,0.0,0.776,0.0
1784631746.8098345,0,0,2740,0,0.0,0.0,0.0,0.0,0.777,0.0
1784631746.8100278,0,0,2750,0,0.0,0.0,0.0,0.0,0.779,0.0
1784631746.8101552,0,0,2760,0,0.0,0.0,0.0,0.0,0.781,0.0
1784631746.810312,0,0,2770,0,0.0,0.0,0.0,0.0,0.782,0.0
1784631746.8104796,0,0,2780,0,0.0,0.0,0.0,0.0,0.784,0.0
1784631746.810714,0,0,2790,0,0.0,0.0,0.0,0.0,0.786,0.0
1784631746.8108733,0,0,2800,0,0.0,0.0,0.0,0.0,0.787,0.0
1784631746.8109975,0,0,2810,0,0.0,0.0,0.0,0.0,0.789,0.0
1784631746.8111527,0,0,2820,0,0.0,0.0,0.0,0.0,0.79,0.0
1784631746.8113298,0,0,2830,0,0.0,0.0,0.0,0.0,0.792,0.0
1784631746.8115206,0,0,2840,0,0.0,0.0,0.0,0.0,0.793,0.0
1784631746.811675,0,0,2850,0,0.0,0.0,0.0,0.0,0.795,0.0
1784631746.8118503,0,0,2860,0,0.0,0.0,0.0,0.0,0.796,0.0
1784631746.8120024,0,0,2870,0,0.0,0.0,0.0,0.0,0.797,0.0
1784631746.8121595,0,0,2880,0,0.0,0.0,0.0,0.0,0.799,0.0
1784631746.8123024,0,0,2890,0,0.0,0.0,0.0,0.0,0.8,0.0
1784631746.8124933,0,0,2900,0,0.0,0.0,0.0,0.0,0.802,0.0
1784631746.9185145,0,0,2910,0,0.0,0.0,0.0,0.0,0.803,0.0
1784631746.9187987,0,0,2920,0,0.0,0.0,0.0,0.0,0.804,0.0
1784631746.9190702,0,0,2930,0,0.0,0.0,0.0,0.0,0.806,0.0
1784631746.919365,0,0,2940,0,0.0,0.0,0.0,0.0,0.807,0.0
1784631746.9195752,0,0,2950,0,0.0,0.0,0.0,0.0,0.808,0.0
1784631746.9197412,0,0,2960,0,0.0,0.0,0.0,0.0,0.81,0.0
1784631746.9199061,0,0,2970,0,0.0,0.0,0.0,0.0,0.811,0.0
1784631746.920083,0,0,2980,0,0.0,0.0,0.0,0.0,0.812,0.0
1784631746.9202774,0,0,2990,0,0.0,0.0,0.0,0.0,0.814,0.0
1784631746.920519,0,0,3000,0,0.0,0.0,0.0,0.0,0.815,0.0
1784631746.9207623,0,0,3010,0,0.0,0.0,0.0,0.0,0.816,0.0
1784631746.9209325,0,0,3020,0,0.0,0.0,0.0,0.0,0.818,0.0
1784631746.9211075,0,0,3030,0,0.0,0.0,0.0,0.0,0.819,0.0
1784631746.921278,0,0,3040,0,0.0,0.0,0.0,0.0,0.82,0.0
1784631746.9213939,0,0,3050,0,0.0,0.0,0.0,0.0,0.821,0.0
1784631746.9216,0,0,3060,0,0.0,0.0,0.0,0.0,0.823,0.0
1784631746.921788,0,0,3070,0,0.0,0.0,0.0,0.0,0.824,0.0
1784631746.9219463,0,0,3080,0,0.0,0.0,0.0,0.0,0.825,0.0
1784631746.9221244,0,0,3090,0,0.0,0.0,0.0,0.0,0.826,0.0
1784631747.0283983,0,0,3100,0,0.0,0.0,0.0,0.0,0.827,0.0
1784631747.028669,0,0,3110,0,0.0,0.0,0.0,0.0,0.828,0.0
1784631747.028797,0,0,3120,0,0.0,0.0,0.0,0.0,0.829,0.0
1784631747.0289786,0,0,3130,0,0.0,0.0,0.0,0.0,0.831,0.0
1784631747.0291326,0,0,3140,0,0.0,0.0,0.0,0.0,0.832,0.0
1784631747.0292454,0,0,3150,0,0.0,0.0,0.0,0.0,0.833,0.0
1784631747.029356,0,0,3160,0,0.0,0.0,0.0,0.0,0.834,0.0
1784631747.0295048,0,0,3170,0,0.0,0.0,0.0,0.0,0.835,0.0
1784631747.0296516,0,0,3180,0,0.0,0.0,0.0,0.0,0.836,0.0
1784631747.0297647,0,0,3190,0,0.0,0.0,0.0,0.0,0.837,0.0
1784631747.0298743,0,0,3200,0,0.0,0.0,0.0,0.0,0.838,0.0
1784631747.029983,0,0,3210,0,0.0,0.0,0.0,0.0,0.839,0.0
1784631747.0301614,0,0,3220,0,0.0,0.0,0.0,0.0,0.84,0.0
1784631747.0302873,0,0,3230,0,0.0,0.0,0.0,0.0,0.841,0.0
1784631747.030433,0,0,3240,0,0.0,0.0,0.0,0.0,0.842,0.0
1784631747.030571,0,0,3250,0,0.0,0.0,0.0,0.0,0.843,0.0
1784631747.0306838,0,0,3260,0,0.0,0.0,0.0,0.0,0.844,0.0
1784631747.0307941,0,0,3270,0,0.0,0.0,0.0,0.0,0.845,0.0
1784631747.1431286,0,0,3280,0,0.0,0.0,0.0,0.0,0.846,0.0
1784631747.1434207,0,0,3290,0,0.0,0.0,0.0,0.0,0.847,0.0
1784631747.1435976,0,0,3300,0,0.0,0.0,0.0,0.0,0.848,0.0
1784631747.1437523,0,0,3310,0,0.0,0.0,0.0,0.0,0.849,0.0
1784631747.143875,0,0,3320,0,0.0,0.0,0.0,0.0,0.85,0.0
1784631747.1439779,0,0,3330,0,0.0,0.0,0.0,0.0,0.851,0.0
1784631747.1440804,0,0,3340,0,0.0,0.0,0.0,0.0,0.852,0.0
1784631747.1441882,0,0,3350,0,0.0,0.0,0.0,0.0,0.852,0.0
1784631747.1442952,0,0,3360,0,0.0,0.0,0.0,0.0,0.853,0.0
1784631747.1444004,0,0,3370,0,0.0,0.0,0.0,0.0,0.854,0.0
1784631747.144538,0,0,3380,0,0.0,0.0,0.0,0.0,0.855,0.0
1784631747.144709,0,0,3390,0,0.0,0.0,0.0,0.0,0.856,0.0
1784631747.144832,0,0,3400,0,0.0,0.0,0.0,0.0,0.856,0.0
1784631747.144936,0,0,3410,0,0.0,0.0,0.0,0.0,0.857,0.0
1784631747.1450424,0,0,3420,0,0.0,0.0,0.0,0.0,0.858,0.0
1784631747.145146,0,0,3430,0,0.0,0.0,0.0,0.0,0.859,0.0
1784631747.1452515,0,0,3440,0,0.0,0.0,0.0,0.0,0.859,0.0
1784631747.1453552,0,0,3450,0,0.0,0.0,0.0,0.0,0.86,0.0
1784631747.1454582,0,0,3460,0,0.0,0.0,0.0,0.0,0.861,0.0
1784631747.145755,0,0,3470,0,0.0,0.0,0.0,0.0,0.859,0.0
1784631747.1459277,0,0,3480,0,0.0,0.0,0.0,0.0,0.856,0.0
1784631747.2584977,0,0,3490,0,0.0,0.0,0.0,0.0,0.854,0.0
1784631747.2587056,0,0,3500,0,0.0,0.0,0.0,0.0,0.852,0.0
1784631747.258852,0,0,3510,0,0.0,0.0,0.0,0.0,0.849,0.0
1784631747.259003,0,0,3520,0,0.0,0.0,0.0,0.0,0.847,0.0
1784631747.2591176,0,0,3530,0,0.0,0.0,0.0,0.0,0.844,0.0
1784631747.2592266,0,0,3540,0,0.0,0.0,0.0,0.0,0.842,0.0
1784631747.2593355,0,0,3550,0,0.0,0.0,0.0,0.0,0.84,0.0
1784631747.2594435,0,0,3560,0,0.0,0.0,0.0,0.0,0.837,0.0
1784631747.2595654,0,0,3570,0,0.0,0.0,0.0,0.0,0.835,0.0
1784631747.259676,0,0,3580,0,0.0,0.0,0.0,0.0,0.833,0.0
1784631747.2597857,0,0,3590,0,0.0,0.0,0.0,0.0,0.83,0.0
1784631747.2599096,0,0,3600,0,0.0,0.0,0.0,0.0,0.828,0.0
1784631747.2600882,0,0,3610,0,0.0,0.0,0.0,0.0,0.826,0.0
1784631747.2603254,0,0,3620,0,0.0,0.0,0.0,0.0,0.823,0.0
1784631747.2604861,0,0,3630,0,0.0,0.0,0.0,0.0,0.821,0.0
1784631747.2606735,0,0,3640,0,0.0,0.0,0.0,0.0,0.819,0.0
1784631747.2607865,0,0,3650,0,0.0,0.0,0.0,0.0,0.817,0.0
1784631747.3778782,0,0,3660,0,0.0,0.0,0.0,0.0,0.814,0.0
1784631747.3782375,0,0,3670,0,0.0,0.0,0.0,0.0,0.812,0.0
1784631747.378377,0,0,3680,0,0.0,0.0,0.0,0.0,0.81,0.0
1784631747.3785121,0,0,3690,0,0.0,0.0,0.0,0.0,0.808,0.0
1784631747.3786292,0,0,3700,0,0.0,0.0,0.0,0.0,0.806,0.0
1784631747.3787658,0,0,3710,0,0.0,0.0,0.0,0.0,0.803,0.0
1784631747.3790042,0,0,3720,0,0.0,0.0,0.0,0.0,0.801,0.0
1784631747.3792129,0,0,3730,0,0.0,0.0,0.0,0.0,0.799,0.0
1784631747.3794274,0,0,3740,0,0.0,0.0,0.0,0.0,0.797,0.0
1784631747.3795526,0,0,3750,0,0.0,0.0,0.0,0.0,0.795,0.0
1784631747.3796697,0,0,3760,0,0.0,0.0,0.0,0.0,0.793,0.0
1784631747.3798232,0,0,3770,0,0.0,0.0,0.0,0.0,0.791,0.0
1784631747.3800595,0,0,3780,0,0.0,0.0,0.0,0.0,0.789,0.0
1784631747.3802345,0,0,3790,0,0.0,0.0,0.0,0.0,0.786,0.0
1784631747.3803668,0,0,3800,0,0.0,0.0,0.0,0.0,0.784,0.0
1784631747.380481,0,0,3810,0,0.0,0.0,0.0,0.0,0.782,0.0
1784631747.4924142,0,0,3820,0,0.0,0.0,0.0,0.0,0.78,0.0
1784631747.492624,0,0,3830,0,0.0,0.0,0.0,0.0,0.778,0.0
1784631747.4927802,0,0,3840,0,0.0,0.0,0.0,0.0,0.776,0.0
1784631747.4930034,0,0,3850,0,0.0,0.0,0.0,0.0,0.774,0.0
1784631747.493153,0,0,3860,0,0.0,0.0,0.0,0.0,0.772,0.0
1784631747.4933,0,0,3870,0,0.0,0.0,0.0,0.0,0.77,0.0
1784631747.4934137,0,0,3880,0,0.0,0.0,0.0,0.0,0.768,0.0
1784631747.4935365,0,0,3890,0,0.0,0.0,0.0,0.0,0.766,0.0
1784631747.493646,0,0,3900,0,0.0,0.0,0.0,0.0,0.764,0.0
1784631747.493874,0,0,3910,0,0.0,0.0,0.0,0.0,0.762,0.0
1784631747.494003,0,0,3920,0,0.0,0.0,0.0,0.0,0.76,0.0
1784631747.494122,0,0,3930,0,0.0,0.0,0.0,0.0,0.758,0.0
1784631747.606536,0,0,3940,0,0.0,0.0,0.0,0.0,0.757,0.0
1784631747.606878,0,0,3950,0,0.0,0.0,0.0,0.0,0.755,0.0
1784631747.6071029,0,0,3960,0,0.0,0.0,0.0,0.0,0.753,0.0
1784631747.6073625,0,0,3970,0,0.0,0.0,0.0,0.0,0.751,0.0
1784631747.6074922,0,0,3980,0,0.0,0.0,0.0,0.0,0.749,0.0
1784631747.6076283,0,0,3990,0,0.0,0.0,0.0,0.0,0.747,0.0
1784631747.6077495,0,0,4000,0,0.0,0.0,0.0,0.0,0.745,0.0
1784631747.607945,0,0,4010,0,0.0,0.0,0.0,0.0,0.743,0.0
1784631747.845332,0,0,4020,0,0.0,0.0,0.0,0.0,0.741,0.0
1784631747.8455467,0,0,4030,0,0.0,0.0,0.0,0.0,0.74,0.0
1784631747.8457317,0,0,4040,0,0.0,0.0,0.0,0.0,0.738,0.0
1784631747.8459098,0,0,4050,0,0.0,0.0,0.0,0.0,0.736,0.0
1784631747.8461099,0,0,4060,0,0.0,0.0,0.0,0.0,0.734,0.0
1784631747.8462408,0,0,4070,0,0.0,0.0,0.0,0.0,0.732,0.0
1784631747.846354,0,0,4080,0,0.0,0.0,0.0,0.0,0.731,0.0
1784631747.8464694,0,0,4090,0,0.0,0.0,0.0,0.0,0.729,0.0
1784631747.8465939,0,0,4100,0,0.0,0.0,0.0,0.0,0.727,0.0
1784631747.959616,0,0,4110,0,0.0,0.0,0.0,0.0,0.725,0.0
1784631747.959953,0,0,4120,0,0.0,0.0,0.0,0.0,0.724,0.0
1784631747.960132,0,0,4130,0,0.0,0.0,0.0,0.0,0.722,0.0
1784631747.960261,0,0,4140,0,0.0,0.0,0.0,0.0,0.72,0.0
1784631747.9603863,0,0,4150,0,0.0,0.0,0.0,0.0,0.718,0.0
1784631747.960541,0,0,4160,0,0.0,0.0,0.0,0.0,0.717,0.0
1784631747.960726,0,0,4170,0,0.0,0.0,0.0,0.0,0.715,0.0
1784631747.9608846,0,0,4180,0,0.0,0.0,0.0,0.0,0.713,0.0
1784631747.9610622,0,0,4190,0,0.0,0.0,0.0,0.0,0.711,0.0
1784631747.961184,0,0,4200,0,0.0,0.0,0.0,0.0,0.71,0.0
1784631747.9613073,0,0,4210,0,0.0,0.0,0.0,0.0,0.708,0.0
1784631748.0852404,0,0,4220,0,0.0,0.0,0.0,0.0,0.706,0.0
1784631748.0855112,0,0,4230,0,0.0,0.0,0.0,0.0,0.705,0.0
1784631748.0857189,0,0,4240,0,0.0,0.0,0.0,0.0,0.703,0.0
1784631748.0859382,0,0,4250,0,0.0,0.0,0.0,0.0,0.701,0.0
1784631748.0861986,0,0,4260,0,0.0,0.0,0.0,0.0,0.7,0.0
1784631748.086504,0,0,4270,0,0.0,0.0,0.0,0.0,0.698,0.0
1784631748.0867038,0,0,4280,0,0.0,0.0,0.0,0.0,0.696,0.0
1784631748.086962,0,0,4290,0,0.0,0.0,0.0,0.0,0.695,0.0
1784631748.0870929,0,0,4300,0,0.0,0.0,0.0,0.0,0.693,0.0
1784631748.0872169,0,0,4310,0,0.0,0.0,0.0,0.0,0.692,0.0
1784631748.0874732,0,0,4320,0,0.0,0.0,0.0,0.0,0.69,0.0
1784631748.2005932,0,0,4330,0,0.0,0.0,0.0,0.0,0.688,0.0
1784631748.2010012,0,0,4340,0,0.0,0.0,0.0,0.0,0.687,0.0
1784631748.2012467,0,0,4350,0,0.0,0.0,0.0,0.0,0.685,0.0
1784631748.2014637,0,0,4360,0,0.0,0.0,0.0,0.0,0.684,0.0
1784631748.2015965,0,0,4370,0,0.0,0.0,0.0,0.0,0.682,0.0
1784631748.2017395,0,0,4380,0,0.0,0.0,0.0,0.0,0.681,0.0
1784631748.2019486,0,0,4390,0,0.0,0.0,0.0,0.0,0.679,0.0
1784631748.2021124,0,0,4400,0,0.0,0.0,0.0,0.0,0.678,0.0
1784631748.20228,0,0,4410,0,0.0,0.0,0.0,0.0,0.676,0.0
1784631748.2023952,0,0,4420,0,0.0,0.0,0.0,0.0,0.674,0.0
1784631748.2025213,0,0,4430,0,0.0,0.0,0.0,0.0,0.673,0.0
1784631748.3260524,0,0,4440,0,0.0,0.0,0.0,0.0,0.671,0.0
1784631748.3264031,0,0,4450,0,0.0,0.0,0.0,0.0,0.67,0.0
1784631748.3265548,0,0,4460,0,0.0,0.0,0.0,0.0,0.668,0.0
1784631748.3267376,0,0,4470,0,0.0,0.0,0.0,0.0,0.667,0.0
1784631748.3269558,0,0,4480,0,0.0,0.0,0.0,0.0,0.665,0.0
1784631748.3271549,0,0,4490,0,0.0,0.0,0.0,0.0,0.664,0.0
1784631748.3273225,0,0,4500,0,0.0,0.0,0.0,0.0,0.662,0.0
1784631748.3274453,0,0,4510,0,0.0,0.0,0.0,0.0,0.661,0.0
1784631748.3275776,0,0,4520,0,0.0,0.0,0.0,0.0,0.66,0.0
1784631748.3277974,0,0,4530,0,0.0,0.0,0.0,0.0,0.658,0.0
1784631748.3279943,0,0,4540,0,0.0,0.0,0.0,0.0,0.657,0.0
1784631748.4578102,0,0,4550,0,0.0,0.0,0.0,0.0,0.655,0.0
1784631748.458105,0,0,4560,0,0.0,0.0,0.0,0.0,0.654,0.0
1784631748.458239,0,0,4570,0,0.0,0.0,0.0,0.0,0.652,0.0
1784631748.4583604,0,0,4580,0,0.0,0.0,0.0,0.0,0.651,0.0
1784631748.4585285,0,0,4590,0,0.0,0.0,0.0,0.0,0.649,0.0
1784631748.4586778,0,0,4600,0,0.0,0.0,0.0,0.0,0.648,0.0
1784631748.4587994,0,0,4610,0,0.0,0.0,0.0,0.0,0.647,0.0
1784631748.4589338,0,0,4620,0,0.0,0.0,0.0,0.0,0.645,0.0
1784631748.4590673,0,0,4630,0,0.0,0.0,0.0,0.0,0.644,0.0
1784631748.4591832,0,0,4640,0,0.0,0.0,0.0,0.0,0.643,0.0
1784631748.4593017,0,0,4650,0,0.0,0.0,0.0,0.0,0.641,0.0
1784631748.4594343,0,0,4660,0,0.0,0.0,0.0,0.0,0.64,0.0
1784631748.4596148,0,0,4670,0,0.0,0.0,0.0,0.0,0.638,0.0
1784631748.4597502,0,0,4680,0,0.0,0.0,0.0,0.0,0.637,0.0
1784631748.566602,0,0,4690,0,0.0,0.0,0.0,0.0,0.636,0.0
1784631748.5669615,0,0,4700,0,0.0,0.0,0.0,0.0,0.634,0.0
1784631748.5671127,0,0,4710,0,0.0,0.0,0.0,0.0,0.633,0.0
1784631748.5673187,0,0,4720,0,0.0,0.0,0.0,0.0,0.632,0.0
1784631748.5674639,0,0,4730,0,0.0,0.0,0.0,0.0,0.63,0.0
1784631748.5677104,0,0,4740,0,0.0,0.0,0.0,0.0,0.629,0.0
1784631748.567908,0,0,4750,0,0.0,0.0,0.0,0.0,0.628,0.0
1784631748.5680652,0,0,4760,0,0.0,0.0,0.0,0.0,0.626,0.0
1784631748.568191,0,0,4770,0,0.0,0.0,0.0,0.0,0.625,0.0
1784631748.5683162,0,0,4780,0,0.0,0.0,0.0,0.0,0.624,0.0
1784631748.568441,0,0,4790,0,0.0,0.0,0.0,0.0,0.622,0.0
1784631748.568577,0,0,4800,0,0.0,0.0,0.0,0.0,0.621,0.0
1784631748.6737509,0,0,4810,0,0.0,0.0,0.0,0.0,0.62,0.0
1784631748.6740777,0,0,4820,0,0.0,0.0,0.0,0.0,0.619,0.0
1784631748.6742394,0,0,4830,0,0.0,0.0,0.0,0.0,0.617,0.0
1784631748.6744199,0,0,4840,0,0.0,0.0,0.0,0.0,0.616,0.0
1784631748.6745584,0,0,4850,0,0.0,0.0,0.0,0.0,0.615,0.0
1784631748.6746874,0,0,4860,0,0.0,0.0,0.0,0.0,0.613,0.0
1784631748.6748831,0,0,4870,0,0.0,0.0,0.0,0.0,0.612,0.0
1784631748.6750405,0,0,4880,0,0.0,0.0,0.0,0.0,0.611,0.0
1784631748.6751652,0,0,4890,0,0.0,0.0,0.0,0.0,0.61,0.0
1784631748.675358,0,0,4900,0,0.0,0.0,0.0,0.0,0.608,0.0
1784631748.675498,0,0,4910,0,0.0,0.0,0.0,0.0,0.607,0.0
1784631748.786186,0,0,4920,0,0.0,0.0,0.0,0.0,0.606,0.0
1784631748.7865512,0,0,4930,0,0.0,0.0,0.0,0.0,0.605,0.0
1784631748.7866924,0,0,4940,0,0.0,0.0,0.0,0.0,0.604,0.0
1784631748.7868922,0,0,4950,0,0.0,0.0,0.0,0.0,0.602,0.0
1784631748.7870827,0,0,4960,0,0.0,0.0,0.0,0.0,0.601,0.0
1784631748.787205,0,0,4970,0,0.0,0.0,0.0,0.0,0.6,0.0
1784631748.7873743,0,0,4980,0,0.0,0.0,0.0,0.0,0.599,0.0
1784631748.7874916,0,0,4990,0,0.0,0.0,0.0,0.0,0.597,0.0
1784631748.7876174,0,0,5000,0,0.0,0.0,0.0,0.0,0.596,0.0
1784631748.787734,0,0,5010,0,0.0,0.0,0.0,0.0,0.595,0.0
1784631748.8916996,0,0,5020,0,0.0,0.0,0.0,0.0,0.594,0.0
1784631748.893258,0,0,5030,0,0.0,0.0,0.0,0.0,0.593,0.0
1784631748.893513,0,0,5040,0,0.0,0.0,0.0,0.0,0.592,0.0
1784631748.893762,0,0,5050,0,0.0,0.0,0.0,0.0,0.59,0.0
1784631748.8939102,0,0,5060,0,0.0,0.0,0.0,0.0,0.589,0.0
1784631748.8940382,0,0,5070,0,0.0,0.0,0.0,0.0,0.588,0.0
1784631748.8941648,0,0,5080,0,0.0,0.0,0.0,0.0,0.587,0.0
1784631748.8943431,0,0,5090,0,0.0,0.0,0.0,0.0,0.586,0.0
1784631748.8944857,0,0,5100,0,0.0,0.0,0.0,0.0,0.585,0.0
1784631748.89491,0,0,5110,0,0.0,0.0,0.0,0.0,0.583,0.0
1784631749.00106,0,0,5120,0,0.0,0.0,0.0,0.0,0.582,0.0
1784631749.0014372,0,0,5130,0,0.0,0.0,0.0,0.0,0.581,0.0
1784631749.0017538,0,0,5140,0,0.0,0.0,0.0,0.0,0.58,0.0
1784631749.0018954,0,0,5150,0,0.0,0.0,0.0,0.0,0.579,0.0
1784631749.0020282,0,0,5160,0,0.0,0.0,0.0,0.0,0.578,0.0
1784631749.0021954,0,0,5170,0,0.0,0.0,0.0,0.0,0.577,0.0
1784631749.002326,0,0,5180,0,0.0,0.0,0.0,0.0,0.576,0.0
1784631749.002458,0,0,5190,0,0.0,0.0,0.0,0.0,0.574,0.0
1784631749.0026016,0,0,5200,0,0.0,0.0,0.0,0.0,0.573,0.0
1784631749.0028024,0,0,5210,0,0.0,0.0,0.0,0.0,0.572,0.0
1784631749.002947,0,0,5220,0,0.0,0.0,0.0,0.0,0.571,0.0
1784631749.0031743,0,0,5230,0,0.0,0.0,0.0,0.0,0.57,0.0
1784631749.1082957,0,0,5240,0,0.0,0.0,0.0,0.0,0.569,0.0
1784631749.1102889,0,0,5250,0,0.0,0.0,0.0,0.0,0.568,0.0
1784631749.1104577,0,0,5260,0,0.0,0.0,0.0,0.0,0.567,0.0
1784631749.1113868,0,0,5270,0,0.0,0.0,0.0,0.0,0.566,0.0
1784631749.1115446,0,0,5280,0,0.0,0.0,0.0,0.0,0.565,0.0
1784631749.1116958,0,0,5290,0,0.0,0.0,0.0,0.0,0.564,0.0
1784631749.1118736,0,0,5300,0,0.0,0.0,0.0,0.0,0.563,0.0
1784631749.1119983,0,0,5310,0,0.0,0.0,0.0,0.0,0.562,0.0
1784631749.1121204,0,0,5320,0,0.0,0.0,0.0,0.0,0.56,0.0
1784631749.1122437,0,0,5330,0,0.0,0.0,0.0,0.0,0.559,0.0
1784631749.1123657,0,0,5340,0,0.0,0.0,0.0,0.0,0.558,0.0
1784631749.1124861,0,0,5350,0,0.0,0.0,0.0,0.0,0.557,0.0
1784631749.2228713,0,0,5360,0,0.0,0.0,0.0,0.0,0.556,0.0
1784631749.2246842,0,0,5370,0,0.0,0.0,0.0,0.0,0.555,0.0
1784631749.2248921,0,0,5380,0,0.0,0.0,0.0,0.0,0.554,0.0
1784631749.2250266,0,0,5390,0,0.0,0.0,0.0,0.0,0.553,0.0
1784631749.2251542,0,0,5400,0,0.0,0.0,0.0,0.0,0.555,0.0
1784631749.2252798,0,0,5410,0,0.0,0.0,0.0,0.0,0.558,0.0
1784631749.2254062,0,0,5420,0,0.0,0.0,0.0,0.0,0.561,0.0
1784631749.2256622,0,0,5430,0,0.0,0.0,0.0,0.0,0.563,0.0
1784631749.2258043,0,0,5440,0,0.0,0.0,0.0,0.0,0.566,0.0
1784631749.2259398,0,0,5450,0,0.0,0.0,0.0,0.0,0.569,0.0
1784631749.226073,0,0,5460,0,0.0,0.0,0.0,0.0,0.571,0.0
1784631749.2262065,0,0,5470,0,0.0,0.0,0.0,0.0,0.574,0.0
1784631749.2263405,0,0,5480,0,0.0,0.0,0.0,0.0,0.576,0.0
1784631749.2265098,0,0,5490,0,0.0,0.0,0.0,0.0,0.579,0.0
1784631749.2268126,0,0,5500,0,0.0,0.0,0.0,0.0,0.581,0.0
1784631749.2269866,0,0,5510,0,0.0,0.0,0.0,0.0,0.584,0.0
1784631749.2271216,0,0,5520,0,0.0,0.0,0.0,0.0,0.586,0.0
1784631749.2272546,0,0,5530,0,0.0,0.0,0.0,0.0,0.589,0.0
1784631749.2273867,0,0,5540,0,0.0,0.0,0.0,0.0,0.591,0.0
1784631749.2277963,0,0,5550,0,0.0,0.0,0.0,0.0,0.594,0.0
1784631749.2279773,0,0,5560,0,0.0,0.0,0.0,0.0,0.596,0.0
1784631749.2281268,0,0,5570,0,0.0,0.0,0.0,0.0,0.598,0.0
1784631749.2282538,0,0,5580,0,0.0,0.0,0.0,0.0,0.601,0.0
1784631749.2283792,0,0,5590,0,0.0,0.0,0.0,0.0,0.603,0.0
1784631749.333355,0,0,5600,0,0.0,0.0,0.0,0.0,0.606,0.0
1784631749.3335805,0,0,5610,0,0.0,0.0,0.0,0.0,0.608,0.0
1784631749.333791,0,0,5620,0,0.0,0.0,0.0,0.0,0.61,0.0
1784631749.3339944,0,0,5630,0,0.0,0.0,0.0,0.0,0.613,0.0
1784631749.3341358,0,0,5640,0,0.0,0.0,0.0,0.0,0.615,0.0
1784631749.3343108,0,0,5650,0,0.0,0.0,0.0,0.0,0.617,0.0
1784631749.3344512,0,0,5660,0,0.0,0.0,0.0,0.0,0.619,0.0
1784631749.3346136,0,0,5670,0,0.0,0.0,0.0,0.0,0.622,0.0
1784631749.3347886,0,0,5680,0,0.0,0.0,0.0,0.0,0.624,0.0
1784631749.3350227,0,0,5690,0,0.0,0.0,0.0,0.0,0.626,0.0
1784631749.3351662,0,0,5700,0,0.0,0.0,0.0,0.0,0.628,0.0
1784631749.3353472,0,0,5710,0,0.0,0.0,0.0,0.0,0.63,0.0
1784631749.3354905,0,0,5720,0,0.0,0.0,0.0,0.0,0.633,0.0
1784631749.3357587,0,0,5730,0,0.0,0.0,0.0,0.0,0.635,0.0
1784631749.3359814,0,0,5740,0,0.0,0.0,0.0,0.0,0.637,0.0
1784631749.336125,0,0,5750,0,0.0,0.0,0.0,0.0,0.639,0.0
1784631749.3363008,0,0,5760,0,0.0,0.0,0.0,0.0,0.641,0.0
1784631749.3364353,0,0,5770,0,0.0,0.0,0.0,0.0,0.643,0.0
1784631749.3365803,0,0,5780,0,0.0,0.0,0.0,0.0,0.645,0.0
1784631749.3367527,0,0,5790,0,0.0,0.0,0.0,0.0,0.647,0.0
1784631749.3369267,0,0,5800,0,0.0,0.0,0.0,0.0,0.649,0.0
1784631749.3370621,0,0,5810,0,0.0,0.0,0.0,0.0,0.651,0.0
1784631749.3372314,0,0,5820,0,0.0,0.0,0.0,0.0,0.653,0.0
1784631749.3373659,0,0,5830,0,0.0,0.0,0.0,0.0,0.655,0.0
1784631749.4436746,0,0,5840,0,0.0,0.0,0.0,0.0,0.657,0.0
1784631749.4438932,0,0,5850,0,0.0,0.0,0.0,0.0,0.659,0.0
1784631749.4440339,0,0,5860,0,0.0,0.0,0.0,0.0,0.661,0.0
1784631749.4441624,0,0,5870,0,0.0,0.0,0.0,0.0,0.663,0.0
1784631749.4442914,0,0,5880,0,0.0,0.0,0.0,0.0,0.665,0.0
1784631749.4444919,0,0,5890,0,0.0,0.0,0.0,0.0,0.667,0.0
1784631749.4447083,0,0,5900,0,0.0,0.0,0.0,0.0,0.669,0.0
1784631749.4448552,0,0,5910,0,0.0,0.0,0.0,0.0,0.671,0.0
1784631749.4449794,0,0,5920,0,0.0,0.0,0.0,0.0,0.673,0.0
1784631749.4451056,0,0,5930,0,0.0,0.0,0.0,0.0,0.675,0.0
1784631749.4452338,0,0,5940,0,0.0,0.0,0.0,0.0,0.676,0.0
1784631749.4453976,0,0,5950,0,0.0,0.0,0.0,0.0,0.678,0.0
1784631749.4455795,0,0,5960,0,0.0,0.0,0.0,0.0,0.68,0.0
1784631749.4457889,0,0,5970,0,0.0,0.0,0.0,0.0,0.682,0.0
1784631749.4459693,0,0,5980,0,0.0,0.0,0.0,0.0,0.684,0.0
1784631749.4460983,0,0,5990,0,0.0,0.0,0.0,0.0,0.686,0.0
1784631749.4462276,0,0,6000,0,0.0,0.0,0.0,0.0,0.688,0.0
1784631749.446409,0,0,6010,0,0.0,0.0,0.0,0.0,0.69,0.0
1784631749.446646,0,0,6020,0,0.0,0.0,0.0,0.0,0.692,0.0
1784631749.5505311,0,0,6030,0,0.0,0.0,0.0,0.0,0.694,0.0
1784631749.550798,0,0,6040,0,0.0,0.0,0.0,0.0,0.696,0.0
1784631749.5510666,0,0,6050,0,0.0,0.0,0.0,0.0,0.698,0.0
1784631749.5512807,0,0,6060,0,0.0,0.0,0.0,0.0,0.7,0.0
1784631749.5514243,0,0,6070,0,0.0,0.0,0.0,0.0,0.701,0.0
1784631749.5515733,0,0,6080,0,0.0,0.0,0.0,0.0,0.703,0.0
1784631749.5517464,0,0,6090,0,0.0,0.0,0.0,0.0,0.705,0.0
1784631749.5519383,0,0,6100,0,0.0,0.0,0.0,0.0,0.707,0.0
1784631749.552074,0,0,6110,0,0.0,0.0,0.0,0.0,0.709,0.0
1784631749.5522652,0,0,6120,0,0.0,0.0,0.0,0.0,0.711,0.0
1784631749.552404,0,0,6130,0,0.0,0.0,0.0,0.0,0.713,0.0
1784631749.5525515,0,0,6140,0,0.0,0.0,0.0,0.0,0.715,0.0
1784631749.5527067,0,0,6150,0,0.0,0.0,0.0,0.0,0.717,0.0
1784631749.5529451,0,0,6160,0,0.0,0.0,0.0,0.0,0.719,0.0
1784631749.553116,0,0,6170,0,0.0,0.0,0.0,0.0,0.721,0.0
1784631749.5532563,0,0,6180,0,0.0,0.0,0.0,0.0,0.723,0.0
1784631749.5533943,0,0,6190,0,0.0,0.0,0.0,0.0,0.725,0.0
1784631749.55354,0,0,6200,0,0.0,0.0,0.0,0.0,0.727,0.0
1784631749.657948,0,0,6210,0,0.0,0.0,0.0,0.0,0.729,0.0
1784631749.658253,0,0,6220,0,0.0,0.0,0.0,0.0,0.731,0.0
1784631749.6584055,0,0,6230,0,0.0,0.0,0.0,0.0,0.733,0.0
1784631749.6585515,0,0,6240,0,0.0,0.0,0.0,0.0,0.735,0.0
1784631749.6587203,0,0,6250,0,0.0,0.0,0.0,0.0,0.736,0.0
1784631749.6589675,0,0,6260,0,0.0,0.0,0.0,0.0,0.738,0.0
1784631749.6591668,0,0,6270,0,0.0,0.0,0.0,0.0,0.74,0.0
1784631749.6593246,0,0,6280,0,0.0,0.0,0.0,0.0,0.742,0.0
1784631749.659461,0,0,6290,0,0.0,0.0,0.0,0.0,0.744,0.0
1784631749.6596084,0,0,6300,0,0.0,0.0,0.0,0.0,0.746,0.0
1784631749.659822,0,0,6310,0,0.0,0.0,0.0,0.0,0.748,0.0
1784631749.6600144,0,0,6320,0,0.0,0.0,0.0,0.0,0.75,0.0
1784631749.660189,0,0,6330,0,0.0,0.0,0.0,0.0,0.752,0.0
1784631749.6603289,0,0,6340,0,0.0,0.0,0.0,0.0,0.754,0.0
1784631749.6604683,0,0,6350,0,0.0,0.0,0.0,0.0,0.756,0.0
1784631749.6606164,0,0,6360,0,0.0,0.0,0.0,0.0,0.758,0.0
1784631749.6608427,0,0,6370,0,0.0,0.0,0.0,0.0,0.76,0.0
1784631749.6609976,0,0,6380,0,0.0,0.0,0.0,0.0,0.762,0.0
1784631749.6611557,0,0,6390,0,0.0,0.0,0.0,0.0,0.764,0.0
1784631749.766891,0,0,6400,0,0.0,0.0,0.0,0.0,0.766,0.0
1784631749.7721188,0,0,6410,0,0.0,0.0,0.0,0.0,0.768,0.0
1784631749.7724009,0,0,6420,0,0.0,0.0,0.0,0.0,0.77,0.0
1784631749.7726212,0,0,6430,0,0.0,0.0,0.0,0.0,0.772,0.0
1784631749.7728322,0,0,6440,0,0.0,0.0,0.0,0.0,0.774,0.0
1784631749.7729816,0,0,6450,0,0.0,0.0,0.0,0.0,0.776,0.0
1784631749.7731676,0,0,6460,0,0.0,0.0,0.0,0.0,0.778,0.0
1784631749.7733297,0,0,6470,0,0.0,0.0,0.0,0.0,0.78,0.0
1784631749.77347,0,0,6480,0,0.0,0.0,0.0,0.0,0.782,0.0
1784631749.7736635,0,0,6490,0,0.0,0.0,0.0,0.0,0.784,0.0
1784631749.7738078,0,0,6500,0,0.0,0.0,0.0,0.0,0.786,0.0
1784631749.7740135,0,0,6510,0,0.0,0.0,0.0,0.0,0.788,0.0
1784631749.7742145,0,0,6520,0,0.0,0.0,0.0,0.0,0.79,0.0
1784631749.774507,0,0,6530,0,0.0,0.0,0.0,0.0,0.792,0.0
1784631749.7746985,0,0,6540,0,0.0,0.0,0.0,0.0,0.794,0.0
1784631749.7748914,0,0,6550,0,0.0,0.0,0.0,0.0,0.796,0.0
1784631749.7750287,0,0,6560,0,0.0,0.0,0.0,0.0,0.798,0.0
1784631749.7751656,0,0,6570,0,0.0,0.0,0.0,0.0,0.8,0.0
1784631749.7753186,0,0,6580,0,0.0,0.0,0.0,0.0,0.802,0.0
1784631749.7755163,0,0,6590,0,0.0,0.0,0.0,0.0,0.804,0.0
1784631749.8829427,0,0,6600,0,0.0,0.0,0.0,0.0,0.806,0.0
1784631749.8832312,0,0,6610,0,0.0,0.0,0.0,0.0,0.808,0.0
1784631749.8834112,0,0,6620,0,0.0,0.0,0.0,0.0,0.81,0.0
1784631749.8836641,0,0,6630,0,0.0,0.0,0.0,0.0,0.812,0.0
1784631749.8839262,0,0,6640,0,0.0,0.0,0.0,0.0,0.814,0.0
1784631749.8841429,0,0,6650,0,0.0,0.0,0.0,0.0,0.815,0.0
1784631749.8842707,0,0,6660,0,0.0,0.0,0.0,0.0,0.817,0.0
1784631749.8844326,0,0,6670,0,0.0,0.0,0.0,0.0,0.819,0.0
1784631749.8845713,0,0,6680,0,0.0,0.0,0.0,0.0,0.821,0.0
1784631749.8847353,0,0,6690,0,0.0,0.0,0.0,0.0,0.823,0.0
1784631749.8848624,0,0,6700,0,0.0,0.0,0.0,0.0,0.825,0.0
1784631749.8850899,0,0,6710,0,0.0,0.0,0.0,0.0,0.827,0.0
1784631749.8852715,0,0,6720,0,0.0,0.0,0.0,0.0,0.829,0.0
1784631749.8854601,0,0,6730,0,0.0,0.0,0.0,0.0,0.831,0.0
1784631749.8856504,0,0,6740,0,0.0,0.0,0.0,0.0,0.833,0.0
1784631749.8858106,0,0,6750,0,0.0,0.0,0.0,0.0,0.835,0.0
1784631749.8859756,0,0,6760,0,0.0,0.0,0.0,0.0,0.837,0.0
1784631749.8863053,0,0,6770,0,0.0,0.0,0.0,0.0,0.839,0.0
1784631749.8866746,0,0,6780,0,0.0,0.0,0.0,0.0,0.841,0.0
1784631749.88691,0,0,6790,0,0.0,0.0,0.0,0.0,0.843,0.0
1784631749.8870986,0,0,6800,0,0.0,0.0,0.0,0.0,0.845,0.0
1784631749.8873127,0,0,6810,0,0.0,0.0,0.0,0.0,0.847,0.0
1784631750.01092,0,0,6820,0,0.0,0.0,0.0,0.0,0.849,0.0
1784631750.011225,0,0,6830,0,0.0,0.0,0.0,0.0,0.851,0.0
1784631750.0123868,0,0,6840,0,0.0,0.0,0.0,0.0,0.853,0.0
1784631750.0129216,0,0,6850,0,0.0,0.0,0.0,0.0,0.855,0.0
1784631750.0132515,0,0,6860,0,0.0,0.0,0.0,0.0,0.857,0.0
1784631750.0135703,0,0,6870,0,0.0,0.0,0.0,0.0,0.859,0.0
1784631750.0138502,0,0,6880,0,0.0,0.0,0.0,0.0,0.861,0.0
1784631750.0141673,0,0,6890,0,0.0,0.0,0.0,0.0,0.863,0.0
1784631750.0144358,0,0,6900,0,0.0,0.0,0.0,0.0,0.865,0.0
1784631750.0146542,0,0,6910,0,0.0,0.0,0.0,0.0,0.867,0.0
1784631750.0148385,0,0,6920,0,0.0,0.0,0.0,0.0,0.869,0.0
1784631750.015045,0,0,6930,0,0.0,0.0,0.0,0.0,0.871,0.0
1784631750.0152068,0,0,6940,0,0.0,0.0,0.0,0.0,0.873,0.0
1784631750.0153852,0,0,6950,0,0.0,0.0,0.0,0.0,0.875,0.0
1784631750.0155497,0,0,6960,0,0.0,0.0,0.0,0.0,0.877,0.0
1784631750.0156922,0,0,6970,0,0.0,0.0,0.0,0.0,0.879,0.0
1784631750.0158734,0,0,6980,0,0.0,0.0,0.0,0.0,0.881,0.0
1784631750.0161154,0,0,6990,0,0.0,0.0,0.0,0.0,0.883,0.0
1784631750.0162587,0,0,7000,0,0.0,0.0,0.0,0.0,0.885,0.0
1784631750.016403,0,0,7010,0,0.0,0.0,0.0,0.0,0.887,0.0
1784631750.016552,0,0,7020,0,0.0,0.0,0.0,0.0,0.888,0.0
1784631750.016697,0,0,7030,0,0.0,0.0,0.0,0.0,0.89,0.0
1784631750.0168738,0,0,7040,0,0.0,0.0,0.0,0.0,0.892,0.0
1784631750.1195638,0,0,7050,0,0.0,0.0,0.0,0.0,0.894,0.0
1784631750.119839,0,0,7060,0,0.0,0.0,0.0,0.0,0.896,0.0
1784631750.120056,0,0,7070,0,0.0,0.0,0.0,0.0,0.898,0.0
1784631750.120207,0,0,7080,0,0.0,0.0,0.0,0.0,0.9,0.0
1784631750.1204429,0,0,7090,0,0.0,0.0,0.0,0.0,0.902,0.0
1784631750.1206143,0,0,7100,0,0.0,0.0,0.0,0.0,0.904,0.0
1784631750.1208026,0,0,7110,0,0.0,0.0,0.0,0.0,0.906,0.0
1784631750.1210394,0,0,7120,0,0.0,0.0,0.0,0.0,0.908,0.0
1784631750.121248,0,0,7130,0,0.0,0.0,0.0,0.0,0.91,0.0
1784631750.121498,0,0,7140,0,0.0,0.0,0.0,0.0,0.912,0.0
1784631750.1216614,0,0,7150,0,0.0,0.0,0.0,0.0,0.914,0.0
1784631750.1218803,0,0,7160,0,0.0,0.0,0.0,0.0,0.916,0.0
1784631750.1220977,0,0,7170,0,0.0,0.0,0.0,0.0,0.918,0.0
1784631750.1223097,0,0,7180,0,0.0,0.0,0.0,0.0,0.92,0.0
1784631750.1224804,0,0,7190,0,0.0,0.0,0.0,0.0,0.922,0.0
1784631750.1226404,0,0,7200,0,0.0,0.0,0.0,0.0,0.924,0.0
1784631750.228001,0,0,7210,0,0.0,0.0,0.0,0.0,0.926,0.0
1784631750.2283437,0,0,7220,0,0.0,0.0,0.0,0.0,0.929,0.0
1784631750.2285073,0,0,7230,0,0.0,0.0,0.0,0.0,0.931,0.0
1784631750.2288203,0,0,7240,0,0.0,0.0,0.0,0.0,0.933,0.0
1784631750.229031,0,0,7250,0,0.0,0.0,0.0,0.0,0.935,0.0
1784631750.229232,0,0,7260,0,0.0,0.0,0.0,0.0,0.937,0.0
1784631750.2293775,0,0,7270,0,0.0,0.0,0.0,0.0,0.939,0.0
1784631750.2295334,0,0,7280,0,0.0,0.0,0.0,0.0,0.941,0.0
1784631750.2296782,0,0,7290,0,0.0,0.0,0.0,0.0,0.943,0.0
1784631750.2298229,0,0,7300,0,0.0,0.0,0.0,0.0,0.945,0.0
1784631750.2299662,0,0,7310,0,0.0,0.0,0.0,0.0,0.947,0.0
1784631750.2303617,0,0,7320,0,0.0,0.0,0.0,0.0,0.949,0.0
1784631750.2307012,0,0,7330,0,0.0,0.0,0.0,0.0,0.951,0.0
1784631750.2309396,0,0,7340,0,0.0,0.0,0.0,0.0,0.953,0.0
1784631750.2312632,0,0,7350,0,0.0,0.0,0.0,0.0,0.955,0.0
1784631750.231504,0,0,7360,0,0.0,0.0,0.0,0.0,0.957,0.0
1784631750.2317548,0,0,7370,0,0.0,0.0,0.0,0.0,0.959,0.0
1784631750.2319667,0,0,7380,0,0.0,0.0,0.0,0.0,0.96,0.0
1784631750.2322586,0,0,7390,0,0.0,0.0,0.0,0.0,0.962,0.0
1784631750.3379943,0,0,7400,0,0.0,0.0,0.0,0.0,0.964,0.0
1784631750.338323,0,0,7410,0,0.0,0.0,0.0,0.0,0.966,0.0
1784631750.3386207,0,0,7420,0,0.0,0.0,0.0,0.0,0.967,0.0
1784631750.338872,0,0,7430,0,0.0,0.0,0.0,0.0,0.969,0.0
1784631750.3390524,0,0,7440,0,0.0,0.0,0.0,0.0,0.971,0.0
1784631750.339199,0,0,7450,0,0.0,0.0,0.0,0.0,0.973,0.0
1784631750.3393803,0,0,7460,0,0.0,0.0,0.0,0.0,0.974,0.0
1784631750.3396006,0,0,7470,0,0.0,0.0,0.0,0.0,0.976,0.0
1784631750.3398626,0,0,7480,0,0.0,0.0,0.0,0.0,0.978,0.0
1784631750.3400636,0,0,7490,0,0.0,0.0,0.0,0.0,0.979,0.0
1784631750.3402085,0,0,7500,0,0.0,0.0,0.0,0.0,0.981,0.0
1784631750.3403711,0,0,7510,0,0.0,0.0,0.0,0.0,0.982,0.0
1784631750.3406003,0,0,7520,0,0.0,0.0,0.0,0.0,0.984,0.0
1784631750.340825,0,0,7530,0,0.0,0.0,0.0,0.0,0.986,0.0
1784631750.3410482,0,0,7540,0,0.0,0.0,0.0,0.0,0.987,0.0
1784631750.3412714,0,0,7550,0,0.0,0.0,0.0,0.0,0.989,0.0
1784631750.341502,0,0,7560,0,0.0,0.0,0.0,0.0,0.99,0.0
1784631750.341671,0,0,7570,0,0.0,0.0,0.0,0.0,0.992,0.0
1784631750.3418186,0,0,7580,0,0.0,0.0,0.0,0.0,0.994,0.0
1784631750.342045,0,0,7590,0,0.0,0.0,0.0,0.0,0.995,0.0
1784631750.4549415,0,0,7600,0,0.0,0.0,0.0,0.0,0.997,0.0
1784631750.4552302,0,0,7610,0,0.0,0.0,0.0,0.0,0.998,0.0
1784631750.455395,0,0,7620,0,0.0,0.0,0.0,0.0,1.0,0.0
1784631750.4555547,0,0,7630,0,0.0,0.0,0.0,0.0,1.001,0.0
1784631750.4557257,0,0,7640,0,0.0,0.0,0.0,0.0,1.003,0.0
1784631750.4559639,0,0,7650,0,0.0,0.0,0.0,0.0,1.004,0.0
1784631750.4561112,0,0,7660,0,0.0,0.0,0.0,0.0,1.006,0.0
1784631750.4562595,0,0,7670,0,0.0,0.0,0.0,0.0,1.007,0.0
1784631750.4564073,0,0,7680,0,0.0,0.0,0.0,0.0,1.009,0.0
1784631750.4565644,0,0,7690,0,0.0,0.0,0.0,0.0,1.01,0.0
1784631750.4567683,0,0,7700,0,0.0,0.0,0.0,0.0,1.011,0.0
1784631750.4569857,0,0,7710,0,0.0,0.0,0.0,0.0,1.013,0.0
1784631750.4571357,0,0,7720,0,0.0,0.0,0.0,0.0,1.014,0.0
1784631750.457283,0,0,7730,0,0.0,0.0,0.0,0.0,1.016,0.0
1784631750.4574304,0,0,7740,0,0.0,0.0,0.0,0.0,1.017,0.0
1784631750.4575865,0,0,7750,0,0.0,0.0,0.0,0.0,1.018,0.0
1784631750.457865,0,0,7760,0,0.0,0.0,0.0,0.0,1.02,0.0
1784631750.458034,0,0,7770,0,0.0,0.0,0.0,0.0,1.021,0.0
1784631750.4582367,0,0,7780,0,0.0,0.0,0.0,0.0,1.022,0.0
1784631750.4583817,0,0,7790,0,0.0,0.0,0.0,0.0,1.023,0.0
1784631750.4585376,0,0,7800,0,0.0,0.0,0.0,0.0,1.024,0.0
1784631750.5764706,0,0,7810,0,0.0,0.0,0.0,0.0,1.025,0.0
1784631750.5767522,0,0,7820,0,0.0,0.0,0.0,0.0,1.026,0.0
1784631750.5769575,0,0,7830,0,0.0,0.0,0.0,0.0,1.026,0.0
1784631750.5772016,0,0,7840,0,0.0,0.0,0.0,0.0,1.027,0.0
1784631750.5773504,0,0,7850,0,0.0,0.0,0.0,0.0,1.025,0.0
1784631750.5775778,0,0,7860,0,0.0,0.0,0.0,0.0,1.024,0.0
1784631750.5777822,0,0,7870,0,0.0,0.0,0.0,0.0,1.023,0.0
1784631750.5779295,0,0,7880,0,0.0,0.0,0.0,0.0,1.021,0.0
1784631750.5780723,0,0,7890,0,0.0,0.0,0.0,0.0,1.02,0.0
1784631750.5782151,0,0,7900,0,0.0,0.0,0.0,0.0,1.019,0.0
1784631750.5783577,0,0,7910,0,0.0,0.0,0.0,0.0,1.018,0.0
1784631750.5785336,0,0,7920,0,0.0,0.0,0.0,0.0,1.016,0.0
1784631750.5787024,0,0,7930,0,0.0,0.0,0.0,0.0,1.015,0.0
1784631750.578845,0,0,7940,0,0.0,0.0,0.0,0.0,1.014,0.0
1784631750.578986,0,0,7950,0,0.0,0.0,0.0,0.0,1.012,0.0
1784631750.5791261,0,0,7960,0,0.0,0.0,0.0,0.0,1.011,0.0
1784631750.579263,0,0,7970,0,0.0,0.0,0.0,0.0,1.01,0.0
1784631750.5794408,0,0,7980,0,0.0,0.0,0.0,0.0,1.009,0.0
1784631750.5796463,0,0,7990,0,0.0,0.0,0.0,0.0,1.007,0.0
1784631750.697715,0,0,8000,0,0.0,0.0,0.0,0.0,1.006,0.0
1784631750.6980212,0,0,8010,0,0.0,0.0,0.0,0.0,1.005,0.0
1784631750.6981854,0,0,8020,0,0.0,0.0,0.0,0.0,1.004,0.0
1784631750.6983416,0,0,8030,0,0.0,0.0,0.0,0.0,1.002,0.0
1784631750.698495,0,0,8040,0,0.0,0.0,0.0,0.0,1.001,0.0
1784631750.69866,0,0,8050,0,0.0,0.0,0.0,0.0,1.0,0.0
1784631750.6988204,0,0,8060,0,0.0,0.0,0.0,0.0,0.999,0.0
1784631750.699085,0,0,8070,0,0.0,0.0,0.0,0.0,0.997,0.0
1784631750.699376,0,0,8080,0,0.0,0.0,0.0,0.0,0.996,0.0
1784631750.6996276,0,0,8090,0,0.0,0.0,0.0,0.0,0.995,0.0
1784631750.6998017,0,0,8100,0,0.0,0.0,0.0,0.0,0.994,0.0
1784631750.7000253,0,0,8110,0,0.0,0.0,0.0,0.0,0.992,0.0
1784631750.7002673,0,0,8120,0,0.0,0.0,0.0,0.0,0.991,0.0
1784631750.700529,0,0,8130,0,0.0,0.0,0.0,0.0,0.99,0.0
1784631750.7007115,0,0,8140,0,0.0,0.0,0.0,0.0,0.989,0.0
1784631750.7009308,0,0,8150,0,0.0,0.0,0.0,0.0,0.988,0.0
1784631750.701252,0,0,8160,0,0.0,0.0,0.0,0.0,0.986,0.0
1784631750.8189366,0,0,8170,0,0.0,0.0,0.0,0.0,0.985,0.0
1784631750.8191764,0,0,8180,0,0.0,0.0,0.0,0.0,0.984,0.0
1784631750.8193982,0,0,8190,0,0.0,0.0,0.0,0.0,0.983,0.0
1784631750.8197033,0,0,8200,0,0.0,0.0,0.0,0.0,0.982,0.0
1784631750.819943,0,0,8210,0,0.0,0.0,0.0,0.0,0.98,0.0
1784631750.820102,0,0,8220,0,0.0,0.0,0.0,0.0,0.979,0.0
1784631750.820257,0,0,8230,0,0.0,0.0,0.0,0.0,0.978,0.0
1784631750.820506,0,0,8240,0,0.0,0.0,0.0,0.0,0.977,0.0
1784631750.8207138,0,0,8250,0,0.0,0.0,0.0,0.0,0.976,0.0
1784631750.8209412,0,0,8260,0,0.0,0.0,0.0,0.0,0.974,0.0
1784631750.821095,0,0,8270,0,0.0,0.0,0.0,0.0,0.973,0.0
1784631750.8212478,0,0,8280,0,0.0,0.0,0.0,0.0,0.972,0.0
1784631750.8215423,0,0,8290,0,0.0,0.0,0.0,0.0,0.971,0.0
1784631750.8217452,0,0,8300,0,0.0,0.0,0.0,0.0,0.97,0.0
1784631750.8219168,0,0,8310,0,0.0,0.0,0.0,0.0,0.969,0.0
1784631750.9447243,0,0,8320,0,0.0,0.0,0.0,0.0,0.967,0.0
1784631750.9450576,0,0,8330,0,0.0,0.0,0.0,0.0,0.966,0.0
1784631750.945313,0,0,8340,0,0.0,0.0,0.0,0.0,0.965,0.0
1784631750.945578,0,0,8350,0,0.0,0.0,0.0,0.0,0.964,0.0
1784631750.9516091,0,0,8360,0,0.0,0.0,0.0,0.0,0.963,0.0
1784631750.952044,0,0,8370,0,0.0,0.0,0.0,0.0,0.962,0.0
1784631750.9522586,0,0,8380,0,0.0,0.0,0.0,0.0,0.96,0.0
1784631750.9524155,0,0,8390,0,0.0,0.0,0.0,0.0,0.959,0.0
1784631750.9525816,0,0,8400,0,0.0,0.0,0.0,0.0,0.958,0.0
1784631750.9528205,0,0,8410,0,0.0,0.0,0.0,0.0,0.957,0.0
1784631750.9531128,0,0,8420,0,0.0,0.0,0.0,0.0,0.956,0.0
1784631750.9533076,0,0,8430,0,0.0,0.0,0.0,0.0,0.955,0.0
1784631751.0709963,0,0,8440,0,0.0,0.0,0.0,0.0,0.954,0.0
1784631751.0712552,0,0,8450,0,0.0,0.0,0.0,0.0,0.953,0.0
1784631751.0714185,0,0,8460,0,0.0,0.0,0.0,0.0,0.951,0.0
1784631751.0717142,0,0,8470,0,0.0,0.0,0.0,0.0,0.95,0.0
1784631751.0718832,0,0,8480,0,0.0,0.0,0.0,0.0,0.949,0.0
1784631751.0720446,0,0,8490,0,0.0,0.0,0.0,0.0,0.948,0.0
1784631751.0722013,0,0,8500,0,0.0,0.0,0.0,0.0,0.947,0.0
1784631751.0723588,0,0,8510,0,0.0,0.0,0.0,0.0,0.946,0.0
1784631751.072563,0,0,8520,0,0.0,0.0,0.0,0.0,0.945,0.0
1784631751.0727494,0,0,8530,0,0.0,0.0,0.0,0.0,0.944,0.0
1784631751.0729074,0,0,8540,0,0.0,0.0,0.0,0.0,0.942,0.0
1784631751.1901147,0,0,8550,0,0.0,0.0,0.0,0.0,0.941,0.0
1784631751.1906028,0,0,8560,0,0.0,0.0,0.0,0.0,0.94,0.0
1784631751.1909983,0,0,8570,0,0.0,0.0,0.0,0.0,0.939,0.0
1784631751.1911783,0,0,8580,0,0.0,0.0,0.0,0.0,0.938,0.0
1784631751.191336,0,0,8590,0,0.0,0.0,0.0,0.0,0.937,0.0
1784631751.191575,0,0,8600,0,0.0,0.0,0.0,0.0,0.936,0.0
1784631751.1918046,0,0,8610,0,0.0,0.0,0.0,0.0,0.935,0.0
1784631751.1919959,0,0,8620,0,0.0,0.0,0.0,0.0,0.934,0.0
1784631751.1922371,0,0,8630,0,0.0,0.0,0.0,0.0,0.933,0.0
1784631751.192392,0,0,8640,0,0.0,0.0,0.0,0.0,0.932,0.0
1784631751.192643,0,0,8650,0,0.0,0.0,0.0,0.0,0.931,0.0
1784631751.192817,0,0,8660,0,0.0,0.0,0.0,0.0,0.929,0.0
1784631751.30513,0,0,8670,0,0.0,0.0,0.0,0.0,0.928,0.0
1784631751.3054752,0,0,8680,0,0.0,0.0,0.0,0.0,0.927,0.0
1784631751.3057544,0,0,8690,0,0.0,0.0,0.0,0.0,0.926,0.0
1784631751.3060064,0,0,8700,0,0.0,0.0,0.0,0.0,0.925,0.0
1784631751.306278,0,0,8710,0,0.0,0.0,0.0,0.0,0.924,0.0
1784631751.306429,0,0,8720,0,0.0,0.0,0.0,0.0,0.923,0.0
1784631751.306644,0,0,8730,0,0.0,0.0,0.0,0.0,0.922,0.0
1784631751.3068774,0,0,8740,0,0.0,0.0,0.0,0.0,0.921,0.0
1784631751.307063,0,0,8750,0,0.0,0.0,0.0,0.0,0.92,0.0
1784631751.4273064,0,0,8760,0,0.0,0.0,0.0,0.0,0.919,0.0
1784631751.4276826,0,0,8770,0,0.0,0.0,0.0,0.0,0.918,0.0
1784631751.4278612,0,0,8780,0,0.0,0.0,0.0,0.0,0.917,0.0
1784631751.4280248,0,0,8790,0,0.0,0.0,0.0,0.0,0.916,0.0
1784631751.4281864,0,0,8800,0,0.0,0.0,0.0,0.0,0.915,0.0
1784631751.4283454,0,0,8810,0,0.0,0.0,0.0,0.0,0.914,0.0
1784631751.4285371,0,0,8820,0,0.0,0.0,0.0,0.0,0.913,0.0
1784631751.4287465,0,0,8830,0,0.0,0.0,0.0,0.0,0.912,0.0
1784631751.5467398,0,0,8840,0,0.0,0.0,0.0,0.0,0.911,0.0
1784631751.5472143,0,0,8850,0,0.0,0.0,0.0,0.0,0.909,0.0
1784631751.547444,0,0,8860,0,0.0,0.0,0.0,0.0,0.908,0.0
1784631751.5476203,0,0,8870,0,0.0,0.0,0.0,0.0,0.907,0.0
1784631751.5478065,0,0,8880,0,0.0,0.0,0.0,0.0,0.906,0.0
1784631751.5481024,0,0,8890,0,0.0,0.0,0.0,0.0,0.905,0.0
1784631751.6555505,0,0,8900,0,0.0,0.0,0.0,0.0,0.904,0.0
1784631751.8707638,0,0,8910,0,0.0,0.0,0.0,0.0,0.903,0.0
1784631751.871057,0,0,8920,0,0.0,0.0,0.0,0.0,0.902,0.0
1784631751.8713639,0,0,8930,0,0.0,0.0,0.0,0.0,0.901,0.0
1784631751.8715365,0,0,8940,0,0.0,0.0,0.0,0.0,0.9,0.0
1784631751.8718235,0,0,8950,0,0.0,0.0,0.0,0.0,0.899,0.0
1784631751.985326,0,0,8960,0,0.0,0.0,0.0,0.0,0.898,0.0
1784631751.9858296,0,0,8970,0,0.0,0.0,0.0,0.0,0.897,0.0
1784631751.9860516,0,0,8980,0,0.0,0.0,0.0,0.0,0.896,0.0
1784631751.986227,0,0,8990,0,0.0,0.0,0.0,0.0,0.895,0.0
1784631751.986381,0,0,9000,0,0.0,0.0,0.0,0.0,0.894,0.0
1784631751.9869237,0,0,9010,0,0.0,0.0,0.0,0.0,0.893,0.0
1784631751.9870973,0,0,9020,0,0.0,0.0,0.0,0.0,0.892,0.0
1784631751.9872532,0,0,9030,0,0.0,0.0,0.0,0.0,0.891,0.0
1784631751.9874032,0,0,9040,0,0.0,0.0,0.0,0.0,0.89,0.0
1784631751.9876678,0,0,9050,0,0.0,0.0,0.0,0.0,0.889,0.0
1784631751.9879436,0,0,9060,0,0.0,0.0,0.0,0.0,0.888,0.0
1784631751.9881053,0,0,9070,0,0.0,0.0,0.0,0.0,0.887,0.0
1784631751.9882584,0,0,9080,0,0.0,0.0,0.0,0.0,0.886,0.0
1784631752.1009455,0,0,9090,0,0.0,0.0,0.0,0.0,0.886,0.0
1784631752.1013036,0,0,9100,0,0.0,0.0,0.0,0.0,0.885,0.0
1784631752.1015544,0,0,9110,0,0.0,0.0,0.0,0.0,0.884,0.0
1784631752.101782,0,0,9120,0,0.0,0.0,0.0,0.0,0.883,0.0
1784631752.1019483,0,0,9130,0,0.0,0.0,0.0,0.0,0.882,0.0
1784631752.1021132,0,0,9140,0,0.0,0.0,0.0,0.0,0.881,0.0
1784631752.1023974,0,0,9150,0,0.0,0.0,0.0,0.0,0.88,0.0
1784631752.1025736,0,0,9160,0,0.0,0.0,0.0,0.0,0.879,0.0
1784631752.1028383,0,0,9170,0,0.0,0.0,0.0,0.0,0.878,0.0
1784631752.1030042,0,0,9180,0,0.0,0.0,0.0,0.0,0.877,0.0
1784631752.1032,0,0,9190,0,0.0,0.0,0.0,0.0,0.876,0.0
1784631752.1034033,0,0,9200,0,0.0,0.0,0.0,0.0,0.875,0.0
1784631752.1036773,0,0,9210,0,0.0,0.0,0.0,0.0,0.874,0.0
1784631752.215261,0,0,9220,0,0.0,0.0,0.0,0.0,0.873,0.0
1784631752.2156641,0,0,9230,0,0.0,0.0,0.0,0.0,0.872,0.0
1784631752.2159877,0,0,9240,0,0.0,0.0,0.0,0.0,0.871,0.0
1784631752.2162418,0,0,9250,0,0.0,0.0,0.0,0.0,0.87,0.0
1784631752.2164063,0,0,9260,0,0.0,0.0,0.0,0.0,0.869,0.0
1784631752.2167952,0,0,9270,0,0.0,0.0,0.0,0.0,0.868,0.0
1784631752.2170925,0,0,9280,0,0.0,0.0,0.0,0.0,0.867,0.0
1784631752.2172647,0,0,9290,0,0.0,0.0,0.0,0.0,0.866,0.0
1784631752.2175496,0,0,9300,0,0.0,0.0,0.0,0.0,0.866,0.0
1784631752.2178187,0,0,9310,0,0.0,0.0,0.0,0.0,0.865,0.0
1784631752.3223677,0,0,9320,0,0.0,0.0,0.0,0.0,0.864,0.0
1784631752.3228307,0,0,9330,0,0.0,0.0,0.0,0.0,0.863,0.0
1784631752.3231053,0,0,9340,0,0.0,0.0,0.0,0.0,0.862,0.0
1784631752.323342,0,0,9350,0,0.0,0.0,0.0,0.0,0.861,0.0
1784631752.3237243,0,0,9360,0,0.0,0.0,0.0,0.0,0.86,0.0
1784631752.3241317,0,0,9370,0,0.0,0.0,0.0,0.0,0.859,0.0
1784631752.3244557,0,0,9380,0,0.0,0.0,0.0,0.0,0.858,0.0
1784631752.330557,0,0,9390,0,0.0,0.0,0.0,0.0,0.857,0.0
1784631752.4390886,0,0,9400,0,0.0,0.0,0.0,0.0,0.856,0.0
1784631752.439326,0,0,9410,0,0.0,0.0,0.0,0.0,0.855,0.0
1784631752.439538,0,0,9420,0,0.0,0.0,0.0,0.0,0.855,0.0
1784631752.4397867,0,0,9430,0,0.0,0.0,0.0,0.0,0.854,0.0
1784631752.439953,0,0,9440,0,0.0,0.0,0.0,0.0,0.853,0.0
1784631752.4401355,0,0,9450,0,0.0,0.0,0.0,0.0,0.852,0.0
1784631752.4403002,0,0,9460,0,0.0,0.0,0.0,0.0,0.851,0.0
1784631752.4405327,0,0,9470,0,0.0,0.0,0.0,0.0,0.85,0.0
1784631752.4410949,0,0,9480,0,0.0,0.0,0.0,0.0,0.849,0.0
1784631752.4416301,0,0,9490,0,0.0,0.0,0.0,0.0,0.848,0.0
1784631752.5605693,0,0,9500,0,0.0,0.0,0.0,0.0,0.847,0.0
1784631752.5609245,0,0,9510,0,0.0,0.0,0.0,0.0,0.846,0.0
1784631752.5611894,0,0,9520,0,0.0,0.0,0.0,0.0,0.846,0.0
1784631752.5613546,0,0,9530,0,0.0,0.0,0.0,0.0,0.845,0.0
1784631752.5616894,0,0,9540,0,0.0,0.0,0.0,0.0,0.845,0.0
1784631752.5619707,0,0,9550,0,0.0,0.0,0.0,0.0,0.846,0.0
1784631752.5621362,0,0,9560,0,0.0,0.0,0.0,0.0,0.847,0.0
1784631752.5622952,0,0,9570,0,0.0,0.0,0.0,0.0,0.848,0.0
1784631752.5626342,0,0,9580,0,0.0,0.0,0.0,0.0,0.849,0.0
1784631752.562891,0,0,9590,0,0.0,0.0,0.0,0.0,0.85,0.0
1784631752.563121,0,0,9600,0,0.0,0.0,0.0,0.0,0.851,0.0
1784631752.5632818,0,0,9610,0,0.0,0.0,0.0,0.0,0.852,0.0
1784631752.5635588,0,0,9620,0,0.0,0.0,0.0,0.0,0.853,0.0
1784631752.5638344,0,0,9630,0,0.0,0.0,0.0,0.0,0.854,0.0
1784631752.564377,0,0,9640,0,0.0,0.0,0.0,0.0,0.854,0.0
1784631752.5648556,0,0,9650,0,0.0,0.0,0.0,0.0,0.855,0.0
1784631752.5651486,0,0,9660,0,0.0,0.0,0.0,0.0,0.856,0.0
1784631752.565521,0,0,9670,0,0.0,0.0,0.0,0.0,0.857,0.0
1784631752.5658321,0,0,9680,0,0.0,0.0,0.0,0.0,0.857,0.0
1784631752.566099,0,0,9690,0,0.0,0.0,0.0,0.0,0.858,0.0
1784631752.5663216,0,0,9700,0,0.0,0.0,0.0,0.0,0.859,0.0
1784631752.5666296,0,0,9710,0,0.0,0.0,0.0,0.0,0.86,0.0
1784631752.56688,0,0,9720,0,0.0,0.0,0.0,0.0,0.861,0.0
1784631752.5670376,0,0,9730,0,0.0,0.0,0.0,0.0,0.861,0.0
1784631752.5671952,0,0,9740,0,0.0,0.0,0.0,0.0,0.862,0.0
1784631752.6759136,0,0,9750,0,0.0,0.0,0.0,0.0,0.863,0.0
1784631752.6763031,0,0,9760,0,0.0,0.0,0.0,0.0,0.864,0.0
1784631752.6764767,0,0,9770,0,0.0,0.0,0.0,0.0,0.864,0.0
1784631752.6766765,0,0,9780,0,0.0,0.0,0.0,0.0,0.865,0.0
1784631752.6769655,0,0,9790,0,0.0,0.0,0.0,0.0,0.866,0.0
1784631752.677192,0,0,9800,0,0.0,0.0,0.0,0.0,0.867,0.0
1784631752.677379,0,0,9810,0,0.0,0.0,0.0,0.0,0.867,0.0
1784631752.6775577,0,0,9820,0,0.0,0.0,0.0,0.0,0.868,0.0
1784631752.6777985,0,0,9830,0,0.0,0.0,0.0,0.0,0.869,0.0
1784631752.6780908,0,0,9840,0,0.0,0.0,0.0,0.0,0.87,0.0
1784631752.6783276,0,0,9850,0,0.0,0.0,0.0,0.0,0.871,0.0
1784631752.6785,0,0,9860,0,0.0,0.0,0.0,0.0,0.871,0.0
1784631752.6787646,0,0,9870,0,0.0,0.0,0.0,0.0,0.872,0.0
1784631752.678995,0,0,9880,0,0.0,0.0,0.0,0.0,0.873,0.0
1784631752.6791978,0,0,9890,0,0.0,0.0,0.0,0.0,0.874,0.0
1784631752.6793606,0,0,9900,0,0.0,0.0,0.0,0.0,0.874,0.0
1784631752.6795266,0,0,9910,0,0.0,0.0,0.0,0.0,0.875,0.0
1784631752.6797361,0,0,9920,0,0.0,0.0,0.0,0.0,0.876,0.0
1784631752.6799312,0,0,9930,0,0.0,0.0,0.0,0.0,0.877,0.0
1784631752.6800978,0,0,9940,0,0.0,0.0,0.0,0.0,0.877,0.0
1784631752.680265,0,0,9950,0,0.0,0.0,0.0,0.0,0.878,0.0
1784631752.6804316,0,0,9960,0,0.0,0.0,0.0,0.0,0.879,0.0
1784631752.7848964,0,0,9970,0,0.0,0.0,0.0,0.0,0.88,0.0
1784631752.7851672,0,0,9980,0,0.0,0.0,0.0,0.0,0.88,0.0
1784631752.7853525,0,0,9990,0,0.0,0.0,0.0,0.0,0.881,0.0
1784631752.7855933,0,0,10000,0,0.0,0.0,0.0,0.0,0.882,0.0
1784631752.7858233,0,0,10010,0,0.0,0.0,0.0,0.0,0.883,0.0
1784631752.7859993,0,0,10020,0,0.0,0.0,0.0,0.0,0.883,0.0
1784631752.7861872,0,0,10030,0,0.0,0.0,0.0,0.0,0.884,0.0
1784631752.7863564,0,0,10040,0,0.0,0.0,0.0,0.0,0.885,0.0
1784631752.7866094,0,0,10050,0,0.0,0.0,0.0,0.0,0.885,0.0
1784631752.786825,0,0,10060,0,0.0,0.0,0.0,0.0,0.886,0.0
1784631752.7869918,0,0,10070,0,0.0,0.0,0.0,0.0,0.887,0.0
1784631752.7871766,0,0,10080,0,0.0,0.0,0.0,0.0,0.888,0.0
1784631752.787346,0,0,10090,0,0.0,0.0,0.0,0.0,0.888,0.0
1784631752.7875426,0,0,10100,0,0.0,0.0,0.0,0.0,0.889,0.0
1784631752.787765,0,0,10110,0,0.0,0.0,0.0,0.0,0.89,0.0
1784631752.7879474,0,0,10120,0,0.0,0.0,0.0,0.0,0.89,0.0
1784631752.7881584,0,0,10130,0,0.0,0.0,0.0,0.0,0.891,0.0
1784631752.7883239,0,0,10140,0,0.0,0.0,0.0,0.0,0.892,0.0
1784631752.7884874,0,0,10150,0,0.0,0.0,0.0,0.0,0.892,0.0
1784631752.894125,0,0,10160,0,0.0,0.0,0.0,0.0,0.893,0.0
1784631752.8944538,0,0,10170,0,0.0,0.0,0.0,0.0,0.894,0.0
1784631752.8946764,0,0,10180,0,0.0,0.0,0.0,0.0,0.894,0.0
1784631752.8949454,0,0,10190,0,0.0,0.0,0.0,0.0,0.895,0.0
1784631752.8951128,0,0,10200,0,0.0,0.0,0.0,0.0,0.896,0.0
1784631752.8952932,0,0,10210,0,0.0,0.0,0.0,0.0,0.896,0.0
1784631752.895545,0,0,10220,0,0.0,0.0,0.0,0.0,0.897,0.0
1784631752.8957183,0,0,10230,0,0.0,0.0,0.0,0.0,0.898,0.0
1784631752.8959193,0,0,10240,0,0.0,0.0,0.0,0.0,0.898,0.0
1784631752.8961003,0,0,10250,0,0.0,0.0,0.0,0.0,0.899,0.0
1784631752.896262,0,0,10260,0,0.0,0.0,0.0,0.0,0.899,0.0
1784631752.8964887,0,0,10270,0,0.0,0.0,0.0,0.0,0.9,0.0
1784631752.896699,0,0,10280,0,0.0,0.0,0.0,0.0,0.901,0.0
1784631752.8968782,0,0,10290,0,0.0,0.0,0.0,0.0,0.901,0.0
1784631752.8970425,0,0,10300,0,0.0,0.0,0.0,0.0,0.902,0.0
1784631752.8972218,0,0,10310,0,0.0,0.0,0.0,0.0,0.903,0.0
1784631752.8974426,0,0,10320,0,0.0,0.0,0.0,0.0,0.903,0.0
1784631752.897615,0,0,10330,0,0.0,0.0,0.0,0.0,0.904,0.0
1784631753.0045724,0,0,10340,0,0.0,0.0,0.0,0.0,0.904,0.0
1784631753.0049212,0,0,10350,0,0.0,0.0,0.0,0.0,0.905,0.0
1784631753.0051482,0,0,10360,0,0.0,0.0,0.0,0.0,0.906,0.0
1784631753.0053232,0,0,10370,0,0.0,0.0,0.0,0.0,0.906,0.0
1784631753.0054924,0,0,10380,0,0.0,0.0,0.0,0.0,0.907,0.0
1784631753.0056849,0,0,10390,0,0.0,0.0,0.0,0.0,0.907,0.0
1784631753.0059588,0,0,10400,0,0.0,0.0,0.0,0.0,0.908,0.0
1784631753.006181,0,0,10410,0,0.0,0.0,0.0,0.0,0.909,0.0
1784631753.0063505,0,0,10420,0,0.0,0.0,0.0,0.0,0.909,0.0
1784631753.0065227,0,0,10430,0,0.0,0.0,0.0,0.0,0.91,0.0
1784631753.0067444,0,0,10440,0,0.0,0.0,0.0,0.0,0.91,0.0
1784631753.0070071,0,0,10450,0,0.0,0.0,0.0,0.0,0.911,0.0
1784631753.0071802,0,0,10460,0,0.0,0.0,0.0,0.0,0.912,0.0
1784631753.0073524,0,0,10470,0,0.0,0.0,0.0,0.0,0.912,0.0
1784631753.007522,0,0,10480,0,0.0,0.0,0.0,0.0,0.913,0.0
1784631753.008083,0,0,10490,0,0.0,0.0,0.0,0.0,0.914,0.0
1784631753.0083363,0,0,10500,0,0.0,0.0,0.0,0.0,0.914,0.0
1784631753.121168,0,0,10510,0,0.0,0.0,0.0,0.0,0.915,0.0
1784631753.1214888,0,0,10520,0,0.0,0.0,0.0,0.0,0.915,0.0
1784631753.1217868,0,0,10530,0,0.0,0.0,0.0,0.0,0.916,0.0
1784631753.1219664,0,0,10540,0,0.0,0.0,0.0,0.0,0.917,0.0
1784631753.1221855,0,0,10550,0,0.0,0.0,0.0,0.0,0.917,0.0
1784631753.1223588,0,0,10560,0,0.0,0.0,0.0,0.0,0.918,0.0
1784631753.122522,0,0,10570,0,0.0,0.0,0.0,0.0,0.919,0.0
1784631753.1227515,0,0,10580,0,0.0,0.0,0.0,0.0,0.919,0.0
1784631753.1229706,0,0,10590,0,0.0,0.0,0.0,0.0,0.92,0.0
1784631753.12317,0,0,10600,0,0.0,0.0,0.0,0.0,0.921,0.0
1784631753.1233308,0,0,10610,0,0.0,0.0,0.0,0.0,0.921,0.0
1784631753.12349,0,0,10620,0,0.0,0.0,0.0,0.0,0.922,0.0
1784631753.1237466,0,0,10630,0,0.0,0.0,0.0,0.0,0.923,0.0
1784631753.1239192,0,0,10640,0,0.0,0.0,0.0,0.0,0.923,0.0
1784631753.124084,0,0,10650,0,0.0,0.0,0.0,0.0,0.924,0.0
1784631753.12425,0,0,10660,0,0.0,0.0,0.0,0.0,0.925,0.0
1784631753.1244135,0,0,10670,0,0.0,0.0,0.0,0.0,0.925,0.0
1784631753.1246216,0,0,10680,0,0.0,0.0,0.0,0.0,0.926,0.0
1784631753.124846,0,0,10690,0,0.0,0.0,0.0,0.0,0.927,0.0
1784631753.2326765,0,0,10700,0,0.0,0.0,0.0,0.0,0.927,0.0
1784631753.2331588,0,0,10710,0,0.0,0.0,0.0,0.0,0.928,0.0
1784631753.2333455,0,0,10720,0,0.0,0.0,0.0,0.0,0.929,0.0
1784631753.2335117,0,0,10730,0,0.0,0.0,0.0,0.0,0.929,0.0
1784631753.233868,0,0,10740,0,0.0,0.0,0.0,0.0,0.93,0.0
1784631753.2341099,0,0,10750,0,0.0,0.0,0.0,0.0,0.931,0.0
1784631753.2342813,0,0,10760,0,0.0,0.0,0.0,0.0,0.931,0.0
1784631753.2344422,0,0,10770,0,0.0,0.0,0.0,0.0,0.932,0.0
1784631753.2347262,0,0,10780,0,0.0,0.0,0.0,0.0,0.933,0.0
1784631753.2348962,0,0,10790,0,0.0,0.0,0.0,0.0,0.933,0.0
1784631753.2350595,0,0,10800,0,0.0,0.0,0.0,0.0,0.934,0.0
1784631753.2352192,0,0,10810,0,0.0,0.0,0.0,0.0,0.935,0.0
1784631753.2353835,0,0,10820,0,0.0,0.0,0.0,0.0,0.936,0.0
1784631753.2356255,0,0,10830,0,0.0,0.0,0.0,0.0,0.936,0.0
1784631753.2357986,0,0,10840,0,0.0,0.0,0.0,0.0,0.937,0.0
1784631753.2359638,0,0,10850,0,0.0,0.0,0.0,0.0,0.938,0.0
1784631753.2361271,0,0,10860,0,0.0,0.0,0.0,0.0,0.938,0.0
1784631753.23629,0,0,10870,0,0.0,0.0,0.0,0.0,0.939,0.0
1784631753.3391585,0,0,10880,0,0.0,0.0,0.0,0.0,0.94,0.0
1784631753.3399124,0,0,10890,0,0.0,0.0,0.0,0.0,0.94,0.0
1784631753.3402379,0,0,10900,0,0.0,0.0,0.0,0.0,0.941,0.0
1784631753.340499,0,0,10910,0,0.0,0.0,0.0,0.0,0.942,0.0
1784631753.3408384,0,0,10920,0,0.0,0.0,0.0,0.0,0.943,0.0
1784631753.3410106,0,0,10930,0,0.0,0.0,0.0,0.0,0.943,0.0
1784631753.3411744,0,0,10940,0,0.0,0.0,0.0,0.0,0.944,0.0
1784631753.341389,0,0,10950,0,0.0,0.0,0.0,0.0,0.945,0.0
1784631753.3419032,0,0,10960,0,0.0,0.0,0.0,0.0,0.945,0.0
1784631753.3421278,0,0,10970,0,0.0,0.0,0.0,0.0,0.946,0.0
1784631753.3424072,0,0,10980,0,0.0,0.0,0.0,0.0,0.947,0.0
1784631753.342718,0,0,10990,0,0.0,0.0,0.0,0.0,0.948,0.0
1784631753.3429863,0,0,11000,0,0.0,0.0,0.0,0.0,0.948,0.0
1784631753.3431485,0,0,11010,0,0.0,0.0,0.0,0.0,0.949,0.0
1784631753.34339,0,0,11020,0,0.0,0.0,0.0,0.0,0.95,0.0
1784631753.3437142,0,0,11030,0,0.0,0.0,0.0,0.0,0.951,0.0
1784631753.3439393,0,0,11040,0,0.0,0.0,0.0,0.0,0.951,0.0
1784631753.3441052,0,0,11050,0,0.0,0.0,0.0,0.0,0.952,0.0
1784631753.451391,0,0,11060,0,0.0,0.0,0.0,0.0,0.953,0.0
1784631753.4517207,0,0,11070,0,0.0,0.0,0.0,0.0,0.954,0.0
1784631753.4520538,0,0,11080,0,0.0,0.0,0.0,0.0,0.954,0.0
1784631753.4522762,0,0,11090,0,0.0,0.0,0.0,0.0,0.955,0.0
1784631753.4524472,0,0,11100,0,0.0,0.0,0.0,0.0,0.956,0.0
1784631753.452635,0,0,11110,0,0.0,0.0,0.0,0.0,0.957,0.0
1784631753.4529142,0,0,11120,0,0.0,0.0,0.0,0.0,0.957,0.0
1784631753.4531097,0,0,11130,0,0.0,0.0,0.0,0.0,0.958,0.0
1784631753.4533324,0,0,11140,0,0.0,0.0,0.0,0.0,0.959,0.0
1784631753.4534976,0,0,11150,0,0.0,0.0,0.0,0.0,0.96,0.0
1784631753.4536915,0,0,11160,0,0.0,0.0,0.0,0.0,0.96,0.0
1784631753.453931,0,0,11170,0,0.0,0.0,0.0,0.0,0.961,0.0
1784631753.4540958,0,0,11180,0,0.0,0.0,0.0,0.0,0.962,0.0
1784631753.4543295,0,0,11190,0,0.0,0.0,0.0,0.0,0.963,0.0
1784631753.4544938,0,0,11200,0,0.0,0.0,0.0,0.0,0.963,0.0
1784631753.4547036,0,0,11210,0,0.0,0.0,0.0,0.0,0.964,0.0
1784631753.4549634,0,0,11220,0,0.0,0.0,0.0,0.0,0.965,0.0
1784631753.4551349,0,0,11230,0,0.0,0.0,0.0,0.0,0.966,0.0
1784631753.4553046,0,0,11240,0,0.0,0.0,0.0,0.0,0.967,0.0
1784631753.5614061,0,0,11250,0,0.0,0.0,0.0,0.0,0.967,0.0
1784631753.5617547,0,0,11260,0,0.0,0.0,0.0,0.0,0.968,0.0
1784631753.5619478,0,0,11270,0,0.0,0.0,0.0,0.0,0.969,0.0
1784631753.5621247,0,0,11280,0,0.0,0.0,0.0,0.0,0.97,0.0
1784631753.5622952,0,0,11290,0,0.0,0.0,0.0,0.0,0.97,0.0
1784631753.5624647,0,0,11300,0,0.0,0.0,0.0,0.0,0.971,0.0
1784631753.562744,0,0,11310,0,0.0,0.0,0.0,0.0,0.972,0.0
1784631753.562929,0,0,11320,0,0.0,0.0,0.0,0.0,0.973,0.0
1784631753.5631788,0,0,11330,0,0.0,0.0,0.0,0.0,0.974,0.0
1784631753.5633533,0,0,11340,0,0.0,0.0,0.0,0.0,0.975,0.0
1784631753.5636187,0,0,11350,0,0.0,0.0,0.0,0.0,0.975,0.0
1784631753.56386,0,0,11360,0,0.0,0.0,0.0,0.0,0.976,0.0
1784631753.5640762,0,0,11370,0,0.0,0.0,0.0,0.0,0.977,0.0
1784631753.5642517,0,0,11380,0,0.0,0.0,0.0,0.0,0.978,0.0
1784631753.5644257,0,0,11390,0,0.0,0.0,0.0,0.0,0.979,0.0
1784631753.5647218,0,0,11400,0,0.0,0.0,0.0,0.0,0.979,0.0
1784631753.5649085,0,0,11410,0,0.0,0.0,0.0,0.0,0.98,0.0
1784631753.6793487,0,0,11420,0,0.0,0.0,0.0,0.0,0.981,0.0
1784631753.67977,0,0,11430,0,0.0,0.0,0.0,0.0,0.982,0.0
1784631753.6800127,0,0,11440,0,0.0,0.0,0.0,0.0,0.983,0.0
1784631753.680231,0,0,11450,0,0.0,0.0,0.0,0.0,0.984,0.0
1784631753.6804502,0,0,11460,0,0.0,0.0,0.0,0.0,0.984,0.0
1784631753.6807053,0,0,11470,0,0.0,0.0,0.0,0.0,0.985,0.0
1784631753.6809766,0,0,11480,0,0.0,0.0,0.0,0.0,0.986,0.0
1784631753.681178,0,0,11490,0,0.0,0.0,0.0,0.0,0.987,0.0
1784631753.6814077,0,0,11500,0,0.0,0.0,0.0,0.0,0.988,0.0
1784631753.6816392,0,0,11510,0,0.0,0.0,0.0,0.0,0.989,0.0
1784631753.681874,0,0,11520,0,0.0,0.0,0.0,0.0,0.99,0.0
1784631753.6821368,0,0,11530,0,0.0,0.0,0.0,0.0,0.99,0.0
1784631753.682379,0,0,11540,0,0.0,0.0,0.0,0.0,0.991,0.0
1784631753.6825743,0,0,11550,0,0.0,0.0,0.0,0.0,0.992,0.0
1784631753.6827538,0,0,11560,0,0.0,0.0,0.0,0.0,0.993,0.0
1784631753.683036,0,0,11570,0,0.0,0.0,0.0,0.0,0.994,0.0
1784631753.683324,0,0,11580,0,0.0,0.0,0.0,0.0,0.995,0.0
1784631753.6836622,0,0,11590,0,0.0,0.0,0.0,0.0,0.996,0.0
1784631753.683934,0,0,11600,0,0.0,0.0,0.0,0.0,0.997,0.0
1784631753.6841183,0,0,11610,0,0.0,0.0,0.0,0.0,0.997,0.0
1784631753.6843288,0,0,11620,0,0.0,0.0,0.0,0.0,0.998,0.0
1784631753.684505,0,0,11630,0,0.0,0.0,0.0,0.0,0.999,0.0
1784631753.8000255,0,0,11640,0,0.0,0.0,0.0,0.0,1.0,0.0
1784631753.800312,0,0,11650,0,0.0,0.0,0.0,0.0,1.001,0.0
1784631753.800509,0,0,11660,0,0.0,0.0,0.0,0.0,1.002,0.0
1784631753.80081,0,0,11670,0,0.0,0.0,0.0,0.0,1.003,0.0
1784631753.800993,0,0,11680,0,0.0,0.0,0.0,0.0,1.004,0.0
1784631753.8012426,0,0,11690,0,0.0,0.0,0.0,0.0,1.005,0.0
1784631753.8014164,0,0,11700,0,0.0,0.0,0.0,0.0,1.006,0.0
1784631753.801638,0,0,11710,0,0.0,0.0,0.0,0.0,1.006,0.0
1784631753.8019042,0,0,11720,0,0.0,0.0,0.0,0.0,1.007,0.0
1784631753.8021226,0,0,11730,0,0.0,0.0,0.0,0.0,1.008,0.0
1784631753.802299,0,0,11740,0,0.0,0.0,0.0,0.0,1.009,0.0
1784631753.802477,0,0,11750,0,0.0,0.0,0.0,0.0,1.01,0.0
1784631753.8027918,0,0,11760,0,0.0,0.0,0.0,0.0,1.011,0.0
1784631753.8029716,0,0,11770,0,0.0,0.0,0.0,0.0,1.012,0.0
1784631753.803148,0,0,11780,0,0.0,0.0,0.0,0.0,1.013,0.0
1784631753.8033235,0,0,11790,0,0.0,0.0,0.0,0.0,1.014,0.0
1784631753.8034987,0,0,11800,0,0.0,0.0,0.0,0.0,1.015,0.0
1784631753.803781,0,0,11810,0,0.0,0.0,0.0,0.0,1.016,0.0
1784631753.8039613,0,0,11820,0,0.0,0.0,0.0,0.0,1.017,0.0
1784631753.8041377,0,0,11830,0,0.0,0.0,0.0,0.0,1.018,0.0
1784631753.910434,0,0,11840,0,0.0,0.0,0.0,0.0,1.018,0.0
1784631753.910946,0,0,11850,0,0.0,0.0,0.0,0.0,1.019,0.0
1784631753.9112568,0,0,11860,0,0.0,0.0,0.0,0.0,1.02,0.0
1784631753.9114478,0,0,11870,0,0.0,0.0,0.0,0.0,1.021,0.0
1784631753.9117918,0,0,11880,0,0.0,0.0,0.0,0.0,1.022,0.0
1784631753.9121072,0,0,11890,0,0.0,0.0,0.0,0.0,1.023,0.0
1784631753.9123878,0,0,11900,0,0.0,0.0,0.0,0.0,1.024,0.0
1784631753.91268,0,0,11910,0,0.0,0.0,0.0,0.0,1.025,0.0
1784631753.9129477,0,0,11920,0,0.0,0.0,0.0,0.0,1.026,0.0
1784631753.9131653,0,0,11930,0,0.0,0.0,0.0,0.0,1.027,0.0
1784631753.913347,0,0,11940,0,0.0,0.0,0.0,0.0,1.028,0.0
1784631753.9135265,0,0,11950,0,0.0,0.0,0.0,0.0,1.029,0.0
1784631753.913804,0,0,11960,0,0.0,0.0,0.0,0.0,1.03,0.0
1784631753.9140577,0,0,11970,0,0.0,0.0,0.0,0.0,1.031,0.0
1784631753.9143813,0,0,11980,0,0.0,0.0,0.0,0.0,1.032,0.0
1784631753.9148207,0,0,11990,0,0.0,0.0,0.0,0.0,1.033,0.0
1784631753.9151628,0,0,12000,0,0.0,0.0,0.0,0.0,1.034,0.0
1784631753.915461,0,0,12010,0,0.0,0.0,0.0,0.0,1.035,0.0
1784631753.915831,0,0,12020,0,0.0,0.0,0.0,0.0,1.036,0.0
1784631753.916117,0,0,12030,0,0.0,0.0,0.0,0.0,1.037,0.0
1784631753.9163907,0,0,12040,0,0.0,0.0,0.0,0.0,1.037,0.0
1784631753.9167109,0,0,12050,0,0.0,0.0,0.0,0.0,1.038,0.0
1784631754.021796,0,0,12060,0,0.0,0.0,0.0,0.0,1.039,0.0
1784631754.0222945,0,0,12070,0,0.0,0.0,0.0,0.0,1.04,0.0
1784631754.0226402,0,0,12080,0,0.0,0.0,0.0,0.0,1.041,0.0
1784631754.022911,0,0,12090,0,0.0,0.0,0.0,0.0,1.042,0.0
1784631754.023187,0,0,12100,0,0.0,0.0,0.0,0.0,1.043,0.0
1784631754.0234327,0,0,12110,0,0.0,0.0,0.0,0.0,1.044,0.0
1784631754.0237758,0,0,12120,0,0.0,0.0,0.0,0.0,1.045,0.0
1784631754.0240624,0,0,12130,0,0.0,0.0,0.0,0.0,1.046,0.0
1784631754.0242596,0,0,12140,0,0.0,0.0,0.0,0.0,1.047,0.0
1784631754.0244899,0,0,12150,0,0.0,0.0,0.0,0.0,1.048,0.0
1784631754.0248594,0,0,12160,0,0.0,0.0,0.0,0.0,1.049,0.0
1784631754.0250535,0,0,12170,0,0.0,0.0,0.0,0.0,1.05,0.0
1784631754.025232,0,0,12180,0,0.0,0.0,0.0,0.0,1.051,0.0
1784631754.02541,0,0,12190,0,0.0,0.0,0.0,0.0,1.052,0.0
1784631754.0256815,0,0,12200,0,0.0,0.0,0.0,0.0,1.053,0.0
1784631754.025965,0,0,12210,0,0.0,0.0,0.0,0.0,1.054,0.0
1784631754.0262027,0,0,12220,0,0.0,0.0,0.0,0.0,1.055,0.0
1784631754.026379,0,0,12230,0,0.0,0.0,0.0,0.0,1.056,0.0
1784631754.0266652,0,0,12240,0,0.0,0.0,0.0,0.0,1.057,0.0
1784631754.1313763,0,0,12250,0,0.0,0.0,0.0,0.0,1.058,0.0
1784631754.1318588,0,0,12260,0,0.0,0.0,0.0,0.0,1.059,0.0
1784631754.1320996,0,0,12270,0,0.0,0.0,0.0,0.0,1.06,0.0
1784631754.132295,0,0,12280,0,0.0,0.0,0.0,0.0,1.061,0.0
1784631754.132607,0,0,12290,0,0.0,0.0,0.0,0.0,1.062,0.0
1784631754.1329498,0,0,12300,0,0.0,0.0,0.0,0.0,1.063,0.0
1784631754.1331456,0,0,12310,0,0.0,0.0,0.0,0.0,1.064,0.0
1784631754.133329,0,0,12320,0,0.0,0.0,0.0,0.0,1.065,0.0
1784631754.133612,0,0,12330,0,0.0,0.0,0.0,0.0,1.066,0.0
1784631754.13397,0,0,12340,0,0.0,0.0,0.0,0.0,1.067,0.0
1784631754.13416,0,0,12350,0,0.0,0.0,0.0,0.0,1.068,0.0
1784631754.1343405,0,0,12360,0,0.0,0.0,0.0,0.0,1.069,0.0
1784631754.1345837,0,0,12370,0,0.0,0.0,0.0,0.0,1.07,0.0
1784631754.1364818,0,0,12380,0,0.0,0.0,0.0,0.0,1.071,0.0
1784631754.137112,0,0,12390,0,0.0,0.0,0.0,0.0,1.072,0.0
1784631754.2427006,0,0,12400,0,0.0,0.0,0.0,0.0,1.074,0.0
1784631754.2463198,0,0,12410,0,0.0,0.0,0.0,0.0,1.075,0.0
1784631754.2467492,0,0,12420,0,0.0,0.0,0.0,0.0,1.076,0.0
1784631754.2470477,0,0,12430,0,0.0,0.0,0.0,0.0,1.077,0.0
1784631754.2472587,0,0,12440,0,0.0,0.0,0.0,0.0,1.078,0.0
1784631754.2475848,0,0,12450,0,0.0,0.0,0.0,0.0,1.079,0.0
1784631754.247949,0,0,12460,0,0.0,0.0,0.0,0.0,1.08,0.0
1784631754.2481725,0,0,12470,0,0.0,0.0,0.0,0.0,1.081,0.0
1784631754.2484038,0,0,12480,0,0.0,0.0,0.0,0.0,1.082,0.0
1784631754.2487915,0,0,12490,0,0.0,0.0,0.0,0.0,1.083,0.0
1784631754.2490923,0,0,12500,0,0.0,0.0,0.0,0.0,1.084,0.0
1784631754.2492898,0,0,12510,0,0.0,0.0,0.0,0.0,1.085,0.0
1784631754.2495673,0,0,12520,0,0.0,0.0,0.0,0.0,1.086,0.0
1784631754.2498796,0,0,12530,0,0.0,0.0,0.0,0.0,1.087,0.0
1784631754.2501097,0,0,12540,0,0.0,0.0,0.0,0.0,1.088,0.0
1784631754.250303,0,0,12550,0,0.0,0.0,0.0,0.0,1.089,0.0
1784631754.2505744,0,0,12560,0,0.0,0.0,0.0,0.0,1.09,0.0
1784631754.250947,0,0,12570,0,0.0,0.0,0.0,0.0,1.092,0.0
1784631754.3585045,0,0,12580,0,0.0,0.0,0.0,0.0,1.093,0.0
1784631754.3589458,0,0,12590,0,0.0,0.0,0.0,0.0,1.094,0.0
1784631754.3592443,0,0,12600,0,0.0,0.0,0.0,0.0,1.095,0.0
1784631754.3596113,0,0,12610,0,0.0,0.0,0.0,0.0,1.096,0.0
1784631754.3599365,0,0,12620,0,0.0,0.0,0.0,0.0,1.097,0.0
1784631754.3601387,0,0,12630,0,0.0,0.0,0.0,0.0,1.098,0.0
1784631754.3603685,0,0,12640,0,0.0,0.0,0.0,0.0,1.099,0.0
1784631754.360841,0,0,12650,0,0.0,0.0,0.0,0.0,1.1,0.0
1784631754.3610656,0,0,12660,0,0.0,0.0,0.0,0.0,1.101,0.0
1784631754.3612852,0,0,12670,0,0.0,0.0,0.0,0.0,1.102,0.0
1784631754.3615766,0,0,12680,0,0.0,0.0,0.0,0.0,1.103,0.0
1784631754.3619936,0,0,12690,0,0.0,0.0,0.0,0.0,1.105,0.0
1784631754.3622396,0,0,12700,0,0.0,0.0,0.0,0.0,1.106,0.0
1784631754.3625474,0,0,12710,0,0.0,0.0,0.0,0.0,1.107,0.0
1784631754.3628473,0,0,12720,0,0.0,0.0,0.0,0.0,1.108,0.0
1784631754.363052,0,0,12730,0,0.0,0.0,0.0,0.0,1.109,0.0
1784631754.3632433,0,0,12740,0,0.0,0.0,0.0,0.0,1.11,0.0
1784631754.4686687,0,0,12750,0,0.0,0.0,0.0,0.0,1.111,0.0
1784631754.4692705,0,0,12760,0,0.0,0.0,0.0,0.0,1.112,0.0
1784631754.4698126,0,0,12770,0,0.0,0.0,0.0,0.0,1.113,0.0
1784631754.4704242,0,0,12780,0,0.0,0.0,0.0,0.0,1.114,0.0
1784631754.4711163,0,0,12790,0,0.0,0.0,0.0,0.0,1.115,0.0
1784631754.4715755,0,0,12800,0,0.0,0.0,0.0,0.0,1.116,0.0
1784631754.4719212,0,0,12810,0,0.0,0.0,0.0,0.0,1.117,0.0
1784631754.4721916,0,0,12820,0,0.0,0.0,0.0,0.0,1.118,0.0
1784631754.4724133,0,0,12830,0,0.0,0.0,0.0,0.0,1.119,0.0
1784631754.4726472,0,0,12840,0,0.0,0.0,0.0,0.0,1.119,0.0
1784631754.4729407,0,0,12850,0,0.0,0.0,0.0,0.0,1.12,0.0
1784631754.4732044,0,0,12860,0,0.0,0.0,0.0,0.0,1.121,0.0
1784631754.4736269,0,0,12870,0,0.0,0.0,0.0,0.0,1.122,0.0
1784631754.4740014,0,0,12880,0,0.0,0.0,0.0,0.0,1.123,0.0
1784631754.4745126,0,0,12890,0,0.0,0.0,0.0,0.0,1.123,0.0
1784631754.4750314,0,0,12900,0,0.0,0.0,0.0,0.0,1.124,0.0
1784631754.475436,0,0,12910,0,0.0,0.0,0.0,0.0,1.125,0.0
1784631754.476022,0,0,12920,0,0.0,0.0,0.0,0.0,1.126,0.0
1784631754.4764934,0,0,12930,0,0.0,0.0,0.0,0.0,1.127,0.0
1784631754.4769409,0,0,12940,0,0.0,0.0,0.0,0.0,1.128,0.0
1784631754.5827923,0,0,12950,0,0.0,0.0,0.0,0.0,1.128,0.0
1784631754.5832179,0,0,12960,0,0.0,0.0,0.0,0.0,1.129,0.0
1784631754.58349,0,0,12970,0,0.0,0.0,0.0,0.0,1.13,0.0
1784631754.583762,0,0,12980,0,0.0,0.0,0.0,0.0,1.131,0.0
1784631754.584003,0,0,12990,0,0.0,0.0,0.0,0.0,1.132,0.0
1784631754.5842528,0,0,13000,0,0.0,0.0,0.0,0.0,1.133,0.0
1784631754.5844834,0,0,13010,0,0.0,0.0,0.0,0.0,1.133,0.0
1784631754.584737,0,0,13020,0,0.0,0.0,0.0,0.0,1.134,0.0
1784631754.5849519,0,0,13030,0,0.0,0.0,0.0,0.0,1.135,0.0
1784631754.5852156,0,0,13040,0,0.0,0.0,0.0,0.0,1.136,0.0
1784631754.5854597,0,0,13050,0,0.0,0.0,0.0,0.0,1.137,0.0
1784631754.5857537,0,0,13060,0,0.0,0.0,0.0,0.0,1.137,0.0
1784631754.5860205,0,0,13070,0,0.0,0.0,0.0,0.0,1.138,0.0
1784631754.5863345,0,0,13080,0,0.0,0.0,0.0,0.0,1.139,0.0
1784631754.5865636,0,0,13090,0,0.0,0.0,0.0,0.0,1.14,0.0
1784631754.5868943,0,0,13100,0,0.0,0.0,0.0,0.0,1.141,0.0
1784631754.5871341,0,0,13110,0,0.0,0.0,0.0,0.0,1.141,0.0
1784631754.5874057,0,0,13120,0,0.0,0.0,0.0,0.0,1.142,0.0
1784631754.7226365,0,0,13130,0,0.0,0.0,0.0,0.0,1.143,0.0
1784631754.722962,0,0,13140,0,0.0,0.0,0.0,0.0,1.144,0.0
1784631754.723174,0,0,13150,0,0.0,0.0,0.0,0.0,1.144,0.0
1784631754.723399,0,0,13160,0,0.0,0.0,0.0,0.0,1.143,0.0
1784631754.7236545,0,0,13170,0,0.0,0.0,0.0,0.0,1.142,0.0
1784631754.7238653,0,0,13180,0,0.0,0.0,0.0,0.0,1.141,0.0
1784631754.7240546,0,0,13190,0,0.0,0.0,0.0,0.0,1.14,0.0
1784631754.7242417,0,0,13200,0,0.0,0.0,0.0,0.0,1.139,0.0
1784631754.724462,0,0,13210,0,0.0,0.0,0.0,0.0,1.139,0.0
1784631754.7247155,0,0,13220,0,0.0,0.0,0.0,0.0,1.138,0.0
1784631754.724906,0,0,13230,0,0.0,0.0,0.0,0.0,1.137,0.0
1784631754.7250953,0,0,13240,0,0.0,0.0,0.0,0.0,1.136,0.0
1784631754.725281,0,0,13250,0,0.0,0.0,0.0,0.0,1.135,0.0
1784631754.7255018,0,0,13260,0,0.0,0.0,0.0,0.0,1.134,0.0
1784631754.7257597,0,0,13270,0,0.0,0.0,0.0,0.0,1.133,0.0
1784631754.725947,0,0,13280,0,0.0,0.0,0.0,0.0,1.133,0.0
1784631754.726132,0,0,13290,0,0.0,0.0,0.0,0.0,1.132,0.0
1784631754.8399992,0,0,13300,0,0.0,0.0,0.0,0.0,1.131,0.0
1784631754.8406813,0,0,13310,0,0.0,0.0,0.0,0.0,1.13,0.0
1784631754.8417385,0,0,13320,0,0.0,0.0,0.0,0.0,1.129,0.0
1784631754.842386,0,0,13330,0,0.0,0.0,0.0,0.0,1.128,0.0
1784631754.8428466,0,0,13340,0,0.0,0.0,0.0,0.0,1.128,0.0
1784631754.8434079,0,0,13350,0,0.0,0.0,0.0,0.0,1.127,0.0
1784631754.843833,0,0,13360,0,0.0,0.0,0.0,0.0,1.126,0.0
1784631754.8442805,0,0,13370,0,0.0,0.0,0.0,0.0,1.125,0.0
1784631754.8445776,0,0,13380,0,0.0,0.0,0.0,0.0,1.124,0.0
1784631754.844855,0,0,13390,0,0.0,0.0,0.0,0.0,1.123,0.0
1784631754.8451505,0,0,13400,0,0.0,0.0,0.0,0.0,1.122,0.0
1784631754.8455112,0,0,13410,0,0.0,0.0,0.0,0.0,1.122,0.0
1784631754.845863,0,0,13420,0,0.0,0.0,0.0,0.0,1.121,0.0
1784631754.846197,0,0,13430,0,0.0,0.0,0.0,0.0,1.12,0.0
1784631754.9554691,0,0,13440,0,0.0,0.0,0.0,0.0,1.119,0.0
1784631754.9558334,0,0,13450,0,0.0,0.0,0.0,0.0,1.118,0.0
1784631754.9560587,0,0,13460,0,0.0,0.0,0.0,0.0,1.117,0.0
1784631754.9562666,0,0,13470,0,0.0,0.0,0.0,0.0,1.117,0.0
1784631754.9564662,0,0,13480,0,0.0,0.0,0.0,0.0,1.116,0.0
1784631754.9567118,0,0,13490,0,0.0,0.0,0.0,0.0,1.115,0.0
1784631754.956997,0,0,13500,0,0.0,0.0,0.0,0.0,1.114,0.0
1784631754.957267,0,0,13510,0,0.0,0.0,0.0,0.0,1.113,0.0
1784631754.9574625,0,0,13520,0,0.0,0.0,0.0,0.0,1.113,0.0
1784631754.9577732,0,0,13530,0,0.0,0.0,0.0,0.0,1.112,0.0
1784631754.9580317,0,0,13540,0,0.0,0.0,0.0,0.0,1.111,0.0
1784631754.95823,0,0,13550,0,0.0,0.0,0.0,0.0,1.11,0.0
1784631754.9584298,0,0,13560,0,0.0,0.0,0.0,0.0,1.109,0.0
1784631755.0629408,0,0,13570,0,0.0,0.0,0.0,0.0,1.108,0.0
1784631755.063345,0,0,13580,0,0.0,0.0,0.0,0.0,1.108,0.0
1784631755.0635953,0,0,13590,0,0.0,0.0,0.0,0.0,1.107,0.0
1784631755.0639496,0,0,13600,0,0.0,0.0,0.0,0.0,1.106,0.0
1784631755.064217,0,0,13610,0,0.0,0.0,0.0,0.0,1.105,0.0
1784631755.0644102,0,0,13620,0,0.0,0.0,0.0,0.0,1.104,0.0
1784631755.0646143,0,0,13630,0,0.0,0.0,0.0,0.0,1.104,0.0
1784631755.0648525,0,0,13640,0,0.0,0.0,0.0,0.0,1.103,0.0
1784631755.065081,0,0,13650,0,0.0,0.0,0.0,0.0,1.102,0.0
1784631755.0652702,0,0,13660,0,0.0,0.0,0.0,0.0,1.101,0.0
1784631755.0654573,0,0,13670,0,0.0,0.0,0.0,0.0,1.1,0.0
1784631755.1737359,0,0,13680,0,0.0,0.0,0.0,0.0,1.1,0.0
1784631755.1742096,0,0,13690,0,0.0,0.0,0.0,0.0,1.099,0.0
1784631755.1745691,0,0,13700,0,0.0,0.0,0.0,0.0,1.098,0.0
1784631755.1748772,0,0,13710,0,0.0,0.0,0.0,0.0,1.097,0.0
1784631755.17507,0,0,13720,0,0.0,0.0,0.0,0.0,1.096,0.0
1784631755.175295,0,0,13730,0,0.0,0.0,0.0,0.0,1.096,0.0
1784631755.175577,0,0,13740,0,0.0,0.0,0.0,0.0,1.095,0.0
1784631755.175837,0,0,13750,0,0.0,0.0,0.0,0.0,1.094,0.0
1784631755.1760256,0,0,13760,0,0.0,0.0,0.0,0.0,1.093,0.0
1784631755.1762109,0,0,13770,0,0.0,0.0,0.0,0.0,1.092,0.0
1784631755.176553,0,0,13780,0,0.0,0.0,0.0,0.0,1.092,0.0
1784631755.2817729,0,0,13790,0,0.0,0.0,0.0,0.0,1.091,0.0
1784631755.2822146,0,0,13800,0,0.0,0.0,0.0,0.0,1.09,0.0
1784631755.282458,0,0,13810,0,0.0,0.0,0.0,0.0,1.089,0.0
1784631755.2827187,0,0,13820,0,0.0,0.0,0.0,0.0,1.088,0.0
1784631755.2830238,0,0,13830,0,0.0,0.0,0.0,0.0,1.088,0.0
1784631755.2832675,0,0,13840,0,0.0,0.0,0.0,0.0,1.087,0.0
1784631755.2834702,0,0,13850,0,0.0,0.0,0.0,0.0,1.086,0.0
1784631755.2837598,0,0,13860,0,0.0,0.0,0.0,0.0,1.085,0.0
1784631755.2840834,0,0,13870,0,0.0,0.0,0.0,0.0,1.084,0.0
1784631755.284296,0,0,13880,0,0.0,0.0,0.0,0.0,1.084,0.0
1784631755.2844996,0,0,13890,0,0.0,0.0,0.0,0.0,1.083,0.0
1784631755.3888187,0,0,13900,0,0.0,0.0,0.0,0.0,1.082,0.0
1784631755.3892972,0,0,13910,0,0.0,0.0,0.0,0.0,1.081,0.0
1784631755.3895612,0,0,13920,0,0.0,0.0,0.0,0.0,1.081,0.0
1784631755.3897834,0,0,13930,0,0.0,0.0,0.0,0.0,1.08,0.0
1784631755.389988,0,0,13940,0,0.0,0.0,0.0,0.0,1.079,0.0
1784631755.3902538,0,0,13950,0,0.0,0.0,0.0,0.0,1.078,0.0
1784631755.390457,0,0,13960,0,0.0,0.0,0.0,0.0,1.077,0.0
1784631755.3907602,0,0,13970,0,0.0,0.0,0.0,0.0,1.077,0.0
1784631755.390969,0,0,13980,0,0.0,0.0,0.0,0.0,1.076,0.0
1784631755.3912404,0,0,13990,0,0.0,0.0,0.0,0.0,1.075,0.0
1784631755.5176864,0,0,14000,0,0.0,0.0,0.0,0.0,1.074,0.0
1784631755.518095,0,0,14010,0,0.0,0.0,0.0,0.0,1.074,0.0
1784631755.5183086,0,0,14020,0,0.0,0.0,0.0,0.0,1.073,0.0
1784631755.5186086,0,0,14030,0,0.0,0.0,0.0,0.0,1.072,0.0
1784631755.5188243,0,0,14040,0,0.0,0.0,0.0,0.0,1.071,0.0
1784631755.519028,0,0,14050,0,0.0,0.0,0.0,0.0,1.071,0.0
1784631755.5192282,0,0,14060,0,0.0,0.0,0.0,0.0,1.07,0.0
1784631755.5194926,0,0,14070,0,0.0,0.0,0.0,0.0,1.069,0.0
1784631755.5197449,0,0,14080,0,0.0,0.0,0.0,0.0,1.068,0.0
1784631755.5199485,0,0,14090,0,0.0,0.0,0.0,0.0,1.068,0.0
1784631755.520152,0,0,14100,0,0.0,0.0,0.0,0.0,1.067,0.0
1784631755.5205183,0,0,14110,0,0.0,0.0,0.0,0.0,1.066,0.0
1784631755.5208383,0,0,14120,0,0.0,0.0,0.0,0.0,1.065,0.0
1784631755.624848,0,0,14130,0,0.0,0.0,0.0,0.0,1.065,0.0
1784631755.6285245,0,0,14140,0,0.0,0.0,0.0,0.0,1.064,0.0
1784631755.6294582,0,0,14150,0,0.0,0.0,0.0,0.0,1.063,0.0
1784631755.6299057,0,0,14160,0,0.0,0.0,0.0,0.0,1.062,0.0
1784631755.6302488,0,0,14170,0,0.0,0.0,0.0,0.0,1.062,0.0
1784631755.6306243,0,0,14180,0,0.0,0.0,0.0,0.0,1.061,0.0
1784631755.6308753,0,0,14190,0,0.0,0.0,0.0,0.0,1.06,0.0
1784631755.63114,0,0,14200,0,0.0,0.0,0.0,0.0,1.059,0.0
1784631755.6313488,0,0,14210,0,0.0,0.0,0.0,0.0,1.059,0.0
1784631755.6316628,0,0,14220,0,0.0,0.0,0.0,0.0,1.058,0.0
1784631755.6319625,0,0,14230,0,0.0,0.0,0.0,0.0,1.057,0.0
1784631755.6321797,0,0,14240,0,0.0,0.0,0.0,0.0,1.056,0.0
1784631755.7361252,0,0,14250,0,0.0,0.0,0.0,0.0,1.056,0.0
1784631755.736723,0,0,14260,0,0.0,0.0,0.0,0.0,1.055,0.0
1784631755.7369926,0,0,14270,0,0.0,0.0,0.0,0.0,1.054,0.0
1784631755.7372565,0,0,14280,0,0.0,0.0,0.0,0.0,1.053,0.0
1784631755.7375345,0,0,14290,0,0.0,0.0,0.0,0.0,1.053,0.0
1784631755.7378707,0,0,14300,0,0.0,0.0,0.0,0.0,1.052,0.0
1784631755.7380862,0,0,14310,0,0.0,0.0,0.0,0.0,1.051,0.0
1784631755.7384496,0,0,14320,0,0.0,0.0,0.0,0.0,1.05,0.0
1784631755.738831,0,0,14330,0,0.0,0.0,0.0,0.0,1.05,0.0
1784631755.7390494,0,0,14340,0,0.0,0.0,0.0,0.0,1.049,0.0
1784631755.7393098,0,0,14350,0,0.0,0.0,0.0,0.0,1.048,0.0
1784631755.7396073,0,0,14360,0,0.0,0.0,0.0,0.0,1.047,0.0
1784631755.8431637,0,0,14370,0,0.0,0.0,0.0,0.0,1.047,0.0
1784631755.8437238,0,0,14380,0,0.0,0.0,0.0,0.0,1.046,0.0
1784631755.8441787,0,0,14390,0,0.0,0.0,0.0,0.0,1.045,0.0
1784631755.8458238,0,0,14400,0,0.0,0.0,0.0,0.0,1.045,0.0
1784631755.8463464,0,0,14410,0,0.0,0.0,0.0,0.0,1.044,0.0
1784631755.8467069,0,0,14420,0,0.0,0.0,0.0,0.0,1.043,0.0
1784631755.846922,0,0,14430,0,0.0,0.0,0.0,0.0,1.042,0.0
1784631755.8471522,0,0,14440,0,0.0,0.0,0.0,0.0,1.042,0.0
1784631755.8474314,0,0,14450,0,0.0,0.0,0.0,0.0,1.041,0.0
1784631755.8478136,0,0,14460,0,0.0,0.0,0.0,0.0,1.04,0.0
1784631755.8480349,0,0,14470,0,0.0,0.0,0.0,0.0,1.04,0.0
1784631755.8483436,0,0,14480,0,0.0,0.0,0.0,0.0,1.039,0.0
1784631755.953742,0,0,14490,0,0.0,0.0,0.0,0.0,1.038,0.0
1784631755.955821,0,0,14500,0,0.0,0.0,0.0,0.0,1.037,0.0
1784631755.9562123,0,0,14510,0,0.0,0.0,0.0,0.0,1.037,0.0
1784631755.9565945,0,0,14520,0,0.0,0.0,0.0,0.0,1.036,0.0
1784631755.9568963,0,0,14530,0,0.0,0.0,0.0,0.0,1.035,0.0
1784631755.9571614,0,0,14540,0,0.0,0.0,0.0,0.0,1.035,0.0
1784631755.95745,0,0,14550,0,0.0,0.0,0.0,0.0,1.034,0.0
1784631755.957768,0,0,14560,0,0.0,0.0,0.0,0.0,1.033,0.0
1784631755.958059,0,0,14570,0,0.0,0.0,0.0,0.0,1.032,0.0
1784631755.9583197,0,0,14580,0,0.0,0.0,0.0,0.0,1.032,0.0
1784631756.0694308,0,0,14590,0,0.0,0.0,0.0,0.0,1.031,0.0
1784631756.070097,0,0,14600,0,0.0,0.0,0.0,0.0,1.03,0.0
1784631756.070577,0,0,14610,0,0.0,0.0,0.0,0.0,1.03,0.0
1784631756.0712376,0,0,14620,0,0.0,0.0,0.0,0.0,1.029,0.0
1784631756.0719523,0,0,14630,0,0.0,0.0,0.0,0.0,1.028,0.0
1784631756.0725968,0,0,14640,0,0.0,0.0,0.0,0.0,1.027,0.0
1784631756.0731108,0,0,14650,0,0.0,0.0,0.0,0.0,1.027,0.0
1784631756.07353,0,0,14660,0,0.0,0.0,0.0,0.0,1.026,0.0
1784631756.074763,0,0,14670,0,0.0,0.0,0.0,0.0,1.025,0.0
1784631756.0758386,0,0,14680,0,0.0,0.0,0.0,0.0,1.025,0.0
1784631756.0769086,0,0,14690,0,0.0,0.0,0.0,0.0,1.024,0.0
1784631756.077919,0,0,14700,0,0.0,0.0,0.0,0.0,1.023,0.0
1784631756.078954,0,0,14710,0,0.0,0.0,0.0,0.0,1.023,0.0
1784631756.080087,0,0,14720,0,0.0,0.0,0.0,0.0,1.022,0.0
1784631756.187805,0,0,14730,0,0.0,0.0,0.0,0.0,1.021,0.0
1784631756.188387,0,0,14740,0,0.0,0.0,0.0,0.0,1.021,0.0
1784631756.188918,0,0,14750,0,0.0,0.0,0.0,0.0,1.02,0.0
1784631756.1893249,0,0,14760,0,0.0,0.0,0.0,0.0,1.019,0.0
1784631756.1897964,0,0,14770,0,0.0,0.0,0.0,0.0,1.018,0.0
1784631756.1904736,0,0,14780,0,0.0,0.0,0.0,0.0,1.018,0.0
1784631756.1912568,0,0,14790,0,0.0,0.0,0.0,0.0,1.017,0.0
1784631756.1917584,0,0,14800,0,0.0,0.0,0.0,0.0,1.016,0.0
1784631756.1923242,0,0,14810,0,0.0,0.0,0.0,0.0,1.016,0.0
1784631756.192823,0,0,14820,0,0.0,0.0,0.0,0.0,1.015,0.0
1784631756.193251,0,0,14830,0,0.0,0.0,0.0,0.0,1.014,0.0
1784631756.1936998,0,0,14840,0,0.0,0.0,0.0,0.0,1.014,0.0
1784631756.2992854,0,0,14850,0,0.0,0.0,0.0,0.0,1.013,0.0
1784631756.2998488,0,0,14860,0,0.0,0.0,0.0,0.0,1.012,0.0
1784631756.3002505,0,0,14870,0,0.0,0.0,0.0,0.0,1.012,0.0
1784631756.3005764,0,0,14880,0,0.0,0.0,0.0,0.0,1.011,0.0
1784631756.3009894,0,0,14890,0,0.0,0.0,0.0,0.0,1.01,0.0
1784631756.3012905,0,0,14900,0,0.0,0.0,0.0,0.0,1.01,0.0
1784631756.3015585,0,0,14910,0,0.0,0.0,0.0,0.0,1.009,0.0
1784631756.301867,0,0,14920,0,0.0,0.0,0.0,0.0,1.008,0.0
1784631756.3021388,0,0,14930,0,0.0,0.0,0.0,0.0,1.008,0.0
1784631756.4142575,0,0,14940,0,0.0,0.0,0.0,0.0,1.007,0.0
1784631756.4146054,0,0,14950,0,0.0,0.0,0.0,0.0,1.006,0.0
1784631756.415047,0,0,14960,0,0.0,0.0,0.0,0.0,1.006,0.0
1784631756.4153807,0,0,14970,0,0.0,0.0,0.0,0.0,1.005,0.0
1784631756.4157183,0,0,14980,0,0.0,0.0,0.0,0.0,1.004,0.0
1784631756.4159834,0,0,14990,0,0.0,0.0,0.0,0.0,1.003,0.0
1784631756.4162695,0,0,15000,0,0.0,0.0,0.0,0.0,1.003,0.0
1784631756.4165256,0,0,15010,0,0.0,0.0,0.0,0.0,1.002,0.0
1784631756.416801,0,0,15020,0,0.0,0.0,0.0,0.0,1.001,0.0
1784631756.4170551,0,0,15030,0,0.0,0.0,0.0,0.0,1.001,0.0
1784631756.4175143,0,0,15040,0,0.0,0.0,0.0,0.0,1.0,0.0
1784631756.5302486,0,0,15050,0,0.0,0.0,0.0,0.0,0.999,0.0
1784631756.5307696,0,0,15060,0,0.0,0.0,0.0,0.0,0.999,0.0
1784631756.531234,0,0,15070,0,0.0,0.0,0.0,0.0,0.998,0.0
1784631756.5317583,0,0,15080,0,0.0,0.0,0.0,0.0,0.998,0.0
1784631756.532239,0,0,15090,0,0.0,0.0,0.0,0.0,0.997,0.0
1784631756.5328028,0,0,15100,0,0.0,0.0,0.0,0.0,0.996,0.0
1784631756.5332851,0,0,15110,0,0.0,0.0,0.0,0.0,0.996,0.0
1784631756.5336485,0,0,15120,0,0.0,0.0,0.0,0.0,0.995,0.0
1784631756.534055,0,0,15130,0,0.0,0.0,0.0,0.0,0.994,0.0
1784631756.63948,0,0,15140,0,0.0,0.0,0.0,0.0,0.994,0.0
1784631756.6402638,0,0,15150,0,0.0,0.0,0.0,0.0,0.993,0.0
1784631756.64075,0,0,15160,0,0.0,0.0,0.0,0.0,0.992,0.0
1784631756.6410942,0,0,15170,0,0.0,0.0,0.0,0.0,0.992,0.0
1784631756.6414108,0,0,15180,0,0.0,0.0,0.0,0.0,0.991,0.0
1784631756.6418204,0,0,15190,0,0.0,0.0,0.0,0.0,0.991,0.0
1784631756.6421127,0,0,15200,0,0.0,0.0,0.0,0.0,0.991,0.0
1784631756.642425,0,0,15210,0,0.0,0.0,0.0,0.0,0.992,0.0
1784631756.642809,0,0,15220,0,0.0,0.0,0.0,0.0,0.993,0.0
1784631756.643116,0,0,15230,0,0.0,0.0,0.0,0.0,0.993,0.0
1784631756.6435006,0,0,15240,0,0.0,0.0,0.0,0.0,0.994,0.0
1784631756.643917,0,0,15250,0,0.0,0.0,0.0,0.0,0.995,0.0
1784631756.6442792,0,0,15260,0,0.0,0.0,0.0,0.0,0.995,0.0
1784631756.6447015,0,0,15270,0,0.0,0.0,0.0,0.0,0.996,0.0
1784631756.64506,0,0,15280,0,0.0,0.0,0.0,0.0,0.997,0.0
1784631756.645348,0,0,15290,0,0.0,0.0,0.0,0.0,0.997,0.0
1784631756.645728,0,0,15300,0,0.0,0.0,0.0,0.0,0.998,0.0
1784631756.7476275,0,0,15310,0,0.0,0.0,0.0,0.0,0.998,0.0
1784631756.7480597,0,0,15320,0,0.0,0.0,0.0,0.0,0.999,0.0
1784631756.7483401,0,0,15330,0,0.0,0.0,0.0,0.0,1.0,0.0
1784631756.7485921,0,0,15340,0,0.0,0.0,0.0,0.0,1.0,0.0
1784631756.74889,0,0,15350,0,0.0,0.0,0.0,0.0,1.001,0.0
1784631756.7491472,0,0,15360,0,0.0,0.0,0.0,0.0,1.001,0.0
1784631756.749399,0,0,15370,0,0.0,0.0,0.0,0.0,1.002,0.0
1784631756.7499194,0,0,15380,0,0.0,0.0,0.0,0.0,1.003,0.0
1784631756.750259,0,0,15390,0,0.0,0.0,0.0,0.0,1.003,0.0
1784631756.7505124,0,0,15400,0,0.0,0.0,0.0,0.0,1.004,0.0
1784631756.750838,0,0,15410,0,0.0,0.0,0.0,0.0,1.004,0.0
1784631756.7511098,0,0,15420,0,0.0,0.0,0.0,0.0,1.005,0.0
1784631756.7513793,0,0,15430,0,0.0,0.0,0.0,0.0,1.005,0.0
1784631756.7517378,0,0,15440,0,0.0,0.0,0.0,0.0,1.006,0.0
1784631756.7520008,0,0,15450,0,0.0,0.0,0.0,0.0,1.006,0.0
1784631756.7522535,0,0,15460,0,0.0,0.0,0.0,0.0,1.007,0.0
1784631756.7525003,0,0,15470,0,0.0,0.0,0.0,0.0,1.007,0.0
1784631756.7527606,0,0,15480,0,0.0,0.0,0.0,0.0,1.008,0.0
1784631756.7530334,0,0,15490,0,0.0,0.0,0.0,0.0,1.008,0.0
1784631756.7533028,0,0,15500,0,0.0,0.0,0.0,0.0,1.009,0.0
1784631756.7535598,0,0,15510,0,0.0,0.0,0.0,0.0,1.009,0.0
1784631756.75382,0,0,15520,0,0.0,0.0,0.0,0.0,1.01,0.0
1784631756.7541113,0,0,15530,0,0.0,0.0,0.0,0.0,1.01,0.0
1784631756.7544284,0,0,15540,0,0.0,0.0,0.0,0.0,1.01,0.0
1784631756.8590746,0,0,15550,0,0.0,0.0,0.0,0.0,1.011,0.0
1784631756.859498,0,0,15560,0,0.0,0.0,0.0,0.0,1.011,0.0
1784631756.8598378,0,0,15570,0,0.0,0.0,0.0,0.0,1.011,0.0
1784631756.8601642,0,0,15580,0,0.0,0.0,0.0,0.0,1.012,0.0
1784631756.8605156,0,0,15590,0,0.0,0.0,0.0,0.0,1.012,0.0
1784631756.8608396,0,0,15600,0,0.0,0.0,0.0,0.0,1.012,0.0
1784631756.8612206,0,0,15610,0,0.0,0.0,0.0,0.0,1.012,0.0
1784631756.86156,0,0,15620,0,0.0,0.0,0.0,0.0,1.012,0.0
1784631756.8618448,0,0,15630,0,0.0,0.0,0.0,0.0,1.013,0.0
1784631756.8623662,0,0,15640,0,0.0,0.0,0.0,0.0,1.013,0.0
1784631756.8630846,0,0,15650,0,0.0,0.0,0.0,0.0,1.013,0.0
1784631756.8637128,0,0,15660,0,0.0,0.0,0.0,0.0,1.013,0.0
1784631756.8643324,0,0,15670,0,0.0,0.0,0.0,0.0,1.013,0.0
1784631756.8651156,0,0,15680,0,0.0,0.0,0.0,0.0,1.013,0.0
1784631756.86579,0,0,15690,0,0.0,0.0,0.0,0.0,1.013,0.0
1784631756.866461,0,0,15700,0,0.0,0.0,0.0,0.0,1.013,0.0
1784631756.8672104,0,0,15710,0,0.0,0.0,0.0,0.0,1.013,0.0
1784631756.9858189,0,0,15720,0,0.0,0.0,0.0,0.0,1.013,0.0
1784631756.986489,0,0,15730,0,0.0,0.0,0.0,0.0,1.013,0.0
1784631756.9868727,0,0,15740,0,0.0,0.0,0.0,0.0,1.013,0.0
1784631756.987222,0,0,15750,0,0.0,0.0,0.0,0.0,1.013,0.0
1784631756.9875324,0,0,15760,0,0.0,0.0,0.0,0.0,1.013,0.0
1784631756.9879436,0,0,15770,0,0.0,0.0,0.0,0.0,1.013,0.0
1784631756.988263,0,0,15780,0,0.0,0.0,0.0,0.0,1.013,0.0
1784631756.9886215,0,0,15790,0,0.0,0.0,0.0,0.0,1.012,0.0
1784631756.9891129,0,0,15800,0,0.0,0.0,0.0,0.0,1.012,0.0
1784631756.9894571,0,0,15810,0,0.0,0.0,0.0,0.0,1.011,0.0
1784631756.9899962,0,0,15820,0,0.0,0.0,0.0,0.0,1.01,0.0
1784631756.9903038,0,0,15830,0,0.0,0.0,0.0,0.0,1.01,0.0
1784631756.9906328,0,0,15840,0,0.0,0.0,0.0,0.0,1.009,0.0
1784631756.9909568,0,0,15850,0,0.0,0.0,0.0,0.0,1.009,0.0
1784631756.9912407,0,0,15860,0,0.0,0.0,0.0,0.0,1.008,0.0
1784631756.9915254,0,0,15870,0,0.0,0.0,0.0,0.0,1.007,0.0
1784631756.991849,0,0,15880,0,0.0,0.0,0.0,0.0,1.007,0.0
1784631756.9921696,0,0,15890,0,0.0,0.0,0.0,0.0,1.006,0.0
1784631756.9924378,0,0,15900,0,0.0,0.0,0.0,0.0,1.005,0.0
1784631756.9927309,0,0,15910,0,0.0,0.0,0.0,0.0,1.005,0.0
1784631757.1108985,0,0,15920,0,0.0,0.0,0.0,0.0,1.004,0.0
1784631757.1115878,0,0,15930,0,0.0,0.0,0.0,0.0,1.004,0.0
1784631757.112023,0,0,15940,0,0.0,0.0,0.0,0.0,1.003,0.0
1784631757.1124067,0,0,15950,0,0.0,0.0,0.0,0.0,1.002,0.0
1784631757.1127496,0,0,15960,0,0.0,0.0,0.0,0.0,1.002,0.0
1784631757.1131377,0,0,15970,0,0.0,0.0,0.0,0.0,1.001,0.0
1784631757.1135125,0,0,15980,0,0.0,0.0,0.0,0.0,1.0,0.0
1784631757.114019,0,0,15990,0,0.0,0.0,0.0,0.0,1.0,0.0
1784631757.114389,0,0,16000,0,0.0,0.0,0.0,0.0,0.999,0.0
1784631757.1147156,0,0,16010,0,0.0,0.0,0.0,0.0,0.999,0.0
1784631757.1150112,0,0,16020,0,0.0,0.0,0.0,0.0,0.998,0.0
1784631757.1153212,0,0,16030,0,0.0,0.0,0.0,0.0,0.997,0.0
1784631757.115633,0,0,16040,0,0.0,0.0,0.0,0.0,0.997,0.0
1784631757.1160917,0,0,16050,0,0.0,0.0,0.0,0.0,0.996,0.0
1784631757.1167197,0,0,16060,0,0.0,0.0,0.0,0.0,0.995,0.0
1784631757.1174011,0,0,16070,0,0.0,0.0,0.0,0.0,0.995,0.0
1784631757.1182833,0,0,16080,0,0.0,0.0,0.0,0.0,0.994,0.0
1784631757.2474775,0,0,16090,0,0.0,0.0,0.0,0.0,0.994,0.0
1784631757.2534082,0,0,16100,0,0.0,0.0,0.0,0.0,0.993,0.0
1784631757.2538457,0,0,16110,0,0.0,0.0,0.0,0.0,0.992,0.0
1784631757.2541018,0,0,16120,0,0.0,0.0,0.0,0.0,0.992,0.0
1784631757.2543216,0,0,16130,0,0.0,0.0,0.0,0.0,0.991,0.0
1784631757.2545862,0,0,16140,0,0.0,0.0,0.0,0.0,0.99,0.0
1784631757.2605927,0,0,16150,0,0.0,0.0,0.0,0.0,0.99,0.0
1784631757.2611043,0,0,16160,0,0.0,0.0,0.0,0.0,0.989,0.0
1784631757.2614815,0,0,16170,0,0.0,0.0,0.0,0.0,0.989,0.0
1784631757.2618468,0,0,16180,0,0.0,0.0,0.0,0.0,0.988,0.0
1784631757.2622173,0,0,16190,0,0.0,0.0,0.0,0.0,0.987,0.0
1784631757.2627451,0,0,16200,0,0.0,0.0,0.0,0.0,0.987,0.0
1784631757.2633142,0,0,16210,0,0.0,0.0,0.0,0.0,0.986,0.0
1784631757.26364,0,0,16220,0,0.0,0.0,0.0,0.0,0.986,0.0
1784631757.2639303,0,0,16230,0,0.0,0.0,0.0,0.0,0.985,0.0
1784631757.389323,0,0,16240,0,0.0,0.0,0.0,0.0,0.984,0.0
1784631757.3898048,0,0,16250,0,0.0,0.0,0.0,0.0,0.984,0.0
1784631757.390125,0,0,16260,0,0.0,0.0,0.0,0.0,0.983,0.0
1784631757.3904986,0,0,16270,0,0.0,0.0,0.0,0.0,0.983,0.0
1784631757.3908634,0,0,16280,0,0.0,0.0,0.0,0.0,0.982,0.0
1784631757.3912277,0,0,16290,0,0.0,0.0,0.0,0.0,0.981,0.0
1784631757.3916082,0,0,16300,0,0.0,0.0,0.0,0.0,0.981,0.0
1784631757.3918965,0,0,16310,0,0.0,0.0,0.0,0.0,0.98,0.0
1784631757.3922067,0,0,16320,0,0.0,0.0,0.0,0.0,0.98,0.0
1784631757.3925142,0,0,16330,0,0.0,0.0,0.0,0.0,0.979,0.0
1784631757.3927786,0,0,16340,0,0.0,0.0,0.0,0.0,0.978,0.0
1784631757.3930638,0,0,16350,0,0.0,0.0,0.0,0.0,0.978,0.0
1784631757.3933117,0,0,16360,0,0.0,0.0,0.0,0.0,0.977,0.0
1784631757.3938112,0,0,16370,0,0.0,0.0,0.0,0.0,0.977,0.0
1784631757.394196,0,0,16380,0,0.0,0.0,0.0,0.0,0.976,0.0
1784631757.519421,0,0,16390,0,0.0,0.0,0.0,0.0,0.975,0.0
1784631757.520384,0,0,16400,0,0.0,0.0,0.0,0.0,0.975,0.0
1784631757.5210636,0,0,16410,0,0.0,0.0,0.0,0.0,0.974,0.0
1784631757.521497,0,0,16420,0,0.0,0.0,0.0,0.0,0.974,0.0
1784631757.5219333,0,0,16430,0,0.0,0.0,0.0,0.0,0.973,0.0
1784631757.5223243,0,0,16440,0,0.0,0.0,0.0,0.0,0.972,0.0
1784631757.5227866,0,0,16450,0,0.0,0.0,0.0,0.0,0.972,0.0
1784631757.5232813,0,0,16460,0,0.0,0.0,0.0,0.0,0.971,0.0
1784631757.6413577,0,0,16470,0,0.0,0.0,0.0,0.0,0.971,0.0
1784631757.641927,0,0,16480,0,0.0,0.0,0.0,0.0,0.97,0.0
1784631757.642238,0,0,16490,0,0.0,0.0,0.0,0.0,0.969,0.0
1784631757.6425169,0,0,16500,0,0.0,0.0,0.0,0.0,0.969,0.0
1784631757.6428654,0,0,16510,0,0.0,0.0,0.0,0.0,0.968,0.0
1784631757.6431549,0,0,16520,0,0.0,0.0,0.0,0.0,0.968,0.0
1784631757.6434712,0,0,16530,0,0.0,0.0,0.0,0.0,0.967,0.0
1784631757.643824,0,0,16540,0,0.0,0.0,0.0,0.0,0.967,0.0
1784631757.6442,0,0,16550,0,0.0,0.0,0.0,0.0,0.966,0.0
1784631757.644528,0,0,16560,0,0.0,0.0,0.0,0.0,0.965,0.0
1784631757.6448815,0,0,16570,0,0.0,0.0,0.0,0.0,0.965,0.0
1784631757.6452188,0,0,16580,0,0.0,0.0,0.0,0.0,0.964,0.0
1784631757.7597313,0,0,16590,0,0.0,0.0,0.0,0.0,0.964,0.0
1784631757.7605858,0,0,16600,0,0.0,0.0,0.0,0.0,0.963,0.0
1784631757.761225,0,0,16610,0,0.0,0.0,0.0,0.0,0.962,0.0
1784631757.7623668,0,0,16620,0,0.0,0.0,0.0,0.0,0.962,0.0
1784631757.7686923,0,0,16630,0,0.0,0.0,0.0,0.0,0.961,0.0
1784631757.76928,0,0,16640,0,0.0,0.0,0.0,0.0,0.961,0.0
1784631757.7697306,0,0,16650,0,0.0,0.0,0.0,0.0,0.96,0.0
1784631757.770146,0,0,16660,0,0.0,0.0,0.0,0.0,0.96,0.0
1784631757.7703867,0,0,16670,0,0.0,0.0,0.0,0.0,0.959,0.0
1784631757.7707727,0,0,16680,0,0.0,0.0,0.0,0.0,0.958,0.0
1784631757.771254,0,0,16690,0,0.0,0.0,0.0,0.0,0.958,0.0
1784631757.8883667,0,0,16700,0,0.0,0.0,0.0,0.0,0.957,0.0
1784631757.8889563,0,0,16710,0,0.0,0.0,0.0,0.0,0.957,0.0
1784631757.889452,0,0,16720,0,0.0,0.0,0.0,0.0,0.956,0.0
1784631757.889886,0,0,16730,0,0.0,0.0,0.0,0.0,0.956,0.0
1784631757.8903396,0,0,16740,0,0.0,0.0,0.0,0.0,0.955,0.0
1784631758.3782628,0,0,16750,0,0.0,0.0,0.0,0.0,0.954,0.0
1784631758.3844306,0,0,16760,0,0.0,0.0,0.0,0.0,0.954,0.0
1784631758.3848433,0,0,16770,0,0.0,0.0,0.0,0.0,0.953,0.0
1784631758.3852487,0,0,16780,0,0.0,0.0,0.0,0.0,0.953,0.0
1784631758.3855276,0,0,16790,0,0.0,0.0,0.0,0.0,0.952,0.0
1784631758.3858771,0,0,16800,0,0.0,0.0,0.0,0.0,0.952,0.0
1784631758.386432,0,0,16810,0,0.0,0.0,0.0,0.0,0.951,0.0
1784631758.5054991,0,0,16820,0,0.0,0.0,0.0,0.0,0.95,0.0
1784631758.5060546,0,0,16830,0,0.0,0.0,0.0,0.0,0.95,0.0
1784631758.5065255,0,0,16840,0,0.0,0.0,0.0,0.0,0.949,0.0
1784631758.5069635,0,0,16850,0,0.0,0.0,0.0,0.0,0.949,0.0
1784631758.5073686,0,0,16860,0,0.0,0.0,0.0,0.0,0.948,0.0
1784631758.5077348,0,0,16870,0,0.0,0.0,0.0,0.0,0.948,0.0
1784631758.5081353,0,0,16880,0,0.0,0.0,0.0,0.0,0.947,0.0
1784631758.621739,0,0,16890,0,0.0,0.0,0.0,0.0,0.947,0.0
1784631758.6221824,0,0,16900,0,0.0,0.0,0.0,0.0,0.946,0.0
1784631758.6224587,0,0,16910,0,0.0,0.0,0.0,0.0,0.945,0.0
1784631758.628324,0,0,16920,0,0.0,0.0,0.0,0.0,0.945,0.0
1784631758.62875,0,0,16930,0,0.0,0.0,0.0,0.0,0.944,0.0
1784631758.6290243,0,0,16940,0,0.0,0.0,0.0,0.0,0.944,0.0
1784631758.7482247,0,0,16950,0,0.0,0.0,0.0,0.0,0.943,0.0
1784631758.7489507,0,0,16960,0,0.0,0.0,0.0,0.0,0.943,0.0
1784631758.7495065,0,0,16970,0,0.0,0.0,0.0,0.0,0.942,0.0
1784631758.7501357,0,0,16980,0,0.0,0.0,0.0,0.0,0.942,0.0
1784631758.7504613,0,0,16990,0,0.0,0.0,0.0,0.0,0.941,0.0
1784631758.7507405,0,0,17000,0,0.0,0.0,0.0,0.0,0.94,0.0
1784631758.7572396,0,0,17010,0,0.0,0.0,0.0,0.0,0.94,0.0
1784631758.879901,0,0,17020,0,0.0,0.0,0.0,0.0,0.939,0.0
1784631758.8806407,0,0,17030,0,0.0,0.0,0.0,0.0,0.939,0.0
1784631758.8814902,0,0,17040,0,0.0,0.0,0.0,0.0,0.938,0.0
1784631758.881829,0,0,17050,0,0.0,0.0,0.0,0.0,0.938,0.0
1784631758.882172,0,0,17060,0,0.0,0.0,0.0,0.0,0.937,0.0
1784631758.882472,0,0,17070,0,0.0,0.0,0.0,0.0,0.937,0.0
1784631758.882722,0,0,17080,0,0.0,0.0,0.0,0.0,0.936,0.0
1784631758.883184,0,0,17090,0,0.0,0.0,0.0,0.0,0.935,0.0
1784631759.57163,0,0,17100,0,0.0,0.0,0.0,0.0,0.935,0.0
1784631759.5720592,0,0,17110,0,0.0,0.0,0.0,0.0,0.935,0.0
1784631759.5723422,0,0,17120,0,0.0,0.0,0.0,0.0,0.935,0.0
1784631759.5726645,0,0,17130,0,0.0,0.0,0.0,0.0,0.936,0.0
1784631759.572969,0,0,17140,0,0.0,0.0,0.0,0.0,0.936,0.0
1784631759.5731888,0,0,17150,0,0.0,0.0,0.0,0.0,0.937,0.0
1784631759.5736992,0,0,17160,0,0.0,0.0,0.0,0.0,0.937,0.0
1784631759.5741377,0,0,17170,0,0.0,0.0,0.0,0.0,0.938,0.0
1784631759.57449,0,0,17180,0,0.0,0.0,0.0,0.0,0.939,0.0
1784631759.5748913,0,0,17190,0,0.0,0.0,0.0,0.0,0.939,0.0
1784631759.5752826,0,0,17200,0,0.0,0.0,0.0,0.0,0.939,0.0
1784631759.5757515,0,0,17210,0,0.0,0.0,0.0,0.0,0.94,0.0
1784631759.5761275,0,0,17220,0,0.0,0.0,0.0,0.0,0.94,0.0
1784631759.576447,0,0,17230,0,0.0,0.0,0.0,0.0,0.941,0.0
1784631759.5767596,0,0,17240,0,0.0,0.0,0.0,0.0,0.941,0.0
1784631759.5770006,0,0,17250,0,0.0,0.0,0.0,0.0,0.941,0.0
1784631759.5772197,0,0,17260,0,0.0,0.0,0.0,0.0,0.942,0.0
1784631759.5775542,0,0,17270,0,0.0,0.0,0.0,0.0,0.942,0.0
1784631759.577884,0,0,17280,0,0.0,0.0,0.0,0.0,0.943,0.0
1784631759.5781186,0,0,17290,0,0.0,0.0,0.0,0.0,0.943,0.0
1784631759.5784118,0,0,17300,0,0.0,0.0,0.0,0.0,0.943,0.0
1784631759.5787876,0,0,17310,0,0.0,0.0,0.0,0.0,0.944,0.0
1784631759.6950374,0,0,17320,0,0.0,0.0,0.0,0.0,0.944,0.0
1784631759.6956503,0,0,17330,0,0.0,0.0,0.0,0.0,0.944,0.0
1784631759.6961172,0,0,17340,0,0.0,0.0,0.0,0.0,0.945,0.0
1784631759.6968577,0,0,17350,0,0.0,0.0,0.0,0.0,0.945,0.0
1784631759.6972342,0,0,17360,0,0.0,0.0,0.0,0.0,0.946,0.0
1784631759.697729,0,0,17370,0,0.0,0.0,0.0,0.0,0.946,0.0
1784631759.6980793,0,0,17380,0,0.0,0.0,0.0,0.0,0.946,0.0
1784631759.698702,0,0,17390,0,0.0,0.0,0.0,0.0,0.947,0.0
1784631759.699877,0,0,17400,0,0.0,0.0,0.0,0.0,0.947,0.0
1784631759.7004693,0,0,17410,0,0.0,0.0,0.0,0.0,0.948,0.0
1784631759.701094,0,0,17420,0,0.0,0.0,0.0,0.0,0.948,0.0
1784631759.7016497,0,0,17430,0,0.0,0.0,0.0,0.0,0.948,0.0
1784631759.7022877,0,0,17440,0,0.0,0.0,0.0,0.0,0.949,0.0
1784631759.7028775,0,0,17450,0,0.0,0.0,0.0,0.0,0.949,0.0
1784631759.7032266,0,0,17460,0,0.0,0.0,0.0,0.0,0.95,0.0
1784631759.7035213,0,0,17470,0,0.0,0.0,0.0,0.0,0.95,0.0
1784631759.7038996,0,0,17480,0,0.0,0.0,0.0,0.0,0.95,0.0
1784631759.7041812,0,0,17490,0,0.0,0.0,0.0,0.0,0.951,0.0
1784631759.7044814,0,0,17500,0,0.0,0.0,0.0,0.0,0.951,0.0
1784631759.7048168,0,0,17510,0,0.0,0.0,0.0,0.0,0.952,0.0
1784631759.7054524,0,0,17520,0,0.0,0.0,0.0,0.0,0.952,0.0
1784631759.7058403,0,0,17530,0,0.0,0.0,0.0,0.0,0.953,0.0
1784631759.706149,0,0,17540,0,0.0,0.0,0.0,0.0,0.953,0.0
1784631759.7065122,0,0,17550,0,0.0,0.0,0.0,0.0,0.953,0.0
1784631759.706895,0,0,17560,0,0.0,0.0,0.0,0.0,0.954,0.0
1784631759.7071145,0,0,17570,0,0.0,0.0,0.0,0.0,0.954,0.0
1784631759.7074234,0,0,17580,0,0.0,0.0,0.0,0.0,0.955,0.0
1784631759.7080271,0,0,17590,0,0.0,0.0,0.0,0.0,0.955,0.0
1784631759.7083042,0,0,17600,0,0.0,0.0,0.0,0.0,0.956,0.0
1784631759.7086735,0,0,17610,0,0.0,0.0,0.0,0.0,0.956,0.0
1784631759.709008,0,0,17620,0,0.0,0.0,0.0,0.0,0.957,0.0
1784631759.7092419,0,0,17630,0,0.0,0.0,0.0,0.0,0.957,0.0
1784631759.709583,0,0,17640,0,0.0,0.0,0.0,0.0,0.957,0.0
1784631759.7161126,0,0,17650,0,0.0,0.0,0.0,0.0,0.958,0.0
1784631759.716637,0,0,17660,0,0.0,0.0,0.0,0.0,0.958,0.0
1784631759.7170553,0,0,17670,0,0.0,0.0,0.0,0.0,0.959,0.0
1784631759.7177238,0,0,17680,0,0.0,0.0,0.0,0.0,0.959,0.0
1784631759.7181666,0,0,17690,0,0.0,0.0,0.0,0.0,0.96,0.0
1784631759.7185433,0,0,17700,0,0.0,0.0,0.0,0.0,0.96,0.0
1784631759.7189338,0,0,17710,0,0.0,0.0,0.0,0.0,0.961,0.0
1784631759.7191744,0,0,17720,0,0.0,0.0,0.0,0.0,0.961,0.0
1784631759.719489,0,0,17730,0,0.0,0.0,0.0,0.0,0.962,0.0
1784631759.7198284,0,0,17740,0,0.0,0.0,0.0,0.0,0.962,0.0
1784631759.720062,0,0,17750,0,0.0,0.0,0.0,0.0,0.963,0.0
1784631759.7203774,0,0,17760,0,0.0,0.0,0.0,0.0,0.963,0.0
1784631759.7207363,0,0,17770,0,0.0,0.0,0.0,0.0,0.963,0.0
1784631759.7209973,0,0,17780,0,0.0,0.0,0.0,0.0,0.964,0.0
1784631759.7212307,0,0,17790,0,0.0,0.0,0.0,0.0,0.964,0.0
1784631759.721464,0,0,17800,0,0.0,0.0,0.0,0.0,0.965,0.0
1784631759.7217283,0,0,17810,0,0.0,0.0,0.0,0.0,0.965,0.0
1784631759.722056,0,0,17820,0,0.0,0.0,0.0,0.0,0.965,0.0
1784631759.7224438,0,0,17830,0,0.0,0.0,0.0,0.0,0.966,0.0
1784631759.722772,0,0,17840,0,0.0,0.0,0.0,0.0,0.966,0.0
1784631759.7230847,0,0,17850,0,0.0,0.0,0.0,0.0,0.967,0.0
1784631759.7234256,0,0,17860,0,0.0,0.0,0.0,0.0,0.967,0.0
1784631759.7236767,0,0,17870,0,0.0,0.0,0.0,0.0,0.967,0.0
1784631759.7239914,0,0,17880,0,0.0,0.0,0.0,0.0,0.968,0.0
1784631759.7243512,0,0,17890,0,0.0,0.0,0.0,0.0,0.968,0.0
1784631759.7245972,0,0,17900,0,0.0,0.0,0.0,0.0,0.968,0.0
1784631759.7249787,0,0,17910,0,0.0,0.0,0.0,0.0,0.969,0.0
1784631759.7253602,0,0,17920,0,0.0,0.0,0.0,0.0,0.969,0.0
1784631759.725723,0,0,17930,0,0.0,0.0,0.0,0.0,0.97,0.0
1784631759.7260876,0,0,17940,0,0.0,0.0,0.0,0.0,0.97,0.0
1784631759.7264357,0,0,17950,0,0.0,0.0,0.0,0.0,0.97,0.0
1784631759.7269292,0,0,17960,0,0.0,0.0,0.0,0.0,0.971,0.0
1784631759.7273176,0,0,17970,0,0.0,0.0,0.0,0.0,0.971,0.0
1784631759.7275798,0,0,17980,0,0.0,0.0,0.0,0.0,0.971,0.0
1784631759.7279825,0,0,17990,0,0.0,0.0,0.0,0.0,0.972,0.0
1784631759.7283037,0,0,18000,0,0.0,0.0,0.0,0.0,0.972,0.0
1784631759.7285395,0,0,18010,0,0.0,0.0,0.0,0.0,0.973,0.0
1784631759.7289438,0,0,18020,0,0.0,0.0,0.0,0.0,0.973,0.0
1784631759.7292624,0,0,18030,0,0.0,0.0,0.0,0.0,0.973,0.0
1784631759.7294993,0,0,18040,0,0.0,0.0,0.0,0.0,0.974,0.0
1784631759.7300234,0,0,18050,0,0.0,0.0,0.0,0.0,0.974,0.0
1784631759.7305455,0,0,18060,0,0.0,0.0,0.0,0.0,0.974,0.0
1784631759.7310905,0,0,18070,0,0.0,0.0,0.0,0.0,0.975,0.0
1784631759.7314968,0,0,18080,0,0.0,0.0,0.0,0.0,0.975,0.0
1784631759.7320259,0,0,18090,0,0.0,0.0,0.0,0.0,0.976,0.0
1784631759.7325163,0,0,18100,0,0.0,0.0,0.0,0.0,0.976,0.0
1784631759.733071,0,0,18110,0,0.0,0.0,0.0,0.0,0.976,0.0
1784631759.733412,0,0,18120,0,0.0,0.0,0.0,0.0,0.977,0.0
1784631759.7336972,0,0,18130,0,0.0,0.0,0.0,0.0,0.977,0.0
1784631759.7340267,0,0,18140,0,0.0,0.0,0.0,0.0,0.978,0.0
1784631759.7343678,0,0,18150,0,0.0,0.0,0.0,0.0,0.978,0.0
1784631759.7346551,0,0,18160,0,0.0,0.0,0.0,0.0,0.979,0.0
1784631759.7349534,0,0,18170,0,0.0,0.0,0.0,0.0,0.979,0.0
1784631759.7353642,0,0,18180,0,0.0,0.0,0.0,0.0,0.979,0.0
1784631759.73562,0,0,18190,0,0.0,0.0,0.0,0.0,0.98,0.0
1784631759.7359588,0,0,18200,0,0.0,0.0,0.0,0.0,0.98,0.0
1784631759.7362728,0,0,18210,0,0.0,0.0,0.0,0.0,0.981,0.0
1784631759.7365022,0,0,18220,0,0.0,0.0,0.0,0.0,0.981,0.0
1784631759.7367952,0,0,18230,0,0.0,0.0,0.0,0.0,0.981,0.0
1784631759.737145,0,0,18240,0,0.0,0.0,0.0,0.0,0.982,0.0
1784631759.7373815,0,0,18250,0,0.0,0.0,0.0,0.0,0.982,0.0
1784631759.7376926,0,0,18260,0,0.0,0.0,0.0,0.0,0.983,0.0
1784631759.7380633,0,0,18270,0,0.0,0.0,0.0,0.0,0.983,0.0
1784631759.7383416,0,0,18280,0,0.0,0.0,0.0,0.0,0.984,0.0
1784631759.7386162,0,0,18290,0,0.0,0.0,0.0,0.0,0.984,0.0
1784631759.7390187,0,0,18300,0,0.0,0.0,0.0,0.0,0.985,0.0
1784631759.739321,0,0,18310,0,0.0,0.0,0.0,0.0,0.985,0.0
1784631759.7395806,0,0,18320,0,0.0,0.0,0.0,0.0,0.985,0.0
1784631759.739925,0,0,18330,0,0.0,0.0,0.0,0.0,0.986,0.0
1784631759.7402353,0,0,18340,0,0.0,0.0,0.0,0.0,0.986,0.0
1784631759.7404754,0,0,18350,0,0.0,0.0,0.0,0.0,0.987,0.0
1784631759.8577352,0,0,18360,0,0.0,0.0,0.0,0.0,0.987,0.0
1784631759.8585672,0,0,18370,0,0.0,0.0,0.0,0.0,0.988,0.0
1784631759.859124,0,0,18380,0,0.0,0.0,0.0,0.0,0.988,0.0
1784631759.8595939,0,0,18390,0,0.0,0.0,0.0,0.0,0.989,0.0
1784631759.860086,0,0,18400,0,0.0,0.0,0.0,0.0,0.989,0.0
1784631759.8604927,0,0,18410,0,0.0,0.0,0.0,0.0,0.99,0.0
1784631759.860922,0,0,18420,0,0.0,0.0,0.0,0.0,0.99,0.0
1784631759.86136,0,0,18430,0,0.0,0.0,0.0,0.0,0.99,0.0
1784631759.8617115,0,0,18440,0,0.0,0.0,0.0,0.0,0.991,0.0
1784631759.862139,0,0,18450,0,0.0,0.0,0.0,0.0,0.991,0.0
1784631759.8625972,0,0,18460,0,0.0,0.0,0.0,0.0,0.992,0.0
1784631759.863046,0,0,18470,0,0.0,0.0,0.0,0.0,0.992,0.0
1784631759.8634806,0,0,18480,0,0.0,0.0,0.0,0.0,0.993,0.0
1784631759.8639424,0,0,18490,0,0.0,0.0,0.0,0.0,0.993,0.0
1784631759.86433,0,0,18500,0,0.0,0.0,0.0,0.0,0.994,0.0
1784631759.8647103,0,0,18510,0,0.0,0.0,0.0,0.0,0.994,0.0
1784631759.8653147,0,0,18520,0,0.0,0.0,0.0,0.0,0.995,0.0
1784631759.8658457,0,0,18530,0,0.0,0.0,0.0,0.0,0.995,0.0
1784631759.866476,0,0,18540,0,0.0,0.0,0.0,0.0,0.996,0.0
1784631759.8671093,0,0,18550,0,0.0,0.0,0.0,0.0,0.996,0.0
1784631759.867494,0,0,18560,0,0.0,0.0,0.0,0.0,0.997,0.0
1784631759.8679566,0,0,18570,0,0.0,0.0,0.0,0.0,0.997,0.0
1784631759.8683646,0,0,18580,0,0.0,0.0,0.0,0.0,0.998,0.0
1784631759.8687863,0,0,18590,0,0.0,0.0,0.0,0.0,0.998,0.0
1784631759.8692372,0,0,18600,0,0.0,0.0,0.0,0.0,0.999,0.0
1784631759.8695893,0,0,18610,0,0.0,0.0,0.0,0.0,0.999,0.0
1784631760.0157413,0,0,18620,0,0.0,0.0,0.0,0.0,1.0,0.0
1784631760.0164618,0,0,18630,0,0.0,0.0,0.0,0.0,1.0,0.0
1784631760.0173104,0,0,18640,0,0.0,0.0,0.0,0.0,1.001,0.0
1784631760.018088,0,0,18650,0,0.0,0.0,0.0,0.0,1.001,0.0
1784631760.0188048,0,0,18660,0,0.0,0.0,0.0,0.0,1.002,0.0
1784631760.0195465,0,0,18670,0,0.0,0.0,0.0,0.0,1.003,0.0
1784631760.0205212,0,0,18680,0,0.0,0.0,0.0,0.0,1.003,0.0
1784631760.0216653,0,0,18690,0,0.0,0.0,0.0,0.0,1.004,0.0
1784631760.0224931,0,0,18700,0,0.0,0.0,0.0,0.0,1.004,0.0
1784631760.0237293,0,0,18710,0,0.0,0.0,0.0,0.0,1.005,0.0
1784631760.025051,0,0,18720,0,0.0,0.0,0.0,0.0,1.005,0.0
1784631760.0261507,0,0,18730,0,0.0,0.0,0.0,0.0,1.006,0.0
1784631760.0274425,0,0,18740,0,0.0,0.0,0.0,0.0,1.006,0.0
1784631760.0287685,0,0,18750,0,0.0,0.0,0.0,0.0,1.007,0.0
1784631760.0356917,0,0,18760,0,0.0,0.0,0.0,0.0,1.007,0.0
1784631760.0365453,0,0,18770,0,0.0,0.0,0.0,0.0,1.008,0.0
1784631760.0375593,0,0,18780,0,0.0,0.0,0.0,0.0,1.008,0.0
1784631760.0386941,0,0,18790,0,0.0,0.0,0.0,0.0,1.009,0.0
1784631760.0406096,0,0,18800,0,0.0,0.0,0.0,0.0,1.01,0.0
1784631760.0418496,0,0,18810,0,0.0,0.0,0.0,0.0,1.01,0.0
1784631760.0431983,0,0,18820,0,0.0,0.0,0.0,0.0,1.011,0.0
1784631760.167925,0,0,18830,0,0.0,0.0,0.0,0.0,1.011,0.0
1784631760.169682,0,0,18840,0,0.0,0.0,0.0,0.0,1.012,0.0
1784631760.1704996,0,0,18850,0,0.0,0.0,0.0,0.0,1.012,0.0
1784631760.1710334,0,0,18860,0,0.0,0.0,0.0,0.0,1.013,0.0
1784631760.1715643,0,0,18870,0,0.0,0.0,0.0,0.0,1.014,0.0
1784631760.172081,0,0,18880,0,0.0,0.0,0.0,0.0,1.014,0.0
1784631760.1726074,0,0,18890,0,0.0,0.0,0.0,0.0,1.015,0.0
1784631760.17314,0,0,18900,0,0.0,0.0,0.0,0.0,1.015,0.0
1784631760.1737015,0,0,18910,0,0.0,0.0,0.0,0.0,1.016,0.0
1784631760.1742766,0,0,18920,0,0.0,0.0,0.0,0.0,1.017,0.0
1784631760.1748042,0,0,18930,0,0.0,0.0,0.0,0.0,1.017,0.0
1784631760.1753144,0,0,18940,0,0.0,0.0,0.0,0.0,1.018,0.0
1784631760.1756778,0,0,18950,0,0.0,0.0,0.0,0.0,1.018,0.0
1784631760.1760178,0,0,18960,0,0.0,0.0,0.0,0.0,1.019,0.0
1784631760.1763384,0,0,18970,0,0.0,0.0,0.0,0.0,1.019,0.0
1784631760.1766572,0,0,18980,0,0.0,0.0,0.0,0.0,1.02,0.0
1784631760.1769683,0,0,18990,0,0.0,0.0,0.0,0.0,1.021,0.0
1784631760.1773245,0,0,19000,0,0.0,0.0,0.0,0.0,1.021,0.0
1784631760.177672,0,0,19010,0,0.0,0.0,0.0,0.0,1.022,0.0
1784631760.1780648,0,0,19020,0,0.0,0.0,0.0,0.0,1.022,0.0
1784631760.1783936,0,0,19030,0,0.0,0.0,0.0,0.0,1.023,0.0
1784631760.1788177,0,0,19040,0,0.0,0.0,0.0,0.0,1.024,0.0
1784631760.1793654,0,0,19050,0,0.0,0.0,0.0,0.0,1.024,0.0
1784631760.1798368,0,0,19060,0,0.0,0.0,0.0,0.0,1.025,0.0
1784631760.1802366,0,0,19070,0,0.0,0.0,0.0,0.0,1.025,0.0
1784631760.3172083,0,0,19080,0,0.0,0.0,0.0,0.0,1.026,0.0
1784631760.3257205,0,0,19090,0,0.0,0.0,0.0,0.0,1.027,0.0
1784631760.3269496,0,0,19100,0,0.0,0.0,0.0,0.0,1.027,0.0
1784631760.3277225,0,0,19110,0,0.0,0.0,0.0,0.0,1.028,0.0
1784631760.3343868,0,0,19120,0,0.0,0.0,0.0,0.0,1.028,0.0
1784631760.3351443,0,0,19130,0,0.0,0.0,0.0,0.0,1.029,0.0
1784631760.3357105,0,0,19140,0,0.0,0.0,0.0,0.0,1.03,0.0
1784631760.3361104,0,0,19150,0,0.0,0.0,0.0,0.0,1.03,0.0
1784631760.336459,0,0,19160,0,0.0,0.0,0.0,0.0,1.031,0.0
1784631760.336764,0,0,19170,0,0.0,0.0,0.0,0.0,1.032,0.0
1784631760.3370807,0,0,19180,0,0.0,0.0,0.0,0.0,1.032,0.0
1784631760.3373709,0,0,19190,0,0.0,0.0,0.0,0.0,1.033,0.0
1784631760.3376596,0,0,19200,0,0.0,0.0,0.0,0.0,1.033,0.0
1784631760.3380227,0,0,19210,0,0.0,0.0,0.0,0.0,1.034,0.0
1784631760.3383186,0,0,19220,0,0.0,0.0,0.0,0.0,1.035,0.0
1784631760.3386128,0,0,19230,0,0.0,0.0,0.0,0.0,1.035,0.0
1784631760.3392096,0,0,19240,0,0.0,0.0,0.0,0.0,1.036,0.0
1784631760.3405588,0,0,19250,0,0.0,0.0,0.0,0.0,1.037,0.0
1784631760.3416255,0,0,19260,0,0.0,0.0,0.0,0.0,1.037,0.0
1784631760.3426356,0,0,19270,0,0.0,0.0,0.0,0.0,1.038,0.0
1784631760.3436534,0,0,19280,0,0.0,0.0,0.0,0.0,1.038,0.0
1784631760.344758,0,0,19290,0,0.0,0.0,0.0,0.0,1.039,0.0
1784631760.3456125,0,0,19300,0,0.0,0.0,0.0,0.0,1.04,0.0
1784631760.346992,0,0,19310,0,0.0,0.0,0.0,0.0,1.04,0.0
1784631760.348163,0,0,19320,0,0.0,0.0,0.0,0.0,1.041,0.0
1784631760.3490558,0,0,19330,0,0.0,0.0,0.0,0.0,1.042,0.0
1784631760.4703748,0,0,19340,0,0.0,0.0,0.0,0.0,1.042,0.0
1784631760.4714243,0,0,19350,0,0.0,0.0,0.0,0.0,1.043,0.0
1784631760.4725645,0,0,19360,0,0.0,0.0,0.0,0.0,1.044,0.0
1784631760.473658,0,0,19370,0,0.0,0.0,0.0,0.0,1.044,0.0
1784631760.47473,0,0,19380,0,0.0,0.0,0.0,0.0,1.045,0.0
1784631760.4765387,0,0,19390,0,0.0,0.0,0.0,0.0,1.046,0.0
1784631760.4775677,0,0,19400,0,0.0,0.0,0.0,0.0,1.046,0.0
1784631760.4783435,0,0,19410,0,0.0,0.0,0.0,0.0,1.047,0.0
1784631760.4788053,0,0,19420,0,0.0,0.0,0.0,0.0,1.047,0.0
1784631760.4791296,0,0,19430,0,0.0,0.0,0.0,0.0,1.048,0.0
1784631760.4794388,0,0,19440,0,0.0,0.0,0.0,0.0,1.049,0.0
1784631760.4798713,0,0,19450,0,0.0,0.0,0.0,0.0,1.049,0.0
1784631760.4811888,0,0,19460,0,0.0,0.0,0.0,0.0,1.05,0.0
1784631760.4825292,0,0,19470,0,0.0,0.0,0.0,0.0,1.051,0.0
1784631760.4839098,0,0,19480,0,0.0,0.0,0.0,0.0,1.051,0.0
1784631760.4851322,0,0,19490,0,0.0,0.0,0.0,0.0,1.052,0.0
1784631760.486041,0,0,19500,0,0.0,0.0,0.0,0.0,1.053,0.0
1784631760.4866562,0,0,19510,0,0.0,0.0,0.0,0.0,1.053,0.0
1784631760.4873395,0,0,19520,0,0.0,0.0,0.0,0.0,1.054,0.0
1784631760.4877274,0,0,19530,0,0.0,0.0,0.0,0.0,1.055,0.0
1784631760.4880905,0,0,19540,0,0.0,0.0,0.0,0.0,1.055,0.0
1784631760.4884973,0,0,19550,0,0.0,0.0,0.0,0.0,1.056,0.0
1784631760.4889746,0,0,19560,0,0.0,0.0,0.0,0.0,1.057,0.0
1784631760.489297,0,0,19570,0,0.0,0.0,0.0,0.0,1.057,0.0
1784631760.5919194,0,0,19580,0,0.0,0.0,0.0,0.0,1.058,0.0
1784631760.5925267,0,0,19590,0,0.0,0.0,0.0,0.0,1.059,0.0
1784631760.5933402,0,0,19600,0,0.0,0.0,0.0,0.0,1.059,0.0
1784631760.5941484,0,0,19610,0,0.0,0.0,0.0,0.0,1.06,0.0
1784631760.5949113,0,0,19620,0,0.0,0.0,0.0,0.0,1.061,0.0
1784631760.5954776,0,0,19630,0,0.0,0.0,0.0,0.0,1.062,0.0
1784631760.5961914,0,0,19640,0,0.0,0.0,0.0,0.0,1.062,0.0
1784631760.5968947,0,0,19650,0,0.0,0.0,0.0,0.0,1.063,0.0
1784631760.597427,0,0,19660,0,0.0,0.0,0.0,0.0,1.064,0.0
1784631760.5980947,0,0,19670,0,0.0,0.0,0.0,0.0,1.064,0.0
1784631760.5985363,0,0,19680,0,0.0,0.0,0.0,0.0,1.065,0.0
1784631760.599424,0,0,19690,0,0.0,0.0,0.0,0.0,1.066,0.0
1784631760.6011238,0,0,19700,0,0.0,0.0,0.0,0.0,1.066,0.0
1784631760.6017933,0,0,19710,0,0.0,0.0,0.0,0.0,1.067,0.0
1784631760.6022575,0,0,19720,0,0.0,0.0,0.0,0.0,1.068,0.0
1784631760.6028237,0,0,19730,0,0.0,0.0,0.0,0.0,1.068,0.0
1784631760.6033316,0,0,19740,0,0.0,0.0,0.0,0.0,1.069,0.0
1784631760.6039264,0,0,19750,0,0.0,0.0,0.0,0.0,1.07,0.0
1784631760.6044703,0,0,19760,0,0.0,0.0,0.0,0.0,1.07,0.0
1784631760.7087646,0,0,19770,0,0.0,0.0,0.0,0.0,1.071,0.0
1784631760.7092578,0,0,19780,0,0.0,0.0,0.0,0.0,1.072,0.0
1784631760.7096305,0,0,19790,0,0.0,0.0,0.0,0.0,1.073,0.0
1784631760.7099533,0,0,19800,0,0.0,0.0,0.0,0.0,1.073,0.0
1784631760.710328,0,0,19810,0,0.0,0.0,0.0,0.0,1.074,0.0
1784631760.7106469,0,0,19820,0,0.0,0.0,0.0,0.0,1.075,0.0
1784631760.7114828,0,0,19830,0,0.0,0.0,0.0,0.0,1.075,0.0
1784631760.712012,0,0,19840,0,0.0,0.0,0.0,0.0,1.076,0.0
1784631760.7123694,0,0,19850,0,0.0,0.0,0.0,0.0,1.077,0.0
1784631760.7127826,0,0,19860,0,0.0,0.0,0.0,0.0,1.078,0.0
1784631760.7131548,0,0,19870,0,0.0,0.0,0.0,0.0,1.078,0.0
1784631760.713467,0,0,19880,0,0.0,0.0,0.0,0.0,1.079,0.0
1784631760.7141418,0,0,19890,0,0.0,0.0,0.0,0.0,1.08,0.0
1784631760.7152805,0,0,19900,0,0.0,0.0,0.0,0.0,1.08,0.0
1784631760.7170515,0,0,19910,0,0.0,0.0,0.0,0.0,1.081,0.0
1784631760.820423,0,0,19920,0,0.0,0.0,0.0,0.0,1.082,0.0
1784631760.820935,0,0,19930,0,0.0,0.0,0.0,0.0,1.083,0.0
1784631760.821286,0,0,19940,0,0.0,0.0,0.0,0.0,1.083,0.0
1784631760.821734,0,0,19950,0,0.0,0.0,0.0,0.0,1.084,0.0
1784631760.8221147,0,0,19960,0,0.0,0.0,0.0,0.0,1.085,0.0
1784631760.8224432,0,0,19970,0,0.0,0.0,0.0,0.0,1.086,0.0
1784631760.822869,0,0,19980,0,0.0,0.0,0.0,0.0,1.086,0.0
1784631760.8232255,0,0,19990,0,0.0,0.0,0.0,0.0,1.087,0.0
1784631760.82384,0,0,20000,0,0.0,0.0,0.0,0.0,1.088,0.0
1784631760.8245854,0,0,20010,0,0.0,0.0,0.0,0.0,1.089,0.0
1784631760.8253684,0,0,20020,0,0.0,0.0,0.0,0.0,1.089,0.0
1784631760.8261137,0,0,20030,0,0.0,0.0,0.0,0.0,1.09,0.0
1784631760.826551,0,0,20040,0,0.0,0.0,0.0,0.0,1.091,0.0
1784631760.8273828,0,0,20050,0,0.0,0.0,0.0,0.0,1.092,0.0
1784631760.9305167,0,0,20060,0,0.0,0.0,0.0,0.0,1.092,0.0
1784631760.931198,0,0,20070,0,0.0,0.0,0.0,0.0,1.093,0.0
1784631760.9316232,0,0,20080,0,0.0,0.0,0.0,0.0,1.094,0.0
1784631760.9321399,0,0,20090,0,0.0,0.0,0.0,0.0,1.095,0.0
1784631760.9324522,0,0,20100,0,0.0,0.0,0.0,0.0,1.095,0.0
1784631760.9331272,0,0,20110,0,0.0,0.0,0.0,0.0,1.096,0.0
1784631760.9334993,0,0,20120,0,0.0,0.0,0.0,0.0,1.097,0.0
1784631760.9346066,0,0,20130,0,0.0,0.0,0.0,0.0,1.098,0.0
1784631760.9354224,0,0,20140,0,0.0,0.0,0.0,0.0,1.099,0.0
1784631760.9362833,0,0,20150,0,0.0,0.0,0.0,0.0,1.099,0.0
1784631760.9371433,0,0,20160,0,0.0,0.0,0.0,0.0,1.1,0.0
1784631760.9375985,0,0,20170,0,0.0,0.0,0.0,0.0,1.101,0.0
1784631760.9379792,0,0,20180,0,0.0,0.0,0.0,0.0,1.102,0.0
1784631760.9383326,0,0,20190,0,0.0,0.0,0.0,0.0,1.102,0.0
1784631760.938714,0,0,20200,0,0.0,0.0,0.0,0.0,1.103,0.0
1784631761.0401015,0,0,20210,0,0.0,0.0,0.0,0.0,1.104,0.0
1784631761.040598,0,0,20220,0,0.0,0.0,0.0,0.0,1.105,0.0
1784631761.0410905,0,0,20230,0,0.0,0.0,0.0,0.0,1.106,0.0
1784631761.0415058,0,0,20240,0,0.0,0.0,0.0,0.0,1.106,0.0
1784631761.0418735,0,0,20250,0,0.0,0.0,0.0,0.0,1.107,0.0
1784631761.042176,0,0,20260,0,0.0,0.0,0.0,0.0,1.108,0.0
1784631761.0427134,0,0,20270,0,0.0,0.0,0.0,0.0,1.109,0.0
1784631761.0436327,0,0,20280,0,0.0,0.0,0.0,0.0,1.11,0.0
1784631761.0445254,0,0,20290,0,0.0,0.0,0.0,0.0,1.11,0.0
1784631761.0455482,0,0,20300,0,0.0,0.0,0.0,0.0,1.111,0.0
1784631761.0462227,0,0,20310,0,0.0,0.0,0.0,0.0,1.112,0.0
1784631761.046811,0,0,20320,0,0.0,0.0,0.0,0.0,1.113,0.0
1784631761.0475006,0,0,20330,0,0.0,0.0,0.0,0.0,1.114,0.0
1784631761.5684335,0,0,20340,0,0.0,0.0,0.0,0.0,1.115,0.0
1784631761.6743665,0,0,20350,0,0.0,0.0,0.0,0.0,1.116,0.0
1784631761.676895,0,0,20360,0,0.0,0.0,0.0,0.0,1.117,0.0
1784631761.6784658,0,0,20370,0,0.0,0.0,0.0,0.0,1.118,0.0
1784631761.6793754,0,0,20380,0,0.0,0.0,0.0,0.0,1.119,0.0
1784631761.680385,0,0,20390,0,0.0,0.0,0.0,0.0,1.12,0.0
1784631761.6813593,0,0,20400,0,0.0,0.0,0.0,0.0,1.121,0.0
1784631761.6821685,0,0,20410,0,0.0,0.0,0.0,0.0,1.122,0.0
1784631761.6828594,0,0,20420,0,0.0,0.0,0.0,0.0,1.123,0.0
1784631761.683436,0,0,20430,0,0.0,0.0,0.0,0.0,1.124,0.0
1784631761.6841176,0,0,20440,0,0.0,0.0,0.0,0.0,1.125,0.0
1784631761.6846106,0,0,20450,0,0.0,0.0,0.0,0.0,1.127,0.0
1784631761.6850986,0,0,20460,0,0.0,0.0,0.0,0.0,1.128,0.0
1784631761.6854568,0,0,20470,0,0.0,0.0,0.0,0.0,1.129,0.0
1784631761.6858652,0,0,20480,0,0.0,0.0,0.0,0.0,1.13,0.0
1784631761.790537,0,0,20490,0,0.0,0.0,0.0,0.0,1.131,0.0
1784631761.7913907,0,0,20500,0,0.0,0.0,0.0,0.0,1.132,0.0
1784631761.79188,0,0,20510,0,0.0,0.0,0.0,0.0,1.133,0.0
1784631761.7921987,0,0,20520,0,0.0,0.0,0.0,0.0,1.134,0.0
1784631761.7927253,0,0,20530,0,0.0,0.0,0.0,0.0,1.135,0.0
1784631761.7933109,0,0,20540,0,0.0,0.0,0.0,0.0,1.137,0.0
1784631761.7940893,0,0,20550,0,0.0,0.0,0.0,0.0,1.138,0.0
1784631761.7954237,0,0,20560,0,0.0,0.0,0.0,0.0,1.139,0.0
1784631761.7961884,0,0,20570,0,0.0,0.0,0.0,0.0,1.14,0.0
1784631761.7968829,0,0,20580,0,0.0,0.0,0.0,0.0,1.141,0.0
1784631761.9151127,0,0,20590,0,0.0,0.0,0.0,0.0,1.142,0.0
1784631761.9161654,0,0,20600,0,0.0,0.0,0.0,0.0,1.143,0.0
1784631761.917246,0,0,20610,0,0.0,0.0,0.0,0.0,1.144,0.0
1784631761.9183686,0,0,20620,0,0.0,0.0,0.0,0.0,1.145,0.0
1784631761.9194794,0,0,20630,0,0.0,0.0,0.0,0.0,1.146,0.0
1784631761.9505546,0,0,20640,0,0.0,0.0,0.0,0.0,1.147,0.0
1784631761.9523573,0,0,20650,0,0.0,0.0,0.0,0.0,1.149,0.0
1784631761.953959,0,0,20660,0,0.0,0.0,0.0,0.0,1.15,0.0
1784631761.9630744,0,0,20670,0,0.0,0.0,0.0,0.0,1.151,0.0
1784631761.9642475,0,0,20680,0,0.0,0.0,0.0,0.0,1.152,0.0
1784631761.9653246,0,0,20690,0,0.0,0.0,0.0,0.0,1.153,0.0
1784631761.9663374,0,0,20700,0,0.0,0.0,0.0,0.0,1.154,0.0
1784631761.9739146,0,0,20710,0,0.0,0.0,0.0,0.0,1.155,0.0
1784631761.9752192,0,0,20720,0,0.0,0.0,0.0,0.0,1.156,0.0
1784631761.9782202,0,0,20730,0,0.0,0.0,0.0,0.0,1.157,0.0
1784631762.082606,0,0,20740,0,0.0,0.0,0.0,0.0,1.158,0.0
1784631762.083211,0,0,20750,0,0.0,0.0,0.0,0.0,1.159,0.0
1784631762.08371,0,0,20760,0,0.0,0.0,0.0,0.0,1.16,0.0
1784631762.0844772,0,0,20770,0,0.0,0.0,0.0,0.0,1.161,0.0
1784631762.0851007,0,0,20780,0,0.0,0.0,0.0,0.0,1.162,0.0
1784631762.085727,0,0,20790,0,0.0,0.0,0.0,0.0,1.163,0.0
1784631762.0862405,0,0,20800,0,0.0,0.0,0.0,0.0,1.164,0.0
1784631762.086719,0,0,20810,0,0.0,0.0,0.0,0.0,1.165,0.0
1784631762.0872786,0,0,20820,0,0.0,0.0,0.0,0.0,1.166,0.0
1784631762.0877757,0,0,20830,0,0.0,0.0,0.0,0.0,1.167,0.0
1784631762.0882742,0,0,20840,0,0.0,0.0,0.0,0.0,1.168,0.0
1784631762.0886843,0,0,20850,0,0.0,0.0,0.0,0.0,1.169,0.0
1784631762.0891302,0,0,20860,0,0.0,0.0,0.0,0.0,1.17,0.0
1784631762.089574,0,0,20870,0,0.0,0.0,0.0,0.0,1.171,0.0
1784631762.089925,0,0,20880,0,0.0,0.0,0.0,0.0,1.172,0.0
1784631762.1941335,0,0,20890,0,0.0,0.0,0.0,0.0,1.173,0.0
1784631762.1947474,0,0,20900,0,0.0,0.0,0.0,0.0,1.174,0.0
1784631762.1951125,0,0,20910,0,0.0,0.0,0.0,0.0,1.175,0.0
1784631762.195474,0,0,20920,0,0.0,0.0,0.0,0.0,1.177,0.0
1784631762.195827,0,0,20930,0,0.0,0.0,0.0,0.0,1.178,0.0
1784631762.1961336,0,0,20940,0,0.0,0.0,0.0,0.0,1.179,0.0
1784631762.1964877,0,0,20950,0,0.0,0.0,0.0,0.0,1.18,0.0
1784631762.1968727,0,0,20960,0,0.0,0.0,0.0,0.0,1.181,0.0
1784631762.1972415,0,0,20970,0,0.0,0.0,0.0,0.0,1.182,0.0
1784631762.1975873,0,0,20980,0,0.0,0.0,0.0,0.0,1.183,0.0
1784631762.299134,0,0,20990,0,0.0,0.0,0.0,0.0,1.184,0.0
1784631762.2999024,0,0,21000,0,0.0,0.0,0.0,0.0,1.185,0.0
1784631762.3004913,0,0,21010,0,0.0,0.0,0.0,0.0,1.186,0.0
1784631762.3010404,0,0,21020,0,0.0,0.0,0.0,0.0,1.187,0.0
1784631762.3014858,0,0,21030,0,0.0,0.0,0.0,0.0,1.188,0.0
1784631762.301889,0,0,21040,0,0.0,0.0,0.0,0.0,1.189,0.0
1784631762.3022788,0,0,21050,0,0.0,0.0,0.0,0.0,1.19,0.0
1784631762.3027177,0,0,21060,0,0.0,0.0,0.0,0.0,1.192,0.0
1784631762.3031347,0,0,21070,0,0.0,0.0,0.0,0.0,1.193,0.0
1784631762.3035064,0,0,21080,0,0.0,0.0,0.0,0.0,1.194,0.0
1784631762.303882,0,0,21090,0,0.0,0.0,0.0,0.0,1.195,0.0
1784631762.4325676,0,0,21100,0,0.0,0.0,0.0,0.0,1.196,0.0
1784631762.4333215,0,0,21110,0,0.0,0.0,0.0,0.0,1.197,0.0
1784631762.4337776,0,0,21120,0,0.0,0.0,0.0,0.0,1.198,0.0
1784631762.4342945,0,0,21130,0,0.0,0.0,0.0,0.0,1.199,0.0
1784631762.4346583,0,0,21140,0,0.0,0.0,0.0,0.0,1.2,0.0
1784631762.4350376,0,0,21150,0,0.0,0.0,0.0,0.0,1.201,0.0
1784631762.4354112,0,0,21160,0,0.0,0.0,0.0,0.0,1.202,0.0
1784631762.4357207,0,0,21170,0,0.0,0.0,0.0,0.0,1.203,0.0
1784631762.4360766,0,0,21180,0,0.0,0.0,0.0,0.0,1.205,0.0
1784631762.4364297,0,0,21190,0,0.0,0.0,0.0,0.0,1.206,0.0
1784631762.4368687,0,0,21200,0,0.0,0.0,0.0,0.0,1.207,0.0
1784631762.4372032,0,0,21210,0,0.0,0.0,0.0,0.0,1.208,0.0
1784631762.560094,0,0,21220,0,0.0,0.0,0.0,0.0,1.209,0.0
1784631762.5607224,0,0,21230,0,0.0,0.0,0.0,0.0,1.21,0.0
1784631762.561121,0,0,21240,0,0.0,0.0,0.0,0.0,1.211,0.0
1784631762.5613725,0,0,21250,0,0.0,0.0,0.0,0.0,1.212,0.0
1784631762.561889,0,0,21260,0,0.0,0.0,0.0,0.0,1.211,0.0
1784631762.562269,0,0,21270,0,0.0,0.0,0.0,0.0,1.211,0.0
1784631762.5626588,0,0,21280,0,0.0,0.0,0.0,0.0,1.21,0.0
1784631762.6837819,0,0,21290,0,0.0,0.0,0.0,0.0,1.21,0.0
1784631762.684435,0,0,21300,0,0.0,0.0,0.0,0.0,1.209,0.0
1784631762.6851065,0,0,21310,0,0.0,0.0,0.0,0.0,1.209,0.0
1784631762.68596,0,0,21320,0,0.0,0.0,0.0,0.0,1.208,0.0
1784631762.6866362,0,0,21330,0,0.0,0.0,0.0,0.0,1.207,0.0
1784631762.686987,0,0,21340,0,0.0,0.0,0.0,0.0,1.207,0.0
1784631762.6873667,0,0,21350,0,0.0,0.0,0.0,0.0,1.206,0.0
1784631762.687851,0,0,21360,0,0.0,0.0,0.0,0.0,1.206,0.0
1784631762.80947,0,0,21370,0,0.0,0.0,0.0,0.0,1.205,0.0
1784631762.8156328,0,0,21380,0,0.0,0.0,0.0,0.0,1.205,0.0
1784631762.8165846,0,0,21390,0,0.0,0.0,0.0,0.0,1.204,0.0
1784631762.8171866,0,0,21400,0,0.0,0.0,0.0,0.0,1.203,0.0
1784631762.8175435,0,0,21410,0,0.0,0.0,0.0,0.0,1.203,0.0
1784631762.9258676,0,0,21420,0,0.0,0.0,0.0,0.0,1.202,0.0
1784631762.9265332,0,0,21430,0,0.0,0.0,0.0,0.0,1.202,0.0
1784631762.9270377,0,0,21440,0,0.0,0.0,0.0,0.0,1.201,0.0
1784631762.9274006,0,0,21450,0,0.0,0.0,0.0,0.0,1.201,0.0
1784631764.483312,0,0,21460,0,0.0,0.0,0.0,0.0,1.2,0.0
1784631764.483796,0,0,21470,0,0.0,0.0,0.0,0.0,1.2,0.0
1784631764.4841855,0,0,21480,0,0.0,0.0,0.0,0.0,1.199,0.0
1784631764.4844465,0,0,21490,0,0.0,0.0,0.0,0.0,1.198,0.0
1784631764.4847674,0,0,21500,0,0.0,0.0,0.0,0.0,1.198,0.0
1784631764.4850929,0,0,21510,0,0.0,0.0,0.0,0.0,1.197,0.0
1784631764.4853876,0,0,21520,0,0.0,0.0,0.0,0.0,1.197,0.0
1784631764.4856737,0,0,21530,0,0.0,0.0,0.0,0.0,1.196,0.0
1784631764.4860072,0,0,21540,0,0.0,0.0,0.0,0.0,1.196,0.0
1784631764.4863143,0,0,21550,0,0.0,0.0,0.0,0.0,1.195,0.0
1784631764.486599,0,0,21560,0,0.0,0.0,0.0,0.0,1.195,0.0
1784631764.4869468,0,0,21570,0,0.0,0.0,0.0,0.0,1.196,0.0
1784631764.612412,0,0,21580,0,0.0,0.0,0.0,0.0,1.196,0.0
1784631764.6129358,0,0,21590,0,0.0,0.0,0.0,0.0,1.196,0.0
1784631764.6132255,0,0,21600,0,0.0,0.0,0.0,0.0,1.197,0.0
1784631764.6134822,0,0,21610,0,0.0,0.0,0.0,0.0,1.197,0.0
1784631764.6138318,0,0,21620,0,0.0,0.0,0.0,0.0,1.197,0.0
1784631764.6141007,0,0,21630,0,0.0,0.0,0.0,0.0,1.198,0.0
1784631764.6143537,0,0,21640,0,0.0,0.0,0.0,0.0,1.198,0.0
1784631764.61467,0,0,21650,0,0.0,0.0,0.0,0.0,1.199,0.0
1784631764.6149442,0,0,21660,0,0.0,0.0,0.0,0.0,1.199,0.0
1784631764.6152003,0,0,21670,0,0.0,0.0,0.0,0.0,1.199,0.0
1784631764.6154885,0,0,21680,0,0.0,0.0,0.0,0.0,1.2,0.0
1784631764.6158183,0,0,21690,0,0.0,0.0,0.0,0.0,1.2,0.0
1784631764.616093,0,0,21700,0,0.0,0.0,0.0,0.0,1.2,0.0
1784631764.6163573,0,0,21710,0,0.0,0.0,0.0,0.0,1.201,0.0
1784631764.6166947,0,0,21720,0,0.0,0.0,0.0,0.0,1.201,0.0
1784631764.6169808,0,0,21730,0,0.0,0.0,0.0,0.0,1.201,0.0
1784631764.617245,0,0,21740,0,0.0,0.0,0.0,0.0,1.202,0.0
1784631764.6175013,0,0,21750,0,0.0,0.0,0.0,0.0,1.202,0.0
1784631764.6177654,0,0,21760,0,0.0,0.0,0.0,0.0,1.203,0.0
1784631764.6181736,0,0,21770,0,0.0,0.0,0.0,0.0,1.203,0.0
1784631764.6186092,0,0,21780,0,0.0,0.0,0.0,0.0,1.203,0.0
1784631764.6189291,0,0,21790,0,0.0,0.0,0.0,0.0,1.204,0.0
1784631764.6193256,0,0,21800,0,0.0,0.0,0.0,0.0,1.204,0.0
1784631764.619672,0,0,21810,0,0.0,0.0,0.0,0.0,1.204,0.0
1784631764.620253,0,0,21820,0,0.0,0.0,0.0,0.0,1.205,0.0
1784631764.6206245,0,0,21830,0,0.0,0.0,0.0,0.0,1.205,0.0
1784631764.6210203,0,0,21840,0,0.0,0.0,0.0,0.0,1.205,0.0
1784631764.6213746,0,0,21850,0,0.0,0.0,0.0,0.0,1.206,0.0
1784631764.6216822,0,0,21860,0,0.0,0.0,0.0,0.0,1.206,0.0
1784631764.6219654,0,0,21870,0,0.0,0.0,0.0,0.0,1.207,0.0
1784631764.6222992,0,0,21880,0,0.0,0.0,0.0,0.0,1.207,0.0
1784631764.622666,0,0,21890,0,0.0,0.0,0.0,0.0,1.207,0.0
1784631764.7365012,0,0,21900,0,0.0,0.0,0.0,0.0,1.208,0.0
1784631764.737069,0,0,21910,0,0.0,0.0,0.0,0.0,1.208,0.0
1784631764.7375584,0,0,21920,0,0.0,0.0,0.0,0.0,1.208,0.0
1784631764.7379663,0,0,21930,0,0.0,0.0,0.0,0.0,1.209,0.0
1784631764.73824,0,0,21940,0,0.0,0.0,0.0,0.0,1.209,0.0
1784631764.7385879,0,0,21950,0,0.0,0.0,0.0,0.0,1.209,0.0
1784631764.738948,0,0,21960,0,0.0,0.0,0.0,0.0,1.21,0.0
1784631764.7392457,0,0,21970,0,0.0,0.0,0.0,0.0,1.21,0.0
1784631764.7395914,0,0,21980,0,0.0,0.0,0.0,0.0,1.21,0.0
1784631764.7399657,0,0,21990,0,0.0,0.0,0.0,0.0,1.211,0.0
1784631764.7402644,0,0,22000,0,0.0,0.0,0.0,0.0,1.211,0.0
1784631764.7407858,0,0,22010,0,0.0,0.0,0.0,0.0,1.211,0.0
1784631764.741074,0,0,22020,0,0.0,0.0,0.0,0.0,1.212,0.0
1784631764.7413845,0,0,22030,0,0.0,0.0,0.0,0.0,1.212,0.0
1784631764.7419815,0,0,22040,0,0.0,0.0,0.0,0.0,1.212,0.0
1784631764.742272,0,0,22050,0,0.0,0.0,0.0,0.0,1.213,0.0
1784631764.7425973,0,0,22060,0,0.0,0.0,0.0,0.0,1.213,0.0
1784631764.742945,0,0,22070,0,0.0,0.0,0.0,0.0,1.213,0.0
1784631764.7432466,0,0,22080,0,0.0,0.0,0.0,0.0,1.214,0.0
1784631764.7435865,0,0,22090,0,0.0,0.0,0.0,0.0,1.214,0.0
1784631764.7438703,0,0,22100,0,0.0,0.0,0.0,0.0,1.215,0.0
1784631764.8594773,0,0,22110,0,0.0,0.0,0.0,0.0,1.215,0.0
1784631764.8601873,0,0,22120,0,0.0,0.0,0.0,0.0,1.215,0.0
1784631764.8605025,0,0,22130,0,0.0,0.0,0.0,0.0,1.216,0.0
1784631764.8609147,0,0,22140,0,0.0,0.0,0.0,0.0,1.216,0.0
1784631764.8612025,0,0,22150,0,0.0,0.0,0.0,0.0,1.216,0.0
1784631764.8614795,0,0,22160,0,0.0,0.0,0.0,0.0,1.217,0.0
1784631764.8617578,0,0,22170,0,0.0,0.0,0.0,0.0,1.217,0.0
1784631764.862159,0,0,22180,0,0.0,0.0,0.0,0.0,1.217,0.0
1784631764.8624437,0,0,22190,0,0.0,0.0,0.0,0.0,1.218,0.0
1784631764.8630233,0,0,22200,0,0.0,0.0,0.0,0.0,1.218,0.0
1784631764.8633232,0,0,22210,0,0.0,0.0,0.0,0.0,1.219,0.0
1784631764.8636057,0,0,22220,0,0.0,0.0,0.0,0.0,1.219,0.0
1784631764.864056,0,0,22230,0,0.0,0.0,0.0,0.0,1.219,0.0
1784631764.8643458,0,0,22240,0,0.0,0.0,0.0,0.0,1.22,0.0
1784631764.8646185,0,0,22250,0,0.0,0.0,0.0,0.0,1.22,0.0
1784631764.8649495,0,0,22260,0,0.0,0.0,0.0,0.0,1.22,0.0
1784631764.8652244,0,0,22270,0,0.0,0.0,0.0,0.0,1.221,0.0
1784631764.8654904,0,0,22280,0,0.0,0.0,0.0,0.0,1.221,0.0
1784631764.9856794,0,0,22290,0,0.0,0.0,0.0,0.0,1.222,0.0
1784631764.9862564,0,0,22300,0,0.0,0.0,0.0,0.0,1.222,0.0
1784631764.9865723,0,0,22310,0,0.0,0.0,0.0,0.0,1.222,0.0
1784631764.9871097,0,0,22320,0,0.0,0.0,0.0,0.0,1.223,0.0
1784631764.9875057,0,0,22330,0,0.0,0.0,0.0,0.0,1.223,0.0
1784631764.987982,0,0,22340,0,0.0,0.0,0.0,0.0,1.224,0.0
1784631764.988335,0,0,22350,0,0.0,0.0,0.0,0.0,1.224,0.0
1784631764.9887345,0,0,22360,0,0.0,0.0,0.0,0.0,1.224,0.0
1784631764.9891465,0,0,22370,0,0.0,0.0,0.0,0.0,1.225,0.0
1784631764.9894314,0,0,22380,0,0.0,0.0,0.0,0.0,1.225,0.0
1784631764.9898674,0,0,22390,0,0.0,0.0,0.0,0.0,1.225,0.0
1784631764.9901614,0,0,22400,0,0.0,0.0,0.0,0.0,1.226,0.0
1784631764.9904373,0,0,22410,0,0.0,0.0,0.0,0.0,1.226,0.0
1784631764.990877,0,0,22420,0,0.0,0.0,0.0,0.0,1.227,0.0
1784631764.9912734,0,0,22430,0,0.0,0.0,0.0,0.0,1.227,0.0
1784631764.991619,0,0,22440,0,0.0,0.0,0.0,0.0,1.227,0.0
1784631764.9920065,0,0,22450,0,0.0,0.0,0.0,0.0,1.228,0.0
1784631764.9922838,0,0,22460,0,0.0,0.0,0.0,0.0,1.228,0.0
1784631765.1059904,0,0,22470,0,0.0,0.0,0.0,0.0,1.229,0.0
1784631765.1067176,0,0,22480,0,0.0,0.0,0.0,0.0,1.229,0.0
1784631765.107579,0,0,22490,0,0.0,0.0,0.0,0.0,1.229,0.0
1784631765.108179,0,0,22500,0,0.0,0.0,0.0,0.0,1.23,0.0
1784631765.1085799,0,0,22510,0,0.0,0.0,0.0,0.0,1.23,0.0
1784631765.1089358,0,0,22520,0,0.0,0.0,0.0,0.0,1.231,0.0
1784631765.109452,0,0,22530,0,0.0,0.0,0.0,0.0,1.231,0.0
1784631765.1097498,0,0,22540,0,0.0,0.0,0.0,0.0,1.231,0.0
1784631765.1102219,0,0,22550,0,0.0,0.0,0.0,0.0,1.232,0.0
1784631765.1106184,0,0,22560,0,0.0,0.0,0.0,0.0,1.232,0.0
1784631765.1110992,0,0,22570,0,0.0,0.0,0.0,0.0,1.233,0.0
1784631765.227383,0,0,22580,0,0.0,0.0,0.0,0.0,1.233,0.0
1784631765.2283266,0,0,22590,0,0.0,0.0,0.0,0.0,1.234,0.0
1784631765.2288506,0,0,22600,0,0.0,0.0,0.0,0.0,1.234,0.0
1784631765.2292075,0,0,22610,0,0.0,0.0,0.0,0.0,1.234,0.0
1784631765.2296517,0,0,22620,0,0.0,0.0,0.0,0.0,1.235,0.0
1784631765.2304108,0,0,22630,0,0.0,0.0,0.0,0.0,1.235,0.0
1784631765.2310295,0,0,22640,0,0.0,0.0,0.0,0.0,1.236,0.0
1784631765.231393,0,0,22650,0,0.0,0.0,0.0,0.0,1.236,0.0
1784631765.232009,0,0,22660,0,0.0,0.0,0.0,0.0,1.237,0.0
1784631765.2323446,0,0,22670,0,0.0,0.0,0.0,0.0,1.237,0.0
1784631765.2329757,0,0,22680,0,0.0,0.0,0.0,0.0,1.238,0.0
1784631765.233351,0,0,22690,0,0.0,0.0,0.0,0.0,1.238,0.0
1784631765.233724,0,0,22700,0,0.0,0.0,0.0,0.0,1.238,0.0
1784631765.2340693,0,0,22710,0,0.0,0.0,0.0,0.0,1.239,0.0
1784631765.2344747,0,0,22720,0,0.0,0.0,0.0,0.0,1.239,0.0
1784631765.234838,0,0,22730,0,0.0,0.0,0.0,0.0,1.24,0.0
1784631765.235155,0,0,22740,0,0.0,0.0,0.0,0.0,1.24,0.0
1784631765.376132,0,0,22750,0,0.0,0.0,0.0,0.0,1.241,0.0
1784631765.376723,0,0,22760,0,0.0,0.0,0.0,0.0,1.241,0.0
1784631765.390199,0,0,22770,0,0.0,0.0,0.0,0.0,1.242,0.0
1784631765.3908007,0,0,22780,0,0.0,0.0,0.0,0.0,1.242,0.0
1784631765.3913026,0,0,22790,0,0.0,0.0,0.0,0.0,1.243,0.0
1784631765.3917124,0,0,22800,0,0.0,0.0,0.0,0.0,1.243,0.0
1784631765.392418,0,0,22810,0,0.0,0.0,0.0,0.0,1.243,0.0
1784631765.3986244,0,0,22820,0,0.0,0.0,0.0,0.0,1.244,0.0
1784631765.3991842,0,0,22830,0,0.0,0.0,0.0,0.0,1.244,0.0
1784631765.3995957,0,0,22840,0,0.0,0.0,0.0,0.0,1.245,0.0
1784631765.4000318,0,0,22850,0,0.0,0.0,0.0,0.0,1.245,0.0
1784631765.4004586,0,0,22860,0,0.0,0.0,0.0,0.0,1.246,0.0
1784631765.4007514,0,0,22870,0,0.0,0.0,0.0,0.0,1.246,0.0
1784631765.4011276,0,0,22880,0,0.0,0.0,0.0,0.0,1.247,0.0
1784631765.4015303,0,0,22890,0,0.0,0.0,0.0,0.0,1.247,0.0
1784631765.4019783,0,0,22900,0,0.0,0.0,0.0,0.0,1.248,0.0
1784631765.4022703,0,0,22910,0,0.0,0.0,0.0,0.0,1.248,0.0
1784631765.4026453,0,0,22920,0,0.0,0.0,0.0,0.0,1.249,0.0
1784631765.4029791,0,0,22930,0,0.0,0.0,0.0,0.0,1.249,0.0
1784631765.4032419,0,0,22940,0,0.0,0.0,0.0,0.0,1.25,0.0
1784631765.4036508,0,0,22950,0,0.0,0.0,0.0,0.0,1.25,0.0
1784631765.403988,0,0,22960,0,0.0,0.0,0.0,0.0,1.251,0.0
1784631765.4042478,0,0,22970,0,0.0,0.0,0.0,0.0,1.251,0.0
1784631765.4046118,0,0,22980,0,0.0,0.0,0.0,0.0,1.252,0.0
1784631765.4049351,0,0,22990,0,0.0,0.0,0.0,0.0,1.252,0.0
1784631765.5228636,0,0,23000,0,0.0,0.0,0.0,0.0,1.253,0.0
1784631765.5233216,0,0,23010,0,0.0,0.0,0.0,0.0,1.253,0.0
1784631765.523724,0,0,23020,0,0.0,0.0,0.0,0.0,1.254,0.0
1784631765.5240128,0,0,23030,0,0.0,0.0,0.0,0.0,1.254,0.0
1784631765.5242965,0,0,23040,0,0.0,0.0,0.0,0.0,1.255,0.0
1784631765.524568,0,0,23050,0,0.0,0.0,0.0,0.0,1.255,0.0
1784631765.5248456,0,0,23060,0,0.0,0.0,0.0,0.0,1.256,0.0
1784631765.5251822,0,0,23070,0,0.0,0.0,0.0,0.0,1.256,0.0
1784631765.5254707,0,0,23080,0,0.0,0.0,0.0,0.0,1.257,0.0
1784631765.525847,0,0,23090,0,0.0,0.0,0.0,0.0,1.257,0.0
1784631765.5262532,0,0,23100,0,0.0,0.0,0.0,0.0,1.258,0.0
1784631765.5268874,0,0,23110,0,0.0,0.0,0.0,0.0,1.258,0.0
1784631765.527312,0,0,23120,0,0.0,0.0,0.0,0.0,1.259,0.0
1784631765.5276895,0,0,23130,0,0.0,0.0,0.0,0.0,1.259,0.0
1784631765.5280051,0,0,23140,0,0.0,0.0,0.0,0.0,1.26,0.0
1784631765.5283296,0,0,23150,0,0.0,0.0,0.0,0.0,1.26,0.0
1784631765.5287154,0,0,23160,0,0.0,0.0,0.0,0.0,1.261,0.0
1784631765.5289912,0,0,23170,0,0.0,0.0,0.0,0.0,1.261,0.0
1784631765.5292766,0,0,23180,0,0.0,0.0,0.0,0.0,1.262,0.0
1784631765.5295947,0,0,23190,0,0.0,0.0,0.0,0.0,1.262,0.0
1784631765.529904,0,0,23200,0,0.0,0.0,0.0,0.0,1.263,0.0
1784631765.530233,0,0,23210,0,0.0,0.0,0.0,0.0,1.263,0.0
1784631765.5306435,0,0,23220,0,0.0,0.0,0.0,0.0,1.264,0.0
1784631765.530957,0,0,23230,0,0.0,0.0,0.0,0.0,1.264,0.0
1784631765.531378,0,0,23240,0,0.0,0.0,0.0,0.0,1.265,0.0
1784631765.5321813,0,0,23250,0,0.0,0.0,0.0,0.0,1.266,0.0
1784631765.532885,0,0,23260,0,0.0,0.0,0.0,0.0,1.266,0.0
1784631765.5334458,0,0,23270,0,0.0,0.0,0.0,0.0,1.267,0.0
1784631765.5338523,0,0,23280,0,0.0,0.0,0.0,0.0,1.267,0.0
1784631765.534269,0,0,23290,0,0.0,0.0,0.0,0.0,1.268,0.0
1784631765.6419475,0,0,23300,0,0.0,0.0,0.0,0.0,1.268,0.0
1784631765.6427023,0,0,23310,0,0.0,0.0,0.0,0.0,1.269,0.0
1784631765.6432004,0,0,23320,0,0.0,0.0,0.0,0.0,1.269,0.0
1784631765.6435897,0,0,23330,0,0.0,0.0,0.0,0.0,1.27,0.0
1784631765.643892,0,0,23340,0,0.0,0.0,0.0,0.0,1.27,0.0
1784631765.6443067,0,0,23350,0,0.0,0.0,0.0,0.0,1.271,0.0
1784631765.644661,0,0,23360,0,0.0,0.0,0.0,0.0,1.271,0.0
1784631765.645122,0,0,23370,0,0.0,0.0,0.0,0.0,1.272,0.0
1784631765.645569,0,0,23380,0,0.0,0.0,0.0,0.0,1.272,0.0
1784631765.6458657,0,0,23390,0,0.0,0.0,0.0,0.0,1.273,0.0
1784631765.6522095,0,0,23400,0,0.0,0.0,0.0,0.0,1.273,0.0
1784631765.6531892,0,0,23410,0,0.0,0.0,0.0,0.0,1.274,0.0
1784631765.6535428,0,0,23420,0,0.0,0.0,0.0,0.0,1.275,0.0
1784631765.6538317,0,0,23430,0,0.0,0.0,0.0,0.0,1.275,0.0
1784631765.6541944,0,0,23440,0,0.0,0.0,0.0,0.0,1.276,0.0
1784631765.6544714,0,0,23450,0,0.0,0.0,0.0,0.0,1.276,0.0
1784631765.6548238,0,0,23460,0,0.0,0.0,0.0,0.0,1.277,0.0
1784631765.6553464,0,0,23470,0,0.0,0.0,0.0,0.0,1.277,0.0
1784631765.6556435,0,0,23480,0,0.0,0.0,0.0,0.0,1.278,0.0
1784631765.656018,0,0,23490,0,0.0,0.0,0.0,0.0,1.278,0.0
1784631765.656333,0,0,23500,0,0.0,0.0,0.0,0.0,1.279,0.0
1784631765.656603,0,0,23510,0,0.0,0.0,0.0,0.0,1.28,0.0
1784631765.6570203,0,0,23520,0,0.0,0.0,0.0,0.0,1.28,0.0
1784631765.6573794,0,0,23530,0,0.0,0.0,0.0,0.0,1.281,0.0
1784631765.7816896,0,0,23540,0,0.0,0.0,0.0,0.0,1.281,0.0
1784631765.782158,0,0,23550,0,0.0,0.0,0.0,0.0,1.282,0.0
1784631765.7825315,0,0,23560,0,0.0,0.0,0.0,0.0,1.282,0.0
1784631765.782876,0,0,23570,0,0.0,0.0,0.0,0.0,1.283,0.0
1784631765.7831426,0,0,23580,0,0.0,0.0,0.0,0.0,1.283,0.0
1784631765.783498,0,0,23590,0,0.0,0.0,0.0,0.0,1.284,0.0
1784631765.783906,0,0,23600,0,0.0,0.0,0.0,0.0,1.285,0.0
1784631765.784174,0,0,23610,0,0.0,0.0,0.0,0.0,1.285,0.0
1784631765.784604,0,0,23620,0,0.0,0.0,0.0,0.0,1.286,0.0
1784631765.7849398,0,0,23630,0,0.0,0.0,0.0,0.0,1.286,0.0
1784631765.7852008,0,0,23640,0,0.0,0.0,0.0,0.0,1.287,0.0
1784631765.7856648,0,0,23650,0,0.0,0.0,0.0,0.0,1.287,0.0
1784631765.7860138,0,0,23660,0,0.0,0.0,0.0,0.0,1.288,0.0
1784631765.786405,0,0,23670,0,0.0,0.0,0.0,0.0,1.288,0.0
1784631765.7868638,0,0,23680,0,0.0,0.0,0.0,0.0,1.289,0.0
1784631765.7871544,0,0,23690,0,0.0,0.0,0.0,0.0,1.29,0.0
1784631765.7875993,0,0,23700,0,0.0,0.0,0.0,0.0,1.29,0.0
1784631765.7880383,0,0,23710,0,0.0,0.0,0.0,0.0,1.291,0.0
1784631765.7884753,0,0,23720,0,0.0,0.0,0.0,0.0,1.291,0.0
1784631765.7888842,0,0,23730,0,0.0,0.0,0.0,0.0,1.292,0.0
1784631765.789168,0,0,23740,0,0.0,0.0,0.0,0.0,1.293,0.0
1784631765.7896225,0,0,23750,0,0.0,0.0,0.0,0.0,1.293,0.0
1784631765.7899506,0,0,23760,0,0.0,0.0,0.0,0.0,1.294,0.0
1784631765.7902865,0,0,23770,0,0.0,0.0,0.0,0.0,1.294,0.0
1784631765.7909355,0,0,23780,0,0.0,0.0,0.0,0.0,1.295,0.0
1784631765.9101493,0,0,23790,0,0.0,0.0,0.0,0.0,1.295,0.0
1784631765.9107764,0,0,23800,0,0.0,0.0,0.0,0.0,1.296,0.0
1784631765.9113038,0,0,23810,0,0.0,0.0,0.0,0.0,1.297,0.0
1784631765.9117043,0,0,23820,0,0.0,0.0,0.0,0.0,1.297,0.0
1784631765.91216,0,0,23830,0,0.0,0.0,0.0,0.0,1.298,0.0
1784631765.9124672,0,0,23840,0,0.0,0.0,0.0,0.0,1.298,0.0
1784631765.9128842,0,0,23850,0,0.0,0.0,0.0,0.0,1.299,0.0
1784631765.9131997,0,0,23860,0,0.0,0.0,0.0,0.0,1.3,0.0
1784631765.9134662,0,0,23870,0,0.0,0.0,0.0,0.0,1.3,0.0
1784631765.9139953,0,0,23880,0,0.0,0.0,0.0,0.0,1.301,0.0
1784631765.9142737,0,0,23890,0,0.0,0.0,0.0,0.0,1.301,0.0
1784631765.914609,0,0,23900,0,0.0,0.0,0.0,0.0,1.302,0.0
1784631765.9150467,0,0,23910,0,0.0,0.0,0.0,0.0,1.303,0.0
1784631765.9153743,0,0,23920,0,0.0,0.0,0.0,0.0,1.303,0.0
1784631765.9157736,0,0,23930,0,0.0,0.0,0.0,0.0,1.304,0.0
1784631765.9161787,0,0,23940,0,0.0,0.0,0.0,0.0,1.304,0.0
1784631765.9164467,0,0,23950,0,0.0,0.0,0.0,0.0,1.305,0.0
1784631765.9167123,0,0,23960,0,0.0,0.0,0.0,0.0,1.306,0.0
1784631765.916985,0,0,23970,0,0.0,0.0,0.0,0.0,1.306,0.0
1784631765.917725,0,0,23980,0,0.0,0.0,0.0,0.0,1.307,0.0
1784631765.9184017,0,0,23990,0,0.0,0.0,0.0,0.0,1.307,0.0
1784631765.9191208,0,0,24000,0,0.0,0.0,0.0,0.0,1.308,0.0
1784631765.919873,0,0,24010,0,0.0,0.0,0.0,0.0,1.309,0.0
1784631765.9203207,0,0,24020,0,0.0,0.0,0.0,0.0,1.309,0.0
1784631766.034911,0,0,24030,0,0.0,0.0,0.0,0.0,1.31,0.0
1784631766.0355723,0,0,24040,0,0.0,0.0,0.0,0.0,1.311,0.0
1784631766.036085,0,0,24050,0,0.0,0.0,0.0,0.0,1.311,0.0
1784631766.036489,0,0,24060,0,0.0,0.0,0.0,0.0,1.312,0.0
1784631766.0368962,0,0,24070,0,0.0,0.0,0.0,0.0,1.312,0.0
1784631766.037268,0,0,24080,0,0.0,0.0,0.0,0.0,1.313,0.0
1784631766.0375612,0,0,24090,0,0.0,0.0,0.0,0.0,1.314,0.0
1784631766.0378702,0,0,24100,0,0.0,0.0,0.0,0.0,1.314,0.0
1784631766.0382288,0,0,24110,0,0.0,0.0,0.0,0.0,1.315,0.0
1784631766.0385337,0,0,24120,0,0.0,0.0,0.0,0.0,1.316,0.0
1784631766.0388427,0,0,24130,0,0.0,0.0,0.0,0.0,1.316,0.0
1784631766.039203,0,0,24140,0,0.0,0.0,0.0,0.0,1.317,0.0
1784631766.0395095,0,0,24150,0,0.0,0.0,0.0,0.0,1.317,0.0
1784631766.0398004,0,0,24160,0,0.0,0.0,0.0,0.0,1.318,0.0
1784631766.0401962,0,0,24170,0,0.0,0.0,0.0,0.0,1.319,0.0
1784631766.040572,0,0,24180,0,0.0,0.0,0.0,0.0,1.319,0.0
1784631766.04088,0,0,24190,0,0.0,0.0,0.0,0.0,1.32,0.0
1784631766.0411894,0,0,24200,0,0.0,0.0,0.0,0.0,1.321,0.0
1784631766.04151,0,0,24210,0,0.0,0.0,0.0,0.0,1.321,0.0
1784631766.041908,0,0,24220,0,0.0,0.0,0.0,0.0,1.322,0.0
1784631766.04259,0,0,24230,0,0.0,0.0,0.0,0.0,1.323,0.0
1784631766.0437524,0,0,24240,0,0.0,0.0,0.0,0.0,1.323,0.0
1784631766.1585338,0,0,24250,0,0.0,0.0,0.0,0.0,1.324,0.0
1784631766.1591249,0,0,24260,0,0.0,0.0,0.0,0.0,1.324,0.0
1784631766.1594517,0,0,24270,0,0.0,0.0,0.0,0.0,1.325,0.0
1784631766.1598666,0,0,24280,0,0.0,0.0,0.0,0.0,1.326,0.0
1784631766.160178,0,0,24290,0,0.0,0.0,0.0,0.0,1.326,0.0
1784631766.1604638,0,0,24300,0,0.0,0.0,0.0,0.0,1.327,0.0
1784631766.1608264,0,0,24310,0,0.0,0.0,0.0,0.0,1.328,0.0
1784631766.1611211,0,0,24320,0,0.0,0.0,0.0,0.0,1.328,0.0
1784631766.161405,0,0,24330,0,0.0,0.0,0.0,0.0,1.329,0.0
1784631766.1617615,0,0,24340,0,0.0,0.0,0.0,0.0,1.33,0.0
1784631766.1620915,0,0,24350,0,0.0,0.0,0.0,0.0,1.33,0.0
1784631766.1623807,0,0,24360,0,0.0,0.0,0.0,0.0,1.331,0.0
1784631766.1627343,0,0,24370,0,0.0,0.0,0.0,0.0,1.332,0.0
1784631766.1630313,0,0,24380,0,0.0,0.0,0.0,0.0,1.332,0.0
1784631766.163321,0,0,24390,0,0.0,0.0,0.0,0.0,1.333,0.0
1784631766.1636398,0,0,24400,0,0.0,0.0,0.0,0.0,1.334,0.0
1784631766.1639824,0,0,24410,0,0.0,0.0,0.0,0.0,1.334,0.0
1784631766.1642742,0,0,24420,0,0.0,0.0,0.0,0.0,1.335,0.0
1784631766.1645992,0,0,24430,0,0.0,0.0,0.0,0.0,1.336,0.0
1784631766.1649244,0,0,24440,0,0.0,0.0,0.0,0.0,1.336,0.0
1784631766.1652548,0,0,24450,0,0.0,0.0,0.0,0.0,1.337,0.0
1784631766.1655412,0,0,24460,0,0.0,0.0,0.0,0.0,1.338,0.0
1784631766.1658847,0,0,24470,0,0.0,0.0,0.0,0.0,1.338,0.0
1784631766.1662247,0,0,24480,0,0.0,0.0,0.0,0.0,1.339,0.0
1784631766.2792804,0,0,24490,0,0.0,0.0,0.0,0.0,1.34,0.0
1784631766.2798357,0,0,24500,0,0.0,0.0,0.0,0.0,1.34,0.0
1784631766.2801867,0,0,24510,0,0.0,0.0,0.0,0.0,1.341,0.0
1784631766.2805092,0,0,24520,0,0.0,0.0,0.0,0.0,1.342,0.0
1784631766.2808728,0,0,24530,0,0.0,0.0,0.0,0.0,1.342,0.0
1784631766.281173,0,0,24540,0,0.0,0.0,0.0,0.0,1.343,0.0
1784631766.2814581,0,0,24550,0,0.0,0.0,0.0,0.0,1.344,0.0
1784631766.281827,0,0,24560,0,0.0,0.0,0.0,0.0,1.344,0.0
1784631766.2821245,0,0,24570,0,0.0,0.0,0.0,0.0,1.345,0.0
1784631766.282408,0,0,24580,0,0.0,0.0,0.0,0.0,1.346,0.0
1784631766.282781,0,0,24590,0,0.0,0.0,0.0,0.0,1.346,0.0
1784631766.2830837,0,0,24600,0,0.0,0.0,0.0,0.0,1.347,0.0
1784631766.2833877,0,0,24610,0,0.0,0.0,0.0,0.0,1.348,0.0
1784631766.2837698,0,0,24620,0,0.0,0.0,0.0,0.0,1.348,0.0
1784631766.284085,0,0,24630,0,0.0,0.0,0.0,0.0,1.349,0.0
1784631766.28441,0,0,24640,0,0.0,0.0,0.0,0.0,1.35,0.0
1784631766.2847846,0,0,24650,0,0.0,0.0,0.0,0.0,1.35,0.0
1784631766.285085,0,0,24660,0,0.0,0.0,0.0,0.0,1.351,0.0
1784631766.2853737,0,0,24670,0,0.0,0.0,0.0,0.0,1.352,0.0
1784631766.285748,0,0,24680,0,0.0,0.0,0.0,0.0,1.352,0.0
1784631766.4054422,0,0,24690,0,0.0,0.0,0.0,0.0,1.353,0.0
1784631766.4060512,0,0,24700,0,0.0,0.0,0.0,0.0,1.354,0.0
1784631766.4063792,0,0,24710,0,0.0,0.0,0.0,0.0,1.355,0.0
1784631766.4068148,0,0,24720,0,0.0,0.0,0.0,0.0,1.355,0.0
1784631766.4071448,0,0,24730,0,0.0,0.0,0.0,0.0,1.356,0.0
1784631766.4074347,0,0,24740,0,0.0,0.0,0.0,0.0,1.357,0.0
1784631766.407812,0,0,24750,0,0.0,0.0,0.0,0.0,1.357,0.0
1784631766.4081287,0,0,24760,0,0.0,0.0,0.0,0.0,1.358,0.0
1784631766.4084096,0,0,24770,0,0.0,0.0,0.0,0.0,1.359,0.0
1784631766.408771,0,0,24780,0,0.0,0.0,0.0,0.0,1.359,0.0
1784631766.409088,0,0,24790,0,0.0,0.0,0.0,0.0,1.36,0.0
1784631766.409374,0,0,24800,0,0.0,0.0,0.0,0.0,1.361,0.0
1784631766.4097204,0,0,24810,0,0.0,0.0,0.0,0.0,1.361,0.0
1784631766.410038,0,0,24820,0,0.0,0.0,0.0,0.0,1.362,0.0
1784631766.4103243,0,0,24830,0,0.0,0.0,0.0,0.0,1.363,0.0
1784631766.4106355,0,0,24840,0,0.0,0.0,0.0,0.0,1.364,0.0
1784631766.4109862,0,0,24850,0,0.0,0.0,0.0,0.0,1.364,0.0
1784631766.4113026,0,0,24860,0,0.0,0.0,0.0,0.0,1.365,0.0
1784631766.4116576,0,0,24870,0,0.0,0.0,0.0,0.0,1.366,0.0
1784631766.412065,0,0,24880,0,0.0,0.0,0.0,0.0,1.366,0.0
1784631766.4123635,0,0,24890,0,0.0,0.0,0.0,0.0,1.367,0.0
1784631766.4127152,0,0,24900,0,0.0,0.0,0.0,0.0,1.368,0.0
1784631766.4130313,0,0,24910,0,0.0,0.0,0.0,0.0,1.369,0.0
1784631766.413319,0,0,24920,0,0.0,0.0,0.0,0.0,1.369,0.0
1784631766.4136293,0,0,24930,0,0.0,0.0,0.0,0.0,1.37,0.0
1784631766.4139879,0,0,24940,0,0.0,0.0,0.0,0.0,1.371,0.0
1784631766.414277,0,0,24950,0,0.0,0.0,0.0,0.0,1.371,0.0
1784631766.5278358,0,0,24960,0,0.0,0.0,0.0,0.0,1.372,0.0
1784631766.5285017,0,0,24970,0,0.0,0.0,0.0,0.0,1.373,0.0
1784631766.5289567,0,0,24980,0,0.0,0.0,0.0,0.0,1.373,0.0
1784631766.5292616,0,0,24990,0,0.0,0.0,0.0,0.0,1.374,0.0
1784631766.5297003,0,0,25000,0,0.0,0.0,0.0,0.0,1.375,0.0
1784631766.5300946,0,0,25010,0,0.0,0.0,0.0,0.0,1.376,0.0
1784631766.530393,0,0,25020,0,0.0,0.0,0.0,0.0,1.376,0.0
1784631766.5308144,0,0,25030,0,0.0,0.0,0.0,0.0,1.377,0.0
1784631766.5311117,0,0,25040,0,0.0,0.0,0.0,0.0,1.378,0.0
1784631766.5314014,0,0,25050,0,0.0,0.0,0.0,0.0,1.378,0.0
1784631766.5317454,0,0,25060,0,0.0,0.0,0.0,0.0,1.379,0.0
1784631766.5320399,0,0,25070,0,0.0,0.0,0.0,0.0,1.38,0.0
1784631766.5323205,0,0,25080,0,0.0,0.0,0.0,0.0,1.381,0.0
1784631766.532749,0,0,25090,0,0.0,0.0,0.0,0.0,1.381,0.0
1784631766.533061,0,0,25100,0,0.0,0.0,0.0,0.0,1.382,0.0
1784631766.533384,0,0,25110,0,0.0,0.0,0.0,0.0,1.383,0.0
1784631766.5337636,0,0,25120,0,0.0,0.0,0.0,0.0,1.383,0.0
1784631766.5340722,0,0,25130,0,0.0,0.0,0.0,0.0,1.384,0.0
1784631766.5343664,0,0,25140,0,0.0,0.0,0.0,0.0,1.385,0.0
1784631766.5347116,0,0,25150,0,0.0,0.0,0.0,0.0,1.386,0.0
1784631766.5350218,0,0,25160,0,0.0,0.0,0.0,0.0,1.386,0.0
1784631766.535313,0,0,25170,0,0.0,0.0,0.0,0.0,1.387,0.0
1784631766.6600833,0,0,25180,0,0.0,0.0,0.0,0.0,1.388,0.0
1784631766.6606936,0,0,25190,0,0.0,0.0,0.0,0.0,1.389,0.0
1784631766.6612337,0,0,25200,0,0.0,0.0,0.0,0.0,1.389,0.0
1784631766.6615915,0,0,25210,0,0.0,0.0,0.0,0.0,1.39,0.0
1784631766.662088,0,0,25220,0,0.0,0.0,0.0,0.0,1.391,0.0
1784631766.6624062,0,0,25230,0,0.0,0.0,0.0,0.0,1.392,0.0
1784631766.6628616,0,0,25240,0,0.0,0.0,0.0,0.0,1.392,0.0
1784631766.6632552,0,0,25250,0,0.0,0.0,0.0,0.0,1.393,0.0
1784631766.6636143,0,0,25260,0,0.0,0.0,0.0,0.0,1.394,0.0
1784631766.6640801,0,0,25270,0,0.0,0.0,0.0,0.0,1.394,0.0
1784631766.6643891,0,0,25280,0,0.0,0.0,0.0,0.0,1.395,0.0
1784631766.6647744,0,0,25290,0,0.0,0.0,0.0,0.0,1.396,0.0
1784631766.6651459,0,0,25300,0,0.0,0.0,0.0,0.0,1.397,0.0
1784631766.6654522,0,0,25310,0,0.0,0.0,0.0,0.0,1.397,0.0
1784631766.6659007,0,0,25320,0,0.0,0.0,0.0,0.0,1.398,0.0
1784631766.6662333,0,0,25330,0,0.0,0.0,0.0,0.0,1.399,0.0
1784631766.6665244,0,0,25340,0,0.0,0.0,0.0,0.0,1.4,0.0
1784631766.6668198,0,0,25350,0,0.0,0.0,0.0,0.0,1.4,0.0
1784631766.667513,0,0,25360,0,0.0,0.0,0.0,0.0,1.401,0.0
1784631766.673814,0,0,25370,0,0.0,0.0,0.0,0.0,1.402,0.0
1784631766.67453,0,0,25380,0,0.0,0.0,0.0,0.0,1.403,0.0
1784631766.6749418,0,0,25390,0,0.0,0.0,0.0,0.0,1.403,0.0
1784631766.7954252,0,0,25400,0,0.0,0.0,0.0,0.0,1.404,0.0
1784631766.7959738,0,0,25410,0,0.0,0.0,0.0,0.0,1.405,0.0
1784631766.7964118,0,0,25420,0,0.0,0.0,0.0,0.0,1.406,0.0
1784631766.796898,0,0,25430,0,0.0,0.0,0.0,0.0,1.407,0.0
1784631766.7972865,0,0,25440,0,0.0,0.0,0.0,0.0,1.407,0.0
1784631766.7977414,0,0,25450,0,0.0,0.0,0.0,0.0,1.408,0.0
1784631766.798065,0,0,25460,0,0.0,0.0,0.0,0.0,1.409,0.0
1784631766.798388,0,0,25470,0,0.0,0.0,0.0,0.0,1.41,0.0
1784631766.798796,0,0,25480,0,0.0,0.0,0.0,0.0,1.41,0.0
1784631766.7991061,0,0,25490,0,0.0,0.0,0.0,0.0,1.411,0.0
1784631766.7994163,0,0,25500,0,0.0,0.0,0.0,0.0,1.412,0.0
1784631766.7997584,0,0,25510,0,0.0,0.0,0.0,0.0,1.413,0.0
1784631766.8000603,0,0,25520,0,0.0,0.0,0.0,0.0,1.413,0.0
1784631766.8003685,0,0,25530,0,0.0,0.0,0.0,0.0,1.414,0.0
1784631766.8007615,0,0,25540,0,0.0,0.0,0.0,0.0,1.415,0.0
1784631766.801065,0,0,25550,0,0.0,0.0,0.0,0.0,1.416,0.0
1784631766.8013752,0,0,25560,0,0.0,0.0,0.0,0.0,1.417,0.0
1784631766.8017178,0,0,25570,0,0.0,0.0,0.0,0.0,1.417,0.0
1784631766.802023,0,0,25580,0,0.0,0.0,0.0,0.0,1.418,0.0
1784631766.802338,0,0,25590,0,0.0,0.0,0.0,0.0,1.419,0.0
1784631766.802739,0,0,25600,0,0.0,0.0,0.0,0.0,1.42,0.0
1784631766.803046,0,0,25610,0,0.0,0.0,0.0,0.0,1.42,0.0
1784631766.8033621,0,0,25620,0,0.0,0.0,0.0,0.0,1.421,0.0
1784631766.803701,0,0,25630,0,0.0,0.0,0.0,0.0,1.422,0.0
1784631766.917857,0,0,25640,0,0.0,0.0,0.0,0.0,1.423,0.0
1784631766.9186833,0,0,25650,0,0.0,0.0,0.0,0.0,1.424,0.0
1784631766.9195392,0,0,25660,0,0.0,0.0,0.0,0.0,1.424,0.0
1784631766.9202087,0,0,25670,0,0.0,0.0,0.0,0.0,1.425,0.0
1784631766.9206421,0,0,25680,0,0.0,0.0,0.0,0.0,1.426,0.0
1784631766.9210274,0,0,25690,0,0.0,0.0,0.0,0.0,1.427,0.0
1784631766.9213495,0,0,25700,0,0.0,0.0,0.0,0.0,1.428,0.0
1784631766.9217126,0,0,25710,0,0.0,0.0,0.0,0.0,1.428,0.0
1784631766.922038,0,0,25720,0,0.0,0.0,0.0,0.0,1.429,0.0
1784631766.9223444,0,0,25730,0,0.0,0.0,0.0,0.0,1.43,0.0
1784631766.9227374,0,0,25740,0,0.0,0.0,0.0,0.0,1.431,0.0
1784631766.9231765,0,0,25750,0,0.0,0.0,0.0,0.0,1.431,0.0
1784631766.9234934,0,0,25760,0,0.0,0.0,0.0,0.0,1.432,0.0
1784631766.9239388,0,0,25770,0,0.0,0.0,0.0,0.0,1.433,0.0
1784631766.9242685,0,0,25780,0,0.0,0.0,0.0,0.0,1.434,0.0
1784631766.9246302,0,0,25790,0,0.0,0.0,0.0,0.0,1.435,0.0
1784631766.924954,0,0,25800,0,0.0,0.0,0.0,0.0,1.436,0.0
1784631766.9252546,0,0,25810,0,0.0,0.0,0.0,0.0,1.436,0.0
1784631766.9255848,0,0,25820,0,0.0,0.0,0.0,0.0,1.437,0.0
1784631766.9260387,0,0,25830,0,0.0,0.0,0.0,0.0,1.438,0.0
1784631767.0453804,0,0,25840,0,0.0,0.0,0.0,0.0,1.439,0.0
1784631767.0458915,0,0,25850,0,0.0,0.0,0.0,0.0,1.44,0.0
1784631767.0462961,0,0,25860,0,0.0,0.0,0.0,0.0,1.44,0.0
1784631767.0466175,0,0,25870,0,0.0,0.0,0.0,0.0,1.441,0.0
1784631767.0469398,0,0,25880,0,0.0,0.0,0.0,0.0,1.442,0.0
1784631767.0472593,0,0,25890,0,0.0,0.0,0.0,0.0,1.443,0.0
1784631767.047628,0,0,25900,0,0.0,0.0,0.0,0.0,1.444,0.0
1784631767.0481548,0,0,25910,0,0.0,0.0,0.0,0.0,1.444,0.0
1784631767.0485606,0,0,25920,0,0.0,0.0,0.0,0.0,1.445,0.0
1784631767.0490031,0,0,25930,0,0.0,0.0,0.0,0.0,1.446,0.0
1784631767.0494401,0,0,25940,0,0.0,0.0,0.0,0.0,1.447,0.0
1784631767.049806,0,0,25950,0,0.0,0.0,0.0,0.0,1.448,0.0
1784631767.0505927,0,0,25960,0,0.0,0.0,0.0,0.0,1.449,0.0
1784631767.0575056,0,0,25970,0,0.0,0.0,0.0,0.0,1.449,0.0
1784631767.058214,0,0,25980,0,0.0,0.0,0.0,0.0,1.45,0.0
1784631767.0585816,0,0,25990,0,0.0,0.0,0.0,0.0,1.451,0.0
1784631767.0589721,0,0,26000,0,0.0,0.0,0.0,0.0,1.452,0.0
1784631767.0593276,0,0,26010,0,0.0,0.0,0.0,0.0,1.453,0.0
1784631767.05967,0,0,26020,0,0.0,0.0,0.0,0.0,1.454,0.0
1784631767.0601063,0,0,26030,0,0.0,0.0,0.0,0.0,1.454,0.0
1784631767.0605059,0,0,26040,0,0.0,0.0,0.0,0.0,1.455,0.0
1784631767.1810193,0,0,26050,0,0.0,0.0,0.0,0.0,1.456,0.0
1784631767.1815221,0,0,26060,0,0.0,0.0,0.0,0.0,1.457,0.0
1784631767.1818788,0,0,26070,0,0.0,0.0,0.0,0.0,1.458,0.0
1784631767.1822953,0,0,26080,0,0.0,0.0,0.0,0.0,1.459,0.0
1784631767.1828022,0,0,26090,0,0.0,0.0,0.0,0.0,1.459,0.0
1784631767.183254,0,0,26100,0,0.0,0.0,0.0,0.0,1.46,0.0
1784631767.1836016,0,0,26110,0,0.0,0.0,0.0,0.0,1.461,0.0
1784631767.1839356,0,0,26120,0,0.0,0.0,0.0,0.0,1.462,0.0
1784631767.184268,0,0,26130,0,0.0,0.0,0.0,0.0,1.463,0.0
1784631767.1846397,0,0,26140,0,0.0,0.0,0.0,0.0,1.464,0.0
1784631767.1850507,0,0,26150,0,0.0,0.0,0.0,0.0,1.464,0.0
1784631767.185568,0,0,26160,0,0.0,0.0,0.0,0.0,1.465,0.0
1784631767.1860685,0,0,26170,0,0.0,0.0,0.0,0.0,1.466,0.0
1784631767.1864057,0,0,26180,0,0.0,0.0,0.0,0.0,1.467,0.0
1784631767.1868103,0,0,26190,0,0.0,0.0,0.0,0.0,1.468,0.0
1784631767.187144,0,0,26200,0,0.0,0.0,0.0,0.0,1.469,0.0
1784631767.1875622,0,0,26210,0,0.0,0.0,0.0,0.0,1.469,0.0
1784631767.1879425,0,0,26220,0,0.0,0.0,0.0,0.0,1.47,0.0
1784631767.188258,0,0,26230,0,0.0,0.0,0.0,0.0,1.471,0.0
1784631767.188737,0,0,26240,0,0.0,0.0,0.0,0.0,1.472,0.0
1784631767.1890707,0,0,26250,0,0.0,0.0,0.0,0.0,1.473,0.0
1784631767.1893852,0,0,26260,0,0.0,0.0,0.0,0.0,1.474,0.0
1784631767.1897178,0,0,26270,0,0.0,0.0,0.0,0.0,1.475,0.0
1784631767.303193,0,0,26280,0,0.0,0.0,0.0,0.0,1.475,0.0
1784631767.304062,0,0,26290,0,0.0,0.0,0.0,0.0,1.476,0.0
1784631767.3045855,0,0,26300,0,0.0,0.0,0.0,0.0,1.477,0.0
1784631767.3050168,0,0,26310,0,0.0,0.0,0.0,0.0,1.478,0.0
1784631767.3054178,0,0,26320,0,0.0,0.0,0.0,0.0,1.479,0.0
1784631767.3059134,0,0,26330,0,0.0,0.0,0.0,0.0,1.48,0.0
1784631767.306321,0,0,26340,0,0.0,0.0,0.0,0.0,1.481,0.0
1784631767.306893,0,0,26350,0,0.0,0.0,0.0,0.0,1.481,0.0
1784631767.307359,0,0,26360,0,0.0,0.0,0.0,0.0,1.482,0.0
1784631767.3079002,0,0,26370,0,0.0,0.0,0.0,0.0,1.483,0.0
1784631767.3088088,0,0,26380,0,0.0,0.0,0.0,0.0,1.484,0.0
1784631767.3096325,0,0,26390,0,0.0,0.0,0.0,0.0,1.485,0.0
1784631767.3103087,0,0,26400,0,0.0,0.0,0.0,0.0,1.486,0.0
1784631767.311348,0,0,26410,0,0.0,0.0,0.0,0.0,1.487,0.0
1784631767.3123515,0,0,26420,0,0.0,0.0,0.0,0.0,1.487,0.0
1784631767.3133664,0,0,26430,0,0.0,0.0,0.0,0.0,1.488,0.0
1784631767.3143342,0,0,26440,0,0.0,0.0,0.0,0.0,1.489,0.0
1784631767.3154986,0,0,26450,0,0.0,0.0,0.0,0.0,1.49,0.0
1784631767.3164203,0,0,26460,0,0.0,0.0,0.0,0.0,1.491,0.0
1784631767.4408588,0,0,26470,0,0.0,0.0,0.0,0.0,1.492,0.0
1784631767.4416325,0,0,26480,0,0.0,0.0,0.0,0.0,1.493,0.0
1784631767.4422815,0,0,26490,0,0.0,0.0,0.0,0.0,1.494,0.0
1784631767.442752,0,0,26500,0,0.0,0.0,0.0,0.0,1.494,0.0
1784631767.4431777,0,0,26510,0,0.0,0.0,0.0,0.0,1.495,0.0
1784631767.4436257,0,0,26520,0,0.0,0.0,0.0,0.0,1.496,0.0
1784631767.4440897,0,0,26530,0,0.0,0.0,0.0,0.0,1.497,0.0
1784631767.4444673,0,0,26540,0,0.0,0.0,0.0,0.0,1.498,0.0
1784631767.444853,0,0,26550,0,0.0,0.0,0.0,0.0,1.499,0.0
1784631767.4452636,0,0,26560,0,0.0,0.0,0.0,0.0,1.5,0.0
1784631767.445756,0,0,26570,0,0.0,0.0,0.0,0.0,1.501,0.0
1784631767.4461741,0,0,26580,0,0.0,0.0,0.0,0.0,1.502,0.0
1784631767.4465785,0,0,26590,0,0.0,0.0,0.0,0.0,1.502,0.0
1784631767.4469867,0,0,26600,0,0.0,0.0,0.0,0.0,1.503,0.0
1784631767.4473133,0,0,26610,0,0.0,0.0,0.0,0.0,1.504,0.0
1784631767.4477773,0,0,26620,0,0.0,0.0,0.0,0.0,1.505,0.0
1784631767.448116,0,0,26630,0,0.0,0.0,0.0,0.0,1.506,0.0
1784631767.4491365,0,0,26640,0,0.0,0.0,0.0,0.0,1.507,0.0
1784631767.4501753,0,0,26650,0,0.0,0.0,0.0,0.0,1.508,0.0
1784631767.450903,0,0,26660,0,0.0,0.0,0.0,0.0,1.509,0.0
1784631767.5893528,0,0,26670,0,0.0,0.0,0.0,0.0,1.51,0.0
1784631767.5962255,0,0,26680,0,0.0,0.0,0.0,0.0,1.51,0.0
1784631767.5974596,0,0,26690,0,0.0,0.0,0.0,0.0,1.511,0.0
1784631767.598413,0,0,26700,0,0.0,0.0,0.0,0.0,1.512,0.0
1784631767.5992346,0,0,26710,0,0.0,0.0,0.0,0.0,1.513,0.0
1784631767.6001759,0,0,26720,0,0.0,0.0,0.0,0.0,1.514,0.0
1784631767.6010711,0,0,26730,0,0.0,0.0,0.0,0.0,1.515,0.0
1784631767.602087,0,0,26740,0,0.0,0.0,0.0,0.0,1.516,0.0
1784631767.603368,0,0,26750,0,0.0,0.0,0.0,0.0,1.517,0.0
1784631767.60436,0,0,26760,0,0.0,0.0,0.0,0.0,1.518,0.0
1784631767.6057348,0,0,26770,0,0.0,0.0,0.0,0.0,1.519,0.0
1784631767.6073568,0,0,26780,0,0.0,0.0,0.0,0.0,1.519,0.0
1784631767.6083221,0,0,26790,0,0.0,0.0,0.0,0.0,1.52,0.0
1784631767.6092875,0,0,26800,0,0.0,0.0,0.0,0.0,1.521,0.0
1784631767.6101153,0,0,26810,0,0.0,0.0,0.0,0.0,1.522,0.0
1784631767.6108794,0,0,26820,0,0.0,0.0,0.0,0.0,1.523,0.0
1784631767.612244,0,0,26830,0,0.0,0.0,0.0,0.0,1.524,0.0
1784631767.613145,0,0,26840,0,0.0,0.0,0.0,0.0,1.525,0.0
1784631767.6139264,0,0,26850,0,0.0,0.0,0.0,0.0,1.526,0.0
1784631767.614568,0,0,26860,0,0.0,0.0,0.0,0.0,1.527,0.0
1784631767.6155493,0,0,26870,0,0.0,0.0,0.0,0.0,1.528,0.0
1784631767.6166003,0,0,26880,0,0.0,0.0,0.0,0.0,1.529,0.0
1784631767.617988,0,0,26890,0,0.0,0.0,0.0,0.0,1.53,0.0
1784631767.742836,0,0,26900,0,0.0,0.0,0.0,0.0,1.53,0.0
1784631767.743423,0,0,26910,0,0.0,0.0,0.0,0.0,1.531,0.0
1784631767.7439823,0,0,26920,0,0.0,0.0,0.0,0.0,1.532,0.0
1784631767.7443705,0,0,26930,0,0.0,0.0,0.0,0.0,1.533,0.0
1784631767.744885,0,0,26940,0,0.0,0.0,0.0,0.0,1.534,0.0
1784631767.7455661,0,0,26950,0,0.0,0.0,0.0,0.0,1.535,0.0
1784631767.7461653,0,0,26960,0,0.0,0.0,0.0,0.0,1.536,0.0
1784631767.746674,0,0,26970,0,0.0,0.0,0.0,0.0,1.537,0.0
1784631767.7472403,0,0,26980,0,0.0,0.0,0.0,0.0,1.538,0.0
1784631767.7478354,0,0,26990,0,0.0,0.0,0.0,0.0,1.539,0.0
1784631767.74827,0,0,27000,0,0.0,0.0,0.0,0.0,1.54,0.0
1784631767.7487922,0,0,27010,0,0.0,0.0,0.0,0.0,1.541,0.0
1784631767.749164,0,0,27020,0,0.0,0.0,0.0,0.0,1.542,0.0
1784631767.749611,0,0,27030,0,0.0,0.0,0.0,0.0,1.543,0.0
1784631767.749987,0,0,27040,0,0.0,0.0,0.0,0.0,1.543,0.0
1784631767.7504036,0,0,27050,0,0.0,0.0,0.0,0.0,1.544,0.0
1784631767.750924,0,0,27060,0,0.0,0.0,0.0,0.0,1.545,0.0
1784631767.7513082,0,0,27070,0,0.0,0.0,0.0,0.0,1.546,0.0
1784631767.7517447,0,0,27080,0,0.0,0.0,0.0,0.0,1.547,0.0
1784631767.7521844,0,0,27090,0,0.0,0.0,0.0,0.0,1.548,0.0
1784631767.752624,0,0,27100,0,0.0,0.0,0.0,0.0,1.549,0.0
1784631767.753028,0,0,27110,0,0.0,0.0,0.0,0.0,1.55,0.0
1784631767.8718922,0,0,27120,0,0.0,0.0,0.0,0.0,1.551,0.0
1784631767.8724942,0,0,27130,0,0.0,0.0,0.0,0.0,1.552,0.0
1784631767.8729875,0,0,27140,0,0.0,0.0,0.0,0.0,1.553,0.0
1784631767.8733308,0,0,27150,0,0.0,0.0,0.0,0.0,1.554,0.0
1784631767.8737106,0,0,27160,0,0.0,0.0,0.0,0.0,1.555,0.0
1784631767.8740618,0,0,27170,0,0.0,0.0,0.0,0.0,1.556,0.0
1784631767.8743873,0,0,27180,0,0.0,0.0,0.0,0.0,1.557,0.0
1784631767.874813,0,0,27190,0,0.0,0.0,0.0,0.0,1.558,0.0
1784631767.8751493,0,0,27200,0,0.0,0.0,0.0,0.0,1.559,0.0
1784631767.8754673,0,0,27210,0,0.0,0.0,0.0,0.0,1.56,0.0
1784631767.8758814,0,0,27220,0,0.0,0.0,0.0,0.0,1.561,0.0
1784631767.8762093,0,0,27230,0,0.0,0.0,0.0,0.0,1.561,0.0
1784631767.876566,0,0,27240,0,0.0,0.0,0.0,0.0,1.562,0.0
1784631767.8769286,0,0,27250,0,0.0,0.0,0.0,0.0,1.563,0.0
1784631767.8772552,0,0,27260,0,0.0,0.0,0.0,0.0,1.564,0.0
1784631767.877594,0,0,27270,0,0.0,0.0,0.0,0.0,1.565,0.0
1784631767.8779972,0,0,27280,0,0.0,0.0,0.0,0.0,1.566,0.0
1784631767.8783102,0,0,27290,0,0.0,0.0,0.0,0.0,1.567,0.0
1784631767.8787277,0,0,27300,0,0.0,0.0,0.0,0.0,1.568,0.0
1784631767.879128,0,0,27310,0,0.0,0.0,0.0,0.0,1.569,0.0
1784631767.8794818,0,0,27320,0,0.0,0.0,0.0,0.0,1.57,0.0
1784631768.0091214,0,0,27330,0,0.0,0.0,0.0,0.0,1.571,0.0
1784631768.0096796,0,0,27340,0,0.0,0.0,0.0,0.0,1.572,0.0
1784631768.010063,0,0,27350,0,0.0,0.0,0.0,0.0,1.573,0.0
1784631768.0103905,0,0,27360,0,0.0,0.0,0.0,0.0,1.574,0.0
1784631768.010702,0,0,27370,0,0.0,0.0,0.0,0.0,1.575,0.0
1784631768.0111566,0,0,27380,0,0.0,0.0,0.0,0.0,1.576,0.0
1784631768.0120776,0,0,27390,0,0.0,0.0,0.0,0.0,1.577,0.0
1784631768.0129097,0,0,27400,0,0.0,0.0,0.0,0.0,1.578,0.0
1784631768.013787,0,0,27410,0,0.0,0.0,0.0,0.0,1.579,0.0
1784631768.0142848,0,0,27420,0,0.0,0.0,0.0,0.0,1.58,0.0
1784631768.014718,0,0,27430,0,0.0,0.0,0.0,0.0,1.581,0.0
1784631768.015061,0,0,27440,0,0.0,0.0,0.0,0.0,1.582,0.0
1784631768.015512,0,0,27450,0,0.0,0.0,0.0,0.0,1.583,0.0
1784631768.015951,0,0,27460,0,0.0,0.0,0.0,0.0,1.584,0.0
1784631768.0162897,0,0,27470,0,0.0,0.0,0.0,0.0,1.585,0.0
1784631768.0166886,0,0,27480,0,0.0,0.0,0.0,0.0,1.586,0.0
1784631768.0170357,0,0,27490,0,0.0,0.0,0.0,0.0,1.587,0.0
1784631768.0173602,0,0,27500,0,0.0,0.0,0.0,0.0,1.588,0.0
1784631768.017835,0,0,27510,0,0.0,0.0,0.0,0.0,1.589,0.0
1784631768.0181994,0,0,27520,0,0.0,0.0,0.0,0.0,1.59,0.0
1784631768.0185661,0,0,27530,0,0.0,0.0,0.0,0.0,1.591,0.0
1784631768.0189707,0,0,27540,0,0.0,0.0,0.0,0.0,1.592,0.0
1784631768.0193005,0,0,27550,0,0.0,0.0,0.0,0.0,1.593,0.0
1784631768.1500874,0,0,27560,0,0.0,0.0,0.0,0.0,1.594,0.0
1784631768.1514528,0,0,27570,0,0.0,0.0,0.0,0.0,1.595,0.0
1784631768.1519978,0,0,27580,0,0.0,0.0,0.0,0.0,1.596,0.0
1784631768.1523907,0,0,27590,0,0.0,0.0,0.0,0.0,1.596,0.0
1784631768.1527395,0,0,27600,0,0.0,0.0,0.0,0.0,1.597,0.0
1784631768.1531742,0,0,27610,0,0.0,0.0,0.0,0.0,1.598,0.0
1784631768.1535602,0,0,27620,0,0.0,0.0,0.0,0.0,1.599,0.0
1784631768.1540132,0,0,27630,0,0.0,0.0,0.0,0.0,1.6,0.0
1784631768.1543612,0,0,27640,0,0.0,0.0,0.0,0.0,1.601,0.0
1784631768.1546926,0,0,27650,0,0.0,0.0,0.0,0.0,1.602,0.0
1784631768.1550927,0,0,27660,0,0.0,0.0,0.0,0.0,1.603,0.0
1784631768.1555164,0,0,27670,0,0.0,0.0,0.0,0.0,1.604,0.0
1784631768.1558635,0,0,27680,0,0.0,0.0,0.0,0.0,1.605,0.0
1784631768.156252,0,0,27690,0,0.0,0.0,0.0,0.0,1.606,0.0
1784631768.156576,0,0,27700,0,0.0,0.0,0.0,0.0,1.607,0.0
1784631768.1569471,0,0,27710,0,0.0,0.0,0.0,0.0,1.608,0.0
1784631768.1572852,0,0,27720,0,0.0,0.0,0.0,0.0,1.609,0.0
1784631768.1576064,0,0,27730,0,0.0,0.0,0.0,0.0,1.61,0.0
1784631768.1579967,0,0,27740,0,0.0,0.0,0.0,0.0,1.611,0.0
1784631768.1583383,0,0,27750,0,0.0,0.0,0.0,0.0,1.612,0.0
1784631768.1586633,0,0,27760,0,0.0,0.0,0.0,0.0,1.613,0.0
1784631768.1590521,0,0,27770,0,0.0,0.0,0.0,0.0,1.614,0.0
1784631768.1593893,0,0,27780,0,0.0,0.0,0.0,0.0,1.615,0.0
1784631768.1597621,0,0,27790,0,0.0,0.0,0.0,0.0,1.616,0.0
1784631768.1602414,0,0,27800,0,0.0,0.0,0.0,0.0,1.617,0.0
1784631768.275697,0,0,27810,0,0.0,0.0,0.0,0.0,1.618,0.0
1784631768.2767282,0,0,27820,0,0.0,0.0,0.0,0.0,1.619,0.0
1784631768.2777045,0,0,27830,0,0.0,0.0,0.0,0.0,1.62,0.0
1784631768.278543,0,0,27840,0,0.0,0.0,0.0,0.0,1.621,0.0
1784631768.279403,0,0,27850,0,0.0,0.0,0.0,0.0,1.622,0.0
1784631768.2800694,0,0,27860,0,0.0,0.0,0.0,0.0,1.623,0.0
1784631768.2806811,0,0,27870,0,0.0,0.0,0.0,0.0,1.625,0.0
1784631768.2811646,0,0,27880,0,0.0,0.0,0.0,0.0,1.626,0.0
1784631768.2817397,0,0,27890,0,0.0,0.0,0.0,0.0,1.627,0.0
1784631768.2821794,0,0,27900,0,0.0,0.0,0.0,0.0,1.628,0.0
1784631768.2826664,0,0,27910,0,0.0,0.0,0.0,0.0,1.629,0.0
1784631768.2830496,0,0,27920,0,0.0,0.0,0.0,0.0,1.63,0.0
1784631768.283544,0,0,27930,0,0.0,0.0,0.0,0.0,1.631,0.0
1784631768.284102,0,0,27940,0,0.0,0.0,0.0,0.0,1.632,0.0
1784631768.2846866,0,0,27950,0,0.0,0.0,0.0,0.0,1.633,0.0
1784631768.2852519,0,0,27960,0,0.0,0.0,0.0,0.0,1.634,0.0
1784631768.2857544,0,0,27970,0,0.0,0.0,0.0,0.0,1.635,0.0
1784631768.286164,0,0,27980,0,0.0,0.0,0.0,0.0,1.636,0.0
1784631768.286604,0,0,27990,0,0.0,0.0,0.0,0.0,1.637,0.0
1784631768.390796,0,0,28000,0,0.0,0.0,0.0,0.0,1.638,0.0
1784631768.3915496,0,0,28010,0,0.0,0.0,0.0,0.0,1.639,0.0
1784631768.392159,0,0,28020,0,0.0,0.0,0.0,0.0,1.64,0.0
1784631768.39259,0,0,28030,0,0.0,0.0,0.0,0.0,1.641,0.0
1784631768.3930416,0,0,28040,0,0.0,0.0,0.0,0.0,1.642,0.0
1784631768.393596,0,0,28050,0,0.0,0.0,0.0,0.0,1.643,0.0
1784631768.3941302,0,0,28060,0,0.0,0.0,0.0,0.0,1.644,0.0
1784631768.3945773,0,0,28070,0,0.0,0.0,0.0,0.0,1.645,0.0
1784631768.3950245,0,0,28080,0,0.0,0.0,0.0,0.0,1.646,0.0
1784631768.3954306,0,0,28090,0,0.0,0.0,0.0,0.0,1.647,0.0
1784631768.3960295,0,0,28100,0,0.0,0.0,0.0,0.0,1.648,0.0
1784631768.3966353,0,0,28110,0,0.0,0.0,0.0,0.0,1.649,0.0
1784631768.3971593,0,0,28120,0,0.0,0.0,0.0,0.0,1.65,0.0
1784631768.3977802,0,0,28130,0,0.0,0.0,0.0,0.0,1.651,0.0
1784631768.3982372,0,0,28140,0,0.0,0.0,0.0,0.0,1.652,0.0
1784631768.3987753,0,0,28150,0,0.0,0.0,0.0,0.0,1.653,0.0
1784631768.399197,0,0,28160,0,0.0,0.0,0.0,0.0,1.654,0.0
1784631768.3996127,0,0,28170,0,0.0,0.0,0.0,0.0,1.655,0.0
1784631768.4000022,0,0,28180,0,0.0,0.0,0.0,0.0,1.656,0.0
1784631768.505958,0,0,28190,0,0.0,0.0,0.0,0.0,1.657,0.0
1784631768.5066073,0,0,28200,0,0.0,0.0,0.0,0.0,1.658,0.0
1784631768.5071557,0,0,28210,0,0.0,0.0,0.0,0.0,1.659,0.0
1784631768.5076275,0,0,28220,0,0.0,0.0,0.0,0.0,1.66,0.0
1784631768.5080674,0,0,28230,0,0.0,0.0,0.0,0.0,1.662,0.0
1784631768.5084398,0,0,28240,0,0.0,0.0,0.0,0.0,1.663,0.0
1784631768.5088341,0,0,28250,0,0.0,0.0,0.0,0.0,1.664,0.0
1784631768.5091927,0,0,28260,0,0.0,0.0,0.0,0.0,1.665,0.0
1784631768.509541,0,0,28270,0,0.0,0.0,0.0,0.0,1.666,0.0
1784631768.5099533,0,0,28280,0,0.0,0.0,0.0,0.0,1.667,0.0
1784631768.5103152,0,0,28290,0,0.0,0.0,0.0,0.0,1.668,0.0
1784631768.5106544,0,0,28300,0,0.0,0.0,0.0,0.0,1.669,0.0
1784631768.5112882,0,0,28310,0,0.0,0.0,0.0,0.0,1.67,0.0
1784631768.5120766,0,0,28320,0,0.0,0.0,0.0,0.0,1.671,0.0
1784631768.5129209,0,0,28330,0,0.0,0.0,0.0,0.0,1.672,0.0
1784631768.5136783,0,0,28340,0,0.0,0.0,0.0,0.0,1.673,0.0
1784631768.514293,0,0,28350,0,0.0,0.0,0.0,0.0,1.674,0.0
1784631768.514783,0,0,28360,0,0.0,0.0,0.0,0.0,1.675,0.0
1784631768.5151615,0,0,28370,0,0.0,0.0,0.0,0.0,1.676,0.0
1784631768.5155537,0,0,28380,0,0.0,0.0,0.0,0.0,1.677,0.0
1784631768.6214497,0,0,28390,0,0.0,0.0,0.0,0.0,1.678,0.0
1784631768.6221325,0,0,28400,0,0.0,0.0,0.0,0.0,1.679,0.0
1784631768.622762,0,0,28410,0,0.0,0.0,0.0,0.0,1.68,0.0
1784631768.6232572,0,0,28420,0,0.0,0.0,0.0,0.0,1.681,0.0
1784631768.6237457,0,0,28430,0,0.0,0.0,0.0,0.0,1.682,0.0
1784631768.6241457,0,0,28440,0,0.0,0.0,0.0,0.0,1.683,0.0
1784631768.6245246,0,0,28450,0,0.0,0.0,0.0,0.0,1.685,0.0
1784631768.624963,0,0,28460,0,0.0,0.0,0.0,0.0,1.686,0.0
1784631768.6253285,0,0,28470,0,0.0,0.0,0.0,0.0,1.687,0.0
1784631768.6258616,0,0,28480,0,0.0,0.0,0.0,0.0,1.688,0.0
1784631768.6262195,0,0,28490,0,0.0,0.0,0.0,0.0,1.689,0.0
1784631768.626786,0,0,28500,0,0.0,0.0,0.0,0.0,1.69,0.0
1784631768.6271968,0,0,28510,0,0.0,0.0,0.0,0.0,1.691,0.0
1784631768.6277885,0,0,28520,0,0.0,0.0,0.0,0.0,1.692,0.0
1784631768.6282756,0,0,28530,0,0.0,0.0,0.0,0.0,1.693,0.0
1784631768.6297195,0,0,28540,0,0.0,0.0,0.0,0.0,1.694,0.0
1784631768.6319928,0,0,28550,0,0.0,0.0,0.0,0.0,1.695,0.0
1784631768.635064,0,0,28560,0,0.0,0.0,0.0,0.0,1.696,0.0
1784631768.6366577,0,0,28570,0,0.0,0.0,0.0,0.0,1.697,0.0
1784631768.748201,0,0,28580,0,0.0,0.0,0.0,0.0,1.698,0.0
1784631768.7490056,0,0,28590,0,0.0,0.0,0.0,0.0,1.699,0.0
1784631768.7494543,0,0,28600,0,0.0,0.0,0.0,0.0,1.7,0.0
1784631768.750004,0,0,28610,0,0.0,0.0,0.0,0.0,1.701,0.0
1784631768.7504115,0,0,28620,0,0.0,0.0,0.0,0.0,1.702,0.0
1784631768.750943,0,0,28630,0,0.0,0.0,0.0,0.0,1.703,0.0
1784631768.751946,0,0,28640,0,0.0,0.0,0.0,0.0,1.704,0.0
1784631768.752716,0,0,28650,0,0.0,0.0,0.0,0.0,1.706,0.0
1784631768.7533092,0,0,28660,0,0.0,0.0,0.0,0.0,1.707,0.0
1784631768.7537463,0,0,28670,0,0.0,0.0,0.0,0.0,1.708,0.0
1784631768.754194,0,0,28680,0,0.0,0.0,0.0,0.0,1.709,0.0
1784631768.7545705,0,0,28690,0,0.0,0.0,0.0,0.0,1.71,0.0
1784631768.755114,0,0,28700,0,0.0,0.0,0.0,0.0,1.711,0.0
1784631768.7554617,0,0,28710,0,0.0,0.0,0.0,0.0,1.712,0.0
1784631768.7559323,0,0,28720,0,0.0,0.0,0.0,0.0,1.713,0.0
1784631768.7563553,0,0,28730,0,0.0,0.0,0.0,0.0,1.714,0.0
1784631768.756906,0,0,28740,0,0.0,0.0,0.0,0.0,1.715,0.0
1784631768.7573276,0,0,28750,0,0.0,0.0,0.0,0.0,1.716,0.0
1784631768.757781,0,0,28760,0,0.0,0.0,0.0,0.0,1.717,0.0
1784631768.7581768,0,0,28770,0,0.0,0.0,0.0,0.0,1.718,0.0
1784631768.7585406,0,0,28780,0,0.0,0.0,0.0,0.0,1.719,0.0
1784631768.8640606,0,0,28790,0,0.0,0.0,0.0,0.0,1.72,0.0
1784631768.8702614,0,0,28800,0,0.0,0.0,0.0,0.0,1.721,0.0
1784631768.8708563,0,0,28810,0,0.0,0.0,0.0,0.0,1.722,0.0
1784631768.8712645,0,0,28820,0,0.0,0.0,0.0,0.0,1.723,0.0
1784631768.8717058,0,0,28830,0,0.0,0.0,0.0,0.0,1.724,0.0
1784631768.8738081,0,0,28840,0,0.0,0.0,0.0,0.0,1.725,0.0
1784631768.875929,0,0,28850,0,0.0,0.0,0.0,0.0,1.726,0.0
1784631768.876859,0,0,28860,0,0.0,0.0,0.0,0.0,1.727,0.0
1784631768.8775377,0,0,28870,0,0.0,0.0,0.0,0.0,1.728,0.0
1784631768.8782282,0,0,28880,0,0.0,0.0,0.0,0.0,1.729,0.0
1784631768.8788414,0,0,28890,0,0.0,0.0,0.0,0.0,1.73,0.0
1784631768.8793302,0,0,28900,0,0.0,0.0,0.0,0.0,1.731,0.0
1784631768.8798823,0,0,28910,0,0.0,0.0,0.0,0.0,1.733,0.0
1784631768.8803122,0,0,28920,0,0.0,0.0,0.0,0.0,1.734,0.0
1784631768.8809056,0,0,28930,0,0.0,0.0,0.0,0.0,1.735,0.0
1784631768.8813722,0,0,28940,0,0.0,0.0,0.0,0.0,1.736,0.0
1784631768.8818238,0,0,28950,0,0.0,0.0,0.0,0.0,1.737,0.0
1784631768.8822029,0,0,28960,0,0.0,0.0,0.0,0.0,1.738,0.0
1784631768.8826647,0,0,28970,0,0.0,0.0,0.0,0.0,1.739,0.0
1784631768.9936898,0,0,28980,0,0.0,0.0,0.0,0.0,1.74,0.0
1784631768.9982216,0,0,28990,0,0.0,0.0,0.0,0.0,1.741,0.0
1784631768.9991539,0,0,29000,0,0.0,0.0,0.0,0.0,1.742,0.0
1784631768.999932,0,0,29010,0,0.0,0.0,0.0,0.0,1.743,0.0
1784631769.0005813,0,0,29020,0,0.0,0.0,0.0,0.0,1.744,0.0
1784631769.0014977,0,0,29030,0,0.0,0.0,0.0,0.0,1.745,0.0
1784631769.0020757,0,0,29040,0,0.0,0.0,0.0,0.0,1.746,0.0
1784631769.0027804,0,0,29050,0,0.0,0.0,0.0,0.0,1.747,0.0
1784631769.0034413,0,0,29060,0,0.0,0.0,0.0,0.0,1.748,0.0
1784631769.003948,0,0,29070,0,0.0,0.0,0.0,0.0,1.749,0.0
1784631769.0044782,0,0,29080,0,0.0,0.0,0.0,0.0,1.75,0.0
1784631769.004902,0,0,29090,0,0.0,0.0,0.0,0.0,1.752,0.0
1784631769.0053658,0,0,29100,0,0.0,0.0,0.0,0.0,1.753,0.0
1784631769.005763,0,0,29110,0,0.0,0.0,0.0,0.0,1.754,0.0
1784631769.0062802,0,0,29120,0,0.0,0.0,0.0,0.0,1.755,0.0
1784631769.0066993,0,0,29130,0,0.0,0.0,0.0,0.0,1.756,0.0
1784631769.0071886,0,0,29140,0,0.0,0.0,0.0,0.0,1.757,0.0
1784631769.007615,0,0,29150,0,0.0,0.0,0.0,0.0,1.758,0.0
1784631769.0080907,0,0,29160,0,0.0,0.0,0.0,0.0,1.759,0.0
1784631769.0084991,0,0,29170,0,0.0,0.0,0.0,0.0,1.76,0.0
1784631769.0089092,0,0,29180,0,0.0,0.0,0.0,0.0,1.761,0.0
1784631769.1134636,0,0,29190,0,0.0,0.0,0.0,0.0,1.762,0.0
1784631769.114069,0,0,29200,0,0.0,0.0,0.0,0.0,1.763,0.0
1784631769.1144671,0,0,29210,0,0.0,0.0,0.0,0.0,1.764,0.0
1784631769.1149602,0,0,29220,0,0.0,0.0,0.0,0.0,1.765,0.0
1784631769.1153748,0,0,29230,0,0.0,0.0,0.0,0.0,1.766,0.0
1784631769.1158152,0,0,29240,0,0.0,0.0,0.0,0.0,1.768,0.0
1784631769.1162004,0,0,29250,0,0.0,0.0,0.0,0.0,1.769,0.0
1784631769.1165535,0,0,29260,0,0.0,0.0,0.0,0.0,1.77,0.0
1784631769.1184137,0,0,29270,0,0.0,0.0,0.0,0.0,1.771,0.0
1784631769.1191854,0,0,29280,0,0.0,0.0,0.0,0.0,1.772,0.0
1784631769.119604,0,0,29290,0,0.0,0.0,0.0,0.0,1.773,0.0
1784631769.1200924,0,0,29300,0,0.0,0.0,0.0,0.0,1.774,0.0
1784631769.120438,0,0,29310,0,0.0,0.0,0.0,0.0,1.775,0.0
1784631769.120969,0,0,29320,0,0.0,0.0,0.0,0.0,1.776,0.0
1784631769.1215148,0,0,29330,0,0.0,0.0,0.0,0.0,1.777,0.0
1784631769.1222029,0,0,29340,0,0.0,0.0,0.0,0.0,1.778,0.0
1784631769.1226552,0,0,29350,0,0.0,0.0,0.0,0.0,1.779,0.0
1784631769.1231456,0,0,29360,0,0.0,0.0,0.0,0.0,1.78,0.0
1784631769.1235251,0,0,29370,0,0.0,0.0,0.0,0.0,1.782,0.0
1784631769.1240714,0,0,29380,0,0.0,0.0,0.0,0.0,1.783,0.0
1784631769.241246,0,0,29390,0,0.0,0.0,0.0,0.0,1.784,0.0
1784631769.2420275,0,0,29400,0,0.0,0.0,0.0,0.0,1.785,0.0
1784631769.242477,0,0,29410,0,0.0,0.0,0.0,0.0,1.786,0.0
1784631769.2429008,0,0,29420,0,0.0,0.0,0.0,0.0,1.787,0.0
1784631769.2432642,0,0,29430,0,0.0,0.0,0.0,0.0,1.788,0.0
1784631769.2437613,0,0,29440,0,0.0,0.0,0.0,0.0,1.789,0.0
1784631769.2441554,0,0,29450,0,0.0,0.0,0.0,0.0,1.79,0.0
1784631769.2445745,0,0,29460,0,0.0,0.0,0.0,0.0,1.791,0.0
1784631769.2455468,0,0,29470,0,0.0,0.0,0.0,0.0,1.792,0.0
1784631769.246574,0,0,29480,0,0.0,0.0,0.0,0.0,1.793,0.0
1784631769.2471814,0,0,29490,0,0.0,0.0,0.0,0.0,1.795,0.0
1784631769.2478726,0,0,29500,0,0.0,0.0,0.0,0.0,1.796,0.0
1784631769.2482913,0,0,29510,0,0.0,0.0,0.0,0.0,1.797,0.0
1784631769.248776,0,0,29520,0,0.0,0.0,0.0,0.0,1.798,0.0
1784631769.2491705,0,0,29530,0,0.0,0.0,0.0,0.0,1.799,0.0
1784631769.2496264,0,0,29540,0,0.0,0.0,0.0,0.0,1.8,0.0
1784631769.2500634,0,0,29550,0,0.0,0.0,0.0,0.0,1.801,0.0
1784631769.2504213,0,0,29560,0,0.0,0.0,0.0,0.0,1.802,0.0
1784631769.2508616,0,0,29570,0,0.0,0.0,0.0,0.0,1.803,0.0
1784631769.251241,0,0,29580,0,0.0,0.0,0.0,0.0,1.804,0.0
1784631769.3576212,0,0,29590,0,0.0,0.0,0.0,0.0,1.806,0.0
1784631769.3584983,0,0,29600,0,0.0,0.0,0.0,0.0,1.807,0.0
1784631769.3591526,0,0,29610,0,0.0,0.0,0.0,0.0,1.808,0.0
1784631769.3597639,0,0,29620,0,0.0,0.0,0.0,0.0,1.809,0.0
1784631769.360325,0,0,29630,0,0.0,0.0,0.0,0.0,1.81,0.0
1784631769.3609004,0,0,29640,0,0.0,0.0,0.0,0.0,1.811,0.0
1784631769.361409,0,0,29650,0,0.0,0.0,0.0,0.0,1.812,0.0
1784631769.3619804,0,0,29660,0,0.0,0.0,0.0,0.0,1.813,0.0
1784631769.3624272,0,0,29670,0,0.0,0.0,0.0,0.0,1.814,0.0
1784631769.3629153,0,0,29680,0,0.0,0.0,0.0,0.0,1.816,0.0
1784631769.363402,0,0,29690,0,0.0,0.0,0.0,0.0,1.817,0.0
1784631769.3639793,0,0,29700,0,0.0,0.0,0.0,0.0,1.818,0.0
1784631769.3644881,0,0,29710,0,0.0,0.0,0.0,0.0,1.819,0.0
1784631769.3650682,0,0,29720,0,0.0,0.0,0.0,0.0,1.82,0.0
1784631769.4711196,0,0,29730,0,0.0,0.0,0.0,0.0,1.821,0.0
1784631769.4721646,0,0,29740,0,0.0,0.0,0.0,0.0,1.822,0.0
1784631769.4732106,0,0,29750,0,0.0,0.0,0.0,0.0,1.823,0.0
1784631769.474002,0,0,29760,0,0.0,0.0,0.0,0.0,1.825,0.0
1784631769.474667,0,0,29770,0,0.0,0.0,0.0,0.0,1.826,0.0
1784631769.4753265,0,0,29780,0,0.0,0.0,0.0,0.0,1.827,0.0
1784631769.476024,0,0,29790,0,0.0,0.0,0.0,0.0,1.828,0.0
1784631769.4766665,0,0,29800,0,0.0,0.0,0.0,0.0,1.829,0.0
1784631769.4817564,0,0,29810,0,0.0,0.0,0.0,0.0,1.83,0.0
1784631769.4836214,0,0,29820,0,0.0,0.0,0.0,0.0,1.831,0.0
1784631769.4847264,0,0,29830,0,0.0,0.0,0.0,0.0,1.832,0.0
1784631769.4858668,0,0,29840,0,0.0,0.0,0.0,0.0,1.834,0.0
1784631769.4868963,0,0,29850,0,0.0,0.0,0.0,0.0,1.835,0.0
1784631769.4883366,0,0,29860,0,0.0,0.0,0.0,0.0,1.836,0.0
1784631769.4894323,0,0,29870,0,0.0,0.0,0.0,0.0,1.837,0.0
1784631769.5973577,0,0,29880,0,0.0,0.0,0.0,0.0,1.838,0.0
1784631769.59806,0,0,29890,0,0.0,0.0,0.0,0.0,1.839,0.0
1784631769.5984802,0,0,29900,0,0.0,0.0,0.0,0.0,1.84,0.0
1784631769.5988994,0,0,29910,0,0.0,0.0,0.0,0.0,1.842,0.0
1784631769.5992827,0,0,29920,0,0.0,0.0,0.0,0.0,1.843,0.0
1784631769.599636,0,0,29930,0,0.0,0.0,0.0,0.0,1.844,0.0
1784631769.6000643,0,0,29940,0,0.0,0.0,0.0,0.0,1.845,0.0
1784631769.6004257,0,0,29950,0,0.0,0.0,0.0,0.0,1.846,0.0
1784631769.6008997,0,0,29960,0,0.0,0.0,0.0,0.0,1.847,0.0
1784631769.6012812,0,0,29970,0,0.0,0.0,0.0,0.0,1.849,0.0
1784631769.6016397,0,0,29980,0,0.0,0.0,0.0,0.0,1.85,0.0
1784631769.6020825,0,0,29990,0,0.0,0.0,0.0,0.0,1.851,0.0
1784631769.60244,0,0,30000,0,0.0,0.0,0.0,0.0,1.852,0.0
1784631769.6028607,0,0,30010,0,0.0,0.0,0.0,0.0,1.853,0.0
1784631769.6032317,0,0,30020,0,0.0,0.0,0.0,0.0,1.854,0.0
1784631769.6035812,0,0,30030,0,0.0,0.0,0.0,0.0,1.855,0.0
1784631769.6040113,0,0,30040,0,0.0,0.0,0.0,0.0,1.857,0.0
1784631769.6043715,0,0,30050,0,0.0,0.0,0.0,0.0,1.858,0.0
1784631769.6052148,0,0,30060,0,0.0,0.0,0.0,0.0,1.859,0.0
1784631769.7172983,0,0,30070,0,0.0,0.0,0.0,0.0,1.86,0.0
1784631769.7179654,0,0,30080,0,0.0,0.0,0.0,0.0,1.861,0.0
1784631769.7183812,0,0,30090,0,0.0,0.0,0.0,0.0,1.862,0.0
1784631769.718885,0,0,30100,0,0.0,0.0,0.0,0.0,1.864,0.0
1784631769.7192762,0,0,30110,0,0.0,0.0,0.0,0.0,1.865,0.0
1784631769.7197826,0,0,30120,0,0.0,0.0,0.0,0.0,1.866,0.0
1784631769.7202096,0,0,30130,0,0.0,0.0,0.0,0.0,1.867,0.0
1784631769.7206569,0,0,30140,0,0.0,0.0,0.0,0.0,1.868,0.0
1784631769.721139,0,0,30150,0,0.0,0.0,0.0,0.0,1.869,0.0
1784631769.7215528,0,0,30160,0,0.0,0.0,0.0,0.0,1.871,0.0
1784631769.8291647,0,0,30170,0,0.0,0.0,0.0,0.0,1.872,0.0
1784631769.8297713,0,0,30180,0,0.0,0.0,0.0,0.0,1.873,0.0
1784631769.830264,0,0,30190,0,0.0,0.0,0.0,0.0,1.874,0.0
1784631769.8307576,0,0,30200,0,0.0,0.0,0.0,0.0,1.875,0.0
1784631769.8311691,0,0,30210,0,0.0,0.0,0.0,0.0,1.877,0.0
1784631769.831631,0,0,30220,0,0.0,0.0,0.0,0.0,1.878,0.0
1784631769.8320417,0,0,30230,0,0.0,0.0,0.0,0.0,1.879,0.0
1784631769.8324244,0,0,30240,0,0.0,0.0,0.0,0.0,1.88,0.0
1784631769.8330395,0,0,30250,0,0.0,0.0,0.0,0.0,1.881,0.0
1784631769.8335426,0,0,30260,0,0.0,0.0,0.0,0.0,1.883,0.0
1784631769.8339658,0,0,30270,0,0.0,0.0,0.0,0.0,1.884,0.0
1784631769.8344214,0,0,30280,0,0.0,0.0,0.0,0.0,1.885,0.0
1784631769.8348324,0,0,30290,0,0.0,0.0,0.0,0.0,1.886,0.0
1784631769.8352592,0,0,30300,0,0.0,0.0,0.0,0.0,1.887,0.0
1784631769.835752,0,0,30310,0,0.0,0.0,0.0,0.0,1.889,0.0
1784631769.8362937,0,0,30320,0,0.0,0.0,0.0,0.0,1.89,0.0
1784631769.836704,0,0,30330,0,0.0,0.0,0.0,0.0,1.891,0.0
1784631769.9505928,0,0,30340,0,0.0,0.0,0.0,0.0,1.892,0.0
1784631769.9516435,0,0,30350,0,0.0,0.0,0.0,0.0,1.893,0.0
1784631769.9564872,0,0,30360,0,0.0,0.0,0.0,0.0,1.895,0.0
1784631769.9571779,0,0,30370,0,0.0,0.0,0.0,0.0,1.896,0.0
1784631769.9575865,0,0,30380,0,0.0,0.0,0.0,0.0,1.897,0.0
1784631769.9582608,0,0,30390,0,0.0,0.0,0.0,0.0,1.898,0.0
1784631769.9586964,0,0,30400,0,0.0,0.0,0.0,0.0,1.899,0.0
1784631769.9592896,0,0,30410,0,0.0,0.0,0.0,0.0,1.901,0.0
1784631769.9597223,0,0,30420,0,0.0,0.0,0.0,0.0,1.902,0.0
1784631769.9602928,0,0,30430,0,0.0,0.0,0.0,0.0,1.903,0.0
1784631769.9607992,0,0,30440,0,0.0,0.0,0.0,0.0,1.904,0.0
1784631769.961277,0,0,30450,0,0.0,0.0,0.0,0.0,1.906,0.0
1784631769.9616761,0,0,30460,0,0.0,0.0,0.0,0.0,1.907,0.0
1784631769.9621913,0,0,30470,0,0.0,0.0,0.0,0.0,1.908,0.0
1784631769.96257,0,0,30480,0,0.0,0.0,0.0,0.0,1.909,0.0
1784631769.963027,0,0,30490,0,0.0,0.0,0.0,0.0,1.91,0.0
1784631769.963418,0,0,30500,0,0.0,0.0,0.0,0.0,1.912,0.0
1784631769.9641047,0,0,30510,0,0.0,0.0,0.0,0.0,1.913,0.0
1784631769.9645472,0,0,30520,0,0.0,0.0,0.0,0.0,1.914,0.0
1784631770.076106,0,0,30530,0,0.0,0.0,0.0,0.0,1.915,0.0
1784631770.0770557,0,0,30540,0,0.0,0.0,0.0,0.0,1.916,0.0
1784631770.077686,0,0,30550,0,0.0,0.0,0.0,0.0,1.918,0.0
1784631770.0782099,0,0,30560,0,0.0,0.0,0.0,0.0,1.919,0.0
1784631770.078647,0,0,30570,0,0.0,0.0,0.0,0.0,1.92,0.0
1784631770.0790884,0,0,30580,0,0.0,0.0,0.0,0.0,1.921,0.0
1784631770.0794835,0,0,30590,0,0.0,0.0,0.0,0.0,1.923,0.0
1784631770.0799577,0,0,30600,0,0.0,0.0,0.0,0.0,1.924,0.0
1784631770.080324,0,0,30610,0,0.0,0.0,0.0,0.0,1.925,0.0
1784631770.0808015,0,0,30620,0,0.0,0.0,0.0,0.0,1.926,0.0
1784631770.0812507,0,0,30630,0,0.0,0.0,0.0,0.0,1.927,0.0
1784631770.0816958,0,0,30640,0,0.0,0.0,0.0,0.0,1.929,0.0
1784631770.0821397,0,0,30650,0,0.0,0.0,0.0,0.0,1.93,0.0
1784631770.082562,0,0,30660,0,0.0,0.0,0.0,0.0,1.931,0.0
1784631770.0830224,0,0,30670,0,0.0,0.0,0.0,0.0,1.932,0.0
1784631770.0833986,0,0,30680,0,0.0,0.0,0.0,0.0,1.934,0.0
1784631770.0839226,0,0,30690,0,0.0,0.0,0.0,0.0,1.935,0.0
1784631770.197705,0,0,30700,0,0.0,0.0,0.0,0.0,1.936,0.0
1784631770.1984806,0,0,30710,0,0.0,0.0,0.0,0.0,1.937,0.0
1784631770.1993558,0,0,30720,0,0.0,0.0,0.0,0.0,1.939,0.0
1784631770.2002816,0,0,30730,0,0.0,0.0,0.0,0.0,1.94,0.0
1784631770.2012634,0,0,30740,0,0.0,0.0,0.0,0.0,1.941,0.0
1784631770.2018523,0,0,30750,0,0.0,0.0,0.0,0.0,1.942,0.0
1784631770.2022548,0,0,30760,0,0.0,0.0,0.0,0.0,1.944,0.0
1784631770.2027056,0,0,30770,0,0.0,0.0,0.0,0.0,1.945,0.0
1784631770.2030756,0,0,30780,0,0.0,0.0,0.0,0.0,1.946,0.0
1784631770.2035823,0,0,30790,0,0.0,0.0,0.0,0.0,1.947,0.0
1784631770.2039952,0,0,30800,0,0.0,0.0,0.0,0.0,1.948,0.0
1784631770.204362,0,0,30810,0,0.0,0.0,0.0,0.0,1.95,0.0
1784631770.2047436,0,0,30820,0,0.0,0.0,0.0,0.0,1.951,0.0
1784631770.2051158,0,0,30830,0,0.0,0.0,0.0,0.0,1.952,0.0
1784631770.205562,0,0,30840,0,0.0,0.0,0.0,0.0,1.953,0.0
1784631770.2059486,0,0,30850,0,0.0,0.0,0.0,0.0,1.955,0.0
1784631770.2062988,0,0,30860,0,0.0,0.0,0.0,0.0,1.956,0.0
1784631770.2066715,0,0,30870,0,0.0,0.0,0.0,0.0,1.957,0.0
1784631770.2070403,0,0,30880,0,0.0,0.0,0.0,0.0,1.958,0.0
1784631770.3260357,0,0,30890,0,0.0,0.0,0.0,0.0,1.96,0.0
1784631770.32688,0,0,30900,0,0.0,0.0,0.0,0.0,1.961,0.0
1784631770.3273573,0,0,30910,0,0.0,0.0,0.0,0.0,1.962,0.0
1784631770.327927,0,0,30920,0,0.0,0.0,0.0,0.0,1.963,0.0
1784631770.3284454,0,0,30930,0,0.0,0.0,0.0,0.0,1.965,0.0
1784631770.328949,0,0,30940,0,0.0,0.0,0.0,0.0,1.966,0.0
1784631770.329393,0,0,30950,0,0.0,0.0,0.0,0.0,1.967,0.0
1784631770.3300347,0,0,30960,0,0.0,0.0,0.0,0.0,1.968,0.0
1784631770.3304965,0,0,30970,0,0.0,0.0,0.0,0.0,1.97,0.0
1784631770.3309975,0,0,30980,0,0.0,0.0,0.0,0.0,1.971,0.0
1784631770.331393,0,0,30990,0,0.0,0.0,0.0,0.0,1.972,0.0
1784631770.3318553,0,0,31000,0,0.0,0.0,0.0,0.0,1.974,0.0
1784631770.3322613,0,0,31010,0,0.0,0.0,0.0,0.0,1.975,0.0
1784631770.3327532,0,0,31020,0,0.0,0.0,0.0,0.0,1.976,0.0
1784631770.3332837,0,0,31030,0,0.0,0.0,0.0,0.0,1.977,0.0
1784631770.333744,0,0,31040,0,0.0,0.0,0.0,0.0,1.979,0.0
1784631770.3341951,0,0,31050,0,0.0,0.0,0.0,0.0,1.98,0.0
1784631770.3345966,0,0,31060,0,0.0,0.0,0.0,0.0,1.981,0.0
1784631770.335316,0,0,31070,0,0.0,0.0,0.0,0.0,1.982,0.0
1784631770.3359916,0,0,31080,0,0.0,0.0,0.0,0.0,1.984,0.0
1784631770.4568741,0,0,31090,0,0.0,0.0,0.0,0.0,1.985,0.0
1784631770.4575558,0,0,31100,0,0.0,0.0,0.0,0.0,1.986,0.0
1784631770.4581158,0,0,31110,0,0.0,0.0,0.0,0.0,1.987,0.0
1784631770.458542,0,0,31120,0,0.0,0.0,0.0,0.0,1.989,0.0
1784631770.4590356,0,0,31130,0,0.0,0.0,0.0,0.0,1.988,0.0
1784631770.459454,0,0,31140,0,0.0,0.0,0.0,0.0,1.987,0.0
1784631770.4599426,0,0,31150,0,0.0,0.0,0.0,0.0,1.987,0.0
1784631770.4603362,0,0,31160,0,0.0,0.0,0.0,0.0,1.986,0.0
1784631770.4607716,0,0,31170,0,0.0,0.0,0.0,0.0,1.985,0.0
1784631770.4612412,0,0,31180,0,0.0,0.0,0.0,0.0,1.985,0.0
1784631770.4616787,0,0,31190,0,0.0,0.0,0.0,0.0,1.984,0.0
1784631770.4621272,0,0,31200,0,0.0,0.0,0.0,0.0,1.983,0.0
1784631770.4625382,0,0,31210,0,0.0,0.0,0.0,0.0,1.983,0.0
1784631770.4630532,0,0,31220,0,0.0,0.0,0.0,0.0,1.982,0.0
1784631770.4634721,0,0,31230,0,0.0,0.0,0.0,0.0,1.982,0.0
1784631770.464027,0,0,31240,0,0.0,0.0,0.0,0.0,1.981,0.0
1784631770.4645104,0,0,31250,0,0.0,0.0,0.0,0.0,1.98,0.0
1784631770.470759,0,0,31260,0,0.0,0.0,0.0,0.0,1.98,0.0
1784631770.471472,0,0,31270,0,0.0,0.0,0.0,0.0,1.979,0.0
1784631770.582193,0,0,31280,0,0.0,0.0,0.0,0.0,1.978,0.0
1784631770.5829053,0,0,31290,0,0.0,0.0,0.0,0.0,1.978,0.0
1784631770.5833902,0,0,31300,0,0.0,0.0,0.0,0.0,1.977,0.0
1784631770.583901,0,0,31310,0,0.0,0.0,0.0,0.0,1.977,0.0
1784631770.584462,0,0,31320,0,0.0,0.0,0.0,0.0,1.976,0.0
1784631770.58505,0,0,31330,0,0.0,0.0,0.0,0.0,1.975,0.0
1784631770.585521,0,0,31340,0,0.0,0.0,0.0,0.0,1.975,0.0
1784631770.5860062,0,0,31350,0,0.0,0.0,0.0,0.0,1.974,0.0
1784631770.5864484,0,0,31360,0,0.0,0.0,0.0,0.0,1.973,0.0
1784631770.5868518,0,0,31370,0,0.0,0.0,0.0,0.0,1.973,0.0
1784631770.5873008,0,0,31380,0,0.0,0.0,0.0,0.0,1.972,0.0
1784631770.5877187,0,0,31390,0,0.0,0.0,0.0,0.0,1.971,0.0
1784631770.588216,0,0,31400,0,0.0,0.0,0.0,0.0,1.971,0.0
1784631770.5886524,0,0,31410,0,0.0,0.0,0.0,0.0,1.97,0.0
1784631770.5893726,0,0,31420,0,0.0,0.0,0.0,0.0,1.97,0.0
1784631770.5901635,0,0,31430,0,0.0,0.0,0.0,0.0,1.969,0.0
1784631770.591155,0,0,31440,0,0.0,0.0,0.0,0.0,1.968,0.0
1784631770.6988022,0,0,31450,0,0.0,0.0,0.0,0.0,1.968,0.0
1784631770.7000887,0,0,31460,0,0.0,0.0,0.0,0.0,1.967,0.0
1784631770.7011042,0,0,31470,0,0.0,0.0,0.0,0.0,1.966,0.0
1784631770.7017581,0,0,31480,0,0.0,0.0,0.0,0.0,1.966,0.0
1784631770.7022357,0,0,31490,0,0.0,0.0,0.0,0.0,1.965,0.0
1784631770.702714,0,0,31500,0,0.0,0.0,0.0,0.0,1.965,0.0
1784631770.7032523,0,0,31510,0,0.0,0.0,0.0,0.0,1.964,0.0
1784631770.7037504,0,0,31520,0,0.0,0.0,0.0,0.0,1.963,0.0
1784631770.7044642,0,0,31530,0,0.0,0.0,0.0,0.0,1.963,0.0
1784631770.705023,0,0,31540,0,0.0,0.0,0.0,0.0,1.962,0.0
1784631770.7054815,0,0,31550,0,0.0,0.0,0.0,0.0,1.961,0.0
1784631770.7060094,0,0,31560,0,0.0,0.0,0.0,0.0,1.961,0.0
1784631770.8155925,0,0,31570,0,0.0,0.0,0.0,0.0,1.96,0.0
1784631770.8161938,0,0,31580,0,0.0,0.0,0.0,0.0,1.96,0.0
1784631770.816662,0,0,31590,0,0.0,0.0,0.0,0.0,1.959,0.0
1784631770.8171809,0,0,31600,0,0.0,0.0,0.0,0.0,1.958,0.0
1784631770.8176131,0,0,31610,0,0.0,0.0,0.0,0.0,1.958,0.0
1784631770.8180919,0,0,31620,0,0.0,0.0,0.0,0.0,1.957,0.0
1784631770.818504,0,0,31630,0,0.0,0.0,0.0,0.0,1.957,0.0
1784631770.818913,0,0,31640,0,0.0,0.0,0.0,0.0,1.956,0.0
1784631770.81929,0,0,31650,0,0.0,0.0,0.0,0.0,1.955,0.0
1784631770.8197951,0,0,31660,0,0.0,0.0,0.0,0.0,1.955,0.0
1784631770.8201902,0,0,31670,0,0.0,0.0,0.0,0.0,1.954,0.0
1784631770.8206198,0,0,31680,0,0.0,0.0,0.0,0.0,1.953,0.0
1784631770.8212326,0,0,31690,0,0.0,0.0,0.0,0.0,1.953,0.0
1784631770.9267669,0,0,31700,0,0.0,0.0,0.0,0.0,1.952,0.0
1784631770.929034,0,0,31710,0,0.0,0.0,0.0,0.0,1.952,0.0
1784631770.9298825,0,0,31720,0,0.0,0.0,0.0,0.0,1.951,0.0
1784631770.9305408,0,0,31730,0,0.0,0.0,0.0,0.0,1.95,0.0
1784631770.9311821,0,0,31740,0,0.0,0.0,0.0,0.0,1.95,0.0
1784631770.9316103,0,0,31750,0,0.0,0.0,0.0,0.0,1.949,0.0
1784631770.9321115,0,0,31760,0,0.0,0.0,0.0,0.0,1.949,0.0
1784631770.9325836,0,0,31770,0,0.0,0.0,0.0,0.0,1.948,0.0
1784631770.9331129,0,0,31780,0,0.0,0.0,0.0,0.0,1.947,0.0
1784631770.933573,0,0,31790,0,0.0,0.0,0.0,0.0,1.947,0.0
1784631770.9341228,0,0,31800,0,0.0,0.0,0.0,0.0,1.946,0.0
1784631770.9345727,0,0,31810,0,0.0,0.0,0.0,0.0,1.945,0.0
1784631771.0402389,0,0,31820,0,0.0,0.0,0.0,0.0,1.945,0.0
1784631771.0410244,0,0,31830,0,0.0,0.0,0.0,0.0,1.944,0.0
1784631771.0414336,0,0,31840,0,0.0,0.0,0.0,0.0,1.944,0.0
1784631771.0417867,0,0,31850,0,0.0,0.0,0.0,0.0,1.943,0.0
1784631771.0422435,0,0,31860,0,0.0,0.0,0.0,0.0,1.942,0.0
1784631771.0429363,0,0,31870,0,0.0,0.0,0.0,0.0,1.942,0.0
1784631771.043726,0,0,31880,0,0.0,0.0,0.0,0.0,1.941,0.0
1784631771.044595,0,0,31890,0,0.0,0.0,0.0,0.0,1.941,0.0
1784631771.0452206,0,0,31900,0,0.0,0.0,0.0,0.0,1.94,0.0
1784631771.0457392,0,0,31910,0,0.0,0.0,0.0,0.0,1.939,0.0
1784631771.152086,0,0,31920,0,0.0,0.0,0.0,0.0,1.939,0.0
1784631771.1528673,0,0,31930,0,0.0,0.0,0.0,0.0,1.938,0.0
1784631771.153359,0,0,31940,0,0.0,0.0,0.0,0.0,1.938,0.0
1784631771.1538744,0,0,31950,0,0.0,0.0,0.0,0.0,1.937,0.0
1784631771.1543517,0,0,31960,0,0.0,0.0,0.0,0.0,1.936,0.0
1784631771.1548107,0,0,31970,0,0.0,0.0,0.0,0.0,1.936,0.0
1784631771.1552372,0,0,31980,0,0.0,0.0,0.0,0.0,1.935,0.0
1784631771.1557333,0,0,31990,0,0.0,0.0,0.0,0.0,1.935,0.0
1784631771.156841,0,0,32000,0,0.0,0.0,0.0,0.0,1.934,0.0
1784631771.1575508,0,0,32010,0,0.0,0.0,0.0,0.0,1.933,0.0
1784631771.1580365,0,0,32020,0,0.0,0.0,0.0,0.0,1.933,0.0
1784631771.158521,0,0,32030,0,0.0,0.0,0.0,0.0,1.932,0.0
1784631771.286034,0,0,32040,0,0.0,0.0,0.0,0.0,1.931,0.0
1784631771.2866967,0,0,32050,0,0.0,0.0,0.0,0.0,1.931,0.0
1784631771.2872682,0,0,32060,0,0.0,0.0,0.0,0.0,1.93,0.0
1784631771.2880766,0,0,32070,0,0.0,0.0,0.0,0.0,1.93,0.0
1784631771.2886574,0,0,32080,0,0.0,0.0,0.0,0.0,1.929,0.0
1784631771.289138,0,0,32090,0,0.0,0.0,0.0,0.0,1.928,0.0
1784631771.2897418,0,0,32100,0,0.0,0.0,0.0,0.0,1.928,0.0
1784631771.2902782,0,0,32110,0,0.0,0.0,0.0,0.0,1.927,0.0
1784631771.2912023,0,0,32120,0,0.0,0.0,0.0,0.0,1.927,0.0
1784631771.2916672,0,0,32130,0,0.0,0.0,0.0,0.0,1.926,0.0
1784631771.2923353,0,0,32140,0,0.0,0.0,0.0,0.0,1.925,0.0
1784631771.2933476,0,0,32150,0,0.0,0.0,0.0,0.0,1.925,0.0
1784631771.2945685,0,0,32160,0,0.0,0.0,0.0,0.0,1.924,0.0
1784631771.2956653,0,0,32170,0,0.0,0.0,0.0,0.0,1.924,0.0
1784631771.4076312,0,0,32180,0,0.0,0.0,0.0,0.0,1.923,0.0
1784631771.4084992,0,0,32190,0,0.0,0.0,0.0,0.0,1.922,0.0
1784631771.4090865,0,0,32200,0,0.0,0.0,0.0,0.0,1.922,0.0
1784631771.4095566,0,0,32210,0,0.0,0.0,0.0,0.0,1.921,0.0
1784631771.4100766,0,0,32220,0,0.0,0.0,0.0,0.0,1.921,0.0
1784631771.4104958,0,0,32230,0,0.0,0.0,0.0,0.0,1.92,0.0
1784631771.4110053,0,0,32240,0,0.0,0.0,0.0,0.0,1.92,0.0
1784631771.4114585,0,0,32250,0,0.0,0.0,0.0,0.0,1.919,0.0
1784631771.4119065,0,0,32260,0,0.0,0.0,0.0,0.0,1.918,0.0
1784631771.4123552,0,0,32270,0,0.0,0.0,0.0,0.0,1.918,0.0
1784631771.4127736,0,0,32280,0,0.0,0.0,0.0,0.0,1.917,0.0
1784631771.5269,0,0,32290,0,0.0,0.0,0.0,0.0,1.917,0.0
1784631771.5282295,0,0,32300,0,0.0,0.0,0.0,0.0,1.916,0.0
1784631771.529685,0,0,32310,0,0.0,0.0,0.0,0.0,1.915,0.0
1784631771.5307267,0,0,32320,0,0.0,0.0,0.0,0.0,1.915,0.0
1784631771.5325131,0,0,32330,0,0.0,0.0,0.0,0.0,1.914,0.0
1784631771.5339506,0,0,32340,0,0.0,0.0,0.0,0.0,1.914,0.0
1784631771.5351439,0,0,32350,0,0.0,0.0,0.0,0.0,1.913,0.0
1784631771.5363765,0,0,32360,0,0.0,0.0,0.0,0.0,1.912,0.0
1784631771.5372915,0,0,32370,0,0.0,0.0,0.0,0.0,1.912,0.0
1784631771.5380871,0,0,32380,0,0.0,0.0,0.0,0.0,1.911,0.0
1784631771.5389376,0,0,32390,0,0.0,0.0,0.0,0.0,1.911,0.0
1784631771.6492727,0,0,32400,0,0.0,0.0,0.0,0.0,1.91,0.0
1784631771.6504273,0,0,32410,0,0.0,0.0,0.0,0.0,1.909,0.0
1784631771.6512313,0,0,32420,0,0.0,0.0,0.0,0.0,1.909,0.0
1784631771.6518502,0,0,32430,0,0.0,0.0,0.0,0.0,1.908,0.0
1784631771.652444,0,0,32440,0,0.0,0.0,0.0,0.0,1.908,0.0
1784631771.6531405,0,0,32450,0,0.0,0.0,0.0,0.0,1.907,0.0
1784631771.6536715,0,0,32460,0,0.0,0.0,0.0,0.0,1.907,0.0
1784631771.6543772,0,0,32470,0,0.0,0.0,0.0,0.0,1.906,0.0
1784631771.6553636,0,0,32480,0,0.0,0.0,0.0,0.0,1.905,0.0
1784631771.6564345,0,0,32490,0,0.0,0.0,0.0,0.0,1.905,0.0
1784631771.6573896,0,0,32500,0,0.0,0.0,0.0,0.0,1.904,0.0
1784631771.658267,0,0,32510,0,0.0,0.0,0.0,0.0,1.904,0.0
1784631771.7635038,0,0,32520,0,0.0,0.0,0.0,0.0,1.903,0.0
1784631771.764379,0,0,32530,0,0.0,0.0,0.0,0.0,1.902,0.0
1784631771.7650552,0,0,32540,0,0.0,0.0,0.0,0.0,1.902,0.0
1784631771.7654889,0,0,32550,0,0.0,0.0,0.0,0.0,1.901,0.0
1784631771.7661445,0,0,32560,0,0.0,0.0,0.0,0.0,1.901,0.0
1784631771.7666023,0,0,32570,0,0.0,0.0,0.0,0.0,1.9,0.0
1784631771.7670977,0,0,32580,0,0.0,0.0,0.0,0.0,1.899,0.0
1784631771.7674875,0,0,32590,0,0.0,0.0,0.0,0.0,1.899,0.0
1784631771.7680507,0,0,32600,0,0.0,0.0,0.0,0.0,1.898,0.0
1784631771.7684627,0,0,32610,0,0.0,0.0,0.0,0.0,1.898,0.0
1784631771.7690098,0,0,32620,0,0.0,0.0,0.0,0.0,1.897,0.0
1784631771.7694132,0,0,32630,0,0.0,0.0,0.0,0.0,1.897,0.0
1784631771.8820918,0,0,32640,0,0.0,0.0,0.0,0.0,1.896,0.0
1784631771.8833876,0,0,32650,0,0.0,0.0,0.0,0.0,1.895,0.0
1784631771.88467,0,0,32660,0,0.0,0.0,0.0,0.0,1.895,0.0
1784631771.8857849,0,0,32670,0,0.0,0.0,0.0,0.0,1.894,0.0
1784631771.8881745,0,0,32680,0,0.0,0.0,0.0,0.0,1.894,0.0
1784631771.8901713,0,0,32690,0,0.0,0.0,0.0,0.0,1.893,0.0
1784631771.891753,0,0,32700,0,0.0,0.0,0.0,0.0,1.893,0.0
1784631771.8926792,0,0,32710,0,0.0,0.0,0.0,0.0,1.892,0.0
1784631771.8933704,0,0,32720,0,0.0,0.0,0.0,0.0,1.891,0.0
1784631771.894035,0,0,32730,0,0.0,0.0,0.0,0.0,1.891,0.0
1784631771.8946955,0,0,32740,0,0.0,0.0,0.0,0.0,1.89,0.0
1784631771.8953202,0,0,32750,0,0.0,0.0,0.0,0.0,1.89,0.0
1784631771.8960583,0,0,32760,0,0.0,0.0,0.0,0.0,1.889,0.0
1784631772.005264,0,0,32770,0,0.0,0.0,0.0,0.0,1.888,0.0
1784631772.0064569,0,0,32780,0,0.0,0.0,0.0,0.0,1.888,0.0
1784631772.007941,0,0,32790,0,0.0,0.0,0.0,0.0,1.887,0.0
1784631772.0094914,0,0,32800,0,0.0,0.0,0.0,0.0,1.887,0.0
1784631772.0123086,0,0,32810,0,0.0,0.0,0.0,0.0,1.886,0.0
1784631772.0149589,0,0,32820,0,0.0,0.0,0.0,0.0,1.886,0.0
1784631772.0164037,0,0,32830,0,0.0,0.0,0.0,0.0,1.885,0.0
1784631772.0179849,0,0,32840,0,0.0,0.0,0.0,0.0,1.884,0.0
1784631772.0192652,0,0,32850,0,0.0,0.0,0.0,0.0,1.884,0.0
1784631772.020463,0,0,32860,0,0.0,0.0,0.0,0.0,1.883,0.0
1784631772.0217586,0,0,32870,0,0.0,0.0,0.0,0.0,1.883,0.0
1784631772.022672,0,0,32880,0,0.0,0.0,0.0,0.0,1.882,0.0
1784631772.0233662,0,0,32890,0,0.0,0.0,0.0,0.0,1.882,0.0
1784631772.1338615,0,0,32900,0,0.0,0.0,0.0,0.0,1.881,0.0
1784631772.1354194,0,0,32910,0,0.0,0.0,0.0,0.0,1.88,0.0
1784631772.137465,0,0,32920,0,0.0,0.0,0.0,0.0,1.88,0.0
1784631772.139811,0,0,32930,0,0.0,0.0,0.0,0.0,1.879,0.0
1784631772.1412005,0,0,32940,0,0.0,0.0,0.0,0.0,1.879,0.0
1784631772.1439385,0,0,32950,0,0.0,0.0,0.0,0.0,1.878,0.0
1784631772.1448374,0,0,32960,0,0.0,0.0,0.0,0.0,1.878,0.0
1784631772.1457143,0,0,32970,0,0.0,0.0,0.0,0.0,1.877,0.0
1784631772.1465192,0,0,32980,0,0.0,0.0,0.0,0.0,1.876,0.0
1784631772.1472266,0,0,32990,0,0.0,0.0,0.0,0.0,1.876,0.0
1784631772.1478095,0,0,33000,0,0.0,0.0,0.0,0.0,1.875,0.0
1784631772.1485798,0,0,33010,0,0.0,0.0,0.0,0.0,1.875,0.0
1784631772.1493225,0,0,33020,0,0.0,0.0,0.0,0.0,1.874,0.0
1784631772.2597535,0,0,33030,0,0.0,0.0,0.0,0.0,1.874,0.0
1784631772.2629538,0,0,33040,0,0.0,0.0,0.0,0.0,1.873,0.0
1784631772.2654817,0,0,33050,0,0.0,0.0,0.0,0.0,1.872,0.0
1784631772.2670069,0,0,33060,0,0.0,0.0,0.0,0.0,1.872,0.0
1784631772.2680838,0,0,33070,0,0.0,0.0,0.0,0.0,1.871,0.0
1784631772.2695434,0,0,33080,0,0.0,0.0,0.0,0.0,1.871,0.0
1784631772.2705336,0,0,33090,0,0.0,0.0,0.0,0.0,1.87,0.0
1784631772.271684,0,0,33100,0,0.0,0.0,0.0,0.0,1.87,0.0
1784631772.2725253,0,0,33110,0,0.0,0.0,0.0,0.0,1.869,0.0
1784631772.273356,0,0,33120,0,0.0,0.0,0.0,0.0,1.869,0.0
1784631772.2740285,0,0,33130,0,0.0,0.0,0.0,0.0,1.868,0.0
1784631772.2745914,0,0,33140,0,0.0,0.0,0.0,0.0,1.867,0.0
1784631772.27527,0,0,33150,0,0.0,0.0,0.0,0.0,1.867,0.0
1784631772.275983,0,0,33160,0,0.0,0.0,0.0,0.0,1.866,0.0
1784631772.3819087,0,0,33170,0,0.0,0.0,0.0,0.0,1.866,0.0
1784631772.3830285,0,0,33180,0,0.0,0.0,0.0,0.0,1.865,0.0
1784631772.3837867,0,0,33190,0,0.0,0.0,0.0,0.0,1.865,0.0
1784631772.3844154,0,0,33200,0,0.0,0.0,0.0,0.0,1.864,0.0
1784631772.3849733,0,0,33210,0,0.0,0.0,0.0,0.0,1.863,0.0
1784631772.3854136,0,0,33220,0,0.0,0.0,0.0,0.0,1.863,0.0
1784631772.386362,0,0,33230,0,0.0,0.0,0.0,0.0,1.862,0.0
1784631772.388341,0,0,33240,0,0.0,0.0,0.0,0.0,1.862,0.0
1784631772.3899076,0,0,33250,0,0.0,0.0,0.0,0.0,1.861,0.0
1784631772.3913848,0,0,33260,0,0.0,0.0,0.0,0.0,1.861,0.0
1784631772.3924851,0,0,33270,0,0.0,0.0,0.0,0.0,1.861,0.0
1784631772.393527,0,0,33280,0,0.0,0.0,0.0,0.0,1.861,0.0
1784631772.3945048,0,0,33290,0,0.0,0.0,0.0,0.0,1.861,0.0
1784631772.3954446,0,0,33300,0,0.0,0.0,0.0,0.0,1.861,0.0
1784631772.3961852,0,0,33310,0,0.0,0.0,0.0,0.0,1.861,0.0
1784631772.3968153,0,0,33320,0,0.0,0.0,0.0,0.0,1.861,0.0
1784631772.397415,0,0,33330,0,0.0,0.0,0.0,0.0,1.861,0.0
1784631772.3980815,0,0,33340,0,0.0,0.0,0.0,0.0,1.861,0.0
1784631772.3985703,0,0,33350,0,0.0,0.0,0.0,0.0,1.861,0.0
1784631772.503871,0,0,33360,0,0.0,0.0,0.0,0.0,1.861,0.0
1784631772.504543,0,0,33370,0,0.0,0.0,0.0,0.0,1.861,0.0
1784631772.505131,0,0,33380,0,0.0,0.0,0.0,0.0,1.861,0.0
1784631772.505644,0,0,33390,0,0.0,0.0,0.0,0.0,1.861,0.0
1784631772.506111,0,0,33400,0,0.0,0.0,0.0,0.0,1.861,0.0
1784631772.5065844,0,0,33410,0,0.0,0.0,0.0,0.0,1.86,0.0
1784631772.507058,0,0,33420,0,0.0,0.0,0.0,0.0,1.86,0.0
1784631772.5075338,0,0,33430,0,0.0,0.0,0.0,0.0,1.86,0.0
1784631772.5080507,0,0,33440,0,0.0,0.0,0.0,0.0,1.86,0.0
1784631772.508629,0,0,33450,0,0.0,0.0,0.0,0.0,1.86,0.0
1784631772.509274,0,0,33460,0,0.0,0.0,0.0,0.0,1.859,0.0
1784631772.509819,0,0,33470,0,0.0,0.0,0.0,0.0,1.859,0.0
1784631772.5102699,0,0,33480,0,0.0,0.0,0.0,0.0,1.859,0.0
1784631772.5106573,0,0,33490,0,0.0,0.0,0.0,0.0,1.859,0.0
1784631772.5115473,0,0,33500,0,0.0,0.0,0.0,0.0,1.858,0.0
1784631772.5126894,0,0,33510,0,0.0,0.0,0.0,0.0,1.858,0.0
1784631772.513744,0,0,33520,0,0.0,0.0,0.0,0.0,1.858,0.0
1784631772.5143578,0,0,33530,0,0.0,0.0,0.0,0.0,1.857,0.0
1784631772.51489,0,0,33540,0,0.0,0.0,0.0,0.0,1.857,0.0
1784631772.5153928,0,0,33550,0,0.0,0.0,0.0,0.0,1.856,0.0
1784631772.5158281,0,0,33560,0,0.0,0.0,0.0,0.0,1.856,0.0
1784631772.5163462,0,0,33570,0,0.0,0.0,0.0,0.0,1.856,0.0
1784631772.5168142,0,0,33580,0,0.0,0.0,0.0,0.0,1.855,0.0
1784631772.5173304,0,0,33590,0,0.0,0.0,0.0,0.0,1.855,0.0
1784631772.6365776,0,0,33600,0,0.0,0.0,0.0,0.0,1.854,0.0
1784631772.6376607,0,0,33610,0,0.0,0.0,0.0,0.0,1.854,0.0
1784631772.6385038,0,0,33620,0,0.0,0.0,0.0,0.0,1.853,0.0
1784631772.6393635,0,0,33630,0,0.0,0.0,0.0,0.0,1.853,0.0
1784631772.640107,0,0,33640,0,0.0,0.0,0.0,0.0,1.852,0.0
1784631772.6407156,0,0,33650,0,0.0,0.0,0.0,0.0,1.852,0.0
1784631772.6474423,0,0,33660,0,0.0,0.0,0.0,0.0,1.851,0.0
1784631772.6484103,0,0,33670,0,0.0,0.0,0.0,0.0,1.851,0.0
1784631772.649301,0,0,33680,0,0.0,0.0,0.0,0.0,1.85,0.0
1784631772.6501956,0,0,33690,0,0.0,0.0,0.0,0.0,1.85,0.0
1784631772.6509297,0,0,33700,0,0.0,0.0,0.0,0.0,1.849,0.0
1784631772.6525242,0,0,33710,0,0.0,0.0,0.0,0.0,1.848,0.0
1784631772.654171,0,0,33720,0,0.0,0.0,0.0,0.0,1.848,0.0
1784631772.6552877,0,0,33730,0,0.0,0.0,0.0,0.0,1.847,0.0
1784631772.656303,0,0,33740,0,0.0,0.0,0.0,0.0,1.847,0.0
1784631772.6572807,0,0,33750,0,0.0,0.0,0.0,0.0,1.846,0.0
1784631772.658562,0,0,33760,0,0.0,0.0,0.0,0.0,1.846,0.0
1784631772.7632205,0,0,33770,0,0.0,0.0,0.0,0.0,1.845,0.0
1784631772.7643137,0,0,33780,0,0.0,0.0,0.0,0.0,1.845,0.0
1784631772.765307,0,0,33790,0,0.0,0.0,0.0,0.0,1.844,0.0
1784631772.7661517,0,0,33800,0,0.0,0.0,0.0,0.0,1.844,0.0
1784631772.7669573,0,0,33810,0,0.0,0.0,0.0,0.0,1.843,0.0
1784631772.7678638,0,0,33820,0,0.0,0.0,0.0,0.0,1.842,0.0
1784631772.7686408,0,0,33830,0,0.0,0.0,0.0,0.0,1.842,0.0
1784631772.7693782,0,0,33840,0,0.0,0.0,0.0,0.0,1.841,0.0
1784631772.770093,0,0,33850,0,0.0,0.0,0.0,0.0,1.841,0.0
1784631772.7709796,0,0,33860,0,0.0,0.0,0.0,0.0,1.84,0.0
1784631772.7718658,0,0,33870,0,0.0,0.0,0.0,0.0,1.84,0.0
1784631772.774094,0,0,33880,0,0.0,0.0,0.0,0.0,1.839,0.0
1784631772.7748833,0,0,33890,0,0.0,0.0,0.0,0.0,1.839,0.0
1784631772.775788,0,0,33900,0,0.0,0.0,0.0,0.0,1.838,0.0
1784631772.7771623,0,0,33910,0,0.0,0.0,0.0,0.0,1.838,0.0
1784631772.8832283,0,0,33920,0,0.0,0.0,0.0,0.0,1.837,0.0
1784631772.8844411,0,0,33930,0,0.0,0.0,0.0,0.0,1.836,0.0
1784631772.8850682,0,0,33940,0,0.0,0.0,0.0,0.0,1.836,0.0
1784631772.885554,0,0,33950,0,0.0,0.0,0.0,0.0,1.835,0.0
1784631772.8865142,0,0,33960,0,0.0,0.0,0.0,0.0,1.835,0.0
1784631772.8885195,0,0,33970,0,0.0,0.0,0.0,0.0,1.834,0.0
1784631772.890295,0,0,33980,0,0.0,0.0,0.0,0.0,1.834,0.0
1784631772.891649,0,0,33990,0,0.0,0.0,0.0,0.0,1.833,0.0
1784631772.892765,0,0,34000,0,0.0,0.0,0.0,0.0,1.833,0.0
1784631772.8937657,0,0,34010,0,0.0,0.0,0.0,0.0,1.832,0.0
1784631772.8946655,0,0,34020,0,0.0,0.0,0.0,0.0,1.832,0.0
1784631772.8955984,0,0,34030,0,0.0,0.0,0.0,0.0,1.831,0.0
1784631772.8964808,0,0,34040,0,0.0,0.0,0.0,0.0,1.831,0.0
1784631772.8972,0,0,34050,0,0.0,0.0,0.0,0.0,1.83,0.0
1784631772.897905,0,0,34060,0,0.0,0.0,0.0,0.0,1.829,0.0
1784631773.0053508,0,0,34070,0,0.0,0.0,0.0,0.0,1.829,0.0
1784631773.0063913,0,0,34080,0,0.0,0.0,0.0,0.0,1.828,0.0
1784631773.0074182,0,0,34090,0,0.0,0.0,0.0,0.0,1.828,0.0
1784631773.0084364,0,0,34100,0,0.0,0.0,0.0,0.0,1.827,0.0
1784631773.0098555,0,0,34110,0,0.0,0.0,0.0,0.0,1.827,0.0
1784631773.0122862,0,0,34120,0,0.0,0.0,0.0,0.0,1.826,0.0
1784631773.0141907,0,0,34130,0,0.0,0.0,0.0,0.0,1.826,0.0
1784631773.0161057,0,0,34140,0,0.0,0.0,0.0,0.0,1.825,0.0
1784631773.0170314,0,0,34150,0,0.0,0.0,0.0,0.0,1.825,0.0
1784631773.0178092,0,0,34160,0,0.0,0.0,0.0,0.0,1.824,0.0
1784631773.0185308,0,0,34170,0,0.0,0.0,0.0,0.0,1.824,0.0
1784631773.0191958,0,0,34180,0,0.0,0.0,0.0,0.0,1.823,0.0
1784631773.0198956,0,0,34190,0,0.0,0.0,0.0,0.0,1.823,0.0
1784631773.147873,0,0,34200,0,0.0,0.0,0.0,0.0,1.822,0.0
1784631773.149472,0,0,34210,0,0.0,0.0,0.0,0.0,1.821,0.0
1784631773.1507866,0,0,34220,0,0.0,0.0,0.0,0.0,1.821,0.0
1784631773.1549716,0,0,34230,0,0.0,0.0,0.0,0.0,1.82,0.0
1784631773.1560624,0,0,34240,0,0.0,0.0,0.0,0.0,1.82,0.0
1784631773.1574676,0,0,34250,0,0.0,0.0,0.0,0.0,1.819,0.0
1784631773.1599274,0,0,34260,0,0.0,0.0,0.0,0.0,1.819,0.0
1784631773.1612952,0,0,34270,0,0.0,0.0,0.0,0.0,1.818,0.0
1784631773.162675,0,0,34280,0,0.0,0.0,0.0,0.0,1.818,0.0
1784631773.1649232,0,0,34290,0,0.0,0.0,0.0,0.0,1.817,0.0
1784631773.1667714,0,0,34300,0,0.0,0.0,0.0,0.0,1.817,0.0
1784631773.2756257,0,0,34310,0,0.0,0.0,0.0,0.0,1.816,0.0
1784631773.2771654,0,0,34320,0,0.0,0.0,0.0,0.0,1.816,0.0
1784631773.2783544,0,0,34330,0,0.0,0.0,0.0,0.0,1.815,0.0
1784631773.2794218,0,0,34340,0,0.0,0.0,0.0,0.0,1.815,0.0
1784631773.2801566,0,0,34350,0,0.0,0.0,0.0,0.0,1.814,0.0
1784631773.2808015,0,0,34360,0,0.0,0.0,0.0,0.0,1.814,0.0
1784631773.281636,0,0,34370,0,0.0,0.0,0.0,0.0,1.813,0.0
1784631773.2824352,0,0,34380,0,0.0,0.0,0.0,0.0,1.812,0.0
1784631773.2834795,0,0,34390,0,0.0,0.0,0.0,0.0,1.812,0.0
1784631773.2850184,0,0,34400,0,0.0,0.0,0.0,0.0,1.811,0.0
1784631773.2862437,0,0,34410,0,0.0,0.0,0.0,0.0,1.811,0.0
1784631773.2872713,0,0,34420,0,0.0,0.0,0.0,0.0,1.81,0.0
1784631773.2883549,0,0,34430,0,0.0,0.0,0.0,0.0,1.81,0.0
1784631773.2894168,0,0,34440,0,0.0,0.0,0.0,0.0,1.809,0.0
1784631773.2907956,0,0,34450,0,0.0,0.0,0.0,0.0,1.809,0.0
1784631773.292971,0,0,34460,0,0.0,0.0,0.0,0.0,1.808,0.0
1784631773.2952,0,0,34470,0,0.0,0.0,0.0,0.0,1.808,0.0
1784631773.399115,0,0,34480,0,0.0,0.0,0.0,0.0,1.807,0.0
1784631773.4002237,0,0,34490,0,0.0,0.0,0.0,0.0,1.807,0.0
1784631773.4027994,0,0,34500,0,0.0,0.0,0.0,0.0,1.806,0.0
1784631773.4055803,0,0,34510,0,0.0,0.0,0.0,0.0,1.806,0.0
1784631773.4095714,0,0,34520,0,0.0,0.0,0.0,0.0,1.805,0.0
1784631773.4107127,0,0,34530,0,0.0,0.0,0.0,0.0,1.805,0.0
1784631773.411874,0,0,34540,0,0.0,0.0,0.0,0.0,1.804,0.0
1784631773.4129963,0,0,34550,0,0.0,0.0,0.0,0.0,1.804,0.0
1784631773.4141405,0,0,34560,0,0.0,0.0,0.0,0.0,1.803,0.0
1784631773.4156208,0,0,34570,0,0.0,0.0,0.0,0.0,1.802,0.0
1784631773.5231528,0,0,34580,0,0.0,0.0,0.0,0.0,1.802,0.0
1784631773.523899,0,0,34590,0,0.0,0.0,0.0,0.0,1.801,0.0
1784631773.5244248,0,0,34600,0,0.0,0.0,0.0,0.0,1.801,0.0
1784631773.5250082,0,0,34610,0,0.0,0.0,0.0,0.0,1.8,0.0
1784631773.525504,0,0,34620,0,0.0,0.0,0.0,0.0,1.8,0.0
1784631773.5261033,0,0,34630,0,0.0,0.0,0.0,0.0,1.799,0.0
1784631773.5266125,0,0,34640,0,0.0,0.0,0.0,0.0,1.799,0.0
1784631773.5270875,0,0,34650,0,0.0,0.0,0.0,0.0,1.798,0.0
1784631773.527524,0,0,34660,0,0.0,0.0,0.0,0.0,1.798,0.0
1784631773.5279975,0,0,34670,0,0.0,0.0,0.0,0.0,1.797,0.0
1784631773.5284555,0,0,34680,0,0.0,0.0,0.0,0.0,1.797,0.0
1784631773.528969,0,0,34690,0,0.0,0.0,0.0,0.0,1.796,0.0
1784631773.5293922,0,0,34700,0,0.0,0.0,0.0,0.0,1.796,0.0
1784631773.634394,0,0,34710,0,0.0,0.0,0.0,0.0,1.795,0.0
1784631773.6352413,0,0,34720,0,0.0,0.0,0.0,0.0,1.795,0.0
1784631773.6357877,0,0,34730,0,0.0,0.0,0.0,0.0,1.794,0.0
1784631773.6368806,0,0,34740,0,0.0,0.0,0.0,0.0,1.794,0.0
1784631773.6379087,0,0,34750,0,0.0,0.0,0.0,0.0,1.793,0.0
1784631773.6388717,0,0,34760,0,0.0,0.0,0.0,0.0,1.793,0.0
1784631773.6396449,0,0,34770,0,0.0,0.0,0.0,0.0,1.792,0.0
1784631773.6403625,0,0,34780,0,0.0,0.0,0.0,0.0,1.792,0.0
1784631773.641018,0,0,34790,0,0.0,0.0,0.0,0.0,1.791,0.0
1784631773.641852,0,0,34800,0,0.0,0.0,0.0,0.0,1.791,0.0
1784631773.7567356,0,0,34810,0,0.0,0.0,0.0,0.0,1.79,0.0
1784631773.7573767,0,0,34820,0,0.0,0.0,0.0,0.0,1.79,0.0
1784631773.757993,0,0,34830,0,0.0,0.0,0.0,0.0,1.789,0.0
1784631773.7584856,0,0,34840,0,0.0,0.0,0.0,0.0,1.789,0.0
1784631773.7590506,0,0,34850,0,0.0,0.0,0.0,0.0,1.788,0.0
1784631773.759482,0,0,34860,0,0.0,0.0,0.0,0.0,1.788,0.0
1784631773.759979,0,0,34870,0,0.0,0.0,0.0,0.0,1.787,0.0
1784631773.76041,0,0,34880,0,0.0,0.0,0.0,0.0,1.786,0.0
1784631773.7615535,0,0,34890,0,0.0,0.0,0.0,0.0,1.786,0.0
1784631773.7626166,0,0,34900,0,0.0,0.0,0.0,0.0,1.785,0.0
1784631773.7637448,0,0,34910,0,0.0,0.0,0.0,0.0,1.785,0.0
1784631773.764416,0,0,34920,0,0.0,0.0,0.0,0.0,1.784,0.0
1784631773.8696735,0,0,34930,0,0.0,0.0,0.0,0.0,1.784,0.0
1784631773.8707647,0,0,34940,0,0.0,0.0,0.0,0.0,1.783,0.0
1784631773.8714583,0,0,34950,0,0.0,0.0,0.0,0.0,1.783,0.0
1784631773.8721135,0,0,34960,0,0.0,0.0,0.0,0.0,1.782,0.0
1784631773.8727455,0,0,34970,0,0.0,0.0,0.0,0.0,1.782,0.0
1784631773.8735056,0,0,34980,0,0.0,0.0,0.0,0.0,1.781,0.0
1784631773.8743277,0,0,34990,0,0.0,0.0,0.0,0.0,1.781,0.0
1784631773.8751752,0,0,35000,0,0.0,0.0,0.0,0.0,1.78,0.0
1784631773.8759835,0,0,35010,0,0.0,0.0,0.0,0.0,1.78,0.0
1784631773.876572,0,0,35020,0,0.0,0.0,0.0,0.0,1.779,0.0
1784631773.8772008,0,0,35030,0,0.0,0.0,0.0,0.0,1.779,0.0
1784631773.985059,0,0,35040,0,0.0,0.0,0.0,0.0,1.778,0.0
1784631773.9859426,0,0,35050,0,0.0,0.0,0.0,0.0,1.778,0.0
1784631773.9865608,0,0,35060,0,0.0,0.0,0.0,0.0,1.777,0.0
1784631773.987137,0,0,35070,0,0.0,0.0,0.0,0.0,1.777,0.0
1784631773.9876695,0,0,35080,0,0.0,0.0,0.0,0.0,1.776,0.0
1784631773.9883313,0,0,35090,0,0.0,0.0,0.0,0.0,1.776,0.0
1784631773.9889748,0,0,35100,0,0.0,0.0,0.0,0.0,1.775,0.0
1784631773.9895308,0,0,35110,0,0.0,0.0,0.0,0.0,1.775,0.0
1784631774.0993035,0,0,35120,0,0.0,0.0,0.0,0.0,1.774,0.0
1784631774.1000884,0,0,35130,0,0.0,0.0,0.0,0.0,1.774,0.0
1784631774.1007464,0,0,35140,0,0.0,0.0,0.0,0.0,1.773,0.0
1784631774.1012464,0,0,35150,0,0.0,0.0,0.0,0.0,1.773,0.0
1784631774.1017473,0,0,35160,0,0.0,0.0,0.0,0.0,1.772,0.0
1784631774.1022148,0,0,35170,0,0.0,0.0,0.0,0.0,1.772,0.0
1784631774.1027174,0,0,35180,0,0.0,0.0,0.0,0.0,1.771,0.0
1784631774.1031826,0,0,35190,0,0.0,0.0,0.0,0.0,1.771,0.0
1784631774.2055259,0,0,35200,0,0.0,0.0,0.0,0.0,1.77,0.0
1784631774.2066815,0,0,35210,0,0.0,0.0,0.0,0.0,1.77,0.0
1784631774.207468,0,0,35220,0,0.0,0.0,0.0,0.0,1.769,0.0
1784631774.2081246,0,0,35230,0,0.0,0.0,0.0,0.0,1.769,0.0
1784631774.2086928,0,0,35240,0,0.0,0.0,0.0,0.0,1.768,0.0
1784631774.209281,0,0,35250,0,0.0,0.0,0.0,0.0,1.768,0.0
1784631774.209907,0,0,35260,0,0.0,0.0,0.0,0.0,1.767,0.0
1784631774.3173375,0,0,35270,0,0.0,0.0,0.0,0.0,1.767,0.0
1784631774.3181014,0,0,35280,0,0.0,0.0,0.0,0.0,1.766,0.0
1784631774.3187156,0,0,35290,0,0.0,0.0,0.0,0.0,1.766,0.0
1784631774.319272,0,0,35300,0,0.0,0.0,0.0,0.0,1.765,0.0
1784631774.3198164,0,0,35310,0,0.0,0.0,0.0,0.0,1.765,0.0
1784631774.320331,0,0,35320,0,0.0,0.0,0.0,0.0,1.764,0.0
1784631774.3209078,0,0,35330,0,0.0,0.0,0.0,0.0,1.764,0.0
1784631774.3216527,0,0,35340,0,0.0,0.0,0.0,0.0,1.763,0.0
1784631774.431534,0,0,35350,0,0.0,0.0,0.0,0.0,1.763,0.0
1784631774.4328916,0,0,35360,0,0.0,0.0,0.0,0.0,1.762,0.0
1784631774.4338133,0,0,35370,0,0.0,0.0,0.0,0.0,1.762,0.0
1784631774.4345405,0,0,35380,0,0.0,0.0,0.0,0.0,1.761,0.0
1784631774.4353936,0,0,35390,0,0.0,0.0,0.0,0.0,1.761,0.0
1784631774.4362721,0,0,35400,0,0.0,0.0,0.0,0.0,1.76,0.0
1784631774.4368873,0,0,35410,0,0.0,0.0,0.0,0.0,1.76,0.0
1784631774.5445714,0,0,35420,0,0.0,0.0,0.0,0.0,1.759,0.0
1784631774.5473335,0,0,35430,0,0.0,0.0,0.0,0.0,1.759,0.0
1784631774.548627,0,0,35440,0,0.0,0.0,0.0,0.0,1.758,0.0
1784631774.5496573,0,0,35450,0,0.0,0.0,0.0,0.0,1.758,0.0
1784631774.5503688,0,0,35460,0,0.0,0.0,0.0,0.0,1.757,0.0
1784631774.5555537,0,0,35470,0,0.0,0.0,0.0,0.0,1.757,0.0
1784631774.5563016,0,0,35480,0,0.0,0.0,0.0,0.0,1.756,0.0
1784631774.5570016,0,0,35490,0,0.0,0.0,0.0,0.0,1.756,0.0
1784631774.5577753,0,0,35500,0,0.0,0.0,0.0,0.0,1.755,0.0
1784631774.5583994,0,0,35510,0,0.0,0.0,0.0,0.0,1.755,0.0
1784631774.5591314,0,0,35520,0,0.0,0.0,0.0,0.0,1.755,0.0
1784631774.5596933,0,0,35530,0,0.0,0.0,0.0,0.0,1.755,0.0
1784631774.5602663,0,0,35540,0,0.0,0.0,0.0,0.0,1.755,0.0
1784631774.560779,0,0,35550,0,0.0,0.0,0.0,0.0,1.755,0.0
1784631774.668305,0,0,35560,0,0.0,0.0,0.0,0.0,1.755,0.0
1784631774.670017,0,0,35570,0,0.0,0.0,0.0,0.0,1.755,0.0
1784631774.671252,0,0,35580,0,0.0,0.0,0.0,0.0,1.755,0.0
1784631774.6721783,0,0,35590,0,0.0,0.0,0.0,0.0,1.756,0.0
1784631774.6731327,0,0,35600,0,0.0,0.0,0.0,0.0,1.756,0.0
1784631774.6739714,0,0,35610,0,0.0,0.0,0.0,0.0,1.756,0.0
1784631774.6793268,0,0,35620,0,0.0,0.0,0.0,0.0,1.756,0.0
1784631774.6803296,0,0,35630,0,0.0,0.0,0.0,0.0,1.756,0.0
1784631774.6810675,0,0,35640,0,0.0,0.0,0.0,0.0,1.755,0.0
1784631774.681701,0,0,35650,0,0.0,0.0,0.0,0.0,1.755,0.0
1784631774.682396,0,0,35660,0,0.0,0.0,0.0,0.0,1.755,0.0
1784631774.6831949,0,0,35670,0,0.0,0.0,0.0,0.0,1.755,0.0
1784631774.683855,0,0,35680,0,0.0,0.0,0.0,0.0,1.755,0.0
1784631774.6845577,0,0,35690,0,0.0,0.0,0.0,0.0,1.755,0.0
1784631774.6851935,0,0,35700,0,0.0,0.0,0.0,0.0,1.755,0.0
1784631774.6857657,0,0,35710,0,0.0,0.0,0.0,0.0,1.755,0.0
1784631774.686315,0,0,35720,0,0.0,0.0,0.0,0.0,1.755,0.0
1784631774.6870346,0,0,35730,0,0.0,0.0,0.0,0.0,1.755,0.0
1784631774.6876767,0,0,35740,0,0.0,0.0,0.0,0.0,1.755,0.0
1784631774.688264,0,0,35750,0,0.0,0.0,0.0,0.0,1.754,0.0
1784631774.6888208,0,0,35760,0,0.0,0.0,0.0,0.0,1.754,0.0
1784631774.6893253,0,0,35770,0,0.0,0.0,0.0,0.0,1.754,0.0
1784631774.689981,0,0,35780,0,0.0,0.0,0.0,0.0,1.754,0.0
1784631774.80271,0,0,35790,0,0.0,0.0,0.0,0.0,1.753,0.0
1784631774.803399,0,0,35800,0,0.0,0.0,0.0,0.0,1.753,0.0
1784631774.8041298,0,0,35810,0,0.0,0.0,0.0,0.0,1.753,0.0
1784631774.8047185,0,0,35820,0,0.0,0.0,0.0,0.0,1.753,0.0
1784631774.8052142,0,0,35830,0,0.0,0.0,0.0,0.0,1.752,0.0
1784631774.8058121,0,0,35840,0,0.0,0.0,0.0,0.0,1.752,0.0
1784631774.8063047,0,0,35850,0,0.0,0.0,0.0,0.0,1.752,0.0
1784631774.806855,0,0,35860,0,0.0,0.0,0.0,0.0,1.751,0.0
1784631774.8073661,0,0,35870,0,0.0,0.0,0.0,0.0,1.751,0.0
1784631774.8079476,0,0,35880,0,0.0,0.0,0.0,0.0,1.751,0.0
1784631774.808461,0,0,35890,0,0.0,0.0,0.0,0.0,1.75,0.0
1784631774.8090386,0,0,35900,0,0.0,0.0,0.0,0.0,1.75,0.0
1784631774.8095424,0,0,35910,0,0.0,0.0,0.0,0.0,1.749,0.0
1784631774.8100357,0,0,35920,0,0.0,0.0,0.0,0.0,1.749,0.0
1784631774.8106155,0,0,35930,0,0.0,0.0,0.0,0.0,1.749,0.0
1784631774.811199,0,0,35940,0,0.0,0.0,0.0,0.0,1.748,0.0
1784631774.8117955,0,0,35950,0,0.0,0.0,0.0,0.0,1.748,0.0
1784631774.8122942,0,0,35960,0,0.0,0.0,0.0,0.0,1.747,0.0
1784631774.8128693,0,0,35970,0,0.0,0.0,0.0,0.0,1.747,0.0
1784631774.9200377,0,0,35980,0,0.0,0.0,0.0,0.0,1.746,0.0
1784631774.9210753,0,0,35990,0,0.0,0.0,0.0,0.0,1.746,0.0
1784631774.9217641,0,0,36000,0,0.0,0.0,0.0,0.0,1.745,0.0
1784631774.9223752,0,0,36010,0,0.0,0.0,0.0,0.0,1.745,0.0
1784631774.9230316,0,0,36020,0,0.0,0.0,0.0,0.0,1.744,0.0
1784631774.9237409,0,0,36030,0,0.0,0.0,0.0,0.0,1.744,0.0
1784631774.9245062,0,0,36040,0,0.0,0.0,0.0,0.0,1.743,0.0
1784631774.9252644,0,0,36050,0,0.0,0.0,0.0,0.0,1.743,0.0
1784631774.9259422,0,0,36060,0,0.0,0.0,0.0,0.0,1.742,0.0
1784631774.926581,0,0,36070,0,0.0,0.0,0.0,0.0,1.742,0.0
1784631775.0355172,0,0,36080,0,0.0,0.0,0.0,0.0,1.741,0.0
1784631775.0363812,0,0,36090,0,0.0,0.0,0.0,0.0,1.741,0.0
1784631775.0370343,0,0,36100,0,0.0,0.0,0.0,0.0,1.74,0.0
1784631775.0376463,0,0,36110,0,0.0,0.0,0.0,0.0,1.74,0.0
1784631775.0381498,0,0,36120,0,0.0,0.0,0.0,0.0,1.739,0.0
1784631775.0387468,0,0,36130,0,0.0,0.0,0.0,0.0,1.739,0.0
1784631775.0392525,0,0,36140,0,0.0,0.0,0.0,0.0,1.738,0.0
1784631775.0398257,0,0,36150,0,0.0,0.0,0.0,0.0,1.738,0.0
1784631775.0403671,0,0,36160,0,0.0,0.0,0.0,0.0,1.737,0.0
1784631775.1505392,0,0,36170,0,0.0,0.0,0.0,0.0,1.737,0.0
1784631775.1511872,0,0,36180,0,0.0,0.0,0.0,0.0,1.737,0.0
1784631775.151828,0,0,36190,0,0.0,0.0,0.0,0.0,1.736,0.0
1784631775.1523023,0,0,36200,0,0.0,0.0,0.0,0.0,1.736,0.0
1784631775.152891,0,0,36210,0,0.0,0.0,0.0,0.0,1.735,0.0
1784631775.1533415,0,0,36220,0,0.0,0.0,0.0,0.0,1.735,0.0
1784631775.2652261,0,0,36230,0,0.0,0.0,0.0,0.0,1.734,0.0
1784631775.2661147,0,0,36240,0,0.0,0.0,0.0,0.0,1.734,0.0
1784631775.2668657,0,0,36250,0,0.0,0.0,0.0,0.0,1.733,0.0
1784631775.2673533,0,0,36260,0,0.0,0.0,0.0,0.0,1.733,0.0
1784631775.267886,0,0,36270,0,0.0,0.0,0.0,0.0,1.732,0.0
1784631775.268342,0,0,36280,0,0.0,0.0,0.0,0.0,1.732,0.0
1784631775.268826,0,0,36290,0,0.0,0.0,0.0,0.0,1.731,0.0
1784631775.3823984,0,0,36300,0,0.0,0.0,0.0,0.0,1.731,0.0
1784631775.383283,0,0,36310,0,0.0,0.0,0.0,0.0,1.73,0.0
1784631775.383995,0,0,36320,0,0.0,0.0,0.0,0.0,1.73,0.0
1784631775.3845053,0,0,36330,0,0.0,0.0,0.0,0.0,1.729,0.0
1784631775.3851438,0,0,36340,0,0.0,0.0,0.0,0.0,1.729,0.0
1784631775.3860881,0,0,36350,0,0.0,0.0,0.0,0.0,1.728,0.0
1784631775.387156,0,0,36360,0,0.0,0.0,0.0,0.0,1.728,0.0
1784631775.388196,0,0,36370,0,0.0,0.0,0.0,0.0,1.727,0.0
1784631775.4959612,0,0,36380,0,0.0,0.0,0.0,0.0,1.727,0.0
1784631775.4973223,0,0,36390,0,0.0,0.0,0.0,0.0,1.727,0.0
1784631775.4985785,0,0,36400,0,0.0,0.0,0.0,0.0,1.726,0.0
1784631775.4996457,0,0,36410,0,0.0,0.0,0.0,0.0,1.726,0.0
1784631775.5005963,0,0,36420,0,0.0,0.0,0.0,0.0,1.725,0.0
1784631775.5012352,0,0,36430,0,0.0,0.0,0.0,0.0,1.725,0.0
1784631775.5017748,0,0,36440,0,0.0,0.0,0.0,0.0,1.724,0.0
1784631775.5025735,0,0,36450,0,0.0,0.0,0.0,0.0,1.724,0.0
1784631775.5035024,0,0,36460,0,0.0,0.0,0.0,0.0,1.723,0.0
1784631775.608063,0,0,36470,0,0.0,0.0,0.0,0.0,1.723,0.0
1784631775.6087914,0,0,36480,0,0.0,0.0,0.0,0.0,1.722,0.0
1784631775.6094654,0,0,36490,0,0.0,0.0,0.0,0.0,1.722,0.0
1784631775.6100385,0,0,36500,0,0.0,0.0,0.0,0.0,1.721,0.0
1784631775.6105623,0,0,36510,0,0.0,0.0,0.0,0.0,1.721,0.0
1784631775.6112273,0,0,36520,0,0.0,0.0,0.0,0.0,1.72,0.0
1784631775.6118333,0,0,36530,0,0.0,0.0,0.0,0.0,1.72,0.0
1784631775.612613,0,0,36540,0,0.0,0.0,0.0,0.0,1.719,0.0
1784631775.6133409,0,0,36550,0,0.0,0.0,0.0,0.0,1.719,0.0
1784631775.6138828,0,0,36560,0,0.0,0.0,0.0,0.0,1.718,0.0
1784631775.6143794,0,0,36570,0,0.0,0.0,0.0,0.0,1.718,0.0
1784631775.614901,0,0,36580,0,0.0,0.0,0.0,0.0,1.718,0.0
1784631775.7178638,0,0,36590,0,0.0,0.0,0.0,0.0,1.717,0.0
1784631775.7185547,0,0,36600,0,0.0,0.0,0.0,0.0,1.717,0.0
1784631775.7190678,0,0,36610,0,0.0,0.0,0.0,0.0,1.716,0.0
1784631775.719558,0,0,36620,0,0.0,0.0,0.0,0.0,1.716,0.0
1784631775.7201746,0,0,36630,0,0.0,0.0,0.0,0.0,1.715,0.0
1784631775.7207494,0,0,36640,0,0.0,0.0,0.0,0.0,1.715,0.0
1784631775.721407,0,0,36650,0,0.0,0.0,0.0,0.0,1.714,0.0
1784631775.7218902,0,0,36660,0,0.0,0.0,0.0,0.0,1.714,0.0
1784631775.7224176,0,0,36670,0,0.0,0.0,0.0,0.0,1.713,0.0
1784631775.8281727,0,0,36680,0,0.0,0.0,0.0,0.0,1.713,0.0
1784631775.8289986,0,0,36690,0,0.0,0.0,0.0,0.0,1.712,0.0
1784631775.8297408,0,0,36700,0,0.0,0.0,0.0,0.0,1.712,0.0
1784631775.8303337,0,0,36710,0,0.0,0.0,0.0,0.0,1.711,0.0
1784631775.8310351,0,0,36720,0,0.0,0.0,0.0,0.0,1.711,0.0
1784631775.8317363,0,0,36730,0,0.0,0.0,0.0,0.0,1.711,0.0
1784631775.832351,0,0,36740,0,0.0,0.0,0.0,0.0,1.71,0.0
1784631775.832891,0,0,36750,0,0.0,0.0,0.0,0.0,1.71,0.0
1784631775.8334482,0,0,36760,0,0.0,0.0,0.0,0.0,1.709,0.0
1784631775.8339758,0,0,36770,0,0.0,0.0,0.0,0.0,1.709,0.0
1784631775.8344507,0,0,36780,0,0.0,0.0,0.0,0.0,1.708,0.0
1784631775.8349853,0,0,36790,0,0.0,0.0,0.0,0.0,1.708,0.0
1784631775.8356018,0,0,36800,0,0.0,0.0,0.0,0.0,1.707,0.0
1784631775.9430068,0,0,36810,0,0.0,0.0,0.0,0.0,1.707,0.0
1784631775.943878,0,0,36820,0,0.0,0.0,0.0,0.0,1.706,0.0
1784631775.9446087,0,0,36830,0,0.0,0.0,0.0,0.0,1.706,0.0
1784631775.9452417,0,0,36840,0,0.0,0.0,0.0,0.0,1.705,0.0
1784631775.94583,0,0,36850,0,0.0,0.0,0.0,0.0,1.705,0.0
1784631775.9464931,0,0,36860,0,0.0,0.0,0.0,0.0,1.705,0.0
1784631775.9470882,0,0,36870,0,0.0,0.0,0.0,0.0,1.704,0.0
1784631775.9477472,0,0,36880,0,0.0,0.0,0.0,0.0,1.704,0.0
1784631775.9484413,0,0,36890,0,0.0,0.0,0.0,0.0,1.703,0.0
1784631775.9495268,0,0,36900,0,0.0,0.0,0.0,0.0,1.703,0.0
1784631775.9506311,0,0,36910,0,0.0,0.0,0.0,0.0,1.702,0.0
1784631775.9517148,0,0,36920,0,0.0,0.0,0.0,0.0,1.702,0.0
1784631776.05542,0,0,36930,0,0.0,0.0,0.0,0.0,1.701,0.0
1784631776.056402,0,0,36940,0,0.0,0.0,0.0,0.0,1.701,0.0
1784631776.057412,0,0,36950,0,0.0,0.0,0.0,0.0,1.7,0.0
1784631776.0583916,0,0,36960,0,0.0,0.0,0.0,0.0,1.7,0.0
1784631776.0593443,0,0,36970,0,0.0,0.0,0.0,0.0,1.699,0.0
1784631776.0601068,0,0,36980,0,0.0,0.0,0.0,0.0,1.699,0.0
1784631776.0607724,0,0,36990,0,0.0,0.0,0.0,0.0,1.699,0.0
1784631776.0614297,0,0,37000,0,0.0,0.0,0.0,0.0,1.698,0.0
1784631776.062005,0,0,37010,0,0.0,0.0,0.0,0.0,1.698,0.0
1784631776.0624769,0,0,37020,0,0.0,0.0,0.0,0.0,1.697,0.0
1784631776.063165,0,0,37030,0,0.0,0.0,0.0,0.0,1.697,0.0
1784631776.1666226,0,0,37040,0,0.0,0.0,0.0,0.0,1.696,0.0
1784631776.1678753,0,0,37050,0,0.0,0.0,0.0,0.0,1.696,0.0
1784631776.1690156,0,0,37060,0,0.0,0.0,0.0,0.0,1.695,0.0
1784631776.1700652,0,0,37070,0,0.0,0.0,0.0,0.0,1.695,0.0
1784631776.171005,0,0,37080,0,0.0,0.0,0.0,0.0,1.694,0.0
1784631776.1716979,0,0,37090,0,0.0,0.0,0.0,0.0,1.694,0.0
1784631776.172326,0,0,37100,0,0.0,0.0,0.0,0.0,1.693,0.0
1784631776.1730402,0,0,37110,0,0.0,0.0,0.0,0.0,1.693,0.0
1784631776.1736176,0,0,37120,0,0.0,0.0,0.0,0.0,1.693,0.0
1784631776.1742043,0,0,37130,0,0.0,0.0,0.0,0.0,1.692,0.0
1784631776.1748552,0,0,37140,0,0.0,0.0,0.0,0.0,1.692,0.0
1784631776.1753995,0,0,37150,0,0.0,0.0,0.0,0.0,1.691,0.0
1784631776.279132,0,0,37160,0,0.0,0.0,0.0,0.0,1.691,0.0
1784631776.279854,0,0,37170,0,0.0,0.0,0.0,0.0,1.69,0.0
1784631776.2804446,0,0,37180,0,0.0,0.0,0.0,0.0,1.69,0.0
1784631776.281092,0,0,37190,0,0.0,0.0,0.0,0.0,1.689,0.0
1784631776.2816112,0,0,37200,0,0.0,0.0,0.0,0.0,1.689,0.0
1784631776.2822053,0,0,37210,0,0.0,0.0,0.0,0.0,1.688,0.0
1784631776.2826877,0,0,37220,0,0.0,0.0,0.0,0.0,1.688,0.0
1784631776.2832644,0,0,37230,0,0.0,0.0,0.0,0.0,1.688,0.0
1784631776.283832,0,0,37240,0,0.0,0.0,0.0,0.0,1.687,0.0
1784631776.2844474,0,0,37250,0,0.0,0.0,0.0,0.0,1.687,0.0
1784631776.2850256,0,0,37260,0,0.0,0.0,0.0,0.0,1.686,0.0
1784631776.3887389,0,0,37270,0,0.0,0.0,0.0,0.0,1.686,0.0
1784631776.3900933,0,0,37280,0,0.0,0.0,0.0,0.0,1.685,0.0
1784631776.391444,0,0,37290,0,0.0,0.0,0.0,0.0,1.685,0.0
1784631776.3926373,0,0,37300,0,0.0,0.0,0.0,0.0,1.684,0.0
1784631776.3939414,0,0,37310,0,0.0,0.0,0.0,0.0,1.684,0.0
1784631776.3948054,0,0,37320,0,0.0,0.0,0.0,0.0,1.684,0.0
1784631776.3958492,0,0,37330,0,0.0,0.0,0.0,0.0,1.683,0.0
1784631776.3966904,0,0,37340,0,0.0,0.0,0.0,0.0,1.683,0.0
1784631776.397245,0,0,37350,0,0.0,0.0,0.0,0.0,1.682,0.0
1784631776.397799,0,0,37360,0,0.0,0.0,0.0,0.0,1.682,0.0
1784631776.3982842,0,0,37370,0,0.0,0.0,0.0,0.0,1.681,0.0
1784631776.5082576,0,0,37380,0,0.0,0.0,0.0,0.0,1.681,0.0
1784631776.5089858,0,0,37390,0,0.0,0.0,0.0,0.0,1.68,0.0
1784631776.5095458,0,0,37400,0,0.0,0.0,0.0,0.0,1.68,0.0
1784631776.5101054,0,0,37410,0,0.0,0.0,0.0,0.0,1.679,0.0
1784631776.511077,0,0,37420,0,0.0,0.0,0.0,0.0,1.679,0.0
1784631776.5122285,0,0,37430,0,0.0,0.0,0.0,0.0,1.679,0.0
1784631776.5134468,0,0,37440,0,0.0,0.0,0.0,0.0,1.678,0.0
1784631776.5143213,0,0,37450,0,0.0,0.0,0.0,0.0,1.678,0.0
1784631776.5149555,0,0,37460,0,0.0,0.0,0.0,0.0,1.677,0.0
1784631776.515466,0,0,37470,0,0.0,0.0,0.0,0.0,1.677,0.0
1784631776.5160453,0,0,37480,0,0.0,0.0,0.0,0.0,1.676,0.0
1784631776.5165246,0,0,37490,0,0.0,0.0,0.0,0.0,1.676,0.0
1784631776.622954,0,0,37500,0,0.0,0.0,0.0,0.0,1.675,0.0
1784631776.6247108,0,0,37510,0,0.0,0.0,0.0,0.0,1.675,0.0
1784631776.6260018,0,0,37520,0,0.0,0.0,0.0,0.0,1.675,0.0
1784631776.627238,0,0,37530,0,0.0,0.0,0.0,0.0,1.674,0.0
1784631776.6284308,0,0,37540,0,0.0,0.0,0.0,0.0,1.674,0.0
1784631776.6293292,0,0,37550,0,0.0,0.0,0.0,0.0,1.673,0.0
1784631776.6300378,0,0,37560,0,0.0,0.0,0.0,0.0,1.673,0.0
1784631776.63062,0,0,37570,0,0.0,0.0,0.0,0.0,1.672,0.0
1784631776.6313114,0,0,37580,0,0.0,0.0,0.0,0.0,1.672,0.0
1784631776.631901,0,0,37590,0,0.0,0.0,0.0,0.0,1.671,0.0
1784631776.6324522,0,0,37600,0,0.0,0.0,0.0,0.0,1.671,0.0
1784631776.7413824,0,0,37610,0,0.0,0.0,0.0,0.0,1.671,0.0
1784631776.7422843,0,0,37620,0,0.0,0.0,0.0,0.0,1.67,0.0
1784631776.7429383,0,0,37630,0,0.0,0.0,0.0,0.0,1.67,0.0
1784631776.7435079,0,0,37640,0,0.0,0.0,0.0,0.0,1.669,0.0
1784631776.7442183,0,0,37650,0,0.0,0.0,0.0,0.0,1.669,0.0
1784631776.7448244,0,0,37660,0,0.0,0.0,0.0,0.0,1.668,0.0
1784631776.7459152,0,0,37670,0,0.0,0.0,0.0,0.0,1.668,0.0
1784631776.7466044,0,0,37680,0,0.0,0.0,0.0,0.0,1.667,0.0
1784631776.7471745,0,0,37690,0,0.0,0.0,0.0,0.0,1.667,0.0
1784631776.7477975,0,0,37700,0,0.0,0.0,0.0,0.0,1.667,0.0
1784631776.8540833,0,0,37710,0,0.0,0.0,0.0,0.0,1.666,0.0
1784631776.8553026,0,0,37720,0,0.0,0.0,0.0,0.0,1.666,0.0
1784631776.8562927,0,0,37730,0,0.0,0.0,0.0,0.0,1.666,0.0
1784631776.857372,0,0,37740,0,0.0,0.0,0.0,0.0,1.666,0.0
1784631776.8580866,0,0,37750,0,0.0,0.0,0.0,0.0,1.666,0.0
1784631776.8586125,0,0,37760,0,0.0,0.0,0.0,0.0,1.666,0.0
1784631776.859163,0,0,37770,0,0.0,0.0,0.0,0.0,1.667,0.0
1784631776.8597038,0,0,37780,0,0.0,0.0,0.0,0.0,1.666,0.0
1784631776.8602283,0,0,37790,0,0.0,0.0,0.0,0.0,1.666,0.0
1784631776.8607464,0,0,37800,0,0.0,0.0,0.0,0.0,1.666,0.0
1784631776.8612244,0,0,37810,0,0.0,0.0,0.0,0.0,1.666,0.0
1784631776.8616962,0,0,37820,0,0.0,0.0,0.0,0.0,1.666,0.0
1784631776.8622744,0,0,37830,0,0.0,0.0,0.0,0.0,1.666,0.0
1784631776.8627343,0,0,37840,0,0.0,0.0,0.0,0.0,1.666,0.0
1784631776.8632917,0,0,37850,0,0.0,0.0,0.0,0.0,1.666,0.0
1784631776.8638618,0,0,37860,0,0.0,0.0,0.0,0.0,1.666,0.0
1784631776.8643425,0,0,37870,0,0.0,0.0,0.0,0.0,1.666,0.0
1784631776.8648665,0,0,37880,0,0.0,0.0,0.0,0.0,1.666,0.0
1784631776.8653338,0,0,37890,0,0.0,0.0,0.0,0.0,1.666,0.0
1784631776.8658335,0,0,37900,0,0.0,0.0,0.0,0.0,1.666,0.0
1784631776.8664057,0,0,37910,0,0.0,0.0,0.0,0.0,1.665,0.0
1784631776.8671153,0,0,37920,0,0.0,0.0,0.0,0.0,1.665,0.0
1784631776.8676999,0,0,37930,0,0.0,0.0,0.0,0.0,1.665,0.0
1784631776.8682542,0,0,37940,0,0.0,0.0,0.0,0.0,1.665,0.0
1784631776.8688254,0,0,37950,0,0.0,0.0,0.0,0.0,1.664,0.0
1784631776.9872267,0,0,37960,0,0.0,0.0,0.0,0.0,1.664,0.0
1784631776.9879854,0,0,37970,0,0.0,0.0,0.0,0.0,1.664,0.0
1784631776.9887326,0,0,37980,0,0.0,0.0,0.0,0.0,1.664,0.0
1784631776.9893491,0,0,37990,0,0.0,0.0,0.0,0.0,1.663,0.0
1784631776.989975,0,0,38000,0,0.0,0.0,0.0,0.0,1.663,0.0
1784631776.9905689,0,0,38010,0,0.0,0.0,0.0,0.0,1.663,0.0
1784631776.9911497,0,0,38020,0,0.0,0.0,0.0,0.0,1.662,0.0
1784631776.9919732,0,0,38030,0,0.0,0.0,0.0,0.0,1.662,0.0
1784631776.9926372,0,0,38040,0,0.0,0.0,0.0,0.0,1.662,0.0
1784631776.9932368,0,0,38050,0,0.0,0.0,0.0,0.0,1.661,0.0
1784631776.993913,0,0,38060,0,0.0,0.0,0.0,0.0,1.661,0.0
1784631776.9944553,0,0,38070,0,0.0,0.0,0.0,0.0,1.66,0.0
1784631776.995195,0,0,38080,0,0.0,0.0,0.0,0.0,1.66,0.0
1784631776.9958422,0,0,38090,0,0.0,0.0,0.0,0.0,1.659,0.0
1784631776.9963908,0,0,38100,0,0.0,0.0,0.0,0.0,1.659,0.0
1784631776.9969873,0,0,38110,0,0.0,0.0,0.0,0.0,1.659,0.0
1784631776.9976234,0,0,38120,0,0.0,0.0,0.0,0.0,1.658,0.0
1784631776.9981558,0,0,38130,0,0.0,0.0,0.0,0.0,1.658,0.0
1784631776.9991248,0,0,38140,0,0.0,0.0,0.0,0.0,1.657,0.0
1784631777.0000427,0,0,38150,0,0.0,0.0,0.0,0.0,1.657,0.0
1784631777.000723,0,0,38160,0,0.0,0.0,0.0,0.0,1.656,0.0
1784631777.126593,0,0,38170,0,0.0,0.0,0.0,0.0,1.656,0.0
1784631777.1306403,0,0,38180,0,0.0,0.0,0.0,0.0,1.656,0.0
1784631777.1320024,0,0,38190,0,0.0,0.0,0.0,0.0,1.655,0.0
1784631777.133176,0,0,38200,0,0.0,0.0,0.0,0.0,1.655,0.0
1784631777.1343312,0,0,38210,0,0.0,0.0,0.0,0.0,1.654,0.0
1784631777.1353242,0,0,38220,0,0.0,0.0,0.0,0.0,1.654,0.0
1784631777.1422756,0,0,38230,0,0.0,0.0,0.0,0.0,1.653,0.0
1784631777.1435242,0,0,38240,0,0.0,0.0,0.0,0.0,1.653,0.0
1784631777.1445496,0,0,38250,0,0.0,0.0,0.0,0.0,1.653,0.0
1784631777.1456153,0,0,38260,0,0.0,0.0,0.0,0.0,1.652,0.0
1784631777.1467931,0,0,38270,0,0.0,0.0,0.0,0.0,1.652,0.0
1784631777.1481056,0,0,38280,0,0.0,0.0,0.0,0.0,1.651,0.0
1784631777.149178,0,0,38290,0,0.0,0.0,0.0,0.0,1.651,0.0
1784631777.1501794,0,0,38300,0,0.0,0.0,0.0,0.0,1.65,0.0
1784631777.1522834,0,0,38310,0,0.0,0.0,0.0,0.0,1.65,0.0
1784631777.1549292,0,0,38320,0,0.0,0.0,0.0,0.0,1.65,0.0
1784631777.2739418,0,0,38330,0,0.0,0.0,0.0,0.0,1.649,0.0
1784631777.2760875,0,0,38340,0,0.0,0.0,0.0,0.0,1.649,0.0
1784631777.2776752,0,0,38350,0,0.0,0.0,0.0,0.0,1.648,0.0
1784631777.27943,0,0,38360,0,0.0,0.0,0.0,0.0,1.648,0.0
1784631777.2863426,0,0,38370,0,0.0,0.0,0.0,0.0,1.647,0.0
1784631777.2876682,0,0,38380,0,0.0,0.0,0.0,0.0,1.647,0.0
1784631777.2891161,0,0,38390,0,0.0,0.0,0.0,0.0,1.647,0.0
1784631777.2905548,0,0,38400,0,0.0,0.0,0.0,0.0,1.646,0.0
1784631777.29822,0,0,38410,0,0.0,0.0,0.0,0.0,1.646,0.0
1784631777.300281,0,0,38420,0,0.0,0.0,0.0,0.0,1.645,0.0
1784631777.307705,0,0,38430,0,0.0,0.0,0.0,0.0,1.645,0.0
1784631777.309636,0,0,38440,0,0.0,0.0,0.0,0.0,1.644,0.0
1784631777.311757,0,0,38450,0,0.0,0.0,0.0,0.0,1.644,0.0
1784631777.313465,0,0,38460,0,0.0,0.0,0.0,0.0,1.644,0.0
1784631777.3150835,0,0,38470,0,0.0,0.0,0.0,0.0,1.643,0.0
1784631777.322007,0,0,38480,0,0.0,0.0,0.0,0.0,1.643,0.0
1784631777.45275,0,0,38490,0,0.0,0.0,0.0,0.0,1.642,0.0
1784631777.4701283,0,0,38500,0,0.0,0.0,0.0,0.0,1.642,0.0
1784631777.4711983,0,0,38510,0,0.0,0.0,0.0,0.0,1.641,0.0
1784631777.471966,0,0,38520,0,0.0,0.0,0.0,0.0,1.641,0.0
1784631777.473289,0,0,38530,0,0.0,0.0,0.0,0.0,1.641,0.0
1784631777.4743757,0,0,38540,0,0.0,0.0,0.0,0.0,1.64,0.0
1784631777.475401,0,0,38550,0,0.0,0.0,0.0,0.0,1.64,0.0
1784631777.4763875,0,0,38560,0,0.0,0.0,0.0,0.0,1.639,0.0
1784631777.4773724,0,0,38570,0,0.0,0.0,0.0,0.0,1.639,0.0
1784631777.4782872,0,0,38580,0,0.0,0.0,0.0,0.0,1.638,0.0
1784631777.479106,0,0,38590,0,0.0,0.0,0.0,0.0,1.638,0.0
1784631777.480953,0,0,38600,0,0.0,0.0,0.0,0.0,1.638,0.0
1784631777.483044,0,0,38610,0,0.0,0.0,0.0,0.0,1.637,0.0
1784631777.484857,0,0,38620,0,0.0,0.0,0.0,0.0,1.637,0.0
1784631777.4926257,0,0,38630,0,0.0,0.0,0.0,0.0,1.636,0.0
1784631777.4937727,0,0,38640,0,0.0,0.0,0.0,0.0,1.636,0.0
1784631777.4950347,0,0,38650,0,0.0,0.0,0.0,0.0,1.635,0.0
1784631777.4962692,0,0,38660,0,0.0,0.0,0.0,0.0,1.635,0.0
1784631777.4976554,0,0,38670,0,0.0,0.0,0.0,0.0,1.635,0.0
1784631777.6219716,0,0,38680,0,0.0,0.0,0.0,0.0,1.634,0.0
1784631777.6232014,0,0,38690,0,0.0,0.0,0.0,0.0,1.634,0.0
1784631777.6383972,0,0,38700,0,0.0,0.0,0.0,0.0,1.633,0.0
1784631777.641084,0,0,38710,0,0.0,0.0,0.0,0.0,1.633,0.0
1784631777.643542,0,0,38720,0,0.0,0.0,0.0,0.0,1.632,0.0
1784631778.6563528,0,0,38730,0,0.0,0.0,0.0,0.0,1.632,0.0
1784631778.6577394,0,0,38740,0,0.0,0.0,0.0,0.0,1.632,0.0
1784631778.659155,0,0,38750,0,0.0,0.0,0.0,0.0,1.631,0.0
1784631778.6610105,0,0,38760,0,0.0,0.0,0.0,0.0,1.631,0.0
1784631778.7854235,0,0,38770,0,0.0,0.0,0.0,0.0,1.63,0.0
1784631778.7933433,0,0,38780,0,0.0,0.0,0.0,0.0,1.63,0.0
1784631778.7961695,0,0,38790,0,0.0,0.0,0.0,0.0,1.63,0.0
1784631778.7978058,0,0,38800,0,0.0,0.0,0.0,0.0,1.629,0.0
1784631778.7999284,0,0,38810,0,0.0,0.0,0.0,0.0,1.629,0.0
1784631778.80087,0,0,38820,0,0.0,0.0,0.0,0.0,1.628,0.0
1784631778.8015983,0,0,38830,0,0.0,0.0,0.0,0.0,1.628,0.0
1784631778.8023264,0,0,38840,0,0.0,0.0,0.0,0.0,1.627,0.0
1784631778.9303937,0,0,38850,0,0.0,0.0,0.0,0.0,1.627,0.0
1784631778.931494,0,0,38860,0,0.0,0.0,0.0,0.0,1.627,0.0
1784631778.9330063,0,0,38870,0,0.0,0.0,0.0,0.0,1.626,0.0
1784631778.9350076,0,0,38880,0,0.0,0.0,0.0,0.0,1.626,0.0
1784631778.9363933,0,0,38890,0,0.0,0.0,0.0,0.0,1.625,0.0
1784631778.9375348,0,0,38900,0,0.0,0.0,0.0,0.0,1.625,0.0
1784631778.9389071,0,0,38910,0,0.0,0.0,0.0,0.0,1.625,0.0
1784631778.9402423,0,0,38920,0,0.0,0.0,0.0,0.0,1.625,0.0
1784631778.9417698,0,0,38930,0,0.0,0.0,0.0,0.0,1.625,0.0
1784631778.9436114,0,0,38940,0,0.0,0.0,0.0,0.0,1.625,0.0
1784631778.945016,0,0,38950,0,0.0,0.0,0.0,0.0,1.625,0.0
1784631778.9458606,0,0,38960,0,0.0,0.0,0.0,0.0,1.626,0.0
1784631778.9464438,0,0,38970,0,0.0,0.0,0.0,0.0,1.626,0.0
1784631779.0665739,0,0,38980,0,0.0,0.0,0.0,0.0,1.626,0.0
1784631779.0675294,0,0,38990,0,0.0,0.0,0.0,0.0,1.626,0.0
1784631779.0682783,0,0,39000,0,0.0,0.0,0.0,0.0,1.626,0.0
1784631779.068986,0,0,39010,0,0.0,0.0,0.0,0.0,1.626,0.0
1784631779.069507,0,0,39020,0,0.0,0.0,0.0,0.0,1.626,0.0
1784631779.0701263,0,0,39030,0,0.0,0.0,0.0,0.0,1.626,0.0
1784631779.0706892,0,0,39040,0,0.0,0.0,0.0,0.0,1.626,0.0
1784631779.071286,0,0,39050,0,0.0,0.0,0.0,0.0,1.626,0.0
1784631779.0718951,0,0,39060,0,0.0,0.0,0.0,0.0,1.626,0.0
1784631779.0723991,0,0,39070,0,0.0,0.0,0.0,0.0,1.626,0.0
1784631779.0729945,0,0,39080,0,0.0,0.0,0.0,0.0,1.626,0.0
1784631779.0740533,0,0,39090,0,0.0,0.0,0.0,0.0,1.625,0.0
1784631779.0751548,0,0,39100,0,0.0,0.0,0.0,0.0,1.625,0.0
1784631779.0760262,0,0,39110,0,0.0,0.0,0.0,0.0,1.625,0.0
1784631779.0769122,0,0,39120,0,0.0,0.0,0.0,0.0,1.625,0.0
1784631779.0777054,0,0,39130,0,0.0,0.0,0.0,0.0,1.625,0.0
1784631779.0784085,0,0,39140,0,0.0,0.0,0.0,0.0,1.625,0.0
1784631779.0791914,0,0,39150,0,0.0,0.0,0.0,0.0,1.625,0.0
1784631779.0798926,0,0,39160,0,0.0,0.0,0.0,0.0,1.625,0.0
1784631779.0810025,0,0,39170,0,0.0,0.0,0.0,0.0,1.625,0.0
1784631779.08185,0,0,39180,0,0.0,0.0,0.0,0.0,1.625,0.0
1784631779.0826197,0,0,39190,0,0.0,0.0,0.0,0.0,1.625,0.0
1784631779.083465,0,0,39200,0,0.0,0.0,0.0,0.0,1.625,0.0
1784631779.084231,0,0,39210,0,0.0,0.0,0.0,0.0,1.625,0.0
1784631779.0850072,0,0,39220,0,0.0,0.0,0.0,0.0,1.625,0.0
1784631779.0986269,0,0,39230,0,0.0,0.0,0.0,0.0,1.625,0.0
1784631779.2229881,0,0,39240,0,0.0,0.0,0.0,0.0,1.625,0.0
1784631779.2237918,0,0,39250,0,0.0,0.0,0.0,0.0,1.625,0.0
1784631779.2245867,0,0,39260,0,0.0,0.0,0.0,0.0,1.625,0.0
1784631779.2252092,0,0,39270,0,0.0,0.0,0.0,0.0,1.625,0.0
1784631779.225866,0,0,39280,0,0.0,0.0,0.0,0.0,1.625,0.0
1784631779.2263756,0,0,39290,0,0.0,0.0,0.0,0.0,1.625,0.0
1784631779.2269604,0,0,39300,0,0.0,0.0,0.0,0.0,1.625,0.0
1784631779.2275434,0,0,39310,0,0.0,0.0,0.0,0.0,1.625,0.0
1784631779.2281692,0,0,39320,0,0.0,0.0,0.0,0.0,1.625,0.0
1784631779.228836,0,0,39330,0,0.0,0.0,0.0,0.0,1.625,0.0
1784631779.2296252,0,0,39340,0,0.0,0.0,0.0,0.0,1.625,0.0
1784631779.2312906,0,0,39350,0,0.0,0.0,0.0,0.0,1.625,0.0
1784631779.2326818,0,0,39360,0,0.0,0.0,0.0,0.0,1.625,0.0
1784631779.2336469,0,0,39370,0,0.0,0.0,0.0,0.0,1.625,0.0
1784631779.234445,0,0,39380,0,0.0,0.0,0.0,0.0,1.625,0.0
1784631779.3483489,0,0,39390,0,0.0,0.0,0.0,0.0,1.625,0.0
1784631779.34934,0,0,39400,0,0.0,0.0,0.0,0.0,1.625,0.0
1784631779.3500273,0,0,39410,0,0.0,0.0,0.0,0.0,1.625,0.0
1784631779.350779,0,0,39420,0,0.0,0.0,0.0,0.0,1.625,0.0
1784631779.3515708,0,0,39430,0,0.0,0.0,0.0,0.0,1.625,0.0
1784631779.3522105,0,0,39440,0,0.0,0.0,0.0,0.0,1.625,0.0
1784631779.352935,0,0,39450,0,0.0,0.0,0.0,0.0,1.625,0.0
1784631779.3535435,0,0,39460,0,0.0,0.0,0.0,0.0,1.625,0.0
1784631779.354145,0,0,39470,0,0.0,0.0,0.0,0.0,1.625,0.0
1784631779.3551857,0,0,39480,0,0.0,0.0,0.0,0.0,1.625,0.0
1784631779.363205,0,0,39490,0,0.0,0.0,0.0,0.0,1.625,0.0
1784631779.4826834,0,0,39500,0,0.0,0.0,0.0,0.0,1.625,0.0
1784631779.483853,0,0,39510,0,0.0,0.0,0.0,0.0,1.625,0.0
1784631779.4849174,0,0,39520,0,0.0,0.0,0.0,0.0,1.625,0.0
1784631779.4861045,0,0,39530,0,0.0,0.0,0.0,0.0,1.625,0.0
1784631779.4871433,0,0,39540,0,0.0,0.0,0.0,0.0,1.625,0.0
1784631779.4881272,0,0,39550,0,0.0,0.0,0.0,0.0,1.625,0.0
1784631779.4890223,0,0,39560,0,0.0,0.0,0.0,0.0,1.625,0.0
1784631779.4897954,0,0,39570,0,0.0,0.0,0.0,0.0,1.625,0.0
1784631779.4906714,0,0,39580,0,0.0,0.0,0.0,0.0,1.626,0.0
1784631779.4914916,0,0,39590,0,0.0,0.0,0.0,0.0,1.626,0.0
1784631779.4922814,0,0,39600,0,0.0,0.0,0.0,0.0,1.626,0.0
1784631779.4931047,0,0,39610,0,0.0,0.0,0.0,0.0,1.626,0.0
1784631779.4939396,0,0,39620,0,0.0,0.0,0.0,0.0,1.626,0.0
1784631779.4948065,0,0,39630,0,0.0,0.0,0.0,0.0,1.626,0.0
1784631779.5180333,0,0,39640,0,0.0,0.0,0.0,0.0,1.626,0.0
1784631779.6402369,0,0,39650,0,0.0,0.0,0.0,0.0,1.626,0.0
1784631779.6473095,0,0,39660,0,0.0,0.0,0.0,0.0,1.626,0.0
1784631779.648375,0,0,39670,0,0.0,0.0,0.0,0.0,1.626,0.0
1784631779.6491373,0,0,39680,0,0.0,0.0,0.0,0.0,1.626,0.0
1784631779.6498146,0,0,39690,0,0.0,0.0,0.0,0.0,1.626,0.0
1784631779.6506128,0,0,39700,0,0.0,0.0,0.0,0.0,1.626,0.0
1784631779.652501,0,0,39710,0,0.0,0.0,0.0,0.0,1.626,0.0
1784631779.6548629,0,0,39720,0,0.0,0.0,0.0,0.0,1.626,0.0
1784631779.6568782,0,0,39730,0,0.0,0.0,0.0,0.0,1.627,0.0
1784631779.6581402,0,0,39740,0,0.0,0.0,0.0,0.0,1.627,0.0
1784631779.659573,0,0,39750,0,0.0,0.0,0.0,0.0,1.627,0.0
1784631779.660795,0,0,39760,0,0.0,0.0,0.0,0.0,1.627,0.0
1784631779.6619768,0,0,39770,0,0.0,0.0,0.0,0.0,1.627,0.0
1784631779.6630387,0,0,39780,0,0.0,0.0,0.0,0.0,1.627,0.0
1784631779.664324,0,0,39790,0,0.0,0.0,0.0,0.0,1.627,0.0
1784631779.6661785,0,0,39800,0,0.0,0.0,0.0,0.0,1.627,0.0
1784631779.6938624,0,0,39810,0,0.0,0.0,0.0,0.0,1.627,0.0
1784631779.6957276,0,0,39820,0,0.0,0.0,0.0,0.0,1.627,0.0
1784631779.697022,0,0,39830,0,0.0,0.0,0.0,0.0,1.627,0.0
1784631779.6976428,0,0,39840,0,0.0,0.0,0.0,0.0,1.627,0.0
1784631779.699664,0,0,39850,0,0.0,0.0,0.0,0.0,1.628,0.0
1784631779.7023153,0,0,39860,0,0.0,0.0,0.0,0.0,1.628,0.0
1784631779.8541546,0,0,39870,0,0.0,0.0,0.0,0.0,1.628,0.0
1784631779.8618898,0,0,39880,0,0.0,0.0,0.0,0.0,1.628,0.0
1784631779.8630364,0,0,39890,0,0.0,0.0,0.0,0.0,1.628,0.0
1784631779.8641806,0,0,39900,0,0.0,0.0,0.0,0.0,1.628,0.0
1784631779.86501,0,0,39910,0,0.0,0.0,0.0,0.0,1.628,0.0
1784631779.8658946,0,0,39920,0,0.0,0.0,0.0,0.0,1.628,0.0
1784631779.8667734,0,0,39930,0,0.0,0.0,0.0,0.0,1.628,0.0
1784631779.867607,0,0,39940,0,0.0,0.0,0.0,0.0,1.628,0.0
1784631779.868511,0,0,39950,0,0.0,0.0,0.0,0.0,1.629,0.0
1784631779.8694103,0,0,39960,0,0.0,0.0,0.0,0.0,1.629,0.0
1784631779.8705513,0,0,39970,0,0.0,0.0,0.0,0.0,1.629,0.0
1784631779.8719716,0,0,39980,0,0.0,0.0,0.0,0.0,1.629,0.0
1784631779.8738477,0,0,39990,0,0.0,0.0,0.0,0.0,1.629,0.0
1784631779.8751454,0,0,40000,0,0.0,0.0,0.0,0.0,1.629,0.0
1784631779.876248,0,0,40010,0,0.0,0.0,0.0,0.0,1.629,0.0
1784631779.8773773,0,0,40020,0,0.0,0.0,0.0,0.0,1.629,0.0
1784631779.878576,0,0,40030,0,0.0,0.0,0.0,0.0,1.629,0.0
1784631779.880244,0,0,40040,0,0.0,0.0,0.0,0.0,1.63,0.0
1784631779.8822613,0,0,40050,0,0.0,0.0,0.0,0.0,1.63,0.0
1784631779.8894198,0,0,40060,0,0.0,0.0,0.0,0.0,1.63,0.0
1784631779.8911037,0,0,40070,0,0.0,0.0,0.0,0.0,1.63,0.0
1784631779.8923163,0,0,40080,0,0.0,0.0,0.0,0.0,1.63,0.0
1784631779.8934944,0,0,40090,0,0.0,0.0,0.0,0.0,1.63,0.0
1784631779.8945072,0,0,40100,0,0.0,0.0,0.0,0.0,1.63,0.0
1784631779.895428,0,0,40110,0,0.0,0.0,0.0,0.0,1.63,0.0
1784631779.8961887,0,0,40120,0,0.0,0.0,0.0,0.0,1.631,0.0
1784631779.8968186,0,0,40130,0,0.0,0.0,0.0,0.0,1.631,0.0
1784631779.8975844,0,0,40140,0,0.0,0.0,0.0,0.0,1.631,0.0
1784631779.8983216,0,0,40150,0,0.0,0.0,0.0,0.0,1.631,0.0
1784631779.8990216,0,0,40160,0,0.0,0.0,0.0,0.0,1.631,0.0
1784631780.0093112,0,0,40170,0,0.0,0.0,0.0,0.0,1.631,0.0
1784631780.010071,0,0,40180,0,0.0,0.0,0.0,0.0,1.631,0.0
1784631780.0108106,0,0,40190,0,0.0,0.0,0.0,0.0,1.632,0.0
1784631780.0125134,0,0,40200,0,0.0,0.0,0.0,0.0,1.632,0.0
1784631780.0144017,0,0,40210,0,0.0,0.0,0.0,0.0,1.632,0.0
1784631780.0157068,0,0,40220,0,0.0,0.0,0.0,0.0,1.632,0.0
1784631780.0170317,0,0,40230,0,0.0,0.0,0.0,0.0,1.632,0.0
1784631780.01786,0,0,40240,0,0.0,0.0,0.0,0.0,1.632,0.0
1784631780.0187476,0,0,40250,0,0.0,0.0,0.0,0.0,1.632,0.0
1784631780.0193632,0,0,40260,0,0.0,0.0,0.0,0.0,1.633,0.0
1784631780.0201774,0,0,40270,0,0.0,0.0,0.0,0.0,1.633,0.0
1784631780.0208187,0,0,40280,0,0.0,0.0,0.0,0.0,1.633,0.0
1784631780.0214705,0,0,40290,0,0.0,0.0,0.0,0.0,1.633,0.0
1784631780.0221913,0,0,40300,0,0.0,0.0,0.0,0.0,1.633,0.0
1784631780.0228405,0,0,40310,0,0.0,0.0,0.0,0.0,1.633,0.0
1784631780.023405,0,0,40320,0,0.0,0.0,0.0,0.0,1.633,0.0
1784631780.0240974,0,0,40330,0,0.0,0.0,0.0,0.0,1.634,0.0
1784631780.0246844,0,0,40340,0,0.0,0.0,0.0,0.0,1.634,0.0
1784631780.0252695,0,0,40350,0,0.0,0.0,0.0,0.0,1.634,0.0
1784631780.0261588,0,0,40360,0,0.0,0.0,0.0,0.0,1.634,0.0
1784631780.0280967,0,0,40370,0,0.0,0.0,0.0,0.0,1.634,0.0
1784631780.0299578,0,0,40380,0,0.0,0.0,0.0,0.0,1.634,0.0
1784631780.0385275,0,0,40390,0,0.0,0.0,0.0,0.0,1.635,0.0
1784631780.0398004,0,0,40400,0,0.0,0.0,0.0,0.0,1.635,0.0
1784631780.1540143,0,0,40410,0,0.0,0.0,0.0,0.0,1.635,0.0
1784631780.1549227,0,0,40420,0,0.0,0.0,0.0,0.0,1.635,0.0
1784631780.1556802,0,0,40430,0,0.0,0.0,0.0,0.0,1.635,0.0
1784631780.1564453,0,0,40440,0,0.0,0.0,0.0,0.0,1.635,0.0
1784631780.1570668,0,0,40450,0,0.0,0.0,0.0,0.0,1.636,0.0
1784631780.1578314,0,0,40460,0,0.0,0.0,0.0,0.0,1.636,0.0
1784631780.1584606,0,0,40470,0,0.0,0.0,0.0,0.0,1.636,0.0
1784631780.1590528,0,0,40480,0,0.0,0.0,0.0,0.0,1.636,0.0
1784631780.1597476,0,0,40490,0,0.0,0.0,0.0,0.0,1.636,0.0
1784631780.1603305,0,0,40500,0,0.0,0.0,0.0,0.0,1.636,0.0
1784631780.1610308,0,0,40510,0,0.0,0.0,0.0,0.0,1.637,0.0
1784631780.1617904,0,0,40520,0,0.0,0.0,0.0,0.0,1.637,0.0
1784631780.1625175,0,0,40530,0,0.0,0.0,0.0,0.0,1.637,0.0
1784631780.1632895,0,0,40540,0,0.0,0.0,0.0,0.0,1.637,0.0
1784631780.163931,0,0,40550,0,0.0,0.0,0.0,0.0,1.637,0.0
1784631780.1645112,0,0,40560,0,0.0,0.0,0.0,0.0,1.637,0.0
1784631780.1653001,0,0,40570,0,0.0,0.0,0.0,0.0,1.638,0.0
1784631780.1658545,0,0,40580,0,0.0,0.0,0.0,0.0,1.638,0.0
1784631780.1664257,0,0,40590,0,0.0,0.0,0.0,0.0,1.638,0.0
1784631780.1679618,0,0,40600,0,0.0,0.0,0.0,0.0,1.638,0.0
1784631780.1691654,0,0,40610,0,0.0,0.0,0.0,0.0,1.638,0.0
1784631780.1701164,0,0,40620,0,0.0,0.0,0.0,0.0,1.639,0.0
1784631780.1707184,0,0,40630,0,0.0,0.0,0.0,0.0,1.639,0.0
1784631780.1713262,0,0,40640,0,0.0,0.0,0.0,0.0,1.639,0.0
1784631780.1719043,0,0,40650,0,0.0,0.0,0.0,0.0,1.639,0.0
1784631780.1725004,0,0,40660,0,0.0,0.0,0.0,0.0,1.639,0.0
1784631780.1730757,0,0,40670,0,0.0,0.0,0.0,0.0,1.639,0.0
1784631780.293695,0,0,40680,0,0.0,0.0,0.0,0.0,1.64,0.0
1784631780.2958047,0,0,40690,0,0.0,0.0,0.0,0.0,1.64,0.0
1784631780.2972767,0,0,40700,0,0.0,0.0,0.0,0.0,1.64,0.0
1784631780.298442,0,0,40710,0,0.0,0.0,0.0,0.0,1.64,0.0
1784631780.299129,0,0,40720,0,0.0,0.0,0.0,0.0,1.64,0.0
1784631780.2996778,0,0,40730,0,0.0,0.0,0.0,0.0,1.641,0.0
1784631780.300257,0,0,40740,0,0.0,0.0,0.0,0.0,1.641,0.0
1784631780.3007941,0,0,40750,0,0.0,0.0,0.0,0.0,1.641,0.0
1784631780.301328,0,0,40760,0,0.0,0.0,0.0,0.0,1.641,0.0
1784631780.3018754,0,0,40770,0,0.0,0.0,0.0,0.0,1.641,0.0
1784631780.3023806,0,0,40780,0,0.0,0.0,0.0,0.0,1.642,0.0
1784631780.3030121,0,0,40790,0,0.0,0.0,0.0,0.0,1.642,0.0
1784631780.3035076,0,0,40800,0,0.0,0.0,0.0,0.0,1.642,0.0
1784631780.3041024,0,0,40810,0,0.0,0.0,0.0,0.0,1.642,0.0
1784631780.304598,0,0,40820,0,0.0,0.0,0.0,0.0,1.642,0.0
1784631780.3051808,0,0,40830,0,0.0,0.0,0.0,0.0,1.643,0.0
1784631780.3057814,0,0,40840,0,0.0,0.0,0.0,0.0,1.643,0.0
1784631780.306321,0,0,40850,0,0.0,0.0,0.0,0.0,1.643,0.0
1784631780.3069143,0,0,40860,0,0.0,0.0,0.0,0.0,1.643,0.0
1784631780.3078096,0,0,40870,0,0.0,0.0,0.0,0.0,1.643,0.0
1784631780.3085542,0,0,40880,0,0.0,0.0,0.0,0.0,1.644,0.0
1784631780.4282265,0,0,40890,0,0.0,0.0,0.0,0.0,1.644,0.0
1784631780.429048,0,0,40900,0,0.0,0.0,0.0,0.0,1.644,0.0
1784631780.429672,0,0,40910,0,0.0,0.0,0.0,0.0,1.644,0.0
1784631780.430344,0,0,40920,0,0.0,0.0,0.0,0.0,1.645,0.0
1784631780.4310129,0,0,40930,0,0.0,0.0,0.0,0.0,1.645,0.0
1784631780.4317865,0,0,40940,0,0.0,0.0,0.0,0.0,1.645,0.0
1784631780.432522,0,0,40950,0,0.0,0.0,0.0,0.0,1.645,0.0
1784631780.433196,0,0,40960,0,0.0,0.0,0.0,0.0,1.645,0.0
1784631780.433742,0,0,40970,0,0.0,0.0,0.0,0.0,1.646,0.0
1784631780.434336,0,0,40980,0,0.0,0.0,0.0,0.0,1.646,0.0
1784631780.4348772,0,0,40990,0,0.0,0.0,0.0,0.0,1.646,0.0
1784631780.5603526,0,0,41000,0,0.0,0.0,0.0,0.0,1.646,0.0
1784631780.5613558,0,0,41010,0,0.0,0.0,0.0,0.0,1.647,0.0
1784631780.562253,0,0,41020,0,0.0,0.0,0.0,0.0,1.647,0.0
1784631780.5631623,0,0,41030,0,0.0,0.0,0.0,0.0,1.647,0.0
1784631780.5639944,0,0,41040,0,0.0,0.0,0.0,0.0,1.647,0.0
1784631780.5649645,0,0,41050,0,0.0,0.0,0.0,0.0,1.648,0.0
1784631780.5656772,0,0,41060,0,0.0,0.0,0.0,0.0,1.648,0.0
1784631780.5664308,0,0,41070,0,0.0,0.0,0.0,0.0,1.648,0.0
1784631780.567127,0,0,41080,0,0.0,0.0,0.0,0.0,1.648,0.0
1784631780.5677629,0,0,41090,0,0.0,0.0,0.0,0.0,1.649,0.0
1784631780.568339,0,0,41100,0,0.0,0.0,0.0,0.0,1.649,0.0
1784631780.5690627,0,0,41110,0,0.0,0.0,0.0,0.0,1.649,0.0
1784631780.5695853,0,0,41120,0,0.0,0.0,0.0,0.0,1.649,0.0
1784631780.5702078,0,0,41130,0,0.0,0.0,0.0,0.0,1.65,0.0
1784631780.5707533,0,0,41140,0,0.0,0.0,0.0,0.0,1.65,0.0
1784631780.5714347,0,0,41150,0,0.0,0.0,0.0,0.0,1.65,0.0
1784631780.5722256,0,0,41160,0,0.0,0.0,0.0,0.0,1.65,0.0
1784631780.5727704,0,0,41170,0,0.0,0.0,0.0,0.0,1.651,0.0
1784631780.5742583,0,0,41180,0,0.0,0.0,0.0,0.0,1.651,0.0
1784631780.6999166,0,0,41190,0,0.0,0.0,0.0,0.0,1.651,0.0
1784631780.701357,0,0,41200,0,0.0,0.0,0.0,0.0,1.651,0.0
1784631780.7022295,0,0,41210,0,0.0,0.0,0.0,0.0,1.652,0.0
1784631780.7028995,0,0,41220,0,0.0,0.0,0.0,0.0,1.652,0.0
1784631780.7034578,0,0,41230,0,0.0,0.0,0.0,0.0,1.652,0.0
1784631780.7040267,0,0,41240,0,0.0,0.0,0.0,0.0,1.652,0.0
1784631780.70458,0,0,41250,0,0.0,0.0,0.0,0.0,1.653,0.0
1784631780.7050915,0,0,41260,0,0.0,0.0,0.0,0.0,1.653,0.0
1784631780.70563,0,0,41270,0,0.0,0.0,0.0,0.0,1.653,0.0
1784631780.706128,0,0,41280,0,0.0,0.0,0.0,0.0,1.654,0.0
1784631780.7066844,0,0,41290,0,0.0,0.0,0.0,0.0,1.654,0.0
1784631780.7071705,0,0,41300,0,0.0,0.0,0.0,0.0,1.654,0.0
1784631780.70776,0,0,41310,0,0.0,0.0,0.0,0.0,1.654,0.0
1784631780.708256,0,0,41320,0,0.0,0.0,0.0,0.0,1.655,0.0
1784631780.708761,0,0,41330,0,0.0,0.0,0.0,0.0,1.655,0.0
1784631780.7092466,0,0,41340,0,0.0,0.0,0.0,0.0,1.655,0.0
1784631780.7098234,0,0,41350,0,0.0,0.0,0.0,0.0,1.655,0.0
1784631780.7103748,0,0,41360,0,0.0,0.0,0.0,0.0,1.656,0.0
1784631780.710904,0,0,41370,0,0.0,0.0,0.0,0.0,1.656,0.0
1784631780.7113981,0,0,41380,0,0.0,0.0,0.0,0.0,1.656,0.0
1784631780.711912,0,0,41390,0,0.0,0.0,0.0,0.0,1.657,0.0
1784631780.7123916,0,0,41400,0,0.0,0.0,0.0,0.0,1.657,0.0
1784631780.8202808,0,0,41410,0,0.0,0.0,0.0,0.0,1.657,0.0
1784631780.821106,0,0,41420,0,0.0,0.0,0.0,0.0,1.657,0.0
1784631780.8217537,0,0,41430,0,0.0,0.0,0.0,0.0,1.658,0.0
1784631780.8223484,0,0,41440,0,0.0,0.0,0.0,0.0,1.658,0.0
1784631780.822828,0,0,41450,0,0.0,0.0,0.0,0.0,1.658,0.0
1784631780.8237283,0,0,41460,0,0.0,0.0,0.0,0.0,1.659,0.0
1784631780.8248143,0,0,41470,0,0.0,0.0,0.0,0.0,1.659,0.0
1784631780.8260145,0,0,41480,0,0.0,0.0,0.0,0.0,1.659,0.0
1784631780.8275738,0,0,41490,0,0.0,0.0,0.0,0.0,1.659,0.0
1784631780.8286548,0,0,41500,0,0.0,0.0,0.0,0.0,1.66,0.0
1784631780.8295145,0,0,41510,0,0.0,0.0,0.0,0.0,1.66,0.0
1784631780.8302693,0,0,41520,0,0.0,0.0,0.0,0.0,1.66,0.0
1784631780.8308785,0,0,41530,0,0.0,0.0,0.0,0.0,1.661,0.0
1784631780.8314922,0,0,41540,0,0.0,0.0,0.0,0.0,1.661,0.0
1784631780.951909,0,0,41550,0,0.0,0.0,0.0,0.0,1.661,0.0
1784631780.9527872,0,0,41560,0,0.0,0.0,0.0,0.0,1.662,0.0
1784631780.9535122,0,0,41570,0,0.0,0.0,0.0,0.0,1.662,0.0
1784631780.954272,0,0,41580,0,0.0,0.0,0.0,0.0,1.662,0.0
1784631780.9549053,0,0,41590,0,0.0,0.0,0.0,0.0,1.662,0.0
1784631780.9554706,0,0,41600,0,0.0,0.0,0.0,0.0,1.663,0.0
1784631780.956235,0,0,41610,0,0.0,0.0,0.0,0.0,1.663,0.0
1784631780.9570477,0,0,41620,0,0.0,0.0,0.0,0.0,1.663,0.0
1784631780.9576688,0,0,41630,0,0.0,0.0,0.0,0.0,1.664,0.0
1784631780.9582078,0,0,41640,0,0.0,0.0,0.0,0.0,1.664,0.0
1784631780.958858,0,0,41650,0,0.0,0.0,0.0,0.0,1.664,0.0
1784631780.9593792,0,0,41660,0,0.0,0.0,0.0,0.0,1.665,0.0
1784631780.9600236,0,0,41670,0,0.0,0.0,0.0,0.0,1.665,0.0
1784631780.960549,0,0,41680,0,0.0,0.0,0.0,0.0,1.665,0.0
1784631780.9611497,0,0,41690,0,0.0,0.0,0.0,0.0,1.666,0.0
1784631780.9617152,0,0,41700,0,0.0,0.0,0.0,0.0,1.666,0.0
1784631781.0696363,0,0,41710,0,0.0,0.0,0.0,0.0,1.666,0.0
1784631781.0704606,0,0,41720,0,0.0,0.0,0.0,0.0,1.667,0.0
1784631781.0714962,0,0,41730,0,0.0,0.0,0.0,0.0,1.667,0.0
1784631781.0722947,0,0,41740,0,0.0,0.0,0.0,0.0,1.667,0.0
1784631781.0732193,0,0,41750,0,0.0,0.0,0.0,0.0,1.668,0.0
1784631781.0745568,0,0,41760,0,0.0,0.0,0.0,0.0,1.668,0.0
1784631781.0757372,0,0,41770,0,0.0,0.0,0.0,0.0,1.668,0.0
1784631781.0766602,0,0,41780,0,0.0,0.0,0.0,0.0,1.669,0.0
1784631781.0773742,0,0,41790,0,0.0,0.0,0.0,0.0,1.669,0.0
1784631781.077975,0,0,41800,0,0.0,0.0,0.0,0.0,1.669,0.0
1784631781.0785828,0,0,41810,0,0.0,0.0,0.0,0.0,1.67,0.0
1784631781.079183,0,0,41820,0,0.0,0.0,0.0,0.0,1.67,0.0
1784631781.079734,0,0,41830,0,0.0,0.0,0.0,0.0,1.67,0.0
1784631781.080438,0,0,41840,0,0.0,0.0,0.0,0.0,1.671,0.0
1784631781.0810986,0,0,41850,0,0.0,0.0,0.0,0.0,1.671,0.0
1784631781.0816596,0,0,41860,0,0.0,0.0,0.0,0.0,1.671,0.0
1784631781.0822482,0,0,41870,0,0.0,0.0,0.0,0.0,1.672,0.0
1784631781.1962268,0,0,41880,0,0.0,0.0,0.0,0.0,1.672,0.0
1784631781.1970084,0,0,41890,0,0.0,0.0,0.0,0.0,1.672,0.0
1784631781.1975853,0,0,41900,0,0.0,0.0,0.0,0.0,1.673,0.0
1784631781.1981149,0,0,41910,0,0.0,0.0,0.0,0.0,1.673,0.0
1784631781.199081,0,0,41920,0,0.0,0.0,0.0,0.0,1.673,0.0
1784631781.2003477,0,0,41930,0,0.0,0.0,0.0,0.0,1.674,0.0
1784631781.2014256,0,0,41940,0,0.0,0.0,0.0,0.0,1.674,0.0
1784631781.202215,0,0,41950,0,0.0,0.0,0.0,0.0,1.675,0.0
1784631781.2029312,0,0,41960,0,0.0,0.0,0.0,0.0,1.675,0.0
1784631781.2035635,0,0,41970,0,0.0,0.0,0.0,0.0,1.675,0.0
1784631781.204208,0,0,41980,0,0.0,0.0,0.0,0.0,1.676,0.0
1784631781.2047882,0,0,41990,0,0.0,0.0,0.0,0.0,1.676,0.0
1784631781.205326,0,0,42000,0,0.0,0.0,0.0,0.0,1.676,0.0
1784631781.2059505,0,0,42010,0,0.0,0.0,0.0,0.0,1.677,0.0
1784631781.206505,0,0,42020,0,0.0,0.0,0.0,0.0,1.677,0.0
1784631781.2071557,0,0,42030,0,0.0,0.0,0.0,0.0,1.677,0.0
1784631781.2077458,0,0,42040,0,0.0,0.0,0.0,0.0,1.678,0.0
1784631781.2083383,0,0,42050,0,0.0,0.0,0.0,0.0,1.678,0.0
1784631781.209001,0,0,42060,0,0.0,0.0,0.0,0.0,1.679,0.0
1784631781.3292336,0,0,42070,0,0.0,0.0,0.0,0.0,1.679,0.0
1784631781.3300486,0,0,42080,0,0.0,0.0,0.0,0.0,1.679,0.0
1784631781.3307507,0,0,42090,0,0.0,0.0,0.0,0.0,1.68,0.0
1784631781.3313577,0,0,42100,0,0.0,0.0,0.0,0.0,1.68,0.0
1784631781.3320308,0,0,42110,0,0.0,0.0,0.0,0.0,1.68,0.0
1784631781.3326397,0,0,42120,0,0.0,0.0,0.0,0.0,1.681,0.0
1784631781.333226,0,0,42130,0,0.0,0.0,0.0,0.0,1.681,0.0
1784631781.333908,0,0,42140,0,0.0,0.0,0.0,0.0,1.682,0.0
1784631781.3345375,0,0,42150,0,0.0,0.0,0.0,0.0,1.682,0.0
1784631781.3352256,0,0,42160,0,0.0,0.0,0.0,0.0,1.682,0.0
1784631781.3358185,0,0,42170,0,0.0,0.0,0.0,0.0,1.683,0.0
1784631781.3363636,0,0,42180,0,0.0,0.0,0.0,0.0,1.683,0.0
1784631781.3369675,0,0,42190,0,0.0,0.0,0.0,0.0,1.683,0.0
1784631781.3379805,0,0,42200,0,0.0,0.0,0.0,0.0,1.684,0.0
1784631781.338819,0,0,42210,0,0.0,0.0,0.0,0.0,1.684,0.0
1784631781.339775,0,0,42220,0,0.0,0.0,0.0,0.0,1.685,0.0
1784631781.3405,0,0,42230,0,0.0,0.0,0.0,0.0,1.685,0.0
1784631781.3413348,0,0,42240,0,0.0,0.0,0.0,0.0,1.685,0.0
1784631781.3421977,0,0,42250,0,0.0,0.0,0.0,0.0,1.686,0.0
1784631781.3429544,0,0,42260,0,0.0,0.0,0.0,0.0,1.686,0.0
1784631781.3436055,0,0,42270,0,0.0,0.0,0.0,0.0,1.687,0.0
1784631781.462781,0,0,42280,0,0.0,0.0,0.0,0.0,1.687,0.0
1784631781.4636517,0,0,42290,0,0.0,0.0,0.0,0.0,1.687,0.0
1784631781.4642942,0,0,42300,0,0.0,0.0,0.0,0.0,1.688,0.0
1784631781.4650192,0,0,42310,0,0.0,0.0,0.0,0.0,1.688,0.0
1784631781.4655821,0,0,42320,0,0.0,0.0,0.0,0.0,1.688,0.0
1784631781.4661787,0,0,42330,0,0.0,0.0,0.0,0.0,1.689,0.0
1784631781.466778,0,0,42340,0,0.0,0.0,0.0,0.0,1.689,0.0
1784631781.4674416,0,0,42350,0,0.0,0.0,0.0,0.0,1.69,0.0
1784631781.468053,0,0,42360,0,0.0,0.0,0.0,0.0,1.69,0.0
1784631781.4686677,0,0,42370,0,0.0,0.0,0.0,0.0,1.69,0.0
1784631781.4692552,0,0,42380,0,0.0,0.0,0.0,0.0,1.691,0.0
1784631781.4698324,0,0,42390,0,0.0,0.0,0.0,0.0,1.691,0.0
1784631781.4703643,0,0,42400,0,0.0,0.0,0.0,0.0,1.692,0.0
1784631781.471116,0,0,42410,0,0.0,0.0,0.0,0.0,1.692,0.0
1784631781.4717128,0,0,42420,0,0.0,0.0,0.0,0.0,1.692,0.0
1784631781.4725575,0,0,42430,0,0.0,0.0,0.0,0.0,1.693,0.0
1784631781.4738204,0,0,42440,0,0.0,0.0,0.0,0.0,1.693,0.0
1784631781.474681,0,0,42450,0,0.0,0.0,0.0,0.0,1.694,0.0
1784631781.4754307,0,0,42460,0,0.0,0.0,0.0,0.0,1.694,0.0
1784631781.476046,0,0,42470,0,0.0,0.0,0.0,0.0,1.695,0.0
1784631781.476591,0,0,42480,0,0.0,0.0,0.0,0.0,1.695,0.0
1784631781.6075366,0,0,42490,0,0.0,0.0,0.0,0.0,1.695,0.0
1784631781.6141427,0,0,42500,0,0.0,0.0,0.0,0.0,1.696,0.0
1784631781.6149216,0,0,42510,0,0.0,0.0,0.0,0.0,1.696,0.0
1784631781.6156962,0,0,42520,0,0.0,0.0,0.0,0.0,1.697,0.0
1784631781.6164148,0,0,42530,0,0.0,0.0,0.0,0.0,1.697,0.0
1784631781.6171906,0,0,42540,0,0.0,0.0,0.0,0.0,1.697,0.0
1784631781.617785,0,0,42550,0,0.0,0.0,0.0,0.0,1.698,0.0
1784631781.6183393,0,0,42560,0,0.0,0.0,0.0,0.0,1.698,0.0
1784631781.6189215,0,0,42570,0,0.0,0.0,0.0,0.0,1.699,0.0
1784631781.619458,0,0,42580,0,0.0,0.0,0.0,0.0,1.699,0.0
1784631781.6200726,0,0,42590,0,0.0,0.0,0.0,0.0,1.7,0.0
1784631781.6206362,0,0,42600,0,0.0,0.0,0.0,0.0,1.7,0.0
1784631781.621301,0,0,42610,0,0.0,0.0,0.0,0.0,1.7,0.0
1784631781.6218398,0,0,42620,0,0.0,0.0,0.0,0.0,1.701,0.0
1784631781.6224146,0,0,42630,0,0.0,0.0,0.0,0.0,1.701,0.0
1784631781.7354677,0,0,42640,0,0.0,0.0,0.0,0.0,1.702,0.0
1784631781.7364933,0,0,42650,0,0.0,0.0,0.0,0.0,1.702,0.0
1784631781.7373617,0,0,42660,0,0.0,0.0,0.0,0.0,1.703,0.0
1784631781.7382498,0,0,42670,0,0.0,0.0,0.0,0.0,1.703,0.0
1784631781.73907,0,0,42680,0,0.0,0.0,0.0,0.0,1.704,0.0
1784631781.7398655,0,0,42690,0,0.0,0.0,0.0,0.0,1.704,0.0
1784631781.7410219,0,0,42700,0,0.0,0.0,0.0,0.0,1.704,0.0
1784631781.7420578,0,0,42710,0,0.0,0.0,0.0,0.0,1.705,0.0
1784631781.7428732,0,0,42720,0,0.0,0.0,0.0,0.0,1.705,0.0
1784631781.7437074,0,0,42730,0,0.0,0.0,0.0,0.0,1.706,0.0
1784631781.7443721,0,0,42740,0,0.0,0.0,0.0,0.0,1.706,0.0
1784631781.8593924,0,0,42750,0,0.0,0.0,0.0,0.0,1.707,0.0
1784631781.8610027,0,0,42760,0,0.0,0.0,0.0,0.0,1.707,0.0
1784631781.8732967,0,0,42770,0,0.0,0.0,0.0,0.0,1.708,0.0
1784631781.8741891,0,0,42780,0,0.0,0.0,0.0,0.0,1.708,0.0
1784631781.8753858,0,0,42790,0,0.0,0.0,0.0,0.0,1.709,0.0
1784631781.876181,0,0,42800,0,0.0,0.0,0.0,0.0,1.709,0.0
1784631781.8770504,0,0,42810,0,0.0,0.0,0.0,0.0,1.709,0.0
1784631781.877846,0,0,42820,0,0.0,0.0,0.0,0.0,1.71,0.0
1784631781.8788984,0,0,42830,0,0.0,0.0,0.0,0.0,1.71,0.0
1784631781.8801203,0,0,42840,0,0.0,0.0,0.0,0.0,1.711,0.0
1784631781.8811762,0,0,42850,0,0.0,0.0,0.0,0.0,1.711,0.0
1784631781.882044,0,0,42860,0,0.0,0.0,0.0,0.0,1.712,0.0
1784631781.8827212,0,0,42870,0,0.0,0.0,0.0,0.0,1.712,0.0
1784631781.883342,0,0,42880,0,0.0,0.0,0.0,0.0,1.713,0.0
1784631781.8841422,0,0,42890,0,0.0,0.0,0.0,0.0,1.713,0.0
1784631781.8848174,0,0,42900,0,0.0,0.0,0.0,0.0,1.714,0.0
1784631781.885469,0,0,42910,0,0.0,0.0,0.0,0.0,1.714,0.0
1784631782.001686,0,0,42920,0,0.0,0.0,0.0,0.0,1.715,0.0
1784631782.0145624,0,0,42930,0,0.0,0.0,0.0,0.0,1.715,0.0
1784631782.0159378,0,0,42940,0,0.0,0.0,0.0,0.0,1.716,0.0
1784631782.0171137,0,0,42950,0,0.0,0.0,0.0,0.0,1.716,0.0
1784631782.018092,0,0,42960,0,0.0,0.0,0.0,0.0,1.717,0.0
1784631782.0188591,0,0,42970,0,0.0,0.0,0.0,0.0,1.717,0.0
1784631782.019576,0,0,42980,0,0.0,0.0,0.0,0.0,1.718,0.0
1784631782.0204337,0,0,42990,0,0.0,0.0,0.0,0.0,1.718,0.0
1784631782.0212307,0,0,43000,0,0.0,0.0,0.0,0.0,1.719,0.0
1784631782.0218732,0,0,43010,0,0.0,0.0,0.0,0.0,1.719,0.0
1784631782.0225682,0,0,43020,0,0.0,0.0,0.0,0.0,1.72,0.0
1784631782.0233135,0,0,43030,0,0.0,0.0,0.0,0.0,1.72,0.0
1784631782.0239697,0,0,43040,0,0.0,0.0,0.0,0.0,1.721,0.0
1784631782.024899,0,0,43050,0,0.0,0.0,0.0,0.0,1.721,0.0
1784631782.0263357,0,0,43060,0,0.0,0.0,0.0,0.0,1.722,0.0
1784631782.0279186,0,0,43070,0,0.0,0.0,0.0,0.0,1.722,0.0
1784631782.1628067,0,0,43080,0,0.0,0.0,0.0,0.0,1.723,0.0
1784631782.1647272,0,0,43090,0,0.0,0.0,0.0,0.0,1.723,0.0
1784631782.16577,0,0,43100,0,0.0,0.0,0.0,0.0,1.724,0.0
1784631782.1665409,0,0,43110,0,0.0,0.0,0.0,0.0,1.724,0.0
1784631782.1677206,0,0,43120,0,0.0,0.0,0.0,0.0,1.725,0.0
1784631782.1699305,0,0,43130,0,0.0,0.0,0.0,0.0,1.725,0.0
1784631782.1712394,0,0,43140,0,0.0,0.0,0.0,0.0,1.726,0.0
1784631782.1722753,0,0,43150,0,0.0,0.0,0.0,0.0,1.726,0.0
1784631782.1731188,0,0,43160,0,0.0,0.0,0.0,0.0,1.727,0.0
1784631782.1739738,0,0,43170,0,0.0,0.0,0.0,0.0,1.727,0.0
1784631782.1751873,0,0,43180,0,0.0,0.0,0.0,0.0,1.728,0.0
1784631782.1767383,0,0,43190,0,0.0,0.0,0.0,0.0,1.728,0.0
1784631782.178115,0,0,43200,0,0.0,0.0,0.0,0.0,1.729,0.0
1784631782.1794326,0,0,43210,0,0.0,0.0,0.0,0.0,1.729,0.0
1784631782.180643,0,0,43220,0,0.0,0.0,0.0,0.0,1.73,0.0
1784631782.1819787,0,0,43230,0,0.0,0.0,0.0,0.0,1.73,0.0
1784631782.1833858,0,0,43240,0,0.0,0.0,0.0,0.0,1.731,0.0
1784631782.297467,0,0,43250,0,0.0,0.0,0.0,0.0,1.731,0.0
1784631782.2982628,0,0,43260,0,0.0,0.0,0.0,0.0,1.732,0.0
1784631782.2988675,0,0,43270,0,0.0,0.0,0.0,0.0,1.732,0.0
1784631782.299571,0,0,43280,0,0.0,0.0,0.0,0.0,1.733,0.0
1784631782.3002477,0,0,43290,0,0.0,0.0,0.0,0.0,1.733,0.0
1784631782.3008497,0,0,43300,0,0.0,0.0,0.0,0.0,1.734,0.0
1784631782.301513,0,0,43310,0,0.0,0.0,0.0,0.0,1.735,0.0
1784631782.302097,0,0,43320,0,0.0,0.0,0.0,0.0,1.735,0.0
1784631782.3026733,0,0,43330,0,0.0,0.0,0.0,0.0,1.736,0.0
1784631782.3033204,0,0,43340,0,0.0,0.0,0.0,0.0,1.736,0.0
1784631782.3038528,0,0,43350,0,0.0,0.0,0.0,0.0,1.737,0.0
1784631782.3044047,0,0,43360,0,0.0,0.0,0.0,0.0,1.737,0.0
1784631782.3049786,0,0,43370,0,0.0,0.0,0.0,0.0,1.738,0.0
1784631782.3055537,0,0,43380,0,0.0,0.0,0.0,0.0,1.738,0.0
1784631782.3063,0,0,43390,0,0.0,0.0,0.0,0.0,1.739,0.0
1784631782.306849,0,0,43400,0,0.0,0.0,0.0,0.0,1.739,0.0
1784631782.3079329,0,0,43410,0,0.0,0.0,0.0,0.0,1.74,0.0
1784631782.3087962,0,0,43420,0,0.0,0.0,0.0,0.0,1.741,0.0
1784631782.3094585,0,0,43430,0,0.0,0.0,0.0,0.0,1.741,0.0
1784631782.4347064,0,0,43440,0,0.0,0.0,0.0,0.0,1.742,0.0
1784631782.435446,0,0,43450,0,0.0,0.0,0.0,0.0,1.742,0.0
1784631782.4361637,0,0,43460,0,0.0,0.0,0.0,0.0,1.743,0.0
1784631782.436791,0,0,43470,0,0.0,0.0,0.0,0.0,1.743,0.0
1784631782.437365,0,0,43480,0,0.0,0.0,0.0,0.0,1.744,0.0
1784631782.43799,0,0,43490,0,0.0,0.0,0.0,0.0,1.744,0.0
1784631782.4385884,0,0,43500,0,0.0,0.0,0.0,0.0,1.745,0.0
1784631782.4392846,0,0,43510,0,0.0,0.0,0.0,0.0,1.745,0.0
1784631782.4399612,0,0,43520,0,0.0,0.0,0.0,0.0,1.746,0.0
1784631782.44081,0,0,43530,0,0.0,0.0,0.0,0.0,1.747,0.0
1784631782.441436,0,0,43540,0,0.0,0.0,0.0,0.0,1.747,0.0
1784631782.442116,0,0,43550,0,0.0,0.0,0.0,0.0,1.748,0.0
1784631782.4427474,0,0,43560,0,0.0,0.0,0.0,0.0,1.748,0.0
1784631782.4433076,0,0,43570,0,0.0,0.0,0.0,0.0,1.749,0.0
1784631782.4439747,0,0,43580,0,0.0,0.0,0.0,0.0,1.749,0.0
1784631782.4449081,0,0,43590,0,0.0,0.0,0.0,0.0,1.75,0.0
1784631782.4460373,0,0,43600,0,0.0,0.0,0.0,0.0,1.75,0.0
1784631782.4469216,0,0,43610,0,0.0,0.0,0.0,0.0,1.751,0.0
1784631782.4476635,0,0,43620,0,0.0,0.0,0.0,0.0,1.752,0.0
1784631782.449258,0,0,43630,0,0.0,0.0,0.0,0.0,1.752,0.0
1784631782.4507523,0,0,43640,0,0.0,0.0,0.0,0.0,1.753,0.0
1784631782.4516838,0,0,43650,0,0.0,0.0,0.0,0.0,1.753,0.0
1784631782.5598087,0,0,43660,0,0.0,0.0,0.0,0.0,1.754,0.0
1784631782.5607963,0,0,43670,0,0.0,0.0,0.0,0.0,1.754,0.0
1784631782.5616071,0,0,43680,0,0.0,0.0,0.0,0.0,1.755,0.0
1784631782.5623364,0,0,43690,0,0.0,0.0,0.0,0.0,1.756,0.0
1784631782.5632515,0,0,43700,0,0.0,0.0,0.0,0.0,1.756,0.0
1784631782.5640364,0,0,43710,0,0.0,0.0,0.0,0.0,1.757,0.0
1784631782.5648086,0,0,43720,0,0.0,0.0,0.0,0.0,1.757,0.0
1784631782.5654604,0,0,43730,0,0.0,0.0,0.0,0.0,1.758,0.0
1784631782.5661314,0,0,43740,0,0.0,0.0,0.0,0.0,1.758,0.0
1784631782.5669022,0,0,43750,0,0.0,0.0,0.0,0.0,1.759,0.0
1784631782.567604,0,0,43760,0,0.0,0.0,0.0,0.0,1.76,0.0
1784631782.5683904,0,0,43770,0,0.0,0.0,0.0,0.0,1.76,0.0
1784631782.5690777,0,0,43780,0,0.0,0.0,0.0,0.0,1.761,0.0
1784631782.5696921,0,0,43790,0,0.0,0.0,0.0,0.0,1.761,0.0
1784631782.570443,0,0,43800,0,0.0,0.0,0.0,0.0,1.762,0.0
1784631782.5711832,0,0,43810,0,0.0,0.0,0.0,0.0,1.762,0.0
1784631782.5719109,0,0,43820,0,0.0,0.0,0.0,0.0,1.763,0.0
1784631782.572574,0,0,43830,0,0.0,0.0,0.0,0.0,1.764,0.0
1784631782.5730681,0,0,43840,0,0.0,0.0,0.0,0.0,1.764,0.0
1784631782.5745125,0,0,43850,0,0.0,0.0,0.0,0.0,1.765,0.0
1784631782.5759833,0,0,43860,0,0.0,0.0,0.0,0.0,1.765,0.0
1784631782.5787475,0,0,43870,0,0.0,0.0,0.0,0.0,1.766,0.0
1784631782.579639,0,0,43880,0,0.0,0.0,0.0,0.0,1.766,0.0
1784631782.682924,0,0,43890,0,0.0,0.0,0.0,0.0,1.767,0.0
1784631782.683855,0,0,43900,0,0.0,0.0,0.0,0.0,1.768,0.0
1784631782.686428,0,0,43910,0,0.0,0.0,0.0,0.0,1.768,0.0
1784631782.6873147,0,0,43920,0,0.0,0.0,0.0,0.0,1.769,0.0
1784631782.6880193,0,0,43930,0,0.0,0.0,0.0,0.0,1.769,0.0
1784631782.689241,0,0,43940,0,0.0,0.0,0.0,0.0,1.77,0.0
1784631782.6899316,0,0,43950,0,0.0,0.0,0.0,0.0,1.771,0.0
1784631782.6905954,0,0,43960,0,0.0,0.0,0.0,0.0,1.771,0.0
1784631782.6912751,0,0,43970,0,0.0,0.0,0.0,0.0,1.772,0.0
1784631782.6918612,0,0,43980,0,0.0,0.0,0.0,0.0,1.772,0.0
1784631782.692444,0,0,43990,0,0.0,0.0,0.0,0.0,1.773,0.0
1784631782.6931279,0,0,44000,0,0.0,0.0,0.0,0.0,1.774,0.0
1784631782.6937184,0,0,44010,0,0.0,0.0,0.0,0.0,1.774,0.0
1784631782.6943014,0,0,44020,0,0.0,0.0,0.0,0.0,1.775,0.0
1784631782.694937,0,0,44030,0,0.0,0.0,0.0,0.0,1.775,0.0
1784631782.695511,0,0,44040,0,0.0,0.0,0.0,0.0,1.776,0.0
1784631782.696288,0,0,44050,0,0.0,0.0,0.0,0.0,1.777,0.0
1784631782.696979,0,0,44060,0,0.0,0.0,0.0,0.0,1.777,0.0
1784631782.802404,0,0,44070,0,0.0,0.0,0.0,0.0,1.778,0.0
1784631782.8035762,0,0,44080,0,0.0,0.0,0.0,0.0,1.778,0.0
1784631782.804763,0,0,44090,0,0.0,0.0,0.0,0.0,1.779,0.0
1784631782.8055563,0,0,44100,0,0.0,0.0,0.0,0.0,1.78,0.0
1784631782.8062692,0,0,44110,0,0.0,0.0,0.0,0.0,1.78,0.0
1784631782.8070264,0,0,44120,0,0.0,0.0,0.0,0.0,1.781,0.0
1784631782.8081615,0,0,44130,0,0.0,0.0,0.0,0.0,1.781,0.0
1784631782.810433,0,0,44140,0,0.0,0.0,0.0,0.0,1.782,0.0
1784631782.8112617,0,0,44150,0,0.0,0.0,0.0,0.0,1.783,0.0
1784631782.8120093,0,0,44160,0,0.0,0.0,0.0,0.0,1.783,0.0
1784631782.8126493,0,0,44170,0,0.0,0.0,0.0,0.0,1.784,0.0
1784631782.8132253,0,0,44180,0,0.0,0.0,0.0,0.0,1.784,0.0
1784631782.814006,0,0,44190,0,0.0,0.0,0.0,0.0,1.785,0.0
1784631782.8146262,0,0,44200,0,0.0,0.0,0.0,0.0,1.786,0.0
1784631782.8151987,0,0,44210,0,0.0,0.0,0.0,0.0,1.786,0.0
1784631782.9210906,0,0,44220,0,0.0,0.0,0.0,0.0,1.787,0.0
1784631782.9219282,0,0,44230,0,0.0,0.0,0.0,0.0,1.788,0.0
1784631782.922594,0,0,44240,0,0.0,0.0,0.0,0.0,1.788,0.0
1784631782.9234061,0,0,44250,0,0.0,0.0,0.0,0.0,1.789,0.0
1784631782.924109,0,0,44260,0,0.0,0.0,0.0,0.0,1.789,0.0
1784631782.9247885,0,0,44270,0,0.0,0.0,0.0,0.0,1.79,0.0
1784631782.925391,0,0,44280,0,0.0,0.0,0.0,0.0,1.791,0.0
1784631782.926128,0,0,44290,0,0.0,0.0,0.0,0.0,1.791,0.0
1784631782.9267614,0,0,44300,0,0.0,0.0,0.0,0.0,1.792,0.0
1784631782.9274995,0,0,44310,0,0.0,0.0,0.0,0.0,1.792,0.0
1784631782.9282143,0,0,44320,0,0.0,0.0,0.0,0.0,1.793,0.0
1784631782.928873,0,0,44330,0,0.0,0.0,0.0,0.0,1.794,0.0
1784631782.9294798,0,0,44340,0,0.0,0.0,0.0,0.0,1.794,0.0
1784631782.9302151,0,0,44350,0,0.0,0.0,0.0,0.0,1.795,0.0
1784631782.9308615,0,0,44360,0,0.0,0.0,0.0,0.0,1.796,0.0
1784631782.9314485,0,0,44370,0,0.0,0.0,0.0,0.0,1.796,0.0
1784631782.9321966,0,0,44380,0,0.0,0.0,0.0,0.0,1.797,0.0
1784631783.036938,0,0,44390,0,0.0,0.0,0.0,0.0,1.798,0.0
1784631783.0378997,0,0,44400,0,0.0,0.0,0.0,0.0,1.798,0.0
1784631783.0385659,0,0,44410,0,0.0,0.0,0.0,0.0,1.799,0.0
1784631783.0392644,0,0,44420,0,0.0,0.0,0.0,0.0,1.799,0.0
1784631783.0399067,0,0,44430,0,0.0,0.0,0.0,0.0,1.8,0.0
1784631783.0405872,0,0,44440,0,0.0,0.0,0.0,0.0,1.801,0.0
1784631783.0413265,0,0,44450,0,0.0,0.0,0.0,0.0,1.801,0.0
1784631783.042581,0,0,44460,0,0.0,0.0,0.0,0.0,1.802,0.0
1784631783.0443485,0,0,44470,0,0.0,0.0,0.0,0.0,1.803,0.0
1784631783.0454948,0,0,44480,0,0.0,0.0,0.0,0.0,1.803,0.0
1784631783.0461905,0,0,44490,0,0.0,0.0,0.0,0.0,1.804,0.0
1784631783.047046,0,0,44500,0,0.0,0.0,0.0,0.0,1.805,0.0
1784631783.0477533,0,0,44510,0,0.0,0.0,0.0,0.0,1.805,0.0
1784631783.048514,0,0,44520,0,0.0,0.0,0.0,0.0,1.806,0.0
1784631783.049347,0,0,44530,0,0.0,0.0,0.0,0.0,1.806,0.0
1784631783.0500946,0,0,44540,0,0.0,0.0,0.0,0.0,1.807,0.0
1784631783.0507648,0,0,44550,0,0.0,0.0,0.0,0.0,1.808,0.0
1784631783.1563482,0,0,44560,0,0.0,0.0,0.0,0.0,1.808,0.0
1784631783.157329,0,0,44570,0,0.0,0.0,0.0,0.0,1.809,0.0
1784631783.1580465,0,0,44580,0,0.0,0.0,0.0,0.0,1.81,0.0
1784631783.1587143,0,0,44590,0,0.0,0.0,0.0,0.0,1.81,0.0
1784631783.1594741,0,0,44600,0,0.0,0.0,0.0,0.0,1.811,0.0
1784631783.1601799,0,0,44610,0,0.0,0.0,0.0,0.0,1.812,0.0
1784631783.1610024,0,0,44620,0,0.0,0.0,0.0,0.0,1.812,0.0
1784631783.161841,0,0,44630,0,0.0,0.0,0.0,0.0,1.813,0.0
1784631783.1625037,0,0,44640,0,0.0,0.0,0.0,0.0,1.814,0.0
1784631783.1632295,0,0,44650,0,0.0,0.0,0.0,0.0,1.814,0.0
1784631783.1639004,0,0,44660,0,0.0,0.0,0.0,0.0,1.815,0.0
1784631783.1646707,0,0,44670,0,0.0,0.0,0.0,0.0,1.816,0.0
1784631783.165469,0,0,44680,0,0.0,0.0,0.0,0.0,1.816,0.0
1784631783.1660404,0,0,44690,0,0.0,0.0,0.0,0.0,1.817,0.0
1784631783.1670084,0,0,44700,0,0.0,0.0,0.0,0.0,1.818,0.0
1784631783.168337,0,0,44710,0,0.0,0.0,0.0,0.0,1.818,0.0
1784631783.169536,0,0,44720,0,0.0,0.0,0.0,0.0,1.819,0.0
1784631783.1704078,0,0,44730,0,0.0,0.0,0.0,0.0,1.82,0.0
1784631783.1711555,0,0,44740,0,0.0,0.0,0.0,0.0,1.82,0.0
1784631783.2877438,0,0,44750,0,0.0,0.0,0.0,0.0,1.821,0.0
1784631783.2885468,0,0,44760,0,0.0,0.0,0.0,0.0,1.822,0.0
1784631783.2892857,0,0,44770,0,0.0,0.0,0.0,0.0,1.822,0.0
1784631783.290095,0,0,44780,0,0.0,0.0,0.0,0.0,1.823,0.0
1784631783.2908275,0,0,44790,0,0.0,0.0,0.0,0.0,1.824,0.0
1784631783.29143,0,0,44800,0,0.0,0.0,0.0,0.0,1.824,0.0
1784631783.2928967,0,0,44810,0,0.0,0.0,0.0,0.0,1.825,0.0
1784631783.2942564,0,0,44820,0,0.0,0.0,0.0,0.0,1.826,0.0
1784631783.2952614,0,0,44830,0,0.0,0.0,0.0,0.0,1.826,0.0
1784631783.2960725,0,0,44840,0,0.0,0.0,0.0,0.0,1.827,0.0
1784631783.2968507,0,0,44850,0,0.0,0.0,0.0,0.0,1.828,0.0
1784631783.2976139,0,0,44860,0,0.0,0.0,0.0,0.0,1.828,0.0
1784631783.2982943,0,0,44870,0,0.0,0.0,0.0,0.0,1.829,0.0
1784631783.2991843,0,0,44880,0,0.0,0.0,0.0,0.0,1.83,0.0
1784631783.3001027,0,0,44890,0,0.0,0.0,0.0,0.0,1.83,0.0
1784631783.3008304,0,0,44900,0,0.0,0.0,0.0,0.0,1.831,0.0
1784631783.301616,0,0,44910,0,0.0,0.0,0.0,0.0,1.832,0.0
1784631783.3022444,0,0,44920,0,0.0,0.0,0.0,0.0,1.832,0.0
1784631783.303,0,0,44930,0,0.0,0.0,0.0,0.0,1.833,0.0
1784631783.3036902,0,0,44940,0,0.0,0.0,0.0,0.0,1.834,0.0
1784631783.4121451,0,0,44950,0,0.0,0.0,0.0,0.0,1.834,0.0
1784631783.4130116,0,0,44960,0,0.0,0.0,0.0,0.0,1.835,0.0
1784631783.4137309,0,0,44970,0,0.0,0.0,0.0,0.0,1.836,0.0
1784631783.4145563,0,0,44980,0,0.0,0.0,0.0,0.0,1.836,0.0
1784631783.4152453,0,0,44990,0,0.0,0.0,0.0,0.0,1.837,0.0
1784631783.4158933,0,0,45000,0,0.0,0.0,0.0,0.0,1.838,0.0
1784631783.4165838,0,0,45010,0,0.0,0.0,0.0,0.0,1.838,0.0
1784631783.417682,0,0,45020,0,0.0,0.0,0.0,0.0,1.839,0.0
1784631783.4189963,0,0,45030,0,0.0,0.0,0.0,0.0,1.84,0.0
1784631783.4202461,0,0,45040,0,0.0,0.0,0.0,0.0,1.84,0.0
1784631783.4211614,0,0,45050,0,0.0,0.0,0.0,0.0,1.841,0.0
1784631783.421851,0,0,45060,0,0.0,0.0,0.0,0.0,1.842,0.0
1784631783.4225805,0,0,45070,0,0.0,0.0,0.0,0.0,1.843,0.0
1784631783.4232686,0,0,45080,0,0.0,0.0,0.0,0.0,1.843,0.0
1784631783.4239225,0,0,45090,0,0.0,0.0,0.0,0.0,1.844,0.0
1784631783.4248385,0,0,45100,0,0.0,0.0,0.0,0.0,1.845,0.0
1784631783.4257052,0,0,45110,0,0.0,0.0,0.0,0.0,1.845,0.0
1784631783.4266522,0,0,45120,0,0.0,0.0,0.0,0.0,1.846,0.0
1784631783.4274292,0,0,45130,0,0.0,0.0,0.0,0.0,1.847,0.0
1784631783.5384743,0,0,45140,0,0.0,0.0,0.0,0.0,1.847,0.0
1784631783.5393248,0,0,45150,0,0.0,0.0,0.0,0.0,1.848,0.0
1784631783.5399792,0,0,45160,0,0.0,0.0,0.0,0.0,1.849,0.0
1784631783.5405743,0,0,45170,0,0.0,0.0,0.0,0.0,1.849,0.0
1784631783.541222,0,0,45180,0,0.0,0.0,0.0,0.0,1.85,0.0
1784631783.5421815,0,0,45190,0,0.0,0.0,0.0,0.0,1.851,0.0
1784631783.5435836,0,0,45200,0,0.0,0.0,0.0,0.0,1.852,0.0
1784631783.5448213,0,0,45210,0,0.0,0.0,0.0,0.0,1.852,0.0
1784631783.5455947,0,0,45220,0,0.0,0.0,0.0,0.0,1.853,0.0
1784631783.5463433,0,0,45230,0,0.0,0.0,0.0,0.0,1.854,0.0
1784631783.547063,0,0,45240,0,0.0,0.0,0.0,0.0,1.854,0.0
1784631783.5478008,0,0,45250,0,0.0,0.0,0.0,0.0,1.855,0.0
1784631783.548497,0,0,45260,0,0.0,0.0,0.0,0.0,1.856,0.0
1784631783.5491385,0,0,45270,0,0.0,0.0,0.0,0.0,1.856,0.0
1784631783.5497966,0,0,45280,0,0.0,0.0,0.0,0.0,1.857,0.0
1784631783.550458,0,0,45290,0,0.0,0.0,0.0,0.0,1.858,0.0
1784631783.5511773,0,0,45300,0,0.0,0.0,0.0,0.0,1.859,0.0
1784631783.5517437,0,0,45310,0,0.0,0.0,0.0,0.0,1.859,0.0
1784631783.6562932,0,0,45320,0,0.0,0.0,0.0,0.0,1.86,0.0
1784631783.6573224,0,0,45330,0,0.0,0.0,0.0,0.0,1.861,0.0
1784631783.6582308,0,0,45340,0,0.0,0.0,0.0,0.0,1.861,0.0
1784631783.6590817,0,0,45350,0,0.0,0.0,0.0,0.0,1.862,0.0
1784631783.6597905,0,0,45360,0,0.0,0.0,0.0,0.0,1.863,0.0
1784631783.6610863,0,0,45370,0,0.0,0.0,0.0,0.0,1.864,0.0
1784631783.6619759,0,0,45380,0,0.0,0.0,0.0,0.0,1.864,0.0
1784631783.662712,0,0,45390,0,0.0,0.0,0.0,0.0,1.865,0.0
1784631783.6633406,0,0,45400,0,0.0,0.0,0.0,0.0,1.866,0.0
1784631783.6640086,0,0,45410,0,0.0,0.0,0.0,0.0,1.866,0.0
1784631783.6646802,0,0,45420,0,0.0,0.0,0.0,0.0,1.867,0.0
1784631783.6653583,0,0,45430,0,0.0,0.0,0.0,0.0,1.868,0.0
1784631783.6661146,0,0,45440,0,0.0,0.0,0.0,0.0,1.869,0.0
1784631783.6672695,0,0,45450,0,0.0,0.0,0.0,0.0,1.869,0.0
1784631783.6684327,0,0,45460,0,0.0,0.0,0.0,0.0,1.87,0.0
1784631783.6696591,0,0,45470,0,0.0,0.0,0.0,0.0,1.871,0.0
1784631783.6705365,0,0,45480,0,0.0,0.0,0.0,0.0,1.871,0.0
1784631783.67138,0,0,45490,0,0.0,0.0,0.0,0.0,1.872,0.0
1784631783.6721041,0,0,45500,0,0.0,0.0,0.0,0.0,1.873,0.0
1784631783.7800856,0,0,45510,0,0.0,0.0,0.0,0.0,1.874,0.0
1784631783.7809732,0,0,45520,0,0.0,0.0,0.0,0.0,1.874,0.0
1784631783.7817633,0,0,45530,0,0.0,0.0,0.0,0.0,1.875,0.0
1784631783.782387,0,0,45540,0,0.0,0.0,0.0,0.0,1.876,0.0
1784631783.7834213,0,0,45550,0,0.0,0.0,0.0,0.0,1.876,0.0
1784631783.7843542,0,0,45560,0,0.0,0.0,0.0,0.0,1.877,0.0
1784631783.7851067,0,0,45570,0,0.0,0.0,0.0,0.0,1.878,0.0
1784631783.7858982,0,0,45580,0,0.0,0.0,0.0,0.0,1.879,0.0
1784631783.7864997,0,0,45590,0,0.0,0.0,0.0,0.0,1.879,0.0
1784631783.7872145,0,0,45600,0,0.0,0.0,0.0,0.0,1.88,0.0
1784631783.788049,0,0,45610,0,0.0,0.0,0.0,0.0,1.881,0.0
1784631783.7888153,0,0,45620,0,0.0,0.0,0.0,0.0,1.881,0.0
1784631783.7897353,0,0,45630,0,0.0,0.0,0.0,0.0,1.882,0.0
1784631783.790576,0,0,45640,0,0.0,0.0,0.0,0.0,1.883,0.0
1784631783.7913167,0,0,45650,0,0.0,0.0,0.0,0.0,1.884,0.0
1784631783.7920332,0,0,45660,0,0.0,0.0,0.0,0.0,1.884,0.0
1784631783.7932038,0,0,45670,0,0.0,0.0,0.0,0.0,1.885,0.0
1784631783.7945983,0,0,45680,0,0.0,0.0,0.0,0.0,1.886,0.0
1784631783.7956605,0,0,45690,0,0.0,0.0,0.0,0.0,1.887,0.0
1784631783.7964542,0,0,45700,0,0.0,0.0,0.0,0.0,1.887,0.0
1784631783.9075732,0,0,45710,0,0.0,0.0,0.0,0.0,1.888,0.0
1784631783.9086003,0,0,45720,0,0.0,0.0,0.0,0.0,1.889,0.0
1784631783.909442,0,0,45730,0,0.0,0.0,0.0,0.0,1.89,0.0
1784631783.9101303,0,0,45740,0,0.0,0.0,0.0,0.0,1.89,0.0
1784631783.911509,0,0,45750,0,0.0,0.0,0.0,0.0,1.891,0.0
1784631783.9140158,0,0,45760,0,0.0,0.0,0.0,0.0,1.892,0.0
1784631783.9149895,0,0,45770,0,0.0,0.0,0.0,0.0,1.892,0.0
1784631783.9168148,0,0,45780,0,0.0,0.0,0.0,0.0,1.893,0.0
1784631783.9183316,0,0,45790,0,0.0,0.0,0.0,0.0,1.894,0.0
1784631783.9211354,0,0,45800,0,0.0,0.0,0.0,0.0,1.895,0.0
1784631783.9221108,0,0,45810,0,0.0,0.0,0.0,0.0,1.895,0.0
1784631783.9228895,0,0,45820,0,0.0,0.0,0.0,0.0,1.896,0.0
1784631783.9247055,0,0,45830,0,0.0,0.0,0.0,0.0,1.897,0.0
1784631783.9256678,0,0,45840,0,0.0,0.0,0.0,0.0,1.898,0.0
1784631783.9263995,0,0,45850,0,0.0,0.0,0.0,0.0,1.898,0.0
1784631783.9270732,0,0,45860,0,0.0,0.0,0.0,0.0,1.899,0.0
1784631783.9277208,0,0,45870,0,0.0,0.0,0.0,0.0,1.9,0.0
1784631783.9283593,0,0,45880,0,0.0,0.0,0.0,0.0,1.901,0.0
1784631783.9289947,0,0,45890,0,0.0,0.0,0.0,0.0,1.901,0.0
1784631783.9296088,0,0,45900,0,0.0,0.0,0.0,0.0,1.902,0.0
1784631784.0322692,0,0,45910,0,0.0,0.0,0.0,0.0,1.903,0.0
1784631784.033171,0,0,45920,0,0.0,0.0,0.0,0.0,1.904,0.0
1784631784.0339947,0,0,45930,0,0.0,0.0,0.0,0.0,1.904,0.0
1784631784.03472,0,0,45940,0,0.0,0.0,0.0,0.0,1.905,0.0
1784631784.0354333,0,0,45950,0,0.0,0.0,0.0,0.0,1.906,0.0
1784631784.0361872,0,0,45960,0,0.0,0.0,0.0,0.0,1.907,0.0
1784631784.036876,0,0,45970,0,0.0,0.0,0.0,0.0,1.907,0.0
1784631784.037711,0,0,45980,0,0.0,0.0,0.0,0.0,1.908,0.0
1784631784.0384266,0,0,45990,0,0.0,0.0,0.0,0.0,1.909,0.0
1784631784.039296,0,0,46000,0,0.0,0.0,0.0,0.0,1.91,0.0
1784631784.0400016,0,0,46010,0,0.0,0.0,0.0,0.0,1.91,0.0
1784631784.040786,0,0,46020,0,0.0,0.0,0.0,0.0,1.911,0.0
1784631784.04147,0,0,46030,0,0.0,0.0,0.0,0.0,1.912,0.0
1784631784.042266,0,0,46040,0,0.0,0.0,0.0,0.0,1.913,0.0
1784631784.0438983,0,0,46050,0,0.0,0.0,0.0,0.0,1.913,0.0
1784631784.0455337,0,0,46060,0,0.0,0.0,0.0,0.0,1.914,0.0
1784631784.0466917,0,0,46070,0,0.0,0.0,0.0,0.0,1.915,0.0
1784631784.0475562,0,0,46080,0,0.0,0.0,0.0,0.0,1.916,0.0
1784631784.0482965,0,0,46090,0,0.0,0.0,0.0,0.0,1.917,0.0
1784631784.162449,0,0,46100,0,0.0,0.0,0.0,0.0,1.917,0.0
1784631784.1632774,0,0,46110,0,0.0,0.0,0.0,0.0,1.918,0.0
1784631784.1640375,0,0,46120,0,0.0,0.0,0.0,0.0,1.919,0.0
1784631784.1647718,0,0,46130,0,0.0,0.0,0.0,0.0,1.92,0.0
1784631784.1654491,0,0,46140,0,0.0,0.0,0.0,0.0,1.92,0.0
1784631784.166213,0,0,46150,0,0.0,0.0,0.0,0.0,1.921,0.0
1784631784.1667697,0,0,46160,0,0.0,0.0,0.0,0.0,1.922,0.0
1784631784.1683555,0,0,46170,0,0.0,0.0,0.0,0.0,1.923,0.0
1784631784.1758149,0,0,46180,0,0.0,0.0,0.0,0.0,1.923,0.0
1784631784.1771505,0,0,46190,0,0.0,0.0,0.0,0.0,1.924,0.0
1784631784.178138,0,0,46200,0,0.0,0.0,0.0,0.0,1.925,0.0
1784631784.1790218,0,0,46210,0,0.0,0.0,0.0,0.0,1.926,0.0
1784631784.1798265,0,0,46220,0,0.0,0.0,0.0,0.0,1.926,0.0
1784631784.1805346,0,0,46230,0,0.0,0.0,0.0,0.0,1.927,0.0
1784631784.1811647,0,0,46240,0,0.0,0.0,0.0,0.0,1.928,0.0
1784631784.1819444,0,0,46250,0,0.0,0.0,0.0,0.0,1.929,0.0
1784631784.1854472,0,0,46260,0,0.0,0.0,0.0,0.0,1.93,0.0
1784631784.1864347,0,0,46270,0,0.0,0.0,0.0,0.0,1.93,0.0
1784631784.187213,0,0,46280,0,0.0,0.0,0.0,0.0,1.931,0.0
1784631784.1879566,0,0,46290,0,0.0,0.0,0.0,0.0,1.932,0.0
1784631784.1886518,0,0,46300,0,0.0,0.0,0.0,0.0,1.933,0.0
1784631784.1893744,0,0,46310,0,0.0,0.0,0.0,0.0,1.933,0.0
1784631784.3001897,0,0,46320,0,0.0,0.0,0.0,0.0,1.934,0.0
1784631784.3025947,0,0,46330,0,0.0,0.0,0.0,0.0,1.935,0.0
1784631784.3048918,0,0,46340,0,0.0,0.0,0.0,0.0,1.936,0.0
1784631784.307141,0,0,46350,0,0.0,0.0,0.0,0.0,1.936,0.0
1784631784.3097022,0,0,46360,0,0.0,0.0,0.0,0.0,1.937,0.0
1784631784.3117874,0,0,46370,0,0.0,0.0,0.0,0.0,1.938,0.0
1784631784.3136833,0,0,46380,0,0.0,0.0,0.0,0.0,1.939,0.0
1784631784.3445141,0,0,46390,0,0.0,0.0,0.0,0.0,1.94,0.0
1784631784.3465085,0,0,46400,0,0.0,0.0,0.0,0.0,1.94,0.0
1784631784.352533,0,0,46410,0,0.0,0.0,0.0,0.0,1.941,0.0
1784631784.3538165,0,0,46420,0,0.0,0.0,0.0,0.0,1.942,0.0
1784631784.3564124,0,0,46430,0,0.0,0.0,0.0,0.0,1.943,0.0
1784631784.3590024,0,0,46440,0,0.0,0.0,0.0,0.0,1.943,0.0
1784631784.372955,0,0,46450,0,0.0,0.0,0.0,0.0,1.944,0.0
1784631784.3754086,0,0,46460,0,0.0,0.0,0.0,0.0,1.945,0.0
1784631784.3770888,0,0,46470,0,0.0,0.0,0.0,0.0,1.946,0.0
1784631784.3810854,0,0,46480,0,0.0,0.0,0.0,0.0,1.947,0.0
1784631784.3836327,0,0,46490,0,0.0,0.0,0.0,0.0,1.947,0.0
1784631784.4894166,0,0,46500,0,0.0,0.0,0.0,0.0,1.948,0.0
1784631784.4910526,0,0,46510,0,0.0,0.0,0.0,0.0,1.949,0.0
1784631784.4922853,0,0,46520,0,0.0,0.0,0.0,0.0,1.95,0.0
1784631784.4933636,0,0,46530,0,0.0,0.0,0.0,0.0,1.95,0.0
1784631784.4942513,0,0,46540,0,0.0,0.0,0.0,0.0,1.951,0.0
1784631784.495308,0,0,46550,0,0.0,0.0,0.0,0.0,1.952,0.0
1784631784.4962683,0,0,46560,0,0.0,0.0,0.0,0.0,1.953,0.0
1784631784.4970877,0,0,46570,0,0.0,0.0,0.0,0.0,1.954,0.0
1784631784.498353,0,0,46580,0,0.0,0.0,0.0,0.0,1.954,0.0
1784631784.4998088,0,0,46590,0,0.0,0.0,0.0,0.0,1.955,0.0
1784631784.5008416,0,0,46600,0,0.0,0.0,0.0,0.0,1.956,0.0
1784631784.5016427,0,0,46610,0,0.0,0.0,0.0,0.0,1.957,0.0
1784631784.5023758,0,0,46620,0,0.0,0.0,0.0,0.0,1.957,0.0
1784631784.5030715,0,0,46630,0,0.0,0.0,0.0,0.0,1.958,0.0
1784631784.5037794,0,0,46640,0,0.0,0.0,0.0,0.0,1.959,0.0
1784631784.5050423,0,0,46650,0,0.0,0.0,0.0,0.0,1.96,0.0
1784631784.5059016,0,0,46660,0,0.0,0.0,0.0,0.0,1.96,0.0
1784631784.5067525,0,0,46670,0,0.0,0.0,0.0,0.0,1.961,0.0
1784631784.5075061,0,0,46680,0,0.0,0.0,0.0,0.0,1.962,0.0
1784631784.5082195,0,0,46690,0,0.0,0.0,0.0,0.0,1.963,0.0
1784631784.5089786,0,0,46700,0,0.0,0.0,0.0,0.0,1.964,0.0
1784631784.5098214,0,0,46710,0,0.0,0.0,0.0,0.0,1.964,0.0
1784631784.510446,0,0,46720,0,0.0,0.0,0.0,0.0,1.965,0.0
1784631784.5124192,0,0,46730,0,0.0,0.0,0.0,0.0,1.966,0.0
1784631784.5143352,0,0,46740,0,0.0,0.0,0.0,0.0,1.967,0.0
1784631784.5173042,0,0,46750,0,0.0,0.0,0.0,0.0,1.968,0.0
1784631784.519948,0,0,46760,0,0.0,0.0,0.0,0.0,1.968,0.0
1784631784.522322,0,0,46770,0,0.0,0.0,0.0,0.0,1.969,0.0
1784631784.6277332,0,0,46780,0,0.0,0.0,0.0,0.0,1.97,0.0
1784631784.6286788,0,0,46790,0,0.0,0.0,0.0,0.0,1.971,0.0
1784631784.6293924,0,0,46800,0,0.0,0.0,0.0,0.0,1.971,0.0
1784631784.6301186,0,0,46810,0,0.0,0.0,0.0,0.0,1.972,0.0
1784631784.630918,0,0,46820,0,0.0,0.0,0.0,0.0,1.973,0.0
1784631784.6316876,0,0,46830,0,0.0,0.0,0.0,0.0,1.974,0.0
1784631784.632441,0,0,46840,0,0.0,0.0,0.0,0.0,1.975,0.0
1784631784.633517,0,0,46850,0,0.0,0.0,0.0,0.0,1.975,0.0
1784631784.634745,0,0,46860,0,0.0,0.0,0.0,0.0,1.976,0.0
1784631784.6360788,0,0,46870,0,0.0,0.0,0.0,0.0,1.977,0.0
1784631784.6374304,0,0,46880,0,0.0,0.0,0.0,0.0,1.978,0.0
1784631784.63877,0,0,46890,0,0.0,0.0,0.0,0.0,1.979,0.0
1784631784.6397614,0,0,46900,0,0.0,0.0,0.0,0.0,1.979,0.0
1784631784.6406808,0,0,46910,0,0.0,0.0,0.0,0.0,1.979,0.0
1784631784.7724626,0,0,46920,0,0.0,0.0,0.0,0.0,1.978,0.0
1784631784.7734046,0,0,46930,0,0.0,0.0,0.0,0.0,1.978,0.0
1784631784.774073,0,0,46940,0,0.0,0.0,0.0,0.0,1.978,0.0
1784631784.7746718,0,0,46950,0,0.0,0.0,0.0,0.0,1.977,0.0
1784631784.7752728,0,0,46960,0,0.0,0.0,0.0,0.0,1.977,0.0
1784631784.7758489,0,0,46970,0,0.0,0.0,0.0,0.0,1.976,0.0
1784631784.8892212,0,0,46980,0,0.0,0.0,0.0,0.0,1.976,0.0
1784631784.8904428,0,0,46990,0,0.0,0.0,0.0,0.0,1.975,0.0
1784631784.891364,0,0,47000,0,0.0,0.0,0.0,0.0,1.975,0.0
1784631784.8921478,0,0,47010,0,0.0,0.0,0.0,0.0,1.975,0.0
1784631784.8930278,0,0,47020,0,0.0,0.0,0.0,0.0,1.974,0.0
1784631784.893846,0,0,47030,0,0.0,0.0,0.0,0.0,1.974,0.0
1784631784.894616,0,0,47040,0,0.0,0.0,0.0,0.0,1.973,0.0
1784631784.8952403,0,0,47050,0,0.0,0.0,0.0,0.0,1.973,0.0
1784631785.0158937,0,0,47060,0,0.0,0.0,0.0,0.0,1.973,0.0
1784631785.0171611,0,0,47070,0,0.0,0.0,0.0,0.0,1.972,0.0
1784631785.0181332,0,0,47080,0,0.0,0.0,0.0,0.0,1.972,0.0
1784631785.0190861,0,0,47090,0,0.0,0.0,0.0,0.0,1.971,0.0
1784631785.0201342,0,0,47100,0,0.0,0.0,0.0,0.0,1.971,0.0
1784631785.0211086,0,0,47110,0,0.0,0.0,0.0,0.0,1.97,0.0
1784631785.134502,0,0,47120,0,0.0,0.0,0.0,0.0,1.97,0.0
1784631785.1359336,0,0,47130,0,0.0,0.0,0.0,0.0,1.97,0.0
1784631785.137864,0,0,47140,0,0.0,0.0,0.0,0.0,1.969,0.0
1784631785.1388764,0,0,47150,0,0.0,0.0,0.0,0.0,1.969,0.0
1784631785.1396773,0,0,47160,0,0.0,0.0,0.0,0.0,1.968,0.0
1784631785.1404934,0,0,47170,0,0.0,0.0,0.0,0.0,1.968,0.0
1784631785.141284,0,0,47180,0,0.0,0.0,0.0,0.0,1.968,0.0
1784631785.2600396,0,0,47190,0,0.0,0.0,0.0,0.0,1.967,0.0
1784631785.2672105,0,0,47200,0,0.0,0.0,0.0,0.0,1.967,0.0
1784631785.2684274,0,0,47210,0,0.0,0.0,0.0,0.0,1.966,0.0
1784631785.2698133,0,0,47220,0,0.0,0.0,0.0,0.0,1.966,0.0
1784631785.2711415,0,0,47230,0,0.0,0.0,0.0,0.0,1.965,0.0
1784631785.2721882,0,0,47240,0,0.0,0.0,0.0,0.0,1.965,0.0
1784631785.391331,0,0,47250,0,0.0,0.0,0.0,0.0,1.965,0.0
1784631785.3922563,0,0,47260,0,0.0,0.0,0.0,0.0,1.964,0.0
1784631785.3929946,0,0,47270,0,0.0,0.0,0.0,0.0,1.964,0.0
1784631785.393653,0,0,47280,0,0.0,0.0,0.0,0.0,1.963,0.0
1784631785.3943603,0,0,47290,0,0.0,0.0,0.0,0.0,1.963,0.0
1784631785.3950396,0,0,47300,0,0.0,0.0,0.0,0.0,1.963,0.0
1784631785.3956716,0,0,47310,0,0.0,0.0,0.0,0.0,1.962,0.0
1784631785.3963547,0,0,47320,0,0.0,0.0,0.0,0.0,1.962,0.0
1784631785.3970978,0,0,47330,0,0.0,0.0,0.0,0.0,1.961,0.0
1784631785.5101676,0,0,47340,0,0.0,0.0,0.0,0.0,1.961,0.0
1784631785.511595,0,0,47350,0,0.0,0.0,0.0,0.0,1.96,0.0
1784631785.5134842,0,0,47360,0,0.0,0.0,0.0,0.0,1.96,0.0
1784631785.6383915,0,0,47370,0,0.0,0.0,0.0,0.0,1.96,0.0
1784631785.6394045,0,0,47380,0,0.0,0.0,0.0,0.0,1.959,0.0
1784631785.6402378,0,0,47390,0,0.0,0.0,0.0,0.0,1.959,0.0
1784631785.6410215,0,0,47400,0,0.0,0.0,0.0,0.0,1.958,0.0
1784631785.6419907,0,0,47410,0,0.0,0.0,0.0,0.0,1.958,0.0
1784631785.642788,0,0,47420,0,0.0,0.0,0.0,0.0,1.958,0.0
1784631785.643578,0,0,47430,0,0.0,0.0,0.0,0.0,1.957,0.0
1784631785.752203,0,0,47440,0,0.0,0.0,0.0,0.0,1.957,0.0
1784631785.7531328,0,0,47450,0,0.0,0.0,0.0,0.0,1.956,0.0
1784631785.7540197,0,0,47460,0,0.0,0.0,0.0,0.0,1.956,0.0
1784631785.7549472,0,0,47470,0,0.0,0.0,0.0,0.0,1.955,0.0
1784631785.8661218,0,0,47480,0,0.0,0.0,0.0,0.0,1.955,0.0
1784631785.8683226,0,0,47490,0,0.0,0.0,0.0,0.0,1.955,0.0
1784631785.86997,0,0,47500,0,0.0,0.0,0.0,0.0,1.954,0.0
1784631785.871423,0,0,47510,0,0.0,0.0,0.0,0.0,1.954,0.0
1784631785.8726304,0,0,47520,0,0.0,0.0,0.0,0.0,1.953,0.0
1784631785.8737805,0,0,47530,0,0.0,0.0,0.0,0.0,1.953,0.0
1784631785.9884455,0,0,47540,0,0.0,0.0,0.0,0.0,1.953,0.0
1784631785.9894495,0,0,47550,0,0.0,0.0,0.0,0.0,1.952,0.0
1784631785.990799,0,0,47560,0,0.0,0.0,0.0,0.0,1.952,0.0
1784631785.9920478,0,0,47570,0,0.0,0.0,0.0,0.0,1.951,0.0
1784631786.1019137,0,0,47580,0,0.0,0.0,0.0,0.0,1.951,0.0
1784631786.1037374,0,0,47590,0,0.0,0.0,0.0,0.0,1.951,0.0
1784631786.105558,0,0,47600,0,0.0,0.0,0.0,0.0,1.95,0.0
1784631786.1077104,0,0,47610,0,0.0,0.0,0.0,0.0,1.95,0.0
1784631786.2304296,0,0,47620,0,0.0,0.0,0.0,0.0,1.949,0.0
1784631786.2374165,0,0,47630,0,0.0,0.0,0.0,0.0,1.949,0.0
1784631786.2383575,0,0,47640,0,0.0,0.0,0.0,0.0,1.949,0.0
1784631786.2392318,0,0,47650,0,0.0,0.0,0.0,0.0,1.948,0.0
1784631786.2401104,0,0,47660,0,0.0,0.0,0.0,0.0,1.948,0.0
1784631786.2408772,0,0,47670,0,0.0,0.0,0.0,0.0,1.947,0.0
1784631786.2418458,0,0,47680,0,0.0,0.0,0.0,0.0,1.947,0.0
1784631786.2427654,0,0,47690,0,0.0,0.0,0.0,0.0,1.946,0.0
1784631786.365743,0,0,47700,0,0.0,0.0,0.0,0.0,1.946,0.0
1784631786.4902382,0,0,47710,0,0.0,0.0,0.0,0.0,1.946,0.0
1784631786.491345,0,0,47720,0,0.0,0.0,0.0,0.0,1.945,0.0
1784631786.4922364,0,0,47730,0,0.0,0.0,0.0,0.0,1.945,0.0
1784631786.6111872,0,0,47740,0,0.0,0.0,0.0,0.0,1.944,0.0
1784631786.612103,0,0,47750,0,0.0,0.0,0.0,0.0,1.944,0.0
1784631786.6128101,0,0,47760,0,0.0,0.0,0.0,0.0,1.944,0.0
1784631786.6136873,0,0,47770,0,0.0,0.0,0.0,0.0,1.944,0.0
1784631786.6144137,0,0,47780,0,0.0,0.0,0.0,0.0,1.944,0.0
1784631786.6150155,0,0,47790,0,0.0,0.0,0.0,0.0,1.944,0.0
1784631786.6156805,0,0,47800,0,0.0,0.0,0.0,0.0,1.944,0.0
1784631786.6163523,0,0,47810,0,0.0,0.0,0.0,0.0,1.944,0.0
1784631786.6227393,0,0,47820,0,0.0,0.0,0.0,0.0,1.944,0.0
1784631786.6235776,0,0,47830,0,0.0,0.0,0.0,0.0,1.944,0.0
1784631786.6244314,0,0,47840,0,0.0,0.0,0.0,0.0,1.944,0.0
1784631786.6252203,0,0,47850,0,0.0,0.0,0.0,0.0,1.944,0.0
1784631786.6258876,0,0,47860,0,0.0,0.0,0.0,0.0,1.944,0.0
1784631786.6265984,0,0,47870,0,0.0,0.0,0.0,0.0,1.944,0.0
1784631786.7463758,0,0,47880,0,0.0,0.0,0.0,0.0,1.944,0.0
1784631786.7530093,0,0,47890,0,0.0,0.0,0.0,0.0,1.944,0.0
1784631786.754112,0,0,47900,0,0.0,0.0,0.0,0.0,1.944,0.0
1784631786.7551408,0,0,47910,0,0.0,0.0,0.0,0.0,1.944,0.0
1784631786.7560916,0,0,47920,0,0.0,0.0,0.0,0.0,1.944,0.0
1784631786.75692,0,0,47930,0,0.0,0.0,0.0,0.0,1.944,0.0
1784631786.7578127,0,0,47940,0,0.0,0.0,0.0,0.0,1.944,0.0
1784631786.758607,0,0,47950,0,0.0,0.0,0.0,0.0,1.944,0.0
1784631786.76538,0,0,47960,0,0.0,0.0,0.0,0.0,1.945,0.0
1784631786.7662306,0,0,47970,0,0.0,0.0,0.0,0.0,1.945,0.0
1784631786.7670364,0,0,47980,0,0.0,0.0,0.0,0.0,1.945,0.0
1784631786.767729,0,0,47990,0,0.0,0.0,0.0,0.0,1.945,0.0
1784631786.7684968,0,0,48000,0,0.0,0.0,0.0,0.0,1.945,0.0
1784631786.7693322,0,0,48010,0,0.0,0.0,0.0,0.0,1.945,0.0
1784631786.7700877,0,0,48020,0,0.0,0.0,0.0,0.0,1.945,0.0
1784631786.7708657,0,0,48030,0,0.0,0.0,0.0,0.0,1.945,0.0
1784631786.7716565,0,0,48040,0,0.0,0.0,0.0,0.0,1.945,0.0
1784631786.772488,0,0,48050,0,0.0,0.0,0.0,0.0,1.945,0.0
1784631786.7732825,0,0,48060,0,0.0,0.0,0.0,0.0,1.945,0.0
1784631786.7739768,0,0,48070,0,0.0,0.0,0.0,0.0,1.945,0.0
1784631786.774627,0,0,48080,0,0.0,0.0,0.0,0.0,1.945,0.0
1784631786.775435,0,0,48090,0,0.0,0.0,0.0,0.0,1.945,0.0
1784631786.7768044,0,0,48100,0,0.0,0.0,0.0,0.0,1.945,0.0
1784631786.777824,0,0,48110,0,0.0,0.0,0.0,0.0,1.945,0.0
1784631786.7785969,0,0,48120,0,0.0,0.0,0.0,0.0,1.945,0.0
1784631786.7793875,0,0,48130,0,0.0,0.0,0.0,0.0,1.945,0.0
1784631786.8888845,0,0,48140,0,0.0,0.0,0.0,0.0,1.945,0.0
1784631786.8896954,0,0,48150,0,0.0,0.0,0.0,0.0,1.945,0.0
1784631786.8904133,0,0,48160,0,0.0,0.0,0.0,0.0,1.945,0.0
1784631786.8912945,0,0,48170,0,0.0,0.0,0.0,0.0,1.945,0.0
1784631786.8920283,0,0,48180,0,0.0,0.0,0.0,0.0,1.945,0.0
1784631786.892675,0,0,48190,0,0.0,0.0,0.0,0.0,1.945,0.0
1784631786.8933523,0,0,48200,0,0.0,0.0,0.0,0.0,1.945,0.0
1784631786.8939722,0,0,48210,0,0.0,0.0,0.0,0.0,1.945,0.0
1784631786.8945827,0,0,48220,0,0.0,0.0,0.0,0.0,1.945,0.0
1784631786.8953168,0,0,48230,0,0.0,0.0,0.0,0.0,1.945,0.0
1784631786.8960783,0,0,48240,0,0.0,0.0,0.0,0.0,1.945,0.0
1784631786.8966994,0,0,48250,0,0.0,0.0,0.0,0.0,1.945,0.0
1784631786.8973255,0,0,48260,0,0.0,0.0,0.0,0.0,1.945,0.0
1784631786.898119,0,0,48270,0,0.0,0.0,0.0,0.0,1.945,0.0
1784631786.8988836,0,0,48280,0,0.0,0.0,0.0,0.0,1.945,0.0
1784631786.8996735,0,0,48290,0,0.0,0.0,0.0,0.0,1.946,0.0
1784631786.9004045,0,0,48300,0,0.0,0.0,0.0,0.0,1.946,0.0
1784631786.9019427,0,0,48310,0,0.0,0.0,0.0,0.0,1.946,0.0
1784631786.9030252,0,0,48320,0,0.0,0.0,0.0,0.0,1.946,0.0
1784631786.9038262,0,0,48330,0,0.0,0.0,0.0,0.0,1.946,0.0
1784631786.9045794,0,0,48340,0,0.0,0.0,0.0,0.0,1.946,0.0
1784631786.905387,0,0,48350,0,0.0,0.0,0.0,0.0,1.946,0.0
1784631786.90615,0,0,48360,0,0.0,0.0,0.0,0.0,1.946,0.0
1784631786.9070287,0,0,48370,0,0.0,0.0,0.0,0.0,1.946,0.0
1784631787.031913,0,0,48380,0,0.0,0.0,0.0,0.0,1.946,0.0
1784631787.0328526,0,0,48390,0,0.0,0.0,0.0,0.0,1.946,0.0
1784631787.0337377,0,0,48400,0,0.0,0.0,0.0,0.0,1.946,0.0
1784631787.0345745,0,0,48410,0,0.0,0.0,0.0,0.0,1.946,0.0
1784631787.035404,0,0,48420,0,0.0,0.0,0.0,0.0,1.946,0.0
1784631787.0361564,0,0,48430,0,0.0,0.0,0.0,0.0,1.946,0.0
1784631787.0368521,0,0,48440,0,0.0,0.0,0.0,0.0,1.946,0.0
1784631787.0375545,0,0,48450,0,0.0,0.0,0.0,0.0,1.946,0.0
1784631787.0383408,0,0,48460,0,0.0,0.0,0.0,0.0,1.946,0.0
1784631787.0390515,0,0,48470,0,0.0,0.0,0.0,0.0,1.946,0.0
1784631787.039754,0,0,48480,0,0.0,0.0,0.0,0.0,1.946,0.0
1784631787.0404496,0,0,48490,0,0.0,0.0,0.0,0.0,1.946,0.0
1784631787.0411797,0,0,48500,0,0.0,0.0,0.0,0.0,1.947,0.0
1784631787.0426624,0,0,48510,0,0.0,0.0,0.0,0.0,1.947,0.0
1784631787.0444856,0,0,48520,0,0.0,0.0,0.0,0.0,1.947,0.0
1784631787.045479,0,0,48530,0,0.0,0.0,0.0,0.0,1.947,0.0
1784631787.0466158,0,0,48540,0,0.0,0.0,0.0,0.0,1.947,0.0
1784631787.0476265,0,0,48550,0,0.0,0.0,0.0,0.0,1.947,0.0
1784631787.0484636,0,0,48560,0,0.0,0.0,0.0,0.0,1.947,0.0
1784631787.04916,0,0,48570,0,0.0,0.0,0.0,0.0,1.947,0.0
1784631787.157875,0,0,48580,0,0.0,0.0,0.0,0.0,1.947,0.0
1784631787.1589723,0,0,48590,0,0.0,0.0,0.0,0.0,1.947,0.0
1784631787.1599588,0,0,48600,0,0.0,0.0,0.0,0.0,1.947,0.0
1784631787.1608992,0,0,48610,0,0.0,0.0,0.0,0.0,1.947,0.0
1784631787.1618342,0,0,48620,0,0.0,0.0,0.0,0.0,1.947,0.0
1784631787.162691,0,0,48630,0,0.0,0.0,0.0,0.0,1.947,0.0
1784631787.163581,0,0,48640,0,0.0,0.0,0.0,0.0,1.947,0.0
1784631787.1643333,0,0,48650,0,0.0,0.0,0.0,0.0,1.947,0.0
1784631787.1651924,0,0,48660,0,0.0,0.0,0.0,0.0,1.948,0.0
1784631787.1660056,0,0,48670,0,0.0,0.0,0.0,0.0,1.948,0.0
1784631787.1672366,0,0,48680,0,0.0,0.0,0.0,0.0,1.948,0.0
1784631787.168555,0,0,48690,0,0.0,0.0,0.0,0.0,1.948,0.0
1784631787.1751513,0,0,48700,0,0.0,0.0,0.0,0.0,1.948,0.0
1784631787.176078,0,0,48710,0,0.0,0.0,0.0,0.0,1.948,0.0
1784631787.1767998,0,0,48720,0,0.0,0.0,0.0,0.0,1.948,0.0
1784631787.177452,0,0,48730,0,0.0,0.0,0.0,0.0,1.948,0.0
1784631787.1781669,0,0,48740,0,0.0,0.0,0.0,0.0,1.948,0.0
1784631787.1788635,0,0,48750,0,0.0,0.0,0.0,0.0,1.948,0.0
1784631787.179532,0,0,48760,0,0.0,0.0,0.0,0.0,1.948,0.0
1784631787.294712,0,0,48770,0,0.0,0.0,0.0,0.0,1.948,0.0
1784631787.295932,0,0,48780,0,0.0,0.0,0.0,0.0,1.948,0.0
1784631787.2967494,0,0,48790,0,0.0,0.0,0.0,0.0,1.949,0.0
1784631787.297484,0,0,48800,0,0.0,0.0,0.0,0.0,1.949,0.0
1784631787.2983048,0,0,48810,0,0.0,0.0,0.0,0.0,1.949,0.0
1784631787.2991233,0,0,48820,0,0.0,0.0,0.0,0.0,1.949,0.0
1784631787.2999508,0,0,48830,0,0.0,0.0,0.0,0.0,1.949,0.0
1784631787.3007998,0,0,48840,0,0.0,0.0,0.0,0.0,1.949,0.0
1784631787.3015192,0,0,48850,0,0.0,0.0,0.0,0.0,1.949,0.0
1784631787.3023112,0,0,48860,0,0.0,0.0,0.0,0.0,1.949,0.0
1784631787.3030508,0,0,48870,0,0.0,0.0,0.0,0.0,1.949,0.0
1784631787.3038688,0,0,48880,0,0.0,0.0,0.0,0.0,1.949,0.0
1784631787.3046715,0,0,48890,0,0.0,0.0,0.0,0.0,1.949,0.0
1784631787.3053603,0,0,48900,0,0.0,0.0,0.0,0.0,1.949,0.0
1784631787.3062708,0,0,48910,0,0.0,0.0,0.0,0.0,1.949,0.0
1784631787.307243,0,0,48920,0,0.0,0.0,0.0,0.0,1.95,0.0
1784631787.3081458,0,0,48930,0,0.0,0.0,0.0,0.0,1.95,0.0
1784631787.3089511,0,0,48940,0,0.0,0.0,0.0,0.0,1.95,0.0
1784631787.3096611,0,0,48950,0,0.0,0.0,0.0,0.0,1.95,0.0
1784631787.3103468,0,0,48960,0,0.0,0.0,0.0,0.0,1.95,0.0
1784631787.311046,0,0,48970,0,0.0,0.0,0.0,0.0,1.95,0.0
1784631787.4415524,0,0,48980,0,0.0,0.0,0.0,0.0,1.95,0.0
1784631787.4538677,0,0,48990,0,0.0,0.0,0.0,0.0,1.95,0.0
1784631787.4552991,0,0,49000,0,0.0,0.0,0.0,0.0,1.95,0.0
1784631787.4564304,0,0,49010,0,0.0,0.0,0.0,0.0,1.95,0.0
1784631787.4577925,0,0,49020,0,0.0,0.0,0.0,0.0,1.951,0.0
1784631787.4590821,0,0,49030,0,0.0,0.0,0.0,0.0,1.951,0.0
1784631787.4602747,0,0,49040,0,0.0,0.0,0.0,0.0,1.951,0.0
1784631787.4616013,0,0,49050,0,0.0,0.0,0.0,0.0,1.951,0.0
1784631787.462715,0,0,49060,0,0.0,0.0,0.0,0.0,1.951,0.0
1784631787.464409,0,0,49070,0,0.0,0.0,0.0,0.0,1.951,0.0
1784631787.4659297,0,0,49080,0,0.0,0.0,0.0,0.0,1.951,0.0
1784631787.4746513,0,0,49090,0,0.0,0.0,0.0,0.0,1.951,0.0
1784631787.4760878,0,0,49100,0,0.0,0.0,0.0,0.0,1.951,0.0
1784631787.477531,0,0,49110,0,0.0,0.0,0.0,0.0,1.951,0.0
1784631787.478753,0,0,49120,0,0.0,0.0,0.0,0.0,1.951,0.0
1784631787.4808054,0,0,49130,0,0.0,0.0,0.0,0.0,1.952,0.0
1784631787.4823942,0,0,49140,0,0.0,0.0,0.0,0.0,1.952,0.0
1784631787.4838247,0,0,49150,0,0.0,0.0,0.0,0.0,1.952,0.0
1784631787.4852653,0,0,49160,0,0.0,0.0,0.0,0.0,1.952,0.0
1784631787.4867089,0,0,49170,0,0.0,0.0,0.0,0.0,1.952,0.0
1784631787.4881318,0,0,49180,0,0.0,0.0,0.0,0.0,1.952,0.0
1784631787.4897742,0,0,49190,0,0.0,0.0,0.0,0.0,1.952,0.0
1784631787.491331,0,0,49200,0,0.0,0.0,0.0,0.0,1.952,0.0
1784631787.4925063,0,0,49210,0,0.0,0.0,0.0,0.0,1.952,0.0
1784631787.4996245,0,0,49220,0,0.0,0.0,0.0,0.0,1.952,0.0
1784631787.5010839,0,0,49230,0,0.0,0.0,0.0,0.0,1.953,0.0
1784631787.6169643,0,0,49240,0,0.0,0.0,0.0,0.0,1.953,0.0
1784631787.6236277,0,0,49250,0,0.0,0.0,0.0,0.0,1.953,0.0
1784631787.6246734,0,0,49260,0,0.0,0.0,0.0,0.0,1.953,0.0
1784631787.6255147,0,0,49270,0,0.0,0.0,0.0,0.0,1.953,0.0
1784631787.6263084,0,0,49280,0,0.0,0.0,0.0,0.0,1.953,0.0
1784631787.6270669,0,0,49290,0,0.0,0.0,0.0,0.0,1.953,0.0
1784631787.627859,0,0,49300,0,0.0,0.0,0.0,0.0,1.953,0.0
1784631787.628516,0,0,49310,0,0.0,0.0,0.0,0.0,1.953,0.0
1784631787.6292503,0,0,49320,0,0.0,0.0,0.0,0.0,1.954,0.0
1784631787.6299467,0,0,49330,0,0.0,0.0,0.0,0.0,1.954,0.0
1784631787.6306949,0,0,49340,0,0.0,0.0,0.0,0.0,1.954,0.0
1784631787.6314201,0,0,49350,0,0.0,0.0,0.0,0.0,1.954,0.0
1784631787.6321433,0,0,49360,0,0.0,0.0,0.0,0.0,1.954,0.0
1784631787.6329274,0,0,49370,0,0.0,0.0,0.0,0.0,1.954,0.0
1784631787.633649,0,0,49380,0,0.0,0.0,0.0,0.0,1.954,0.0
1784631787.6344368,0,0,49390,0,0.0,0.0,0.0,0.0,1.954,0.0
1784631787.6351035,0,0,49400,0,0.0,0.0,0.0,0.0,1.954,0.0
1784631787.6365857,0,0,49410,0,0.0,0.0,0.0,0.0,1.955,0.0
1784631787.637988,0,0,49420,0,0.0,0.0,0.0,0.0,1.955,0.0
1784631787.6389284,0,0,49430,0,0.0,0.0,0.0,0.0,1.955,0.0
1784631787.6397336,0,0,49440,0,0.0,0.0,0.0,0.0,1.955,0.0
1784631787.6405509,0,0,49450,0,0.0,0.0,0.0,0.0,1.955,0.0
1784631787.6413035,0,0,49460,0,0.0,0.0,0.0,0.0,1.955,0.0
1784631787.641993,0,0,49470,0,0.0,0.0,0.0,0.0,1.955,0.0
1784631787.642679,0,0,49480,0,0.0,0.0,0.0,0.0,1.955,0.0
1784631787.6434097,0,0,49490,0,0.0,0.0,0.0,0.0,1.956,0.0
1784631787.644125,0,0,49500,0,0.0,0.0,0.0,0.0,1.956,0.0
1784631787.6448793,0,0,49510,0,0.0,0.0,0.0,0.0,1.956,0.0
1784631787.6456716,0,0,49520,0,0.0,0.0,0.0,0.0,1.956,0.0
1784631787.7710366,0,0,49530,0,0.0,0.0,0.0,0.0,1.956,0.0
1784631787.772028,0,0,49540,0,0.0,0.0,0.0,0.0,1.956,0.0
1784631787.7728271,0,0,49550,0,0.0,0.0,0.0,0.0,1.956,0.0
1784631787.7735221,0,0,49560,0,0.0,0.0,0.0,0.0,1.956,0.0
1784631787.7742715,0,0,49570,0,0.0,0.0,0.0,0.0,1.957,0.0
1784631787.7750516,0,0,49580,0,0.0,0.0,0.0,0.0,1.957,0.0
1784631787.775717,0,0,49590,0,0.0,0.0,0.0,0.0,1.957,0.0
1784631787.7765653,0,0,49600,0,0.0,0.0,0.0,0.0,1.957,0.0
1784631787.7773883,0,0,49610,0,0.0,0.0,0.0,0.0,1.957,0.0
1784631787.778135,0,0,49620,0,0.0,0.0,0.0,0.0,1.957,0.0
1784631787.7788455,0,0,49630,0,0.0,0.0,0.0,0.0,1.957,0.0
1784631787.7795997,0,0,49640,0,0.0,0.0,0.0,0.0,1.957,0.0
1784631787.7803307,0,0,49650,0,0.0,0.0,0.0,0.0,1.958,0.0
1784631787.7811618,0,0,49660,0,0.0,0.0,0.0,0.0,1.958,0.0
1784631787.781861,0,0,49670,0,0.0,0.0,0.0,0.0,1.958,0.0
1784631787.7826414,0,0,49680,0,0.0,0.0,0.0,0.0,1.958,0.0
1784631787.7832994,0,0,49690,0,0.0,0.0,0.0,0.0,1.958,0.0
1784631787.7839632,0,0,49700,0,0.0,0.0,0.0,0.0,1.958,0.0
1784631787.7846334,0,0,49710,0,0.0,0.0,0.0,0.0,1.958,0.0
1784631787.7853348,0,0,49720,0,0.0,0.0,0.0,0.0,1.958,0.0
1784631787.7859962,0,0,49730,0,0.0,0.0,0.0,0.0,1.959,0.0
1784631787.7866132,0,0,49740,0,0.0,0.0,0.0,0.0,1.959,0.0
1784631787.7873173,0,0,49750,0,0.0,0.0,0.0,0.0,1.959,0.0
1784631787.787893,0,0,49760,0,0.0,0.0,0.0,0.0,1.959,0.0
1784631787.7887352,0,0,49770,0,0.0,0.0,0.0,0.0,1.959,0.0
1784631787.9141345,0,0,49780,0,0.0,0.0,0.0,0.0,1.959,0.0
1784631787.915068,0,0,49790,0,0.0,0.0,0.0,0.0,1.959,0.0
1784631787.9158359,0,0,49800,0,0.0,0.0,0.0,0.0,1.96,0.0
1784631787.9165266,0,0,49810,0,0.0,0.0,0.0,0.0,1.96,0.0
1784631787.9181616,0,0,49820,0,0.0,0.0,0.0,0.0,1.96,0.0
1784631787.9196239,0,0,49830,0,0.0,0.0,0.0,0.0,1.96,0.0
1784631787.9204047,0,0,49840,0,0.0,0.0,0.0,0.0,1.96,0.0
1784631787.9211922,0,0,49850,0,0.0,0.0,0.0,0.0,1.96,0.0
1784631787.9219563,0,0,49860,0,0.0,0.0,0.0,0.0,1.96,0.0
1784631787.9226804,0,0,49870,0,0.0,0.0,0.0,0.0,1.96,0.0
1784631787.9234025,0,0,49880,0,0.0,0.0,0.0,0.0,1.961,0.0
1784631787.9240682,0,0,49890,0,0.0,0.0,0.0,0.0,1.961,0.0
1784631787.9247131,0,0,49900,0,0.0,0.0,0.0,0.0,1.961,0.0
1784631787.9253092,0,0,49910,0,0.0,0.0,0.0,0.0,1.961,0.0
1784631787.9260752,0,0,49920,0,0.0,0.0,0.0,0.0,1.961,0.0
1784631787.9267373,0,0,49930,0,0.0,0.0,0.0,0.0,1.961,0.0
1784631787.9273682,0,0,49940,0,0.0,0.0,0.0,0.0,1.961,0.0
1784631787.9280765,0,0,49950,0,0.0,0.0,0.0,0.0,1.962,0.0
1784631787.9288452,0,0,49960,0,0.0,0.0,0.0,0.0,1.962,0.0
1784631787.9295554,0,0,49970,0,0.0,0.0,0.0,0.0,1.962,0.0
1784631787.9303815,0,0,49980,0,0.0,0.0,0.0,0.0,1.962,0.0
1784631787.9312108,0,0,49990,0,0.0,0.0,0.0,0.0,1.962,0.0
1784631787.9318838,0,0,50000,0,0.0,0.0,0.0,0.0,1.962,0.0
1784631787.932678,0,0,50010,0,0.0,0.0,0.0,0.0,1.962,0.0
1784631788.0478776,0,0,50020,0,0.0,0.0,0.0,0.0,1.962,0.0
1784631788.048876,0,0,50030,0,0.0,0.0,0.0,0.0,1.963,0.0
1784631788.0498374,0,0,50040,0,0.0,0.0,0.0,0.0,1.963,0.0
1784631788.0508606,0,0,50050,0,0.0,0.0,0.0,0.0,1.963,0.0
1784631788.0516949,0,0,50060,0,0.0,0.0,0.0,0.0,1.963,0.0
1784631788.0525901,0,0,50070,0,0.0,0.0,0.0,0.0,1.963,0.0
1784631788.0533726,0,0,50080,0,0.0,0.0,0.0,0.0,1.963,0.0
1784631788.054206,0,0,50090,0,0.0,0.0,0.0,0.0,1.964,0.0
1784631788.0551422,0,0,50100,0,0.0,0.0,0.0,0.0,1.964,0.0
1784631788.0559864,0,0,50110,0,0.0,0.0,0.0,0.0,1.964,0.0
1784631788.05684,0,0,50120,0,0.0,0.0,0.0,0.0,1.964,0.0
1784631788.0578952,0,0,50130,0,0.0,0.0,0.0,0.0,1.964,0.0
1784631788.0591013,0,0,50140,0,0.0,0.0,0.0,0.0,1.964,0.0
1784631788.0600853,0,0,50150,0,0.0,0.0,0.0,0.0,1.964,0.0
1784631788.0610392,0,0,50160,0,0.0,0.0,0.0,0.0,1.965,0.0
1784631788.0619802,0,0,50170,0,0.0,0.0,0.0,0.0,1.965,0.0
1784631788.0629385,0,0,50180,0,0.0,0.0,0.0,0.0,1.965,0.0
1784631788.0638256,0,0,50190,0,0.0,0.0,0.0,0.0,1.965,0.0
1784631788.0646033,0,0,50200,0,0.0,0.0,0.0,0.0,1.965,0.0
1784631788.0654662,0,0,50210,0,0.0,0.0,0.0,0.0,1.965,0.0
1784631788.066186,0,0,50220,0,0.0,0.0,0.0,0.0,1.965,0.0
1784631788.0670686,0,0,50230,0,0.0,0.0,0.0,0.0,1.966,0.0
1784631788.0679798,0,0,50240,0,0.0,0.0,0.0,0.0,1.966,0.0
1784631788.1819263,0,0,50250,0,0.0,0.0,0.0,0.0,1.966,0.0
1784631788.1830728,0,0,50260,0,0.0,0.0,0.0,0.0,1.966,0.0
1784631788.1839104,0,0,50270,0,0.0,0.0,0.0,0.0,1.966,0.0
1784631788.1847742,0,0,50280,0,0.0,0.0,0.0,0.0,1.966,0.0
1784631788.1856353,0,0,50290,0,0.0,0.0,0.0,0.0,1.966,0.0
1784631788.1864338,0,0,50300,0,0.0,0.0,0.0,0.0,1.967,0.0
1784631788.1872168,0,0,50310,0,0.0,0.0,0.0,0.0,1.967,0.0
1784631788.1879694,0,0,50320,0,0.0,0.0,0.0,0.0,1.967,0.0
1784631788.1888084,0,0,50330,0,0.0,0.0,0.0,0.0,1.967,0.0
1784631788.1896698,0,0,50340,0,0.0,0.0,0.0,0.0,1.967,0.0
1784631788.1907246,0,0,50350,0,0.0,0.0,0.0,0.0,1.967,0.0
1784631788.1913886,0,0,50360,0,0.0,0.0,0.0,0.0,1.968,0.0
1784631788.1923165,0,0,50370,0,0.0,0.0,0.0,0.0,1.968,0.0
1784631788.1930761,0,0,50380,0,0.0,0.0,0.0,0.0,1.968,0.0
1784631788.1938176,0,0,50390,0,0.0,0.0,0.0,0.0,1.968,0.0
1784631788.1946073,0,0,50400,0,0.0,0.0,0.0,0.0,1.968,0.0
1784631788.1953073,0,0,50410,0,0.0,0.0,0.0,0.0,1.968,0.0
1784631788.1961749,0,0,50420,0,0.0,0.0,0.0,0.0,1.968,0.0
1784631788.1969347,0,0,50430,0,0.0,0.0,0.0,0.0,1.969,0.0
1784631788.197574,0,0,50440,0,0.0,0.0,0.0,0.0,1.969,0.0
1784631788.1989255,0,0,50450,0,0.0,0.0,0.0,0.0,1.969,0.0
1784631788.2007082,0,0,50460,0,0.0,0.0,0.0,0.0,1.969,0.0
1784631788.2017422,0,0,50470,0,0.0,0.0,0.0,0.0,1.969,0.0
1784631788.3227289,0,0,50480,0,0.0,0.0,0.0,0.0,1.969,0.0
1784631788.3245385,0,0,50490,0,0.0,0.0,0.0,0.0,1.97,0.0
1784631788.3259833,0,0,50500,0,0.0,0.0,0.0,0.0,1.97,0.0
1784631788.3268855,0,0,50510,0,0.0,0.0,0.0,0.0,1.97,0.0
1784631788.3277342,0,0,50520,0,0.0,0.0,0.0,0.0,1.97,0.0
1784631788.3285086,0,0,50530,0,0.0,0.0,0.0,0.0,1.97,0.0
1784631788.3292418,0,0,50540,0,0.0,0.0,0.0,0.0,1.97,0.0
1784631788.3298814,0,0,50550,0,0.0,0.0,0.0,0.0,1.971,0.0
1784631788.3305728,0,0,50560,0,0.0,0.0,0.0,0.0,1.971,0.0
1784631788.3313415,0,0,50570,0,0.0,0.0,0.0,0.0,1.971,0.0
1784631788.3320816,0,0,50580,0,0.0,0.0,0.0,0.0,1.971,0.0
1784631788.332789,0,0,50590,0,0.0,0.0,0.0,0.0,1.971,0.0
1784631788.3335476,0,0,50600,0,0.0,0.0,0.0,0.0,1.971,0.0
1784631788.3342407,0,0,50610,0,0.0,0.0,0.0,0.0,1.972,0.0
1784631788.3350055,0,0,50620,0,0.0,0.0,0.0,0.0,1.972,0.0
1784631788.3357482,0,0,50630,0,0.0,0.0,0.0,0.0,1.972,0.0
1784631788.336545,0,0,50640,0,0.0,0.0,0.0,0.0,1.972,0.0
1784631788.3371997,0,0,50650,0,0.0,0.0,0.0,0.0,1.972,0.0
1784631788.3378382,0,0,50660,0,0.0,0.0,0.0,0.0,1.972,0.0
1784631788.3394055,0,0,50670,0,0.0,0.0,0.0,0.0,1.973,0.0
1784631788.3402848,0,0,50680,0,0.0,0.0,0.0,0.0,1.973,0.0
1784631788.340965,0,0,50690,0,0.0,0.0,0.0,0.0,1.973,0.0
1784631788.3418365,0,0,50700,0,0.0,0.0,0.0,0.0,1.973,0.0
1784631788.3433018,0,0,50710,0,0.0,0.0,0.0,0.0,1.973,0.0
1784631788.4472654,0,0,50720,0,0.0,0.0,0.0,0.0,1.973,0.0
1784631788.4483018,0,0,50730,0,0.0,0.0,0.0,0.0,1.974,0.0
1784631788.4502096,0,0,50740,0,0.0,0.0,0.0,0.0,1.974,0.0
1784631788.4516652,0,0,50750,0,0.0,0.0,0.0,0.0,1.974,0.0
1784631788.453062,0,0,50760,0,0.0,0.0,0.0,0.0,1.974,0.0
1784631788.4541996,0,0,50770,0,0.0,0.0,0.0,0.0,1.974,0.0
1784631788.4551477,0,0,50780,0,0.0,0.0,0.0,0.0,1.975,0.0
1784631788.4560847,0,0,50790,0,0.0,0.0,0.0,0.0,1.975,0.0
1784631788.4570735,0,0,50800,0,0.0,0.0,0.0,0.0,1.975,0.0
1784631788.4579396,0,0,50810,0,0.0,0.0,0.0,0.0,1.975,0.0
1784631788.4589171,0,0,50820,0,0.0,0.0,0.0,0.0,1.975,0.0
1784631788.459797,0,0,50830,0,0.0,0.0,0.0,0.0,1.975,0.0
1784631788.4605105,0,0,50840,0,0.0,0.0,0.0,0.0,1.976,0.0
1784631788.4612653,0,0,50850,0,0.0,0.0,0.0,0.0,1.976,0.0
1784631788.461958,0,0,50860,0,0.0,0.0,0.0,0.0,1.976,0.0
1784631788.4626286,0,0,50870,0,0.0,0.0,0.0,0.0,1.976,0.0
1784631788.4633636,0,0,50880,0,0.0,0.0,0.0,0.0,1.976,0.0
1784631788.4647756,0,0,50890,0,0.0,0.0,0.0,0.0,1.977,0.0
1784631788.4658463,0,0,50900,0,0.0,0.0,0.0,0.0,1.977,0.0
1784631788.4667895,0,0,50910,0,0.0,0.0,0.0,0.0,1.977,0.0
1784631788.467508,0,0,50920,0,0.0,0.0,0.0,0.0,1.977,0.0
1784631788.578,0,0,50930,0,0.0,0.0,0.0,0.0,1.977,0.0
1784631788.5789819,0,0,50940,0,0.0,0.0,0.0,0.0,1.977,0.0
1784631788.5797653,0,0,50950,0,0.0,0.0,0.0,0.0,1.978,0.0
1784631788.580538,0,0,50960,0,0.0,0.0,0.0,0.0,1.978,0.0
1784631788.58144,0,0,50970,0,0.0,0.0,0.0,0.0,1.978,0.0
1784631788.5822415,0,0,50980,0,0.0,0.0,0.0,0.0,1.978,0.0
1784631788.583013,0,0,50990,0,0.0,0.0,0.0,0.0,1.978,0.0
1784631788.5839212,0,0,51000,0,0.0,0.0,0.0,0.0,1.979,0.0
1784631788.5847476,0,0,51010,0,0.0,0.0,0.0,0.0,1.979,0.0
1784631788.5855541,0,0,51020,0,0.0,0.0,0.0,0.0,1.979,0.0
1784631788.5863514,0,0,51030,0,0.0,0.0,0.0,0.0,1.979,0.0
1784631788.5870771,0,0,51040,0,0.0,0.0,0.0,0.0,1.979,0.0
1784631788.5879889,0,0,51050,0,0.0,0.0,0.0,0.0,1.98,0.0
1784631788.5889103,0,0,51060,0,0.0,0.0,0.0,0.0,1.98,0.0
1784631788.5896783,0,0,51070,0,0.0,0.0,0.0,0.0,1.98,0.0
1784631788.590482,0,0,51080,0,0.0,0.0,0.0,0.0,1.98,0.0
1784631788.5911887,0,0,51090,0,0.0,0.0,0.0,0.0,1.98,0.0
1784631788.5919456,0,0,51100,0,0.0,0.0,0.0,0.0,1.98,0.0
1784631788.5926435,0,0,51110,0,0.0,0.0,0.0,0.0,1.981,0.0
1784631788.593448,0,0,51120,0,0.0,0.0,0.0,0.0,1.981,0.0
1784631788.5944066,0,0,51130,0,0.0,0.0,0.0,0.0,1.981,0.0
1784631788.5951524,0,0,51140,0,0.0,0.0,0.0,0.0,1.981,0.0
1784631788.6997523,0,0,51150,0,0.0,0.0,0.0,0.0,1.981,0.0
1784631788.701186,0,0,51160,0,0.0,0.0,0.0,0.0,1.982,0.0
1784631788.702442,0,0,51170,0,0.0,0.0,0.0,0.0,1.982,0.0
1784631788.7035766,0,0,51180,0,0.0,0.0,0.0,0.0,1.982,0.0
1784631788.704964,0,0,51190,0,0.0,0.0,0.0,0.0,1.982,0.0
1784631788.7061453,0,0,51200,0,0.0,0.0,0.0,0.0,1.982,0.0
1784631788.7071333,0,0,51210,0,0.0,0.0,0.0,0.0,1.983,0.0
1784631788.7080142,0,0,51220,0,0.0,0.0,0.0,0.0,1.983,0.0
1784631788.7088547,0,0,51230,0,0.0,0.0,0.0,0.0,1.983,0.0
1784631788.709703,0,0,51240,0,0.0,0.0,0.0,0.0,1.983,0.0
1784631788.7142687,0,0,51250,0,0.0,0.0,0.0,0.0,1.983,0.0
1784631788.71548,0,0,51260,0,0.0,0.0,0.0,0.0,1.984,0.0
1784631788.716486,0,0,51270,0,0.0,0.0,0.0,0.0,1.984,0.0
1784631788.7174172,0,0,51280,0,0.0,0.0,0.0,0.0,1.984,0.0
1784631788.7184353,0,0,51290,0,0.0,0.0,0.0,0.0,1.984,0.0
1784631788.7195542,0,0,51300,0,0.0,0.0,0.0,0.0,1.984,0.0
1784631788.7208831,0,0,51310,0,0.0,0.0,0.0,0.0,1.985,0.0
1784631788.721853,0,0,51320,0,0.0,0.0,0.0,0.0,1.985,0.0
1784631788.8259134,0,0,51330,0,0.0,0.0,0.0,0.0,1.985,0.0
1784631788.8271708,0,0,51340,0,0.0,0.0,0.0,0.0,1.985,0.0
1784631788.828094,0,0,51350,0,0.0,0.0,0.0,0.0,1.985,0.0
1784631788.8289893,0,0,51360,0,0.0,0.0,0.0,0.0,1.986,0.0
1784631788.8298378,0,0,51370,0,0.0,0.0,0.0,0.0,1.986,0.0
1784631788.8306346,0,0,51380,0,0.0,0.0,0.0,0.0,1.986,0.0
1784631788.8315842,0,0,51390,0,0.0,0.0,0.0,0.0,1.986,0.0
1784631788.832425,0,0,51400,0,0.0,0.0,0.0,0.0,1.987,0.0
1784631788.83333,0,0,51410,0,0.0,0.0,0.0,0.0,1.987,0.0
1784631788.8342457,0,0,51420,0,0.0,0.0,0.0,0.0,1.987,0.0
1784631788.835075,0,0,51430,0,0.0,0.0,0.0,0.0,1.987,0.0
1784631788.8359015,0,0,51440,0,0.0,0.0,0.0,0.0,1.987,0.0
1784631788.8367474,0,0,51450,0,0.0,0.0,0.0,0.0,1.988,0.0
1784631788.838224,0,0,51460,0,0.0,0.0,0.0,0.0,1.988,0.0
1784631788.8392024,0,0,51470,0,0.0,0.0,0.0,0.0,1.988,0.0
1784631788.8401089,0,0,51480,0,0.0,0.0,0.0,0.0,1.988,0.0
1784631788.840974,0,0,51490,0,0.0,0.0,0.0,0.0,1.988,0.0
1784631788.8417897,0,0,51500,0,0.0,0.0,0.0,0.0,1.989,0.0
1784631788.948937,0,0,51510,0,0.0,0.0,0.0,0.0,1.989,0.0
1784631788.950797,0,0,51520,0,0.0,0.0,0.0,0.0,1.989,0.0
1784631788.951952,0,0,51530,0,0.0,0.0,0.0,0.0,1.989,0.0
1784631788.9526796,0,0,51540,0,0.0,0.0,0.0,0.0,1.99,0.0
1784631788.9534364,0,0,51550,0,0.0,0.0,0.0,0.0,1.99,0.0
1784631788.954322,0,0,51560,0,0.0,0.0,0.0,0.0,1.99,0.0
1784631788.9551544,0,0,51570,0,0.0,0.0,0.0,0.0,1.99,0.0
1784631788.9561253,0,0,51580,0,0.0,0.0,0.0,0.0,1.99,0.0
1784631788.9568949,0,0,51590,0,0.0,0.0,0.0,0.0,1.991,0.0
1784631788.9577475,0,0,51600,0,0.0,0.0,0.0,0.0,1.991,0.0
1784631788.9584486,0,0,51610,0,0.0,0.0,0.0,0.0,1.991,0.0
1784631788.9592202,0,0,51620,0,0.0,0.0,0.0,0.0,1.991,0.0
1784631788.9599774,0,0,51630,0,0.0,0.0,0.0,0.0,1.992,0.0
1784631788.9608433,0,0,51640,0,0.0,0.0,0.0,0.0,1.992,0.0
1784631788.9618495,0,0,51650,0,0.0,0.0,0.0,0.0,1.992,0.0
1784631788.9628208,0,0,51660,0,0.0,0.0,0.0,0.0,1.992,0.0
1784631788.9635458,0,0,51670,0,0.0,0.0,0.0,0.0,1.992,0.0
1784631788.9643462,0,0,51680,0,0.0,0.0,0.0,0.0,1.993,0.0
1784631789.072316,0,0,51690,0,0.0,0.0,0.0,0.0,1.993,0.0
1784631789.0736918,0,0,51700,0,0.0,0.0,0.0,0.0,1.993,0.0
1784631789.0752003,0,0,51710,0,0.0,0.0,0.0,0.0,1.993,0.0
1784631789.0764747,0,0,51720,0,0.0,0.0,0.0,0.0,1.994,0.0
1784631789.0773685,0,0,51730,0,0.0,0.0,0.0,0.0,1.994,0.0
1784631789.078273,0,0,51740,0,0.0,0.0,0.0,0.0,1.994,0.0
1784631789.079122,0,0,51750,0,0.0,0.0,0.0,0.0,1.994,0.0
1784631789.0799468,0,0,51760,0,0.0,0.0,0.0,0.0,1.995,0.0
1784631789.0807402,0,0,51770,0,0.0,0.0,0.0,0.0,1.995,0.0
1784631789.081585,0,0,51780,0,0.0,0.0,0.0,0.0,1.995,0.0
1784631789.082467,0,0,51790,0,0.0,0.0,0.0,0.0,1.995,0.0
1784631789.0833316,0,0,51800,0,0.0,0.0,0.0,0.0,1.995,0.0
1784631789.0841308,0,0,51810,0,0.0,0.0,0.0,0.0,1.996,0.0
1784631789.0851588,0,0,51820,0,0.0,0.0,0.0,0.0,1.996,0.0
1784631789.086151,0,0,51830,0,0.0,0.0,0.0,0.0,1.996,0.0
1784631789.0870712,0,0,51840,0,0.0,0.0,0.0,0.0,1.996,0.0
1784631789.0879047,0,0,51850,0,0.0,0.0,0.0,0.0,1.997,0.0
1784631789.0886986,0,0,51860,0,0.0,0.0,0.0,0.0,1.997,0.0
1784631789.0895681,0,0,51870,0,0.0,0.0,0.0,0.0,1.997,0.0
1784631789.206487,0,0,51880,0,0.0,0.0,0.0,0.0,1.997,0.0
1784631789.2074642,0,0,51890,0,0.0,0.0,0.0,0.0,1.998,0.0
1784631789.2088976,0,0,51900,0,0.0,0.0,0.0,0.0,1.998,0.0
1784631789.2100222,0,0,51910,0,0.0,0.0,0.0,0.0,1.998,0.0
1784631789.2109182,0,0,51920,0,0.0,0.0,0.0,0.0,1.998,0.0
1784631789.211758,0,0,51930,0,0.0,0.0,0.0,0.0,1.999,0.0
1784631789.212476,0,0,51940,0,0.0,0.0,0.0,0.0,1.999,0.0
1784631789.2133486,0,0,51950,0,0.0,0.0,0.0,0.0,1.999,0.0
1784631789.2141297,0,0,51960,0,0.0,0.0,0.0,0.0,1.999,0.0
1784631789.2149057,0,0,51970,0,0.0,0.0,0.0,0.0,2.0,0.0
1784631789.2155995,0,0,51980,0,0.0,0.0,0.0,0.0,2.0,0.0
1784631789.216376,0,0,51990,0,0.0,0.0,0.0,0.0,2.0,0.0
1784631789.217213,0,0,52000,0,0.0,0.0,0.0,0.0,2.0,0.0
1784631789.2180064,0,0,52010,0,0.0,0.0,0.0,0.0,2.0,0.0
1784631789.2187881,0,0,52020,0,0.0,0.0,0.0,0.0,2.001,0.0
1784631789.2194808,0,0,52030,0,0.0,0.0,0.0,0.0,2.001,0.0
1784631789.2203019,0,0,52040,0,0.0,0.0,0.0,0.0,2.001,0.0
1784631789.2210655,0,0,52050,0,0.0,0.0,0.0,0.0,2.001,0.0
1784631789.2218149,0,0,52060,0,0.0,0.0,0.0,0.0,2.002,0.0
1784631789.3278415,0,0,52070,0,0.0,0.0,0.0,0.0,2.002,0.0
1784631789.3290942,0,0,52080,0,0.0,0.0,0.0,0.0,2.002,0.0
1784631789.3301818,0,0,52090,0,0.0,0.0,0.0,0.0,2.002,0.0
1784631789.3311021,0,0,52100,0,0.0,0.0,0.0,0.0,2.003,0.0
1784631789.3323386,0,0,52110,0,0.0,0.0,0.0,0.0,2.003,0.0
1784631789.3333018,0,0,52120,0,0.0,0.0,0.0,0.0,2.003,0.0
1784631789.3343298,0,0,52130,0,0.0,0.0,0.0,0.0,2.004,0.0
1784631789.33523,0,0,52140,0,0.0,0.0,0.0,0.0,2.004,0.0
1784631789.336027,0,0,52150,0,0.0,0.0,0.0,0.0,2.004,0.0
1784631789.33686,0,0,52160,0,0.0,0.0,0.0,0.0,2.004,0.0
1784631789.3376927,0,0,52170,0,0.0,0.0,0.0,0.0,2.005,0.0
1784631789.3384414,0,0,52180,0,0.0,0.0,0.0,0.0,2.005,0.0
1784631789.3393667,0,0,52190,0,0.0,0.0,0.0,0.0,2.005,0.0
1784631789.3402362,0,0,52200,0,0.0,0.0,0.0,0.0,2.005,0.0
1784631789.341204,0,0,52210,0,0.0,0.0,0.0,0.0,2.006,0.0
1784631789.3419983,0,0,52220,0,0.0,0.0,0.0,0.0,2.006,0.0
1784631789.3427505,0,0,52230,0,0.0,0.0,0.0,0.0,2.006,0.0
1784631789.34358,0,0,52240,0,0.0,0.0,0.0,0.0,2.006,0.0
1784631789.4475892,0,0,52250,0,0.0,0.0,0.0,0.0,2.007,0.0
1784631789.4488935,0,0,52260,0,0.0,0.0,0.0,0.0,2.007,0.0
1784631789.4504995,0,0,52270,0,0.0,0.0,0.0,0.0,2.007,0.0
1784631789.4517217,0,0,52280,0,0.0,0.0,0.0,0.0,2.007,0.0
1784631789.452602,0,0,52290,0,0.0,0.0,0.0,0.0,2.008,0.0
1784631789.4535708,0,0,52300,0,0.0,0.0,0.0,0.0,2.008,0.0
1784631789.4543781,0,0,52310,0,0.0,0.0,0.0,0.0,2.008,0.0
1784631789.4552724,0,0,52320,0,0.0,0.0,0.0,0.0,2.008,0.0
1784631789.4561212,0,0,52330,0,0.0,0.0,0.0,0.0,2.009,0.0
1784631789.4569945,0,0,52340,0,0.0,0.0,0.0,0.0,2.009,0.0
1784631789.4577646,0,0,52350,0,0.0,0.0,0.0,0.0,2.009,0.0
1784631789.4585285,0,0,52360,0,0.0,0.0,0.0,0.0,2.009,0.0
1784631789.4594095,0,0,52370,0,0.0,0.0,0.0,0.0,2.01,0.0
1784631789.460282,0,0,52380,0,0.0,0.0,0.0,0.0,2.01,0.0
1784631789.4611702,0,0,52390,0,0.0,0.0,0.0,0.0,2.01,0.0
1784631789.461974,0,0,52400,0,0.0,0.0,0.0,0.0,2.011,0.0
1784631789.4626708,0,0,52410,0,0.0,0.0,0.0,0.0,2.011,0.0
1784631789.4633534,0,0,52420,0,0.0,0.0,0.0,0.0,2.011,0.0
1784631789.4641347,0,0,52430,0,0.0,0.0,0.0,0.0,2.011,0.0
1784631789.4648366,0,0,52440,0,0.0,0.0,0.0,0.0,2.012,0.0
1784631789.573044,0,0,52450,0,0.0,0.0,0.0,0.0,2.012,0.0
1784631789.574464,0,0,52460,0,0.0,0.0,0.0,0.0,2.012,0.0
1784631789.5757942,0,0,52470,0,0.0,0.0,0.0,0.0,2.012,0.0
1784631789.5767965,0,0,52480,0,0.0,0.0,0.0,0.0,2.013,0.0
1784631789.5777469,0,0,52490,0,0.0,0.0,0.0,0.0,2.013,0.0
1784631789.578904,0,0,52500,0,0.0,0.0,0.0,0.0,2.013,0.0
1784631789.5800135,0,0,52510,0,0.0,0.0,0.0,0.0,2.014,0.0
1784631789.580974,0,0,52520,0,0.0,0.0,0.0,0.0,2.014,0.0
1784631789.5818484,0,0,52530,0,0.0,0.0,0.0,0.0,2.014,0.0
1784631789.582641,0,0,52540,0,0.0,0.0,0.0,0.0,2.014,0.0
1784631789.5834482,0,0,52550,0,0.0,0.0,0.0,0.0,2.015,0.0
1784631789.5842206,0,0,52560,0,0.0,0.0,0.0,0.0,2.015,0.0
1784631789.5851936,0,0,52570,0,0.0,0.0,0.0,0.0,2.015,0.0
1784631789.6957963,0,0,52580,0,0.0,0.0,0.0,0.0,2.016,0.0
1784631789.6970208,0,0,52590,0,0.0,0.0,0.0,0.0,2.016,0.0
1784631789.6980302,0,0,52600,0,0.0,0.0,0.0,0.0,2.016,0.0
1784631789.6992533,0,0,52610,0,0.0,0.0,0.0,0.0,2.016,0.0
1784631789.7007816,0,0,52620,0,0.0,0.0,0.0,0.0,2.017,0.0
1784631789.7016633,0,0,52630,0,0.0,0.0,0.0,0.0,2.017,0.0
1784631789.7026072,0,0,52640,0,0.0,0.0,0.0,0.0,2.017,0.0
1784631789.7034814,0,0,52650,0,0.0,0.0,0.0,0.0,2.018,0.0
1784631789.7042766,0,0,52660,0,0.0,0.0,0.0,0.0,2.018,0.0
1784631789.7050033,0,0,52670,0,0.0,0.0,0.0,0.0,2.018,0.0
1784631789.7109876,0,0,52680,0,0.0,0.0,0.0,0.0,2.018,0.0
1784631789.7119415,0,0,52690,0,0.0,0.0,0.0,0.0,2.019,0.0
1784631789.7127001,0,0,52700,0,0.0,0.0,0.0,0.0,2.019,0.0
1784631789.7134244,0,0,52710,0,0.0,0.0,0.0,0.0,2.019,0.0
1784631789.7141638,0,0,52720,0,0.0,0.0,0.0,0.0,2.02,0.0
1784631789.7149138,0,0,52730,0,0.0,0.0,0.0,0.0,2.02,0.0
1784631789.8232832,0,0,52740,0,0.0,0.0,0.0,0.0,2.02,0.0
1784631789.8246589,0,0,52750,0,0.0,0.0,0.0,0.0,2.02,0.0
1784631789.8263874,0,0,52760,0,0.0,0.0,0.0,0.0,2.021,0.0
1784631789.828268,0,0,52770,0,0.0,0.0,0.0,0.0,2.021,0.0
1784631789.8295925,0,0,52780,0,0.0,0.0,0.0,0.0,2.021,0.0
1784631789.830843,0,0,52790,0,0.0,0.0,0.0,0.0,2.022,0.0
1784631789.8319373,0,0,52800,0,0.0,0.0,0.0,0.0,2.022,0.0
1784631789.8329375,0,0,52810,0,0.0,0.0,0.0,0.0,2.022,0.0
1784631789.8340034,0,0,52820,0,0.0,0.0,0.0,0.0,2.023,0.0
1784631789.8350444,0,0,52830,0,0.0,0.0,0.0,0.0,2.023,0.0
1784631789.8361087,0,0,52840,0,0.0,0.0,0.0,0.0,2.023,0.0
1784631789.837226,0,0,52850,0,0.0,0.0,0.0,0.0,2.023,0.0
1784631789.8384216,0,0,52860,0,0.0,0.0,0.0,0.0,2.024,0.0
1784631789.8403037,0,0,52870,0,0.0,0.0,0.0,0.0,2.024,0.0
1784631789.8429377,0,0,52880,0,0.0,0.0,0.0,0.0,2.024,0.0
1784631789.8468254,0,0,52890,0,0.0,0.0,0.0,0.0,2.025,0.0
1784631789.8488724,0,0,52900,0,0.0,0.0,0.0,0.0,2.025,0.0
1784631789.8502793,0,0,52910,0,0.0,0.0,0.0,0.0,2.025,0.0
1784631789.9590263,0,0,52920,0,0.0,0.0,0.0,0.0,2.026,0.0
1784631789.9610786,0,0,52930,0,0.0,0.0,0.0,0.0,2.026,0.0
1784631789.962879,0,0,52940,0,0.0,0.0,0.0,0.0,2.026,0.0
1784631789.9649863,0,0,52950,0,0.0,0.0,0.0,0.0,2.026,0.0
1784631789.9665415,0,0,52960,0,0.0,0.0,0.0,0.0,2.027,0.0
1784631789.968679,0,0,52970,0,0.0,0.0,0.0,0.0,2.027,0.0
1784631789.970544,0,0,52980,0,0.0,0.0,0.0,0.0,2.027,0.0
1784631789.9721155,0,0,52990,0,0.0,0.0,0.0,0.0,2.028,0.0
1784631789.9740105,0,0,53000,0,0.0,0.0,0.0,0.0,2.028,0.0
1784631789.9778156,0,0,53010,0,0.0,0.0,0.0,0.0,2.028,0.0
1784631789.9812405,0,0,53020,0,0.0,0.0,0.0,0.0,2.029,0.0
1784631789.9868684,0,0,53030,0,0.0,0.0,0.0,0.0,2.029,0.0
1784631789.9891753,0,0,53040,0,0.0,0.0,0.0,0.0,2.029,0.0
1784631789.9917724,0,0,53050,0,0.0,0.0,0.0,0.0,2.029,0.0
1784631789.994064,0,0,53060,0,0.0,0.0,0.0,0.0,2.03,0.0
1784631789.99639,0,0,53070,0,0.0,0.0,0.0,0.0,2.03,0.0
1784631789.9992268,0,0,53080,0,0.0,0.0,0.0,0.0,2.03,0.0
1784631790.0028012,0,0,53090,0,0.0,0.0,0.0,0.0,2.031,0.0
1784631790.0046377,0,0,53100,0,0.0,0.0,0.0,0.0,2.031,0.0
1784631790.007057,0,0,53110,0,0.0,0.0,0.0,0.0,2.031,0.0
1784631790.1173573,0,0,53120,0,0.0,0.0,0.0,0.0,2.032,0.0
1784631790.119419,0,0,53130,0,0.0,0.0,0.0,0.0,2.032,0.0
1784631790.1241345,0,0,53140,0,0.0,0.0,0.0,0.0,2.032,0.0
1784631790.1274767,0,0,53150,0,0.0,0.0,0.0,0.0,2.033,0.0
1784631790.1299033,0,0,53160,0,0.0,0.0,0.0,0.0,2.033,0.0
1784631790.1324947,0,0,53170,0,0.0,0.0,0.0,0.0,2.033,0.0
1784631790.135014,0,0,53180,0,0.0,0.0,0.0,0.0,2.033,0.0
1784631790.138598,0,0,53190,0,0.0,0.0,0.0,0.0,2.034,0.0
1784631790.141812,0,0,53200,0,0.0,0.0,0.0,0.0,2.034,0.0
1784631790.1434188,0,0,53210,0,0.0,0.0,0.0,0.0,2.034,0.0
1784631790.1448896,0,0,53220,0,0.0,0.0,0.0,0.0,2.035,0.0
1784631790.146231,0,0,53230,0,0.0,0.0,0.0,0.0,2.035,0.0
1784631790.147824,0,0,53240,0,0.0,0.0,0.0,0.0,2.035,0.0
1784631790.1495078,0,0,53250,0,0.0,0.0,0.0,0.0,2.036,0.0
1784631790.1509287,0,0,53260,0,0.0,0.0,0.0,0.0,2.036,0.0
1784631790.1527503,0,0,53270,0,0.0,0.0,0.0,0.0,2.036,0.0
1784631790.1550226,0,0,53280,0,0.0,0.0,0.0,0.0,2.036,0.0
1784631790.157494,0,0,53290,0,0.0,0.0,0.0,0.0,2.037,0.0
1784631790.159211,0,0,53300,0,0.0,0.0,0.0,0.0,2.037,0.0
1784631790.160706,0,0,53310,0,0.0,0.0,0.0,0.0,2.037,0.0
1784631790.1631193,0,0,53320,0,0.0,0.0,0.0,0.0,2.038,0.0
1784631790.1655974,0,0,53330,0,0.0,0.0,0.0,0.0,2.038,0.0
1784631790.277378,0,0,53340,0,0.0,0.0,0.0,0.0,2.038,0.0
1784631790.2815368,0,0,53350,0,0.0,0.0,0.0,0.0,2.039,0.0
1784631790.2837038,0,0,53360,0,0.0,0.0,0.0,0.0,2.039,0.0
1784631790.2858253,0,0,53370,0,0.0,0.0,0.0,0.0,2.039,0.0
1784631790.292752,0,0,53380,0,0.0,0.0,0.0,0.0,2.04,0.0
1784631790.2963715,0,0,53390,0,0.0,0.0,0.0,0.0,2.04,0.0
1784631790.2989779,0,0,53400,0,0.0,0.0,0.0,0.0,2.04,0.0
1784631790.3007035,0,0,53410,0,0.0,0.0,0.0,0.0,2.04,0.0
1784631790.302112,0,0,53420,0,0.0,0.0,0.0,0.0,2.041,0.0
1784631790.3038888,0,0,53430,0,0.0,0.0,0.0,0.0,2.041,0.0
1784631790.305511,0,0,53440,0,0.0,0.0,0.0,0.0,2.041,0.0
1784631790.3091471,0,0,53450,0,0.0,0.0,0.0,0.0,2.042,0.0
1784631790.3145401,0,0,53460,0,0.0,0.0,0.0,0.0,2.042,0.0
1784631790.3167884,0,0,53470,0,0.0,0.0,0.0,0.0,2.042,0.0
1784631790.3186886,0,0,53480,0,0.0,0.0,0.0,0.0,2.043,0.0
1784631790.3204346,0,0,53490,0,0.0,0.0,0.0,0.0,2.043,0.0
1784631790.3311858,0,0,53500,0,0.0,0.0,0.0,0.0,2.043,0.0
1784631790.3336265,0,0,53510,0,0.0,0.0,0.0,0.0,2.044,0.0
1784631790.334961,0,0,53520,0,0.0,0.0,0.0,0.0,2.044,0.0
1784631790.3360546,0,0,53530,0,0.0,0.0,0.0,0.0,2.044,0.0
1784631790.337035,0,0,53540,0,0.0,0.0,0.0,0.0,2.045,0.0
1784631790.3386335,0,0,53550,0,0.0,0.0,0.0,0.0,2.045,0.0
1784631790.3402994,0,0,53560,0,0.0,0.0,0.0,0.0,2.045,0.0
1784631790.3425033,0,0,53570,0,0.0,0.0,0.0,0.0,2.046,0.0
1784631790.345239,0,0,53580,0,0.0,0.0,0.0,0.0,2.046,0.0
1784631790.483895,0,0,53590,0,0.0,0.0,0.0,0.0,2.046,0.0
1784631790.485621,0,0,53600,0,0.0,0.0,0.0,0.0,2.047,0.0
1784631790.492835,0,0,53610,0,0.0,0.0,0.0,0.0,2.047,0.0
1784631790.494169,0,0,53620,0,0.0,0.0,0.0,0.0,2.047,0.0
1784631790.5012882,0,0,53630,0,0.0,0.0,0.0,0.0,2.047,0.0
1784631790.5024614,0,0,53640,0,0.0,0.0,0.0,0.0,2.048,0.0
1784631790.5033977,0,0,53650,0,0.0,0.0,0.0,0.0,2.048,0.0
1784631790.5042157,0,0,53660,0,0.0,0.0,0.0,0.0,2.048,0.0
1784631790.504977,0,0,53670,0,0.0,0.0,0.0,0.0,2.049,0.0
1784631790.505866,0,0,53680,0,0.0,0.0,0.0,0.0,2.049,0.0
1784631790.5066345,0,0,53690,0,0.0,0.0,0.0,0.0,2.048,0.0
1784631790.5075145,0,0,53700,0,0.0,0.0,0.0,0.0,2.048,0.0
1784631790.5085053,0,0,53710,0,0.0,0.0,0.0,0.0,2.048,0.0
1784631790.5094647,0,0,53720,0,0.0,0.0,0.0,0.0,2.047,0.0
1784631790.5103838,0,0,53730,0,0.0,0.0,0.0,0.0,2.047,0.0
1784631790.513098,0,0,53740,0,0.0,0.0,0.0,0.0,2.047,0.0
1784631790.514852,0,0,53750,0,0.0,0.0,0.0,0.0,2.046,0.0
1784631790.6304743,0,0,53760,0,0.0,0.0,0.0,0.0,2.046,0.0
1784631790.6317344,0,0,53770,0,0.0,0.0,0.0,0.0,2.045,0.0
1784631790.6328127,0,0,53780,0,0.0,0.0,0.0,0.0,2.045,0.0
1784631790.6338658,0,0,53790,0,0.0,0.0,0.0,0.0,2.045,0.0
1784631790.6347668,0,0,53800,0,0.0,0.0,0.0,0.0,2.044,0.0
1784631790.6370769,0,0,53810,0,0.0,0.0,0.0,0.0,2.044,0.0
1784631790.7631943,0,0,53820,0,0.0,0.0,0.0,0.0,2.044,0.0
1784631790.765124,0,0,53830,0,0.0,0.0,0.0,0.0,2.043,0.0
1784631790.7666004,0,0,53840,0,0.0,0.0,0.0,0.0,2.043,0.0
1784631790.7680728,0,0,53850,0,0.0,0.0,0.0,0.0,2.042,0.0
1784631790.769198,0,0,53860,0,0.0,0.0,0.0,0.0,2.042,0.0
1784631790.7704492,0,0,53870,0,0.0,0.0,0.0,0.0,2.042,0.0
1784631790.8979282,0,0,53880,0,0.0,0.0,0.0,0.0,2.041,0.0
1784631790.9049592,0,0,53890,0,0.0,0.0,0.0,0.0,2.041,0.0
1784631790.906497,0,0,53900,0,0.0,0.0,0.0,0.0,2.04,0.0
1784631790.9081664,0,0,53910,0,0.0,0.0,0.0,0.0,2.04,0.0
1784631790.910132,0,0,53920,0,0.0,0.0,0.0,0.0,2.04,0.0
1784631790.9124022,0,0,53930,0,0.0,0.0,0.0,0.0,2.039,0.0
1784631791.0387282,0,0,53940,0,0.0,0.0,0.0,0.0,2.039,0.0
1784631791.0408847,0,0,53950,0,0.0,0.0,0.0,0.0,2.039,0.0
1784631791.0539653,0,0,53960,0,0.0,0.0,0.0,0.0,2.038,0.0
1784631791.0555196,0,0,53970,0,0.0,0.0,0.0,0.0,2.038,0.0
1784631791.0567684,0,0,53980,0,0.0,0.0,0.0,0.0,2.037,0.0
1784631791.0597084,0,0,53990,0,0.0,0.0,0.0,0.0,2.037,0.0
1784631791.06166,0,0,54000,0,0.0,0.0,0.0,0.0,2.037,0.0
1784631791.0633583,0,0,54010,0,0.0,0.0,0.0,0.0,2.036,0.0
1784631791.0643315,0,0,54020,0,0.0,0.0,0.0,0.0,2.036,0.0
1784631791.0652447,0,0,54030,0,0.0,0.0,0.0,0.0,2.036,0.0
1784631791.0661676,0,0,54040,0,0.0,0.0,0.0,0.0,2.035,0.0
1784631791.0671232,0,0,54050,0,0.0,0.0,0.0,0.0,2.035,0.0
1784631791.068044,0,0,54060,0,0.0,0.0,0.0,0.0,2.034,0.0
1784631791.0690362,0,0,54070,0,0.0,0.0,0.0,0.0,2.034,0.0
1784631791.2090826,0,0,54080,0,0.0,0.0,0.0,0.0,2.034,0.0
1784631791.210692,0,0,54090,0,0.0,0.0,0.0,0.0,2.033,0.0
1784631791.2123573,0,0,54100,0,0.0,0.0,0.0,0.0,2.033,0.0
1784631791.219696,0,0,54110,0,0.0,0.0,0.0,0.0,2.033,0.0
1784631791.2216787,0,0,54120,0,0.0,0.0,0.0,0.0,2.032,0.0
1784631791.224426,0,0,54130,0,0.0,0.0,0.0,0.0,2.032,0.0
1784631791.232275,0,0,54140,0,0.0,0.0,0.0,0.0,2.031,0.0
1784631791.2337337,0,0,54150,0,0.0,0.0,0.0,0.0,2.031,0.0
1784631791.23505,0,0,54160,0,0.0,0.0,0.0,0.0,2.031,0.0
1784631791.2362983,0,0,54170,0,0.0,0.0,0.0,0.0,2.03,0.0
1784631791.2374904,0,0,54180,0,0.0,0.0,0.0,0.0,2.03,0.0
1784631791.2385862,0,0,54190,0,0.0,0.0,0.0,0.0,2.03,0.0
1784631791.2396717,0,0,54200,0,0.0,0.0,0.0,0.0,2.029,0.0
1784631791.2407718,0,0,54210,0,0.0,0.0,0.0,0.0,2.029,0.0
1784631791.241878,0,0,54220,0,0.0,0.0,0.0,0.0,2.028,0.0
1784631791.2430062,0,0,54230,0,0.0,0.0,0.0,0.0,2.028,0.0
1784631791.2446463,0,0,54240,0,0.0,0.0,0.0,0.0,2.028,0.0
1784631791.3699481,0,0,54250,0,0.0,0.0,0.0,0.0,2.027,0.0
1784631791.3716373,0,0,54260,0,0.0,0.0,0.0,0.0,2.027,0.0
1784631791.3793674,0,0,54270,0,0.0,0.0,0.0,0.0,2.027,0.0
1784631791.3818104,0,0,54280,0,0.0,0.0,0.0,0.0,2.026,0.0
1784631791.3834162,0,0,54290,0,0.0,0.0,0.0,0.0,2.026,0.0
1784631791.384355,0,0,54300,0,0.0,0.0,0.0,0.0,2.025,0.0
1784631791.385371,0,0,54310,0,0.0,0.0,0.0,0.0,2.025,0.0
1784631791.3886561,0,0,54320,0,0.0,0.0,0.0,0.0,2.025,0.0
1784631791.3908358,0,0,54330,0,0.0,0.0,0.0,0.0,2.024,0.0
1784631791.392629,0,0,54340,0,0.0,0.0,0.0,0.0,2.024,0.0
1784631791.3942585,0,0,54350,0,0.0,0.0,0.0,0.0,2.024,0.0
1784631791.3955624,0,0,54360,0,0.0,0.0,0.0,0.0,2.023,0.0
1784631791.3968246,0,0,54370,0,0.0,0.0,0.0,0.0,2.023,0.0
1784631791.3980737,0,0,54380,0,0.0,0.0,0.0,0.0,2.022,0.0
1784631791.399216,0,0,54390,0,0.0,0.0,0.0,0.0,2.022,0.0
1784631791.5239444,0,0,54400,0,0.0,0.0,0.0,0.0,2.022,0.0
1784631791.5252,0,0,54410,0,0.0,0.0,0.0,0.0,2.021,0.0
1784631791.528355,0,0,54420,0,0.0,0.0,0.0,0.0,2.021,0.0
1784631791.5306969,0,0,54430,0,0.0,0.0,0.0,0.0,2.021,0.0
1784631791.532264,0,0,54440,0,0.0,0.0,0.0,0.0,2.02,0.0
1784631791.533536,0,0,54450,0,0.0,0.0,0.0,0.0,2.02,0.0
1784631791.5346928,0,0,54460,0,0.0,0.0,0.0,0.0,2.02,0.0
1784631791.5358555,0,0,54470,0,0.0,0.0,0.0,0.0,2.019,0.0
1784631791.5371485,0,0,54480,0,0.0,0.0,0.0,0.0,2.019,0.0
1784631791.5385761,0,0,54490,0,0.0,0.0,0.0,0.0,2.018,0.0
1784631791.5407543,0,0,54500,0,0.0,0.0,0.0,0.0,2.018,0.0
1784631791.5437214,0,0,54510,0,0.0,0.0,0.0,0.0,2.018,0.0
1784631791.5578868,0,0,54520,0,0.0,0.0,0.0,0.0,2.017,0.0
1784631791.5596383,0,0,54530,0,0.0,0.0,0.0,0.0,2.017,0.0
1784631791.5613024,0,0,54540,0,0.0,0.0,0.0,0.0,2.017,0.0
1784631791.68679,0,0,54550,0,0.0,0.0,0.0,0.0,2.016,0.0
1784631791.688083,0,0,54560,0,0.0,0.0,0.0,0.0,2.016,0.0
1784631791.6903312,0,0,54570,0,0.0,0.0,0.0,0.0,2.015,0.0
1784631791.6926258,0,0,54580,0,0.0,0.0,0.0,0.0,2.015,0.0
1784631791.6940792,0,0,54590,0,0.0,0.0,0.0,0.0,2.015,0.0
1784631791.6949277,0,0,54600,0,0.0,0.0,0.0,0.0,2.014,0.0
1784631791.6957164,0,0,54610,0,0.0,0.0,0.0,0.0,2.014,0.0
1784631791.6963763,0,0,54620,0,0.0,0.0,0.0,0.0,2.014,0.0
1784631791.6972535,0,0,54630,0,0.0,0.0,0.0,0.0,2.013,0.0
1784631791.6979003,0,0,54640,0,0.0,0.0,0.0,0.0,2.013,0.0
1784631791.7004204,0,0,54650,0,0.0,0.0,0.0,0.0,2.012,0.0
1784631791.702196,0,0,54660,0,0.0,0.0,0.0,0.0,2.012,0.0
1784631791.7032516,0,0,54670,0,0.0,0.0,0.0,0.0,2.012,0.0
1784631791.7042224,0,0,54680,0,0.0,0.0,0.0,0.0,2.011,0.0
1784631791.7051113,0,0,54690,0,0.0,0.0,0.0,0.0,2.011,0.0
1784631791.7060418,0,0,54700,0,0.0,0.0,0.0,0.0,2.011,0.0
1784631791.706923,0,0,54710,0,0.0,0.0,0.0,0.0,2.01,0.0
1784631791.8115919,0,0,54720,0,0.0,0.0,0.0,0.0,2.01,0.0
1784631791.812856,0,0,54730,0,0.0,0.0,0.0,0.0,2.01,0.0
1784631791.8139129,0,0,54740,0,0.0,0.0,0.0,0.0,2.009,0.0
1784631791.8147821,0,0,54750,0,0.0,0.0,0.0,0.0,2.009,0.0
1784631791.8155143,0,0,54760,0,0.0,0.0,0.0,0.0,2.008,0.0
1784631791.8163483,0,0,54770,0,0.0,0.0,0.0,0.0,2.008,0.0
1784631791.8170433,0,0,54780,0,0.0,0.0,0.0,0.0,2.008,0.0
1784631791.8177648,0,0,54790,0,0.0,0.0,0.0,0.0,2.007,0.0
1784631791.8184762,0,0,54800,0,0.0,0.0,0.0,0.0,2.007,0.0
1784631791.8192828,0,0,54810,0,0.0,0.0,0.0,0.0,2.007,0.0
1784631791.8199425,0,0,54820,0,0.0,0.0,0.0,0.0,2.006,0.0
1784631791.92474,0,0,54830,0,0.0,0.0,0.0,0.0,2.006,0.0
1784631791.9257085,0,0,54840,0,0.0,0.0,0.0,0.0,2.006,0.0
1784631791.9264033,0,0,54850,0,0.0,0.0,0.0,0.0,2.005,0.0
1784631791.9270792,0,0,54860,0,0.0,0.0,0.0,0.0,2.005,0.0
1784631791.9277298,0,0,54870,0,0.0,0.0,0.0,0.0,2.004,0.0
1784631791.92838,0,0,54880,0,0.0,0.0,0.0,0.0,2.004,0.0
1784631791.9290998,0,0,54890,0,0.0,0.0,0.0,0.0,2.004,0.0
1784631792.0375633,0,0,54900,0,0.0,0.0,0.0,0.0,2.003,0.0
1784631792.0384893,0,0,54910,0,0.0,0.0,0.0,0.0,2.003,0.0
1784631792.0392673,0,0,54920,0,0.0,0.0,0.0,0.0,2.003,0.0
1784631792.0399656,0,0,54930,0,0.0,0.0,0.0,0.0,2.002,0.0
1784631792.0406969,0,0,54940,0,0.0,0.0,0.0,0.0,2.002,0.0
1784631792.0414243,0,0,54950,0,0.0,0.0,0.0,0.0,2.002,0.0
1784631792.1520553,0,0,54960,0,0.0,0.0,0.0,0.0,2.001,0.0
1784631792.1529977,0,0,54970,0,0.0,0.0,0.0,0.0,2.001,0.0
1784631792.1538074,0,0,54980,0,0.0,0.0,0.0,0.0,2.0,0.0
1784631792.1544476,0,0,54990,0,0.0,0.0,0.0,0.0,2.0,0.0
1784631792.1552682,0,0,55000,0,0.0,0.0,0.0,0.0,2.0,0.0
1784631792.1559982,0,0,55010,0,0.0,0.0,0.0,0.0,1.999,0.0
1784631792.2625816,0,0,55020,0,0.0,0.0,0.0,0.0,1.999,0.0
1784631792.264197,0,0,55030,0,0.0,0.0,0.0,0.0,1.999,0.0
1784631792.2654572,0,0,55040,0,0.0,0.0,0.0,0.0,1.998,0.0
1784631792.2666345,0,0,55050,0,0.0,0.0,0.0,0.0,1.998,0.0
1784631792.2675114,0,0,55060,0,0.0,0.0,0.0,0.0,1.998,0.0
1784631792.268212,0,0,55070,0,0.0,0.0,0.0,0.0,1.997,0.0
1784631792.38051,0,0,55080,0,0.0,0.0,0.0,0.0,1.997,0.0
1784631792.3814657,0,0,55090,0,0.0,0.0,0.0,0.0,1.996,0.0
1784631792.3821876,0,0,55100,0,0.0,0.0,0.0,0.0,1.996,0.0
1784631792.3828247,0,0,55110,0,0.0,0.0,0.0,0.0,1.996,0.0
1784631792.3835,0,0,55120,0,0.0,0.0,0.0,0.0,1.996,0.0
1784631792.3841174,0,0,55130,0,0.0,0.0,0.0,0.0,1.996,0.0
1784631792.384743,0,0,55140,0,0.0,0.0,0.0,0.0,1.996,0.0
1784631792.3857083,0,0,55150,0,0.0,0.0,0.0,0.0,1.996,0.0
1784631792.3872085,0,0,55160,0,0.0,0.0,0.0,0.0,1.996,0.0
1784631792.5059302,0,0,55170,0,0.0,0.0,0.0,0.0,1.996,0.0
1784631792.5068073,0,0,55180,0,0.0,0.0,0.0,0.0,1.996,0.0
1784631792.5076592,0,0,55190,0,0.0,0.0,0.0,0.0,1.996,0.0
1784631792.5087512,0,0,55200,0,0.0,0.0,0.0,0.0,1.996,0.0
1784631792.5095038,0,0,55210,0,0.0,0.0,0.0,0.0,1.996,0.0
1784631792.5102332,0,0,55220,0,0.0,0.0,0.0,0.0,1.996,0.0
1784631792.5115738,0,0,55230,0,0.0,0.0,0.0,0.0,1.996,0.0
1784631792.512924,0,0,55240,0,0.0,0.0,0.0,0.0,1.996,0.0
1784631792.513876,0,0,55250,0,0.0,0.0,0.0,0.0,1.996,0.0
1784631792.5145555,0,0,55260,0,0.0,0.0,0.0,0.0,1.996,0.0
1784631792.515215,0,0,55270,0,0.0,0.0,0.0,0.0,1.996,0.0
1784631792.5158179,0,0,55280,0,0.0,0.0,0.0,0.0,1.996,0.0
1784631792.5164697,0,0,55290,0,0.0,0.0,0.0,0.0,1.996,0.0
1784631792.5172093,0,0,55300,0,0.0,0.0,0.0,0.0,1.996,0.0
1784631792.5178523,0,0,55310,0,0.0,0.0,0.0,0.0,1.996,0.0
1784631792.518541,0,0,55320,0,0.0,0.0,0.0,0.0,1.996,0.0
1784631792.519175,0,0,55330,0,0.0,0.0,0.0,0.0,1.996,0.0
1784631792.5198138,0,0,55340,0,0.0,0.0,0.0,0.0,1.996,0.0
1784631792.5205321,0,0,55350,0,0.0,0.0,0.0,0.0,1.996,0.0
1784631792.5213065,0,0,55360,0,0.0,0.0,0.0,0.0,1.996,0.0
1784631792.5219398,0,0,55370,0,0.0,0.0,0.0,0.0,1.996,0.0
1784631792.5226183,0,0,55380,0,0.0,0.0,0.0,0.0,1.996,0.0
1784631792.6281433,0,0,55390,0,0.0,0.0,0.0,0.0,1.996,0.0
1784631792.62911,0,0,55400,0,0.0,0.0,0.0,0.0,1.996,0.0
1784631792.6298728,0,0,55410,0,0.0,0.0,0.0,0.0,1.997,0.0
1784631792.6305423,0,0,55420,0,0.0,0.0,0.0,0.0,1.997,0.0
1784631792.6312537,0,0,55430,0,0.0,0.0,0.0,0.0,1.997,0.0
1784631792.6319132,0,0,55440,0,0.0,0.0,0.0,0.0,1.997,0.0
1784631792.6325896,0,0,55450,0,0.0,0.0,0.0,0.0,1.997,0.0
1784631792.633291,0,0,55460,0,0.0,0.0,0.0,0.0,1.997,0.0
1784631792.6339943,0,0,55470,0,0.0,0.0,0.0,0.0,1.997,0.0
1784631792.6346667,0,0,55480,0,0.0,0.0,0.0,0.0,1.997,0.0
1784631792.6356857,0,0,55490,0,0.0,0.0,0.0,0.0,1.997,0.0
1784631792.6368072,0,0,55500,0,0.0,0.0,0.0,0.0,1.997,0.0
1784631792.6381445,0,0,55510,0,0.0,0.0,0.0,0.0,1.997,0.0
1784631792.6390297,0,0,55520,0,0.0,0.0,0.0,0.0,1.997,0.0
1784631792.639723,0,0,55530,0,0.0,0.0,0.0,0.0,1.997,0.0
1784631792.6405663,0,0,55540,0,0.0,0.0,0.0,0.0,1.997,0.0
1784631792.6413054,0,0,55550,0,0.0,0.0,0.0,0.0,1.997,0.0
1784631792.6420982,0,0,55560,0,0.0,0.0,0.0,0.0,1.997,0.0
1784631792.6428123,0,0,55570,0,0.0,0.0,0.0,0.0,1.997,0.0
1784631792.754313,0,0,55580,0,0.0,0.0,0.0,0.0,1.997,0.0
1784631792.7552097,0,0,55590,0,0.0,0.0,0.0,0.0,1.997,0.0
1784631792.7559211,0,0,55600,0,0.0,0.0,0.0,0.0,1.997,0.0
1784631792.756569,0,0,55610,0,0.0,0.0,0.0,0.0,1.997,0.0
1784631792.7572742,0,0,55620,0,0.0,0.0,0.0,0.0,1.997,0.0
1784631792.757919,0,0,55630,0,0.0,0.0,0.0,0.0,1.997,0.0
1784631792.7587044,0,0,55640,0,0.0,0.0,0.0,0.0,1.997,0.0
1784631792.759388,0,0,55650,0,0.0,0.0,0.0,0.0,1.997,0.0
1784631792.7600055,0,0,55660,0,0.0,0.0,0.0,0.0,1.997,0.0
1784631792.761135,0,0,55670,0,0.0,0.0,0.0,0.0,1.997,0.0
1784631792.7624798,0,0,55680,0,0.0,0.0,0.0,0.0,1.997,0.0
1784631792.7636924,0,0,55690,0,0.0,0.0,0.0,0.0,1.997,0.0
1784631792.7646158,0,0,55700,0,0.0,0.0,0.0,0.0,1.997,0.0
1784631792.765512,0,0,55710,0,0.0,0.0,0.0,0.0,1.997,0.0
1784631792.7663293,0,0,55720,0,0.0,0.0,0.0,0.0,1.997,0.0
1784631792.7670066,0,0,55730,0,0.0,0.0,0.0,0.0,1.997,0.0
1784631792.76777,0,0,55740,0,0.0,0.0,0.0,0.0,1.997,0.0
1784631792.7684348,0,0,55750,0,0.0,0.0,0.0,0.0,1.997,0.0
1784631792.7691681,0,0,55760,0,0.0,0.0,0.0,0.0,1.997,0.0
1784631792.7698252,0,0,55770,0,0.0,0.0,0.0,0.0,1.998,0.0
1784631792.7704728,0,0,55780,0,0.0,0.0,0.0,0.0,1.998,0.0
1784631792.8782864,0,0,55790,0,0.0,0.0,0.0,0.0,1.998,0.0
1784631792.8791902,0,0,55800,0,0.0,0.0,0.0,0.0,1.998,0.0
1784631792.879869,0,0,55810,0,0.0,0.0,0.0,0.0,1.998,0.0
1784631792.8805954,0,0,55820,0,0.0,0.0,0.0,0.0,1.998,0.0
1784631792.8813238,0,0,55830,0,0.0,0.0,0.0,0.0,1.998,0.0
1784631792.8820114,0,0,55840,0,0.0,0.0,0.0,0.0,1.998,0.0
1784631792.883144,0,0,55850,0,0.0,0.0,0.0,0.0,1.998,0.0
1784631792.8842778,0,0,55860,0,0.0,0.0,0.0,0.0,1.998,0.0
1784631792.885728,0,0,55870,0,0.0,0.0,0.0,0.0,1.998,0.0
1784631792.887406,0,0,55880,0,0.0,0.0,0.0,0.0,1.998,0.0
1784631792.8887393,0,0,55890,0,0.0,0.0,0.0,0.0,1.998,0.0
1784631792.8914714,0,0,55900,0,0.0,0.0,0.0,0.0,1.998,0.0
1784631792.8925297,0,0,55910,0,0.0,0.0,0.0,0.0,1.998,0.0
1784631792.893363,0,0,55920,0,0.0,0.0,0.0,0.0,1.998,0.0
1784631792.8941855,0,0,55930,0,0.0,0.0,0.0,0.0,1.998,0.0
1784631792.894942,0,0,55940,0,0.0,0.0,0.0,0.0,1.998,0.0
1784631792.895769,0,0,55950,0,0.0,0.0,0.0,0.0,1.998,0.0
1784631792.8965285,0,0,55960,0,0.0,0.0,0.0,0.0,1.998,0.0
1784631793.0107512,0,0,55970,0,0.0,0.0,0.0,0.0,1.998,0.0
1784631793.0126183,0,0,55980,0,0.0,0.0,0.0,0.0,1.998,0.0
1784631793.0137274,0,0,55990,0,0.0,0.0,0.0,0.0,1.998,0.0
1784631793.0144448,0,0,56000,0,0.0,0.0,0.0,0.0,1.999,0.0
1784631793.0151958,0,0,56010,0,0.0,0.0,0.0,0.0,1.999,0.0
1784631793.015866,0,0,56020,0,0.0,0.0,0.0,0.0,1.999,0.0
1784631793.0165389,0,0,56030,0,0.0,0.0,0.0,0.0,1.999,0.0
1784631793.0172577,0,0,56040,0,0.0,0.0,0.0,0.0,1.999,0.0
1784631793.017907,0,0,56050,0,0.0,0.0,0.0,0.0,1.999,0.0
1784631793.0185304,0,0,56060,0,0.0,0.0,0.0,0.0,1.999,0.0
1784631793.019226,0,0,56070,0,0.0,0.0,0.0,0.0,1.999,0.0
1784631793.0198743,0,0,56080,0,0.0,0.0,0.0,0.0,1.999,0.0
1784631793.0205443,0,0,56090,0,0.0,0.0,0.0,0.0,1.999,0.0
1784631793.0218022,0,0,56100,0,0.0,0.0,0.0,0.0,1.999,0.0
1784631793.0225775,0,0,56110,0,0.0,0.0,0.0,0.0,1.999,0.0
1784631793.0233572,0,0,56120,0,0.0,0.0,0.0,0.0,1.999,0.0
1784631793.0240166,0,0,56130,0,0.0,0.0,0.0,0.0,1.999,0.0
1784631793.0247102,0,0,56140,0,0.0,0.0,0.0,0.0,1.999,0.0
1784631793.0253778,0,0,56150,0,0.0,0.0,0.0,0.0,1.999,0.0
1784631793.1338573,0,0,56160,0,0.0,0.0,0.0,0.0,1.999,0.0
1784631793.134896,0,0,56170,0,0.0,0.0,0.0,0.0,2.0,0.0
1784631793.135869,0,0,56180,0,0.0,0.0,0.0,0.0,2.0,0.0
1784631793.1370811,0,0,56190,0,0.0,0.0,0.0,0.0,2.0,0.0
1784631793.1383626,0,0,56200,0,0.0,0.0,0.0,0.0,2.0,0.0
1784631793.1392226,0,0,56210,0,0.0,0.0,0.0,0.0,2.0,0.0
1784631793.1400614,0,0,56220,0,0.0,0.0,0.0,0.0,2.0,0.0
1784631793.1412017,0,0,56230,0,0.0,0.0,0.0,0.0,2.0,0.0
1784631793.1421978,0,0,56240,0,0.0,0.0,0.0,0.0,2.0,0.0
1784631793.1430745,0,0,56250,0,0.0,0.0,0.0,0.0,2.0,0.0
1784631793.1438177,0,0,56260,0,0.0,0.0,0.0,0.0,2.0,0.0
1784631793.145324,0,0,56270,0,0.0,0.0,0.0,0.0,2.0,0.0
1784631793.1462295,0,0,56280,0,0.0,0.0,0.0,0.0,2.0,0.0
1784631793.1470618,0,0,56290,0,0.0,0.0,0.0,0.0,2.0,0.0
1784631793.147726,0,0,56300,0,0.0,0.0,0.0,0.0,2.0,0.0
1784631793.1485589,0,0,56310,0,0.0,0.0,0.0,0.0,2.0,0.0
1784631793.257133,0,0,56320,0,0.0,0.0,0.0,0.0,2.001,0.0
1784631793.258116,0,0,56330,0,0.0,0.0,0.0,0.0,2.001,0.0
1784631793.2589478,0,0,56340,0,0.0,0.0,0.0,0.0,2.001,0.0
1784631793.2596605,0,0,56350,0,0.0,0.0,0.0,0.0,2.001,0.0
1784631793.260348,0,0,56360,0,0.0,0.0,0.0,0.0,2.001,0.0
1784631793.2615924,0,0,56370,0,0.0,0.0,0.0,0.0,2.001,0.0
1784631793.2629468,0,0,56380,0,0.0,0.0,0.0,0.0,2.001,0.0
1784631793.263804,0,0,56390,0,0.0,0.0,0.0,0.0,2.001,0.0
1784631793.264488,0,0,56400,0,0.0,0.0,0.0,0.0,2.001,0.0
1784631793.2654848,0,0,56410,0,0.0,0.0,0.0,0.0,2.001,0.0
1784631793.2687888,0,0,56420,0,0.0,0.0,0.0,0.0,2.001,0.0
1784631793.3863616,0,0,56430,0,0.0,0.0,0.0,0.0,2.001,0.0
1784631793.3885858,0,0,56440,0,0.0,0.0,0.0,0.0,2.001,0.0
1784631793.390219,0,0,56450,0,0.0,0.0,0.0,0.0,2.002,0.0
1784631793.3919606,0,0,56460,0,0.0,0.0,0.0,0.0,2.002,0.0
1784631793.392949,0,0,56470,0,0.0,0.0,0.0,0.0,2.002,0.0
1784631793.3936741,0,0,56480,0,0.0,0.0,0.0,0.0,2.002,0.0
1784631793.3944201,0,0,56490,0,0.0,0.0,0.0,0.0,2.002,0.0
1784631793.3953154,0,0,56500,0,0.0,0.0,0.0,0.0,2.002,0.0
1784631793.396077,0,0,56510,0,0.0,0.0,0.0,0.0,2.002,0.0
1784631793.3968208,0,0,56520,0,0.0,0.0,0.0,0.0,2.002,0.0
1784631793.3976057,0,0,56530,0,0.0,0.0,0.0,0.0,2.002,0.0
1784631793.3992164,0,0,56540,0,0.0,0.0,0.0,0.0,2.002,0.0
1784631793.4006486,0,0,56550,0,0.0,0.0,0.0,0.0,2.002,0.0
1784631793.4015465,0,0,56560,0,0.0,0.0,0.0,0.0,2.002,0.0
1784631793.4023173,0,0,56570,0,0.0,0.0,0.0,0.0,2.003,0.0
1784631793.4032304,0,0,56580,0,0.0,0.0,0.0,0.0,2.003,0.0
1784631793.404138,0,0,56590,0,0.0,0.0,0.0,0.0,2.003,0.0
1784631793.4048893,0,0,56600,0,0.0,0.0,0.0,0.0,2.003,0.0
1784631793.5105016,0,0,56610,0,0.0,0.0,0.0,0.0,2.003,0.0
1784631793.5125294,0,0,56620,0,0.0,0.0,0.0,0.0,2.003,0.0
1784631793.5139515,0,0,56630,0,0.0,0.0,0.0,0.0,2.003,0.0
1784631793.515041,0,0,56640,0,0.0,0.0,0.0,0.0,2.003,0.0
1784631793.5159118,0,0,56650,0,0.0,0.0,0.0,0.0,2.003,0.0
1784631793.516653,0,0,56660,0,0.0,0.0,0.0,0.0,2.003,0.0
1784631793.5174544,0,0,56670,0,0.0,0.0,0.0,0.0,2.004,0.0
1784631793.518255,0,0,56680,0,0.0,0.0,0.0,0.0,2.004,0.0
1784631793.5189886,0,0,56690,0,0.0,0.0,0.0,0.0,2.004,0.0
1784631793.5198796,0,0,56700,0,0.0,0.0,0.0,0.0,2.004,0.0
1784631793.52058,0,0,56710,0,0.0,0.0,0.0,0.0,2.004,0.0
1784631793.5213869,0,0,56720,0,0.0,0.0,0.0,0.0,2.004,0.0
1784631793.5221865,0,0,56730,0,0.0,0.0,0.0,0.0,2.004,0.0
1784631793.5229006,0,0,56740,0,0.0,0.0,0.0,0.0,2.004,0.0
1784631793.5236087,0,0,56750,0,0.0,0.0,0.0,0.0,2.004,0.0
1784631793.5243897,0,0,56760,0,0.0,0.0,0.0,0.0,2.004,0.0
1784631793.6360574,0,0,56770,0,0.0,0.0,0.0,0.0,2.005,0.0
1784631793.638011,0,0,56780,0,0.0,0.0,0.0,0.0,2.005,0.0
1784631793.639166,0,0,56790,0,0.0,0.0,0.0,0.0,2.005,0.0
1784631793.6398835,0,0,56800,0,0.0,0.0,0.0,0.0,2.005,0.0
1784631793.64056,0,0,56810,0,0.0,0.0,0.0,0.0,2.005,0.0
1784631793.6412487,0,0,56820,0,0.0,0.0,0.0,0.0,2.005,0.0
1784631793.6419387,0,0,56830,0,0.0,0.0,0.0,0.0,2.005,0.0
1784631793.642689,0,0,56840,0,0.0,0.0,0.0,0.0,2.005,0.0
1784631793.6433764,0,0,56850,0,0.0,0.0,0.0,0.0,2.005,0.0
1784631793.6441052,0,0,56860,0,0.0,0.0,0.0,0.0,2.006,0.0
1784631793.644745,0,0,56870,0,0.0,0.0,0.0,0.0,2.006,0.0
1784631793.645452,0,0,56880,0,0.0,0.0,0.0,0.0,2.006,0.0
1784631793.6461964,0,0,56890,0,0.0,0.0,0.0,0.0,2.006,0.0
1784631793.646808,0,0,56900,0,0.0,0.0,0.0,0.0,2.006,0.0
1784631793.6475399,0,0,56910,0,0.0,0.0,0.0,0.0,2.006,0.0
1784631793.757628,0,0,56920,0,0.0,0.0,0.0,0.0,2.006,0.0
1784631793.7585392,0,0,56930,0,0.0,0.0,0.0,0.0,2.006,0.0
1784631793.7593603,0,0,56940,0,0.0,0.0,0.0,0.0,2.006,0.0
1784631793.7600236,0,0,56950,0,0.0,0.0,0.0,0.0,2.006,0.0
1784631793.7615166,0,0,56960,0,0.0,0.0,0.0,0.0,2.006,0.0
1784631793.7630067,0,0,56970,0,0.0,0.0,0.0,0.0,2.007,0.0
1784631793.7641199,0,0,56980,0,0.0,0.0,0.0,0.0,2.007,0.0
1784631793.7649956,0,0,56990,0,0.0,0.0,0.0,0.0,2.007,0.0
1784631793.7658153,0,0,57000,0,0.0,0.0,0.0,0.0,2.007,0.0
1784631793.7665327,0,0,57010,0,0.0,0.0,0.0,0.0,2.007,0.0
1784631793.7673163,0,0,57020,0,0.0,0.0,0.0,0.0,2.007,0.0
1784631793.768054,0,0,57030,0,0.0,0.0,0.0,0.0,2.007,0.0
1784631793.7688599,0,0,57040,0,0.0,0.0,0.0,0.0,2.007,0.0
1784631793.7695773,0,0,57050,0,0.0,0.0,0.0,0.0,2.007,0.0
1784631793.9051988,0,0,57060,0,0.0,0.0,0.0,0.0,2.007,0.0
1784631793.906305,0,0,57070,0,0.0,0.0,0.0,0.0,2.007,0.0
1784631793.9070544,0,0,57080,0,0.0,0.0,0.0,0.0,2.007,0.0
1784631793.9077435,0,0,57090,0,0.0,0.0,0.0,0.0,2.007,0.0
1784631793.9084024,0,0,57100,0,0.0,0.0,0.0,0.0,2.007,0.0
1784631793.9091034,0,0,57110,0,0.0,0.0,0.0,0.0,2.006,0.0
1784631793.9097402,0,0,57120,0,0.0,0.0,0.0,0.0,2.006,0.0
1784631793.91057,0,0,57130,0,0.0,0.0,0.0,0.0,2.006,0.0
1784631793.911456,0,0,57140,0,0.0,0.0,0.0,0.0,2.005,0.0
1784631793.9122112,0,0,57150,0,0.0,0.0,0.0,0.0,2.005,0.0
1784631793.9128761,0,0,57160,0,0.0,0.0,0.0,0.0,2.005,0.0
1784631793.9135458,0,0,57170,0,0.0,0.0,0.0,0.0,2.004,0.0
1784631793.920279,0,0,57180,0,0.0,0.0,0.0,0.0,2.004,0.0
1784631793.9212124,0,0,57190,0,0.0,0.0,0.0,0.0,2.004,0.0
1784631793.9219344,0,0,57200,0,0.0,0.0,0.0,0.0,2.003,0.0
1784631793.9226952,0,0,57210,0,0.0,0.0,0.0,0.0,2.003,0.0
1784631793.923407,0,0,57220,0,0.0,0.0,0.0,0.0,2.003,0.0
1784631793.9241443,0,0,57230,0,0.0,0.0,0.0,0.0,2.002,0.0
1784631793.9247818,0,0,57240,0,0.0,0.0,0.0,0.0,2.002,0.0
1784631793.9254212,0,0,57250,0,0.0,0.0,0.0,0.0,2.001,0.0
1784631794.0303125,0,0,57260,0,0.0,0.0,0.0,0.0,2.001,0.0
1784631794.035515,0,0,57270,0,0.0,0.0,0.0,0.0,2.001,0.0
1784631794.0364902,0,0,57280,0,0.0,0.0,0.0,0.0,2.0,0.0
1784631794.03723,0,0,57290,0,0.0,0.0,0.0,0.0,2.0,0.0
1784631794.037893,0,0,57300,0,0.0,0.0,0.0,0.0,2.0,0.0
1784631794.0385714,0,0,57310,0,0.0,0.0,0.0,0.0,1.999,0.0
1784631794.039236,0,0,57320,0,0.0,0.0,0.0,0.0,1.999,0.0
1784631794.0398748,0,0,57330,0,0.0,0.0,0.0,0.0,1.999,0.0
1784631794.0405383,0,0,57340,0,0.0,0.0,0.0,0.0,1.998,0.0
1784631794.0411792,0,0,57350,0,0.0,0.0,0.0,0.0,1.998,0.0
1784631794.0419483,0,0,57360,0,0.0,0.0,0.0,0.0,1.998,0.0
1784631794.0438416,0,0,57370,0,0.0,0.0,0.0,0.0,1.997,0.0
1784631794.0451891,0,0,57380,0,0.0,0.0,0.0,0.0,1.997,0.0
1784631794.0460317,0,0,57390,0,0.0,0.0,0.0,0.0,1.997,0.0
1784631794.0467105,0,0,57400,0,0.0,0.0,0.0,0.0,1.996,0.0
1784631794.047429,0,0,57410,0,0.0,0.0,0.0,0.0,1.996,0.0
1784631794.048214,0,0,57420,0,0.0,0.0,0.0,0.0,1.996,0.0
1784631794.1571178,0,0,57430,0,0.0,0.0,0.0,0.0,1.995,0.0
1784631794.1579924,0,0,57440,0,0.0,0.0,0.0,0.0,1.995,0.0
1784631794.15869,0,0,57450,0,0.0,0.0,0.0,0.0,1.994,0.0
1784631794.1593828,0,0,57460,0,0.0,0.0,0.0,0.0,1.994,0.0
1784631794.1600258,0,0,57470,0,0.0,0.0,0.0,0.0,1.994,0.0
1784631794.1606593,0,0,57480,0,0.0,0.0,0.0,0.0,1.993,0.0
1784631794.161376,0,0,57490,0,0.0,0.0,0.0,0.0,1.993,0.0
1784631794.1621056,0,0,57500,0,0.0,0.0,0.0,0.0,1.993,0.0
1784631794.1627378,0,0,57510,0,0.0,0.0,0.0,0.0,1.992,0.0
1784631794.1635902,0,0,57520,0,0.0,0.0,0.0,0.0,1.992,0.0
1784631794.1643243,0,0,57530,0,0.0,0.0,0.0,0.0,1.992,0.0
1784631794.1651108,0,0,57540,0,0.0,0.0,0.0,0.0,1.991,0.0
1784631794.1658223,0,0,57550,0,0.0,0.0,0.0,0.0,1.991,0.0
1784631794.1669767,0,0,57560,0,0.0,0.0,0.0,0.0,1.991,0.0
1784631794.2757456,0,0,57570,0,0.0,0.0,0.0,0.0,1.99,0.0
1784631794.276952,0,0,57580,0,0.0,0.0,0.0,0.0,1.99,0.0
1784631794.2777786,0,0,57590,0,0.0,0.0,0.0,0.0,1.99,0.0
1784631794.2785408,0,0,57600,0,0.0,0.0,0.0,0.0,1.989,0.0
1784631794.2791986,0,0,57610,0,0.0,0.0,0.0,0.0,1.989,0.0
1784631794.2799428,0,0,57620,0,0.0,0.0,0.0,0.0,1.989,0.0
1784631794.280668,0,0,57630,0,0.0,0.0,0.0,0.0,1.988,0.0
1784631794.2813177,0,0,57640,0,0.0,0.0,0.0,0.0,1.988,0.0
1784631794.282043,0,0,57650,0,0.0,0.0,0.0,0.0,1.988,0.0
1784631794.2827203,0,0,57660,0,0.0,0.0,0.0,0.0,1.987,0.0
1784631794.2833872,0,0,57670,0,0.0,0.0,0.0,0.0,1.987,0.0
1784631794.284144,0,0,57680,0,0.0,0.0,0.0,0.0,1.987,0.0
1784631794.2848437,0,0,57690,0,0.0,0.0,0.0,0.0,1.986,0.0
1784631794.3948882,0,0,57700,0,0.0,0.0,0.0,0.0,1.986,0.0
1784631794.3959107,0,0,57710,0,0.0,0.0,0.0,0.0,1.986,0.0
1784631794.3966951,0,0,57720,0,0.0,0.0,0.0,0.0,1.985,0.0
1784631794.3975115,0,0,57730,0,0.0,0.0,0.0,0.0,1.985,0.0
1784631794.3982556,0,0,57740,0,0.0,0.0,0.0,0.0,1.984,0.0
1784631794.3989556,0,0,57750,0,0.0,0.0,0.0,0.0,1.984,0.0
1784631794.3996215,0,0,57760,0,0.0,0.0,0.0,0.0,1.984,0.0
1784631794.4004183,0,0,57770,0,0.0,0.0,0.0,0.0,1.983,0.0
1784631794.4013338,0,0,57780,0,0.0,0.0,0.0,0.0,1.983,0.0
1784631794.4022064,0,0,57790,0,0.0,0.0,0.0,0.0,1.983,0.0
1784631794.4029179,0,0,57800,0,0.0,0.0,0.0,0.0,1.982,0.0
1784631794.4035761,0,0,57810,0,0.0,0.0,0.0,0.0,1.982,0.0
1784631794.4043138,0,0,57820,0,0.0,0.0,0.0,0.0,1.982,0.0
1784631794.4049487,0,0,57830,0,0.0,0.0,0.0,0.0,1.981,0.0
1784631794.5197444,0,0,57840,0,0.0,0.0,0.0,0.0,1.981,0.0
1784631794.5205462,0,0,57850,0,0.0,0.0,0.0,0.0,1.981,0.0
1784631794.5213184,0,0,57860,0,0.0,0.0,0.0,0.0,1.98,0.0
1784631794.5220451,0,0,57870,0,0.0,0.0,0.0,0.0,1.98,0.0
1784631794.5227113,0,0,57880,0,0.0,0.0,0.0,0.0,1.98,0.0
1784631794.5233676,0,0,57890,0,0.0,0.0,0.0,0.0,1.979,0.0
1784631794.5241113,0,0,57900,0,0.0,0.0,0.0,0.0,1.979,0.0
1784631794.5247605,0,0,57910,0,0.0,0.0,0.0,0.0,1.979,0.0
1784631794.525407,0,0,57920,0,0.0,0.0,0.0,0.0,1.978,0.0
1784631794.5264218,0,0,57930,0,0.0,0.0,0.0,0.0,1.978,0.0
1784631794.5290127,0,0,57940,0,0.0,0.0,0.0,0.0,1.978,0.0
1784631794.5299194,0,0,57950,0,0.0,0.0,0.0,0.0,1.977,0.0
1784631794.530821,0,0,57960,0,0.0,0.0,0.0,0.0,1.977,0.0
1784631794.6352828,0,0,57970,0,0.0,0.0,0.0,0.0,1.977,0.0
1784631794.637408,0,0,57980,0,0.0,0.0,0.0,0.0,1.976,0.0
1784631794.6402736,0,0,57990,0,0.0,0.0,0.0,0.0,1.976,0.0
1784631794.6411223,0,0,58000,0,0.0,0.0,0.0,0.0,1.976,0.0
1784631794.6419985,0,0,58010,0,0.0,0.0,0.0,0.0,1.975,0.0
1784631794.6429503,0,0,58020,0,0.0,0.0,0.0,0.0,1.975,0.0
1784631794.643696,0,0,58030,0,0.0,0.0,0.0,0.0,1.975,0.0
1784631794.6443818,0,0,58040,0,0.0,0.0,0.0,0.0,1.974,0.0
1784631794.6451223,0,0,58050,0,0.0,0.0,0.0,0.0,1.974,0.0
1784631794.645783,0,0,58060,0,0.0,0.0,0.0,0.0,1.974,0.0
1784631794.6464705,0,0,58070,0,0.0,0.0,0.0,0.0,1.973,0.0
1784631794.758658,0,0,58080,0,0.0,0.0,0.0,0.0,1.973,0.0
1784631794.7601228,0,0,58090,0,0.0,0.0,0.0,0.0,1.973,0.0
1784631794.7621915,0,0,58100,0,0.0,0.0,0.0,0.0,1.972,0.0
1784631794.7640896,0,0,58110,0,0.0,0.0,0.0,0.0,1.972,0.0
1784631794.7651026,0,0,58120,0,0.0,0.0,0.0,0.0,1.972,0.0
1784631794.7658777,0,0,58130,0,0.0,0.0,0.0,0.0,1.971,0.0
1784631794.7667396,0,0,58140,0,0.0,0.0,0.0,0.0,1.971,0.0
1784631794.7675393,0,0,58150,0,0.0,0.0,0.0,0.0,1.97,0.0
1784631794.768273,0,0,58160,0,0.0,0.0,0.0,0.0,1.97,0.0
1784631794.769017,0,0,58170,0,0.0,0.0,0.0,0.0,1.97,0.0
1784631794.7697718,0,0,58180,0,0.0,0.0,0.0,0.0,1.969,0.0
1784631794.7707353,0,0,58190,0,0.0,0.0,0.0,0.0,1.969,0.0
1784631794.7715719,0,0,58200,0,0.0,0.0,0.0,0.0,1.969,0.0
1784631794.7722774,0,0,58210,0,0.0,0.0,0.0,0.0,1.968,0.0
1784631794.8782248,0,0,58220,0,0.0,0.0,0.0,0.0,1.968,0.0
1784631794.8793058,0,0,58230,0,0.0,0.0,0.0,0.0,1.968,0.0
1784631794.8800752,0,0,58240,0,0.0,0.0,0.0,0.0,1.967,0.0
1784631794.881362,0,0,58250,0,0.0,0.0,0.0,0.0,1.967,0.0
1784631794.8826504,0,0,58260,0,0.0,0.0,0.0,0.0,1.967,0.0
1784631794.883722,0,0,58270,0,0.0,0.0,0.0,0.0,1.966,0.0
1784631794.8846536,0,0,58280,0,0.0,0.0,0.0,0.0,1.966,0.0
1784631794.8854408,0,0,58290,0,0.0,0.0,0.0,0.0,1.966,0.0
1784631794.8866878,0,0,58300,0,0.0,0.0,0.0,0.0,1.965,0.0
1784631794.889579,0,0,58310,0,0.0,0.0,0.0,0.0,1.965,0.0
1784631794.8906355,0,0,58320,0,0.0,0.0,0.0,0.0,1.965,0.0
1784631794.8914645,0,0,58330,0,0.0,0.0,0.0,0.0,1.964,0.0
1784631794.998612,0,0,58340,0,0.0,0.0,0.0,0.0,1.964,0.0
1784631794.999875,0,0,58350,0,0.0,0.0,0.0,0.0,1.964,0.0
1784631795.0007408,0,0,58360,0,0.0,0.0,0.0,0.0,1.963,0.0
1784631795.001753,0,0,58370,0,0.0,0.0,0.0,0.0,1.963,0.0
1784631795.0025196,0,0,58380,0,0.0,0.0,0.0,0.0,1.963,0.0
1784631795.0033371,0,0,58390,0,0.0,0.0,0.0,0.0,1.962,0.0
1784631795.004143,0,0,58400,0,0.0,0.0,0.0,0.0,1.962,0.0
1784631795.0048885,0,0,58410,0,0.0,0.0,0.0,0.0,1.962,0.0
1784631795.0056314,0,0,58420,0,0.0,0.0,0.0,0.0,1.961,0.0
1784631795.0064254,0,0,58430,0,0.0,0.0,0.0,0.0,1.961,0.0
1784631795.1209977,0,0,58440,0,0.0,0.0,0.0,0.0,1.961,0.0
1784631795.1220365,0,0,58450,0,0.0,0.0,0.0,0.0,1.96,0.0
1784631795.1228101,0,0,58460,0,0.0,0.0,0.0,0.0,1.96,0.0
1784631795.1236887,0,0,58470,0,0.0,0.0,0.0,0.0,1.96,0.0
1784631795.1245286,0,0,58480,0,0.0,0.0,0.0,0.0,1.959,0.0
1784631795.1253502,0,0,58490,0,0.0,0.0,0.0,0.0,1.959,0.0
1784631795.126118,0,0,58500,0,0.0,0.0,0.0,0.0,1.959,0.0
1784631795.1270185,0,0,58510,0,0.0,0.0,0.0,0.0,1.958,0.0
1784631795.1280067,0,0,58520,0,0.0,0.0,0.0,0.0,1.958,0.0
1784631795.1288426,0,0,58530,0,0.0,0.0,0.0,0.0,1.958,0.0
1784631795.1296206,0,0,58540,0,0.0,0.0,0.0,0.0,1.957,0.0
1784631795.2367265,0,0,58550,0,0.0,0.0,0.0,0.0,1.957,0.0
1784631795.2381935,0,0,58560,0,0.0,0.0,0.0,0.0,1.957,0.0
1784631795.239891,0,0,58570,0,0.0,0.0,0.0,0.0,1.956,0.0
1784631795.2414594,0,0,58580,0,0.0,0.0,0.0,0.0,1.956,0.0
1784631795.2429514,0,0,58590,0,0.0,0.0,0.0,0.0,1.956,0.0
1784631795.2500498,0,0,58600,0,0.0,0.0,0.0,0.0,1.955,0.0
1784631795.251209,0,0,58610,0,0.0,0.0,0.0,0.0,1.955,0.0
1784631795.2520866,0,0,58620,0,0.0,0.0,0.0,0.0,1.955,0.0
1784631795.253237,0,0,58630,0,0.0,0.0,0.0,0.0,1.954,0.0
1784631795.2541847,0,0,58640,0,0.0,0.0,0.0,0.0,1.954,0.0
1784631795.2548733,0,0,58650,0,0.0,0.0,0.0,0.0,1.954,0.0
1784631795.2625155,0,0,58660,0,0.0,0.0,0.0,0.0,1.953,0.0
1784631795.3691902,0,0,58670,0,0.0,0.0,0.0,0.0,1.953,0.0
1784631795.370249,0,0,58680,0,0.0,0.0,0.0,0.0,1.953,0.0
1784631795.3711588,0,0,58690,0,0.0,0.0,0.0,0.0,1.952,0.0
1784631795.3720345,0,0,58700,0,0.0,0.0,0.0,0.0,1.952,0.0
1784631795.3793523,0,0,58710,0,0.0,0.0,0.0,0.0,1.952,0.0
1784631795.3835082,0,0,58720,0,0.0,0.0,0.0,0.0,1.951,0.0
1784631795.3847468,0,0,58730,0,0.0,0.0,0.0,0.0,1.951,0.0
1784631795.3857982,0,0,58740,0,0.0,0.0,0.0,0.0,1.951,0.0
1784631795.3871133,0,0,58750,0,0.0,0.0,0.0,0.0,1.95,0.0
1784631795.3885586,0,0,58760,0,0.0,0.0,0.0,0.0,1.95,0.0
1784631795.38952,0,0,58770,0,0.0,0.0,0.0,0.0,1.95,0.0
1784631795.390236,0,0,58780,0,0.0,0.0,0.0,0.0,1.949,0.0
1784631795.3911633,0,0,58790,0,0.0,0.0,0.0,0.0,1.949,0.0
1784631795.3920336,0,0,58800,0,0.0,0.0,0.0,0.0,1.949,0.0
1784631795.5016227,0,0,58810,0,0.0,0.0,0.0,0.0,1.948,0.0
1784631795.503371,0,0,58820,0,0.0,0.0,0.0,0.0,1.948,0.0
1784631795.5043955,0,0,58830,0,0.0,0.0,0.0,0.0,1.948,0.0
1784631795.5053608,0,0,58840,0,0.0,0.0,0.0,0.0,1.947,0.0
1784631795.5062592,0,0,58850,0,0.0,0.0,0.0,0.0,1.947,0.0
1784631795.507152,0,0,58860,0,0.0,0.0,0.0,0.0,1.947,0.0
1784631795.5079393,0,0,58870,0,0.0,0.0,0.0,0.0,1.946,0.0
1784631795.5086198,0,0,58880,0,0.0,0.0,0.0,0.0,1.946,0.0
1784631795.509322,0,0,58890,0,0.0,0.0,0.0,0.0,1.946,0.0
1784631795.5099525,0,0,58900,0,0.0,0.0,0.0,0.0,1.945,0.0
1784631795.5109751,0,0,58910,0,0.0,0.0,0.0,0.0,1.945,0.0
1784631795.5124557,0,0,58920,0,0.0,0.0,0.0,0.0,1.945,0.0
1784631795.6176555,0,0,58930,0,0.0,0.0,0.0,0.0,1.944,0.0
1784631795.6187723,0,0,58940,0,0.0,0.0,0.0,0.0,1.944,0.0
1784631795.6198456,0,0,58950,0,0.0,0.0,0.0,0.0,1.944,0.0
1784631795.6207845,0,0,58960,0,0.0,0.0,0.0,0.0,1.943,0.0
1784631795.621688,0,0,58970,0,0.0,0.0,0.0,0.0,1.943,0.0
1784631795.6225207,0,0,58980,0,0.0,0.0,0.0,0.0,1.943,0.0
1784631795.6233687,0,0,58990,0,0.0,0.0,0.0,0.0,1.942,0.0
1784631795.624303,0,0,59000,0,0.0,0.0,0.0,0.0,1.942,0.0
1784631795.6250625,0,0,59010,0,0.0,0.0,0.0,0.0,1.942,0.0
1784631795.6266901,0,0,59020,0,0.0,0.0,0.0,0.0,1.941,0.0
1784631795.628765,0,0,59030,0,0.0,0.0,0.0,0.0,1.941,0.0
1784631795.7436945,0,0,59040,0,0.0,0.0,0.0,0.0,1.941,0.0
1784631795.7459679,0,0,59050,0,0.0,0.0,0.0,0.0,1.94,0.0
1784631795.746935,0,0,59060,0,0.0,0.0,0.0,0.0,1.94,0.0
1784631795.7478263,0,0,59070,0,0.0,0.0,0.0,0.0,1.94,0.0
1784631795.7486296,0,0,59080,0,0.0,0.0,0.0,0.0,1.939,0.0
1784631795.7498643,0,0,59090,0,0.0,0.0,0.0,0.0,1.939,0.0
1784631795.7509012,0,0,59100,0,0.0,0.0,0.0,0.0,1.939,0.0
1784631795.7517838,0,0,59110,0,0.0,0.0,0.0,0.0,1.938,0.0
1784631795.752513,0,0,59120,0,0.0,0.0,0.0,0.0,1.938,0.0
1784631795.7533243,0,0,59130,0,0.0,0.0,0.0,0.0,1.938,0.0
1784631795.7541013,0,0,59140,0,0.0,0.0,0.0,0.0,1.938,0.0
1784631795.7548506,0,0,59150,0,0.0,0.0,0.0,0.0,1.937,0.0
1784631795.8585384,0,0,59160,0,0.0,0.0,0.0,0.0,1.937,0.0
1784631795.8597898,0,0,59170,0,0.0,0.0,0.0,0.0,1.937,0.0
1784631795.8612533,0,0,59180,0,0.0,0.0,0.0,0.0,1.936,0.0
1784631795.86233,0,0,59190,0,0.0,0.0,0.0,0.0,1.936,0.0
1784631795.8631883,0,0,59200,0,0.0,0.0,0.0,0.0,1.936,0.0
1784631795.8639345,0,0,59210,0,0.0,0.0,0.0,0.0,1.935,0.0
1784631795.8647304,0,0,59220,0,0.0,0.0,0.0,0.0,1.935,0.0
1784631795.8653922,0,0,59230,0,0.0,0.0,0.0,0.0,1.935,0.0
1784631795.8662028,0,0,59240,0,0.0,0.0,0.0,0.0,1.935,0.0
1784631795.867205,0,0,59250,0,0.0,0.0,0.0,0.0,1.935,0.0
1784631795.8681712,0,0,59260,0,0.0,0.0,0.0,0.0,1.935,0.0
1784631795.8691578,0,0,59270,0,0.0,0.0,0.0,0.0,1.935,0.0
1784631795.8700707,0,0,59280,0,0.0,0.0,0.0,0.0,1.935,0.0
1784631795.87094,0,0,59290,0,0.0,0.0,0.0,0.0,1.935,0.0
1784631795.8719196,0,0,59300,0,0.0,0.0,0.0,0.0,1.935,0.0
1784631795.8729048,0,0,59310,0,0.0,0.0,0.0,0.0,1.935,0.0
1784631795.8737297,0,0,59320,0,0.0,0.0,0.0,0.0,1.935,0.0
1784631795.874434,0,0,59330,0,0.0,0.0,0.0,0.0,1.935,0.0
1784631795.8752167,0,0,59340,0,0.0,0.0,0.0,0.0,1.934,0.0
1784631795.8759441,0,0,59350,0,0.0,0.0,0.0,0.0,1.934,0.0
1784631795.8766885,0,0,59360,0,0.0,0.0,0.0,0.0,1.934,0.0
1784631795.8773386,0,0,59370,0,0.0,0.0,0.0,0.0,1.934,0.0
1784631795.8779776,0,0,59380,0,0.0,0.0,0.0,0.0,1.934,0.0
1784631795.9871697,0,0,59390,0,0.0,0.0,0.0,0.0,1.934,0.0
1784631795.9880533,0,0,59400,0,0.0,0.0,0.0,0.0,1.934,0.0
1784631795.988796,0,0,59410,0,0.0,0.0,0.0,0.0,1.934,0.0
1784631795.989659,0,0,59420,0,0.0,0.0,0.0,0.0,1.933,0.0
1784631795.9903452,0,0,59430,0,0.0,0.0,0.0,0.0,1.933,0.0
1784631795.99113,0,0,59440,0,0.0,0.0,0.0,0.0,1.933,0.0
1784631795.9918306,0,0,59450,0,0.0,0.0,0.0,0.0,1.933,0.0
1784631795.9925814,0,0,59460,0,0.0,0.0,0.0,0.0,1.933,0.0
1784631795.9932194,0,0,59470,0,0.0,0.0,0.0,0.0,1.933,0.0
1784631795.9940217,0,0,59480,0,0.0,0.0,0.0,0.0,1.932,0.0
1784631795.9948676,0,0,59490,0,0.0,0.0,0.0,0.0,1.932,0.0
1784631795.9957635,0,0,59500,0,0.0,0.0,0.0,0.0,1.932,0.0
1784631795.997569,0,0,59510,0,0.0,0.0,0.0,0.0,1.932,0.0
1784631796.0002081,0,0,59520,0,0.0,0.0,0.0,0.0,1.932,0.0
1784631796.0016694,0,0,59530,0,0.0,0.0,0.0,0.0,1.931,0.0
1784631796.003216,0,0,59540,0,0.0,0.0,0.0,0.0,1.931,0.0
1784631796.004477,0,0,59550,0,0.0,0.0,0.0,0.0,1.931,0.0
1784631796.0053473,0,0,59560,0,0.0,0.0,0.0,0.0,1.931,0.0
1784631796.0062056,0,0,59570,0,0.0,0.0,0.0,0.0,1.93,0.0
1784631796.0069728,0,0,59580,0,0.0,0.0,0.0,0.0,1.93,0.0
1784631796.0076408,0,0,59590,0,0.0,0.0,0.0,0.0,1.93,0.0
1784631796.0083263,0,0,59600,0,0.0,0.0,0.0,0.0,1.93,0.0
1784631796.0089922,0,0,59610,0,0.0,0.0,0.0,0.0,1.929,0.0
1784631796.0158753,0,0,59620,0,0.0,0.0,0.0,0.0,1.929,0.0
1784631796.1405165,0,0,59630,0,0.0,0.0,0.0,0.0,1.929,0.0
1784631796.1414132,0,0,59640,0,0.0,0.0,0.0,0.0,1.928,0.0
1784631796.1421547,0,0,59650,0,0.0,0.0,0.0,0.0,1.928,0.0
1784631796.1428583,0,0,59660,0,0.0,0.0,0.0,0.0,1.928,0.0
1784631796.1435487,0,0,59670,0,0.0,0.0,0.0,0.0,1.927,0.0
1784631796.1443129,0,0,59680,0,0.0,0.0,0.0,0.0,1.927,0.0
1784631796.1451032,0,0,59690,0,0.0,0.0,0.0,0.0,1.927,0.0
1784631796.1460485,0,0,59700,0,0.0,0.0,0.0,0.0,1.926,0.0
1784631796.1468058,0,0,59710,0,0.0,0.0,0.0,0.0,1.926,0.0
1784631796.1475246,0,0,59720,0,0.0,0.0,0.0,0.0,1.926,0.0
1784631796.1483312,0,0,59730,0,0.0,0.0,0.0,0.0,1.925,0.0
1784631796.149047,0,0,59740,0,0.0,0.0,0.0,0.0,1.925,0.0
1784631796.1501093,0,0,59750,0,0.0,0.0,0.0,0.0,1.925,0.0
1784631796.1514368,0,0,59760,0,0.0,0.0,0.0,0.0,1.924,0.0
1784631796.1525507,0,0,59770,0,0.0,0.0,0.0,0.0,1.924,0.0
1784631796.1534593,0,0,59780,0,0.0,0.0,0.0,0.0,1.924,0.0
1784631796.154296,0,0,59790,0,0.0,0.0,0.0,0.0,1.923,0.0
1784631796.1550403,0,0,59800,0,0.0,0.0,0.0,0.0,1.923,0.0
1784631796.1559165,0,0,59810,0,0.0,0.0,0.0,0.0,1.923,0.0
1784631796.1565967,0,0,59820,0,0.0,0.0,0.0,0.0,1.922,0.0
1784631796.2618992,0,0,59830,0,0.0,0.0,0.0,0.0,1.922,0.0
1784631796.263516,0,0,59840,0,0.0,0.0,0.0,0.0,1.922,0.0
1784631796.264504,0,0,59850,0,0.0,0.0,0.0,0.0,1.921,0.0
1784631796.2653089,0,0,59860,0,0.0,0.0,0.0,0.0,1.921,0.0
1784631796.266505,0,0,59870,0,0.0,0.0,0.0,0.0,1.921,0.0
1784631796.2678082,0,0,59880,0,0.0,0.0,0.0,0.0,1.92,0.0
1784631796.269018,0,0,59890,0,0.0,0.0,0.0,0.0,1.92,0.0
1784631796.269855,0,0,59900,0,0.0,0.0,0.0,0.0,1.92,0.0
1784631796.2706223,0,0,59910,0,0.0,0.0,0.0,0.0,1.92,0.0
1784631796.271381,0,0,59920,0,0.0,0.0,0.0,0.0,1.919,0.0
1784631796.2720542,0,0,59930,0,0.0,0.0,0.0,0.0,1.919,0.0
1784631796.2727418,0,0,59940,0,0.0,0.0,0.0,0.0,1.919,0.0
1784631796.2734187,0,0,59950,0,0.0,0.0,0.0,0.0,1.918,0.0
1784631796.2741678,0,0,59960,0,0.0,0.0,0.0,0.0,1.918,0.0
1784631796.3789587,0,0,59970,0,0.0,0.0,0.0,0.0,1.918,0.0
1784631796.3832014,0,0,59980,0,0.0,0.0,0.0,0.0,1.917,0.0
1784631796.3928163,0,0,59990,0,0.0,0.0,0.0,0.0,1.917,0.0
1784631796.3937309,0,0,60000,0,0.0,0.0,0.0,0.0,1.917,0.0
1784631796.3945262,0,0,60010,0,0.0,0.0,0.0,0.0,1.916,0.0
1784631796.3952587,0,0,60020,0,0.0,0.0,0.0,0.0,1.916,0.0
1784631796.3960814,0,0,60030,0,0.0,0.0,0.0,0.0,1.916,0.0
1784631796.3970091,0,0,60040,0,0.0,0.0,0.0,0.0,1.915,0.0
1784631796.3978515,0,0,60050,0,0.0,0.0,0.0,0.0,1.915,0.0
1784631796.3985686,0,0,60060,0,0.0,0.0,0.0,0.0,1.915,0.0
1784631796.3993516,0,0,60070,0,0.0,0.0,0.0,0.0,1.914,0.0
1784631796.4000843,0,0,60080,0,0.0,0.0,0.0,0.0,1.914,0.0
1784631796.4007714,0,0,60090,0,0.0,0.0,0.0,0.0,1.914,0.0
1784631796.5166304,0,0,60100,0,0.0,0.0,0.0,0.0,1.913,0.0
1784631796.5176766,0,0,60110,0,0.0,0.0,0.0,0.0,1.913,0.0
1784631796.5185204,0,0,60120,0,0.0,0.0,0.0,0.0,1.913,0.0
1784631796.5193105,0,0,60130,0,0.0,0.0,0.0,0.0,1.913,0.0
1784631796.5200672,0,0,60140,0,0.0,0.0,0.0,0.0,1.912,0.0
1784631796.5207822,0,0,60150,0,0.0,0.0,0.0,0.0,1.912,0.0
1784631796.5215652,0,0,60160,0,0.0,0.0,0.0,0.0,1.912,0.0
1784631796.5223055,0,0,60170,0,0.0,0.0,0.0,0.0,1.911,0.0
1784631796.523096,0,0,60180,0,0.0,0.0,0.0,0.0,1.911,0.0
1784631796.523866,0,0,60190,0,0.0,0.0,0.0,0.0,1.911,0.0
1784631796.5247676,0,0,60200,0,0.0,0.0,0.0,0.0,1.91,0.0
1784631796.5256138,0,0,60210,0,0.0,0.0,0.0,0.0,1.91,0.0
1784631796.526393,0,0,60220,0,0.0,0.0,0.0,0.0,1.91,0.0
1784631796.527106,0,0,60230,0,0.0,0.0,0.0,0.0,1.909,0.0
1784631796.5277488,0,0,60240,0,0.0,0.0,0.0,0.0,1.909,0.0
1784631796.6488554,0,0,60250,0,0.0,0.0,0.0,0.0,1.909,0.0
1784631796.649714,0,0,60260,0,0.0,0.0,0.0,0.0,1.908,0.0
1784631796.6505215,0,0,60270,0,0.0,0.0,0.0,0.0,1.908,0.0
1784631796.651337,0,0,60280,0,0.0,0.0,0.0,0.0,1.908,0.0
1784631796.6521158,0,0,60290,0,0.0,0.0,0.0,0.0,1.907,0.0
1784631796.6528327,0,0,60300,0,0.0,0.0,0.0,0.0,1.907,0.0
1784631796.6536176,0,0,60310,0,0.0,0.0,0.0,0.0,1.907,0.0
1784631796.6543908,0,0,60320,0,0.0,0.0,0.0,0.0,1.906,0.0
1784631796.6551402,0,0,60330,0,0.0,0.0,0.0,0.0,1.906,0.0
1784631796.6558917,0,0,60340,0,0.0,0.0,0.0,0.0,1.906,0.0
1784631796.6566575,0,0,60350,0,0.0,0.0,0.0,0.0,1.906,0.0
1784631796.7679744,0,0,60360,0,0.0,0.0,0.0,0.0,1.905,0.0
1784631796.7716694,0,0,60370,0,0.0,0.0,0.0,0.0,1.905,0.0
1784631796.7742605,0,0,60380,0,0.0,0.0,0.0,0.0,1.905,0.0
1784631796.7757428,0,0,60390,0,0.0,0.0,0.0,0.0,1.904,0.0
1784631796.776886,0,0,60400,0,0.0,0.0,0.0,0.0,1.904,0.0
1784631796.7780068,0,0,60410,0,0.0,0.0,0.0,0.0,1.904,0.0
1784631796.7792459,0,0,60420,0,0.0,0.0,0.0,0.0,1.903,0.0
1784631796.780636,0,0,60430,0,0.0,0.0,0.0,0.0,1.903,0.0
1784631796.7831483,0,0,60440,0,0.0,0.0,0.0,0.0,1.903,0.0
1784631796.786563,0,0,60450,0,0.0,0.0,0.0,0.0,1.902,0.0
1784631796.7887385,0,0,60460,0,0.0,0.0,0.0,0.0,1.902,0.0
1784631796.7909036,0,0,60470,0,0.0,0.0,0.0,0.0,1.902,0.0
1784631796.7933733,0,0,60480,0,0.0,0.0,0.0,0.0,1.901,0.0
1784631796.7958856,0,0,60490,0,0.0,0.0,0.0,0.0,1.901,0.0
1784631796.797743,0,0,60500,0,0.0,0.0,0.0,0.0,1.901,0.0
1784631796.9197912,0,0,60510,0,0.0,0.0,0.0,0.0,1.901,0.0
1784631796.9262471,0,0,60520,0,0.0,0.0,0.0,0.0,1.9,0.0
1784631796.9318905,0,0,60530,0,0.0,0.0,0.0,0.0,1.9,0.0
1784631796.933793,0,0,60540,0,0.0,0.0,0.0,0.0,1.9,0.0
1784631796.9369154,0,0,60550,0,0.0,0.0,0.0,0.0,1.899,0.0
1784631796.9414997,0,0,60560,0,0.0,0.0,0.0,0.0,1.899,0.0
1784631796.9441636,0,0,60570,0,0.0,0.0,0.0,0.0,1.899,0.0
1784631796.9472542,0,0,60580,0,0.0,0.0,0.0,0.0,1.898,0.0
1784631796.9550211,0,0,60590,0,0.0,0.0,0.0,0.0,1.898,0.0
1784631796.9592707,0,0,60600,0,0.0,0.0,0.0,0.0,1.898,0.0
1784631796.963761,0,0,60610,0,0.0,0.0,0.0,0.0,1.897,0.0
1784631796.9662125,0,0,60620,0,0.0,0.0,0.0,0.0,1.897,0.0
1784631796.9677875,0,0,60630,0,0.0,0.0,0.0,0.0,1.897,0.0
1784631796.9696205,0,0,60640,0,0.0,0.0,0.0,0.0,1.896,0.0
1784631796.9722898,0,0,60650,0,0.0,0.0,0.0,0.0,1.896,0.0
1784631797.0841143,0,0,60660,0,0.0,0.0,0.0,0.0,1.896,0.0
1784631797.0855734,0,0,60670,0,0.0,0.0,0.0,0.0,1.895,0.0
1784631797.089003,0,0,60680,0,0.0,0.0,0.0,0.0,1.895,0.0
1784631797.0909944,0,0,60690,0,0.0,0.0,0.0,0.0,1.895,0.0
1784631797.0928285,0,0,60700,0,0.0,0.0,0.0,0.0,1.895,0.0
1784631797.0976672,0,0,60710,0,0.0,0.0,0.0,0.0,1.894,0.0
1784631797.099854,0,0,60720,0,0.0,0.0,0.0,0.0,1.894,0.0
1784631797.1133785,0,0,60730,0,0.0,0.0,0.0,0.0,1.894,0.0
1784631797.1173728,0,0,60740,0,0.0,0.0,0.0,0.0,1.893,0.0
1784631797.119696,0,0,60750,0,0.0,0.0,0.0,0.0,1.893,0.0
1784631797.121871,0,0,60760,0,0.0,0.0,0.0,0.0,1.893,0.0
1784631797.1239352,0,0,60770,0,0.0,0.0,0.0,0.0,1.892,0.0
1784631797.1263683,0,0,60780,0,0.0,0.0,0.0,0.0,1.892,0.0
1784631797.128637,0,0,60790,0,0.0,0.0,0.0,0.0,1.892,0.0
1784631797.1308775,0,0,60800,0,0.0,0.0,0.0,0.0,1.891,0.0
1784631797.1334558,0,0,60810,0,0.0,0.0,0.0,0.0,1.891,0.0
1784631797.1375062,0,0,60820,0,0.0,0.0,0.0,0.0,1.891,0.0
1784631797.2488852,0,0,60830,0,0.0,0.0,0.0,0.0,1.891,0.0
1784631797.25107,0,0,60840,0,0.0,0.0,0.0,0.0,1.89,0.0
1784631797.2541957,0,0,60850,0,0.0,0.0,0.0,0.0,1.89,0.0
1784631797.2566886,0,0,60860,0,0.0,0.0,0.0,0.0,1.89,0.0
1784631797.2596207,0,0,60870,0,0.0,0.0,0.0,0.0,1.889,0.0
1784631797.2626965,0,0,60880,0,0.0,0.0,0.0,0.0,1.889,0.0
1784631797.2659175,0,0,60890,0,0.0,0.0,0.0,0.0,1.889,0.0
1784631797.269366,0,0,60900,0,0.0,0.0,0.0,0.0,1.888,0.0
1784631797.2714477,0,0,60910,0,0.0,0.0,0.0,0.0,1.888,0.0
1784631797.272818,0,0,60920,0,0.0,0.0,0.0,0.0,1.888,0.0
1784631797.2742193,0,0,60930,0,0.0,0.0,0.0,0.0,1.887,0.0
1784631797.2757847,0,0,60940,0,0.0,0.0,0.0,0.0,1.887,0.0
1784631797.2772188,0,0,60950,0,0.0,0.0,0.0,0.0,1.887,0.0
1784631797.3814652,0,0,60960,0,0.0,0.0,0.0,0.0,1.886,0.0
1784631797.3832092,0,0,60970,0,0.0,0.0,0.0,0.0,1.886,0.0
1784631797.3846545,0,0,60980,0,0.0,0.0,0.0,0.0,1.886,0.0
1784631797.3862023,0,0,60990,0,0.0,0.0,0.0,0.0,1.886,0.0
1784631797.3884559,0,0,61000,0,0.0,0.0,0.0,0.0,1.885,0.0
1784631797.3921757,0,0,61010,0,0.0,0.0,0.0,0.0,1.885,0.0
1784631797.3940594,0,0,61020,0,0.0,0.0,0.0,0.0,1.885,0.0
1784631797.3955605,0,0,61030,0,0.0,0.0,0.0,0.0,1.884,0.0
1784631797.3966603,0,0,61040,0,0.0,0.0,0.0,0.0,1.884,0.0
1784631797.3978798,0,0,61050,0,0.0,0.0,0.0,0.0,1.884,0.0
1784631797.3990824,0,0,61060,0,0.0,0.0,0.0,0.0,1.883,0.0
1784631797.4002292,0,0,61070,0,0.0,0.0,0.0,0.0,1.883,0.0
1784631797.4013894,0,0,61080,0,0.0,0.0,0.0,0.0,1.883,0.0
1784631797.402831,0,0,61090,0,0.0,0.0,0.0,0.0,1.882,0.0
1784631797.5078642,0,0,61100,0,0.0,0.0,0.0,0.0,1.882,0.0
1784631797.5093439,0,0,61110,0,0.0,0.0,0.0,0.0,1.882,0.0
1784631797.5114582,0,0,61120,0,0.0,0.0,0.0,0.0,1.882,0.0
1784631797.5157619,0,0,61130,0,0.0,0.0,0.0,0.0,1.881,0.0
1784631797.5177736,0,0,61140,0,0.0,0.0,0.0,0.0,1.881,0.0
1784631797.520421,0,0,61150,0,0.0,0.0,0.0,0.0,1.881,0.0
1784631797.5221367,0,0,61160,0,0.0,0.0,0.0,0.0,1.88,0.0
1784631797.5241933,0,0,61170,0,0.0,0.0,0.0,0.0,1.88,0.0
1784631797.526111,0,0,61180,0,0.0,0.0,0.0,0.0,1.88,0.0
1784631797.5281398,0,0,61190,0,0.0,0.0,0.0,0.0,1.879,0.0
1784631797.5295358,0,0,61200,0,0.0,0.0,0.0,0.0,1.879,0.0
1784631797.5306554,0,0,61210,0,0.0,0.0,0.0,0.0,1.879,0.0
1784631797.5317442,0,0,61220,0,0.0,0.0,0.0,0.0,1.878,0.0
1784631797.6412578,0,0,61230,0,0.0,0.0,0.0,0.0,1.878,0.0
1784631797.6440723,0,0,61240,0,0.0,0.0,0.0,0.0,1.878,0.0
1784631797.646258,0,0,61250,0,0.0,0.0,0.0,0.0,1.878,0.0
1784631797.6489573,0,0,61260,0,0.0,0.0,0.0,0.0,1.877,0.0
1784631797.6518893,0,0,61270,0,0.0,0.0,0.0,0.0,1.877,0.0
1784631797.6542768,0,0,61280,0,0.0,0.0,0.0,0.0,1.877,0.0
1784631797.6583354,0,0,61290,0,0.0,0.0,0.0,0.0,1.876,0.0
1784631797.6613586,0,0,61300,0,0.0,0.0,0.0,0.0,1.876,0.0
1784631797.6646116,0,0,61310,0,0.0,0.0,0.0,0.0,1.876,0.0
1784631797.670826,0,0,61320,0,0.0,0.0,0.0,0.0,1.875,0.0
1784631797.6750336,0,0,61330,0,0.0,0.0,0.0,0.0,1.875,0.0
1784631797.782719,0,0,61340,0,0.0,0.0,0.0,0.0,1.875,0.0
1784631797.785452,0,0,61350,0,0.0,0.0,0.0,0.0,1.874,0.0
1784631797.7875214,0,0,61360,0,0.0,0.0,0.0,0.0,1.874,0.0
1784631797.7887268,0,0,61370,0,0.0,0.0,0.0,0.0,1.874,0.0
1784631797.7895987,0,0,61380,0,0.0,0.0,0.0,0.0,1.874,0.0
1784631797.7904725,0,0,61390,0,0.0,0.0,0.0,0.0,1.873,0.0
1784631797.7913737,0,0,61400,0,0.0,0.0,0.0,0.0,1.873,0.0
1784631797.7937875,0,0,61410,0,0.0,0.0,0.0,0.0,1.873,0.0
1784631797.795368,0,0,61420,0,0.0,0.0,0.0,0.0,1.872,0.0
1784631797.7964058,0,0,61430,0,0.0,0.0,0.0,0.0,1.872,0.0
1784631797.797349,0,0,61440,0,0.0,0.0,0.0,0.0,1.872,0.0
1784631797.7982392,0,0,61450,0,0.0,0.0,0.0,0.0,1.871,0.0
1784631797.7991264,0,0,61460,0,0.0,0.0,0.0,0.0,1.871,0.0
1784631797.8000977,0,0,61470,0,0.0,0.0,0.0,0.0,1.871,0.0
1784631797.8010294,0,0,61480,0,0.0,0.0,0.0,0.0,1.871,0.0
1784631797.801916,0,0,61490,0,0.0,0.0,0.0,0.0,1.87,0.0
1784631797.9100556,0,0,61500,0,0.0,0.0,0.0,0.0,1.87,0.0
1784631797.9115455,0,0,61510,0,0.0,0.0,0.0,0.0,1.87,0.0
1784631797.9126217,0,0,61520,0,0.0,0.0,0.0,0.0,1.869,0.0
1784631797.9134085,0,0,61530,0,0.0,0.0,0.0,0.0,1.869,0.0
1784631797.9141772,0,0,61540,0,0.0,0.0,0.0,0.0,1.869,0.0
1784631797.9149399,0,0,61550,0,0.0,0.0,0.0,0.0,1.868,0.0
1784631797.916103,0,0,61560,0,0.0,0.0,0.0,0.0,1.868,0.0
1784631797.918717,0,0,61570,0,0.0,0.0,0.0,0.0,1.868,0.0
1784631797.920853,0,0,61580,0,0.0,0.0,0.0,0.0,1.867,0.0
1784631797.922333,0,0,61590,0,0.0,0.0,0.0,0.0,1.867,0.0
1784631797.9235368,0,0,61600,0,0.0,0.0,0.0,0.0,1.867,0.0
1784631797.9246051,0,0,61610,0,0.0,0.0,0.0,0.0,1.867,0.0
1784631798.0327735,0,0,61620,0,0.0,0.0,0.0,0.0,1.866,0.0
1784631798.034769,0,0,61630,0,0.0,0.0,0.0,0.0,1.866,0.0
1784631798.0364048,0,0,61640,0,0.0,0.0,0.0,0.0,1.866,0.0
1784631798.0379007,0,0,61650,0,0.0,0.0,0.0,0.0,1.865,0.0
1784631798.0392303,0,0,61660,0,0.0,0.0,0.0,0.0,1.865,0.0
1784631798.0405364,0,0,61670,0,0.0,0.0,0.0,0.0,1.865,0.0
1784631798.0421884,0,0,61680,0,0.0,0.0,0.0,0.0,1.865,0.0
1784631798.0449953,0,0,61690,0,0.0,0.0,0.0,0.0,1.865,0.0
1784631798.0468771,0,0,61700,0,0.0,0.0,0.0,0.0,1.865,0.0
1784631798.0483809,0,0,61710,0,0.0,0.0,0.0,0.0,1.865,0.0
1784631798.0498703,0,0,61720,0,0.0,0.0,0.0,0.0,1.865,0.0
1784631798.0512009,0,0,61730,0,0.0,0.0,0.0,0.0,1.865,0.0
1784631798.0526927,0,0,61740,0,0.0,0.0,0.0,0.0,1.865,0.0
1784631798.053985,0,0,61750,0,0.0,0.0,0.0,0.0,1.865,0.0
1784631798.055247,0,0,61760,0,0.0,0.0,0.0,0.0,1.865,0.0
1784631798.0565672,0,0,61770,0,0.0,0.0,0.0,0.0,1.864,0.0
1784631798.0583231,0,0,61780,0,0.0,0.0,0.0,0.0,1.864,0.0
1784631798.060202,0,0,61790,0,0.0,0.0,0.0,0.0,1.864,0.0
1784631798.0616477,0,0,61800,0,0.0,0.0,0.0,0.0,1.864,0.0
1784631798.2073994,0,0,61810,0,0.0,0.0,0.0,0.0,1.864,0.0
1784631798.2150176,0,0,61820,0,0.0,0.0,0.0,0.0,1.864,0.0
1784631798.2166193,0,0,61830,0,0.0,0.0,0.0,0.0,1.864,0.0
1784631798.2180352,0,0,61840,0,0.0,0.0,0.0,0.0,1.864,0.0
1784631798.2192469,0,0,61850,0,0.0,0.0,0.0,0.0,1.864,0.0
1784631798.2360082,0,0,61860,0,0.0,0.0,0.0,0.0,1.864,0.0
1784631798.2387295,0,0,61870,0,0.0,0.0,0.0,0.0,1.864,0.0
1784631798.2405214,0,0,61880,0,0.0,0.0,0.0,0.0,1.864,0.0
1784631798.242454,0,0,61890,0,0.0,0.0,0.0,0.0,1.863,0.0
1784631798.249295,0,0,61900,0,0.0,0.0,0.0,0.0,1.863,0.0
1784631798.2503722,0,0,61910,0,0.0,0.0,0.0,0.0,1.863,0.0
1784631798.2512853,0,0,61920,0,0.0,0.0,0.0,0.0,1.863,0.0
1784631798.2521207,0,0,61930,0,0.0,0.0,0.0,0.0,1.863,0.0
1784631798.252975,0,0,61940,0,0.0,0.0,0.0,0.0,1.863,0.0
1784631798.253832,0,0,61950,0,0.0,0.0,0.0,0.0,1.863,0.0
1784631798.2546008,0,0,61960,0,0.0,0.0,0.0,0.0,1.862,0.0
1784631798.255416,0,0,61970,0,0.0,0.0,0.0,0.0,1.862,0.0
1784631798.2562754,0,0,61980,0,0.0,0.0,0.0,0.0,1.862,0.0
1784631798.2572231,0,0,61990,0,0.0,0.0,0.0,0.0,1.862,0.0
1784631798.2583132,0,0,62000,0,0.0,0.0,0.0,0.0,1.862,0.0
1784631798.2592783,0,0,62010,0,0.0,0.0,0.0,0.0,1.861,0.0
1784631798.2599957,0,0,62020,0,0.0,0.0,0.0,0.0,1.861,0.0
1784631798.262344,0,0,62030,0,0.0,0.0,0.0,0.0,1.861,0.0
1784631798.2638865,0,0,62040,0,0.0,0.0,0.0,0.0,1.861,0.0
1784631798.2648711,0,0,62050,0,0.0,0.0,0.0,0.0,1.861,0.0
1784631798.265725,0,0,62060,0,0.0,0.0,0.0,0.0,1.86,0.0
1784631798.2668042,0,0,62070,0,0.0,0.0,0.0,0.0,1.86,0.0
1784631798.2680469,0,0,62080,0,0.0,0.0,0.0,0.0,1.86,0.0
1784631798.2692747,0,0,62090,0,0.0,0.0,0.0,0.0,1.859,0.0
1784631798.270219,0,0,62100,0,0.0,0.0,0.0,0.0,1.859,0.0
1784631798.2710433,0,0,62110,0,0.0,0.0,0.0,0.0,1.859,0.0
1784631798.2720265,0,0,62120,0,0.0,0.0,0.0,0.0,1.859,0.0
1784631798.396816,0,0,62130,0,0.0,0.0,0.0,0.0,1.858,0.0
1784631798.4040008,0,0,62140,0,0.0,0.0,0.0,0.0,1.858,0.0
1784631798.4117942,0,0,62150,0,0.0,0.0,0.0,0.0,1.858,0.0
1784631798.4131174,0,0,62160,0,0.0,0.0,0.0,0.0,1.857,0.0
1784631798.4145913,0,0,62170,0,0.0,0.0,0.0,0.0,1.857,0.0
1784631798.4158027,0,0,62180,0,0.0,0.0,0.0,0.0,1.857,0.0
1784631798.4207368,0,0,62190,0,0.0,0.0,0.0,0.0,1.856,0.0
1784631798.424528,0,0,62200,0,0.0,0.0,0.0,0.0,1.856,0.0
1784631798.4281774,0,0,62210,0,0.0,0.0,0.0,0.0,1.856,0.0
1784631798.4354875,0,0,62220,0,0.0,0.0,0.0,0.0,1.856,0.0
1784631798.4369879,0,0,62230,0,0.0,0.0,0.0,0.0,1.855,0.0
1784631798.438332,0,0,62240,0,0.0,0.0,0.0,0.0,1.855,0.0
1784631798.4396064,0,0,62250,0,0.0,0.0,0.0,0.0,1.855,0.0
1784631798.440762,0,0,62260,0,0.0,0.0,0.0,0.0,1.854,0.0
1784631798.4420595,0,0,62270,0,0.0,0.0,0.0,0.0,1.854,0.0
1784631798.4433184,0,0,62280,0,0.0,0.0,0.0,0.0,1.854,0.0
1784631798.444424,0,0,62290,0,0.0,0.0,0.0,0.0,1.853,0.0
1784631798.4457023,0,0,62300,0,0.0,0.0,0.0,0.0,1.853,0.0
1784631798.4469435,0,0,62310,0,0.0,0.0,0.0,0.0,1.853,0.0
1784631798.454329,0,0,62320,0,0.0,0.0,0.0,0.0,1.853,0.0
1784631798.4565496,0,0,62330,0,0.0,0.0,0.0,0.0,1.852,0.0
1784631798.4583178,0,0,62340,0,0.0,0.0,0.0,0.0,1.852,0.0
1784631798.459671,0,0,62350,0,0.0,0.0,0.0,0.0,1.852,0.0
1784631798.5672994,0,0,62360,0,0.0,0.0,0.0,0.0,1.851,0.0
1784631798.5693455,0,0,62370,0,0.0,0.0,0.0,0.0,1.851,0.0
1784631798.570915,0,0,62380,0,0.0,0.0,0.0,0.0,1.851,0.0
1784631798.5721886,0,0,62390,0,0.0,0.0,0.0,0.0,1.85,0.0
1784631798.5742,0,0,62400,0,0.0,0.0,0.0,0.0,1.85,0.0
1784631798.5765052,0,0,62410,0,0.0,0.0,0.0,0.0,1.85,0.0
1784631798.577788,0,0,62420,0,0.0,0.0,0.0,0.0,1.85,0.0
1784631798.5786996,0,0,62430,0,0.0,0.0,0.0,0.0,1.849,0.0
1784631798.579662,0,0,62440,0,0.0,0.0,0.0,0.0,1.849,0.0
1784631798.5805123,0,0,62450,0,0.0,0.0,0.0,0.0,1.849,0.0
1784631798.5812788,0,0,62460,0,0.0,0.0,0.0,0.0,1.848,0.0
1784631798.582043,0,0,62470,0,0.0,0.0,0.0,0.0,1.848,0.0
1784631798.5828114,0,0,62480,0,0.0,0.0,0.0,0.0,1.848,0.0
1784631798.583569,0,0,62490,0,0.0,0.0,0.0,0.0,1.848,0.0
1784631798.5843413,0,0,62500,0,0.0,0.0,0.0,0.0,1.847,0.0
1784631798.5850976,0,0,62510,0,0.0,0.0,0.0,0.0,1.847,0.0
1784631798.5859776,0,0,62520,0,0.0,0.0,0.0,0.0,1.847,0.0
1784631798.5868008,0,0,62530,0,0.0,0.0,0.0,0.0,1.846,0.0
1784631798.696532,0,0,62540,0,0.0,0.0,0.0,0.0,1.846,0.0
1784631798.6977293,0,0,62550,0,0.0,0.0,0.0,0.0,1.846,0.0
1784631798.70038,0,0,62560,0,0.0,0.0,0.0,0.0,1.845,0.0
1784631798.701761,0,0,62570,0,0.0,0.0,0.0,0.0,1.845,0.0
1784631798.702629,0,0,62580,0,0.0,0.0,0.0,0.0,1.845,0.0
1784631798.7034013,0,0,62590,0,0.0,0.0,0.0,0.0,1.845,0.0
1784631798.704218,0,0,62600,0,0.0,0.0,0.0,0.0,1.844,0.0
1784631798.7050545,0,0,62610,0,0.0,0.0,0.0,0.0,1.844,0.0
1784631798.7058454,0,0,62620,0,0.0,0.0,0.0,0.0,1.844,0.0
1784631798.7066174,0,0,62630,0,0.0,0.0,0.0,0.0,1.843,0.0
1784631798.7073278,0,0,62640,0,0.0,0.0,0.0,0.0,1.843,0.0
1784631798.708091,0,0,62650,0,0.0,0.0,0.0,0.0,1.843,0.0
1784631798.708851,0,0,62660,0,0.0,0.0,0.0,0.0,1.843,0.0
1784631798.7096207,0,0,62670,0,0.0,0.0,0.0,0.0,1.842,0.0
1784631798.8161926,0,0,62680,0,0.0,0.0,0.0,0.0,1.842,0.0
1784631798.8171988,0,0,62690,0,0.0,0.0,0.0,0.0,1.842,0.0
1784631798.8180668,0,0,62700,0,0.0,0.0,0.0,0.0,1.841,0.0
1784631798.8188584,0,0,62710,0,0.0,0.0,0.0,0.0,1.841,0.0
1784631798.8196394,0,0,62720,0,0.0,0.0,0.0,0.0,1.841,0.0
1784631798.8204837,0,0,62730,0,0.0,0.0,0.0,0.0,1.84,0.0
1784631798.8212674,0,0,62740,0,0.0,0.0,0.0,0.0,1.84,0.0
1784631798.821984,0,0,62750,0,0.0,0.0,0.0,0.0,1.84,0.0
1784631798.822703,0,0,62760,0,0.0,0.0,0.0,0.0,1.84,0.0
1784631798.928933,0,0,62770,0,0.0,0.0,0.0,0.0,1.839,0.0
1784631798.9315836,0,0,62780,0,0.0,0.0,0.0,0.0,1.839,0.0
1784631798.9334185,0,0,62790,0,0.0,0.0,0.0,0.0,1.839,0.0
1784631798.936464,0,0,62800,0,0.0,0.0,0.0,0.0,1.838,0.0
1784631798.938028,0,0,62810,0,0.0,0.0,0.0,0.0,1.838,0.0
1784631798.939425,0,0,62820,0,0.0,0.0,0.0,0.0,1.838,0.0
1784631798.94075,0,0,62830,0,0.0,0.0,0.0,0.0,1.838,0.0
1784631798.9422114,0,0,62840,0,0.0,0.0,0.0,0.0,1.837,0.0
1784631799.0487201,0,0,62850,0,0.0,0.0,0.0,0.0,1.837,0.0
1784631799.049699,0,0,62860,0,0.0,0.0,0.0,0.0,1.837,0.0
1784631799.0505278,0,0,62870,0,0.0,0.0,0.0,0.0,1.836,0.0
1784631799.0512583,0,0,62880,0,0.0,0.0,0.0,0.0,1.836,0.0
1784631799.0521119,0,0,62890,0,0.0,0.0,0.0,0.0,1.836,0.0
1784631799.173009,0,0,62900,0,0.0,0.0,0.0,0.0,1.835,0.0
1784631799.1742868,0,0,62910,0,0.0,0.0,0.0,0.0,1.835,0.0
1784631799.1752791,0,0,62920,0,0.0,0.0,0.0,0.0,1.835,0.0
1784631799.1762736,0,0,62930,0,0.0,0.0,0.0,0.0,1.835,0.0
1784631799.177139,0,0,62940,0,0.0,0.0,0.0,0.0,1.834,0.0
1784631799.2870233,0,0,62950,0,0.0,0.0,0.0,0.0,1.834,0.0
1784631799.2881129,0,0,62960,0,0.0,0.0,0.0,0.0,1.834,0.0
1784631799.2889733,0,0,62970,0,0.0,0.0,0.0,0.0,1.833,0.0
1784631799.2898276,0,0,62980,0,0.0,0.0,0.0,0.0,1.833,0.0
1784631799.2907429,0,0,62990,0,0.0,0.0,0.0,0.0,1.833,0.0
1784631799.292879,0,0,63000,0,0.0,0.0,0.0,0.0,1.833,0.0
1784631799.4015434,0,0,63010,0,0.0,0.0,0.0,0.0,1.832,0.0
1784631799.4031563,0,0,63020,0,0.0,0.0,0.0,0.0,1.832,0.0
1784631799.4047391,0,0,63030,0,0.0,0.0,0.0,0.0,1.832,0.0
1784631799.4061537,0,0,63040,0,0.0,0.0,0.0,0.0,1.831,0.0
1784631799.4076173,0,0,63050,0,0.0,0.0,0.0,0.0,1.831,0.0
1784631799.40923,0,0,63060,0,0.0,0.0,0.0,0.0,1.831,0.0
1784631799.4110744,0,0,63070,0,0.0,0.0,0.0,0.0,1.831,0.0
1784631799.5145106,0,0,63080,0,0.0,0.0,0.0,0.0,1.83,0.0
1784631799.5153701,0,0,63090,0,0.0,0.0,0.0,0.0,1.83,0.0
1784631799.5161552,0,0,63100,0,0.0,0.0,0.0,0.0,1.83,0.0
1784631799.5169067,0,0,63110,0,0.0,0.0,0.0,0.0,1.829,0.0
1784631799.5176094,0,0,63120,0,0.0,0.0,0.0,0.0,1.829,0.0
1784631799.5183954,0,0,63130,0,0.0,0.0,0.0,0.0,1.829,0.0
1784631799.5190952,0,0,63140,0,0.0,0.0,0.0,0.0,1.829,0.0
1784631799.5197835,0,0,63150,0,0.0,0.0,0.0,0.0,1.828,0.0
1784631799.5205019,0,0,63160,0,0.0,0.0,0.0,0.0,1.828,0.0
1784631799.5212266,0,0,63170,0,0.0,0.0,0.0,0.0,1.828,0.0
1784631799.5219624,0,0,63180,0,0.0,0.0,0.0,0.0,1.827,0.0
1784631799.5226629,0,0,63190,0,0.0,0.0,0.0,0.0,1.827,0.0
1784631799.6291344,0,0,63200,0,0.0,0.0,0.0,0.0,1.827,0.0
1784631799.6301494,0,0,63210,0,0.0,0.0,0.0,0.0,1.826,0.0
1784631799.6309094,0,0,63220,0,0.0,0.0,0.0,0.0,1.826,0.0
1784631799.6316345,0,0,63230,0,0.0,0.0,0.0,0.0,1.826,0.0
1784631799.6323562,0,0,63240,0,0.0,0.0,0.0,0.0,1.826,0.0
1784631799.6334548,0,0,63250,0,0.0,0.0,0.0,0.0,1.825,0.0
1784631799.6343384,0,0,63260,0,0.0,0.0,0.0,0.0,1.825,0.0
1784631799.7398367,0,0,63270,0,0.0,0.0,0.0,0.0,1.825,0.0
1784631799.740819,0,0,63280,0,0.0,0.0,0.0,0.0,1.824,0.0
1784631799.7416217,0,0,63290,0,0.0,0.0,0.0,0.0,1.824,0.0
1784631799.84498,0,0,63300,0,0.0,0.0,0.0,0.0,1.824,0.0
1784631799.8459303,0,0,63310,0,0.0,0.0,0.0,0.0,1.824,0.0
1784631799.846793,0,0,63320,0,0.0,0.0,0.0,0.0,1.823,0.0
1784631799.8477895,0,0,63330,0,0.0,0.0,0.0,0.0,1.823,0.0
1784631799.8487763,0,0,63340,0,0.0,0.0,0.0,0.0,1.823,0.0
1784631799.8510752,0,0,63350,0,0.0,0.0,0.0,0.0,1.822,0.0
1784631799.8522687,0,0,63360,0,0.0,0.0,0.0,0.0,1.822,0.0
1784631799.9615407,0,0,63370,0,0.0,0.0,0.0,0.0,1.822,0.0
1784631799.9630914,0,0,63380,0,0.0,0.0,0.0,0.0,1.822,0.0
1784631799.9652221,0,0,63390,0,0.0,0.0,0.0,0.0,1.821,0.0
1784631799.9669995,0,0,63400,0,0.0,0.0,0.0,0.0,1.821,0.0
1784631799.9684038,0,0,63410,0,0.0,0.0,0.0,0.0,1.821,0.0
1784631799.9695084,0,0,63420,0,0.0,0.0,0.0,0.0,1.82,0.0
1784631799.9707673,0,0,63430,0,0.0,0.0,0.0,0.0,1.82,0.0
1784631799.972272,0,0,63440,0,0.0,0.0,0.0,0.0,1.82,0.0
1784631800.0803363,0,0,63450,0,0.0,0.0,0.0,0.0,1.82,0.0
1784631800.0816755,0,0,63460,0,0.0,0.0,0.0,0.0,1.819,0.0
1784631800.0827878,0,0,63470,0,0.0,0.0,0.0,0.0,1.819,0.0
1784631800.0842462,0,0,63480,0,0.0,0.0,0.0,0.0,1.819,0.0
1784631800.0853376,0,0,63490,0,0.0,0.0,0.0,0.0,1.818,0.0
1784631800.0864406,0,0,63500,0,0.0,0.0,0.0,0.0,1.818,0.0
1784631800.0909908,0,0,63510,0,0.0,0.0,0.0,0.0,1.818,0.0
1784631800.1950228,0,0,63520,0,0.0,0.0,0.0,0.0,1.818,0.0
1784631800.1964655,0,0,63530,0,0.0,0.0,0.0,0.0,1.817,0.0
1784631800.197642,0,0,63540,0,0.0,0.0,0.0,0.0,1.817,0.0
1784631800.2004204,0,0,63550,0,0.0,0.0,0.0,0.0,1.817,0.0
1784631800.2022984,0,0,63560,0,0.0,0.0,0.0,0.0,1.816,0.0
1784631800.2034178,0,0,63570,0,0.0,0.0,0.0,0.0,1.816,0.0
1784631800.204384,0,0,63580,0,0.0,0.0,0.0,0.0,1.816,0.0
1784631800.2052822,0,0,63590,0,0.0,0.0,0.0,0.0,1.816,0.0
1784631800.2062018,0,0,63600,0,0.0,0.0,0.0,0.0,1.815,0.0
1784631800.207005,0,0,63610,0,0.0,0.0,0.0,0.0,1.815,0.0
1784631800.2078524,0,0,63620,0,0.0,0.0,0.0,0.0,1.815,0.0
1784631800.208593,0,0,63630,0,0.0,0.0,0.0,0.0,1.815,0.0
1784631800.20945,0,0,63640,0,0.0,0.0,0.0,0.0,1.815,0.0
1784631800.2103102,0,0,63650,0,0.0,0.0,0.0,0.0,1.815,0.0
1784631800.313381,0,0,63660,0,0.0,0.0,0.0,0.0,1.815,0.0
1784631800.3145201,0,0,63670,0,0.0,0.0,0.0,0.0,1.815,0.0
1784631800.3155456,0,0,63680,0,0.0,0.0,0.0,0.0,1.815,0.0
1784631800.3164392,0,0,63690,0,0.0,0.0,0.0,0.0,1.815,0.0
1784631800.3174138,0,0,63700,0,0.0,0.0,0.0,0.0,1.815,0.0
1784631800.3182466,0,0,63710,0,0.0,0.0,0.0,0.0,1.815,0.0
1784631800.3190336,0,0,63720,0,0.0,0.0,0.0,0.0,1.815,0.0
1784631800.3198187,0,0,63730,0,0.0,0.0,0.0,0.0,1.815,0.0
1784631800.3206234,0,0,63740,0,0.0,0.0,0.0,0.0,1.815,0.0
1784631800.3214295,0,0,63750,0,0.0,0.0,0.0,0.0,1.815,0.0
1784631800.322229,0,0,63760,0,0.0,0.0,0.0,0.0,1.815,0.0
1784631800.323613,0,0,63770,0,0.0,0.0,0.0,0.0,1.815,0.0
1784631800.3252025,0,0,63780,0,0.0,0.0,0.0,0.0,1.815,0.0
1784631800.3261993,0,0,63790,0,0.0,0.0,0.0,0.0,1.815,0.0
1784631800.327059,0,0,63800,0,0.0,0.0,0.0,0.0,1.814,0.0
1784631800.3279045,0,0,63810,0,0.0,0.0,0.0,0.0,1.814,0.0
1784631800.435645,0,0,63820,0,0.0,0.0,0.0,0.0,1.814,0.0
1784631800.4365,0,0,63830,0,0.0,0.0,0.0,0.0,1.814,0.0
1784631800.4372532,0,0,63840,0,0.0,0.0,0.0,0.0,1.814,0.0
1784631800.4380198,0,0,63850,0,0.0,0.0,0.0,0.0,1.814,0.0
1784631800.438737,0,0,63860,0,0.0,0.0,0.0,0.0,1.814,0.0
1784631800.4395332,0,0,63870,0,0.0,0.0,0.0,0.0,1.813,0.0
1784631800.440344,0,0,63880,0,0.0,0.0,0.0,0.0,1.813,0.0
1784631800.4411745,0,0,63890,0,0.0,0.0,0.0,0.0,1.813,0.0
1784631800.4419518,0,0,63900,0,0.0,0.0,0.0,0.0,1.813,0.0
1784631800.4426916,0,0,63910,0,0.0,0.0,0.0,0.0,1.812,0.0
1784631800.4435449,0,0,63920,0,0.0,0.0,0.0,0.0,1.812,0.0
1784631800.4444315,0,0,63930,0,0.0,0.0,0.0,0.0,1.812,0.0
1784631800.5693076,0,0,63940,0,0.0,0.0,0.0,0.0,1.812,0.0
1784631800.5706964,0,0,63950,0,0.0,0.0,0.0,0.0,1.811,0.0
1784631800.578138,0,0,63960,0,0.0,0.0,0.0,0.0,1.811,0.0
1784631800.579757,0,0,63970,0,0.0,0.0,0.0,0.0,1.811,0.0
1784631800.581184,0,0,63980,0,0.0,0.0,0.0,0.0,1.811,0.0
1784631800.5826871,0,0,63990,0,0.0,0.0,0.0,0.0,1.81,0.0
1784631800.5897725,0,0,64000,0,0.0,0.0,0.0,0.0,1.81,0.0
1784631800.591551,0,0,64010,0,0.0,0.0,0.0,0.0,1.81,0.0
1784631800.5931146,0,0,64020,0,0.0,0.0,0.0,0.0,1.809,0.0
1784631800.594598,0,0,64030,0,0.0,0.0,0.0,0.0,1.809,0.0
1784631800.6015942,0,0,64040,0,0.0,0.0,0.0,0.0,1.809,0.0
1784631800.603247,0,0,64050,0,0.0,0.0,0.0,0.0,1.809,0.0
1784631800.6052094,0,0,64060,0,0.0,0.0,0.0,0.0,1.808,0.0
1784631800.6072898,0,0,64070,0,0.0,0.0,0.0,0.0,1.808,0.0
1784631800.614613,0,0,64080,0,0.0,0.0,0.0,0.0,1.808,0.0
1784631800.7339687,0,0,64090,0,0.0,0.0,0.0,0.0,1.808,0.0
1784631800.7349355,0,0,64100,0,0.0,0.0,0.0,0.0,1.807,0.0
1784631800.735773,0,0,64110,0,0.0,0.0,0.0,0.0,1.807,0.0
1784631800.736614,0,0,64120,0,0.0,0.0,0.0,0.0,1.807,0.0
1784631800.7373562,0,0,64130,0,0.0,0.0,0.0,0.0,1.806,0.0
1784631800.738163,0,0,64140,0,0.0,0.0,0.0,0.0,1.806,0.0
1784631800.7390258,0,0,64150,0,0.0,0.0,0.0,0.0,1.806,0.0
1784631800.7398102,0,0,64160,0,0.0,0.0,0.0,0.0,1.806,0.0
1784631800.7407095,0,0,64170,0,0.0,0.0,0.0,0.0,1.805,0.0
1784631800.741461,0,0,64180,0,0.0,0.0,0.0,0.0,1.805,0.0
1784631800.7422283,0,0,64190,0,0.0,0.0,0.0,0.0,1.805,0.0
1784631800.7430754,0,0,64200,0,0.0,0.0,0.0,0.0,1.804,0.0
1784631800.7438457,0,0,64210,0,0.0,0.0,0.0,0.0,1.804,0.0
1784631800.7452366,0,0,64220,0,0.0,0.0,0.0,0.0,1.804,0.0
1784631800.7462318,0,0,64230,0,0.0,0.0,0.0,0.0,1.804,0.0
1784631800.747072,0,0,64240,0,0.0,0.0,0.0,0.0,1.803,0.0
1784631800.747987,0,0,64250,0,0.0,0.0,0.0,0.0,1.803,0.0
1784631800.7492282,0,0,64260,0,0.0,0.0,0.0,0.0,1.803,0.0
1784631800.7502413,0,0,64270,0,0.0,0.0,0.0,0.0,1.802,0.0
1784631800.8638608,0,0,64280,0,0.0,0.0,0.0,0.0,1.802,0.0
1784631800.8648949,0,0,64290,0,0.0,0.0,0.0,0.0,1.802,0.0
1784631800.8657227,0,0,64300,0,0.0,0.0,0.0,0.0,1.802,0.0
1784631800.8664832,0,0,64310,0,0.0,0.0,0.0,0.0,1.801,0.0
1784631800.8673606,0,0,64320,0,0.0,0.0,0.0,0.0,1.801,0.0
1784631800.868098,0,0,64330,0,0.0,0.0,0.0,0.0,1.801,0.0
1784631800.8691878,0,0,64340,0,0.0,0.0,0.0,0.0,1.8,0.0
1784631800.8703306,0,0,64350,0,0.0,0.0,0.0,0.0,1.8,0.0
1784631800.8712287,0,0,64360,0,0.0,0.0,0.0,0.0,1.8,0.0
1784631800.8719842,0,0,64370,0,0.0,0.0,0.0,0.0,1.8,0.0
1784631800.8728514,0,0,64380,0,0.0,0.0,0.0,0.0,1.799,0.0
1784631800.8735852,0,0,64390,0,0.0,0.0,0.0,0.0,1.799,0.0
1784631800.874351,0,0,64400,0,0.0,0.0,0.0,0.0,1.799,0.0
1784631800.9875238,0,0,64410,0,0.0,0.0,0.0,0.0,1.799,0.0
1784631800.9886417,0,0,64420,0,0.0,0.0,0.0,0.0,1.798,0.0
1784631800.9959571,0,0,64430,0,0.0,0.0,0.0,0.0,1.798,0.0
1784631800.9969773,0,0,64440,0,0.0,0.0,0.0,0.0,1.798,0.0
1784631800.997959,0,0,64450,0,0.0,0.0,0.0,0.0,1.797,0.0
1784631800.9993165,0,0,64460,0,0.0,0.0,0.0,0.0,1.797,0.0
1784631801.0002582,0,0,64470,0,0.0,0.0,0.0,0.0,1.797,0.0
1784631801.0014815,0,0,64480,0,0.0,0.0,0.0,0.0,1.797,0.0
1784631801.1379404,0,0,64490,0,0.0,0.0,0.0,0.0,1.796,0.0
1784631801.1389327,0,0,64500,0,0.0,0.0,0.0,0.0,1.796,0.0
1784631801.1399186,0,0,64510,0,0.0,0.0,0.0,0.0,1.796,0.0
1784631801.1417308,0,0,64520,0,0.0,0.0,0.0,0.0,1.795,0.0
1784631801.1430535,0,0,64530,0,0.0,0.0,0.0,0.0,1.795,0.0
1784631801.1440067,0,0,64540,0,0.0,0.0,0.0,0.0,1.795,0.0
1784631801.1448874,0,0,64550,0,0.0,0.0,0.0,0.0,1.795,0.0
1784631801.1457317,0,0,64560,0,0.0,0.0,0.0,0.0,1.794,0.0
1784631801.146534,0,0,64570,0,0.0,0.0,0.0,0.0,1.794,0.0
1784631801.1473613,0,0,64580,0,0.0,0.0,0.0,0.0,1.794,0.0
1784631801.1482966,0,0,64590,0,0.0,0.0,0.0,0.0,1.794,0.0
1784631801.1491601,0,0,64600,0,0.0,0.0,0.0,0.0,1.793,0.0
1784631801.1500218,0,0,64610,0,0.0,0.0,0.0,0.0,1.793,0.0
1784631801.1517627,0,0,64620,0,0.0,0.0,0.0,0.0,1.793,0.0
1784631801.1530418,0,0,64630,0,0.0,0.0,0.0,0.0,1.792,0.0
1784631801.1538312,0,0,64640,0,0.0,0.0,0.0,0.0,1.792,0.0
1784631801.2787507,0,0,64650,0,0.0,0.0,0.0,0.0,1.792,0.0
1784631801.2803686,0,0,64660,0,0.0,0.0,0.0,0.0,1.792,0.0
1784631801.2816854,0,0,64670,0,0.0,0.0,0.0,0.0,1.791,0.0
1784631801.2830782,0,0,64680,0,0.0,0.0,0.0,0.0,1.791,0.0
1784631801.284271,0,0,64690,0,0.0,0.0,0.0,0.0,1.791,0.0
1784631801.285478,0,0,64700,0,0.0,0.0,0.0,0.0,1.79,0.0
1784631801.286713,0,0,64710,0,0.0,0.0,0.0,0.0,1.79,0.0
1784631801.287963,0,0,64720,0,0.0,0.0,0.0,0.0,1.79,0.0
1784631801.2892003,0,0,64730,0,0.0,0.0,0.0,0.0,1.79,0.0
1784631801.2904172,0,0,64740,0,0.0,0.0,0.0,0.0,1.789,0.0
1784631801.2927349,0,0,64750,0,0.0,0.0,0.0,0.0,1.789,0.0
1784631801.297125,0,0,64760,0,0.0,0.0,0.0,0.0,1.789,0.0
1784631801.2999468,0,0,64770,0,0.0,0.0,0.0,0.0,1.789,0.0
1784631801.3027432,0,0,64780,0,0.0,0.0,0.0,0.0,1.788,0.0
1784631801.3103323,0,0,64790,0,0.0,0.0,0.0,0.0,1.788,0.0
1784631801.425097,0,0,64800,0,0.0,0.0,0.0,0.0,1.788,0.0
1784631801.426084,0,0,64810,0,0.0,0.0,0.0,0.0,1.787,0.0
1784631801.4269278,0,0,64820,0,0.0,0.0,0.0,0.0,1.787,0.0
1784631801.427725,0,0,64830,0,0.0,0.0,0.0,0.0,1.787,0.0
1784631801.4285438,0,0,64840,0,0.0,0.0,0.0,0.0,1.787,0.0
1784631801.4293227,0,0,64850,0,0.0,0.0,0.0,0.0,1.786,0.0
1784631801.4302735,0,0,64860,0,0.0,0.0,0.0,0.0,1.786,0.0
1784631801.4310503,0,0,64870,0,0.0,0.0,0.0,0.0,1.786,0.0
1784631801.431832,0,0,64880,0,0.0,0.0,0.0,0.0,1.786,0.0
1784631801.5563095,0,0,64890,0,0.0,0.0,0.0,0.0,1.785,0.0
1784631801.557476,0,0,64900,0,0.0,0.0,0.0,0.0,1.785,0.0
1784631801.5583494,0,0,64910,0,0.0,0.0,0.0,0.0,1.785,0.0
1784631802.528305,0,0,64920,0,0.0,0.0,0.0,0.0,1.785,0.0
1784631802.5299559,0,0,64930,0,0.0,0.0,0.0,0.0,1.785,0.0
1784631802.531007,0,0,64940,0,0.0,0.0,0.0,0.0,1.785,0.0
1784631802.53194,0,0,64950,0,0.0,0.0,0.0,0.0,1.785,0.0
1784631802.5335674,0,0,64960,0,0.0,0.0,0.0,0.0,1.785,0.0
1784631802.5367444,0,0,64970,0,0.0,0.0,0.0,0.0,1.785,0.0
1784631802.5382497,0,0,64980,0,0.0,0.0,0.0,0.0,1.785,0.0
1784631802.5404823,0,0,64990,0,0.0,0.0,0.0,0.0,1.785,0.0
1784631802.5418081,0,0,65000,0,0.0,0.0,0.0,0.0,1.785,0.0
1784631802.5436893,0,0,65010,0,0.0,0.0,0.0,0.0,1.784,0.0
1784631802.545294,0,0,65020,0,0.0,0.0,0.0,0.0,1.784,0.0
1784631802.547204,0,0,65030,0,0.0,0.0,0.0,0.0,1.784,0.0
1784631802.5484715,0,0,65040,0,0.0,0.0,0.0,0.0,1.784,0.0
1784631802.5493429,0,0,65050,0,0.0,0.0,0.0,0.0,1.784,0.0
1784631802.551488,0,0,65060,0,0.0,0.0,0.0,0.0,1.784,0.0
1784631802.553386,0,0,65070,0,0.0,0.0,0.0,0.0,1.784,0.0
1784631802.5548816,0,0,65080,0,0.0,0.0,0.0,0.0,1.784,0.0
1784631802.5561187,0,0,65090,0,0.0,0.0,0.0,0.0,1.784,0.0
1784631802.5581183,0,0,65100,0,0.0,0.0,0.0,0.0,1.784,0.0
1784631802.5595028,0,0,65110,0,0.0,0.0,0.0,0.0,1.784,0.0
1784631802.5609372,0,0,65120,0,0.0,0.0,0.0,0.0,1.784,0.0
1784631802.5617833,0,0,65130,0,0.0,0.0,0.0,0.0,1.784,0.0
1784631802.6836336,0,0,65140,0,0.0,0.0,0.0,0.0,1.784,0.0
1784631802.6847231,0,0,65150,0,0.0,0.0,0.0,0.0,1.784,0.0
1784631802.6856318,0,0,65160,0,0.0,0.0,0.0,0.0,1.784,0.0
1784631802.686574,0,0,65170,0,0.0,0.0,0.0,0.0,1.784,0.0
1784631802.6878178,0,0,65180,0,0.0,0.0,0.0,0.0,1.784,0.0
1784631802.690486,0,0,65190,0,0.0,0.0,0.0,0.0,1.784,0.0
1784631802.691677,0,0,65200,0,0.0,0.0,0.0,0.0,1.784,0.0
1784631802.6932757,0,0,65210,0,0.0,0.0,0.0,0.0,1.784,0.0
1784631802.6943512,0,0,65220,0,0.0,0.0,0.0,0.0,1.783,0.0
1784631802.6951084,0,0,65230,0,0.0,0.0,0.0,0.0,1.783,0.0
1784631802.6958025,0,0,65240,0,0.0,0.0,0.0,0.0,1.783,0.0
1784631802.6965973,0,0,65250,0,0.0,0.0,0.0,0.0,1.783,0.0
1784631802.7005172,0,0,65260,0,0.0,0.0,0.0,0.0,1.783,0.0
1784631802.7086926,0,0,65270,0,0.0,0.0,0.0,0.0,1.783,0.0
1784631802.7116237,0,0,65280,0,0.0,0.0,0.0,0.0,1.783,0.0
1784631802.7127192,0,0,65290,0,0.0,0.0,0.0,0.0,1.783,0.0
1784631802.713471,0,0,65300,0,0.0,0.0,0.0,0.0,1.783,0.0
1784631802.7154253,0,0,65310,0,0.0,0.0,0.0,0.0,1.783,0.0
1784631802.7166076,0,0,65320,0,0.0,0.0,0.0,0.0,1.783,0.0
1784631802.7174027,0,0,65330,0,0.0,0.0,0.0,0.0,1.782,0.0
1784631802.7184405,0,0,65340,0,0.0,0.0,0.0,0.0,1.782,0.0
1784631802.8503897,0,0,65350,0,0.0,0.0,0.0,0.0,1.782,0.0
1784631802.8517106,0,0,65360,0,0.0,0.0,0.0,0.0,1.782,0.0
1784631802.8525558,0,0,65370,0,0.0,0.0,0.0,0.0,1.782,0.0
1784631802.8533158,0,0,65380,0,0.0,0.0,0.0,0.0,1.782,0.0
1784631802.8545656,0,0,65390,0,0.0,0.0,0.0,0.0,1.782,0.0
1784631802.8751552,0,0,65400,0,0.0,0.0,0.0,0.0,1.782,0.0
1784631802.8771954,0,0,65410,0,0.0,0.0,0.0,0.0,1.782,0.0
1784631802.8782797,0,0,65420,0,0.0,0.0,0.0,0.0,1.782,0.0
1784631802.879096,0,0,65430,0,0.0,0.0,0.0,0.0,1.782,0.0
1784631802.8811684,0,0,65440,0,0.0,0.0,0.0,0.0,1.781,0.0
1784631802.8822637,0,0,65450,0,0.0,0.0,0.0,0.0,1.781,0.0
1784631802.8830538,0,0,65460,0,0.0,0.0,0.0,0.0,1.781,0.0
1784631802.8837905,0,0,65470,0,0.0,0.0,0.0,0.0,1.781,0.0
1784631802.8845403,0,0,65480,0,0.0,0.0,0.0,0.0,1.781,0.0
1784631802.886497,0,0,65490,0,0.0,0.0,0.0,0.0,1.781,0.0
1784631802.9034736,0,0,65500,0,0.0,0.0,0.0,0.0,1.781,0.0
1784631802.9074736,0,0,65510,0,0.0,0.0,0.0,0.0,1.781,0.0
1784631802.9159615,0,0,65520,0,0.0,0.0,0.0,0.0,1.781,0.0
1784631802.9182491,0,0,65530,0,0.0,0.0,0.0,0.0,1.781,0.0
1784631802.9283328,0,0,65540,0,0.0,0.0,0.0,0.0,1.781,0.0
1784631802.9311483,0,0,65550,0,0.0,0.0,0.0,0.0,1.781,0.0
1784631802.9326632,0,0,65560,0,0.0,0.0,0.0,0.0,1.781,0.0
1784631802.9337802,0,0,65570,0,0.0,0.0,0.0,0.0,1.781,0.0
1784631802.9353454,0,0,65580,0,0.0,0.0,0.0,0.0,1.78,0.0
1784631803.0680885,0,0,65590,0,0.0,0.0,0.0,0.0,1.78,0.0
1784631803.069573,0,0,65600,0,0.0,0.0,0.0,0.0,1.78,0.0
1784631803.0705717,0,0,65610,0,0.0,0.0,0.0,0.0,1.78,0.0
1784631803.0719602,0,0,65620,0,0.0,0.0,0.0,0.0,1.78,0.0
1784631803.083825,0,0,65630,0,0.0,0.0,0.0,0.0,1.78,0.0
1784631803.085338,0,0,65640,0,0.0,0.0,0.0,0.0,1.78,0.0
1784631803.086389,0,0,65650,0,0.0,0.0,0.0,0.0,1.78,0.0
1784631803.0879478,0,0,65660,0,0.0,0.0,0.0,0.0,1.78,0.0
1784631803.0910797,0,0,65670,0,0.0,0.0,0.0,0.0,1.78,0.0
1784631803.0933158,0,0,65680,0,0.0,0.0,0.0,0.0,1.78,0.0
1784631803.094791,0,0,65690,0,0.0,0.0,0.0,0.0,1.78,0.0
1784631803.0957067,0,0,65700,0,0.0,0.0,0.0,0.0,1.78,0.0
1784631803.0965414,0,0,65710,0,0.0,0.0,0.0,0.0,1.78,0.0
1784631803.098603,0,0,65720,0,0.0,0.0,0.0,0.0,1.78,0.0
1784631803.0999308,0,0,65730,0,0.0,0.0,0.0,0.0,1.779,0.0
1784631803.1009254,0,0,65740,0,0.0,0.0,0.0,0.0,1.779,0.0
1784631803.101808,0,0,65750,0,0.0,0.0,0.0,0.0,1.779,0.0
1784631803.1027162,0,0,65760,0,0.0,0.0,0.0,0.0,1.779,0.0
1784631803.103809,0,0,65770,0,0.0,0.0,0.0,0.0,1.779,0.0
1784631803.1128552,0,0,65780,0,0.0,0.0,0.0,0.0,1.779,0.0
1784631803.1152136,0,0,65790,0,0.0,0.0,0.0,0.0,1.779,0.0
1784631803.1166344,0,0,65800,0,0.0,0.0,0.0,0.0,1.779,0.0
1784631803.1177518,0,0,65810,0,0.0,0.0,0.0,0.0,1.779,0.0
1784631803.1187308,0,0,65820,0,0.0,0.0,0.0,0.0,1.779,0.0
1784631803.1201274,0,0,65830,0,0.0,0.0,0.0,0.0,1.779,0.0
1784631803.12162,0,0,65840,0,0.0,0.0,0.0,0.0,1.779,0.0
1784631803.1239853,0,0,65850,0,0.0,0.0,0.0,0.0,1.779,0.0
1784631803.1389284,0,0,65860,0,0.0,0.0,0.0,0.0,1.779,0.0
1784631803.1422722,0,0,65870,0,0.0,0.0,0.0,0.0,1.779,0.0
1784631803.1440868,0,0,65880,0,0.0,0.0,0.0,0.0,1.779,0.0
1784631803.1449487,0,0,65890,0,0.0,0.0,0.0,0.0,1.779,0.0
1784631803.1457107,0,0,65900,0,0.0,0.0,0.0,0.0,1.779,0.0
1784631803.1464224,0,0,65910,0,0.0,0.0,0.0,0.0,1.779,0.0
1784631803.1480117,0,0,65920,0,0.0,0.0,0.0,0.0,1.778,0.0
1784631803.2694602,0,0,65930,0,0.0,0.0,0.0,0.0,1.778,0.0
1784631803.2708373,0,0,65940,0,0.0,0.0,0.0,0.0,1.778,0.0
1784631803.2722344,0,0,65950,0,0.0,0.0,0.0,0.0,1.778,0.0
1784631803.2738042,0,0,65960,0,0.0,0.0,0.0,0.0,1.778,0.0
1784631803.2749841,0,0,65970,0,0.0,0.0,0.0,0.0,1.778,0.0
1784631803.2762194,0,0,65980,0,0.0,0.0,0.0,0.0,1.778,0.0
1784631803.2833588,0,0,65990,0,0.0,0.0,0.0,0.0,1.778,0.0
1784631803.3018563,0,0,66000,0,0.0,0.0,0.0,0.0,1.778,0.0
1784631803.3037765,0,0,66010,0,0.0,0.0,0.0,0.0,1.778,0.0
1784631803.305409,0,0,66020,0,0.0,0.0,0.0,0.0,1.778,0.0
1784631803.3067865,0,0,66030,0,0.0,0.0,0.0,0.0,1.778,0.0
1784631803.3080227,0,0,66040,0,0.0,0.0,0.0,0.0,1.778,0.0
1784631803.3101532,0,0,66050,0,0.0,0.0,0.0,0.0,1.778,0.0
1784631803.3115847,0,0,66060,0,0.0,0.0,0.0,0.0,1.778,0.0
1784631803.3123767,0,0,66070,0,0.0,0.0,0.0,0.0,1.778,0.0
1784631803.3130991,0,0,66080,0,0.0,0.0,0.0,0.0,1.778,0.0
1784631803.314218,0,0,66090,0,0.0,0.0,0.0,0.0,1.778,0.0
1784631803.3160913,0,0,66100,0,0.0,0.0,0.0,0.0,1.778,0.0
1784631803.3169765,0,0,66110,0,0.0,0.0,0.0,0.0,1.778,0.0
1784631803.3178065,0,0,66120,0,0.0,0.0,0.0,0.0,1.778,0.0
1784631803.3186307,0,0,66130,0,0.0,0.0,0.0,0.0,1.778,0.0
1784631803.319422,0,0,66140,0,0.0,0.0,0.0,0.0,1.778,0.0
1784631803.3206437,0,0,66150,0,0.0,0.0,0.0,0.0,1.778,0.0
1784631803.3220637,0,0,66160,0,0.0,0.0,0.0,0.0,1.778,0.0
1784631803.331167,0,0,66170,0,0.0,0.0,0.0,0.0,1.778,0.0
1784631803.333841,0,0,66180,0,0.0,0.0,0.0,0.0,1.778,0.0
1784631803.3357694,0,0,66190,0,0.0,0.0,0.0,0.0,1.778,0.0
1784631803.3377256,0,0,66200,0,0.0,0.0,0.0,0.0,1.777,0.0
1784631803.3494496,0,0,66210,0,0.0,0.0,0.0,0.0,1.777,0.0
1784631803.4713628,0,0,66220,0,0.0,0.0,0.0,0.0,1.777,0.0
1784631803.4724462,0,0,66230,0,0.0,0.0,0.0,0.0,1.777,0.0
1784631803.473459,0,0,66240,0,0.0,0.0,0.0,0.0,1.777,0.0
1784631803.474595,0,0,66250,0,0.0,0.0,0.0,0.0,1.777,0.0
1784631803.4758375,0,0,66260,0,0.0,0.0,0.0,0.0,1.777,0.0
1784631803.4766736,0,0,66270,0,0.0,0.0,0.0,0.0,1.777,0.0
1784631803.4775453,0,0,66280,0,0.0,0.0,0.0,0.0,1.777,0.0
1784631803.478368,0,0,66290,0,0.0,0.0,0.0,0.0,1.777,0.0
1784631803.4794323,0,0,66300,0,0.0,0.0,0.0,0.0,1.777,0.0
1784631803.4807088,0,0,66310,0,0.0,0.0,0.0,0.0,1.777,0.0
1784631803.4821043,0,0,66320,0,0.0,0.0,0.0,0.0,1.777,0.0
1784631803.4830234,0,0,66330,0,0.0,0.0,0.0,0.0,1.777,0.0
1784631803.4839358,0,0,66340,0,0.0,0.0,0.0,0.0,1.777,0.0
1784631803.484696,0,0,66350,0,0.0,0.0,0.0,0.0,1.777,0.0
1784631803.485517,0,0,66360,0,0.0,0.0,0.0,0.0,1.777,0.0
1784631803.4863777,0,0,66370,0,0.0,0.0,0.0,0.0,1.777,0.0
1784631803.4872088,0,0,66380,0,0.0,0.0,0.0,0.0,1.777,0.0
1784631803.488016,0,0,66390,0,0.0,0.0,0.0,0.0,1.777,0.0
1784631803.4889116,0,0,66400,0,0.0,0.0,0.0,0.0,1.777,0.0
1784631803.48988,0,0,66410,0,0.0,0.0,0.0,0.0,1.777,0.0
1784631803.4907427,0,0,66420,0,0.0,0.0,0.0,0.0,1.777,0.0
1784631803.491584,0,0,66430,0,0.0,0.0,0.0,0.0,1.777,0.0
1784631803.5103564,0,0,66440,0,0.0,0.0,0.0,0.0,1.777,0.0
1784631803.6494138,0,0,66450,0,0.0,0.0,0.0,0.0,1.777,0.0
1784631803.6507938,0,0,66460,0,0.0,0.0,0.0,0.0,1.777,0.0
1784631803.6521554,0,0,66470,0,0.0,0.0,0.0,0.0,1.777,0.0
1784631803.6531541,0,0,66480,0,0.0,0.0,0.0,0.0,1.777,0.0
1784631803.6540718,0,0,66490,0,0.0,0.0,0.0,0.0,1.777,0.0
1784631803.655067,0,0,66500,0,0.0,0.0,0.0,0.0,1.777,0.0
1784631803.6559923,0,0,66510,0,0.0,0.0,0.0,0.0,1.777,0.0
1784631803.6569018,0,0,66520,0,0.0,0.0,0.0,0.0,1.777,0.0
1784631803.6577263,0,0,66530,0,0.0,0.0,0.0,0.0,1.777,0.0
1784631803.6647587,0,0,66540,0,0.0,0.0,0.0,0.0,1.777,0.0
1784631803.6660216,0,0,66550,0,0.0,0.0,0.0,0.0,1.777,0.0
1784631803.6671531,0,0,66560,0,0.0,0.0,0.0,0.0,1.777,0.0
1784631803.6685748,0,0,66570,0,0.0,0.0,0.0,0.0,1.777,0.0
1784631803.6695976,0,0,66580,0,0.0,0.0,0.0,0.0,1.777,0.0
1784631803.6703262,0,0,66590,0,0.0,0.0,0.0,0.0,1.777,0.0
1784631803.671008,0,0,66600,0,0.0,0.0,0.0,0.0,1.777,0.0
1784631803.6716886,0,0,66610,0,0.0,0.0,0.0,0.0,1.777,0.0
1784631803.6723578,0,0,66620,0,0.0,0.0,0.0,0.0,1.777,0.0
1784631803.673009,0,0,66630,0,0.0,0.0,0.0,0.0,1.777,0.0
1784631803.6736743,0,0,66640,0,0.0,0.0,0.0,0.0,1.777,0.0
1784631803.675383,0,0,66650,0,0.0,0.0,0.0,0.0,1.777,0.0
1784631803.676582,0,0,66660,0,0.0,0.0,0.0,0.0,1.777,0.0
1784631803.6774054,0,0,66670,0,0.0,0.0,0.0,0.0,1.778,0.0
1784631803.6781175,0,0,66680,0,0.0,0.0,0.0,0.0,1.778,0.0
1784631803.6790695,0,0,66690,0,0.0,0.0,0.0,0.0,1.778,0.0
1784631803.6806266,0,0,66700,0,0.0,0.0,0.0,0.0,1.778,0.0
1784631803.6815028,0,0,66710,0,0.0,0.0,0.0,0.0,1.778,0.0
1784631803.682236,0,0,66720,0,0.0,0.0,0.0,0.0,1.778,0.0
1784631803.6829078,0,0,66730,0,0.0,0.0,0.0,0.0,1.778,0.0
1784631803.6835852,0,0,66740,0,0.0,0.0,0.0,0.0,1.778,0.0
1784631803.6844451,0,0,66750,0,0.0,0.0,0.0,0.0,1.778,0.0
1784631803.6855252,0,0,66760,0,0.0,0.0,0.0,0.0,1.778,0.0
1784631803.7997508,0,0,66770,0,0.0,0.0,0.0,0.0,1.778,0.0
1784631803.8007169,0,0,66780,0,0.0,0.0,0.0,0.0,1.778,0.0
1784631803.8014271,0,0,66790,0,0.0,0.0,0.0,0.0,1.778,0.0
1784631803.8021085,0,0,66800,0,0.0,0.0,0.0,0.0,1.778,0.0
1784631803.8027635,0,0,66810,0,0.0,0.0,0.0,0.0,1.778,0.0
1784631803.8035223,0,0,66820,0,0.0,0.0,0.0,0.0,1.778,0.0
1784631803.8043034,0,0,66830,0,0.0,0.0,0.0,0.0,1.778,0.0
1784631803.8050003,0,0,66840,0,0.0,0.0,0.0,0.0,1.778,0.0
1784631803.8056688,0,0,66850,0,0.0,0.0,0.0,0.0,1.778,0.0
1784631803.8073108,0,0,66860,0,0.0,0.0,0.0,0.0,1.778,0.0
1784631803.80804,0,0,66870,0,0.0,0.0,0.0,0.0,1.778,0.0
1784631803.808711,0,0,66880,0,0.0,0.0,0.0,0.0,1.778,0.0
1784631803.8093781,0,0,66890,0,0.0,0.0,0.0,0.0,1.778,0.0
1784631803.8100743,0,0,66900,0,0.0,0.0,0.0,0.0,1.778,0.0
1784631803.8107445,0,0,66910,0,0.0,0.0,0.0,0.0,1.778,0.0
1784631803.8114107,0,0,66920,0,0.0,0.0,0.0,0.0,1.778,0.0
1784631803.8120716,0,0,66930,0,0.0,0.0,0.0,0.0,1.778,0.0
1784631803.8128223,0,0,66940,0,0.0,0.0,0.0,0.0,1.778,0.0
1784631803.8136182,0,0,66950,0,0.0,0.0,0.0,0.0,1.778,0.0
1784631803.8143773,0,0,66960,0,0.0,0.0,0.0,0.0,1.778,0.0
1784631803.815049,0,0,66970,0,0.0,0.0,0.0,0.0,1.778,0.0
1784631803.815697,0,0,66980,0,0.0,0.0,0.0,0.0,1.778,0.0
1784631803.8163555,0,0,66990,0,0.0,0.0,0.0,0.0,1.778,0.0
1784631803.817052,0,0,67000,0,0.0,0.0,0.0,0.0,1.778,0.0
1784631803.8177917,0,0,67010,0,0.0,0.0,0.0,0.0,1.778,0.0
1784631803.8185232,0,0,67020,0,0.0,0.0,0.0,0.0,1.778,0.0
1784631803.8193004,0,0,67030,0,0.0,0.0,0.0,0.0,1.778,0.0
1784631803.8200738,0,0,67040,0,0.0,0.0,0.0,0.0,1.779,0.0
1784631803.8208065,0,0,67050,0,0.0,0.0,0.0,0.0,1.779,0.0
1784631803.8216784,0,0,67060,0,0.0,0.0,0.0,0.0,1.779,0.0
1784631803.8224823,0,0,67070,0,0.0,0.0,0.0,0.0,1.779,0.0
1784631803.8236775,0,0,67080,0,0.0,0.0,0.0,0.0,1.779,0.0
1784631803.8250844,0,0,67090,0,0.0,0.0,0.0,0.0,1.779,0.0
1784631803.8260577,0,0,67100,0,0.0,0.0,0.0,0.0,1.779,0.0
1784631803.945949,0,0,67110,0,0.0,0.0,0.0,0.0,1.779,0.0
1784631803.9468434,0,0,67120,0,0.0,0.0,0.0,0.0,1.779,0.0
1784631803.9477766,0,0,67130,0,0.0,0.0,0.0,0.0,1.779,0.0
1784631803.94912,0,0,67140,0,0.0,0.0,0.0,0.0,1.779,0.0
1784631803.950744,0,0,67150,0,0.0,0.0,0.0,0.0,1.779,0.0
1784631803.9521976,0,0,67160,0,0.0,0.0,0.0,0.0,1.779,0.0
1784631803.9530914,0,0,67170,0,0.0,0.0,0.0,0.0,1.779,0.0
1784631803.953827,0,0,67180,0,0.0,0.0,0.0,0.0,1.779,0.0
1784631803.9545217,0,0,67190,0,0.0,0.0,0.0,0.0,1.779,0.0
1784631803.9552422,0,0,67200,0,0.0,0.0,0.0,0.0,1.779,0.0
1784631803.955934,0,0,67210,0,0.0,0.0,0.0,0.0,1.779,0.0
1784631803.9566457,0,0,67220,0,0.0,0.0,0.0,0.0,1.779,0.0
1784631803.9573338,0,0,67230,0,0.0,0.0,0.0,0.0,1.779,0.0
1784631803.9580495,0,0,67240,0,0.0,0.0,0.0,0.0,1.779,0.0
1784631803.9587429,0,0,67250,0,0.0,0.0,0.0,0.0,1.779,0.0
1784631803.9594266,0,0,67260,0,0.0,0.0,0.0,0.0,1.779,0.0
1784631803.9602132,0,0,67270,0,0.0,0.0,0.0,0.0,1.779,0.0
1784631803.9609103,0,0,67280,0,0.0,0.0,0.0,0.0,1.779,0.0
1784631803.9616172,0,0,67290,0,0.0,0.0,0.0,0.0,1.78,0.0
1784631803.9623017,0,0,67300,0,0.0,0.0,0.0,0.0,1.78,0.0
1784631803.963008,0,0,67310,0,0.0,0.0,0.0,0.0,1.78,0.0
1784631803.9637146,0,0,67320,0,0.0,0.0,0.0,0.0,1.78,0.0
1784631803.9644225,0,0,67330,0,0.0,0.0,0.0,0.0,1.78,0.0
1784631803.9651384,0,0,67340,0,0.0,0.0,0.0,0.0,1.78,0.0
1784631803.9658325,0,0,67350,0,0.0,0.0,0.0,0.0,1.78,0.0
1784631803.9666166,0,0,67360,0,0.0,0.0,0.0,0.0,1.78,0.0
1784631803.9673572,0,0,67370,0,0.0,0.0,0.0,0.0,1.78,0.0
1784631803.9681115,0,0,67380,0,0.0,0.0,0.0,0.0,1.78,0.0
1784631803.9688442,0,0,67390,0,0.0,0.0,0.0,0.0,1.78,0.0
1784631803.9696555,0,0,67400,0,0.0,0.0,0.0,0.0,1.78,0.0
1784631803.9703844,0,0,67410,0,0.0,0.0,0.0,0.0,1.78,0.0
1784631803.9712527,0,0,67420,0,0.0,0.0,0.0,0.0,1.78,0.0
1784631804.10214,0,0,67430,0,0.0,0.0,0.0,0.0,1.78,0.0
1784631804.1036339,0,0,67440,0,0.0,0.0,0.0,0.0,1.78,0.0
1784631804.1063192,0,0,67450,0,0.0,0.0,0.0,0.0,1.78,0.0
1784631804.1081855,0,0,67460,0,0.0,0.0,0.0,0.0,1.78,0.0
1784631804.1163123,0,0,67470,0,0.0,0.0,0.0,0.0,1.78,0.0
1784631804.1184974,0,0,67480,0,0.0,0.0,0.0,0.0,1.781,0.0
1784631804.1205785,0,0,67490,0,0.0,0.0,0.0,0.0,1.781,0.0
1784631804.1224368,0,0,67500,0,0.0,0.0,0.0,0.0,1.781,0.0
1784631804.12392,0,0,67510,0,0.0,0.0,0.0,0.0,1.781,0.0
1784631804.1255155,0,0,67520,0,0.0,0.0,0.0,0.0,1.781,0.0
1784631804.1270263,0,0,67530,0,0.0,0.0,0.0,0.0,1.781,0.0
1784631804.134226,0,0,67540,0,0.0,0.0,0.0,0.0,1.781,0.0
1784631804.1365564,0,0,67550,0,0.0,0.0,0.0,0.0,1.781,0.0
1784631804.138385,0,0,67560,0,0.0,0.0,0.0,0.0,1.781,0.0
1784631804.140015,0,0,67570,0,0.0,0.0,0.0,0.0,1.781,0.0
1784631804.1413696,0,0,67580,0,0.0,0.0,0.0,0.0,1.781,0.0
1784631804.1427789,0,0,67590,0,0.0,0.0,0.0,0.0,1.781,0.0
1784631804.1448379,0,0,67600,0,0.0,0.0,0.0,0.0,1.781,0.0
1784631804.2585552,0,0,67610,0,0.0,0.0,0.0,0.0,1.781,0.0
1784631804.2596555,0,0,67620,0,0.0,0.0,0.0,0.0,1.781,0.0
1784631804.2616227,0,0,67630,0,0.0,0.0,0.0,0.0,1.782,0.0
1784631804.2643552,0,0,67640,0,0.0,0.0,0.0,0.0,1.782,0.0
1784631804.265422,0,0,67650,0,0.0,0.0,0.0,0.0,1.782,0.0
1784631804.2662818,0,0,67660,0,0.0,0.0,0.0,0.0,1.782,0.0
1784631804.2670193,0,0,67670,0,0.0,0.0,0.0,0.0,1.782,0.0
1784631804.267737,0,0,67680,0,0.0,0.0,0.0,0.0,1.782,0.0
1784631804.2690032,0,0,67690,0,0.0,0.0,0.0,0.0,1.782,0.0
1784631804.2699003,0,0,67700,0,0.0,0.0,0.0,0.0,1.782,0.0
1784631804.2710268,0,0,67710,0,0.0,0.0,0.0,0.0,1.782,0.0
1784631804.2718263,0,0,67720,0,0.0,0.0,0.0,0.0,1.782,0.0
1784631804.2726395,0,0,67730,0,0.0,0.0,0.0,0.0,1.782,0.0
1784631804.273604,0,0,67740,0,0.0,0.0,0.0,0.0,1.782,0.0
1784631804.2744968,0,0,67750,0,0.0,0.0,0.0,0.0,1.783,0.0
1784631804.275276,0,0,67760,0,0.0,0.0,0.0,0.0,1.783,0.0
1784631804.2762198,0,0,67770,0,0.0,0.0,0.0,0.0,1.783,0.0
1784631804.2772238,0,0,67780,0,0.0,0.0,0.0,0.0,1.783,0.0
1784631804.2781444,0,0,67790,0,0.0,0.0,0.0,0.0,1.783,0.0
1784631804.2789612,0,0,67800,0,0.0,0.0,0.0,0.0,1.783,0.0
1784631804.2796938,0,0,67810,0,0.0,0.0,0.0,0.0,1.783,0.0
1784631804.280492,0,0,67820,0,0.0,0.0,0.0,0.0,1.783,0.0
1784631804.2812529,0,0,67830,0,0.0,0.0,0.0,0.0,1.783,0.0
1784631804.2820246,0,0,67840,0,0.0,0.0,0.0,0.0,1.783,0.0
1784631804.282747,0,0,67850,0,0.0,0.0,0.0,0.0,1.783,0.0
1784631804.2835426,0,0,67860,0,0.0,0.0,0.0,0.0,1.783,0.0
1784631804.2843175,0,0,67870,0,0.0,0.0,0.0,0.0,1.784,0.0
1784631804.2850602,0,0,67880,0,0.0,0.0,0.0,0.0,1.784,0.0
1784631804.2857704,0,0,67890,0,0.0,0.0,0.0,0.0,1.784,0.0
1784631804.4113038,0,0,67900,0,0.0,0.0,0.0,0.0,1.784,0.0
1784631804.4123466,0,0,67910,0,0.0,0.0,0.0,0.0,1.784,0.0
1784631804.4130952,0,0,67920,0,0.0,0.0,0.0,0.0,1.784,0.0
1784631804.4138715,0,0,67930,0,0.0,0.0,0.0,0.0,1.784,0.0
1784631804.414573,0,0,67940,0,0.0,0.0,0.0,0.0,1.784,0.0
1784631804.4153013,0,0,67950,0,0.0,0.0,0.0,0.0,1.784,0.0
1784631804.415978,0,0,67960,0,0.0,0.0,0.0,0.0,1.784,0.0
1784631804.417782,0,0,67970,0,0.0,0.0,0.0,0.0,1.784,0.0
1784631804.419418,0,0,67980,0,0.0,0.0,0.0,0.0,1.785,0.0
1784631804.420494,0,0,67990,0,0.0,0.0,0.0,0.0,1.785,0.0
1784631804.4220703,0,0,68000,0,0.0,0.0,0.0,0.0,1.785,0.0
1784631804.4233708,0,0,68010,0,0.0,0.0,0.0,0.0,1.785,0.0
1784631804.4243438,0,0,68020,0,0.0,0.0,0.0,0.0,1.785,0.0
1784631804.4251254,0,0,68030,0,0.0,0.0,0.0,0.0,1.785,0.0
1784631804.4259486,0,0,68040,0,0.0,0.0,0.0,0.0,1.785,0.0
1784631804.4267333,0,0,68050,0,0.0,0.0,0.0,0.0,1.785,0.0
1784631804.4274554,0,0,68060,0,0.0,0.0,0.0,0.0,1.785,0.0
1784631804.4281867,0,0,68070,0,0.0,0.0,0.0,0.0,1.785,0.0
1784631804.4288611,0,0,68080,0,0.0,0.0,0.0,0.0,1.785,0.0
1784631804.4295483,0,0,68090,0,0.0,0.0,0.0,0.0,1.786,0.0
1784631804.4305205,0,0,68100,0,0.0,0.0,0.0,0.0,1.786,0.0
1784631804.4313726,0,0,68110,0,0.0,0.0,0.0,0.0,1.786,0.0
1784631804.4325993,0,0,68120,0,0.0,0.0,0.0,0.0,1.786,0.0
1784631804.4334629,0,0,68130,0,0.0,0.0,0.0,0.0,1.786,0.0
1784631804.4342241,0,0,68140,0,0.0,0.0,0.0,0.0,1.786,0.0
1784631804.434983,0,0,68150,0,0.0,0.0,0.0,0.0,1.786,0.0
1784631804.4356844,0,0,68160,0,0.0,0.0,0.0,0.0,1.786,0.0
1784631804.43637,0,0,68170,0,0.0,0.0,0.0,0.0,1.786,0.0
1784631804.4371016,0,0,68180,0,0.0,0.0,0.0,0.0,1.786,0.0
1784631804.4378407,0,0,68190,0,0.0,0.0,0.0,0.0,1.787,0.0
1784631804.4386573,0,0,68200,0,0.0,0.0,0.0,0.0,1.787,0.0
1784631804.4394138,0,0,68210,0,0.0,0.0,0.0,0.0,1.787,0.0
1784631804.4401677,0,0,68220,0,0.0,0.0,0.0,0.0,1.787,0.0
1784631804.44091,0,0,68230,0,0.0,0.0,0.0,0.0,1.787,0.0
1784631804.4416616,0,0,68240,0,0.0,0.0,0.0,0.0,1.787,0.0
1784631804.4424148,0,0,68250,0,0.0,0.0,0.0,0.0,1.787,0.0
1784631804.5561085,0,0,68260,0,0.0,0.0,0.0,0.0,1.787,0.0
1784631804.5577302,0,0,68270,0,0.0,0.0,0.0,0.0,1.787,0.0
1784631804.5586646,0,0,68280,0,0.0,0.0,0.0,0.0,1.787,0.0
1784631804.5594046,0,0,68290,0,0.0,0.0,0.0,0.0,1.788,0.0
1784631804.5601482,0,0,68300,0,0.0,0.0,0.0,0.0,1.788,0.0
1784631804.5608308,0,0,68310,0,0.0,0.0,0.0,0.0,1.788,0.0
1784631804.5615566,0,0,68320,0,0.0,0.0,0.0,0.0,1.788,0.0
1784631804.5622492,0,0,68330,0,0.0,0.0,0.0,0.0,1.788,0.0
1784631804.562925,0,0,68340,0,0.0,0.0,0.0,0.0,1.788,0.0
1784631804.5636165,0,0,68350,0,0.0,0.0,0.0,0.0,1.788,0.0
1784631804.5643113,0,0,68360,0,0.0,0.0,0.0,0.0,1.788,0.0
1784631804.5650234,0,0,68370,0,0.0,0.0,0.0,0.0,1.788,0.0
1784631804.565706,0,0,68380,0,0.0,0.0,0.0,0.0,1.788,0.0
1784631804.5666037,0,0,68390,0,0.0,0.0,0.0,0.0,1.789,0.0
1784631804.5673494,0,0,68400,0,0.0,0.0,0.0,0.0,1.789,0.0
1784631804.56817,0,0,68410,0,0.0,0.0,0.0,0.0,1.789,0.0
1784631804.5689523,0,0,68420,0,0.0,0.0,0.0,0.0,1.789,0.0
1784631804.5697165,0,0,68430,0,0.0,0.0,0.0,0.0,1.789,0.0
1784631804.5705998,0,0,68440,0,0.0,0.0,0.0,0.0,1.789,0.0
1784631804.57141,0,0,68450,0,0.0,0.0,0.0,0.0,1.789,0.0
1784631804.5721755,0,0,68460,0,0.0,0.0,0.0,0.0,1.789,0.0
1784631804.574081,0,0,68470,0,0.0,0.0,0.0,0.0,1.789,0.0
1784631804.6939554,0,0,68480,0,0.0,0.0,0.0,0.0,1.79,0.0
1784631804.6949353,0,0,68490,0,0.0,0.0,0.0,0.0,1.79,0.0
1784631804.6956985,0,0,68500,0,0.0,0.0,0.0,0.0,1.79,0.0
1784631804.6964562,0,0,68510,0,0.0,0.0,0.0,0.0,1.79,0.0
1784631804.6971714,0,0,68520,0,0.0,0.0,0.0,0.0,1.79,0.0
1784631804.6986258,0,0,68530,0,0.0,0.0,0.0,0.0,1.79,0.0
1784631804.7004604,0,0,68540,0,0.0,0.0,0.0,0.0,1.79,0.0
1784631804.7015486,0,0,68550,0,0.0,0.0,0.0,0.0,1.79,0.0
1784631804.702462,0,0,68560,0,0.0,0.0,0.0,0.0,1.791,0.0
1784631804.7033095,0,0,68570,0,0.0,0.0,0.0,0.0,1.791,0.0
1784631804.7041168,0,0,68580,0,0.0,0.0,0.0,0.0,1.791,0.0
1784631804.7049084,0,0,68590,0,0.0,0.0,0.0,0.0,1.791,0.0
1784631804.7057984,0,0,68600,0,0.0,0.0,0.0,0.0,1.791,0.0
1784631804.7066393,0,0,68610,0,0.0,0.0,0.0,0.0,1.791,0.0
1784631804.7073748,0,0,68620,0,0.0,0.0,0.0,0.0,1.791,0.0
1784631804.7080722,0,0,68630,0,0.0,0.0,0.0,0.0,1.791,0.0
1784631804.7087567,0,0,68640,0,0.0,0.0,0.0,0.0,1.791,0.0
1784631804.8136268,0,0,68650,0,0.0,0.0,0.0,0.0,1.792,0.0
1784631804.8146813,0,0,68660,0,0.0,0.0,0.0,0.0,1.792,0.0
1784631804.8155007,0,0,68670,0,0.0,0.0,0.0,0.0,1.792,0.0
1784631804.8162565,0,0,68680,0,0.0,0.0,0.0,0.0,1.792,0.0
1784631804.817005,0,0,68690,0,0.0,0.0,0.0,0.0,1.792,0.0
1784631804.817754,0,0,68700,0,0.0,0.0,0.0,0.0,1.792,0.0
1784631804.8184938,0,0,68710,0,0.0,0.0,0.0,0.0,1.792,0.0
1784631804.8192384,0,0,68720,0,0.0,0.0,0.0,0.0,1.793,0.0
1784631804.8200457,0,0,68730,0,0.0,0.0,0.0,0.0,1.793,0.0
1784631804.820902,0,0,68740,0,0.0,0.0,0.0,0.0,1.793,0.0
1784631804.8216932,0,0,68750,0,0.0,0.0,0.0,0.0,1.793,0.0
1784631804.8224752,0,0,68760,0,0.0,0.0,0.0,0.0,1.793,0.0
1784631804.9271257,0,0,68770,0,0.0,0.0,0.0,0.0,1.793,0.0
1784631804.9282682,0,0,68780,0,0.0,0.0,0.0,0.0,1.793,0.0
1784631804.929201,0,0,68790,0,0.0,0.0,0.0,0.0,1.794,0.0
1784631804.9300056,0,0,68800,0,0.0,0.0,0.0,0.0,1.794,0.0
1784631804.9308567,0,0,68810,0,0.0,0.0,0.0,0.0,1.794,0.0
1784631804.9317615,0,0,68820,0,0.0,0.0,0.0,0.0,1.794,0.0
1784631804.9327707,0,0,68830,0,0.0,0.0,0.0,0.0,1.794,0.0
1784631804.933696,0,0,68840,0,0.0,0.0,0.0,0.0,1.794,0.0
1784631804.9344988,0,0,68850,0,0.0,0.0,0.0,0.0,1.794,0.0
1784631805.0464094,0,0,68860,0,0.0,0.0,0.0,0.0,1.795,0.0
1784631805.0474987,0,0,68870,0,0.0,0.0,0.0,0.0,1.795,0.0
1784631805.0484211,0,0,68880,0,0.0,0.0,0.0,0.0,1.795,0.0
1784631805.049304,0,0,68890,0,0.0,0.0,0.0,0.0,1.795,0.0
1784631805.050263,0,0,68900,0,0.0,0.0,0.0,0.0,1.795,0.0
1784631805.0512037,0,0,68910,0,0.0,0.0,0.0,0.0,1.795,0.0
1784631805.0522227,0,0,68920,0,0.0,0.0,0.0,0.0,1.796,0.0
1784631805.0530806,0,0,68930,0,0.0,0.0,0.0,0.0,1.796,0.0
1784631805.0538988,0,0,68940,0,0.0,0.0,0.0,0.0,1.796,0.0
1784631805.0546517,0,0,68950,0,0.0,0.0,0.0,0.0,1.796,0.0
1784631805.0556064,0,0,68960,0,0.0,0.0,0.0,0.0,1.796,0.0
1784631805.0564299,0,0,68970,0,0.0,0.0,0.0,0.0,1.796,0.0
1784631805.1627278,0,0,68980,0,0.0,0.0,0.0,0.0,1.797,0.0
1784631805.1653602,0,0,68990,0,0.0,0.0,0.0,0.0,1.797,0.0
1784631805.1673274,0,0,69000,0,0.0,0.0,0.0,0.0,1.797,0.0
1784631805.1693704,0,0,69010,0,0.0,0.0,0.0,0.0,1.797,0.0
1784631805.1705973,0,0,69020,0,0.0,0.0,0.0,0.0,1.797,0.0
1784631805.1715255,0,0,69030,0,0.0,0.0,0.0,0.0,1.797,0.0
1784631805.289277,0,0,69040,0,0.0,0.0,0.0,0.0,1.798,0.0
1784631805.2903438,0,0,69050,0,0.0,0.0,0.0,0.0,1.798,0.0
1784631805.2911403,0,0,69060,0,0.0,0.0,0.0,0.0,1.798,0.0
1784631805.29302,0,0,69070,0,0.0,0.0,0.0,0.0,1.798,0.0
1784631805.2945242,0,0,69080,0,0.0,0.0,0.0,0.0,1.798,0.0
1784631805.2958107,0,0,69090,0,0.0,0.0,0.0,0.0,1.799,0.0
1784631805.2967873,0,0,69100,0,0.0,0.0,0.0,0.0,1.799,0.0
1784631805.297573,0,0,69110,0,0.0,0.0,0.0,0.0,1.799,0.0
1784631805.2984128,0,0,69120,0,0.0,0.0,0.0,0.0,1.799,0.0
1784631805.2992837,0,0,69130,0,0.0,0.0,0.0,0.0,1.799,0.0
1784631805.3008811,0,0,69140,0,0.0,0.0,0.0,0.0,1.8,0.0
1784631805.3022563,0,0,69150,0,0.0,0.0,0.0,0.0,1.8,0.0
1784631805.303155,0,0,69160,0,0.0,0.0,0.0,0.0,1.8,0.0
1784631805.3039675,0,0,69170,0,0.0,0.0,0.0,0.0,1.8,0.0
1784631805.3047895,0,0,69180,0,0.0,0.0,0.0,0.0,1.8,0.0
1784631805.3055372,0,0,69190,0,0.0,0.0,0.0,0.0,1.801,0.0
1784631805.4290726,0,0,69200,0,0.0,0.0,0.0,0.0,1.801,0.0
1784631805.430052,0,0,69210,0,0.0,0.0,0.0,0.0,1.801,0.0
1784631805.4308753,0,0,69220,0,0.0,0.0,0.0,0.0,1.801,0.0
1784631805.431767,0,0,69230,0,0.0,0.0,0.0,0.0,1.801,0.0
1784631805.4327214,0,0,69240,0,0.0,0.0,0.0,0.0,1.802,0.0
1784631805.4335656,0,0,69250,0,0.0,0.0,0.0,0.0,1.802,0.0
1784631805.4344747,0,0,69260,0,0.0,0.0,0.0,0.0,1.802,0.0
1784631805.4355507,0,0,69270,0,0.0,0.0,0.0,0.0,1.802,0.0
1784631805.4363916,0,0,69280,0,0.0,0.0,0.0,0.0,1.802,0.0
1784631805.4371972,0,0,69290,0,0.0,0.0,0.0,0.0,1.803,0.0
1784631805.4381495,0,0,69300,0,0.0,0.0,0.0,0.0,1.803,0.0
1784631805.439075,0,0,69310,0,0.0,0.0,0.0,0.0,1.803,0.0
1784631805.4399202,0,0,69320,0,0.0,0.0,0.0,0.0,1.803,0.0
1784631805.4408834,0,0,69330,0,0.0,0.0,0.0,0.0,1.803,0.0
1784631805.4418502,0,0,69340,0,0.0,0.0,0.0,0.0,1.804,0.0
1784631805.44282,0,0,69350,0,0.0,0.0,0.0,0.0,1.804,0.0
1784631805.5550773,0,0,69360,0,0.0,0.0,0.0,0.0,1.804,0.0
1784631805.556706,0,0,69370,0,0.0,0.0,0.0,0.0,1.804,0.0
1784631805.5583665,0,0,69380,0,0.0,0.0,0.0,0.0,1.805,0.0
1784631805.559385,0,0,69390,0,0.0,0.0,0.0,0.0,1.805,0.0
1784631805.5602598,0,0,69400,0,0.0,0.0,0.0,0.0,1.805,0.0
1784631805.561065,0,0,69410,0,0.0,0.0,0.0,0.0,1.805,0.0
1784631805.5618892,0,0,69420,0,0.0,0.0,0.0,0.0,1.805,0.0
1784631805.562705,0,0,69430,0,0.0,0.0,0.0,0.0,1.806,0.0
1784631805.563543,0,0,69440,0,0.0,0.0,0.0,0.0,1.806,0.0
1784631805.5646133,0,0,69450,0,0.0,0.0,0.0,0.0,1.806,0.0
1784631805.56543,0,0,69460,0,0.0,0.0,0.0,0.0,1.806,0.0
1784631805.5664744,0,0,69470,0,0.0,0.0,0.0,0.0,1.807,0.0
1784631805.567288,0,0,69480,0,0.0,0.0,0.0,0.0,1.807,0.0
1784631805.56809,0,0,69490,0,0.0,0.0,0.0,0.0,1.807,0.0
1784631805.5688653,0,0,69500,0,0.0,0.0,0.0,0.0,1.807,0.0
1784631805.56973,0,0,69510,0,0.0,0.0,0.0,0.0,1.807,0.0
1784631805.570584,0,0,69520,0,0.0,0.0,0.0,0.0,1.808,0.0
1784631805.5715098,0,0,69530,0,0.0,0.0,0.0,0.0,1.808,0.0
1784631805.5722458,0,0,69540,0,0.0,0.0,0.0,0.0,1.808,0.0
1784631805.6851625,0,0,69550,0,0.0,0.0,0.0,0.0,1.808,0.0
1784631805.6863356,0,0,69560,0,0.0,0.0,0.0,0.0,1.809,0.0
1784631805.6878045,0,0,69570,0,0.0,0.0,0.0,0.0,1.809,0.0
1784631805.6888509,0,0,69580,0,0.0,0.0,0.0,0.0,1.809,0.0
1784631805.6898038,0,0,69590,0,0.0,0.0,0.0,0.0,1.809,0.0
1784631805.6907995,0,0,69600,0,0.0,0.0,0.0,0.0,1.809,0.0
1784631805.6918497,0,0,69610,0,0.0,0.0,0.0,0.0,1.81,0.0
1784631805.692794,0,0,69620,0,0.0,0.0,0.0,0.0,1.81,0.0
1784631805.6936893,0,0,69630,0,0.0,0.0,0.0,0.0,1.81,0.0
1784631805.6945465,0,0,69640,0,0.0,0.0,0.0,0.0,1.81,0.0
1784631805.6954265,0,0,69650,0,0.0,0.0,0.0,0.0,1.811,0.0
1784631805.6963224,0,0,69660,0,0.0,0.0,0.0,0.0,1.811,0.0
1784631805.6972015,0,0,69670,0,0.0,0.0,0.0,0.0,1.811,0.0
1784631805.6986248,0,0,69680,0,0.0,0.0,0.0,0.0,1.811,0.0
1784631805.7003517,0,0,69690,0,0.0,0.0,0.0,0.0,1.812,0.0
1784631805.70201,0,0,69700,0,0.0,0.0,0.0,0.0,1.812,0.0
1784631805.704231,0,0,69710,0,0.0,0.0,0.0,0.0,1.812,0.0
1784631805.705909,0,0,69720,0,0.0,0.0,0.0,0.0,1.812,0.0
1784631805.823397,0,0,69730,0,0.0,0.0,0.0,0.0,1.813,0.0
1784631805.8252363,0,0,69740,0,0.0,0.0,0.0,0.0,1.813,0.0
1784631805.8263307,0,0,69750,0,0.0,0.0,0.0,0.0,1.813,0.0
1784631805.8272297,0,0,69760,0,0.0,0.0,0.0,0.0,1.813,0.0
1784631805.8279877,0,0,69770,0,0.0,0.0,0.0,0.0,1.814,0.0
1784631805.8287196,0,0,69780,0,0.0,0.0,0.0,0.0,1.814,0.0
1784631805.8294396,0,0,69790,0,0.0,0.0,0.0,0.0,1.814,0.0
1784631805.8301952,0,0,69800,0,0.0,0.0,0.0,0.0,1.814,0.0
1784631805.830953,0,0,69810,0,0.0,0.0,0.0,0.0,1.815,0.0
1784631805.8317664,0,0,69820,0,0.0,0.0,0.0,0.0,1.815,0.0
1784631805.8326695,0,0,69830,0,0.0,0.0,0.0,0.0,1.815,0.0
1784631805.8337965,0,0,69840,0,0.0,0.0,0.0,0.0,1.815,0.0
1784631805.834636,0,0,69850,0,0.0,0.0,0.0,0.0,1.815,0.0
1784631805.8358834,0,0,69860,0,0.0,0.0,0.0,0.0,1.816,0.0
1784631805.8368585,0,0,69870,0,0.0,0.0,0.0,0.0,1.816,0.0
1784631805.8376215,0,0,69880,0,0.0,0.0,0.0,0.0,1.816,0.0
1784631805.8393295,0,0,69890,0,0.0,0.0,0.0,0.0,1.816,0.0
1784631805.8410861,0,0,69900,0,0.0,0.0,0.0,0.0,1.817,0.0
1784631805.842144,0,0,69910,0,0.0,0.0,0.0,0.0,1.817,0.0
1784631805.9563928,0,0,69920,0,0.0,0.0,0.0,0.0,1.817,0.0
1784631805.9575336,0,0,69930,0,0.0,0.0,0.0,0.0,1.817,0.0
1784631805.9584649,0,0,69940,0,0.0,0.0,0.0,0.0,1.818,0.0
1784631805.959396,0,0,69950,0,0.0,0.0,0.0,0.0,1.818,0.0
1784631805.9602153,0,0,69960,0,0.0,0.0,0.0,0.0,1.818,0.0
1784631805.960965,0,0,69970,0,0.0,0.0,0.0,0.0,1.819,0.0
1784631805.9618037,0,0,69980,0,0.0,0.0,0.0,0.0,1.819,0.0
1784631805.962605,0,0,69990,0,0.0,0.0,0.0,0.0,1.819,0.0
1784631805.9644604,0,0,70000,0,0.0,0.0,0.0,0.0,1.819,0.0
1784631805.967673,0,0,70010,0,0.0,0.0,0.0,0.0,1.82,0.0
1784631805.9687314,0,0,70020,0,0.0,0.0,0.0,0.0,1.82,0.0
1784631805.9695897,0,0,70030,0,0.0,0.0,0.0,0.0,1.82,0.0
1784631805.970403,0,0,70040,0,0.0,0.0,0.0,0.0,1.82,0.0
1784631805.9713058,0,0,70050,0,0.0,0.0,0.0,0.0,1.821,0.0
1784631805.9721344,0,0,70060,0,0.0,0.0,0.0,0.0,1.821,0.0
1784631805.9729252,0,0,70070,0,0.0,0.0,0.0,0.0,1.821,0.0
1784631805.973748,0,0,70080,0,0.0,0.0,0.0,0.0,1.821,0.0
1784631805.9745386,0,0,70090,0,0.0,0.0,0.0,0.0,1.822,0.0
1784631805.9752862,0,0,70100,0,0.0,0.0,0.0,0.0,1.822,0.0
1784631806.0885367,0,0,70110,0,0.0,0.0,0.0,0.0,1.822,0.0
1784631806.0896392,0,0,70120,0,0.0,0.0,0.0,0.0,1.822,0.0
1784631806.0904393,0,0,70130,0,0.0,0.0,0.0,0.0,1.823,0.0
1784631806.0916588,0,0,70140,0,0.0,0.0,0.0,0.0,1.823,0.0
1784631806.0927572,0,0,70150,0,0.0,0.0,0.0,0.0,1.823,0.0
1784631806.093816,0,0,70160,0,0.0,0.0,0.0,0.0,1.824,0.0
1784631806.0947855,0,0,70170,0,0.0,0.0,0.0,0.0,1.824,0.0
1784631806.0956168,0,0,70180,0,0.0,0.0,0.0,0.0,1.824,0.0
1784631806.0963664,0,0,70190,0,0.0,0.0,0.0,0.0,1.824,0.0
1784631806.0971985,0,0,70200,0,0.0,0.0,0.0,0.0,1.825,0.0
1784631806.0979593,0,0,70210,0,0.0,0.0,0.0,0.0,1.825,0.0
1784631806.0987895,0,0,70220,0,0.0,0.0,0.0,0.0,1.825,0.0
1784631806.0996308,0,0,70230,0,0.0,0.0,0.0,0.0,1.825,0.0
1784631806.1003697,0,0,70240,0,0.0,0.0,0.0,0.0,1.826,0.0
1784631806.1050673,0,0,70250,0,0.0,0.0,0.0,0.0,1.826,0.0
1784631806.1070147,0,0,70260,0,0.0,0.0,0.0,0.0,1.826,0.0
1784631806.1081312,0,0,70270,0,0.0,0.0,0.0,0.0,1.827,0.0
1784631806.1089957,0,0,70280,0,0.0,0.0,0.0,0.0,1.827,0.0
1784631806.1100361,0,0,70290,0,0.0,0.0,0.0,0.0,1.827,0.0
1784631806.1109312,0,0,70300,0,0.0,0.0,0.0,0.0,1.827,0.0
1784631806.1119196,0,0,70310,0,0.0,0.0,0.0,0.0,1.828,0.0
1784631806.221205,0,0,70320,0,0.0,0.0,0.0,0.0,1.828,0.0
1784631806.2223294,0,0,70330,0,0.0,0.0,0.0,0.0,1.828,0.0
1784631806.2232313,0,0,70340,0,0.0,0.0,0.0,0.0,1.829,0.0
1784631806.2240577,0,0,70350,0,0.0,0.0,0.0,0.0,1.829,0.0
1784631806.224864,0,0,70360,0,0.0,0.0,0.0,0.0,1.829,0.0
1784631806.2258487,0,0,70370,0,0.0,0.0,0.0,0.0,1.829,0.0
1784631806.2267308,0,0,70380,0,0.0,0.0,0.0,0.0,1.83,0.0
1784631806.2275114,0,0,70390,0,0.0,0.0,0.0,0.0,1.83,0.0
1784631806.2285073,0,0,70400,0,0.0,0.0,0.0,0.0,1.83,0.0
1784631806.2303047,0,0,70410,0,0.0,0.0,0.0,0.0,1.831,0.0
1784631806.2318192,0,0,70420,0,0.0,0.0,0.0,0.0,1.831,0.0
1784631806.2327363,0,0,70430,0,0.0,0.0,0.0,0.0,1.831,0.0
1784631806.233522,0,0,70440,0,0.0,0.0,0.0,0.0,1.831,0.0
1784631806.234332,0,0,70450,0,0.0,0.0,0.0,0.0,1.832,0.0
1784631806.2350657,0,0,70460,0,0.0,0.0,0.0,0.0,1.832,0.0
1784631806.3519647,0,0,70470,0,0.0,0.0,0.0,0.0,1.832,0.0
1784631806.3530002,0,0,70480,0,0.0,0.0,0.0,0.0,1.833,0.0
1784631806.35418,0,0,70490,0,0.0,0.0,0.0,0.0,1.833,0.0
1784631806.3555627,0,0,70500,0,0.0,0.0,0.0,0.0,1.833,0.0
1784631806.356727,0,0,70510,0,0.0,0.0,0.0,0.0,1.833,0.0
1784631806.3575983,0,0,70520,0,0.0,0.0,0.0,0.0,1.834,0.0
1784631806.3583705,0,0,70530,0,0.0,0.0,0.0,0.0,1.834,0.0
1784631806.359187,0,0,70540,0,0.0,0.0,0.0,0.0,1.834,0.0
1784631806.359964,0,0,70550,0,0.0,0.0,0.0,0.0,1.835,0.0
1784631806.3608139,0,0,70560,0,0.0,0.0,0.0,0.0,1.835,0.0
1784631806.3616087,0,0,70570,0,0.0,0.0,0.0,0.0,1.835,0.0
1784631806.3623657,0,0,70580,0,0.0,0.0,0.0,0.0,1.835,0.0
1784631806.3631718,0,0,70590,0,0.0,0.0,0.0,0.0,1.836,0.0
1784631806.3640852,0,0,70600,0,0.0,0.0,0.0,0.0,1.836,0.0
1784631806.3655646,0,0,70610,0,0.0,0.0,0.0,0.0,1.836,0.0
1784631806.3668861,0,0,70620,0,0.0,0.0,0.0,0.0,1.837,0.0
1784631806.3679178,0,0,70630,0,0.0,0.0,0.0,0.0,1.837,0.0
1784631806.368796,0,0,70640,0,0.0,0.0,0.0,0.0,1.837,0.0
1784631806.370287,0,0,70650,0,0.0,0.0,0.0,0.0,1.838,0.0
1784631806.3712296,0,0,70660,0,0.0,0.0,0.0,0.0,1.838,0.0
1784631806.4901133,0,0,70670,0,0.0,0.0,0.0,0.0,1.838,0.0
1784631806.4911137,0,0,70680,0,0.0,0.0,0.0,0.0,1.839,0.0
1784631806.4920728,0,0,70690,0,0.0,0.0,0.0,0.0,1.839,0.0
1784631806.4929595,0,0,70700,0,0.0,0.0,0.0,0.0,1.839,0.0
1784631806.4937346,0,0,70710,0,0.0,0.0,0.0,0.0,1.839,0.0
1784631806.494892,0,0,70720,0,0.0,0.0,0.0,0.0,1.84,0.0
1784631806.4958098,0,0,70730,0,0.0,0.0,0.0,0.0,1.84,0.0
1784631806.49662,0,0,70740,0,0.0,0.0,0.0,0.0,1.84,0.0
1784631806.4974806,0,0,70750,0,0.0,0.0,0.0,0.0,1.841,0.0
1784631806.4983075,0,0,70760,0,0.0,0.0,0.0,0.0,1.841,0.0
1784631806.4992256,0,0,70770,0,0.0,0.0,0.0,0.0,1.841,0.0
1784631806.5006444,0,0,70780,0,0.0,0.0,0.0,0.0,1.842,0.0
1784631806.5021684,0,0,70790,0,0.0,0.0,0.0,0.0,1.842,0.0
1784631806.5031948,0,0,70800,0,0.0,0.0,0.0,0.0,1.842,0.0
1784631806.5041318,0,0,70810,0,0.0,0.0,0.0,0.0,1.843,0.0
1784631806.5049942,0,0,70820,0,0.0,0.0,0.0,0.0,1.843,0.0
1784631806.5058863,0,0,70830,0,0.0,0.0,0.0,0.0,1.843,0.0
1784631806.5067074,0,0,70840,0,0.0,0.0,0.0,0.0,1.843,0.0
1784631806.5076237,0,0,70850,0,0.0,0.0,0.0,0.0,1.844,0.0
1784631806.6494904,0,0,70860,0,0.0,0.0,0.0,0.0,1.844,0.0
1784631806.6847947,0,0,70870,0,0.0,0.0,0.0,0.0,1.844,0.0
1784631806.6911635,0,0,70880,0,0.0,0.0,0.0,0.0,1.845,0.0
1784631806.6935723,0,0,70890,0,0.0,0.0,0.0,0.0,1.845,0.0
1784631806.6959183,0,0,70900,0,0.0,0.0,0.0,0.0,1.845,0.0
1784631806.6975324,0,0,70910,0,0.0,0.0,0.0,0.0,1.846,0.0
1784631806.7151527,0,0,70920,0,0.0,0.0,0.0,0.0,1.846,0.0
1784631806.7170088,0,0,70930,0,0.0,0.0,0.0,0.0,1.846,0.0
1784631806.7194047,0,0,70940,0,0.0,0.0,0.0,0.0,1.847,0.0
1784631806.7211578,0,0,70950,0,0.0,0.0,0.0,0.0,1.847,0.0
1784631806.7225373,0,0,70960,0,0.0,0.0,0.0,0.0,1.847,0.0
1784631806.7237067,0,0,70970,0,0.0,0.0,0.0,0.0,1.848,0.0
1784631806.7248447,0,0,70980,0,0.0,0.0,0.0,0.0,1.848,0.0
1784631806.7259998,0,0,70990,0,0.0,0.0,0.0,0.0,1.848,0.0
1784631806.727236,0,0,71000,0,0.0,0.0,0.0,0.0,1.849,0.0
1784631806.7285774,0,0,71010,0,0.0,0.0,0.0,0.0,1.849,0.0
1784631806.730893,0,0,71020,0,0.0,0.0,0.0,0.0,1.849,0.0
1784631806.7335882,0,0,71030,0,0.0,0.0,0.0,0.0,1.85,0.0
1784631806.7358053,0,0,71040,0,0.0,0.0,0.0,0.0,1.85,0.0
1784631806.7382889,0,0,71050,0,0.0,0.0,0.0,0.0,1.85,0.0
1784631806.740778,0,0,71060,0,0.0,0.0,0.0,0.0,1.851,0.0
1784631806.7429261,0,0,71070,0,0.0,0.0,0.0,0.0,1.851,0.0
1784631806.745028,0,0,71080,0,0.0,0.0,0.0,0.0,1.851,0.0
1784631806.7467513,0,0,71090,0,0.0,0.0,0.0,0.0,1.852,0.0
1784631806.7480407,0,0,71100,0,0.0,0.0,0.0,0.0,1.852,0.0
1784631806.7490594,0,0,71110,0,0.0,0.0,0.0,0.0,1.852,0.0
1784631806.7500827,0,0,71120,0,0.0,0.0,0.0,0.0,1.853,0.0
1784631806.7510924,0,0,71130,0,0.0,0.0,0.0,0.0,1.853,0.0
1784631806.871309,0,0,71140,0,0.0,0.0,0.0,0.0,1.853,0.0
1784631806.8723195,0,0,71150,0,0.0,0.0,0.0,0.0,1.854,0.0
1784631806.8730931,0,0,71160,0,0.0,0.0,0.0,0.0,1.854,0.0
1784631806.8738463,0,0,71170,0,0.0,0.0,0.0,0.0,1.854,0.0
1784631806.8745918,0,0,71180,0,0.0,0.0,0.0,0.0,1.855,0.0
1784631806.8753314,0,0,71190,0,0.0,0.0,0.0,0.0,1.855,0.0
1784631806.8760514,0,0,71200,0,0.0,0.0,0.0,0.0,1.855,0.0
1784631806.8767793,0,0,71210,0,0.0,0.0,0.0,0.0,1.856,0.0
1784631806.8775458,0,0,71220,0,0.0,0.0,0.0,0.0,1.856,0.0
1784631806.8783715,0,0,71230,0,0.0,0.0,0.0,0.0,1.856,0.0
1784631806.8791094,0,0,71240,0,0.0,0.0,0.0,0.0,1.857,0.0
1784631806.8798995,0,0,71250,0,0.0,0.0,0.0,0.0,1.857,0.0
1784631806.8806553,0,0,71260,0,0.0,0.0,0.0,0.0,1.857,0.0
1784631806.8814316,0,0,71270,0,0.0,0.0,0.0,0.0,1.857,0.0
1784631806.8821666,0,0,71280,0,0.0,0.0,0.0,0.0,1.857,0.0
1784631806.882919,0,0,71290,0,0.0,0.0,0.0,0.0,1.856,0.0
1784631806.8836503,0,0,71300,0,0.0,0.0,0.0,0.0,1.856,0.0
1784631806.884419,0,0,71310,0,0.0,0.0,0.0,0.0,1.856,0.0
1784631807.004093,0,0,71320,0,0.0,0.0,0.0,0.0,1.856,0.0
1784631807.0052295,0,0,71330,0,0.0,0.0,0.0,0.0,1.855,0.0
1784631807.0063295,0,0,71340,0,0.0,0.0,0.0,0.0,1.855,0.0
1784631807.007309,0,0,71350,0,0.0,0.0,0.0,0.0,1.855,0.0
1784631807.0082488,0,0,71360,0,0.0,0.0,0.0,0.0,1.855,0.0
1784631807.0090897,0,0,71370,0,0.0,0.0,0.0,0.0,1.854,0.0
1784631807.0101466,0,0,71380,0,0.0,0.0,0.0,0.0,1.854,0.0
1784631807.0116043,0,0,71390,0,0.0,0.0,0.0,0.0,1.854,0.0
1784631807.0131106,0,0,71400,0,0.0,0.0,0.0,0.0,1.854,0.0
1784631807.0139868,0,0,71410,0,0.0,0.0,0.0,0.0,1.853,0.0
1784631807.014769,0,0,71420,0,0.0,0.0,0.0,0.0,1.853,0.0
1784631807.0155315,0,0,71430,0,0.0,0.0,0.0,0.0,1.853,0.0
1784631807.0162897,0,0,71440,0,0.0,0.0,0.0,0.0,1.853,0.0
1784631807.0170257,0,0,71450,0,0.0,0.0,0.0,0.0,1.852,0.0
1784631807.0178,0,0,71460,0,0.0,0.0,0.0,0.0,1.852,0.0
1784631807.0185556,0,0,71470,0,0.0,0.0,0.0,0.0,1.852,0.0
1784631807.0196748,0,0,71480,0,0.0,0.0,0.0,0.0,1.852,0.0
1784631807.0205133,0,0,71490,0,0.0,0.0,0.0,0.0,1.851,0.0
1784631807.0213284,0,0,71500,0,0.0,0.0,0.0,0.0,1.851,0.0
1784631807.0221298,0,0,71510,0,0.0,0.0,0.0,0.0,1.851,0.0
1784631807.14739,0,0,71520,0,0.0,0.0,0.0,0.0,1.85,0.0
1784631807.1485384,0,0,71530,0,0.0,0.0,0.0,0.0,1.85,0.0
1784631807.1493769,0,0,71540,0,0.0,0.0,0.0,0.0,1.85,0.0
1784631807.1503856,0,0,71550,0,0.0,0.0,0.0,0.0,1.85,0.0
1784631807.1516016,0,0,71560,0,0.0,0.0,0.0,0.0,1.849,0.0
1784631807.152592,0,0,71570,0,0.0,0.0,0.0,0.0,1.849,0.0
1784631807.1533923,0,0,71580,0,0.0,0.0,0.0,0.0,1.849,0.0
1784631807.1542106,0,0,71590,0,0.0,0.0,0.0,0.0,1.849,0.0
1784631807.1549592,0,0,71600,0,0.0,0.0,0.0,0.0,1.848,0.0
1784631807.1557186,0,0,71610,0,0.0,0.0,0.0,0.0,1.848,0.0
1784631807.1564755,0,0,71620,0,0.0,0.0,0.0,0.0,1.848,0.0
1784631807.1572301,0,0,71630,0,0.0,0.0,0.0,0.0,1.848,0.0
1784631807.157963,0,0,71640,0,0.0,0.0,0.0,0.0,1.847,0.0
1784631807.158707,0,0,71650,0,0.0,0.0,0.0,0.0,1.847,0.0
1784631807.1594577,0,0,71660,0,0.0,0.0,0.0,0.0,1.847,0.0
1784631807.1603036,0,0,71670,0,0.0,0.0,0.0,0.0,1.847,0.0
1784631807.1611884,0,0,71680,0,0.0,0.0,0.0,0.0,1.846,0.0
1784631807.161934,0,0,71690,0,0.0,0.0,0.0,0.0,1.846,0.0
1784631807.163052,0,0,71700,0,0.0,0.0,0.0,0.0,1.846,0.0
1784631807.2886267,0,0,71710,0,0.0,0.0,0.0,0.0,1.846,0.0
1784631807.2897313,0,0,71720,0,0.0,0.0,0.0,0.0,1.845,0.0
1784631807.2906945,0,0,71730,0,0.0,0.0,0.0,0.0,1.845,0.0
1784631807.2924628,0,0,71740,0,0.0,0.0,0.0,0.0,1.845,0.0
1784631807.2941914,0,0,71750,0,0.0,0.0,0.0,0.0,1.845,0.0
1784631807.2952676,0,0,71760,0,0.0,0.0,0.0,0.0,1.844,0.0
1784631807.2962654,0,0,71770,0,0.0,0.0,0.0,0.0,1.844,0.0
1784631807.2971594,0,0,71780,0,0.0,0.0,0.0,0.0,1.844,0.0
1784631807.2979202,0,0,71790,0,0.0,0.0,0.0,0.0,1.844,0.0
1784631807.298732,0,0,71800,0,0.0,0.0,0.0,0.0,1.843,0.0
1784631807.2994878,0,0,71810,0,0.0,0.0,0.0,0.0,1.843,0.0
1784631807.3002481,0,0,71820,0,0.0,0.0,0.0,0.0,1.843,0.0
1784631807.3009846,0,0,71830,0,0.0,0.0,0.0,0.0,1.843,0.0
1784631807.3017378,0,0,71840,0,0.0,0.0,0.0,0.0,1.842,0.0
1784631807.4211888,0,0,71850,0,0.0,0.0,0.0,0.0,1.842,0.0
1784631807.4223359,0,0,71860,0,0.0,0.0,0.0,0.0,1.842,0.0
1784631807.4247534,0,0,71870,0,0.0,0.0,0.0,0.0,1.841,0.0
1784631807.4271457,0,0,71880,0,0.0,0.0,0.0,0.0,1.841,0.0
1784631807.4293704,0,0,71890,0,0.0,0.0,0.0,0.0,1.841,0.0
1784631807.431655,0,0,71900,0,0.0,0.0,0.0,0.0,1.841,0.0
1784631807.4335306,0,0,71910,0,0.0,0.0,0.0,0.0,1.84,0.0
1784631807.4346356,0,0,71920,0,0.0,0.0,0.0,0.0,1.84,0.0
1784631807.4355805,0,0,71930,0,0.0,0.0,0.0,0.0,1.84,0.0
1784631807.4365792,0,0,71940,0,0.0,0.0,0.0,0.0,1.84,0.0
1784631807.4374516,0,0,71950,0,0.0,0.0,0.0,0.0,1.839,0.0
1784631807.4383473,0,0,71960,0,0.0,0.0,0.0,0.0,1.839,0.0
1784631807.4391599,0,0,71970,0,0.0,0.0,0.0,0.0,1.839,0.0
1784631807.547927,0,0,71980,0,0.0,0.0,0.0,0.0,1.839,0.0
1784631807.5490081,0,0,71990,0,0.0,0.0,0.0,0.0,1.838,0.0
1784631807.5499656,0,0,72000,0,0.0,0.0,0.0,0.0,1.838,0.0
1784631807.5509346,0,0,72010,0,0.0,0.0,0.0,0.0,1.838,0.0
1784631807.5518763,0,0,72020,0,0.0,0.0,0.0,0.0,1.838,0.0
1784631807.5529246,0,0,72030,0,0.0,0.0,0.0,0.0,1.837,0.0
1784631807.5538592,0,0,72040,0,0.0,0.0,0.0,0.0,1.837,0.0
1784631807.5548499,0,0,72050,0,0.0,0.0,0.0,0.0,1.837,0.0
1784631807.555815,0,0,72060,0,0.0,0.0,0.0,0.0,1.837,0.0
1784631807.5566776,0,0,72070,0,0.0,0.0,0.0,0.0,1.836,0.0
1784631807.5574954,0,0,72080,0,0.0,0.0,0.0,0.0,1.836,0.0
1784631807.5584068,0,0,72090,0,0.0,0.0,0.0,0.0,1.836,0.0
1784631807.5592918,0,0,72100,0,0.0,0.0,0.0,0.0,1.836,0.0
1784631807.6649806,0,0,72110,0,0.0,0.0,0.0,0.0,1.835,0.0
1784631807.6660259,0,0,72120,0,0.0,0.0,0.0,0.0,1.835,0.0
1784631807.6676521,0,0,72130,0,0.0,0.0,0.0,0.0,1.835,0.0
1784631807.6691206,0,0,72140,0,0.0,0.0,0.0,0.0,1.835,0.0
1784631807.6701396,0,0,72150,0,0.0,0.0,0.0,0.0,1.834,0.0
1784631807.6709821,0,0,72160,0,0.0,0.0,0.0,0.0,1.834,0.0
1784631807.6718228,0,0,72170,0,0.0,0.0,0.0,0.0,1.834,0.0
1784631807.6726296,0,0,72180,0,0.0,0.0,0.0,0.0,1.834,0.0
1784631807.673474,0,0,72190,0,0.0,0.0,0.0,0.0,1.833,0.0
1784631807.6743145,0,0,72200,0,0.0,0.0,0.0,0.0,1.833,0.0
1784631807.6751623,0,0,72210,0,0.0,0.0,0.0,0.0,1.833,0.0
1784631807.781358,0,0,72220,0,0.0,0.0,0.0,0.0,1.833,0.0
1784631807.7824512,0,0,72230,0,0.0,0.0,0.0,0.0,1.832,0.0
1784631807.783393,0,0,72240,0,0.0,0.0,0.0,0.0,1.832,0.0
1784631807.7842596,0,0,72250,0,0.0,0.0,0.0,0.0,1.832,0.0
1784631807.785582,0,0,72260,0,0.0,0.0,0.0,0.0,1.832,0.0
1784631807.7873178,0,0,72270,0,0.0,0.0,0.0,0.0,1.831,0.0
1784631807.7889223,0,0,72280,0,0.0,0.0,0.0,0.0,1.831,0.0
1784631807.7902884,0,0,72290,0,0.0,0.0,0.0,0.0,1.831,0.0
1784631807.7913203,0,0,72300,0,0.0,0.0,0.0,0.0,1.831,0.0
1784631807.7929041,0,0,72310,0,0.0,0.0,0.0,0.0,1.83,0.0
1784631807.7943952,0,0,72320,0,0.0,0.0,0.0,0.0,1.83,0.0
1784631807.9032156,0,0,72330,0,0.0,0.0,0.0,0.0,1.83,0.0
1784631807.9061296,0,0,72340,0,0.0,0.0,0.0,0.0,1.83,0.0
1784631807.9087632,0,0,72350,0,0.0,0.0,0.0,0.0,1.829,0.0
1784631807.9109597,0,0,72360,0,0.0,0.0,0.0,0.0,1.829,0.0
1784631807.9128408,0,0,72370,0,0.0,0.0,0.0,0.0,1.829,0.0
1784631807.9153259,0,0,72380,0,0.0,0.0,0.0,0.0,1.829,0.0
1784631807.9188344,0,0,72390,0,0.0,0.0,0.0,0.0,1.828,0.0
1784631807.9203274,0,0,72400,0,0.0,0.0,0.0,0.0,1.828,0.0
1784631807.9215093,0,0,72410,0,0.0,0.0,0.0,0.0,1.828,0.0
1784631807.9225864,0,0,72420,0,0.0,0.0,0.0,0.0,1.828,0.0
1784631807.92396,0,0,72430,0,0.0,0.0,0.0,0.0,1.827,0.0
1784631808.0317059,0,0,72440,0,0.0,0.0,0.0,0.0,1.827,0.0
1784631808.0347443,0,0,72450,0,0.0,0.0,0.0,0.0,1.827,0.0
1784631808.0390322,0,0,72460,0,0.0,0.0,0.0,0.0,1.826,0.0
1784631808.0416381,0,0,72470,0,0.0,0.0,0.0,0.0,1.826,0.0
1784631808.0448484,0,0,72480,0,0.0,0.0,0.0,0.0,1.826,0.0
1784631808.0477777,0,0,72490,0,0.0,0.0,0.0,0.0,1.826,0.0
1784631808.0505128,0,0,72500,0,0.0,0.0,0.0,0.0,1.825,0.0
1784631808.05334,0,0,72510,0,0.0,0.0,0.0,0.0,1.825,0.0
1784631808.0555863,0,0,72520,0,0.0,0.0,0.0,0.0,1.825,0.0
1784631808.0577078,0,0,72530,0,0.0,0.0,0.0,0.0,1.825,0.0
1784631808.059759,0,0,72540,0,0.0,0.0,0.0,0.0,1.824,0.0
1784631808.062667,0,0,72550,0,0.0,0.0,0.0,0.0,1.824,0.0
1784631808.1694765,0,0,72560,0,0.0,0.0,0.0,0.0,1.824,0.0
1784631808.171933,0,0,72570,0,0.0,0.0,0.0,0.0,1.824,0.0
1784631808.1744502,0,0,72580,0,0.0,0.0,0.0,0.0,1.823,0.0
1784631808.1758752,0,0,72590,0,0.0,0.0,0.0,0.0,1.823,0.0
1784631808.1770916,0,0,72600,0,0.0,0.0,0.0,0.0,1.823,0.0
1784631808.1781285,0,0,72610,0,0.0,0.0,0.0,0.0,1.823,0.0
1784631808.17917,0,0,72620,0,0.0,0.0,0.0,0.0,1.822,0.0
1784631808.1805139,0,0,72630,0,0.0,0.0,0.0,0.0,1.822,0.0
1784631808.1824007,0,0,72640,0,0.0,0.0,0.0,0.0,1.822,0.0
1784631808.184876,0,0,72650,0,0.0,0.0,0.0,0.0,1.822,0.0
1784631808.187744,0,0,72660,0,0.0,0.0,0.0,0.0,1.821,0.0
1784631808.19305,0,0,72670,0,0.0,0.0,0.0,0.0,1.821,0.0
1784631808.1950169,0,0,72680,0,0.0,0.0,0.0,0.0,1.821,0.0
1784631808.302687,0,0,72690,0,0.0,0.0,0.0,0.0,1.821,0.0
1784631808.3041131,0,0,72700,0,0.0,0.0,0.0,0.0,1.82,0.0
1784631808.305492,0,0,72710,0,0.0,0.0,0.0,0.0,1.82,0.0
1784631808.3071346,0,0,72720,0,0.0,0.0,0.0,0.0,1.82,0.0
1784631808.3142133,0,0,72730,0,0.0,0.0,0.0,0.0,1.82,0.0
1784631808.316935,0,0,72740,0,0.0,0.0,0.0,0.0,1.819,0.0
1784631808.319409,0,0,72750,0,0.0,0.0,0.0,0.0,1.819,0.0
1784631808.3220682,0,0,72760,0,0.0,0.0,0.0,0.0,1.819,0.0
1784631808.3292136,0,0,72770,0,0.0,0.0,0.0,0.0,1.819,0.0
1784631808.3316798,0,0,72780,0,0.0,0.0,0.0,0.0,1.818,0.0
1784631808.3332672,0,0,72790,0,0.0,0.0,0.0,0.0,1.818,0.0
1784631808.3344991,0,0,72800,0,0.0,0.0,0.0,0.0,1.818,0.0
1784631808.3355618,0,0,72810,0,0.0,0.0,0.0,0.0,1.818,0.0
1784631808.336958,0,0,72820,0,0.0,0.0,0.0,0.0,1.817,0.0
1784631808.4555173,0,0,72830,0,0.0,0.0,0.0,0.0,1.817,0.0
1784631808.4578297,0,0,72840,0,0.0,0.0,0.0,0.0,1.817,0.0
1784631808.4597754,0,0,72850,0,0.0,0.0,0.0,0.0,1.817,0.0
1784631808.4612448,0,0,72860,0,0.0,0.0,0.0,0.0,1.816,0.0
1784631808.4627466,0,0,72870,0,0.0,0.0,0.0,0.0,1.816,0.0
1784631808.46502,0,0,72880,0,0.0,0.0,0.0,0.0,1.816,0.0
1784631808.4677756,0,0,72890,0,0.0,0.0,0.0,0.0,1.816,0.0
1784631808.4697177,0,0,72900,0,0.0,0.0,0.0,0.0,1.815,0.0
1784631808.4717236,0,0,72910,0,0.0,0.0,0.0,0.0,1.815,0.0
1784631808.4744742,0,0,72920,0,0.0,0.0,0.0,0.0,1.815,0.0
1784631808.4766018,0,0,72930,0,0.0,0.0,0.0,0.0,1.815,0.0
1784631808.4776695,0,0,72940,0,0.0,0.0,0.0,0.0,1.814,0.0
1784631808.4785135,0,0,72950,0,0.0,0.0,0.0,0.0,1.814,0.0
1784631808.4816074,0,0,72960,0,0.0,0.0,0.0,0.0,1.814,0.0
1784631808.4830797,0,0,72970,0,0.0,0.0,0.0,0.0,1.814,0.0
1784631808.5955923,0,0,72980,0,0.0,0.0,0.0,0.0,1.813,0.0
1784631808.5971906,0,0,72990,0,0.0,0.0,0.0,0.0,1.813,0.0
1784631808.5986738,0,0,73000,0,0.0,0.0,0.0,0.0,1.813,0.0
1784631808.6004336,0,0,73010,0,0.0,0.0,0.0,0.0,1.813,0.0
1784631808.6031117,0,0,73020,0,0.0,0.0,0.0,0.0,1.812,0.0
1784631808.607483,0,0,73030,0,0.0,0.0,0.0,0.0,1.812,0.0
1784631808.6092734,0,0,73040,0,0.0,0.0,0.0,0.0,1.812,0.0
1784631808.6104145,0,0,73050,0,0.0,0.0,0.0,0.0,1.812,0.0
1784631808.6113737,0,0,73060,0,0.0,0.0,0.0,0.0,1.812,0.0
1784631808.6122344,0,0,73070,0,0.0,0.0,0.0,0.0,1.811,0.0
1784631808.6130269,0,0,73080,0,0.0,0.0,0.0,0.0,1.811,0.0
1784631808.6138978,0,0,73090,0,0.0,0.0,0.0,0.0,1.811,0.0
1784631808.6148152,0,0,73100,0,0.0,0.0,0.0,0.0,1.811,0.0
1784631808.727904,0,0,73110,0,0.0,0.0,0.0,0.0,1.81,0.0
1784631808.7292628,0,0,73120,0,0.0,0.0,0.0,0.0,1.81,0.0
1784631808.7324672,0,0,73130,0,0.0,0.0,0.0,0.0,1.81,0.0
1784631808.8526244,0,0,73140,0,0.0,0.0,0.0,0.0,1.81,0.0
1784631808.8537004,0,0,73150,0,0.0,0.0,0.0,0.0,1.81,0.0
1784631808.8553286,0,0,73160,0,0.0,0.0,0.0,0.0,1.81,0.0
1784631808.8571715,0,0,73170,0,0.0,0.0,0.0,0.0,1.81,0.0
1784631808.8614554,0,0,73180,0,0.0,0.0,0.0,0.0,1.81,0.0
1784631808.8625298,0,0,73190,0,0.0,0.0,0.0,0.0,1.81,0.0
1784631808.8635354,0,0,73200,0,0.0,0.0,0.0,0.0,1.81,0.0
1784631808.8644676,0,0,73210,0,0.0,0.0,0.0,0.0,1.81,0.0
1784631808.865319,0,0,73220,0,0.0,0.0,0.0,0.0,1.81,0.0
1784631808.8661423,0,0,73230,0,0.0,0.0,0.0,0.0,1.81,0.0
1784631808.8670561,0,0,73240,0,0.0,0.0,0.0,0.0,1.81,0.0
1784631808.867896,0,0,73250,0,0.0,0.0,0.0,0.0,1.81,0.0
1784631808.868697,0,0,73260,0,0.0,0.0,0.0,0.0,1.81,0.0
1784631808.8698354,0,0,73270,0,0.0,0.0,0.0,0.0,1.81,0.0
1784631808.8707178,0,0,73280,0,0.0,0.0,0.0,0.0,1.81,0.0
1784631808.8716705,0,0,73290,0,0.0,0.0,0.0,0.0,1.81,0.0
1784631808.8725855,0,0,73300,0,0.0,0.0,0.0,0.0,1.81,0.0
1784631808.8734357,0,0,73310,0,0.0,0.0,0.0,0.0,1.81,0.0
1784631808.8742902,0,0,73320,0,0.0,0.0,0.0,0.0,1.81,0.0
1784631808.8752217,0,0,73330,0,0.0,0.0,0.0,0.0,1.81,0.0
1784631808.8760707,0,0,73340,0,0.0,0.0,0.0,0.0,1.81,0.0
1784631808.876927,0,0,73350,0,0.0,0.0,0.0,0.0,1.81,0.0
1784631808.8778076,0,0,73360,0,0.0,0.0,0.0,0.0,1.81,0.0
1784631808.8785937,0,0,73370,0,0.0,0.0,0.0,0.0,1.81,0.0
1784631808.879562,0,0,73380,0,0.0,0.0,0.0,0.0,1.811,0.0
1784631808.8805602,0,0,73390,0,0.0,0.0,0.0,0.0,1.811,0.0
1784631808.881444,0,0,73400,0,0.0,0.0,0.0,0.0,1.811,0.0
1784631808.8823068,0,0,73410,0,0.0,0.0,0.0,0.0,1.811,0.0
1784631808.9929228,0,0,73420,0,0.0,0.0,0.0,0.0,1.811,0.0
1784631808.9940357,0,0,73430,0,0.0,0.0,0.0,0.0,1.811,0.0
1784631808.9954672,0,0,73440,0,0.0,0.0,0.0,0.0,1.811,0.0
1784631808.997524,0,0,73450,0,0.0,0.0,0.0,0.0,1.811,0.0
1784631808.9998686,0,0,73460,0,0.0,0.0,0.0,0.0,1.811,0.0
1784631809.001365,0,0,73470,0,0.0,0.0,0.0,0.0,1.811,0.0
1784631809.002548,0,0,73480,0,0.0,0.0,0.0,0.0,1.811,0.0
1784631809.0034986,0,0,73490,0,0.0,0.0,0.0,0.0,1.811,0.0
1784631809.0044105,0,0,73500,0,0.0,0.0,0.0,0.0,1.811,0.0
1784631809.0052931,0,0,73510,0,0.0,0.0,0.0,0.0,1.811,0.0
1784631809.0061545,0,0,73520,0,0.0,0.0,0.0,0.0,1.811,0.0
1784631809.0070987,0,0,73530,0,0.0,0.0,0.0,0.0,1.811,0.0
1784631809.0080118,0,0,73540,0,0.0,0.0,0.0,0.0,1.811,0.0
1784631809.0088913,0,0,73550,0,0.0,0.0,0.0,0.0,1.811,0.0
1784631809.0097208,0,0,73560,0,0.0,0.0,0.0,0.0,1.811,0.0
1784631809.0111668,0,0,73570,0,0.0,0.0,0.0,0.0,1.811,0.0
1784631809.012931,0,0,73580,0,0.0,0.0,0.0,0.0,1.811,0.0
1784631809.0139763,0,0,73590,0,0.0,0.0,0.0,0.0,1.811,0.0
1784631809.014838,0,0,73600,0,0.0,0.0,0.0,0.0,1.811,0.0
1784631809.0156734,0,0,73610,0,0.0,0.0,0.0,0.0,1.812,0.0
1784631809.0164828,0,0,73620,0,0.0,0.0,0.0,0.0,1.812,0.0
1784631809.0173016,0,0,73630,0,0.0,0.0,0.0,0.0,1.812,0.0
1784631809.0180614,0,0,73640,0,0.0,0.0,0.0,0.0,1.812,0.0
1784631809.0189123,0,0,73650,0,0.0,0.0,0.0,0.0,1.812,0.0
1784631809.019711,0,0,73660,0,0.0,0.0,0.0,0.0,1.812,0.0
1784631809.0205278,0,0,73670,0,0.0,0.0,0.0,0.0,1.812,0.0
1784631809.0213444,0,0,73680,0,0.0,0.0,0.0,0.0,1.812,0.0
1784631809.1364207,0,0,73690,0,0.0,0.0,0.0,0.0,1.812,0.0
1784631809.1392524,0,0,73700,0,0.0,0.0,0.0,0.0,1.812,0.0
1784631809.1442776,0,0,73710,0,0.0,0.0,0.0,0.0,1.812,0.0
1784631809.1464586,0,0,73720,0,0.0,0.0,0.0,0.0,1.812,0.0
1784631809.1485267,0,0,73730,0,0.0,0.0,0.0,0.0,1.812,0.0
1784631809.15013,0,0,73740,0,0.0,0.0,0.0,0.0,1.812,0.0
1784631809.152946,0,0,73750,0,0.0,0.0,0.0,0.0,1.812,0.0
1784631809.1552396,0,0,73760,0,0.0,0.0,0.0,0.0,1.812,0.0
1784631809.1570187,0,0,73770,0,0.0,0.0,0.0,0.0,1.812,0.0
1784631809.1590521,0,0,73780,0,0.0,0.0,0.0,0.0,1.812,0.0
1784631809.161331,0,0,73790,0,0.0,0.0,0.0,0.0,1.812,0.0
1784631809.163282,0,0,73800,0,0.0,0.0,0.0,0.0,1.813,0.0
1784631809.1652753,0,0,73810,0,0.0,0.0,0.0,0.0,1.813,0.0
1784631809.168139,0,0,73820,0,0.0,0.0,0.0,0.0,1.813,0.0
1784631809.1703825,0,0,73830,0,0.0,0.0,0.0,0.0,1.813,0.0
1784631809.1722717,0,0,73840,0,0.0,0.0,0.0,0.0,1.813,0.0
1784631809.1738367,0,0,73850,0,0.0,0.0,0.0,0.0,1.813,0.0
1784631809.1751707,0,0,73860,0,0.0,0.0,0.0,0.0,1.813,0.0
1784631809.1764264,0,0,73870,0,0.0,0.0,0.0,0.0,1.813,0.0
1784631809.1778204,0,0,73880,0,0.0,0.0,0.0,0.0,1.813,0.0
1784631809.179297,0,0,73890,0,0.0,0.0,0.0,0.0,1.813,0.0
1784631809.1812186,0,0,73900,0,0.0,0.0,0.0,0.0,1.813,0.0
1784631809.2883408,0,0,73910,0,0.0,0.0,0.0,0.0,1.813,0.0
1784631809.290599,0,0,73920,0,0.0,0.0,0.0,0.0,1.813,0.0
1784631809.2927904,0,0,73930,0,0.0,0.0,0.0,0.0,1.813,0.0
1784631809.294727,0,0,73940,0,0.0,0.0,0.0,0.0,1.813,0.0
1784631809.2958965,0,0,73950,0,0.0,0.0,0.0,0.0,1.813,0.0
1784631809.2970574,0,0,73960,0,0.0,0.0,0.0,0.0,1.813,0.0
1784631809.2981527,0,0,73970,0,0.0,0.0,0.0,0.0,1.813,0.0
1784631809.2993298,0,0,73980,0,0.0,0.0,0.0,0.0,1.813,0.0
1784631809.3003948,0,0,73990,0,0.0,0.0,0.0,0.0,1.813,0.0
1784631809.3014853,0,0,74000,0,0.0,0.0,0.0,0.0,1.813,0.0
1784631809.3025494,0,0,74010,0,0.0,0.0,0.0,0.0,1.813,0.0
1784631809.3037817,0,0,74020,0,0.0,0.0,0.0,0.0,1.814,0.0
1784631809.3053875,0,0,74030,0,0.0,0.0,0.0,0.0,1.814,0.0
1784631809.3141527,0,0,74040,0,0.0,0.0,0.0,0.0,1.814,0.0
1784631809.3169982,0,0,74050,0,0.0,0.0,0.0,0.0,1.814,0.0
1784631809.3194704,0,0,74060,0,0.0,0.0,0.0,0.0,1.814,0.0
1784631809.3217537,0,0,74070,0,0.0,0.0,0.0,0.0,1.814,0.0
1784631809.3239872,0,0,74080,0,0.0,0.0,0.0,0.0,1.814,0.0
1784631809.3257818,0,0,74090,0,0.0,0.0,0.0,0.0,1.814,0.0
1784631809.3270576,0,0,74100,0,0.0,0.0,0.0,0.0,1.814,0.0
1784631809.3282504,0,0,74110,0,0.0,0.0,0.0,0.0,1.814,0.0
1784631809.3293493,0,0,74120,0,0.0,0.0,0.0,0.0,1.814,0.0
1784631809.3303688,0,0,74130,0,0.0,0.0,0.0,0.0,1.814,0.0
1784631809.3313773,0,0,74140,0,0.0,0.0,0.0,0.0,1.813,0.0
1784631809.3323581,0,0,74150,0,0.0,0.0,0.0,0.0,1.813,0.0
1784631809.3333635,0,0,74160,0,0.0,0.0,0.0,0.0,1.813,0.0
1784631809.3345678,0,0,74170,0,0.0,0.0,0.0,0.0,1.813,0.0
1784631809.4430656,0,0,74180,0,0.0,0.0,0.0,0.0,1.813,0.0
1784631809.4456825,0,0,74190,0,0.0,0.0,0.0,0.0,1.813,0.0
1784631809.4468577,0,0,74200,0,0.0,0.0,0.0,0.0,1.813,0.0
1784631809.4483945,0,0,74210,0,0.0,0.0,0.0,0.0,1.813,0.0
1784631809.4550579,0,0,74220,0,0.0,0.0,0.0,0.0,1.813,0.0
1784631809.4570496,0,0,74230,0,0.0,0.0,0.0,0.0,1.813,0.0
1784631809.4583771,0,0,74240,0,0.0,0.0,0.0,0.0,1.813,0.0
1784631809.4597683,0,0,74250,0,0.0,0.0,0.0,0.0,1.813,0.0
1784631809.4630039,0,0,74260,0,0.0,0.0,0.0,0.0,1.813,0.0
1784631809.466214,0,0,74270,0,0.0,0.0,0.0,0.0,1.813,0.0
1784631809.4698794,0,0,74280,0,0.0,0.0,0.0,0.0,1.813,0.0
1784631809.4729033,0,0,74290,0,0.0,0.0,0.0,0.0,1.813,0.0
1784631809.4768848,0,0,74300,0,0.0,0.0,0.0,0.0,1.813,0.0
1784631809.4787343,0,0,74310,0,0.0,0.0,0.0,0.0,1.813,0.0
1784631809.4818425,0,0,74320,0,0.0,0.0,0.0,0.0,1.813,0.0
1784631809.483485,0,0,74330,0,0.0,0.0,0.0,0.0,1.813,0.0
1784631809.4848013,0,0,74340,0,0.0,0.0,0.0,0.0,1.812,0.0
1784631809.4860487,0,0,74350,0,0.0,0.0,0.0,0.0,1.812,0.0
1784631809.4871485,0,0,74360,0,0.0,0.0,0.0,0.0,1.812,0.0
1784631809.4883454,0,0,74370,0,0.0,0.0,0.0,0.0,1.812,0.0
1784631809.489501,0,0,74380,0,0.0,0.0,0.0,0.0,1.812,0.0
1784631809.4914386,0,0,74390,0,0.0,0.0,0.0,0.0,1.812,0.0
1784631809.4944155,0,0,74400,0,0.0,0.0,0.0,0.0,1.812,0.0
1784631809.6232734,0,0,74410,0,0.0,0.0,0.0,0.0,1.812,0.0
1784631809.6324515,0,0,74420,0,0.0,0.0,0.0,0.0,1.812,0.0
1784631809.634123,0,0,74430,0,0.0,0.0,0.0,0.0,1.811,0.0
1784631809.6360877,0,0,74440,0,0.0,0.0,0.0,0.0,1.811,0.0
1784631809.6386638,0,0,74450,0,0.0,0.0,0.0,0.0,1.811,0.0
1784631809.640113,0,0,74460,0,0.0,0.0,0.0,0.0,1.811,0.0
1784631809.641286,0,0,74470,0,0.0,0.0,0.0,0.0,1.811,0.0
1784631809.6423728,0,0,74480,0,0.0,0.0,0.0,0.0,1.811,0.0
1784631809.643966,0,0,74490,0,0.0,0.0,0.0,0.0,1.81,0.0
1784631809.647762,0,0,74500,0,0.0,0.0,0.0,0.0,1.81,0.0
1784631809.6568568,0,0,74510,0,0.0,0.0,0.0,0.0,1.81,0.0
1784631809.6646016,0,0,74520,0,0.0,0.0,0.0,0.0,1.81,0.0
1784631809.6657481,0,0,74530,0,0.0,0.0,0.0,0.0,1.809,0.0
1784631809.6688857,0,0,74540,0,0.0,0.0,0.0,0.0,1.809,0.0
1784631809.6705883,0,0,74550,0,0.0,0.0,0.0,0.0,1.809,0.0
1784631809.671793,0,0,74560,0,0.0,0.0,0.0,0.0,1.809,0.0
1784631809.673044,0,0,74570,0,0.0,0.0,0.0,0.0,1.808,0.0
1784631809.6743693,0,0,74580,0,0.0,0.0,0.0,0.0,1.808,0.0
1784631809.6768765,0,0,74590,0,0.0,0.0,0.0,0.0,1.808,0.0
1784631809.6794136,0,0,74600,0,0.0,0.0,0.0,0.0,1.808,0.0
1784631809.6816251,0,0,74610,0,0.0,0.0,0.0,0.0,1.808,0.0
1784631809.6835203,0,0,74620,0,0.0,0.0,0.0,0.0,1.807,0.0
1784631809.6853056,0,0,74630,0,0.0,0.0,0.0,0.0,1.807,0.0
1784631809.6879895,0,0,74640,0,0.0,0.0,0.0,0.0,1.807,0.0
1784631809.8147197,0,0,74650,0,0.0,0.0,0.0,0.0,1.807,0.0
1784631809.817377,0,0,74660,0,0.0,0.0,0.0,0.0,1.806,0.0
1784631809.8193598,0,0,74670,0,0.0,0.0,0.0,0.0,1.806,0.0
1784631809.820458,0,0,74680,0,0.0,0.0,0.0,0.0,1.806,0.0
1784631809.8213322,0,0,74690,0,0.0,0.0,0.0,0.0,1.806,0.0
1784631809.8221633,0,0,74700,0,0.0,0.0,0.0,0.0,1.805,0.0
1784631809.8244884,0,0,74710,0,0.0,0.0,0.0,0.0,1.805,0.0
1784631809.82641,0,0,74720,0,0.0,0.0,0.0,0.0,1.805,0.0
1784631809.8275833,0,0,74730,0,0.0,0.0,0.0,0.0,1.805,0.0
1784631809.8286474,0,0,74740,0,0.0,0.0,0.0,0.0,1.804,0.0
1784631809.8312,0,0,74750,0,0.0,0.0,0.0,0.0,1.804,0.0
1784631809.8392794,0,0,74760,0,0.0,0.0,0.0,0.0,1.804,0.0
1784631809.8412411,0,0,74770,0,0.0,0.0,0.0,0.0,1.804,0.0
1784631809.8428564,0,0,74780,0,0.0,0.0,0.0,0.0,1.803,0.0
1784631809.84549,0,0,74790,0,0.0,0.0,0.0,0.0,1.803,0.0
1784631809.8479042,0,0,74800,0,0.0,0.0,0.0,0.0,1.803,0.0
1784631809.8493392,0,0,74810,0,0.0,0.0,0.0,0.0,1.803,0.0
1784631809.8502343,0,0,74820,0,0.0,0.0,0.0,0.0,1.802,0.0
1784631809.851123,0,0,74830,0,0.0,0.0,0.0,0.0,1.802,0.0
1784631809.8519647,0,0,74840,0,0.0,0.0,0.0,0.0,1.802,0.0
1784631809.8527923,0,0,74850,0,0.0,0.0,0.0,0.0,1.802,0.0
1784631809.8536317,0,0,74860,0,0.0,0.0,0.0,0.0,1.801,0.0
1784631809.855957,0,0,74870,0,0.0,0.0,0.0,0.0,1.801,0.0
1784631809.9604087,0,0,74880,0,0.0,0.0,0.0,0.0,1.801,0.0
1784631809.9618661,0,0,74890,0,0.0,0.0,0.0,0.0,1.801,0.0
1784631809.9630847,0,0,74900,0,0.0,0.0,0.0,0.0,1.801,0.0
1784631809.9642375,0,0,74910,0,0.0,0.0,0.0,0.0,1.8,0.0
1784631809.9654117,0,0,74920,0,0.0,0.0,0.0,0.0,1.8,0.0
1784631809.9665425,0,0,74930,0,0.0,0.0,0.0,0.0,1.8,0.0
1784631809.9681818,0,0,74940,0,0.0,0.0,0.0,0.0,1.8,0.0
1784631809.9699435,0,0,74950,0,0.0,0.0,0.0,0.0,1.799,0.0
1784631809.9715436,0,0,74960,0,0.0,0.0,0.0,0.0,1.799,0.0
1784631809.9726489,0,0,74970,0,0.0,0.0,0.0,0.0,1.799,0.0
1784631809.9737113,0,0,74980,0,0.0,0.0,0.0,0.0,1.799,0.0
1784631810.0808005,0,0,74990,0,0.0,0.0,0.0,0.0,1.798,0.0
1784631810.081921,0,0,75000,0,0.0,0.0,0.0,0.0,1.798,0.0
1784631810.0828001,0,0,75010,0,0.0,0.0,0.0,0.0,1.798,0.0
1784631810.0839002,0,0,75020,0,0.0,0.0,0.0,0.0,1.798,0.0
1784631810.0848594,0,0,75030,0,0.0,0.0,0.0,0.0,1.797,0.0
1784631810.1961498,0,0,75040,0,0.0,0.0,0.0,0.0,1.797,0.0
1784631810.1979036,0,0,75050,0,0.0,0.0,0.0,0.0,1.797,0.0
1784631810.1998298,0,0,75060,0,0.0,0.0,0.0,0.0,1.797,0.0
1784631810.201326,0,0,75070,0,0.0,0.0,0.0,0.0,1.796,0.0
1784631810.202408,0,0,75080,0,0.0,0.0,0.0,0.0,1.796,0.0
1784631810.2035623,0,0,75090,0,0.0,0.0,0.0,0.0,1.796,0.0
1784631810.2045462,0,0,75100,0,0.0,0.0,0.0,0.0,1.796,0.0
1784631810.2054975,0,0,75110,0,0.0,0.0,0.0,0.0,1.795,0.0
1784631810.3101032,0,0,75120,0,0.0,0.0,0.0,0.0,1.795,0.0
1784631810.3113363,0,0,75130,0,0.0,0.0,0.0,0.0,1.795,0.0
1784631810.312717,0,0,75140,0,0.0,0.0,0.0,0.0,1.795,0.0
1784631810.3137908,0,0,75150,0,0.0,0.0,0.0,0.0,1.795,0.0
1784631810.3147347,0,0,75160,0,0.0,0.0,0.0,0.0,1.794,0.0
1784631810.3156106,0,0,75170,0,0.0,0.0,0.0,0.0,1.794,0.0
1784631810.3165321,0,0,75180,0,0.0,0.0,0.0,0.0,1.794,0.0
1784631810.3174732,0,0,75190,0,0.0,0.0,0.0,0.0,1.794,0.0
1784631810.3184037,0,0,75200,0,0.0,0.0,0.0,0.0,1.793,0.0
1784631810.429056,0,0,75210,0,0.0,0.0,0.0,0.0,1.793,0.0
1784631810.4303696,0,0,75220,0,0.0,0.0,0.0,0.0,1.793,0.0
1784631810.4313648,0,0,75230,0,0.0,0.0,0.0,0.0,1.793,0.0
1784631810.4325821,0,0,75240,0,0.0,0.0,0.0,0.0,1.792,0.0
1784631810.433551,0,0,75250,0,0.0,0.0,0.0,0.0,1.792,0.0
1784631810.434494,0,0,75260,0,0.0,0.0,0.0,0.0,1.792,0.0
1784631810.4353454,0,0,75270,0,0.0,0.0,0.0,0.0,1.792,0.0
1784631810.5427177,0,0,75280,0,0.0,0.0,0.0,0.0,1.791,0.0
1784631810.5445852,0,0,75290,0,0.0,0.0,0.0,0.0,1.791,0.0
1784631810.5460236,0,0,75300,0,0.0,0.0,0.0,0.0,1.791,0.0
1784631810.5470028,0,0,75310,0,0.0,0.0,0.0,0.0,1.791,0.0
1784631810.5478697,0,0,75320,0,0.0,0.0,0.0,0.0,1.79,0.0
1784631810.548715,0,0,75330,0,0.0,0.0,0.0,0.0,1.79,0.0
1784631810.549628,0,0,75340,0,0.0,0.0,0.0,0.0,1.79,0.0
1784631810.550557,0,0,75350,0,0.0,0.0,0.0,0.0,1.79,0.0
1784631810.6566334,0,0,75360,0,0.0,0.0,0.0,0.0,1.79,0.0
1784631810.657725,0,0,75370,0,0.0,0.0,0.0,0.0,1.789,0.0
1784631810.6586404,0,0,75380,0,0.0,0.0,0.0,0.0,1.789,0.0
1784631810.6595879,0,0,75390,0,0.0,0.0,0.0,0.0,1.789,0.0
1784631810.6604917,0,0,75400,0,0.0,0.0,0.0,0.0,1.789,0.0
1784631810.6613693,0,0,75410,0,0.0,0.0,0.0,0.0,1.788,0.0
1784631810.6622229,0,0,75420,0,0.0,0.0,0.0,0.0,1.788,0.0
1784631810.6631117,0,0,75430,0,0.0,0.0,0.0,0.0,1.788,0.0
1784631810.6639874,0,0,75440,0,0.0,0.0,0.0,0.0,1.788,0.0
1784631810.7706633,0,0,75450,0,0.0,0.0,0.0,0.0,1.787,0.0
1784631810.7730265,0,0,75460,0,0.0,0.0,0.0,0.0,1.787,0.0
1784631810.774217,0,0,75470,0,0.0,0.0,0.0,0.0,1.787,0.0
1784631810.7759387,0,0,75480,0,0.0,0.0,0.0,0.0,1.787,0.0
1784631810.7770596,0,0,75490,0,0.0,0.0,0.0,0.0,1.786,0.0
1784631810.7779853,0,0,75500,0,0.0,0.0,0.0,0.0,1.786,0.0
1784631810.7788858,0,0,75510,0,0.0,0.0,0.0,0.0,1.786,0.0
1784631810.7797315,0,0,75520,0,0.0,0.0,0.0,0.0,1.786,0.0
1784631810.7805943,0,0,75530,0,0.0,0.0,0.0,0.0,1.786,0.0
1784631810.7814565,0,0,75540,0,0.0,0.0,0.0,0.0,1.785,0.0
1784631810.7823327,0,0,75550,0,0.0,0.0,0.0,0.0,1.785,0.0
1784631810.7832134,0,0,75560,0,0.0,0.0,0.0,0.0,1.785,0.0
1784631810.8904276,0,0,75570,0,0.0,0.0,0.0,0.0,1.785,0.0
1784631810.8951275,0,0,75580,0,0.0,0.0,0.0,0.0,1.784,0.0
1784631810.8976061,0,0,75590,0,0.0,0.0,0.0,0.0,1.784,0.0
1784631810.9016135,0,0,75600,0,0.0,0.0,0.0,0.0,1.784,0.0
1784631810.9030743,0,0,75610,0,0.0,0.0,0.0,0.0,1.784,0.0
1784631810.9040976,0,0,75620,0,0.0,0.0,0.0,0.0,1.783,0.0
1784631810.9050245,0,0,75630,0,0.0,0.0,0.0,0.0,1.783,0.0
1784631810.9059713,0,0,75640,0,0.0,0.0,0.0,0.0,1.783,0.0
1784631810.9069202,0,0,75650,0,0.0,0.0,0.0,0.0,1.783,0.0
1784631810.9078631,0,0,75660,0,0.0,0.0,0.0,0.0,1.782,0.0
1784631810.9087877,0,0,75670,0,0.0,0.0,0.0,0.0,1.782,0.0
1784631810.9097884,0,0,75680,0,0.0,0.0,0.0,0.0,1.782,0.0
1784631811.0151799,0,0,75690,0,0.0,0.0,0.0,0.0,1.782,0.0
1784631811.0163708,0,0,75700,0,0.0,0.0,0.0,0.0,1.782,0.0
1784631811.0173602,0,0,75710,0,0.0,0.0,0.0,0.0,1.781,0.0
1784631811.0182798,0,0,75720,0,0.0,0.0,0.0,0.0,1.781,0.0
1784631811.019207,0,0,75730,0,0.0,0.0,0.0,0.0,1.781,0.0
1784631811.0201247,0,0,75740,0,0.0,0.0,0.0,0.0,1.781,0.0
1784631811.0210779,0,0,75750,0,0.0,0.0,0.0,0.0,1.78,0.0
1784631811.0220413,0,0,75760,0,0.0,0.0,0.0,0.0,1.78,0.0
1784631811.0229907,0,0,75770,0,0.0,0.0,0.0,0.0,1.78,0.0
1784631811.0239677,0,0,75780,0,0.0,0.0,0.0,0.0,1.78,0.0
1784631811.0248988,0,0,75790,0,0.0,0.0,0.0,0.0,1.779,0.0
1784631811.0260549,0,0,75800,0,0.0,0.0,0.0,0.0,1.779,0.0
1784631811.1352172,0,0,75810,0,0.0,0.0,0.0,0.0,1.779,0.0
1784631811.137088,0,0,75820,0,0.0,0.0,0.0,0.0,1.779,0.0
1784631811.138636,0,0,75830,0,0.0,0.0,0.0,0.0,1.778,0.0
1784631811.1399455,0,0,75840,0,0.0,0.0,0.0,0.0,1.778,0.0
1784631811.1410213,0,0,75850,0,0.0,0.0,0.0,0.0,1.778,0.0
1784631811.1434548,0,0,75860,0,0.0,0.0,0.0,0.0,1.778,0.0
1784631811.1447098,0,0,75870,0,0.0,0.0,0.0,0.0,1.778,0.0
1784631811.145756,0,0,75880,0,0.0,0.0,0.0,0.0,1.777,0.0
1784631811.249749,0,0,75890,0,0.0,0.0,0.0,0.0,1.777,0.0
1784631811.2512999,0,0,75900,0,0.0,0.0,0.0,0.0,1.777,0.0
1784631811.2526162,0,0,75910,0,0.0,0.0,0.0,0.0,1.777,0.0
1784631811.2537196,0,0,75920,0,0.0,0.0,0.0,0.0,1.776,0.0
1784631811.262597,0,0,75930,0,0.0,0.0,0.0,0.0,1.776,0.0
1784631811.2639968,0,0,75940,0,0.0,0.0,0.0,0.0,1.776,0.0
1784631811.3734758,0,0,75950,0,0.0,0.0,0.0,0.0,1.776,0.0
1784631811.376187,0,0,75960,0,0.0,0.0,0.0,0.0,1.775,0.0
1784631811.3781295,0,0,75970,0,0.0,0.0,0.0,0.0,1.775,0.0
1784631811.3796885,0,0,75980,0,0.0,0.0,0.0,0.0,1.775,0.0
1784631811.3826177,0,0,75990,0,0.0,0.0,0.0,0.0,1.775,0.0
1784631811.4909022,0,0,76000,0,0.0,0.0,0.0,0.0,1.774,0.0
1784631811.4921105,0,0,76010,0,0.0,0.0,0.0,0.0,1.774,0.0
1784631811.4932299,0,0,76020,0,0.0,0.0,0.0,0.0,1.774,0.0
1784631811.4943216,0,0,76030,0,0.0,0.0,0.0,0.0,1.774,0.0
1784631811.4952762,0,0,76040,0,0.0,0.0,0.0,0.0,1.774,0.0
1784631811.4962041,0,0,76050,0,0.0,0.0,0.0,0.0,1.773,0.0
1784631811.4977937,0,0,76060,0,0.0,0.0,0.0,0.0,1.773,0.0
1784631811.606706,0,0,76070,0,0.0,0.0,0.0,0.0,1.773,0.0
1784631811.607995,0,0,76080,0,0.0,0.0,0.0,0.0,1.773,0.0
1784631811.6090152,0,0,76090,0,0.0,0.0,0.0,0.0,1.773,0.0
1784631811.6098964,0,0,76100,0,0.0,0.0,0.0,0.0,1.773,0.0
1784631811.6107583,0,0,76110,0,0.0,0.0,0.0,0.0,1.773,0.0
1784631811.611611,0,0,76120,0,0.0,0.0,0.0,0.0,1.773,0.0
1784631811.612456,0,0,76130,0,0.0,0.0,0.0,0.0,1.773,0.0
1784631811.613288,0,0,76140,0,0.0,0.0,0.0,0.0,1.773,0.0
1784631811.6141381,0,0,76150,0,0.0,0.0,0.0,0.0,1.773,0.0
1784631811.615128,0,0,76160,0,0.0,0.0,0.0,0.0,1.773,0.0
1784631811.6160784,0,0,76170,0,0.0,0.0,0.0,0.0,1.773,0.0
1784631811.6170797,0,0,76180,0,0.0,0.0,0.0,0.0,1.773,0.0
1784631811.6180139,0,0,76190,0,0.0,0.0,0.0,0.0,1.773,0.0
1784631811.6189947,0,0,76200,0,0.0,0.0,0.0,0.0,1.773,0.0
1784631811.6199617,0,0,76210,0,0.0,0.0,0.0,0.0,1.773,0.0
1784631811.620855,0,0,76220,0,0.0,0.0,0.0,0.0,1.773,0.0
1784631811.6218646,0,0,76230,0,0.0,0.0,0.0,0.0,1.773,0.0
1784631811.6227033,0,0,76240,0,0.0,0.0,0.0,0.0,1.773,0.0
1784631811.6235056,0,0,76250,0,0.0,0.0,0.0,0.0,1.773,0.0
1784631811.6243129,0,0,76260,0,0.0,0.0,0.0,0.0,1.773,0.0
1784631811.625319,0,0,76270,0,0.0,0.0,0.0,0.0,1.773,0.0
1784631811.627106,0,0,76280,0,0.0,0.0,0.0,0.0,1.773,0.0
1784631811.6282907,0,0,76290,0,0.0,0.0,0.0,0.0,1.773,0.0
1784631811.629148,0,0,76300,0,0.0,0.0,0.0,0.0,1.773,0.0
1784631811.6300716,0,0,76310,0,0.0,0.0,0.0,0.0,1.773,0.0
1784631811.6312048,0,0,76320,0,0.0,0.0,0.0,0.0,1.773,0.0
1784631811.6325853,0,0,76330,0,0.0,0.0,0.0,0.0,1.773,0.0
1784631811.6336167,0,0,76340,0,0.0,0.0,0.0,0.0,1.773,0.0
1784631811.6345038,0,0,76350,0,0.0,0.0,0.0,0.0,1.773,0.0
1784631811.739642,0,0,76360,0,0.0,0.0,0.0,0.0,1.773,0.0
1784631811.7413208,0,0,76370,0,0.0,0.0,0.0,0.0,1.773,0.0
1784631811.7423916,0,0,76380,0,0.0,0.0,0.0,0.0,1.773,0.0
1784631811.7436762,0,0,76390,0,0.0,0.0,0.0,0.0,1.773,0.0
1784631811.7448668,0,0,76400,0,0.0,0.0,0.0,0.0,1.773,0.0
1784631811.7459111,0,0,76410,0,0.0,0.0,0.0,0.0,1.773,0.0
1784631811.7468765,0,0,76420,0,0.0,0.0,0.0,0.0,1.773,0.0
1784631811.7477844,0,0,76430,0,0.0,0.0,0.0,0.0,1.773,0.0
1784631811.7488124,0,0,76440,0,0.0,0.0,0.0,0.0,1.773,0.0
1784631811.7501786,0,0,76450,0,0.0,0.0,0.0,0.0,1.773,0.0
1784631811.75112,0,0,76460,0,0.0,0.0,0.0,0.0,1.773,0.0
1784631811.7519965,0,0,76470,0,0.0,0.0,0.0,0.0,1.773,0.0
1784631811.7531054,0,0,76480,0,0.0,0.0,0.0,0.0,1.772,0.0
1784631811.753974,0,0,76490,0,0.0,0.0,0.0,0.0,1.772,0.0
1784631811.8772533,0,0,76500,0,0.0,0.0,0.0,0.0,1.772,0.0
1784631811.8788548,0,0,76510,0,0.0,0.0,0.0,0.0,1.772,0.0
1784631811.879867,0,0,76520,0,0.0,0.0,0.0,0.0,1.772,0.0
1784631811.8808188,0,0,76530,0,0.0,0.0,0.0,0.0,1.772,0.0
1784631811.881714,0,0,76540,0,0.0,0.0,0.0,0.0,1.772,0.0
1784631811.8825593,0,0,76550,0,0.0,0.0,0.0,0.0,1.772,0.0
1784631811.883418,0,0,76560,0,0.0,0.0,0.0,0.0,1.772,0.0
1784631811.8843317,0,0,76570,0,0.0,0.0,0.0,0.0,1.772,0.0
1784631811.8852217,0,0,76580,0,0.0,0.0,0.0,0.0,1.772,0.0
1784631811.8868322,0,0,76590,0,0.0,0.0,0.0,0.0,1.771,0.0
1784631811.8885276,0,0,76600,0,0.0,0.0,0.0,0.0,1.771,0.0
1784631811.8896644,0,0,76610,0,0.0,0.0,0.0,0.0,1.771,0.0
1784631811.890558,0,0,76620,0,0.0,0.0,0.0,0.0,1.771,0.0
1784631811.891467,0,0,76630,0,0.0,0.0,0.0,0.0,1.771,0.0
1784631811.8923895,0,0,76640,0,0.0,0.0,0.0,0.0,1.771,0.0
1784631812.0091588,0,0,76650,0,0.0,0.0,0.0,0.0,1.771,0.0
1784631812.01043,0,0,76660,0,0.0,0.0,0.0,0.0,1.77,0.0
1784631812.0122108,0,0,76670,0,0.0,0.0,0.0,0.0,1.77,0.0
1784631812.0137093,0,0,76680,0,0.0,0.0,0.0,0.0,1.77,0.0
1784631812.0146701,0,0,76690,0,0.0,0.0,0.0,0.0,1.77,0.0
1784631812.01557,0,0,76700,0,0.0,0.0,0.0,0.0,1.77,0.0
1784631812.016597,0,0,76710,0,0.0,0.0,0.0,0.0,1.77,0.0
1784631812.0180068,0,0,76720,0,0.0,0.0,0.0,0.0,1.769,0.0
1784631812.0189817,0,0,76730,0,0.0,0.0,0.0,0.0,1.769,0.0
1784631812.0198824,0,0,76740,0,0.0,0.0,0.0,0.0,1.769,0.0
1784631812.0208066,0,0,76750,0,0.0,0.0,0.0,0.0,1.769,0.0
1784631812.0217316,0,0,76760,0,0.0,0.0,0.0,0.0,1.769,0.0
1784631812.0226014,0,0,76770,0,0.0,0.0,0.0,0.0,1.768,0.0
1784631812.0234299,0,0,76780,0,0.0,0.0,0.0,0.0,1.768,0.0
1784631812.1350794,0,0,76790,0,0.0,0.0,0.0,0.0,1.768,0.0
1784631812.141966,0,0,76800,0,0.0,0.0,0.0,0.0,1.768,0.0
1784631812.1431062,0,0,76810,0,0.0,0.0,0.0,0.0,1.767,0.0
1784631812.1440492,0,0,76820,0,0.0,0.0,0.0,0.0,1.767,0.0
1784631812.1451874,0,0,76830,0,0.0,0.0,0.0,0.0,1.767,0.0
1784631812.1461885,0,0,76840,0,0.0,0.0,0.0,0.0,1.767,0.0
1784631812.147211,0,0,76850,0,0.0,0.0,0.0,0.0,1.766,0.0
1784631812.1481597,0,0,76860,0,0.0,0.0,0.0,0.0,1.766,0.0
1784631812.1490688,0,0,76870,0,0.0,0.0,0.0,0.0,1.766,0.0
1784631812.1499603,0,0,76880,0,0.0,0.0,0.0,0.0,1.766,0.0
1784631812.1508422,0,0,76890,0,0.0,0.0,0.0,0.0,1.766,0.0
1784631812.151781,0,0,76900,0,0.0,0.0,0.0,0.0,1.765,0.0
1784631812.1527526,0,0,76910,0,0.0,0.0,0.0,0.0,1.765,0.0
1784631812.1537378,0,0,76920,0,0.0,0.0,0.0,0.0,1.765,0.0
1784631812.154684,0,0,76930,0,0.0,0.0,0.0,0.0,1.765,0.0
1784631812.1558907,0,0,76940,0,0.0,0.0,0.0,0.0,1.764,0.0
1784631812.1568708,0,0,76950,0,0.0,0.0,0.0,0.0,1.764,0.0
1784631812.1579225,0,0,76960,0,0.0,0.0,0.0,0.0,1.764,0.0
1784631812.158801,0,0,76970,0,0.0,0.0,0.0,0.0,1.764,0.0
1784631812.28441,0,0,76980,0,0.0,0.0,0.0,0.0,1.764,0.0
1784631812.2856002,0,0,76990,0,0.0,0.0,0.0,0.0,1.763,0.0
1784631812.2865553,0,0,77000,0,0.0,0.0,0.0,0.0,1.763,0.0
1784631812.287437,0,0,77010,0,0.0,0.0,0.0,0.0,1.763,0.0
1784631812.2883458,0,0,77020,0,0.0,0.0,0.0,0.0,1.763,0.0
1784631812.2891963,0,0,77030,0,0.0,0.0,0.0,0.0,1.762,0.0
1784631812.290093,0,0,77040,0,0.0,0.0,0.0,0.0,1.762,0.0
1784631812.2909591,0,0,77050,0,0.0,0.0,0.0,0.0,1.762,0.0
1784631812.29251,0,0,77060,0,0.0,0.0,0.0,0.0,1.762,0.0
1784631812.2944503,0,0,77070,0,0.0,0.0,0.0,0.0,1.761,0.0
1784631812.2957928,0,0,77080,0,0.0,0.0,0.0,0.0,1.761,0.0
1784631812.2966964,0,0,77090,0,0.0,0.0,0.0,0.0,1.761,0.0
1784631812.29754,0,0,77100,0,0.0,0.0,0.0,0.0,1.761,0.0
1784631812.2984023,0,0,77110,0,0.0,0.0,0.0,0.0,1.761,0.0
1784631812.2992392,0,0,77120,0,0.0,0.0,0.0,0.0,1.76,0.0
1784631812.300049,0,0,77130,0,0.0,0.0,0.0,0.0,1.76,0.0
1784631812.3008988,0,0,77140,0,0.0,0.0,0.0,0.0,1.76,0.0
1784631812.3017242,0,0,77150,0,0.0,0.0,0.0,0.0,1.76,0.0
1784631812.421731,0,0,77160,0,0.0,0.0,0.0,0.0,1.759,0.0
1784631812.4229805,0,0,77170,0,0.0,0.0,0.0,0.0,1.759,0.0
1784631812.4238777,0,0,77180,0,0.0,0.0,0.0,0.0,1.759,0.0
1784631812.4247239,0,0,77190,0,0.0,0.0,0.0,0.0,1.759,0.0
1784631812.4255989,0,0,77200,0,0.0,0.0,0.0,0.0,1.758,0.0
1784631812.4264176,0,0,77210,0,0.0,0.0,0.0,0.0,1.758,0.0
1784631812.4272301,0,0,77220,0,0.0,0.0,0.0,0.0,1.758,0.0
1784631812.4280682,0,0,77230,0,0.0,0.0,0.0,0.0,1.758,0.0
1784631812.4288783,0,0,77240,0,0.0,0.0,0.0,0.0,1.758,0.0
1784631812.4296978,0,0,77250,0,0.0,0.0,0.0,0.0,1.757,0.0
1784631812.4305685,0,0,77260,0,0.0,0.0,0.0,0.0,1.757,0.0
1784631812.4314826,0,0,77270,0,0.0,0.0,0.0,0.0,1.757,0.0
1784631812.4324741,0,0,77280,0,0.0,0.0,0.0,0.0,1.757,0.0
1784631812.4334383,0,0,77290,0,0.0,0.0,0.0,0.0,1.756,0.0
1784631812.5461595,0,0,77300,0,0.0,0.0,0.0,0.0,1.756,0.0
1784631812.54748,0,0,77310,0,0.0,0.0,0.0,0.0,1.756,0.0
1784631812.5484688,0,0,77320,0,0.0,0.0,0.0,0.0,1.756,0.0
1784631812.549414,0,0,77330,0,0.0,0.0,0.0,0.0,1.756,0.0
1784631812.5503442,0,0,77340,0,0.0,0.0,0.0,0.0,1.755,0.0
1784631812.5512605,0,0,77350,0,0.0,0.0,0.0,0.0,1.755,0.0
1784631812.5521646,0,0,77360,0,0.0,0.0,0.0,0.0,1.755,0.0
1784631812.5530634,0,0,77370,0,0.0,0.0,0.0,0.0,1.755,0.0
1784631812.5539725,0,0,77380,0,0.0,0.0,0.0,0.0,1.754,0.0
1784631812.554865,0,0,77390,0,0.0,0.0,0.0,0.0,1.754,0.0
1784631812.5557566,0,0,77400,0,0.0,0.0,0.0,0.0,1.754,0.0
1784631812.5566814,0,0,77410,0,0.0,0.0,0.0,0.0,1.754,0.0
1784631812.5581183,0,0,77420,0,0.0,0.0,0.0,0.0,1.753,0.0
1784631812.6632087,0,0,77430,0,0.0,0.0,0.0,0.0,1.753,0.0
1784631812.6657746,0,0,77440,0,0.0,0.0,0.0,0.0,1.753,0.0
1784631812.669109,0,0,77450,0,0.0,0.0,0.0,0.0,1.753,0.0
1784631812.6710973,0,0,77460,0,0.0,0.0,0.0,0.0,1.753,0.0
1784631812.6726878,0,0,77470,0,0.0,0.0,0.0,0.0,1.752,0.0
1784631812.6740932,0,0,77480,0,0.0,0.0,0.0,0.0,1.752,0.0
1784631812.6754022,0,0,77490,0,0.0,0.0,0.0,0.0,1.752,0.0
1784631812.6764452,0,0,77500,0,0.0,0.0,0.0,0.0,1.752,0.0
1784631812.6774015,0,0,77510,0,0.0,0.0,0.0,0.0,1.751,0.0
1784631812.678373,0,0,77520,0,0.0,0.0,0.0,0.0,1.751,0.0
1784631812.679352,0,0,77530,0,0.0,0.0,0.0,0.0,1.751,0.0
1784631812.6803453,0,0,77540,0,0.0,0.0,0.0,0.0,1.751,0.0
1784631812.788657,0,0,77550,0,0.0,0.0,0.0,0.0,1.751,0.0
1784631812.7899268,0,0,77560,0,0.0,0.0,0.0,0.0,1.75,0.0
1784631812.7908704,0,0,77570,0,0.0,0.0,0.0,0.0,1.75,0.0
1784631812.7934277,0,0,77580,0,0.0,0.0,0.0,0.0,1.75,0.0
1784631812.7952304,0,0,77590,0,0.0,0.0,0.0,0.0,1.75,0.0
1784631812.7963002,0,0,77600,0,0.0,0.0,0.0,0.0,1.749,0.0
1784631812.7972739,0,0,77610,0,0.0,0.0,0.0,0.0,1.749,0.0
1784631812.7982464,0,0,77620,0,0.0,0.0,0.0,0.0,1.749,0.0
1784631812.7992122,0,0,77630,0,0.0,0.0,0.0,0.0,1.749,0.0
1784631812.8002713,0,0,77640,0,0.0,0.0,0.0,0.0,1.749,0.0
1784631812.8012385,0,0,77650,0,0.0,0.0,0.0,0.0,1.748,0.0
1784631812.8022058,0,0,77660,0,0.0,0.0,0.0,0.0,1.748,0.0
1784631812.9065838,0,0,77670,0,0.0,0.0,0.0,0.0,1.748,0.0
1784631812.909445,0,0,77680,0,0.0,0.0,0.0,0.0,1.748,0.0
1784631812.9112883,0,0,77690,0,0.0,0.0,0.0,0.0,1.747,0.0
1784631812.9124622,0,0,77700,0,0.0,0.0,0.0,0.0,1.747,0.0
1784631812.9134858,0,0,77710,0,0.0,0.0,0.0,0.0,1.747,0.0
1784631812.9144099,0,0,77720,0,0.0,0.0,0.0,0.0,1.747,0.0
1784631812.91529,0,0,77730,0,0.0,0.0,0.0,0.0,1.747,0.0
1784631812.9166188,0,0,77740,0,0.0,0.0,0.0,0.0,1.746,0.0
1784631812.9184768,0,0,77750,0,0.0,0.0,0.0,0.0,1.746,0.0
1784631812.9196687,0,0,77760,0,0.0,0.0,0.0,0.0,1.746,0.0
1784631812.920725,0,0,77770,0,0.0,0.0,0.0,0.0,1.746,0.0
1784631812.9217908,0,0,77780,0,0.0,0.0,0.0,0.0,1.745,0.0
1784631813.027358,0,0,77790,0,0.0,0.0,0.0,0.0,1.745,0.0
1784631813.0285134,0,0,77800,0,0.0,0.0,0.0,0.0,1.745,0.0
1784631813.0296288,0,0,77810,0,0.0,0.0,0.0,0.0,1.745,0.0
1784631813.030762,0,0,77820,0,0.0,0.0,0.0,0.0,1.744,0.0
1784631813.031765,0,0,77830,0,0.0,0.0,0.0,0.0,1.744,0.0
1784631813.0328507,0,0,77840,0,0.0,0.0,0.0,0.0,1.744,0.0
1784631813.0338504,0,0,77850,0,0.0,0.0,0.0,0.0,1.744,0.0
1784631813.0348067,0,0,77860,0,0.0,0.0,0.0,0.0,1.744,0.0
1784631813.0357895,0,0,77870,0,0.0,0.0,0.0,0.0,1.743,0.0
1784631813.0367916,0,0,77880,0,0.0,0.0,0.0,0.0,1.743,0.0
1784631813.0377746,0,0,77890,0,0.0,0.0,0.0,0.0,1.743,0.0
1784631813.0387642,0,0,77900,0,0.0,0.0,0.0,0.0,1.743,0.0
1784631813.1427605,0,0,77910,0,0.0,0.0,0.0,0.0,1.742,0.0
1784631813.143796,0,0,77920,0,0.0,0.0,0.0,0.0,1.742,0.0
1784631813.1448836,0,0,77930,0,0.0,0.0,0.0,0.0,1.742,0.0
1784631813.1458218,0,0,77940,0,0.0,0.0,0.0,0.0,1.742,0.0
1784631813.1467292,0,0,77950,0,0.0,0.0,0.0,0.0,1.742,0.0
1784631813.1476223,0,0,77960,0,0.0,0.0,0.0,0.0,1.741,0.0
1784631813.148475,0,0,77970,0,0.0,0.0,0.0,0.0,1.741,0.0
1784631813.1494265,0,0,77980,0,0.0,0.0,0.0,0.0,1.741,0.0
1784631813.1508915,0,0,77990,0,0.0,0.0,0.0,0.0,1.741,0.0
1784631813.1521807,0,0,78000,0,0.0,0.0,0.0,0.0,1.74,0.0
1784631813.1532164,0,0,78010,0,0.0,0.0,0.0,0.0,1.74,0.0
1784631813.266975,0,0,78020,0,0.0,0.0,0.0,0.0,1.74,0.0
1784631813.2681339,0,0,78030,0,0.0,0.0,0.0,0.0,1.74,0.0
1784631813.269048,0,0,78040,0,0.0,0.0,0.0,0.0,1.74,0.0
1784631813.2704623,0,0,78050,0,0.0,0.0,0.0,0.0,1.739,0.0
1784631813.2717693,0,0,78060,0,0.0,0.0,0.0,0.0,1.739,0.0
1784631813.2727125,0,0,78070,0,0.0,0.0,0.0,0.0,1.739,0.0
1784631813.273596,0,0,78080,0,0.0,0.0,0.0,0.0,1.739,0.0
1784631813.2744546,0,0,78090,0,0.0,0.0,0.0,0.0,1.738,0.0
1784631813.275521,0,0,78100,0,0.0,0.0,0.0,0.0,1.738,0.0
1784631813.2765183,0,0,78110,0,0.0,0.0,0.0,0.0,1.738,0.0
1784631813.2774158,0,0,78120,0,0.0,0.0,0.0,0.0,1.738,0.0
1784631813.3809643,0,0,78130,0,0.0,0.0,0.0,0.0,1.738,0.0
1784631813.3819597,0,0,78140,0,0.0,0.0,0.0,0.0,1.737,0.0
1784631813.382903,0,0,78150,0,0.0,0.0,0.0,0.0,1.737,0.0
1784631813.3838143,0,0,78160,0,0.0,0.0,0.0,0.0,1.737,0.0
1784631813.3846488,0,0,78170,0,0.0,0.0,0.0,0.0,1.737,0.0
1784631813.3867652,0,0,78180,0,0.0,0.0,0.0,0.0,1.736,0.0
1784631813.3882744,0,0,78190,0,0.0,0.0,0.0,0.0,1.736,0.0
1784631813.389213,0,0,78200,0,0.0,0.0,0.0,0.0,1.736,0.0
1784631813.3900654,0,0,78210,0,0.0,0.0,0.0,0.0,1.736,0.0
1784631813.390896,0,0,78220,0,0.0,0.0,0.0,0.0,1.736,0.0
1784631813.3917987,0,0,78230,0,0.0,0.0,0.0,0.0,1.735,0.0
1784631813.3930538,0,0,78240,0,0.0,0.0,0.0,0.0,1.735,0.0
1784631813.5130248,0,0,78250,0,0.0,0.0,0.0,0.0,1.735,0.0
1784631813.51442,0,0,78260,0,0.0,0.0,0.0,0.0,1.735,0.0
1784631813.515397,0,0,78270,0,0.0,0.0,0.0,0.0,1.734,0.0
1784631813.5163026,0,0,78280,0,0.0,0.0,0.0,0.0,1.734,0.0
1784631813.5171835,0,0,78290,0,0.0,0.0,0.0,0.0,1.734,0.0
1784631813.5183973,0,0,78300,0,0.0,0.0,0.0,0.0,1.734,0.0
1784631813.5194242,0,0,78310,0,0.0,0.0,0.0,0.0,1.734,0.0
1784631813.520646,0,0,78320,0,0.0,0.0,0.0,0.0,1.733,0.0
1784631813.5226014,0,0,78330,0,0.0,0.0,0.0,0.0,1.733,0.0
1784631813.5239484,0,0,78340,0,0.0,0.0,0.0,0.0,1.733,0.0
1784631813.5249064,0,0,78350,0,0.0,0.0,0.0,0.0,1.733,0.0
1784631813.5262768,0,0,78360,0,0.0,0.0,0.0,0.0,1.732,0.0
1784631813.6399498,0,0,78370,0,0.0,0.0,0.0,0.0,1.732,0.0
1784631813.6409593,0,0,78380,0,0.0,0.0,0.0,0.0,1.732,0.0
1784631813.6419735,0,0,78390,0,0.0,0.0,0.0,0.0,1.732,0.0
1784631813.6428845,0,0,78400,0,0.0,0.0,0.0,0.0,1.732,0.0
1784631813.6437724,0,0,78410,0,0.0,0.0,0.0,0.0,1.731,0.0
1784631813.644679,0,0,78420,0,0.0,0.0,0.0,0.0,1.731,0.0
1784631813.64565,0,0,78430,0,0.0,0.0,0.0,0.0,1.731,0.0
1784631813.6465697,0,0,78440,0,0.0,0.0,0.0,0.0,1.731,0.0
1784631813.647634,0,0,78450,0,0.0,0.0,0.0,0.0,1.73,0.0
1784631813.6486616,0,0,78460,0,0.0,0.0,0.0,0.0,1.73,0.0
1784631813.6496642,0,0,78470,0,0.0,0.0,0.0,0.0,1.73,0.0
1784631813.6509836,0,0,78480,0,0.0,0.0,0.0,0.0,1.73,0.0
1784631813.768216,0,0,78490,0,0.0,0.0,0.0,0.0,1.73,0.0
1784631813.7695951,0,0,78500,0,0.0,0.0,0.0,0.0,1.729,0.0
1784631813.7709677,0,0,78510,0,0.0,0.0,0.0,0.0,1.729,0.0
1784631813.7719967,0,0,78520,0,0.0,0.0,0.0,0.0,1.729,0.0
1784631813.7732437,0,0,78530,0,0.0,0.0,0.0,0.0,1.729,0.0
1784631813.7744355,0,0,78540,0,0.0,0.0,0.0,0.0,1.728,0.0
1784631813.7755134,0,0,78550,0,0.0,0.0,0.0,0.0,1.728,0.0
1784631813.7770529,0,0,78560,0,0.0,0.0,0.0,0.0,1.728,0.0
1784631813.7781065,0,0,78570,0,0.0,0.0,0.0,0.0,1.728,0.0
1784631813.7833996,0,0,78580,0,0.0,0.0,0.0,0.0,1.728,0.0
1784631813.7846622,0,0,78590,0,0.0,0.0,0.0,0.0,1.727,0.0
1784631813.8957384,0,0,78600,0,0.0,0.0,0.0,0.0,1.727,0.0
1784631813.8969173,0,0,78610,0,0.0,0.0,0.0,0.0,1.727,0.0
1784631813.897868,0,0,78620,0,0.0,0.0,0.0,0.0,1.727,0.0
1784631813.8988771,0,0,78630,0,0.0,0.0,0.0,0.0,1.727,0.0
1784631813.899786,0,0,78640,0,0.0,0.0,0.0,0.0,1.726,0.0
1784631813.9010367,0,0,78650,0,0.0,0.0,0.0,0.0,1.726,0.0
1784631813.9020724,0,0,78660,0,0.0,0.0,0.0,0.0,1.726,0.0
1784631813.9030488,0,0,78670,0,0.0,0.0,0.0,0.0,1.726,0.0
1784631813.9039123,0,0,78680,0,0.0,0.0,0.0,0.0,1.725,0.0
1784631813.904876,0,0,78690,0,0.0,0.0,0.0,0.0,1.725,0.0
1784631813.9057362,0,0,78700,0,0.0,0.0,0.0,0.0,1.725,0.0
1784631813.9066155,0,0,78710,0,0.0,0.0,0.0,0.0,1.725,0.0
1784631814.0394616,0,0,78720,0,0.0,0.0,0.0,0.0,1.725,0.0
1784631814.0416195,0,0,78730,0,0.0,0.0,0.0,0.0,1.724,0.0
1784631814.0442715,0,0,78740,0,0.0,0.0,0.0,0.0,1.724,0.0
1784631814.0458002,0,0,78750,0,0.0,0.0,0.0,0.0,1.724,0.0
1784631814.0470726,0,0,78760,0,0.0,0.0,0.0,0.0,1.724,0.0
1784631814.0481381,0,0,78770,0,0.0,0.0,0.0,0.0,1.724,0.0
1784631814.0492566,0,0,78780,0,0.0,0.0,0.0,0.0,1.724,0.0
1784631814.0506043,0,0,78790,0,0.0,0.0,0.0,0.0,1.724,0.0
1784631814.052296,0,0,78800,0,0.0,0.0,0.0,0.0,1.724,0.0
1784631814.0533779,0,0,78810,0,0.0,0.0,0.0,0.0,1.724,0.0
1784631814.0543535,0,0,78820,0,0.0,0.0,0.0,0.0,1.724,0.0
1784631814.0553112,0,0,78830,0,0.0,0.0,0.0,0.0,1.724,0.0
1784631814.056348,0,0,78840,0,0.0,0.0,0.0,0.0,1.724,0.0
1784631814.058357,0,0,78850,0,0.0,0.0,0.0,0.0,1.724,0.0
1784631814.061676,0,0,78860,0,0.0,0.0,0.0,0.0,1.724,0.0
1784631814.062944,0,0,78870,0,0.0,0.0,0.0,0.0,1.724,0.0
1784631814.0640464,0,0,78880,0,0.0,0.0,0.0,0.0,1.724,0.0
1784631814.0652142,0,0,78890,0,0.0,0.0,0.0,0.0,1.724,0.0
1784631814.0663083,0,0,78900,0,0.0,0.0,0.0,0.0,1.724,0.0
1784631814.0673184,0,0,78910,0,0.0,0.0,0.0,0.0,1.724,0.0
1784631814.068324,0,0,78920,0,0.0,0.0,0.0,0.0,1.724,0.0
1784631814.0693016,0,0,78930,0,0.0,0.0,0.0,0.0,1.724,0.0
1784631814.070296,0,0,78940,0,0.0,0.0,0.0,0.0,1.724,0.0
1784631814.0712893,0,0,78950,0,0.0,0.0,0.0,0.0,1.724,0.0
1784631814.0723093,0,0,78960,0,0.0,0.0,0.0,0.0,1.724,0.0
1784631814.0744889,0,0,78970,0,0.0,0.0,0.0,0.0,1.724,0.0
1784631814.0759695,0,0,78980,0,0.0,0.0,0.0,0.0,1.724,0.0
1784631814.0770543,0,0,78990,0,0.0,0.0,0.0,0.0,1.724,0.0
1784631814.0783293,0,0,79000,0,0.0,0.0,0.0,0.0,1.724,0.0
1784631814.2040977,0,0,79010,0,0.0,0.0,0.0,0.0,1.724,0.0
1784631814.2065,0,0,79020,0,0.0,0.0,0.0,0.0,1.724,0.0
1784631814.2098436,0,0,79030,0,0.0,0.0,0.0,0.0,1.724,0.0
1784631814.211277,0,0,79040,0,0.0,0.0,0.0,0.0,1.724,0.0
1784631814.2131891,0,0,79050,0,0.0,0.0,0.0,0.0,1.724,0.0
1784631814.2150254,0,0,79060,0,0.0,0.0,0.0,0.0,1.724,0.0
1784631814.2165487,0,0,79070,0,0.0,0.0,0.0,0.0,1.724,0.0
1784631814.2181005,0,0,79080,0,0.0,0.0,0.0,0.0,1.724,0.0
1784631814.2196467,0,0,79090,0,0.0,0.0,0.0,0.0,1.724,0.0
1784631814.2213085,0,0,79100,0,0.0,0.0,0.0,0.0,1.724,0.0
1784631814.2229342,0,0,79110,0,0.0,0.0,0.0,0.0,1.724,0.0
1784631814.224788,0,0,79120,0,0.0,0.0,0.0,0.0,1.724,0.0
1784631814.2266967,0,0,79130,0,0.0,0.0,0.0,0.0,1.724,0.0
1784631814.227942,0,0,79140,0,0.0,0.0,0.0,0.0,1.724,0.0
1784631814.230203,0,0,79150,0,0.0,0.0,0.0,0.0,1.724,0.0
1784631814.2324724,0,0,79160,0,0.0,0.0,0.0,0.0,1.724,0.0
1784631814.234217,0,0,79170,0,0.0,0.0,0.0,0.0,1.724,0.0
1784631814.235692,0,0,79180,0,0.0,0.0,0.0,0.0,1.724,0.0
1784631814.2371063,0,0,79190,0,0.0,0.0,0.0,0.0,1.724,0.0
1784631814.2385712,0,0,79200,0,0.0,0.0,0.0,0.0,1.723,0.0
1784631814.2403412,0,0,79210,0,0.0,0.0,0.0,0.0,1.723,0.0
1784631814.2417686,0,0,79220,0,0.0,0.0,0.0,0.0,1.723,0.0
1784631814.2429252,0,0,79230,0,0.0,0.0,0.0,0.0,1.723,0.0
1784631814.2447712,0,0,79240,0,0.0,0.0,0.0,0.0,1.723,0.0
1784631814.246264,0,0,79250,0,0.0,0.0,0.0,0.0,1.723,0.0
1784631814.247354,0,0,79260,0,0.0,0.0,0.0,0.0,1.723,0.0
1784631814.2484176,0,0,79270,0,0.0,0.0,0.0,0.0,1.723,0.0
1784631814.2494059,0,0,79280,0,0.0,0.0,0.0,0.0,1.723,0.0
1784631814.3562253,0,0,79290,0,0.0,0.0,0.0,0.0,1.723,0.0
1784631814.3575306,0,0,79300,0,0.0,0.0,0.0,0.0,1.723,0.0
1784631814.3585296,0,0,79310,0,0.0,0.0,0.0,0.0,1.723,0.0
1784631814.3594995,0,0,79320,0,0.0,0.0,0.0,0.0,1.722,0.0
1784631814.3605137,0,0,79330,0,0.0,0.0,0.0,0.0,1.722,0.0
1784631814.361478,0,0,79340,0,0.0,0.0,0.0,0.0,1.722,0.0
1784631814.362424,0,0,79350,0,0.0,0.0,0.0,0.0,1.722,0.0
1784631814.3633256,0,0,79360,0,0.0,0.0,0.0,0.0,1.722,0.0
1784631814.3643413,0,0,79370,0,0.0,0.0,0.0,0.0,1.722,0.0
1784631814.365339,0,0,79380,0,0.0,0.0,0.0,0.0,1.722,0.0
1784631814.36625,0,0,79390,0,0.0,0.0,0.0,0.0,1.722,0.0
1784631814.3671846,0,0,79400,0,0.0,0.0,0.0,0.0,1.722,0.0
1784631814.3695085,0,0,79410,0,0.0,0.0,0.0,0.0,1.721,0.0
1784631814.370702,0,0,79420,0,0.0,0.0,0.0,0.0,1.721,0.0
1784631814.3716745,0,0,79430,0,0.0,0.0,0.0,0.0,1.721,0.0
1784631814.3726237,0,0,79440,0,0.0,0.0,0.0,0.0,1.721,0.0
1784631814.3736322,0,0,79450,0,0.0,0.0,0.0,0.0,1.721,0.0
1784631814.3745759,0,0,79460,0,0.0,0.0,0.0,0.0,1.721,0.0
1784631814.3754847,0,0,79470,0,0.0,0.0,0.0,0.0,1.721,0.0
1784631814.3763618,0,0,79480,0,0.0,0.0,0.0,0.0,1.721,0.0
1784631814.37733,0,0,79490,0,0.0,0.0,0.0,0.0,1.721,0.0
1784631814.3782825,0,0,79500,0,0.0,0.0,0.0,0.0,1.72,0.0
1784631814.3791616,0,0,79510,0,0.0,0.0,0.0,0.0,1.72,0.0
1784631814.3800378,0,0,79520,0,0.0,0.0,0.0,0.0,1.72,0.0
1784631814.493454,0,0,79530,0,0.0,0.0,0.0,0.0,1.72,0.0
1784631814.494693,0,0,79540,0,0.0,0.0,0.0,0.0,1.72,0.0
1784631814.4956837,0,0,79550,0,0.0,0.0,0.0,0.0,1.72,0.0
1784631814.4966333,0,0,79560,0,0.0,0.0,0.0,0.0,1.72,0.0
1784631814.497559,0,0,79570,0,0.0,0.0,0.0,0.0,1.719,0.0
1784631814.498533,0,0,79580,0,0.0,0.0,0.0,0.0,1.719,0.0
1784631814.4994886,0,0,79590,0,0.0,0.0,0.0,0.0,1.719,0.0
1784631814.5004547,0,0,79600,0,0.0,0.0,0.0,0.0,1.719,0.0
1784631814.5014079,0,0,79610,0,0.0,0.0,0.0,0.0,1.719,0.0
1784631814.5023878,0,0,79620,0,0.0,0.0,0.0,0.0,1.719,0.0
1784631814.5033293,0,0,79630,0,0.0,0.0,0.0,0.0,1.719,0.0
1784631814.504263,0,0,79640,0,0.0,0.0,0.0,0.0,1.718,0.0
1784631814.5052075,0,0,79650,0,0.0,0.0,0.0,0.0,1.718,0.0
1784631814.5062554,0,0,79660,0,0.0,0.0,0.0,0.0,1.718,0.0
1784631814.5073225,0,0,79670,0,0.0,0.0,0.0,0.0,1.718,0.0
1784631814.5083253,0,0,79680,0,0.0,0.0,0.0,0.0,1.718,0.0
1784631814.5092924,0,0,79690,0,0.0,0.0,0.0,0.0,1.717,0.0
1784631814.51053,0,0,79700,0,0.0,0.0,0.0,0.0,1.717,0.0
1784631814.5122333,0,0,79710,0,0.0,0.0,0.0,0.0,1.717,0.0
1784631814.5137715,0,0,79720,0,0.0,0.0,0.0,0.0,1.717,0.0
1784631814.632913,0,0,79730,0,0.0,0.0,0.0,0.0,1.717,0.0
1784631814.6345623,0,0,79740,0,0.0,0.0,0.0,0.0,1.716,0.0
1784631814.636451,0,0,79750,0,0.0,0.0,0.0,0.0,1.716,0.0
1784631814.638546,0,0,79760,0,0.0,0.0,0.0,0.0,1.716,0.0
1784631814.640416,0,0,79770,0,0.0,0.0,0.0,0.0,1.716,0.0
1784631814.6428804,0,0,79780,0,0.0,0.0,0.0,0.0,1.715,0.0
1784631814.645514,0,0,79790,0,0.0,0.0,0.0,0.0,1.715,0.0
1784631814.6472585,0,0,79800,0,0.0,0.0,0.0,0.0,1.715,0.0
1784631814.6487138,0,0,79810,0,0.0,0.0,0.0,0.0,1.715,0.0
1784631814.6498914,0,0,79820,0,0.0,0.0,0.0,0.0,1.715,0.0
1784631814.651013,0,0,79830,0,0.0,0.0,0.0,0.0,1.714,0.0
1784631814.652222,0,0,79840,0,0.0,0.0,0.0,0.0,1.714,0.0
1784631814.653705,0,0,79850,0,0.0,0.0,0.0,0.0,1.714,0.0
1784631814.6552348,0,0,79860,0,0.0,0.0,0.0,0.0,1.714,0.0
1784631814.6579597,0,0,79870,0,0.0,0.0,0.0,0.0,1.714,0.0
1784631814.6602592,0,0,79880,0,0.0,0.0,0.0,0.0,1.713,0.0
1784631814.6619205,0,0,79890,0,0.0,0.0,0.0,0.0,1.713,0.0
1784631814.664414,0,0,79900,0,0.0,0.0,0.0,0.0,1.713,0.0
1784631814.666505,0,0,79910,0,0.0,0.0,0.0,0.0,1.713,0.0
1784631814.7908795,0,0,79920,0,0.0,0.0,0.0,0.0,1.712,0.0
1784631814.7926784,0,0,79930,0,0.0,0.0,0.0,0.0,1.712,0.0
1784631814.7944036,0,0,79940,0,0.0,0.0,0.0,0.0,1.712,0.0
1784631814.7954397,0,0,79950,0,0.0,0.0,0.0,0.0,1.712,0.0
1784631814.7963285,0,0,79960,0,0.0,0.0,0.0,0.0,1.712,0.0
1784631814.7972329,0,0,79970,0,0.0,0.0,0.0,0.0,1.711,0.0
1784631814.7981434,0,0,79980,0,0.0,0.0,0.0,0.0,1.711,0.0
1784631814.7990415,0,0,79990,0,0.0,0.0,0.0,0.0,1.711,0.0
1784631814.8003778,0,0,80000,0,0.0,0.0,0.0,0.0,1.711,0.0
1784631814.80138,0,0,80010,0,0.0,0.0,0.0,0.0,1.711,0.0
1784631814.8022692,0,0,80020,0,0.0,0.0,0.0,0.0,1.71,0.0
1784631814.8032086,0,0,80030,0,0.0,0.0,0.0,0.0,1.71,0.0
1784631814.8040566,0,0,80040,0,0.0,0.0,0.0,0.0,1.71,0.0
1784631814.8048973,0,0,80050,0,0.0,0.0,0.0,0.0,1.71,0.0
1784631814.8057435,0,0,80060,0,0.0,0.0,0.0,0.0,1.709,0.0
1784631814.8066087,0,0,80070,0,0.0,0.0,0.0,0.0,1.709,0.0
1784631815.5338242,0,0,80080,0,0.0,0.0,0.0,0.0,1.709,0.0
1784631815.534944,0,0,80090,0,0.0,0.0,0.0,0.0,1.709,0.0
1784631815.541654,0,0,80100,0,0.0,0.0,0.0,0.0,1.709,0.0
1784631815.5436323,0,0,80110,0,0.0,0.0,0.0,0.0,1.708,0.0
1784631815.54499,0,0,80120,0,0.0,0.0,0.0,0.0,1.708,0.0
1784631815.5459878,0,0,80130,0,0.0,0.0,0.0,0.0,1.708,0.0
1784631815.5469599,0,0,80140,0,0.0,0.0,0.0,0.0,1.708,0.0
1784631815.5478961,0,0,80150,0,0.0,0.0,0.0,0.0,1.708,0.0
1784631815.548818,0,0,80160,0,0.0,0.0,0.0,0.0,1.707,0.0
1784631815.6632364,0,0,80170,0,0.0,0.0,0.0,0.0,1.707,0.0
1784631815.6658924,0,0,80180,0,0.0,0.0,0.0,0.0,1.707,0.0
1784631815.669179,0,0,80190,0,0.0,0.0,0.0,0.0,1.707,0.0
1784631815.671051,0,0,80200,0,0.0,0.0,0.0,0.0,1.706,0.0
1784631815.673056,0,0,80210,0,0.0,0.0,0.0,0.0,1.706,0.0
1784631815.674939,0,0,80220,0,0.0,0.0,0.0,0.0,1.706,0.0
1784631815.676707,0,0,80230,0,0.0,0.0,0.0,0.0,1.706,0.0
1784631815.6785817,0,0,80240,0,0.0,0.0,0.0,0.0,1.706,0.0
1784631815.679962,0,0,80250,0,0.0,0.0,0.0,0.0,1.705,0.0
1784631815.681219,0,0,80260,0,0.0,0.0,0.0,0.0,1.705,0.0
1784631815.682658,0,0,80270,0,0.0,0.0,0.0,0.0,1.705,0.0
1784631815.6837878,0,0,80280,0,0.0,0.0,0.0,0.0,1.705,0.0
1784631815.6849241,0,0,80290,0,0.0,0.0,0.0,0.0,1.705,0.0
1784631815.6858451,0,0,80300,0,0.0,0.0,0.0,0.0,1.704,0.0
1784631815.8109336,0,0,80310,0,0.0,0.0,0.0,0.0,1.704,0.0
1784631815.8120663,0,0,80320,0,0.0,0.0,0.0,0.0,1.704,0.0
1784631815.813057,0,0,80330,0,0.0,0.0,0.0,0.0,1.704,0.0
1784631815.8139782,0,0,80340,0,0.0,0.0,0.0,0.0,1.703,0.0
1784631815.8150516,0,0,80350,0,0.0,0.0,0.0,0.0,1.703,0.0
1784631815.8159504,0,0,80360,0,0.0,0.0,0.0,0.0,1.703,0.0
1784631815.8168356,0,0,80370,0,0.0,0.0,0.0,0.0,1.703,0.0
1784631815.8177154,0,0,80380,0,0.0,0.0,0.0,0.0,1.703,0.0
1784631815.8186007,0,0,80390,0,0.0,0.0,0.0,0.0,1.702,0.0
1784631815.8194807,0,0,80400,0,0.0,0.0,0.0,0.0,1.702,0.0
1784631815.8203557,0,0,80410,0,0.0,0.0,0.0,0.0,1.702,0.0
1784631815.8212755,0,0,80420,0,0.0,0.0,0.0,0.0,1.702,0.0
1784631815.8228066,0,0,80430,0,0.0,0.0,0.0,0.0,1.702,0.0
1784631815.824725,0,0,80440,0,0.0,0.0,0.0,0.0,1.701,0.0
1784631815.944422,0,0,80450,0,0.0,0.0,0.0,0.0,1.701,0.0
1784631815.9463859,0,0,80460,0,0.0,0.0,0.0,0.0,1.701,0.0
1784631815.947863,0,0,80470,0,0.0,0.0,0.0,0.0,1.701,0.0
1784631815.9498477,0,0,80480,0,0.0,0.0,0.0,0.0,1.701,0.0
1784631815.9511979,0,0,80490,0,0.0,0.0,0.0,0.0,1.7,0.0
1784631815.952327,0,0,80500,0,0.0,0.0,0.0,0.0,1.7,0.0
1784631815.9532454,0,0,80510,0,0.0,0.0,0.0,0.0,1.7,0.0
1784631815.954137,0,0,80520,0,0.0,0.0,0.0,0.0,1.7,0.0
1784631815.9550261,0,0,80530,0,0.0,0.0,0.0,0.0,1.699,0.0
1784631815.9559867,0,0,80540,0,0.0,0.0,0.0,0.0,1.699,0.0
1784631815.956893,0,0,80550,0,0.0,0.0,0.0,0.0,1.699,0.0
1784631815.9577835,0,0,80560,0,0.0,0.0,0.0,0.0,1.699,0.0
1784631815.9586592,0,0,80570,0,0.0,0.0,0.0,0.0,1.699,0.0
1784631815.9596295,0,0,80580,0,0.0,0.0,0.0,0.0,1.698,0.0
1784631816.0693028,0,0,80590,0,0.0,0.0,0.0,0.0,1.698,0.0
1784631816.0708117,0,0,80600,0,0.0,0.0,0.0,0.0,1.698,0.0
1784631816.071983,0,0,80610,0,0.0,0.0,0.0,0.0,1.698,0.0
1784631816.0734916,0,0,80620,0,0.0,0.0,0.0,0.0,1.698,0.0
1784631816.0755272,0,0,80630,0,0.0,0.0,0.0,0.0,1.697,0.0
1784631816.0769262,0,0,80640,0,0.0,0.0,0.0,0.0,1.697,0.0
1784631816.0779185,0,0,80650,0,0.0,0.0,0.0,0.0,1.697,0.0
1784631816.078865,0,0,80660,0,0.0,0.0,0.0,0.0,1.697,0.0
1784631816.0799274,0,0,80670,0,0.0,0.0,0.0,0.0,1.697,0.0
1784631816.0809007,0,0,80680,0,0.0,0.0,0.0,0.0,1.696,0.0
1784631816.2061076,0,0,80690,0,0.0,0.0,0.0,0.0,1.696,0.0
1784631816.2074027,0,0,80700,0,0.0,0.0,0.0,0.0,1.696,0.0
1784631816.2084022,0,0,80710,0,0.0,0.0,0.0,0.0,1.696,0.0
1784631816.2093081,0,0,80720,0,0.0,0.0,0.0,0.0,1.695,0.0
1784631816.2101624,0,0,80730,0,0.0,0.0,0.0,0.0,1.695,0.0
1784631816.2110205,0,0,80740,0,0.0,0.0,0.0,0.0,1.695,0.0
1784631816.2118676,0,0,80750,0,0.0,0.0,0.0,0.0,1.695,0.0
1784631816.212719,0,0,80760,0,0.0,0.0,0.0,0.0,1.695,0.0
1784631816.213569,0,0,80770,0,0.0,0.0,0.0,0.0,1.694,0.0
1784631816.214417,0,0,80780,0,0.0,0.0,0.0,0.0,1.694,0.0
1784631816.2152505,0,0,80790,0,0.0,0.0,0.0,0.0,1.694,0.0
1784631816.2164881,0,0,80800,0,0.0,0.0,0.0,0.0,1.694,0.0
1784631816.217483,0,0,80810,0,0.0,0.0,0.0,0.0,1.694,0.0
1784631816.3427598,0,0,80820,0,0.0,0.0,0.0,0.0,1.693,0.0
1784631816.3440158,0,0,80830,0,0.0,0.0,0.0,0.0,1.693,0.0
1784631816.3452191,0,0,80840,0,0.0,0.0,0.0,0.0,1.693,0.0
1784631816.3471925,0,0,80850,0,0.0,0.0,0.0,0.0,1.693,0.0
1784631816.3487735,0,0,80860,0,0.0,0.0,0.0,0.0,1.693,0.0
1784631816.3498974,0,0,80870,0,0.0,0.0,0.0,0.0,1.692,0.0
1784631816.3512108,0,0,80880,0,0.0,0.0,0.0,0.0,1.692,0.0
1784631816.352339,0,0,80890,0,0.0,0.0,0.0,0.0,1.692,0.0
1784631816.3532922,0,0,80900,0,0.0,0.0,0.0,0.0,1.692,0.0
1784631816.489886,0,0,80910,0,0.0,0.0,0.0,0.0,1.691,0.0
1784631816.4909453,0,0,80920,0,0.0,0.0,0.0,0.0,1.691,0.0
1784631816.491897,0,0,80930,0,0.0,0.0,0.0,0.0,1.691,0.0
1784631816.4928012,0,0,80940,0,0.0,0.0,0.0,0.0,1.691,0.0
1784631816.4937017,0,0,80950,0,0.0,0.0,0.0,0.0,1.691,0.0
1784631816.4945939,0,0,80960,0,0.0,0.0,0.0,0.0,1.69,0.0
1784631816.4955785,0,0,80970,0,0.0,0.0,0.0,0.0,1.69,0.0
1784631816.4964898,0,0,80980,0,0.0,0.0,0.0,0.0,1.69,0.0
1784631816.497387,0,0,80990,0,0.0,0.0,0.0,0.0,1.69,0.0
1784631816.4982648,0,0,81000,0,0.0,0.0,0.0,0.0,1.69,0.0
1784631816.4991343,0,0,81010,0,0.0,0.0,0.0,0.0,1.69,0.0
1784631816.5000114,0,0,81020,0,0.0,0.0,0.0,0.0,1.69,0.0
1784631816.5012643,0,0,81030,0,0.0,0.0,0.0,0.0,1.69,0.0
1784631816.5023065,0,0,81040,0,0.0,0.0,0.0,0.0,1.69,0.0
1784631816.503544,0,0,81050,0,0.0,0.0,0.0,0.0,1.69,0.0
1784631816.5045986,0,0,81060,0,0.0,0.0,0.0,0.0,1.69,0.0
1784631816.505543,0,0,81070,0,0.0,0.0,0.0,0.0,1.69,0.0
1784631816.5064442,0,0,81080,0,0.0,0.0,0.0,0.0,1.69,0.0
1784631816.5073645,0,0,81090,0,0.0,0.0,0.0,0.0,1.69,0.0
1784631816.5082707,0,0,81100,0,0.0,0.0,0.0,0.0,1.69,0.0
1784631816.5098577,0,0,81110,0,0.0,0.0,0.0,0.0,1.69,0.0
1784631816.512271,0,0,81120,0,0.0,0.0,0.0,0.0,1.691,0.0
1784631816.5136793,0,0,81130,0,0.0,0.0,0.0,0.0,1.691,0.0
1784631816.6337419,0,0,81140,0,0.0,0.0,0.0,0.0,1.691,0.0
1784631816.635131,0,0,81150,0,0.0,0.0,0.0,0.0,1.691,0.0
1784631816.6371489,0,0,81160,0,0.0,0.0,0.0,0.0,1.691,0.0
1784631816.6385374,0,0,81170,0,0.0,0.0,0.0,0.0,1.691,0.0
1784631816.639501,0,0,81180,0,0.0,0.0,0.0,0.0,1.691,0.0
1784631816.641048,0,0,81190,0,0.0,0.0,0.0,0.0,1.691,0.0
1784631816.6420765,0,0,81200,0,0.0,0.0,0.0,0.0,1.691,0.0
1784631816.6430159,0,0,81210,0,0.0,0.0,0.0,0.0,1.691,0.0
1784631816.6442983,0,0,81220,0,0.0,0.0,0.0,0.0,1.691,0.0
1784631816.6453407,0,0,81230,0,0.0,0.0,0.0,0.0,1.691,0.0
1784631816.6462014,0,0,81240,0,0.0,0.0,0.0,0.0,1.691,0.0
1784631816.6470952,0,0,81250,0,0.0,0.0,0.0,0.0,1.691,0.0
1784631816.6479352,0,0,81260,0,0.0,0.0,0.0,0.0,1.691,0.0
1784631816.6487858,0,0,81270,0,0.0,0.0,0.0,0.0,1.691,0.0
1784631816.6496437,0,0,81280,0,0.0,0.0,0.0,0.0,1.691,0.0
1784631816.650537,0,0,81290,0,0.0,0.0,0.0,0.0,1.691,0.0
1784631816.6514218,0,0,81300,0,0.0,0.0,0.0,0.0,1.691,0.0
1784631816.652291,0,0,81310,0,0.0,0.0,0.0,0.0,1.691,0.0
1784631816.6531372,0,0,81320,0,0.0,0.0,0.0,0.0,1.691,0.0
1784631816.6540356,0,0,81330,0,0.0,0.0,0.0,0.0,1.691,0.0
1784631816.6549716,0,0,81340,0,0.0,0.0,0.0,0.0,1.691,0.0
1784631816.6562018,0,0,81350,0,0.0,0.0,0.0,0.0,1.691,0.0
1784631816.6572044,0,0,81360,0,0.0,0.0,0.0,0.0,1.691,0.0
1784631816.6581066,0,0,81370,0,0.0,0.0,0.0,0.0,1.691,0.0
1784631816.659029,0,0,81380,0,0.0,0.0,0.0,0.0,1.691,0.0
1784631816.7745874,0,0,81390,0,0.0,0.0,0.0,0.0,1.691,0.0
1784631816.7756453,0,0,81400,0,0.0,0.0,0.0,0.0,1.691,0.0
1784631816.7765872,0,0,81410,0,0.0,0.0,0.0,0.0,1.691,0.0
1784631816.777564,0,0,81420,0,0.0,0.0,0.0,0.0,1.691,0.0
1784631816.778787,0,0,81430,0,0.0,0.0,0.0,0.0,1.691,0.0
1784631816.7801328,0,0,81440,0,0.0,0.0,0.0,0.0,1.691,0.0
1784631816.78116,0,0,81450,0,0.0,0.0,0.0,0.0,1.691,0.0
1784631816.7821581,0,0,81460,0,0.0,0.0,0.0,0.0,1.691,0.0
1784631816.7830982,0,0,81470,0,0.0,0.0,0.0,0.0,1.691,0.0
1784631816.784179,0,0,81480,0,0.0,0.0,0.0,0.0,1.691,0.0
1784631816.7853177,0,0,81490,0,0.0,0.0,0.0,0.0,1.691,0.0
1784631816.7862787,0,0,81500,0,0.0,0.0,0.0,0.0,1.691,0.0
1784631816.7872984,0,0,81510,0,0.0,0.0,0.0,0.0,1.691,0.0
1784631816.7883246,0,0,81520,0,0.0,0.0,0.0,0.0,1.691,0.0
1784631816.789302,0,0,81530,0,0.0,0.0,0.0,0.0,1.691,0.0
1784631816.790309,0,0,81540,0,0.0,0.0,0.0,0.0,1.691,0.0
1784631816.7916505,0,0,81550,0,0.0,0.0,0.0,0.0,1.691,0.0
1784631816.79352,0,0,81560,0,0.0,0.0,0.0,0.0,1.691,0.0
1784631816.7953703,0,0,81570,0,0.0,0.0,0.0,0.0,1.691,0.0
1784631816.9320745,0,0,81580,0,0.0,0.0,0.0,0.0,1.691,0.0
1784631816.933547,0,0,81590,0,0.0,0.0,0.0,0.0,1.691,0.0
1784631816.935068,0,0,81600,0,0.0,0.0,0.0,0.0,1.691,0.0
1784631816.9362748,0,0,81610,0,0.0,0.0,0.0,0.0,1.691,0.0
1784631816.9373078,0,0,81620,0,0.0,0.0,0.0,0.0,1.691,0.0
1784631816.9383266,0,0,81630,0,0.0,0.0,0.0,0.0,1.691,0.0
1784631816.9392967,0,0,81640,0,0.0,0.0,0.0,0.0,1.691,0.0
1784631816.9403512,0,0,81650,0,0.0,0.0,0.0,0.0,1.691,0.0
1784631816.9413087,0,0,81660,0,0.0,0.0,0.0,0.0,1.691,0.0
1784631816.9422848,0,0,81670,0,0.0,0.0,0.0,0.0,1.691,0.0
1784631816.9432383,0,0,81680,0,0.0,0.0,0.0,0.0,1.691,0.0
1784631816.944344,0,0,81690,0,0.0,0.0,0.0,0.0,1.692,0.0
1784631816.9453564,0,0,81700,0,0.0,0.0,0.0,0.0,1.692,0.0
1784631816.9463246,0,0,81710,0,0.0,0.0,0.0,0.0,1.692,0.0
1784631816.9472265,0,0,81720,0,0.0,0.0,0.0,0.0,1.692,0.0
1784631816.9495096,0,0,81730,0,0.0,0.0,0.0,0.0,1.692,0.0
1784631816.9515412,0,0,81740,0,0.0,0.0,0.0,0.0,1.692,0.0
1784631816.9753664,0,0,81750,0,0.0,0.0,0.0,0.0,1.692,0.0
1784631816.9774551,0,0,81760,0,0.0,0.0,0.0,0.0,1.692,0.0
1784631816.9819434,0,0,81770,0,0.0,0.0,0.0,0.0,1.692,0.0
1784631816.9849863,0,0,81780,0,0.0,0.0,0.0,0.0,1.692,0.0
1784631816.9939628,0,0,81790,0,0.0,0.0,0.0,0.0,1.692,0.0
1784631816.9954576,0,0,81800,0,0.0,0.0,0.0,0.0,1.692,0.0
1784631816.9969392,0,0,81810,0,0.0,0.0,0.0,0.0,1.692,0.0
1784631816.9997709,0,0,81820,0,0.0,0.0,0.0,0.0,1.692,0.0
1784631817.002936,0,0,81830,0,0.0,0.0,0.0,0.0,1.692,0.0
1784631817.148464,0,0,81840,0,0.0,0.0,0.0,0.0,1.692,0.0
1784631817.1505172,0,0,81850,0,0.0,0.0,0.0,0.0,1.692,0.0
1784631817.152561,0,0,81860,0,0.0,0.0,0.0,0.0,1.692,0.0
1784631817.1545181,0,0,81870,0,0.0,0.0,0.0,0.0,1.692,0.0
1784631817.156183,0,0,81880,0,0.0,0.0,0.0,0.0,1.692,0.0
1784631817.1572073,0,0,81890,0,0.0,0.0,0.0,0.0,1.692,0.0
1784631817.1583226,0,0,81900,0,0.0,0.0,0.0,0.0,1.692,0.0
1784631817.1593688,0,0,81910,0,0.0,0.0,0.0,0.0,1.692,0.0
1784631817.160291,0,0,81920,0,0.0,0.0,0.0,0.0,1.692,0.0
1784631817.1611562,0,0,81930,0,0.0,0.0,0.0,0.0,1.692,0.0
1784631817.1620207,0,0,81940,0,0.0,0.0,0.0,0.0,1.693,0.0
1784631817.1629431,0,0,81950,0,0.0,0.0,0.0,0.0,1.693,0.0
1784631817.1638083,0,0,81960,0,0.0,0.0,0.0,0.0,1.693,0.0
1784631817.1646693,0,0,81970,0,0.0,0.0,0.0,0.0,1.693,0.0
1784631817.1656888,0,0,81980,0,0.0,0.0,0.0,0.0,1.693,0.0
1784631817.167575,0,0,81990,0,0.0,0.0,0.0,0.0,1.693,0.0
1784631817.1711197,0,0,82000,0,0.0,0.0,0.0,0.0,1.693,0.0
1784631817.1732287,0,0,82010,0,0.0,0.0,0.0,0.0,1.693,0.0
1784631817.1744082,0,0,82020,0,0.0,0.0,0.0,0.0,1.693,0.0
1784631817.175504,0,0,82030,0,0.0,0.0,0.0,0.0,1.693,0.0
1784631817.1764219,0,0,82040,0,0.0,0.0,0.0,0.0,1.693,0.0
1784631817.1772802,0,0,82050,0,0.0,0.0,0.0,0.0,1.693,0.0
1784631817.1781154,0,0,82060,0,0.0,0.0,0.0,0.0,1.693,0.0
1784631817.1789603,0,0,82070,0,0.0,0.0,0.0,0.0,1.693,0.0
1784631817.179907,0,0,82080,0,0.0,0.0,0.0,0.0,1.693,0.0
1784631817.1809509,0,0,82090,0,0.0,0.0,0.0,0.0,1.693,0.0
1784631817.1818895,0,0,82100,0,0.0,0.0,0.0,0.0,1.693,0.0
1784631817.1828387,0,0,82110,0,0.0,0.0,0.0,0.0,1.693,0.0
1784631817.184055,0,0,82120,0,0.0,0.0,0.0,0.0,1.693,0.0
1784631817.1851597,0,0,82130,0,0.0,0.0,0.0,0.0,1.693,0.0
1784631817.1861,0,0,82140,0,0.0,0.0,0.0,0.0,1.694,0.0
1784631817.1869931,0,0,82150,0,0.0,0.0,0.0,0.0,1.694,0.0
1784631817.1879766,0,0,82160,0,0.0,0.0,0.0,0.0,1.694,0.0
1784631817.1889343,0,0,82170,0,0.0,0.0,0.0,0.0,1.694,0.0
1784631817.1899235,0,0,82180,0,0.0,0.0,0.0,0.0,1.694,0.0
1784631817.1908908,0,0,82190,0,0.0,0.0,0.0,0.0,1.694,0.0
1784631817.1918414,0,0,82200,0,0.0,0.0,0.0,0.0,1.694,0.0
1784631817.1928017,0,0,82210,0,0.0,0.0,0.0,0.0,1.694,0.0
1784631817.3193808,0,0,82220,0,0.0,0.0,0.0,0.0,1.694,0.0
1784631817.320829,0,0,82230,0,0.0,0.0,0.0,0.0,1.694,0.0
1784631817.3224692,0,0,82240,0,0.0,0.0,0.0,0.0,1.694,0.0
1784631817.3244877,0,0,82250,0,0.0,0.0,0.0,0.0,1.694,0.0
1784631817.326498,0,0,82260,0,0.0,0.0,0.0,0.0,1.694,0.0
1784631817.3276825,0,0,82270,0,0.0,0.0,0.0,0.0,1.694,0.0
1784631817.3287265,0,0,82280,0,0.0,0.0,0.0,0.0,1.694,0.0
1784631817.3298855,0,0,82290,0,0.0,0.0,0.0,0.0,1.694,0.0
1784631817.33087,0,0,82300,0,0.0,0.0,0.0,0.0,1.694,0.0
1784631817.3319232,0,0,82310,0,0.0,0.0,0.0,0.0,1.695,0.0
1784631817.3329911,0,0,82320,0,0.0,0.0,0.0,0.0,1.695,0.0
1784631817.3339262,0,0,82330,0,0.0,0.0,0.0,0.0,1.695,0.0
1784631817.3352933,0,0,82340,0,0.0,0.0,0.0,0.0,1.695,0.0
1784631817.3363054,0,0,82350,0,0.0,0.0,0.0,0.0,1.695,0.0
1784631817.3374271,0,0,82360,0,0.0,0.0,0.0,0.0,1.695,0.0
1784631817.3384051,0,0,82370,0,0.0,0.0,0.0,0.0,1.695,0.0
1784631817.339547,0,0,82380,0,0.0,0.0,0.0,0.0,1.695,0.0
1784631817.3406925,0,0,82390,0,0.0,0.0,0.0,0.0,1.695,0.0
1784631817.3419914,0,0,82400,0,0.0,0.0,0.0,0.0,1.695,0.0
1784631817.3431714,0,0,82410,0,0.0,0.0,0.0,0.0,1.695,0.0
1784631817.344351,0,0,82420,0,0.0,0.0,0.0,0.0,1.695,0.0
1784631817.345478,0,0,82430,0,0.0,0.0,0.0,0.0,1.695,0.0
1784631817.3465054,0,0,82440,0,0.0,0.0,0.0,0.0,1.695,0.0
1784631817.3474417,0,0,82450,0,0.0,0.0,0.0,0.0,1.695,0.0
1784631817.3484116,0,0,82460,0,0.0,0.0,0.0,0.0,1.696,0.0
1784631817.3493416,0,0,82470,0,0.0,0.0,0.0,0.0,1.696,0.0
1784631817.3510447,0,0,82480,0,0.0,0.0,0.0,0.0,1.696,0.0
1784631817.3523378,0,0,82490,0,0.0,0.0,0.0,0.0,1.696,0.0
1784631817.353454,0,0,82500,0,0.0,0.0,0.0,0.0,1.696,0.0
1784631817.3663013,0,0,82510,0,0.0,0.0,0.0,0.0,1.696,0.0
1784631817.3682775,0,0,82520,0,0.0,0.0,0.0,0.0,1.696,0.0
1784631817.369497,0,0,82530,0,0.0,0.0,0.0,0.0,1.696,0.0
1784631817.3706796,0,0,82540,0,0.0,0.0,0.0,0.0,1.696,0.0
1784631817.3718224,0,0,82550,0,0.0,0.0,0.0,0.0,1.696,0.0
1784631817.3740597,0,0,82560,0,0.0,0.0,0.0,0.0,1.696,0.0
1784631817.375611,0,0,82570,0,0.0,0.0,0.0,0.0,1.696,0.0
1784631817.3767774,0,0,82580,0,0.0,0.0,0.0,0.0,1.696,0.0
1784631817.3777704,0,0,82590,0,0.0,0.0,0.0,0.0,1.696,0.0
1784631817.3786852,0,0,82600,0,0.0,0.0,0.0,0.0,1.697,0.0
1784631817.3795738,0,0,82610,0,0.0,0.0,0.0,0.0,1.697,0.0
1784631817.5038214,0,0,82620,0,0.0,0.0,0.0,0.0,1.697,0.0
1784631817.5052218,0,0,82630,0,0.0,0.0,0.0,0.0,1.697,0.0
1784631817.5062504,0,0,82640,0,0.0,0.0,0.0,0.0,1.697,0.0
1784631817.5072498,0,0,82650,0,0.0,0.0,0.0,0.0,1.697,0.0
1784631817.5082114,0,0,82660,0,0.0,0.0,0.0,0.0,1.697,0.0
1784631817.509547,0,0,82670,0,0.0,0.0,0.0,0.0,1.697,0.0
1784631817.5121064,0,0,82680,0,0.0,0.0,0.0,0.0,1.697,0.0
1784631817.5151935,0,0,82690,0,0.0,0.0,0.0,0.0,1.697,0.0
1784631817.516829,0,0,82700,0,0.0,0.0,0.0,0.0,1.697,0.0
1784631817.5179377,0,0,82710,0,0.0,0.0,0.0,0.0,1.697,0.0
1784631817.5189552,0,0,82720,0,0.0,0.0,0.0,0.0,1.697,0.0
1784631817.520765,0,0,82730,0,0.0,0.0,0.0,0.0,1.698,0.0
1784631817.5227754,0,0,82740,0,0.0,0.0,0.0,0.0,1.698,0.0
1784631817.5256736,0,0,82750,0,0.0,0.0,0.0,0.0,1.698,0.0
1784631817.5278454,0,0,82760,0,0.0,0.0,0.0,0.0,1.698,0.0
1784631817.528922,0,0,82770,0,0.0,0.0,0.0,0.0,1.698,0.0
1784631817.5318005,0,0,82780,0,0.0,0.0,0.0,0.0,1.698,0.0
1784631817.533208,0,0,82790,0,0.0,0.0,0.0,0.0,1.698,0.0
1784631817.5342758,0,0,82800,0,0.0,0.0,0.0,0.0,1.698,0.0
1784631817.5354369,0,0,82810,0,0.0,0.0,0.0,0.0,1.698,0.0
1784631817.5369225,0,0,82820,0,0.0,0.0,0.0,0.0,1.698,0.0
1784631817.5388246,0,0,82830,0,0.0,0.0,0.0,0.0,1.698,0.0
1784631817.5505514,0,0,82840,0,0.0,0.0,0.0,0.0,1.698,0.0
1784631817.5531065,0,0,82850,0,0.0,0.0,0.0,0.0,1.699,0.0
1784631817.5648153,0,0,82860,0,0.0,0.0,0.0,0.0,1.699,0.0
1784631817.5682466,0,0,82870,0,0.0,0.0,0.0,0.0,1.699,0.0
1784631817.5710697,0,0,82880,0,0.0,0.0,0.0,0.0,1.699,0.0
1784631817.581741,0,0,82890,0,0.0,0.0,0.0,0.0,1.699,0.0
1784631817.7101183,0,0,82900,0,0.0,0.0,0.0,0.0,1.699,0.0
1784631817.7149806,0,0,82910,0,0.0,0.0,0.0,0.0,1.699,0.0
1784631817.7171166,0,0,82920,0,0.0,0.0,0.0,0.0,1.699,0.0
1784631817.7189558,0,0,82930,0,0.0,0.0,0.0,0.0,1.699,0.0
1784631817.7222,0,0,82940,0,0.0,0.0,0.0,0.0,1.699,0.0
1784631817.7275758,0,0,82950,0,0.0,0.0,0.0,0.0,1.699,0.0
1784631817.7325323,0,0,82960,0,0.0,0.0,0.0,0.0,1.699,0.0
1784631817.7359428,0,0,82970,0,0.0,0.0,0.0,0.0,1.7,0.0
1784631817.7373965,0,0,82980,0,0.0,0.0,0.0,0.0,1.7,0.0
1784631817.7392313,0,0,82990,0,0.0,0.0,0.0,0.0,1.7,0.0
1784631817.740648,0,0,83000,0,0.0,0.0,0.0,0.0,1.7,0.0
1784631817.7416735,0,0,83010,0,0.0,0.0,0.0,0.0,1.7,0.0
1784631817.7433436,0,0,83020,0,0.0,0.0,0.0,0.0,1.7,0.0
1784631817.7449486,0,0,83030,0,0.0,0.0,0.0,0.0,1.7,0.0
1784631817.7460873,0,0,83040,0,0.0,0.0,0.0,0.0,1.7,0.0
1784631817.7486777,0,0,83050,0,0.0,0.0,0.0,0.0,1.7,0.0
1784631817.7500541,0,0,83060,0,0.0,0.0,0.0,0.0,1.7,0.0
1784631817.7523525,0,0,83070,0,0.0,0.0,0.0,0.0,1.701,0.0
1784631817.7591012,0,0,83080,0,0.0,0.0,0.0,0.0,1.701,0.0
1784631817.7676096,0,0,83090,0,0.0,0.0,0.0,0.0,1.701,0.0
1784631817.7701554,0,0,83100,0,0.0,0.0,0.0,0.0,1.701,0.0
1784631817.7716534,0,0,83110,0,0.0,0.0,0.0,0.0,1.701,0.0
1784631817.7730565,0,0,83120,0,0.0,0.0,0.0,0.0,1.701,0.0
1784631817.7755244,0,0,83130,0,0.0,0.0,0.0,0.0,1.701,0.0
1784631817.7787895,0,0,83140,0,0.0,0.0,0.0,0.0,1.701,0.0
1784631817.7817316,0,0,83150,0,0.0,0.0,0.0,0.0,1.701,0.0
1784631817.7851975,0,0,83160,0,0.0,0.0,0.0,0.0,1.701,0.0
1784631817.7883964,0,0,83170,0,0.0,0.0,0.0,0.0,1.702,0.0
1784631817.7936277,0,0,83180,0,0.0,0.0,0.0,0.0,1.702,0.0
1784631817.7975862,0,0,83190,0,0.0,0.0,0.0,0.0,1.702,0.0
1784631817.8006513,0,0,83200,0,0.0,0.0,0.0,0.0,1.702,0.0
1784631817.9154263,0,0,83210,0,0.0,0.0,0.0,0.0,1.702,0.0
1784631817.9257393,0,0,83220,0,0.0,0.0,0.0,0.0,1.702,0.0
1784631817.9286916,0,0,83230,0,0.0,0.0,0.0,0.0,1.702,0.0
1784631817.9323103,0,0,83240,0,0.0,0.0,0.0,0.0,1.702,0.0
1784631817.934348,0,0,83250,0,0.0,0.0,0.0,0.0,1.702,0.0
1784631817.938626,0,0,83260,0,0.0,0.0,0.0,0.0,1.703,0.0
1784631817.9433362,0,0,83270,0,0.0,0.0,0.0,0.0,1.703,0.0
1784631817.9452875,0,0,83280,0,0.0,0.0,0.0,0.0,1.703,0.0
1784631817.9489598,0,0,83290,0,0.0,0.0,0.0,0.0,1.703,0.0
1784631817.951324,0,0,83300,0,0.0,0.0,0.0,0.0,1.703,0.0
1784631817.9561377,0,0,83310,0,0.0,0.0,0.0,0.0,1.703,0.0
1784631817.9606245,0,0,83320,0,0.0,0.0,0.0,0.0,1.703,0.0
1784631817.9638326,0,0,83330,0,0.0,0.0,0.0,0.0,1.703,0.0
1784631817.9661555,0,0,83340,0,0.0,0.0,0.0,0.0,1.703,0.0
1784631817.9704435,0,0,83350,0,0.0,0.0,0.0,0.0,1.704,0.0
1784631817.9755292,0,0,83360,0,0.0,0.0,0.0,0.0,1.704,0.0
1784631817.977889,0,0,83370,0,0.0,0.0,0.0,0.0,1.704,0.0
1784631817.99609,0,0,83380,0,0.0,0.0,0.0,0.0,1.704,0.0
1784631818.0012789,0,0,83390,0,0.0,0.0,0.0,0.0,1.704,0.0
1784631818.010001,0,0,83400,0,0.0,0.0,0.0,0.0,1.704,0.0
1784631818.0331125,0,0,83410,0,0.0,0.0,0.0,0.0,1.704,0.0
1784631818.037197,0,0,83420,0,0.0,0.0,0.0,0.0,1.704,0.0
1784631818.0447736,0,0,83430,0,0.0,0.0,0.0,0.0,1.705,0.0
1784631818.0491185,0,0,83440,0,0.0,0.0,0.0,0.0,1.705,0.0
1784631818.0538263,0,0,83450,0,0.0,0.0,0.0,0.0,1.705,0.0
1784631818.0608408,0,0,83460,0,0.0,0.0,0.0,0.0,1.705,0.0
1784631818.0658615,0,0,83470,0,0.0,0.0,0.0,0.0,1.705,0.0
1784631818.070921,0,0,83480,0,0.0,0.0,0.0,0.0,1.705,0.0
1784631818.0801704,0,0,83490,0,0.0,0.0,0.0,0.0,1.705,0.0
1784631818.0847154,0,0,83500,0,0.0,0.0,0.0,0.0,1.705,0.0
1784631818.0872948,0,0,83510,0,0.0,0.0,0.0,0.0,1.705,0.0
1784631818.0935445,0,0,83520,0,0.0,0.0,0.0,0.0,1.706,0.0
1784631818.0958266,0,0,83530,0,0.0,0.0,0.0,0.0,1.706,0.0
1784631818.0996392,0,0,83540,0,0.0,0.0,0.0,0.0,1.706,0.0
1784631818.1016195,0,0,83550,0,0.0,0.0,0.0,0.0,1.706,0.0
1784631818.1039493,0,0,83560,0,0.0,0.0,0.0,0.0,1.706,0.0
1784631818.108542,0,0,83570,0,0.0,0.0,0.0,0.0,1.706,0.0
1784631818.219297,0,0,83580,0,0.0,0.0,0.0,0.0,1.706,0.0
1784631818.2230556,0,0,83590,0,0.0,0.0,0.0,0.0,1.706,0.0
1784631818.226305,0,0,83600,0,0.0,0.0,0.0,0.0,1.707,0.0
1784631818.2285056,0,0,83610,0,0.0,0.0,0.0,0.0,1.707,0.0
1784631818.233553,0,0,83620,0,0.0,0.0,0.0,0.0,1.707,0.0
1784631818.2349145,0,0,83630,0,0.0,0.0,0.0,0.0,1.707,0.0
1784631818.236075,0,0,83640,0,0.0,0.0,0.0,0.0,1.707,0.0
1784631818.23923,0,0,83650,0,0.0,0.0,0.0,0.0,1.707,0.0
1784631818.241805,0,0,83660,0,0.0,0.0,0.0,0.0,1.707,0.0
1784631818.2445014,0,0,83670,0,0.0,0.0,0.0,0.0,1.707,0.0
1784631818.247395,0,0,83680,0,0.0,0.0,0.0,0.0,1.708,0.0
1784631818.2487733,0,0,83690,0,0.0,0.0,0.0,0.0,1.708,0.0
1784631818.249803,0,0,83700,0,0.0,0.0,0.0,0.0,1.708,0.0
1784631818.2508001,0,0,83710,0,0.0,0.0,0.0,0.0,1.708,0.0
1784631818.252064,0,0,83720,0,0.0,0.0,0.0,0.0,1.708,0.0
1784631818.253518,0,0,83730,0,0.0,0.0,0.0,0.0,1.708,0.0
1784631818.2565985,0,0,83740,0,0.0,0.0,0.0,0.0,1.708,0.0
1784631818.2582557,0,0,83750,0,0.0,0.0,0.0,0.0,1.709,0.0
1784631818.2621875,0,0,83760,0,0.0,0.0,0.0,0.0,1.709,0.0
1784631818.2668548,0,0,83770,0,0.0,0.0,0.0,0.0,1.709,0.0
1784631818.270057,0,0,83780,0,0.0,0.0,0.0,0.0,1.709,0.0
1784631818.2715747,0,0,83790,0,0.0,0.0,0.0,0.0,1.709,0.0
1784631818.2773814,0,0,83800,0,0.0,0.0,0.0,0.0,1.709,0.0
1784631818.2794642,0,0,83810,0,0.0,0.0,0.0,0.0,1.709,0.0
1784631818.2877977,0,0,83820,0,0.0,0.0,0.0,0.0,1.71,0.0
1784631818.295093,0,0,83830,0,0.0,0.0,0.0,0.0,1.71,0.0
1784631818.2976177,0,0,83840,0,0.0,0.0,0.0,0.0,1.71,0.0
1784631818.2993128,0,0,83850,0,0.0,0.0,0.0,0.0,1.71,0.0
1784631818.3007073,0,0,83860,0,0.0,0.0,0.0,0.0,1.71,0.0
1784631818.3031332,0,0,83870,0,0.0,0.0,0.0,0.0,1.71,0.0
1784631818.305653,0,0,83880,0,0.0,0.0,0.0,0.0,1.71,0.0
1784631818.3140066,0,0,83890,0,0.0,0.0,0.0,0.0,1.711,0.0
1784631818.315995,0,0,83900,0,0.0,0.0,0.0,0.0,1.711,0.0
1784631818.3173127,0,0,83910,0,0.0,0.0,0.0,0.0,1.711,0.0
1784631818.3183987,0,0,83920,0,0.0,0.0,0.0,0.0,1.711,0.0
1784631818.3199425,0,0,83930,0,0.0,0.0,0.0,0.0,1.711,0.0
1784631818.3235676,0,0,83940,0,0.0,0.0,0.0,0.0,1.711,0.0
1784631818.326817,0,0,83950,0,0.0,0.0,0.0,0.0,1.711,0.0
1784631818.328142,0,0,83960,0,0.0,0.0,0.0,0.0,1.712,0.0
1784631818.329239,0,0,83970,0,0.0,0.0,0.0,0.0,1.712,0.0
1784631818.3301926,0,0,83980,0,0.0,0.0,0.0,0.0,1.712,0.0
1784631818.3312762,0,0,83990,0,0.0,0.0,0.0,0.0,1.712,0.0
1784631818.3321967,0,0,84000,0,0.0,0.0,0.0,0.0,1.712,0.0
1784631818.3330958,0,0,84010,0,0.0,0.0,0.0,0.0,1.712,0.0
1784631818.3340096,0,0,84020,0,0.0,0.0,0.0,0.0,1.712,0.0
1784631818.3349185,0,0,84030,0,0.0,0.0,0.0,0.0,1.713,0.0
1784631818.3358479,0,0,84040,0,0.0,0.0,0.0,0.0,1.713,0.0
1784631818.336764,0,0,84050,0,0.0,0.0,0.0,0.0,1.713,0.0
1784631818.4527645,0,0,84060,0,0.0,0.0,0.0,0.0,1.713,0.0
1784631818.4542813,0,0,84070,0,0.0,0.0,0.0,0.0,1.713,0.0
1784631818.455999,0,0,84080,0,0.0,0.0,0.0,0.0,1.713,0.0
1784631818.4578924,0,0,84090,0,0.0,0.0,0.0,0.0,1.713,0.0
1784631818.4592223,0,0,84100,0,0.0,0.0,0.0,0.0,1.714,0.0
1784631818.4603155,0,0,84110,0,0.0,0.0,0.0,0.0,1.714,0.0
1784631818.4613626,0,0,84120,0,0.0,0.0,0.0,0.0,1.714,0.0
1784631818.4627597,0,0,84130,0,0.0,0.0,0.0,0.0,1.714,0.0
1784631818.4641323,0,0,84140,0,0.0,0.0,0.0,0.0,1.714,0.0
1784631818.4652698,0,0,84150,0,0.0,0.0,0.0,0.0,1.714,0.0
1784631818.4663124,0,0,84160,0,0.0,0.0,0.0,0.0,1.715,0.0
1784631818.4673257,0,0,84170,0,0.0,0.0,0.0,0.0,1.715,0.0
1784631818.4686527,0,0,84180,0,0.0,0.0,0.0,0.0,1.715,0.0
1784631818.470038,0,0,84190,0,0.0,0.0,0.0,0.0,1.715,0.0
1784631818.4715397,0,0,84200,0,0.0,0.0,0.0,0.0,1.715,0.0
1784631818.4727647,0,0,84210,0,0.0,0.0,0.0,0.0,1.715,0.0
1784631818.473779,0,0,84220,0,0.0,0.0,0.0,0.0,1.716,0.0
1784631818.4747975,0,0,84230,0,0.0,0.0,0.0,0.0,1.716,0.0
1784631818.4757817,0,0,84240,0,0.0,0.0,0.0,0.0,1.716,0.0
1784631818.476759,0,0,84250,0,0.0,0.0,0.0,0.0,1.716,0.0
1784631818.4777474,0,0,84260,0,0.0,0.0,0.0,0.0,1.716,0.0
1784631818.4794836,0,0,84270,0,0.0,0.0,0.0,0.0,1.716,0.0
1784631818.4822607,0,0,84280,0,0.0,0.0,0.0,0.0,1.716,0.0
1784631818.483835,0,0,84290,0,0.0,0.0,0.0,0.0,1.717,0.0
1784631818.4851792,0,0,84300,0,0.0,0.0,0.0,0.0,1.717,0.0
1784631818.4872243,0,0,84310,0,0.0,0.0,0.0,0.0,1.717,0.0
1784631818.49028,0,0,84320,0,0.0,0.0,0.0,0.0,1.717,0.0
1784631818.4920874,0,0,84330,0,0.0,0.0,0.0,0.0,1.717,0.0
1784631818.4945638,0,0,84340,0,0.0,0.0,0.0,0.0,1.717,0.0
1784631818.4973915,0,0,84350,0,0.0,0.0,0.0,0.0,1.718,0.0
1784631818.5061462,0,0,84360,0,0.0,0.0,0.0,0.0,1.718,0.0
1784631818.5081294,0,0,84370,0,0.0,0.0,0.0,0.0,1.718,0.0
1784631818.5094934,0,0,84380,0,0.0,0.0,0.0,0.0,1.718,0.0
1784631818.512652,0,0,84390,0,0.0,0.0,0.0,0.0,1.718,0.0
1784631818.5143404,0,0,84400,0,0.0,0.0,0.0,0.0,1.718,0.0
1784631818.515577,0,0,84410,0,0.0,0.0,0.0,0.0,1.719,0.0
1784631818.6379294,0,0,84420,0,0.0,0.0,0.0,0.0,1.719,0.0
1784631818.6393707,0,0,84430,0,0.0,0.0,0.0,0.0,1.719,0.0
1784631818.6409843,0,0,84440,0,0.0,0.0,0.0,0.0,1.719,0.0
1784631818.6421793,0,0,84450,0,0.0,0.0,0.0,0.0,1.719,0.0
1784631818.6434636,0,0,84460,0,0.0,0.0,0.0,0.0,1.72,0.0
1784631818.64457,0,0,84470,0,0.0,0.0,0.0,0.0,1.72,0.0
1784631818.6455886,0,0,84480,0,0.0,0.0,0.0,0.0,1.72,0.0
1784631818.646585,0,0,84490,0,0.0,0.0,0.0,0.0,1.72,0.0
1784631818.6476176,0,0,84500,0,0.0,0.0,0.0,0.0,1.72,0.0
1784631818.6486328,0,0,84510,0,0.0,0.0,0.0,0.0,1.72,0.0
1784631818.6496396,0,0,84520,0,0.0,0.0,0.0,0.0,1.721,0.0
1784631818.6515403,0,0,84530,0,0.0,0.0,0.0,0.0,1.721,0.0
1784631818.6528106,0,0,84540,0,0.0,0.0,0.0,0.0,1.721,0.0
1784631818.6548734,0,0,84550,0,0.0,0.0,0.0,0.0,1.721,0.0
1784631818.6616058,0,0,84560,0,0.0,0.0,0.0,0.0,1.721,0.0
1784631818.665011,0,0,84570,0,0.0,0.0,0.0,0.0,1.721,0.0
1784631818.6683948,0,0,84580,0,0.0,0.0,0.0,0.0,1.722,0.0
1784631818.6709137,0,0,84590,0,0.0,0.0,0.0,0.0,1.722,0.0
1784631818.6737165,0,0,84600,0,0.0,0.0,0.0,0.0,1.722,0.0
1784631818.675231,0,0,84610,0,0.0,0.0,0.0,0.0,1.722,0.0
1784631818.6765752,0,0,84620,0,0.0,0.0,0.0,0.0,1.722,0.0
1784631818.6779664,0,0,84630,0,0.0,0.0,0.0,0.0,1.723,0.0
1784631818.6792426,0,0,84640,0,0.0,0.0,0.0,0.0,1.723,0.0
1784631818.6805365,0,0,84650,0,0.0,0.0,0.0,0.0,1.723,0.0
1784631818.682734,0,0,84660,0,0.0,0.0,0.0,0.0,1.723,0.0
1784631818.684454,0,0,84670,0,0.0,0.0,0.0,0.0,1.723,0.0
1784631818.6859248,0,0,84680,0,0.0,0.0,0.0,0.0,1.723,0.0
1784631818.6870823,0,0,84690,0,0.0,0.0,0.0,0.0,1.724,0.0
1784631818.7955437,0,0,84700,0,0.0,0.0,0.0,0.0,1.724,0.0
1784631818.796959,0,0,84710,0,0.0,0.0,0.0,0.0,1.724,0.0
1784631818.798101,0,0,84720,0,0.0,0.0,0.0,0.0,1.724,0.0
1784631818.7991831,0,0,84730,0,0.0,0.0,0.0,0.0,1.724,0.0
1784631818.800468,0,0,84740,0,0.0,0.0,0.0,0.0,1.725,0.0
1784631818.8015602,0,0,84750,0,0.0,0.0,0.0,0.0,1.725,0.0
1784631818.8025663,0,0,84760,0,0.0,0.0,0.0,0.0,1.725,0.0
1784631818.803534,0,0,84770,0,0.0,0.0,0.0,0.0,1.725,0.0
1784631818.8047228,0,0,84780,0,0.0,0.0,0.0,0.0,1.725,0.0
1784631818.8059664,0,0,84790,0,0.0,0.0,0.0,0.0,1.726,0.0
1784631818.8071012,0,0,84800,0,0.0,0.0,0.0,0.0,1.726,0.0
1784631818.80824,0,0,84810,0,0.0,0.0,0.0,0.0,1.726,0.0
1784631818.8094258,0,0,84820,0,0.0,0.0,0.0,0.0,1.726,0.0
1784631818.8104935,0,0,84830,0,0.0,0.0,0.0,0.0,1.726,0.0
1784631818.8115797,0,0,84840,0,0.0,0.0,0.0,0.0,1.727,0.0
1784631818.8125024,0,0,84850,0,0.0,0.0,0.0,0.0,1.727,0.0
1784631818.8134065,0,0,84860,0,0.0,0.0,0.0,0.0,1.727,0.0
1784631818.8144062,0,0,84870,0,0.0,0.0,0.0,0.0,1.727,0.0
1784631818.815307,0,0,84880,0,0.0,0.0,0.0,0.0,1.727,0.0
1784631818.8162704,0,0,84890,0,0.0,0.0,0.0,0.0,1.728,0.0
1784631818.8171904,0,0,84900,0,0.0,0.0,0.0,0.0,1.728,0.0
1784631818.9284415,0,0,84910,0,0.0,0.0,0.0,0.0,1.728,0.0
1784631818.9301937,0,0,84920,0,0.0,0.0,0.0,0.0,1.728,0.0
1784631818.9313378,0,0,84930,0,0.0,0.0,0.0,0.0,1.728,0.0
1784631818.9323907,0,0,84940,0,0.0,0.0,0.0,0.0,1.729,0.0
1784631818.9334462,0,0,84950,0,0.0,0.0,0.0,0.0,1.729,0.0
1784631818.9345748,0,0,84960,0,0.0,0.0,0.0,0.0,1.729,0.0
1784631818.9355264,0,0,84970,0,0.0,0.0,0.0,0.0,1.729,0.0
1784631818.9364984,0,0,84980,0,0.0,0.0,0.0,0.0,1.729,0.0
1784631818.937436,0,0,84990,0,0.0,0.0,0.0,0.0,1.73,0.0
1784631818.9385087,0,0,85000,0,0.0,0.0,0.0,0.0,1.73,0.0
1784631818.9394639,0,0,85010,0,0.0,0.0,0.0,0.0,1.73,0.0
1784631818.9403992,0,0,85020,0,0.0,0.0,0.0,0.0,1.73,0.0
1784631818.9413636,0,0,85030,0,0.0,0.0,0.0,0.0,1.73,0.0
1784631818.9424434,0,0,85040,0,0.0,0.0,0.0,0.0,1.731,0.0
1784631818.9439387,0,0,85050,0,0.0,0.0,0.0,0.0,1.731,0.0
1784631818.9452264,0,0,85060,0,0.0,0.0,0.0,0.0,1.731,0.0
1784631818.9464557,0,0,85070,0,0.0,0.0,0.0,0.0,1.731,0.0
1784631818.9481263,0,0,85080,0,0.0,0.0,0.0,0.0,1.732,0.0
1784631818.9503047,0,0,85090,0,0.0,0.0,0.0,0.0,1.732,0.0
1784631818.9515707,0,0,85100,0,0.0,0.0,0.0,0.0,1.732,0.0
1784631818.9526205,0,0,85110,0,0.0,0.0,0.0,0.0,1.732,0.0
1784631818.9536,0,0,85120,0,0.0,0.0,0.0,0.0,1.732,0.0
1784631818.9546428,0,0,85130,0,0.0,0.0,0.0,0.0,1.733,0.0
1784631818.9556005,0,0,85140,0,0.0,0.0,0.0,0.0,1.733,0.0
1784631818.956602,0,0,85150,0,0.0,0.0,0.0,0.0,1.733,0.0
1784631818.9575577,0,0,85160,0,0.0,0.0,0.0,0.0,1.733,0.0
1784631819.0619805,0,0,85170,0,0.0,0.0,0.0,0.0,1.733,0.0
1784631819.0632482,0,0,85180,0,0.0,0.0,0.0,0.0,1.734,0.0
1784631819.064273,0,0,85190,0,0.0,0.0,0.0,0.0,1.734,0.0
1784631819.065251,0,0,85200,0,0.0,0.0,0.0,0.0,1.734,0.0
1784631819.0663855,0,0,85210,0,0.0,0.0,0.0,0.0,1.734,0.0
1784631819.067553,0,0,85220,0,0.0,0.0,0.0,0.0,1.735,0.0
1784631819.0685503,0,0,85230,0,0.0,0.0,0.0,0.0,1.735,0.0
1784631819.0695283,0,0,85240,0,0.0,0.0,0.0,0.0,1.735,0.0
1784631819.0706158,0,0,85250,0,0.0,0.0,0.0,0.0,1.735,0.0
1784631819.071762,0,0,85260,0,0.0,0.0,0.0,0.0,1.735,0.0
1784631819.0738523,0,0,85270,0,0.0,0.0,0.0,0.0,1.736,0.0
1784631819.0757055,0,0,85280,0,0.0,0.0,0.0,0.0,1.736,0.0
1784631819.0768855,0,0,85290,0,0.0,0.0,0.0,0.0,1.736,0.0
1784631819.1920278,0,0,85300,0,0.0,0.0,0.0,0.0,1.736,0.0
1784631819.1952167,0,0,85310,0,0.0,0.0,0.0,0.0,1.737,0.0
1784631819.197158,0,0,85320,0,0.0,0.0,0.0,0.0,1.737,0.0
1784631819.200334,0,0,85330,0,0.0,0.0,0.0,0.0,1.737,0.0
1784631819.2024772,0,0,85340,0,0.0,0.0,0.0,0.0,1.737,0.0
1784631819.203967,0,0,85350,0,0.0,0.0,0.0,0.0,1.737,0.0
1784631819.2054873,0,0,85360,0,0.0,0.0,0.0,0.0,1.738,0.0
1784631819.2068558,0,0,85370,0,0.0,0.0,0.0,0.0,1.738,0.0
1784631819.2080116,0,0,85380,0,0.0,0.0,0.0,0.0,1.738,0.0
1784631819.2092347,0,0,85390,0,0.0,0.0,0.0,0.0,1.738,0.0
1784631819.2103586,0,0,85400,0,0.0,0.0,0.0,0.0,1.739,0.0
1784631819.2114623,0,0,85410,0,0.0,0.0,0.0,0.0,1.739,0.0
1784631819.3178403,0,0,85420,0,0.0,0.0,0.0,0.0,1.739,0.0
1784631819.3195913,0,0,85430,0,0.0,0.0,0.0,0.0,1.739,0.0
1784631819.32136,0,0,85440,0,0.0,0.0,0.0,0.0,1.74,0.0
1784631819.3233225,0,0,85450,0,0.0,0.0,0.0,0.0,1.74,0.0
1784631819.3256037,0,0,85460,0,0.0,0.0,0.0,0.0,1.74,0.0
1784631819.327426,0,0,85470,0,0.0,0.0,0.0,0.0,1.74,0.0
1784631819.329208,0,0,85480,0,0.0,0.0,0.0,0.0,1.741,0.0
1784631819.3304996,0,0,85490,0,0.0,0.0,0.0,0.0,1.741,0.0
1784631819.3318899,0,0,85500,0,0.0,0.0,0.0,0.0,1.741,0.0
1784631819.3329413,0,0,85510,0,0.0,0.0,0.0,0.0,1.741,0.0
1784631819.3339136,0,0,85520,0,0.0,0.0,0.0,0.0,1.742,0.0
1784631819.3348563,0,0,85530,0,0.0,0.0,0.0,0.0,1.742,0.0
1784631819.3358424,0,0,85540,0,0.0,0.0,0.0,0.0,1.742,0.0
1784631819.3367987,0,0,85550,0,0.0,0.0,0.0,0.0,1.742,0.0
1784631819.33782,0,0,85560,0,0.0,0.0,0.0,0.0,1.743,0.0
1784631819.3387413,0,0,85570,0,0.0,0.0,0.0,0.0,1.743,0.0
1784631819.3398921,0,0,85580,0,0.0,0.0,0.0,0.0,1.743,0.0
1784631819.3408225,0,0,85590,0,0.0,0.0,0.0,0.0,1.743,0.0
1784631819.341744,0,0,85600,0,0.0,0.0,0.0,0.0,1.744,0.0
1784631819.342665,0,0,85610,0,0.0,0.0,0.0,0.0,1.744,0.0
1784631819.3441753,0,0,85620,0,0.0,0.0,0.0,0.0,1.744,0.0
1784631819.4529612,0,0,85630,0,0.0,0.0,0.0,0.0,1.744,0.0
1784631819.4541814,0,0,85640,0,0.0,0.0,0.0,0.0,1.745,0.0
1784631819.4554493,0,0,85650,0,0.0,0.0,0.0,0.0,1.745,0.0
1784631819.456617,0,0,85660,0,0.0,0.0,0.0,0.0,1.745,0.0
1784631819.4576762,0,0,85670,0,0.0,0.0,0.0,0.0,1.745,0.0
1784631819.4592326,0,0,85680,0,0.0,0.0,0.0,0.0,1.746,0.0
1784631819.4608624,0,0,85690,0,0.0,0.0,0.0,0.0,1.746,0.0
1784631819.4620516,0,0,85700,0,0.0,0.0,0.0,0.0,1.746,0.0
1784631819.46317,0,0,85710,0,0.0,0.0,0.0,0.0,1.746,0.0
1784631819.4642775,0,0,85720,0,0.0,0.0,0.0,0.0,1.747,0.0
1784631819.4653249,0,0,85730,0,0.0,0.0,0.0,0.0,1.747,0.0
1784631819.466755,0,0,85740,0,0.0,0.0,0.0,0.0,1.747,0.0
1784631819.4680386,0,0,85750,0,0.0,0.0,0.0,0.0,1.747,0.0
1784631819.4690926,0,0,85760,0,0.0,0.0,0.0,0.0,1.747,0.0
1784631819.5748706,0,0,85770,0,0.0,0.0,0.0,0.0,1.748,0.0
1784631819.5777664,0,0,85780,0,0.0,0.0,0.0,0.0,1.748,0.0
1784631819.579816,0,0,85790,0,0.0,0.0,0.0,0.0,1.748,0.0
1784631819.581184,0,0,85800,0,0.0,0.0,0.0,0.0,1.748,0.0
1784631819.5828097,0,0,85810,0,0.0,0.0,0.0,0.0,1.749,0.0
1784631819.5846267,0,0,85820,0,0.0,0.0,0.0,0.0,1.749,0.0
1784631819.5857666,0,0,85830,0,0.0,0.0,0.0,0.0,1.749,0.0
1784631819.586814,0,0,85840,0,0.0,0.0,0.0,0.0,1.749,0.0
1784631819.5878696,0,0,85850,0,0.0,0.0,0.0,0.0,1.749,0.0
1784631819.5888572,0,0,85860,0,0.0,0.0,0.0,0.0,1.75,0.0
1784631819.7392418,0,0,85870,0,0.0,0.0,0.0,0.0,1.75,0.0
1784631819.7470195,0,0,85880,0,0.0,0.0,0.0,0.0,1.75,0.0
1784631819.7484844,0,0,85890,0,0.0,0.0,0.0,0.0,1.75,0.0
1784631819.7496371,0,0,85900,0,0.0,0.0,0.0,0.0,1.75,0.0
1784631819.7507575,0,0,85910,0,0.0,0.0,0.0,0.0,1.751,0.0
1784631819.7519662,0,0,85920,0,0.0,0.0,0.0,0.0,1.751,0.0
1784631819.753282,0,0,85930,0,0.0,0.0,0.0,0.0,1.751,0.0
1784631819.761045,0,0,85940,0,0.0,0.0,0.0,0.0,1.751,0.0
1784631819.7631927,0,0,85950,0,0.0,0.0,0.0,0.0,1.751,0.0
1784631819.7644439,0,0,85960,0,0.0,0.0,0.0,0.0,1.752,0.0
1784631819.7655816,0,0,85970,0,0.0,0.0,0.0,0.0,1.752,0.0
1784631819.7665954,0,0,85980,0,0.0,0.0,0.0,0.0,1.752,0.0
1784631819.7675965,0,0,85990,0,0.0,0.0,0.0,0.0,1.752,0.0
1784631819.768592,0,0,86000,0,0.0,0.0,0.0,0.0,1.752,0.0
1784631819.769696,0,0,86010,0,0.0,0.0,0.0,0.0,1.753,0.0
1784631819.771061,0,0,86020,0,0.0,0.0,0.0,0.0,1.752,0.0
1784631819.884635,0,0,86030,0,0.0,0.0,0.0,0.0,1.752,0.0
1784631819.887073,0,0,86040,0,0.0,0.0,0.0,0.0,1.752,0.0
1784631819.888571,0,0,86050,0,0.0,0.0,0.0,0.0,1.752,0.0
1784631819.8896341,0,0,86060,0,0.0,0.0,0.0,0.0,1.752,0.0
1784631819.890576,0,0,86070,0,0.0,0.0,0.0,0.0,1.751,0.0
1784631819.891539,0,0,86080,0,0.0,0.0,0.0,0.0,1.751,0.0
1784631819.8924944,0,0,86090,0,0.0,0.0,0.0,0.0,1.751,0.0
1784631819.8934376,0,0,86100,0,0.0,0.0,0.0,0.0,1.751,0.0
1784631819.8946793,0,0,86110,0,0.0,0.0,0.0,0.0,1.751,0.0
1784631819.8956745,0,0,86120,0,0.0,0.0,0.0,0.0,1.75,0.0
1784631819.8966064,0,0,86130,0,0.0,0.0,0.0,0.0,1.75,0.0
1784631820.0167801,0,0,86140,0,0.0,0.0,0.0,0.0,1.75,0.0
1784631820.020008,0,0,86150,0,0.0,0.0,0.0,0.0,1.75,0.0
1784631820.0225756,0,0,86160,0,0.0,0.0,0.0,0.0,1.75,0.0
1784631820.0240757,0,0,86170,0,0.0,0.0,0.0,0.0,1.749,0.0
1784631820.0262592,0,0,86180,0,0.0,0.0,0.0,0.0,1.749,0.0
1784631820.1463037,0,0,86190,0,0.0,0.0,0.0,0.0,1.749,0.0
1784631820.1484988,0,0,86200,0,0.0,0.0,0.0,0.0,1.749,0.0
1784631820.1535976,0,0,86210,0,0.0,0.0,0.0,0.0,1.749,0.0
1784631820.1560187,0,0,86220,0,0.0,0.0,0.0,0.0,1.748,0.0
1784631820.1577358,0,0,86230,0,0.0,0.0,0.0,0.0,1.748,0.0
1784631820.1594265,0,0,86240,0,0.0,0.0,0.0,0.0,1.748,0.0
1784631820.2852914,0,0,86250,0,0.0,0.0,0.0,0.0,1.748,0.0
1784631820.288105,0,0,86260,0,0.0,0.0,0.0,0.0,1.748,0.0
1784631820.2894065,0,0,86270,0,0.0,0.0,0.0,0.0,1.747,0.0
1784631820.2904074,0,0,86280,0,0.0,0.0,0.0,0.0,1.747,0.0
1784631820.2923198,0,0,86290,0,0.0,0.0,0.0,0.0,1.747,0.0
1784631820.2952628,0,0,86300,0,0.0,0.0,0.0,0.0,1.747,0.0
1784631820.411707,0,0,86310,0,0.0,0.0,0.0,0.0,1.747,0.0
1784631820.4140275,0,0,86320,0,0.0,0.0,0.0,0.0,1.746,0.0
1784631820.4173095,0,0,86330,0,0.0,0.0,0.0,0.0,1.746,0.0
1784631820.4193256,0,0,86340,0,0.0,0.0,0.0,0.0,1.746,0.0
1784631820.420602,0,0,86350,0,0.0,0.0,0.0,0.0,1.746,0.0
1784631820.421601,0,0,86360,0,0.0,0.0,0.0,0.0,1.745,0.0
1784631820.4226944,0,0,86370,0,0.0,0.0,0.0,0.0,1.745,0.0
1784631820.5595624,0,0,86380,0,0.0,0.0,0.0,0.0,1.745,0.0
1784631820.5678394,0,0,86390,0,0.0,0.0,0.0,0.0,1.745,0.0
1784631820.575824,0,0,86400,0,0.0,0.0,0.0,0.0,1.745,0.0
1784631820.5775793,0,0,86410,0,0.0,0.0,0.0,0.0,1.744,0.0
1784631820.5856519,0,0,86420,0,0.0,0.0,0.0,0.0,1.744,0.0
1784631820.5871856,0,0,86430,0,0.0,0.0,0.0,0.0,1.744,0.0
1784631820.5885916,0,0,86440,0,0.0,0.0,0.0,0.0,1.744,0.0
1784631820.5899973,0,0,86450,0,0.0,0.0,0.0,0.0,1.744,0.0
1784631820.591269,0,0,86460,0,0.0,0.0,0.0,0.0,1.743,0.0
1784631820.5926409,0,0,86470,0,0.0,0.0,0.0,0.0,1.743,0.0
1784631820.7234917,0,0,86480,0,0.0,0.0,0.0,0.0,1.743,0.0
1784631820.7335498,0,0,86490,0,0.0,0.0,0.0,0.0,1.743,0.0
1784631820.7418358,0,0,86500,0,0.0,0.0,0.0,0.0,1.743,0.0
1784631820.7435265,0,0,86510,0,0.0,0.0,0.0,0.0,1.742,0.0
1784631820.7459536,0,0,86520,0,0.0,0.0,0.0,0.0,1.742,0.0
1784631820.7474616,0,0,86530,0,0.0,0.0,0.0,0.0,1.742,0.0
1784631820.7488184,0,0,86540,0,0.0,0.0,0.0,0.0,1.742,0.0
1784631820.7507079,0,0,86550,0,0.0,0.0,0.0,0.0,1.742,0.0
1784631820.752204,0,0,86560,0,0.0,0.0,0.0,0.0,1.741,0.0
1784631820.7537613,0,0,86570,0,0.0,0.0,0.0,0.0,1.741,0.0
1784631820.7551515,0,0,86580,0,0.0,0.0,0.0,0.0,1.741,0.0
1784631820.7564342,0,0,86590,0,0.0,0.0,0.0,0.0,1.741,0.0
1784631820.7576263,0,0,86600,0,0.0,0.0,0.0,0.0,1.741,0.0
1784631820.7587593,0,0,86610,0,0.0,0.0,0.0,0.0,1.74,0.0
1784631820.8682249,0,0,86620,0,0.0,0.0,0.0,0.0,1.74,0.0
1784631820.870695,0,0,86630,0,0.0,0.0,0.0,0.0,1.74,0.0
1784631820.8724637,0,0,86640,0,0.0,0.0,0.0,0.0,1.74,0.0
1784631820.8757699,0,0,86650,0,0.0,0.0,0.0,0.0,1.74,0.0
1784631820.8840683,0,0,86660,0,0.0,0.0,0.0,0.0,1.739,0.0
1784631820.8879142,0,0,86670,0,0.0,0.0,0.0,0.0,1.739,0.0
1784631820.8902612,0,0,86680,0,0.0,0.0,0.0,0.0,1.739,0.0
1784631820.8918889,0,0,86690,0,0.0,0.0,0.0,0.0,1.739,0.0
1784631820.8937082,0,0,86700,0,0.0,0.0,0.0,0.0,1.739,0.0
1784631820.8956609,0,0,86710,0,0.0,0.0,0.0,0.0,1.738,0.0
1784631820.9035785,0,0,86720,0,0.0,0.0,0.0,0.0,1.738,0.0
1784631820.907682,0,0,86730,0,0.0,0.0,0.0,0.0,1.738,0.0
1784631820.911841,0,0,86740,0,0.0,0.0,0.0,0.0,1.738,0.0
1784631820.915526,0,0,86750,0,0.0,0.0,0.0,0.0,1.738,0.0
1784631821.0483856,0,0,86760,0,0.0,0.0,0.0,0.0,1.737,0.0
1784631821.050616,0,0,86770,0,0.0,0.0,0.0,0.0,1.737,0.0
1784631821.0525873,0,0,86780,0,0.0,0.0,0.0,0.0,1.737,0.0
1784631821.054351,0,0,86790,0,0.0,0.0,0.0,0.0,1.737,0.0
1784631821.0567775,0,0,86800,0,0.0,0.0,0.0,0.0,1.737,0.0
1784631821.0604732,0,0,86810,0,0.0,0.0,0.0,0.0,1.736,0.0
1784631821.062896,0,0,86820,0,0.0,0.0,0.0,0.0,1.736,0.0
1784631821.0657048,0,0,86830,0,0.0,0.0,0.0,0.0,1.736,0.0
1784631821.0690534,0,0,86840,0,0.0,0.0,0.0,0.0,1.736,0.0
1784631821.070597,0,0,86850,0,0.0,0.0,0.0,0.0,1.736,0.0
1784631821.0716314,0,0,86860,0,0.0,0.0,0.0,0.0,1.735,0.0
1784631821.0746634,0,0,86870,0,0.0,0.0,0.0,0.0,1.735,0.0
1784631821.0764904,0,0,86880,0,0.0,0.0,0.0,0.0,1.735,0.0
1784631821.077777,0,0,86890,0,0.0,0.0,0.0,0.0,1.735,0.0
1784631821.0793157,0,0,86900,0,0.0,0.0,0.0,0.0,1.735,0.0
1784631821.20961,0,0,86910,0,0.0,0.0,0.0,0.0,1.734,0.0
1784631821.2108707,0,0,86920,0,0.0,0.0,0.0,0.0,1.734,0.0
1784631821.2119336,0,0,86930,0,0.0,0.0,0.0,0.0,1.734,0.0
1784631821.2131197,0,0,86940,0,0.0,0.0,0.0,0.0,1.734,0.0
1784631821.2141845,0,0,86950,0,0.0,0.0,0.0,0.0,1.734,0.0
1784631821.2152076,0,0,86960,0,0.0,0.0,0.0,0.0,1.733,0.0
1784631821.3355503,0,0,86970,0,0.0,0.0,0.0,0.0,1.733,0.0
1784631821.3369806,0,0,86980,0,0.0,0.0,0.0,0.0,1.733,0.0
1784631821.3401155,0,0,86990,0,0.0,0.0,0.0,0.0,1.733,0.0
1784631821.3417873,0,0,87000,0,0.0,0.0,0.0,0.0,1.733,0.0
1784631821.3430998,0,0,87010,0,0.0,0.0,0.0,0.0,1.732,0.0
1784631821.3441784,0,0,87020,0,0.0,0.0,0.0,0.0,1.732,0.0
1784631821.3451796,0,0,87030,0,0.0,0.0,0.0,0.0,1.732,0.0
1784631821.346148,0,0,87040,0,0.0,0.0,0.0,0.0,1.732,0.0
1784631821.3471236,0,0,87050,0,0.0,0.0,0.0,0.0,1.732,0.0
1784631821.4611666,0,0,87060,0,0.0,0.0,0.0,0.0,1.731,0.0
1784631821.4628694,0,0,87070,0,0.0,0.0,0.0,0.0,1.731,0.0
1784631821.471124,0,0,87080,0,0.0,0.0,0.0,0.0,1.731,0.0
1784631821.4728642,0,0,87090,0,0.0,0.0,0.0,0.0,1.731,0.0
1784631821.5778196,0,0,87100,0,0.0,0.0,0.0,0.0,1.731,0.0
1784631821.5791414,0,0,87110,0,0.0,0.0,0.0,0.0,1.73,0.0
1784631821.580279,0,0,87120,0,0.0,0.0,0.0,0.0,1.73,0.0
1784631821.7970872,0,0,87130,0,0.0,0.0,0.0,0.0,1.73,0.0
1784631821.798924,0,0,87140,0,0.0,0.0,0.0,0.0,1.73,0.0
1784631821.8003843,0,0,87150,0,0.0,0.0,0.0,0.0,1.73,0.0
1784631821.8016975,0,0,87160,0,0.0,0.0,0.0,0.0,1.73,0.0
1784631821.8038816,0,0,87170,0,0.0,0.0,0.0,0.0,1.73,0.0
1784631821.8051364,0,0,87180,0,0.0,0.0,0.0,0.0,1.73,0.0
1784631821.8062167,0,0,87190,0,0.0,0.0,0.0,0.0,1.73,0.0
1784631821.8072708,0,0,87200,0,0.0,0.0,0.0,0.0,1.73,0.0
1784631821.808397,0,0,87210,0,0.0,0.0,0.0,0.0,1.73,0.0
1784631821.8094184,0,0,87220,0,0.0,0.0,0.0,0.0,1.73,0.0
1784631821.8104432,0,0,87230,0,0.0,0.0,0.0,0.0,1.73,0.0
1784631821.8114576,0,0,87240,0,0.0,0.0,0.0,0.0,1.73,0.0
1784631821.81259,0,0,87250,0,0.0,0.0,0.0,0.0,1.73,0.0
1784631821.813614,0,0,87260,0,0.0,0.0,0.0,0.0,1.73,0.0
1784631821.8146405,0,0,87270,0,0.0,0.0,0.0,0.0,1.73,0.0
1784631821.8157141,0,0,87280,0,0.0,0.0,0.0,0.0,1.73,0.0
1784631821.8167946,0,0,87290,0,0.0,0.0,0.0,0.0,1.73,0.0
1784631821.818334,0,0,87300,0,0.0,0.0,0.0,0.0,1.73,0.0
1784631821.8195503,0,0,87310,0,0.0,0.0,0.0,0.0,1.73,0.0
1784631821.8206675,0,0,87320,0,0.0,0.0,0.0,0.0,1.73,0.0
1784631821.82171,0,0,87330,0,0.0,0.0,0.0,0.0,1.73,0.0
1784631821.8232508,0,0,87340,0,0.0,0.0,0.0,0.0,1.73,0.0
1784631821.8251092,0,0,87350,0,0.0,0.0,0.0,0.0,1.73,0.0
1784631821.9534147,0,0,87360,0,0.0,0.0,0.0,0.0,1.73,0.0
1784631821.954581,0,0,87370,0,0.0,0.0,0.0,0.0,1.729,0.0
1784631821.9557629,0,0,87380,0,0.0,0.0,0.0,0.0,1.729,0.0
1784631821.9570293,0,0,87390,0,0.0,0.0,0.0,0.0,1.729,0.0
1784631821.958219,0,0,87400,0,0.0,0.0,0.0,0.0,1.729,0.0
1784631821.9593542,0,0,87410,0,0.0,0.0,0.0,0.0,1.729,0.0
1784631821.9603539,0,0,87420,0,0.0,0.0,0.0,0.0,1.729,0.0
1784631821.9614446,0,0,87430,0,0.0,0.0,0.0,0.0,1.729,0.0
1784631821.9625201,0,0,87440,0,0.0,0.0,0.0,0.0,1.729,0.0
1784631821.9644032,0,0,87450,0,0.0,0.0,0.0,0.0,1.729,0.0
1784631821.966048,0,0,87460,0,0.0,0.0,0.0,0.0,1.729,0.0
1784631821.9673743,0,0,87470,0,0.0,0.0,0.0,0.0,1.729,0.0
1784631821.9685144,0,0,87480,0,0.0,0.0,0.0,0.0,1.729,0.0
1784631821.969552,0,0,87490,0,0.0,0.0,0.0,0.0,1.729,0.0
1784631821.9705253,0,0,87500,0,0.0,0.0,0.0,0.0,1.728,0.0
1784631821.9717395,0,0,87510,0,0.0,0.0,0.0,0.0,1.728,0.0
1784631821.9728398,0,0,87520,0,0.0,0.0,0.0,0.0,1.728,0.0
1784631821.9738536,0,0,87530,0,0.0,0.0,0.0,0.0,1.728,0.0
1784631821.9749002,0,0,87540,0,0.0,0.0,0.0,0.0,1.728,0.0
1784631821.9758892,0,0,87550,0,0.0,0.0,0.0,0.0,1.728,0.0
1784631821.9768727,0,0,87560,0,0.0,0.0,0.0,0.0,1.728,0.0
1784631821.9778454,0,0,87570,0,0.0,0.0,0.0,0.0,1.728,0.0
1784631821.9791865,0,0,87580,0,0.0,0.0,0.0,0.0,1.728,0.0
1784631821.9812875,0,0,87590,0,0.0,0.0,0.0,0.0,1.728,0.0
1784631821.982776,0,0,87600,0,0.0,0.0,0.0,0.0,1.727,0.0
1784631821.983779,0,0,87610,0,0.0,0.0,0.0,0.0,1.727,0.0
1784631821.9848516,0,0,87620,0,0.0,0.0,0.0,0.0,1.727,0.0
1784631821.9858305,0,0,87630,0,0.0,0.0,0.0,0.0,1.727,0.0
1784631821.9875097,0,0,87640,0,0.0,0.0,0.0,0.0,1.727,0.0
1784631821.9889228,0,0,87650,0,0.0,0.0,0.0,0.0,1.727,0.0
1784631822.0982816,0,0,87660,0,0.0,0.0,0.0,0.0,1.727,0.0
1784631822.0998933,0,0,87670,0,0.0,0.0,0.0,0.0,1.727,0.0
1784631822.1011817,0,0,87680,0,0.0,0.0,0.0,0.0,1.727,0.0
1784631822.1024213,0,0,87690,0,0.0,0.0,0.0,0.0,1.727,0.0
1784631822.103786,0,0,87700,0,0.0,0.0,0.0,0.0,1.726,0.0
1784631822.1060019,0,0,87710,0,0.0,0.0,0.0,0.0,1.726,0.0
1784631822.1077414,0,0,87720,0,0.0,0.0,0.0,0.0,1.726,0.0
1784631822.1090484,0,0,87730,0,0.0,0.0,0.0,0.0,1.726,0.0
1784631822.110496,0,0,87740,0,0.0,0.0,0.0,0.0,1.726,0.0
1784631822.1121411,0,0,87750,0,0.0,0.0,0.0,0.0,1.726,0.0
1784631822.1133986,0,0,87760,0,0.0,0.0,0.0,0.0,1.726,0.0
1784631822.1144533,0,0,87770,0,0.0,0.0,0.0,0.0,1.726,0.0
1784631822.1154609,0,0,87780,0,0.0,0.0,0.0,0.0,1.726,0.0
1784631822.1164958,0,0,87790,0,0.0,0.0,0.0,0.0,1.726,0.0
1784631822.117505,0,0,87800,0,0.0,0.0,0.0,0.0,1.726,0.0
1784631822.1185102,0,0,87810,0,0.0,0.0,0.0,0.0,1.725,0.0
1784631822.1195164,0,0,87820,0,0.0,0.0,0.0,0.0,1.725,0.0
1784631822.1205642,0,0,87830,0,0.0,0.0,0.0,0.0,1.725,0.0
1784631822.121634,0,0,87840,0,0.0,0.0,0.0,0.0,1.725,0.0
1784631822.1226969,0,0,87850,0,0.0,0.0,0.0,0.0,1.725,0.0
1784631822.1238127,0,0,87860,0,0.0,0.0,0.0,0.0,1.725,0.0
1784631822.2344506,0,0,87870,0,0.0,0.0,0.0,0.0,1.725,0.0
1784631822.2383978,0,0,87880,0,0.0,0.0,0.0,0.0,1.725,0.0
1784631822.2398043,0,0,87890,0,0.0,0.0,0.0,0.0,1.725,0.0
1784631822.2410357,0,0,87900,0,0.0,0.0,0.0,0.0,1.725,0.0
1784631822.242249,0,0,87910,0,0.0,0.0,0.0,0.0,1.725,0.0
1784631822.2435453,0,0,87920,0,0.0,0.0,0.0,0.0,1.724,0.0
1784631822.244726,0,0,87930,0,0.0,0.0,0.0,0.0,1.724,0.0
1784631822.2458527,0,0,87940,0,0.0,0.0,0.0,0.0,1.724,0.0
1784631822.246972,0,0,87950,0,0.0,0.0,0.0,0.0,1.724,0.0
1784631822.248092,0,0,87960,0,0.0,0.0,0.0,0.0,1.724,0.0
1784631822.2491467,0,0,87970,0,0.0,0.0,0.0,0.0,1.724,0.0
1784631822.2525449,0,0,87980,0,0.0,0.0,0.0,0.0,1.724,0.0
1784631822.2544415,0,0,87990,0,0.0,0.0,0.0,0.0,1.724,0.0
1784631822.2557204,0,0,88000,0,0.0,0.0,0.0,0.0,1.724,0.0
1784631822.25697,0,0,88010,0,0.0,0.0,0.0,0.0,1.724,0.0
1784631822.2581968,0,0,88020,0,0.0,0.0,0.0,0.0,1.724,0.0
1784631822.2593648,0,0,88030,0,0.0,0.0,0.0,0.0,1.723,0.0
1784631822.2608254,0,0,88040,0,0.0,0.0,0.0,0.0,1.723,0.0
1784631822.2625833,0,0,88050,0,0.0,0.0,0.0,0.0,1.723,0.0
1784631822.2639234,0,0,88060,0,0.0,0.0,0.0,0.0,1.723,0.0
1784631822.3785896,0,0,88070,0,0.0,0.0,0.0,0.0,1.723,0.0
1784631822.3798497,0,0,88080,0,0.0,0.0,0.0,0.0,1.723,0.0
1784631822.3810127,0,0,88090,0,0.0,0.0,0.0,0.0,1.723,0.0
1784631822.3821664,0,0,88100,0,0.0,0.0,0.0,0.0,1.723,0.0
1784631822.3832605,0,0,88110,0,0.0,0.0,0.0,0.0,1.723,0.0
1784631822.384396,0,0,88120,0,0.0,0.0,0.0,0.0,1.723,0.0
1784631822.3862886,0,0,88130,0,0.0,0.0,0.0,0.0,1.723,0.0
1784631822.3879735,0,0,88140,0,0.0,0.0,0.0,0.0,1.723,0.0
1784631822.4005976,0,0,88150,0,0.0,0.0,0.0,0.0,1.722,0.0
1784631822.4028683,0,0,88160,0,0.0,0.0,0.0,0.0,1.722,0.0
1784631822.4054399,0,0,88170,0,0.0,0.0,0.0,0.0,1.722,0.0
1784631822.4068086,0,0,88180,0,0.0,0.0,0.0,0.0,1.722,0.0
1784631822.408132,0,0,88190,0,0.0,0.0,0.0,0.0,1.722,0.0
1784631822.409426,0,0,88200,0,0.0,0.0,0.0,0.0,1.722,0.0
1784631822.410635,0,0,88210,0,0.0,0.0,0.0,0.0,1.722,0.0
1784631822.4119773,0,0,88220,0,0.0,0.0,0.0,0.0,1.722,0.0
1784631822.4134557,0,0,88230,0,0.0,0.0,0.0,0.0,1.722,0.0
1784631822.4146965,0,0,88240,0,0.0,0.0,0.0,0.0,1.722,0.0
1784631822.4159513,0,0,88250,0,0.0,0.0,0.0,0.0,1.722,0.0
1784631822.4178638,0,0,88260,0,0.0,0.0,0.0,0.0,1.722,0.0
1784631822.4197137,0,0,88270,0,0.0,0.0,0.0,0.0,1.722,0.0
1784631822.4221716,0,0,88280,0,0.0,0.0,0.0,0.0,1.721,0.0
1784631822.4237297,0,0,88290,0,0.0,0.0,0.0,0.0,1.721,0.0
1784631822.42503,0,0,88300,0,0.0,0.0,0.0,0.0,1.721,0.0
1784631822.5415049,0,0,88310,0,0.0,0.0,0.0,0.0,1.721,0.0
1784631822.545422,0,0,88320,0,0.0,0.0,0.0,0.0,1.721,0.0
1784631822.5479987,0,0,88330,0,0.0,0.0,0.0,0.0,1.721,0.0
1784631822.5496788,0,0,88340,0,0.0,0.0,0.0,0.0,1.721,0.0
1784631822.5512967,0,0,88350,0,0.0,0.0,0.0,0.0,1.721,0.0
1784631822.5526214,0,0,88360,0,0.0,0.0,0.0,0.0,1.721,0.0
1784631822.553737,0,0,88370,0,0.0,0.0,0.0,0.0,1.721,0.0
1784631822.5548449,0,0,88380,0,0.0,0.0,0.0,0.0,1.721,0.0
1784631822.5559714,0,0,88390,0,0.0,0.0,0.0,0.0,1.721,0.0
1784631822.5570843,0,0,88400,0,0.0,0.0,0.0,0.0,1.72,0.0
1784631822.5584762,0,0,88410,0,0.0,0.0,0.0,0.0,1.72,0.0
1784631822.5598652,0,0,88420,0,0.0,0.0,0.0,0.0,1.72,0.0
1784631822.5609832,0,0,88430,0,0.0,0.0,0.0,0.0,1.72,0.0
1784631822.5620189,0,0,88440,0,0.0,0.0,0.0,0.0,1.72,0.0
1784631822.5630841,0,0,88450,0,0.0,0.0,0.0,0.0,1.72,0.0
1784631822.5642035,0,0,88460,0,0.0,0.0,0.0,0.0,1.72,0.0
1784631822.5652914,0,0,88470,0,0.0,0.0,0.0,0.0,1.72,0.0
1784631822.566798,0,0,88480,0,0.0,0.0,0.0,0.0,1.72,0.0
1784631822.5681076,0,0,88490,0,0.0,0.0,0.0,0.0,1.72,0.0
1784631822.5691445,0,0,88500,0,0.0,0.0,0.0,0.0,1.72,0.0
1784631822.5701354,0,0,88510,0,0.0,0.0,0.0,0.0,1.72,0.0
1784631822.571156,0,0,88520,0,0.0,0.0,0.0,0.0,1.72,0.0
1784631822.5725887,0,0,88530,0,0.0,0.0,0.0,0.0,1.72,0.0
1784631822.5756354,0,0,88540,0,0.0,0.0,0.0,0.0,1.719,0.0
1784631822.5782971,0,0,88550,0,0.0,0.0,0.0,0.0,1.719,0.0
1784631822.581253,0,0,88560,0,0.0,0.0,0.0,0.0,1.719,0.0
1784631822.5835595,0,0,88570,0,0.0,0.0,0.0,0.0,1.719,0.0
1784631822.6891901,0,0,88580,0,0.0,0.0,0.0,0.0,1.719,0.0
1784631822.6916387,0,0,88590,0,0.0,0.0,0.0,0.0,1.719,0.0
1784631822.6936572,0,0,88600,0,0.0,0.0,0.0,0.0,1.719,0.0
1784631822.6955533,0,0,88610,0,0.0,0.0,0.0,0.0,1.719,0.0
1784631822.697204,0,0,88620,0,0.0,0.0,0.0,0.0,1.719,0.0
1784631822.7001126,0,0,88630,0,0.0,0.0,0.0,0.0,1.719,0.0
1784631822.7019005,0,0,88640,0,0.0,0.0,0.0,0.0,1.719,0.0
1784631822.7034435,0,0,88650,0,0.0,0.0,0.0,0.0,1.719,0.0
1784631822.7051609,0,0,88660,0,0.0,0.0,0.0,0.0,1.719,0.0
1784631822.7069058,0,0,88670,0,0.0,0.0,0.0,0.0,1.719,0.0
1784631822.708472,0,0,88680,0,0.0,0.0,0.0,0.0,1.719,0.0
1784631822.7099974,0,0,88690,0,0.0,0.0,0.0,0.0,1.718,0.0
1784631822.7119102,0,0,88700,0,0.0,0.0,0.0,0.0,1.718,0.0
1784631822.714515,0,0,88710,0,0.0,0.0,0.0,0.0,1.718,0.0
1784631822.7159069,0,0,88720,0,0.0,0.0,0.0,0.0,1.718,0.0
1784631822.717019,0,0,88730,0,0.0,0.0,0.0,0.0,1.718,0.0
1784631822.718147,0,0,88740,0,0.0,0.0,0.0,0.0,1.718,0.0
1784631822.7192602,0,0,88750,0,0.0,0.0,0.0,0.0,1.718,0.0
1784631822.7202995,0,0,88760,0,0.0,0.0,0.0,0.0,1.718,0.0
1784631822.721331,0,0,88770,0,0.0,0.0,0.0,0.0,1.718,0.0
1784631822.7223327,0,0,88780,0,0.0,0.0,0.0,0.0,1.718,0.0
1784631822.7233155,0,0,88790,0,0.0,0.0,0.0,0.0,1.718,0.0
1784631822.7243187,0,0,88800,0,0.0,0.0,0.0,0.0,1.718,0.0
1784631822.7253551,0,0,88810,0,0.0,0.0,0.0,0.0,1.718,0.0
1784631822.829611,0,0,88820,0,0.0,0.0,0.0,0.0,1.718,0.0
1784631822.830815,0,0,88830,0,0.0,0.0,0.0,0.0,1.718,0.0
1784631822.8319678,0,0,88840,0,0.0,0.0,0.0,0.0,1.718,0.0
1784631822.833045,0,0,88850,0,0.0,0.0,0.0,0.0,1.717,0.0
1784631822.834081,0,0,88860,0,0.0,0.0,0.0,0.0,1.717,0.0
1784631822.8351035,0,0,88870,0,0.0,0.0,0.0,0.0,1.717,0.0
1784631822.8361804,0,0,88880,0,0.0,0.0,0.0,0.0,1.717,0.0
1784631822.8371823,0,0,88890,0,0.0,0.0,0.0,0.0,1.717,0.0
1784631822.8392577,0,0,88900,0,0.0,0.0,0.0,0.0,1.717,0.0
1784631822.8406296,0,0,88910,0,0.0,0.0,0.0,0.0,1.717,0.0
1784631822.8419387,0,0,88920,0,0.0,0.0,0.0,0.0,1.717,0.0
1784631822.843152,0,0,88930,0,0.0,0.0,0.0,0.0,1.717,0.0
1784631822.8442166,0,0,88940,0,0.0,0.0,0.0,0.0,1.717,0.0
1784631822.8452437,0,0,88950,0,0.0,0.0,0.0,0.0,1.717,0.0
1784631822.846355,0,0,88960,0,0.0,0.0,0.0,0.0,1.717,0.0
1784631822.8474536,0,0,88970,0,0.0,0.0,0.0,0.0,1.717,0.0
1784631822.8485134,0,0,88980,0,0.0,0.0,0.0,0.0,1.717,0.0
1784631822.8496015,0,0,88990,0,0.0,0.0,0.0,0.0,1.717,0.0
1784631822.850716,0,0,89000,0,0.0,0.0,0.0,0.0,1.717,0.0
1784631822.8518112,0,0,89010,0,0.0,0.0,0.0,0.0,1.717,0.0
1784631822.9689584,0,0,89020,0,0.0,0.0,0.0,0.0,1.717,0.0
1784631822.977507,0,0,89030,0,0.0,0.0,0.0,0.0,1.717,0.0
1784631822.992425,0,0,89040,0,0.0,0.0,0.0,0.0,1.717,0.0
1784631822.9945006,0,0,89050,0,0.0,0.0,0.0,0.0,1.716,0.0
1784631822.9959807,0,0,89060,0,0.0,0.0,0.0,0.0,1.716,0.0
1784631822.997101,0,0,89070,0,0.0,0.0,0.0,0.0,1.716,0.0
1784631822.9991834,0,0,89080,0,0.0,0.0,0.0,0.0,1.716,0.0
1784631823.0009751,0,0,89090,0,0.0,0.0,0.0,0.0,1.716,0.0
1784631823.008255,0,0,89100,0,0.0,0.0,0.0,0.0,1.716,0.0
1784631823.0129015,0,0,89110,0,0.0,0.0,0.0,0.0,1.716,0.0
1784631823.0166101,0,0,89120,0,0.0,0.0,0.0,0.0,1.716,0.0
1784631823.0184371,0,0,89130,0,0.0,0.0,0.0,0.0,1.716,0.0
1784631823.0203264,0,0,89140,0,0.0,0.0,0.0,0.0,1.716,0.0
1784631823.0217934,0,0,89150,0,0.0,0.0,0.0,0.0,1.716,0.0
1784631823.023047,0,0,89160,0,0.0,0.0,0.0,0.0,1.716,0.0
1784631823.0243354,0,0,89170,0,0.0,0.0,0.0,0.0,1.716,0.0
1784631823.1382277,0,0,89180,0,0.0,0.0,0.0,0.0,1.716,0.0
1784631823.139631,0,0,89190,0,0.0,0.0,0.0,0.0,1.716,0.0
1784631823.1408856,0,0,89200,0,0.0,0.0,0.0,0.0,1.716,0.0
1784631823.1419742,0,0,89210,0,0.0,0.0,0.0,0.0,1.716,0.0
1784631823.143022,0,0,89220,0,0.0,0.0,0.0,0.0,1.716,0.0
1784631823.1440642,0,0,89230,0,0.0,0.0,0.0,0.0,1.716,0.0
1784631823.1451395,0,0,89240,0,0.0,0.0,0.0,0.0,1.716,0.0
1784631823.1462336,0,0,89250,0,0.0,0.0,0.0,0.0,1.716,0.0
1784631823.1473851,0,0,89260,0,0.0,0.0,0.0,0.0,1.716,0.0
1784631823.1485813,0,0,89270,0,0.0,0.0,0.0,0.0,1.716,0.0
1784631823.150266,0,0,89280,0,0.0,0.0,0.0,0.0,1.716,0.0
1784631823.1520195,0,0,89290,0,0.0,0.0,0.0,0.0,1.716,0.0
1784631823.1532393,0,0,89300,0,0.0,0.0,0.0,0.0,1.716,0.0
1784631823.1543763,0,0,89310,0,0.0,0.0,0.0,0.0,1.716,0.0
1784631823.1554158,0,0,89320,0,0.0,0.0,0.0,0.0,1.716,0.0
1784631823.1564934,0,0,89330,0,0.0,0.0,0.0,0.0,1.715,0.0
1784631823.1574667,0,0,89340,0,0.0,0.0,0.0,0.0,1.715,0.0
1784631823.1584315,0,0,89350,0,0.0,0.0,0.0,0.0,1.715,0.0
1784631823.1593933,0,0,89360,0,0.0,0.0,0.0,0.0,1.715,0.0
1784631823.1603496,0,0,89370,0,0.0,0.0,0.0,0.0,1.715,0.0
1784631823.2674682,0,0,89380,0,0.0,0.0,0.0,0.0,1.715,0.0
1784631823.2696736,0,0,89390,0,0.0,0.0,0.0,0.0,1.715,0.0
1784631823.2718248,0,0,89400,0,0.0,0.0,0.0,0.0,1.715,0.0
1784631823.273462,0,0,89410,0,0.0,0.0,0.0,0.0,1.715,0.0
1784631823.2746723,0,0,89420,0,0.0,0.0,0.0,0.0,1.715,0.0
1784631823.276302,0,0,89430,0,0.0,0.0,0.0,0.0,1.715,0.0
1784631823.2775576,0,0,89440,0,0.0,0.0,0.0,0.0,1.715,0.0
1784631823.2787337,0,0,89450,0,0.0,0.0,0.0,0.0,1.715,0.0
1784631823.2799282,0,0,89460,0,0.0,0.0,0.0,0.0,1.715,0.0
1784631823.281405,0,0,89470,0,0.0,0.0,0.0,0.0,1.715,0.0
1784631823.2824855,0,0,89480,0,0.0,0.0,0.0,0.0,1.715,0.0
1784631823.2835248,0,0,89490,0,0.0,0.0,0.0,0.0,1.715,0.0
1784631823.2846014,0,0,89500,0,0.0,0.0,0.0,0.0,1.715,0.0
1784631823.2856412,0,0,89510,0,0.0,0.0,0.0,0.0,1.715,0.0
1784631823.2866993,0,0,89520,0,0.0,0.0,0.0,0.0,1.715,0.0
1784631823.2877693,0,0,89530,0,0.0,0.0,0.0,0.0,1.715,0.0
1784631823.2888908,0,0,89540,0,0.0,0.0,0.0,0.0,1.715,0.0
1784631823.2898743,0,0,89550,0,0.0,0.0,0.0,0.0,1.715,0.0
1784631823.2911127,0,0,89560,0,0.0,0.0,0.0,0.0,1.715,0.0
1784631823.2931366,0,0,89570,0,0.0,0.0,0.0,0.0,1.715,0.0
1784631823.2946258,0,0,89580,0,0.0,0.0,0.0,0.0,1.715,0.0
1784631823.2957852,0,0,89590,0,0.0,0.0,0.0,0.0,1.715,0.0
1784631823.29687,0,0,89600,0,0.0,0.0,0.0,0.0,1.715,0.0
1784631823.4220388,0,0,89610,0,0.0,0.0,0.0,0.0,1.715,0.0
1784631823.4237955,0,0,89620,0,0.0,0.0,0.0,0.0,1.715,0.0
1784631823.4261627,0,0,89630,0,0.0,0.0,0.0,0.0,1.715,0.0
1784631823.4281404,0,0,89640,0,0.0,0.0,0.0,0.0,1.715,0.0
1784631823.429413,0,0,89650,0,0.0,0.0,0.0,0.0,1.715,0.0
1784631823.431158,0,0,89660,0,0.0,0.0,0.0,0.0,1.715,0.0
1784631823.4324892,0,0,89670,0,0.0,0.0,0.0,0.0,1.715,0.0
1784631823.433558,0,0,89680,0,0.0,0.0,0.0,0.0,1.715,0.0
1784631823.434548,0,0,89690,0,0.0,0.0,0.0,0.0,1.715,0.0
1784631823.4355562,0,0,89700,0,0.0,0.0,0.0,0.0,1.715,0.0
1784631823.4365246,0,0,89710,0,0.0,0.0,0.0,0.0,1.715,0.0
1784631823.4374914,0,0,89720,0,0.0,0.0,0.0,0.0,1.715,0.0
1784631823.438611,0,0,89730,0,0.0,0.0,0.0,0.0,1.715,0.0
1784631823.4396687,0,0,89740,0,0.0,0.0,0.0,0.0,1.715,0.0
1784631823.440691,0,0,89750,0,0.0,0.0,0.0,0.0,1.715,0.0
1784631823.4416833,0,0,89760,0,0.0,0.0,0.0,0.0,1.715,0.0
1784631823.44303,0,0,89770,0,0.0,0.0,0.0,0.0,1.715,0.0
1784631823.4441595,0,0,89780,0,0.0,0.0,0.0,0.0,1.715,0.0
1784631823.445272,0,0,89790,0,0.0,0.0,0.0,0.0,1.715,0.0
1784631823.446442,0,0,89800,0,0.0,0.0,0.0,0.0,1.715,0.0
1784631823.4480543,0,0,89810,0,0.0,0.0,0.0,0.0,1.715,0.0
1784631823.4503376,0,0,89820,0,0.0,0.0,0.0,0.0,1.715,0.0
1784631823.4517734,0,0,89830,0,0.0,0.0,0.0,0.0,1.715,0.0
1784631823.4529042,0,0,89840,0,0.0,0.0,0.0,0.0,1.715,0.0
1784631823.4539828,0,0,89850,0,0.0,0.0,0.0,0.0,1.715,0.0
1784631823.58502,0,0,89860,0,0.0,0.0,0.0,0.0,1.715,0.0
1784631823.592556,0,0,89870,0,0.0,0.0,0.0,0.0,1.715,0.0
1784631823.5938764,0,0,89880,0,0.0,0.0,0.0,0.0,1.715,0.0
1784631823.594922,0,0,89890,0,0.0,0.0,0.0,0.0,1.715,0.0
1784631823.5959256,0,0,89900,0,0.0,0.0,0.0,0.0,1.715,0.0
1784631823.5970373,0,0,89910,0,0.0,0.0,0.0,0.0,1.715,0.0
1784631823.5980144,0,0,89920,0,0.0,0.0,0.0,0.0,1.715,0.0
1784631823.598995,0,0,89930,0,0.0,0.0,0.0,0.0,1.715,0.0
1784631823.6001265,0,0,89940,0,0.0,0.0,0.0,0.0,1.715,0.0
1784631823.6011722,0,0,89950,0,0.0,0.0,0.0,0.0,1.715,0.0
1784631823.6021826,0,0,89960,0,0.0,0.0,0.0,0.0,1.715,0.0
1784631823.6031723,0,0,89970,0,0.0,0.0,0.0,0.0,1.715,0.0
1784631823.6051261,0,0,89980,0,0.0,0.0,0.0,0.0,1.715,0.0
1784631823.606944,0,0,89990,0,0.0,0.0,0.0,0.0,1.715,0.0
1784631823.6081195,0,0,90000,0,0.0,0.0,0.0,0.0,1.715,0.0
1784631823.6095285,0,0,90010,0,0.0,0.0,0.0,0.0,1.715,0.0
1784631823.610576,0,0,90020,0,0.0,0.0,0.0,0.0,1.715,0.0
1784631823.611562,0,0,90030,0,0.0,0.0,0.0,0.0,1.715,0.0
1784631823.612529,0,0,90040,0,0.0,0.0,0.0,0.0,1.715,0.0
1784631823.6134956,0,0,90050,0,0.0,0.0,0.0,0.0,1.715,0.0
1784631823.6144557,0,0,90060,0,0.0,0.0,0.0,0.0,1.715,0.0
1784631823.6154761,0,0,90070,0,0.0,0.0,0.0,0.0,1.715,0.0
1784631823.73164,0,0,90080,0,0.0,0.0,0.0,0.0,1.715,0.0
1784631823.73297,0,0,90090,0,0.0,0.0,0.0,0.0,1.715,0.0
1784631823.7340775,0,0,90100,0,0.0,0.0,0.0,0.0,1.715,0.0
1784631823.7350934,0,0,90110,0,0.0,0.0,0.0,0.0,1.715,0.0
1784631823.7360942,0,0,90120,0,0.0,0.0,0.0,0.0,1.714,0.0
1784631823.7371163,0,0,90130,0,0.0,0.0,0.0,0.0,1.714,0.0
1784631823.7380977,0,0,90140,0,0.0,0.0,0.0,0.0,1.714,0.0
1784631823.739065,0,0,90150,0,0.0,0.0,0.0,0.0,1.714,0.0
1784631823.7400322,0,0,90160,0,0.0,0.0,0.0,0.0,1.714,0.0
1784631823.7410734,0,0,90170,0,0.0,0.0,0.0,0.0,1.713,0.0
1784631823.7420428,0,0,90180,0,0.0,0.0,0.0,0.0,1.713,0.0
1784631823.7430058,0,0,90190,0,0.0,0.0,0.0,0.0,1.713,0.0
1784631823.7441547,0,0,90200,0,0.0,0.0,0.0,0.0,1.713,0.0
1784631823.7458332,0,0,90210,0,0.0,0.0,0.0,0.0,1.713,0.0
1784631823.746993,0,0,90220,0,0.0,0.0,0.0,0.0,1.712,0.0
1784631823.7480788,0,0,90230,0,0.0,0.0,0.0,0.0,1.712,0.0
1784631823.74915,0,0,90240,0,0.0,0.0,0.0,0.0,1.712,0.0
1784631823.7502205,0,0,90250,0,0.0,0.0,0.0,0.0,1.712,0.0
1784631823.7513223,0,0,90260,0,0.0,0.0,0.0,0.0,1.712,0.0
1784631823.7526681,0,0,90270,0,0.0,0.0,0.0,0.0,1.711,0.0
1784631823.8700688,0,0,90280,0,0.0,0.0,0.0,0.0,1.711,0.0
1784631823.8741393,0,0,90290,0,0.0,0.0,0.0,0.0,1.711,0.0
1784631823.8779185,0,0,90300,0,0.0,0.0,0.0,0.0,1.711,0.0
1784631823.881822,0,0,90310,0,0.0,0.0,0.0,0.0,1.711,0.0
1784631823.888252,0,0,90320,0,0.0,0.0,0.0,0.0,1.711,0.0
1784631823.8919582,0,0,90330,0,0.0,0.0,0.0,0.0,1.71,0.0
1784631823.896312,0,0,90340,0,0.0,0.0,0.0,0.0,1.71,0.0
1784631823.8994966,0,0,90350,0,0.0,0.0,0.0,0.0,1.71,0.0
1784631823.9019935,0,0,90360,0,0.0,0.0,0.0,0.0,1.71,0.0
1784631823.9042356,0,0,90370,0,0.0,0.0,0.0,0.0,1.71,0.0
1784631823.9062142,0,0,90380,0,0.0,0.0,0.0,0.0,1.709,0.0
1784631823.9101455,0,0,90390,0,0.0,0.0,0.0,0.0,1.709,0.0
1784631823.91476,0,0,90400,0,0.0,0.0,0.0,0.0,1.709,0.0
1784631823.9192016,0,0,90410,0,0.0,0.0,0.0,0.0,1.709,0.0
1784631823.9231527,0,0,90420,0,0.0,0.0,0.0,0.0,1.709,0.0
1784631824.0288515,0,0,90430,0,0.0,0.0,0.0,0.0,1.708,0.0
1784631824.0445273,0,0,90440,0,0.0,0.0,0.0,0.0,1.708,0.0
1784631824.0465143,0,0,90450,0,0.0,0.0,0.0,0.0,1.708,0.0
1784631824.0497663,0,0,90460,0,0.0,0.0,0.0,0.0,1.708,0.0
1784631824.0523582,0,0,90470,0,0.0,0.0,0.0,0.0,1.708,0.0
1784631824.0547712,0,0,90480,0,0.0,0.0,0.0,0.0,1.708,0.0
1784631824.0562177,0,0,90490,0,0.0,0.0,0.0,0.0,1.707,0.0
1784631824.0577934,0,0,90500,0,0.0,0.0,0.0,0.0,1.707,0.0
1784631824.0598361,0,0,90510,0,0.0,0.0,0.0,0.0,1.707,0.0
1784631824.0612664,0,0,90520,0,0.0,0.0,0.0,0.0,1.707,0.0
1784631824.0623593,0,0,90530,0,0.0,0.0,0.0,0.0,1.707,0.0
1784631824.0634472,0,0,90540,0,0.0,0.0,0.0,0.0,1.706,0.0
1784631824.064533,0,0,90550,0,0.0,0.0,0.0,0.0,1.706,0.0
1784631824.065586,0,0,90560,0,0.0,0.0,0.0,0.0,1.706,0.0
1784631824.066619,0,0,90570,0,0.0,0.0,0.0,0.0,1.706,0.0
1784631824.0677729,0,0,90580,0,0.0,0.0,0.0,0.0,1.706,0.0
1784631824.177849,0,0,90590,0,0.0,0.0,0.0,0.0,1.705,0.0
1784631824.1793075,0,0,90600,0,0.0,0.0,0.0,0.0,1.705,0.0
1784631824.1804976,0,0,90610,0,0.0,0.0,0.0,0.0,1.705,0.0
1784631824.181924,0,0,90620,0,0.0,0.0,0.0,0.0,1.705,0.0
1784631824.1831696,0,0,90630,0,0.0,0.0,0.0,0.0,1.705,0.0
1784631824.1845407,0,0,90640,0,0.0,0.0,0.0,0.0,1.704,0.0
1784631824.18584,0,0,90650,0,0.0,0.0,0.0,0.0,1.704,0.0
1784631824.1870282,0,0,90660,0,0.0,0.0,0.0,0.0,1.704,0.0
1784631824.1882062,0,0,90670,0,0.0,0.0,0.0,0.0,1.704,0.0
1784631824.189366,0,0,90680,0,0.0,0.0,0.0,0.0,1.704,0.0
1784631824.190536,0,0,90690,0,0.0,0.0,0.0,0.0,1.704,0.0
1784631824.1917598,0,0,90700,0,0.0,0.0,0.0,0.0,1.703,0.0
1784631824.1929145,0,0,90710,0,0.0,0.0,0.0,0.0,1.703,0.0
1784631824.2984164,0,0,90720,0,0.0,0.0,0.0,0.0,1.703,0.0
1784631824.3000247,0,0,90730,0,0.0,0.0,0.0,0.0,1.703,0.0
1784631824.301271,0,0,90740,0,0.0,0.0,0.0,0.0,1.703,0.0
1784631824.3024597,0,0,90750,0,0.0,0.0,0.0,0.0,1.702,0.0
1784631824.303953,0,0,90760,0,0.0,0.0,0.0,0.0,1.702,0.0
1784631824.3057106,0,0,90770,0,0.0,0.0,0.0,0.0,1.702,0.0
1784631824.3073528,0,0,90780,0,0.0,0.0,0.0,0.0,1.702,0.0
1784631824.3087037,0,0,90790,0,0.0,0.0,0.0,0.0,1.702,0.0
1784631824.3098538,0,0,90800,0,0.0,0.0,0.0,0.0,1.701,0.0
1784631824.311132,0,0,90810,0,0.0,0.0,0.0,0.0,1.701,0.0
1784631824.4184127,0,0,90820,0,0.0,0.0,0.0,0.0,1.701,0.0
1784631824.4198549,0,0,90830,0,0.0,0.0,0.0,0.0,1.701,0.0
1784631824.4209995,0,0,90840,0,0.0,0.0,0.0,0.0,1.701,0.0
1784631824.4222515,0,0,90850,0,0.0,0.0,0.0,0.0,1.701,0.0
1784631824.4233308,0,0,90860,0,0.0,0.0,0.0,0.0,1.7,0.0
1784631824.4243915,0,0,90870,0,0.0,0.0,0.0,0.0,1.7,0.0
1784631824.4254467,0,0,90880,0,0.0,0.0,0.0,0.0,1.7,0.0
1784631824.426559,0,0,90890,0,0.0,0.0,0.0,0.0,1.7,0.0
1784631824.4276943,0,0,90900,0,0.0,0.0,0.0,0.0,1.7,0.0
1784631824.4287426,0,0,90910,0,0.0,0.0,0.0,0.0,1.699,0.0
1784631824.4298458,0,0,90920,0,0.0,0.0,0.0,0.0,1.699,0.0
1784631824.540204,0,0,90930,0,0.0,0.0,0.0,0.0,1.699,0.0
1784631824.5429075,0,0,90940,0,0.0,0.0,0.0,0.0,1.699,0.0
1784631824.5450327,0,0,90950,0,0.0,0.0,0.0,0.0,1.699,0.0
1784631824.5468743,0,0,90960,0,0.0,0.0,0.0,0.0,1.699,0.0
1784631824.54815,0,0,90970,0,0.0,0.0,0.0,0.0,1.698,0.0
1784631824.549231,0,0,90980,0,0.0,0.0,0.0,0.0,1.698,0.0
1784631824.5503843,0,0,90990,0,0.0,0.0,0.0,0.0,1.698,0.0
1784631824.5514529,0,0,91000,0,0.0,0.0,0.0,0.0,1.698,0.0
1784631824.5524511,0,0,91010,0,0.0,0.0,0.0,0.0,1.698,0.0
1784631824.5535462,0,0,91020,0,0.0,0.0,0.0,0.0,1.697,0.0
1784631824.5550756,0,0,91030,0,0.0,0.0,0.0,0.0,1.697,0.0
1784631824.6602814,0,0,91040,0,0.0,0.0,0.0,0.0,1.697,0.0
1784631824.6620862,0,0,91050,0,0.0,0.0,0.0,0.0,1.697,0.0
1784631824.6637433,0,0,91060,0,0.0,0.0,0.0,0.0,1.697,0.0
1784631824.665333,0,0,91070,0,0.0,0.0,0.0,0.0,1.696,0.0
1784631824.6674922,0,0,91080,0,0.0,0.0,0.0,0.0,1.696,0.0
1784631824.6698534,0,0,91090,0,0.0,0.0,0.0,0.0,1.696,0.0
1784631824.67152,0,0,91100,0,0.0,0.0,0.0,0.0,1.696,0.0
1784631824.6737761,0,0,91110,0,0.0,0.0,0.0,0.0,1.696,0.0
1784631824.781002,0,0,91120,0,0.0,0.0,0.0,0.0,1.696,0.0
1784631824.7823846,0,0,91130,0,0.0,0.0,0.0,0.0,1.695,0.0
1784631824.783641,0,0,91140,0,0.0,0.0,0.0,0.0,1.695,0.0
1784631824.7848046,0,0,91150,0,0.0,0.0,0.0,0.0,1.695,0.0
1784631824.7860076,0,0,91160,0,0.0,0.0,0.0,0.0,1.695,0.0
1784631824.7871108,0,0,91170,0,0.0,0.0,0.0,0.0,1.695,0.0
1784631824.900831,0,0,91180,0,0.0,0.0,0.0,0.0,1.694,0.0
1784631824.902272,0,0,91190,0,0.0,0.0,0.0,0.0,1.694,0.0
1784631824.9034443,0,0,91200,0,0.0,0.0,0.0,0.0,1.694,0.0
1784631824.9045756,0,0,91210,0,0.0,0.0,0.0,0.0,1.694,0.0
1784631824.905756,0,0,91220,0,0.0,0.0,0.0,0.0,1.694,0.0
1784631824.906883,0,0,91230,0,0.0,0.0,0.0,0.0,1.693,0.0
1784631824.9079943,0,0,91240,0,0.0,0.0,0.0,0.0,1.693,0.0
1784631824.9091408,0,0,91250,0,0.0,0.0,0.0,0.0,1.693,0.0
1784631824.9102855,0,0,91260,0,0.0,0.0,0.0,0.0,1.693,0.0
1784631824.911527,0,0,91270,0,0.0,0.0,0.0,0.0,1.693,0.0
1784631824.913048,0,0,91280,0,0.0,0.0,0.0,0.0,1.693,0.0
1784631825.0179317,0,0,91290,0,0.0,0.0,0.0,0.0,1.692,0.0
1784631825.019295,0,0,91300,0,0.0,0.0,0.0,0.0,1.692,0.0
1784631825.0204763,0,0,91310,0,0.0,0.0,0.0,0.0,1.692,0.0
1784631825.021666,0,0,91320,0,0.0,0.0,0.0,0.0,1.692,0.0
1784631825.0230083,0,0,91330,0,0.0,0.0,0.0,0.0,1.692,0.0
1784631825.0242805,0,0,91340,0,0.0,0.0,0.0,0.0,1.691,0.0
1784631825.0258813,0,0,91350,0,0.0,0.0,0.0,0.0,1.691,0.0
1784631825.0273683,0,0,91360,0,0.0,0.0,0.0,0.0,1.691,0.0
1784631825.028572,0,0,91370,0,0.0,0.0,0.0,0.0,1.691,0.0
1784631825.0299141,0,0,91380,0,0.0,0.0,0.0,0.0,1.691,0.0
1784631825.0312035,0,0,91390,0,0.0,0.0,0.0,0.0,1.691,0.0
1784631825.032276,0,0,91400,0,0.0,0.0,0.0,0.0,1.69,0.0
1784631825.1369321,0,0,91410,0,0.0,0.0,0.0,0.0,1.69,0.0
1784631825.1386118,0,0,91420,0,0.0,0.0,0.0,0.0,1.69,0.0
1784631825.139858,0,0,91430,0,0.0,0.0,0.0,0.0,1.69,0.0
1784631825.1410093,0,0,91440,0,0.0,0.0,0.0,0.0,1.69,0.0
1784631825.1421528,0,0,91450,0,0.0,0.0,0.0,0.0,1.689,0.0
1784631825.1432667,0,0,91460,0,0.0,0.0,0.0,0.0,1.689,0.0
1784631825.144456,0,0,91470,0,0.0,0.0,0.0,0.0,1.689,0.0
1784631825.145626,0,0,91480,0,0.0,0.0,0.0,0.0,1.689,0.0
1784631825.146761,0,0,91490,0,0.0,0.0,0.0,0.0,1.689,0.0
1784631825.148049,0,0,91500,0,0.0,0.0,0.0,0.0,1.688,0.0
1784631825.1493936,0,0,91510,0,0.0,0.0,0.0,0.0,1.688,0.0
1784631825.1511428,0,0,91520,0,0.0,0.0,0.0,0.0,1.688,0.0
1784631825.1526165,0,0,91530,0,0.0,0.0,0.0,0.0,1.688,0.0
1784631825.2695434,0,0,91540,0,0.0,0.0,0.0,0.0,1.688,0.0
1784631825.2715948,0,0,91550,0,0.0,0.0,0.0,0.0,1.688,0.0
1784631825.2731893,0,0,91560,0,0.0,0.0,0.0,0.0,1.687,0.0
1784631825.2742898,0,0,91570,0,0.0,0.0,0.0,0.0,1.687,0.0
1784631825.275448,0,0,91580,0,0.0,0.0,0.0,0.0,1.687,0.0
1784631825.2769003,0,0,91590,0,0.0,0.0,0.0,0.0,1.687,0.0
1784631825.277947,0,0,91600,0,0.0,0.0,0.0,0.0,1.687,0.0
1784631825.278999,0,0,91610,0,0.0,0.0,0.0,0.0,1.686,0.0
1784631825.2801483,0,0,91620,0,0.0,0.0,0.0,0.0,1.686,0.0
1784631825.2812276,0,0,91630,0,0.0,0.0,0.0,0.0,1.686,0.0
1784631825.2831726,0,0,91640,0,0.0,0.0,0.0,0.0,1.686,0.0
1784631825.2846305,0,0,91650,0,0.0,0.0,0.0,0.0,1.686,0.0
1784631825.3953154,0,0,91660,0,0.0,0.0,0.0,0.0,1.686,0.0
1784631825.3969572,0,0,91670,0,0.0,0.0,0.0,0.0,1.685,0.0
1784631825.3983035,0,0,91680,0,0.0,0.0,0.0,0.0,1.685,0.0
1784631825.3995082,0,0,91690,0,0.0,0.0,0.0,0.0,1.685,0.0
1784631825.4015114,0,0,91700,0,0.0,0.0,0.0,0.0,1.685,0.0
1784631825.4030473,0,0,91710,0,0.0,0.0,0.0,0.0,1.685,0.0
1784631825.4042897,0,0,91720,0,0.0,0.0,0.0,0.0,1.684,0.0
1784631825.4054875,0,0,91730,0,0.0,0.0,0.0,0.0,1.684,0.0
1784631825.4067807,0,0,91740,0,0.0,0.0,0.0,0.0,1.684,0.0
1784631825.4078803,0,0,91750,0,0.0,0.0,0.0,0.0,1.684,0.0
1784631825.4090252,0,0,91760,0,0.0,0.0,0.0,0.0,1.684,0.0
1784631825.4101431,0,0,91770,0,0.0,0.0,0.0,0.0,1.684,0.0
1784631825.529837,0,0,91780,0,0.0,0.0,0.0,0.0,1.683,0.0
1784631825.5313013,0,0,91790,0,0.0,0.0,0.0,0.0,1.683,0.0
1784631825.5325634,0,0,91800,0,0.0,0.0,0.0,0.0,1.683,0.0
1784631825.5336905,0,0,91810,0,0.0,0.0,0.0,0.0,1.683,0.0
1784631825.5348628,0,0,91820,0,0.0,0.0,0.0,0.0,1.683,0.0
1784631825.5359766,0,0,91830,0,0.0,0.0,0.0,0.0,1.682,0.0
1784631825.537157,0,0,91840,0,0.0,0.0,0.0,0.0,1.682,0.0
1784631825.5382986,0,0,91850,0,0.0,0.0,0.0,0.0,1.682,0.0
1784631825.5393357,0,0,91860,0,0.0,0.0,0.0,0.0,1.682,0.0
1784631825.5404065,0,0,91870,0,0.0,0.0,0.0,0.0,1.682,0.0
1784631825.5427139,0,0,91880,0,0.0,0.0,0.0,0.0,1.682,0.0
1784631825.6478329,0,0,91890,0,0.0,0.0,0.0,0.0,1.681,0.0
1784631825.6503353,0,0,91900,0,0.0,0.0,0.0,0.0,1.681,0.0
1784631825.6528902,0,0,91910,0,0.0,0.0,0.0,0.0,1.681,0.0
1784631825.654509,0,0,91920,0,0.0,0.0,0.0,0.0,1.681,0.0
1784631825.656116,0,0,91930,0,0.0,0.0,0.0,0.0,1.681,0.0
1784631825.6575503,0,0,91940,0,0.0,0.0,0.0,0.0,1.681,0.0
1784631825.6590335,0,0,91950,0,0.0,0.0,0.0,0.0,1.681,0.0
1784631825.6607378,0,0,91960,0,0.0,0.0,0.0,0.0,1.681,0.0
1784631825.6623538,0,0,91970,0,0.0,0.0,0.0,0.0,1.681,0.0
1784631825.6639285,0,0,91980,0,0.0,0.0,0.0,0.0,1.681,0.0
1784631825.6654458,0,0,91990,0,0.0,0.0,0.0,0.0,1.681,0.0
1784631825.6679492,0,0,92000,0,0.0,0.0,0.0,0.0,1.681,0.0
1784631825.670121,0,0,92010,0,0.0,0.0,0.0,0.0,1.681,0.0
1784631825.6724975,0,0,92020,0,0.0,0.0,0.0,0.0,1.682,0.0
1784631825.677879,0,0,92030,0,0.0,0.0,0.0,0.0,1.682,0.0
1784631825.6804545,0,0,92040,0,0.0,0.0,0.0,0.0,1.682,0.0
1784631825.6830313,0,0,92050,0,0.0,0.0,0.0,0.0,1.682,0.0
1784631825.6847022,0,0,92060,0,0.0,0.0,0.0,0.0,1.682,0.0
1784631825.6859858,0,0,92070,0,0.0,0.0,0.0,0.0,1.682,0.0
1784631825.687243,0,0,92080,0,0.0,0.0,0.0,0.0,1.682,0.0
1784631825.6888747,0,0,92090,0,0.0,0.0,0.0,0.0,1.682,0.0
1784631825.6901772,0,0,92100,0,0.0,0.0,0.0,0.0,1.682,0.0
1784631825.691372,0,0,92110,0,0.0,0.0,0.0,0.0,1.682,0.0
1784631825.6926525,0,0,92120,0,0.0,0.0,0.0,0.0,1.682,0.0
1784631825.828397,0,0,92130,0,0.0,0.0,0.0,0.0,1.682,0.0
1784631825.829798,0,0,92140,0,0.0,0.0,0.0,0.0,1.682,0.0
1784631825.8308897,0,0,92150,0,0.0,0.0,0.0,0.0,1.682,0.0
1784631825.8319373,0,0,92160,0,0.0,0.0,0.0,0.0,1.682,0.0
1784631825.8330667,0,0,92170,0,0.0,0.0,0.0,0.0,1.682,0.0
1784631825.8341627,0,0,92180,0,0.0,0.0,0.0,0.0,1.682,0.0
1784631825.835436,0,0,92190,0,0.0,0.0,0.0,0.0,1.682,0.0
1784631825.8367922,0,0,92200,0,0.0,0.0,0.0,0.0,1.682,0.0
1784631825.8378704,0,0,92210,0,0.0,0.0,0.0,0.0,1.682,0.0
1784631825.838936,0,0,92220,0,0.0,0.0,0.0,0.0,1.682,0.0
1784631825.840065,0,0,92230,0,0.0,0.0,0.0,0.0,1.682,0.0
1784631825.8411872,0,0,92240,0,0.0,0.0,0.0,0.0,1.682,0.0
1784631825.842481,0,0,92250,0,0.0,0.0,0.0,0.0,1.682,0.0
1784631825.843627,0,0,92260,0,0.0,0.0,0.0,0.0,1.683,0.0
1784631825.8446612,0,0,92270,0,0.0,0.0,0.0,0.0,1.683,0.0
1784631825.845676,0,0,92280,0,0.0,0.0,0.0,0.0,1.683,0.0
1784631825.8467731,0,0,92290,0,0.0,0.0,0.0,0.0,1.683,0.0
1784631825.847779,0,0,92300,0,0.0,0.0,0.0,0.0,1.683,0.0
1784631825.8488786,0,0,92310,0,0.0,0.0,0.0,0.0,1.683,0.0
1784631825.8499417,0,0,92320,0,0.0,0.0,0.0,0.0,1.683,0.0
1784631825.8517568,0,0,92330,0,0.0,0.0,0.0,0.0,1.683,0.0
1784631825.8532164,0,0,92340,0,0.0,0.0,0.0,0.0,1.683,0.0
1784631825.8552787,0,0,92350,0,0.0,0.0,0.0,0.0,1.683,0.0
1784631825.8568313,0,0,92360,0,0.0,0.0,0.0,0.0,1.683,0.0
1784631825.8579326,0,0,92370,0,0.0,0.0,0.0,0.0,1.683,0.0
1784631825.859491,0,0,92380,0,0.0,0.0,0.0,0.0,1.683,0.0
1784631825.8607113,0,0,92390,0,0.0,0.0,0.0,0.0,1.683,0.0
1784631825.8617558,0,0,92400,0,0.0,0.0,0.0,0.0,1.683,0.0
1784631825.86277,0,0,92410,0,0.0,0.0,0.0,0.0,1.683,0.0
1784631825.8639367,0,0,92420,0,0.0,0.0,0.0,0.0,1.683,0.0
1784631825.865263,0,0,92430,0,0.0,0.0,0.0,0.0,1.683,0.0
1784631825.8665485,0,0,92440,0,0.0,0.0,0.0,0.0,1.683,0.0
1784631825.974882,0,0,92450,0,0.0,0.0,0.0,0.0,1.683,0.0
1784631825.9765458,0,0,92460,0,0.0,0.0,0.0,0.0,1.682,0.0
1784631825.9778821,0,0,92470,0,0.0,0.0,0.0,0.0,1.682,0.0
1784631825.979797,0,0,92480,0,0.0,0.0,0.0,0.0,1.682,0.0
1784631825.9816594,0,0,92490,0,0.0,0.0,0.0,0.0,1.682,0.0
1784631825.982891,0,0,92500,0,0.0,0.0,0.0,0.0,1.682,0.0
1784631825.9839952,0,0,92510,0,0.0,0.0,0.0,0.0,1.682,0.0
1784631825.9851015,0,0,92520,0,0.0,0.0,0.0,0.0,1.681,0.0
1784631825.9861598,0,0,92530,0,0.0,0.0,0.0,0.0,1.681,0.0
1784631825.987335,0,0,92540,0,0.0,0.0,0.0,0.0,1.681,0.0
1784631826.0942302,0,0,92550,0,0.0,0.0,0.0,0.0,1.681,0.0
1784631826.0994291,0,0,92560,0,0.0,0.0,0.0,0.0,1.681,0.0
1784631826.1020331,0,0,92570,0,0.0,0.0,0.0,0.0,1.68,0.0
1784631826.1042862,0,0,92580,0,0.0,0.0,0.0,0.0,1.68,0.0
1784631826.1086457,0,0,92590,0,0.0,0.0,0.0,0.0,1.68,0.0
1784631826.1113207,0,0,92600,0,0.0,0.0,0.0,0.0,1.68,0.0
1784631826.116762,0,0,92610,0,0.0,0.0,0.0,0.0,1.68,0.0
1784631826.1191678,0,0,92620,0,0.0,0.0,0.0,0.0,1.68,0.0
1784631826.1245124,0,0,92630,0,0.0,0.0,0.0,0.0,1.679,0.0
1784631826.1270666,0,0,92640,0,0.0,0.0,0.0,0.0,1.679,0.0
1784631826.1313956,0,0,92650,0,0.0,0.0,0.0,0.0,1.679,0.0
1784631826.133172,0,0,92660,0,0.0,0.0,0.0,0.0,1.679,0.0
1784631826.134307,0,0,92670,0,0.0,0.0,0.0,0.0,1.679,0.0
1784631826.1385484,0,0,92680,0,0.0,0.0,0.0,0.0,1.678,0.0
1784631826.248515,0,0,92690,0,0.0,0.0,0.0,0.0,1.678,0.0
1784631826.2522626,0,0,92700,0,0.0,0.0,0.0,0.0,1.678,0.0
1784631826.256581,0,0,92710,0,0.0,0.0,0.0,0.0,1.678,0.0
1784631826.258713,0,0,92720,0,0.0,0.0,0.0,0.0,1.678,0.0
1784631826.2620876,0,0,92730,0,0.0,0.0,0.0,0.0,1.678,0.0
1784631826.265635,0,0,92740,0,0.0,0.0,0.0,0.0,1.677,0.0
1784631826.2727187,0,0,92750,0,0.0,0.0,0.0,0.0,1.677,0.0
1784631826.2754793,0,0,92760,0,0.0,0.0,0.0,0.0,1.677,0.0
1784631826.2779279,0,0,92770,0,0.0,0.0,0.0,0.0,1.677,0.0
1784631826.2814374,0,0,92780,0,0.0,0.0,0.0,0.0,1.677,0.0
1784631826.2856002,0,0,92790,0,0.0,0.0,0.0,0.0,1.676,0.0
1784631826.2897294,0,0,92800,0,0.0,0.0,0.0,0.0,1.676,0.0
1784631826.2940702,0,0,92810,0,0.0,0.0,0.0,0.0,1.676,0.0
1784631826.298564,0,0,92820,0,0.0,0.0,0.0,0.0,1.676,0.0
1784631826.3048117,0,0,92830,0,0.0,0.0,0.0,0.0,1.676,0.0
1784631826.307648,0,0,92840,0,0.0,0.0,0.0,0.0,1.676,0.0
1784631826.3122306,0,0,92850,0,0.0,0.0,0.0,0.0,1.675,0.0
1784631826.3157158,0,0,92860,0,0.0,0.0,0.0,0.0,1.675,0.0
1784631826.322926,0,0,92870,0,0.0,0.0,0.0,0.0,1.675,0.0
1784631826.429739,0,0,92880,0,0.0,0.0,0.0,0.0,1.675,0.0
1784631826.4318185,0,0,92890,0,0.0,0.0,0.0,0.0,1.675,0.0
1784631826.4347332,0,0,92900,0,0.0,0.0,0.0,0.0,1.674,0.0
1784631826.4393268,0,0,92910,0,0.0,0.0,0.0,0.0,1.674,0.0
1784631826.4435618,0,0,92920,0,0.0,0.0,0.0,0.0,1.674,0.0
1784631826.4458194,0,0,92930,0,0.0,0.0,0.0,0.0,1.674,0.0
1784631826.4499688,0,0,92940,0,0.0,0.0,0.0,0.0,1.674,0.0
1784631826.4583695,0,0,92950,0,0.0,0.0,0.0,0.0,1.674,0.0
1784631826.4604754,0,0,92960,0,0.0,0.0,0.0,0.0,1.673,0.0
1784631826.462424,0,0,92970,0,0.0,0.0,0.0,0.0,1.673,0.0
1784631826.466339,0,0,92980,0,0.0,0.0,0.0,0.0,1.673,0.0
1784631826.4739735,0,0,92990,0,0.0,0.0,0.0,0.0,1.673,0.0
1784631826.4779673,0,0,93000,0,0.0,0.0,0.0,0.0,1.673,0.0
1784631826.4826326,0,0,93010,0,0.0,0.0,0.0,0.0,1.673,0.0
1784631826.485666,0,0,93020,0,0.0,0.0,0.0,0.0,1.672,0.0
1784631826.4880476,0,0,93030,0,0.0,0.0,0.0,0.0,1.672,0.0
1784631826.4897978,0,0,93040,0,0.0,0.0,0.0,0.0,1.672,0.0
1784631826.491358,0,0,93050,0,0.0,0.0,0.0,0.0,1.672,0.0
1784631826.5966609,0,0,93060,0,0.0,0.0,0.0,0.0,1.672,0.0
1784631826.6007009,0,0,93070,0,0.0,0.0,0.0,0.0,1.671,0.0
1784631826.6077466,0,0,93080,0,0.0,0.0,0.0,0.0,1.671,0.0
1784631826.6107495,0,0,93090,0,0.0,0.0,0.0,0.0,1.671,0.0
1784631826.6129568,0,0,93100,0,0.0,0.0,0.0,0.0,1.671,0.0
1784631826.6145685,0,0,93110,0,0.0,0.0,0.0,0.0,1.671,0.0
1784631826.6160998,0,0,93120,0,0.0,0.0,0.0,0.0,1.671,0.0
1784631826.6177125,0,0,93130,0,0.0,0.0,0.0,0.0,1.67,0.0
1784631826.620553,0,0,93140,0,0.0,0.0,0.0,0.0,1.67,0.0
1784631826.6242971,0,0,93150,0,0.0,0.0,0.0,0.0,1.67,0.0
1784631826.6272013,0,0,93160,0,0.0,0.0,0.0,0.0,1.67,0.0
1784631826.630415,0,0,93170,0,0.0,0.0,0.0,0.0,1.67,0.0
1784631826.6325212,0,0,93180,0,0.0,0.0,0.0,0.0,1.669,0.0
1784631826.6338875,0,0,93190,0,0.0,0.0,0.0,0.0,1.669,0.0
1784631826.6355429,0,0,93200,0,0.0,0.0,0.0,0.0,1.669,0.0
1784631826.6412137,0,0,93210,0,0.0,0.0,0.0,0.0,1.669,0.0
1784631826.643811,0,0,93220,0,0.0,0.0,0.0,0.0,1.669,0.0
1784631826.6459866,0,0,93230,0,0.0,0.0,0.0,0.0,1.669,0.0
1784631826.7572386,0,0,93240,0,0.0,0.0,0.0,0.0,1.668,0.0
1784631826.7588227,0,0,93250,0,0.0,0.0,0.0,0.0,1.668,0.0
1784631826.762546,0,0,93260,0,0.0,0.0,0.0,0.0,1.668,0.0
1784631826.7663121,0,0,93270,0,0.0,0.0,0.0,0.0,1.668,0.0
1784631826.7688334,0,0,93280,0,0.0,0.0,0.0,0.0,1.668,0.0
1784631826.7705414,0,0,93290,0,0.0,0.0,0.0,0.0,1.667,0.0
1784631826.773821,0,0,93300,0,0.0,0.0,0.0,0.0,1.667,0.0
1784631826.7784383,0,0,93310,0,0.0,0.0,0.0,0.0,1.667,0.0
1784631826.783029,0,0,93320,0,0.0,0.0,0.0,0.0,1.667,0.0
1784631826.7854187,0,0,93330,0,0.0,0.0,0.0,0.0,1.667,0.0
1784631826.7973495,0,0,93340,0,0.0,0.0,0.0,0.0,1.667,0.0
1784631826.8008325,0,0,93350,0,0.0,0.0,0.0,0.0,1.666,0.0
1784631826.8036554,0,0,93360,0,0.0,0.0,0.0,0.0,1.666,0.0
1784631826.806003,0,0,93370,0,0.0,0.0,0.0,0.0,1.666,0.0
1784631826.8082569,0,0,93380,0,0.0,0.0,0.0,0.0,1.666,0.0
1784631826.8106196,0,0,93390,0,0.0,0.0,0.0,0.0,1.666,0.0
1784631826.8181312,0,0,93400,0,0.0,0.0,0.0,0.0,1.666,0.0
1784631826.8277512,0,0,93410,0,0.0,0.0,0.0,0.0,1.665,0.0
1784631826.9355004,0,0,93420,0,0.0,0.0,0.0,0.0,1.665,0.0
1784631826.9373124,0,0,93430,0,0.0,0.0,0.0,0.0,1.665,0.0
1784631826.9388113,0,0,93440,0,0.0,0.0,0.0,0.0,1.665,0.0
1784631826.9404128,0,0,93450,0,0.0,0.0,0.0,0.0,1.665,0.0
1784631826.9425387,0,0,93460,0,0.0,0.0,0.0,0.0,1.664,0.0
1784631826.9501956,0,0,93470,0,0.0,0.0,0.0,0.0,1.664,0.0
1784631826.9522893,0,0,93480,0,0.0,0.0,0.0,0.0,1.664,0.0
1784631826.9554236,0,0,93490,0,0.0,0.0,0.0,0.0,1.664,0.0
1784631826.9590957,0,0,93500,0,0.0,0.0,0.0,0.0,1.664,0.0
1784631826.96143,0,0,93510,0,0.0,0.0,0.0,0.0,1.664,0.0
1784631826.9652078,0,0,93520,0,0.0,0.0,0.0,0.0,1.663,0.0
1784631826.9685767,0,0,93530,0,0.0,0.0,0.0,0.0,1.663,0.0
1784631826.9714062,0,0,93540,0,0.0,0.0,0.0,0.0,1.663,0.0
1784631826.975702,0,0,93550,0,0.0,0.0,0.0,0.0,1.663,0.0
1784631826.9810266,0,0,93560,0,0.0,0.0,0.0,0.0,1.663,0.0
1784631826.9833932,0,0,93570,0,0.0,0.0,0.0,0.0,1.663,0.0
1784631826.9857533,0,0,93580,0,0.0,0.0,0.0,0.0,1.662,0.0
1784631827.0920258,0,0,93590,0,0.0,0.0,0.0,0.0,1.662,0.0
1784631827.093382,0,0,93600,0,0.0,0.0,0.0,0.0,1.662,0.0
1784631827.0947208,0,0,93610,0,0.0,0.0,0.0,0.0,1.662,0.0
1784631827.095884,0,0,93620,0,0.0,0.0,0.0,0.0,1.662,0.0
1784631827.0972626,0,0,93630,0,0.0,0.0,0.0,0.0,1.661,0.0
1784631827.0985198,0,0,93640,0,0.0,0.0,0.0,0.0,1.661,0.0
1784631827.0997038,0,0,93650,0,0.0,0.0,0.0,0.0,1.661,0.0
1784631827.1009529,0,0,93660,0,0.0,0.0,0.0,0.0,1.661,0.0
1784631827.102142,0,0,93670,0,0.0,0.0,0.0,0.0,1.661,0.0
1784631827.1039426,0,0,93680,0,0.0,0.0,0.0,0.0,1.661,0.0
1784631827.1074038,0,0,93690,0,0.0,0.0,0.0,0.0,1.66,0.0
1784631827.1100075,0,0,93700,0,0.0,0.0,0.0,0.0,1.66,0.0
1784631827.1117344,0,0,93710,0,0.0,0.0,0.0,0.0,1.66,0.0
1784631827.1132238,0,0,93720,0,0.0,0.0,0.0,0.0,1.66,0.0
1784631827.1148076,0,0,93730,0,0.0,0.0,0.0,0.0,1.66,0.0
1784631827.1162565,0,0,93740,0,0.0,0.0,0.0,0.0,1.659,0.0
1784631827.2208593,0,0,93750,0,0.0,0.0,0.0,0.0,1.659,0.0
1784631827.2223468,0,0,93760,0,0.0,0.0,0.0,0.0,1.659,0.0
1784631827.2235706,0,0,93770,0,0.0,0.0,0.0,0.0,1.659,0.0
1784631827.2249749,0,0,93780,0,0.0,0.0,0.0,0.0,1.659,0.0
1784631827.226158,0,0,93790,0,0.0,0.0,0.0,0.0,1.659,0.0
1784631827.22738,0,0,93800,0,0.0,0.0,0.0,0.0,1.658,0.0
1784631827.2287652,0,0,93810,0,0.0,0.0,0.0,0.0,1.658,0.0
1784631827.2309275,0,0,93820,0,0.0,0.0,0.0,0.0,1.658,0.0
1784631827.2326195,0,0,93830,0,0.0,0.0,0.0,0.0,1.658,0.0
1784631827.234694,0,0,93840,0,0.0,0.0,0.0,0.0,1.658,0.0
1784631827.23638,0,0,93850,0,0.0,0.0,0.0,0.0,1.658,0.0
1784631827.2379408,0,0,93860,0,0.0,0.0,0.0,0.0,1.657,0.0
1784631827.2393847,0,0,93870,0,0.0,0.0,0.0,0.0,1.657,0.0
1784631827.2412782,0,0,93880,0,0.0,0.0,0.0,0.0,1.657,0.0
1784631827.350533,0,0,93890,0,0.0,0.0,0.0,0.0,1.657,0.0
1784631827.3518705,0,0,93900,0,0.0,0.0,0.0,0.0,1.657,0.0
1784631827.352955,0,0,93910,0,0.0,0.0,0.0,0.0,1.656,0.0
1784631827.3550608,0,0,93920,0,0.0,0.0,0.0,0.0,1.656,0.0
1784631827.3567991,0,0,93930,0,0.0,0.0,0.0,0.0,1.656,0.0
1784631827.3614957,0,0,93940,0,0.0,0.0,0.0,0.0,1.656,0.0
1784631827.363557,0,0,93950,0,0.0,0.0,0.0,0.0,1.656,0.0
1784631827.3653235,0,0,93960,0,0.0,0.0,0.0,0.0,1.656,0.0
1784631827.3678188,0,0,93970,0,0.0,0.0,0.0,0.0,1.655,0.0
1784631827.3712437,0,0,93980,0,0.0,0.0,0.0,0.0,1.655,0.0
1784631827.3740313,0,0,93990,0,0.0,0.0,0.0,0.0,1.655,0.0
1784631827.3791611,0,0,94000,0,0.0,0.0,0.0,0.0,1.655,0.0
1784631827.384054,0,0,94010,0,0.0,0.0,0.0,0.0,1.655,0.0
1784631827.494267,0,0,94020,0,0.0,0.0,0.0,0.0,1.655,0.0
1784631827.4980829,0,0,94030,0,0.0,0.0,0.0,0.0,1.654,0.0
1784631827.5009139,0,0,94040,0,0.0,0.0,0.0,0.0,1.654,0.0
1784631827.5041032,0,0,94050,0,0.0,0.0,0.0,0.0,1.654,0.0
1784631827.5076067,0,0,94060,0,0.0,0.0,0.0,0.0,1.654,0.0
1784631827.5109189,0,0,94070,0,0.0,0.0,0.0,0.0,1.654,0.0
1784631827.515447,0,0,94080,0,0.0,0.0,0.0,0.0,1.653,0.0
1784631827.5180907,0,0,94090,0,0.0,0.0,0.0,0.0,1.653,0.0
1784631827.5202773,0,0,94100,0,0.0,0.0,0.0,0.0,1.653,0.0
1784631827.5221078,0,0,94110,0,0.0,0.0,0.0,0.0,1.653,0.0
1784631827.524026,0,0,94120,0,0.0,0.0,0.0,0.0,1.653,0.0
1784631827.5285914,0,0,94130,0,0.0,0.0,0.0,0.0,1.653,0.0
1784631827.5324254,0,0,94140,0,0.0,0.0,0.0,0.0,1.652,0.0
1784631827.5368998,0,0,94150,0,0.0,0.0,0.0,0.0,1.652,0.0
1784631827.5402486,0,0,94160,0,0.0,0.0,0.0,0.0,1.652,0.0
1784631827.54371,0,0,94170,0,0.0,0.0,0.0,0.0,1.652,0.0
1784631827.54599,0,0,94180,0,0.0,0.0,0.0,0.0,1.652,0.0
1784631827.6802728,0,0,94190,0,0.0,0.0,0.0,0.0,1.652,0.0
1784631827.6823542,0,0,94200,0,0.0,0.0,0.0,0.0,1.651,0.0
1784631827.6844194,0,0,94210,0,0.0,0.0,0.0,0.0,1.651,0.0
1784631827.6872795,0,0,94220,0,0.0,0.0,0.0,0.0,1.651,0.0
1784631827.6896687,0,0,94230,0,0.0,0.0,0.0,0.0,1.651,0.0
1784631827.6920266,0,0,94240,0,0.0,0.0,0.0,0.0,1.651,0.0
1784631827.6958325,0,0,94250,0,0.0,0.0,0.0,0.0,1.651,0.0
1784631827.7007658,0,0,94260,0,0.0,0.0,0.0,0.0,1.65,0.0
1784631827.7031958,0,0,94270,0,0.0,0.0,0.0,0.0,1.65,0.0
1784631827.7051322,0,0,94280,0,0.0,0.0,0.0,0.0,1.65,0.0
1784631827.7069378,0,0,94290,0,0.0,0.0,0.0,0.0,1.65,0.0
1784631827.708821,0,0,94300,0,0.0,0.0,0.0,0.0,1.65,0.0
1784631827.710689,0,0,94310,0,0.0,0.0,0.0,0.0,1.649,0.0
1784631827.7177496,0,0,94320,0,0.0,0.0,0.0,0.0,1.649,0.0
1784631827.7204883,0,0,94330,0,0.0,0.0,0.0,0.0,1.649,0.0
1784631827.8278494,0,0,94340,0,0.0,0.0,0.0,0.0,1.649,0.0
1784631827.8307977,0,0,94350,0,0.0,0.0,0.0,0.0,1.649,0.0
1784631827.832752,0,0,94360,0,0.0,0.0,0.0,0.0,1.649,0.0
1784631827.8344343,0,0,94370,0,0.0,0.0,0.0,0.0,1.648,0.0
1784631827.8360133,0,0,94380,0,0.0,0.0,0.0,0.0,1.648,0.0
1784631827.8388438,0,0,94390,0,0.0,0.0,0.0,0.0,1.648,0.0
1784631827.8436146,0,0,94400,0,0.0,0.0,0.0,0.0,1.648,0.0
1784631827.8487136,0,0,94410,0,0.0,0.0,0.0,0.0,1.648,0.0
1784631827.8520179,0,0,94420,0,0.0,0.0,0.0,0.0,1.648,0.0
1784631827.856346,0,0,94430,0,0.0,0.0,0.0,0.0,1.647,0.0
1784631827.8597772,0,0,94440,0,0.0,0.0,0.0,0.0,1.647,0.0
1784631827.8625326,0,0,94450,0,0.0,0.0,0.0,0.0,1.647,0.0
1784631827.8649008,0,0,94460,0,0.0,0.0,0.0,0.0,1.647,0.0
1784631827.8666399,0,0,94470,0,0.0,0.0,0.0,0.0,1.647,0.0
1784631827.8682249,0,0,94480,0,0.0,0.0,0.0,0.0,1.646,0.0
1784631827.8703368,0,0,94490,0,0.0,0.0,0.0,0.0,1.646,0.0
1784631827.976398,0,0,94500,0,0.0,0.0,0.0,0.0,1.646,0.0
1784631827.9777687,0,0,94510,0,0.0,0.0,0.0,0.0,1.646,0.0
1784631827.9809444,0,0,94520,0,0.0,0.0,0.0,0.0,1.646,0.0
1784631827.983809,0,0,94530,0,0.0,0.0,0.0,0.0,1.646,0.0
1784631827.9859502,0,0,94540,0,0.0,0.0,0.0,0.0,1.645,0.0
1784631827.9908311,0,0,94550,0,0.0,0.0,0.0,0.0,1.645,0.0
1784631827.9929492,0,0,94560,0,0.0,0.0,0.0,0.0,1.645,0.0
1784631827.9996111,0,0,94570,0,0.0,0.0,0.0,0.0,1.645,0.0
1784631828.002955,0,0,94580,0,0.0,0.0,0.0,0.0,1.645,0.0
1784631828.0093079,0,0,94590,0,0.0,0.0,0.0,0.0,1.645,0.0
1784631828.0142512,0,0,94600,0,0.0,0.0,0.0,0.0,1.644,0.0
1784631828.0168169,0,0,94610,0,0.0,0.0,0.0,0.0,1.644,0.0
1784631828.018562,0,0,94620,0,0.0,0.0,0.0,0.0,1.644,0.0
1784631828.1248937,0,0,94630,0,0.0,0.0,0.0,0.0,1.644,0.0
1784631828.1261935,0,0,94640,0,0.0,0.0,0.0,0.0,1.644,0.0
1784631828.1273465,0,0,94650,0,0.0,0.0,0.0,0.0,1.644,0.0
1784631828.1286423,0,0,94660,0,0.0,0.0,0.0,0.0,1.643,0.0
1784631828.1298742,0,0,94670,0,0.0,0.0,0.0,0.0,1.643,0.0
1784631828.13099,0,0,94680,0,0.0,0.0,0.0,0.0,1.643,0.0
1784631828.1321046,0,0,94690,0,0.0,0.0,0.0,0.0,1.643,0.0
1784631828.1332085,0,0,94700,0,0.0,0.0,0.0,0.0,1.643,0.0
1784631828.1343546,0,0,94710,0,0.0,0.0,0.0,0.0,1.643,0.0
1784631828.1366837,0,0,94720,0,0.0,0.0,0.0,0.0,1.642,0.0
1784631828.138698,0,0,94730,0,0.0,0.0,0.0,0.0,1.642,0.0
1784631828.2427597,0,0,94740,0,0.0,0.0,0.0,0.0,1.642,0.0
1784631828.2451587,0,0,94750,0,0.0,0.0,0.0,0.0,1.642,0.0
1784631828.2466273,0,0,94760,0,0.0,0.0,0.0,0.0,1.642,0.0
1784631828.2478576,0,0,94770,0,0.0,0.0,0.0,0.0,1.641,0.0
1784631828.2491233,0,0,94780,0,0.0,0.0,0.0,0.0,1.641,0.0
1784631828.250358,0,0,94790,0,0.0,0.0,0.0,0.0,1.641,0.0
1784631828.2514703,0,0,94800,0,0.0,0.0,0.0,0.0,1.641,0.0
1784631828.2526243,0,0,94810,0,0.0,0.0,0.0,0.0,1.641,0.0
1784631828.3620596,0,0,94820,0,0.0,0.0,0.0,0.0,1.641,0.0
1784631828.3634903,0,0,94830,0,0.0,0.0,0.0,0.0,1.64,0.0
1784631828.3646924,0,0,94840,0,0.0,0.0,0.0,0.0,1.64,0.0
1784631828.4753737,0,0,94850,0,0.0,0.0,0.0,0.0,1.64,0.0
1784631828.476818,0,0,94860,0,0.0,0.0,0.0,0.0,1.64,0.0
1784631828.4780228,0,0,94870,0,0.0,0.0,0.0,0.0,1.64,0.0
1784631828.4809265,0,0,94880,0,0.0,0.0,0.0,0.0,1.64,0.0
1784631828.4886868,0,0,94890,0,0.0,0.0,0.0,0.0,1.639,0.0
1784631828.491758,0,0,94900,0,0.0,0.0,0.0,0.0,1.639,0.0
1784631828.6008818,0,0,94910,0,0.0,0.0,0.0,0.0,1.639,0.0
1784631828.602761,0,0,94920,0,0.0,0.0,0.0,0.0,1.639,0.0
1784631828.6066144,0,0,94930,0,0.0,0.0,0.0,0.0,1.639,0.0
1784631828.6088388,0,0,94940,0,0.0,0.0,0.0,0.0,1.639,0.0
1784631828.6117692,0,0,94950,0,0.0,0.0,0.0,0.0,1.638,0.0
1784631828.6137593,0,0,94960,0,0.0,0.0,0.0,0.0,1.638,0.0
1784631828.6150851,0,0,94970,0,0.0,0.0,0.0,0.0,1.638,0.0
1784631828.6163547,0,0,94980,0,0.0,0.0,0.0,0.0,1.638,0.0
1784631828.7236152,0,0,94990,0,0.0,0.0,0.0,0.0,1.638,0.0
1784631828.727102,0,0,95000,0,0.0,0.0,0.0,0.0,1.637,0.0
1784631828.7309854,0,0,95010,0,0.0,0.0,0.0,0.0,1.637,0.0
1784631828.733595,0,0,95020,0,0.0,0.0,0.0,0.0,1.637,0.0
1784631828.7353883,0,0,95030,0,0.0,0.0,0.0,0.0,1.637,0.0
1784631828.7380714,0,0,95040,0,0.0,0.0,0.0,0.0,1.637,0.0
1784631828.7403193,0,0,95050,0,0.0,0.0,0.0,0.0,1.637,0.0
1784631828.8494756,0,0,95060,0,0.0,0.0,0.0,0.0,1.636,0.0
1784631828.850941,0,0,95070,0,0.0,0.0,0.0,0.0,1.636,0.0
1784631828.8523462,0,0,95080,0,0.0,0.0,0.0,0.0,1.636,0.0
1784631828.8542829,0,0,95090,0,0.0,0.0,0.0,0.0,1.636,0.0
1784631828.8583872,0,0,95100,0,0.0,0.0,0.0,0.0,1.636,0.0
1784631828.8609304,0,0,95110,0,0.0,0.0,0.0,0.0,1.636,0.0
1784631828.965373,0,0,95120,0,0.0,0.0,0.0,0.0,1.635,0.0
1784631828.966829,0,0,95130,0,0.0,0.0,0.0,0.0,1.635,0.0
1784631828.9682546,0,0,95140,0,0.0,0.0,0.0,0.0,1.635,0.0
1784631828.9696248,0,0,95150,0,0.0,0.0,0.0,0.0,1.635,0.0
1784631828.971021,0,0,95160,0,0.0,0.0,0.0,0.0,1.635,0.0
1784631828.972407,0,0,95170,0,0.0,0.0,0.0,0.0,1.635,0.0
1784631828.9739285,0,0,95180,0,0.0,0.0,0.0,0.0,1.634,0.0
1784631828.9753008,0,0,95190,0,0.0,0.0,0.0,0.0,1.634,0.0
1784631828.9766104,0,0,95200,0,0.0,0.0,0.0,0.0,1.634,0.0
1784631829.084015,0,0,95210,0,0.0,0.0,0.0,0.0,1.634,0.0
1784631829.0891805,0,0,95220,0,0.0,0.0,0.0,0.0,1.634,0.0
1784631829.0939415,0,0,95230,0,0.0,0.0,0.0,0.0,1.634,0.0
1784631829.0972877,0,0,95240,0,0.0,0.0,0.0,0.0,1.633,0.0
1784631829.0995154,0,0,95250,0,0.0,0.0,0.0,0.0,1.633,0.0
1784631829.1017458,0,0,95260,0,0.0,0.0,0.0,0.0,1.633,0.0
1784631829.1051822,0,0,95270,0,0.0,0.0,0.0,0.0,1.633,0.0
1784631829.1094596,0,0,95280,0,0.0,0.0,0.0,0.0,1.633,0.0
1784631829.1135566,0,0,95290,0,0.0,0.0,0.0,0.0,1.633,0.0
1784631829.2239127,0,0,95300,0,0.0,0.0,0.0,0.0,1.632,0.0
1784631829.2273557,0,0,95310,0,0.0,0.0,0.0,0.0,1.632,0.0
1784631829.2308083,0,0,95320,0,0.0,0.0,0.0,0.0,1.632,0.0
1784631829.2329738,0,0,95330,0,0.0,0.0,0.0,0.0,1.632,0.0
1784631829.234731,0,0,95340,0,0.0,0.0,0.0,0.0,1.632,0.0
1784631829.2360182,0,0,95350,0,0.0,0.0,0.0,0.0,1.631,0.0
1784631829.2372894,0,0,95360,0,0.0,0.0,0.0,0.0,1.631,0.0
1784631829.2387123,0,0,95370,0,0.0,0.0,0.0,0.0,1.631,0.0
1784631829.2401006,0,0,95380,0,0.0,0.0,0.0,0.0,1.631,0.0
1784631829.2413538,0,0,95390,0,0.0,0.0,0.0,0.0,1.631,0.0
1784631829.2426035,0,0,95400,0,0.0,0.0,0.0,0.0,1.631,0.0
1784631829.2444823,0,0,95410,0,0.0,0.0,0.0,0.0,1.63,0.0
1784631829.2461164,0,0,95420,0,0.0,0.0,0.0,0.0,1.63,0.0
1784631829.2473834,0,0,95430,0,0.0,0.0,0.0,0.0,1.63,0.0
1784631829.3564863,0,0,95440,0,0.0,0.0,0.0,0.0,1.63,0.0
1784631829.3589416,0,0,95450,0,0.0,0.0,0.0,0.0,1.63,0.0
1784631829.3614264,0,0,95460,0,0.0,0.0,0.0,0.0,1.63,0.0
1784631829.3636334,0,0,95470,0,0.0,0.0,0.0,0.0,1.629,0.0
1784631829.3656132,0,0,95480,0,0.0,0.0,0.0,0.0,1.629,0.0
1784631829.3673646,0,0,95490,0,0.0,0.0,0.0,0.0,1.629,0.0
1784631829.3705986,0,0,95500,0,0.0,0.0,0.0,0.0,1.629,0.0
1784631829.3730483,0,0,95510,0,0.0,0.0,0.0,0.0,1.629,0.0
1784631829.3751297,0,0,95520,0,0.0,0.0,0.0,0.0,1.629,0.0
1784631829.376704,0,0,95530,0,0.0,0.0,0.0,0.0,1.628,0.0
1784631829.37808,0,0,95540,0,0.0,0.0,0.0,0.0,1.628,0.0
1784631829.4849343,0,0,95550,0,0.0,0.0,0.0,0.0,1.628,0.0
1784631829.4873428,0,0,95560,0,0.0,0.0,0.0,0.0,1.628,0.0
1784631829.4898667,0,0,95570,0,0.0,0.0,0.0,0.0,1.628,0.0
1784631829.4923668,0,0,95580,0,0.0,0.0,0.0,0.0,1.628,0.0
1784631829.5056105,0,0,95590,0,0.0,0.0,0.0,0.0,1.627,0.0
1784631829.5076303,0,0,95600,0,0.0,0.0,0.0,0.0,1.627,0.0
1784631829.5147579,0,0,95610,0,0.0,0.0,0.0,0.0,1.627,0.0
1784631829.51794,0,0,95620,0,0.0,0.0,0.0,0.0,1.627,0.0
1784631829.5199022,0,0,95630,0,0.0,0.0,0.0,0.0,1.627,0.0
1784631829.5235174,0,0,95640,0,0.0,0.0,0.0,0.0,1.627,0.0
1784631829.654267,0,0,95650,0,0.0,0.0,0.0,0.0,1.626,0.0
1784631829.6565545,0,0,95660,0,0.0,0.0,0.0,0.0,1.626,0.0
1784631829.6582816,0,0,95670,0,0.0,0.0,0.0,0.0,1.626,0.0
1784631829.659539,0,0,95680,0,0.0,0.0,0.0,0.0,1.626,0.0
1784631829.662128,0,0,95690,0,0.0,0.0,0.0,0.0,1.626,0.0
1784631829.664235,0,0,95700,0,0.0,0.0,0.0,0.0,1.626,0.0
1784631829.6655924,0,0,95710,0,0.0,0.0,0.0,0.0,1.625,0.0
1784631829.6678052,0,0,95720,0,0.0,0.0,0.0,0.0,1.625,0.0
1784631829.6699712,0,0,95730,0,0.0,0.0,0.0,0.0,1.625,0.0
1784631829.6716275,0,0,95740,0,0.0,0.0,0.0,0.0,1.625,0.0
1784631829.672871,0,0,95750,0,0.0,0.0,0.0,0.0,1.625,0.0
1784631829.7848146,0,0,95760,0,0.0,0.0,0.0,0.0,1.625,0.0
1784631829.787359,0,0,95770,0,0.0,0.0,0.0,0.0,1.624,0.0
1784631829.7898066,0,0,95780,0,0.0,0.0,0.0,0.0,1.624,0.0
1784631829.7927809,0,0,95790,0,0.0,0.0,0.0,0.0,1.624,0.0
1784631829.7953901,0,0,95800,0,0.0,0.0,0.0,0.0,1.624,0.0
1784631829.7971241,0,0,95810,0,0.0,0.0,0.0,0.0,1.624,0.0
1784631829.798338,0,0,95820,0,0.0,0.0,0.0,0.0,1.623,0.0
1784631829.799494,0,0,95830,0,0.0,0.0,0.0,0.0,1.623,0.0
1784631829.9125066,0,0,95840,0,0.0,0.0,0.0,0.0,1.623,0.0
1784631829.914504,0,0,95850,0,0.0,0.0,0.0,0.0,1.623,0.0
1784631829.91795,0,0,95860,0,0.0,0.0,0.0,0.0,1.623,0.0
1784631829.9213471,0,0,95870,0,0.0,0.0,0.0,0.0,1.623,0.0
1784631829.9243057,0,0,95880,0,0.0,0.0,0.0,0.0,1.622,0.0
1784631829.9265573,0,0,95890,0,0.0,0.0,0.0,0.0,1.622,0.0
1784631829.9288294,0,0,95900,0,0.0,0.0,0.0,0.0,1.622,0.0
1784631829.9307806,0,0,95910,0,0.0,0.0,0.0,0.0,1.622,0.0
1784631830.0489826,0,0,95920,0,0.0,0.0,0.0,0.0,1.622,0.0
1784631830.0517807,0,0,95930,0,0.0,0.0,0.0,0.0,1.622,0.0
1784631830.0542715,0,0,95940,0,0.0,0.0,0.0,0.0,1.621,0.0
1784631830.0571225,0,0,95950,0,0.0,0.0,0.0,0.0,1.621,0.0
1784631830.0594757,0,0,95960,0,0.0,0.0,0.0,0.0,1.621,0.0
1784631830.0618734,0,0,95970,0,0.0,0.0,0.0,0.0,1.621,0.0
1784631830.0639834,0,0,95980,0,0.0,0.0,0.0,0.0,1.621,0.0
1784631830.0661738,0,0,95990,0,0.0,0.0,0.0,0.0,1.621,0.0
1784631830.0681813,0,0,96000,0,0.0,0.0,0.0,0.0,1.62,0.0
1784631830.1809418,0,0,96010,0,0.0,0.0,0.0,0.0,1.62,0.0
1784631830.1832619,0,0,96020,0,0.0,0.0,0.0,0.0,1.62,0.0
1784631830.185954,0,0,96030,0,0.0,0.0,0.0,0.0,1.62,0.0
1784631830.1884415,0,0,96040,0,0.0,0.0,0.0,0.0,1.62,0.0
1784631830.191603,0,0,96050,0,0.0,0.0,0.0,0.0,1.62,0.0
1784631830.194307,0,0,96060,0,0.0,0.0,0.0,0.0,1.619,0.0
1784631830.1966403,0,0,96070,0,0.0,0.0,0.0,0.0,1.619,0.0
1784631830.2032685,0,0,96080,0,0.0,0.0,0.0,0.0,1.619,0.0
1784631830.2071881,0,0,96090,0,0.0,0.0,0.0,0.0,1.619,0.0
1784631830.2096155,0,0,96100,0,0.0,0.0,0.0,0.0,1.619,0.0
1784631830.2120147,0,0,96110,0,0.0,0.0,0.0,0.0,1.619,0.0
1784631830.2155569,0,0,96120,0,0.0,0.0,0.0,0.0,1.618,0.0
1784631830.2191055,0,0,96130,0,0.0,0.0,0.0,0.0,1.618,0.0
1784631830.2217178,0,0,96140,0,0.0,0.0,0.0,0.0,1.618,0.0
1784631830.3293316,0,0,96150,0,0.0,0.0,0.0,0.0,1.618,0.0
1784631830.3315568,0,0,96160,0,0.0,0.0,0.0,0.0,1.618,0.0
1784631830.3343537,0,0,96170,0,0.0,0.0,0.0,0.0,1.618,0.0
1784631830.3370938,0,0,96180,0,0.0,0.0,0.0,0.0,1.617,0.0
1784631830.3392723,0,0,96190,0,0.0,0.0,0.0,0.0,1.617,0.0
1784631830.3415425,0,0,96200,0,0.0,0.0,0.0,0.0,1.617,0.0
1784631830.3442564,0,0,96210,0,0.0,0.0,0.0,0.0,1.617,0.0
1784631830.3468177,0,0,96220,0,0.0,0.0,0.0,0.0,1.617,0.0
1784631830.349114,0,0,96230,0,0.0,0.0,0.0,0.0,1.617,0.0
1784631830.3511214,0,0,96240,0,0.0,0.0,0.0,0.0,1.616,0.0
1784631830.3529575,0,0,96250,0,0.0,0.0,0.0,0.0,1.616,0.0
1784631830.356129,0,0,96260,0,0.0,0.0,0.0,0.0,1.616,0.0
1784631830.3584292,0,0,96270,0,0.0,0.0,0.0,0.0,1.616,0.0
1784631830.3606532,0,0,96280,0,0.0,0.0,0.0,0.0,1.616,0.0
1784631830.3620474,0,0,96290,0,0.0,0.0,0.0,0.0,1.616,0.0
1784631830.363207,0,0,96300,0,0.0,0.0,0.0,0.0,1.615,0.0
1784631830.4718292,0,0,96310,0,0.0,0.0,0.0,0.0,1.615,0.0
1784631830.4736378,0,0,96320,0,0.0,0.0,0.0,0.0,1.615,0.0
1784631830.4755788,0,0,96330,0,0.0,0.0,0.0,0.0,1.615,0.0
1784631830.4777093,0,0,96340,0,0.0,0.0,0.0,0.0,1.615,0.0
1784631830.4807644,0,0,96350,0,0.0,0.0,0.0,0.0,1.615,0.0
1784631830.4835296,0,0,96360,0,0.0,0.0,0.0,0.0,1.614,0.0
1784631830.4851706,0,0,96370,0,0.0,0.0,0.0,0.0,1.614,0.0
1784631830.4877443,0,0,96380,0,0.0,0.0,0.0,0.0,1.614,0.0
1784631830.4897654,0,0,96390,0,0.0,0.0,0.0,0.0,1.614,0.0
1784631830.4917736,0,0,96400,0,0.0,0.0,0.0,0.0,1.614,0.0
1784631830.494181,0,0,96410,0,0.0,0.0,0.0,0.0,1.614,0.0
1784631830.4964697,0,0,96420,0,0.0,0.0,0.0,0.0,1.613,0.0
1784631830.4992821,0,0,96430,0,0.0,0.0,0.0,0.0,1.613,0.0
1784631830.5012128,0,0,96440,0,0.0,0.0,0.0,0.0,1.613,0.0
1784631830.502647,0,0,96450,0,0.0,0.0,0.0,0.0,1.613,0.0
1784631830.5038774,0,0,96460,0,0.0,0.0,0.0,0.0,1.613,0.0
1784631830.505081,0,0,96470,0,0.0,0.0,0.0,0.0,1.613,0.0
1784631830.5062962,0,0,96480,0,0.0,0.0,0.0,0.0,1.612,0.0
1784631830.6137204,0,0,96490,0,0.0,0.0,0.0,0.0,1.612,0.0
1784631830.616197,0,0,96500,0,0.0,0.0,0.0,0.0,1.612,0.0
1784631830.6189058,0,0,96510,0,0.0,0.0,0.0,0.0,1.612,0.0
1784631830.6216295,0,0,96520,0,0.0,0.0,0.0,0.0,1.612,0.0
1784631830.6242616,0,0,96530,0,0.0,0.0,0.0,0.0,1.612,0.0
1784631830.6275475,0,0,96540,0,0.0,0.0,0.0,0.0,1.611,0.0
1784631830.630145,0,0,96550,0,0.0,0.0,0.0,0.0,1.611,0.0
1784631830.6324801,0,0,96560,0,0.0,0.0,0.0,0.0,1.611,0.0
1784631830.6357496,0,0,96570,0,0.0,0.0,0.0,0.0,1.611,0.0
1784631830.638837,0,0,96580,0,0.0,0.0,0.0,0.0,1.611,0.0
1784631830.6407444,0,0,96590,0,0.0,0.0,0.0,0.0,1.611,0.0
1784631830.6426873,0,0,96600,0,0.0,0.0,0.0,0.0,1.61,0.0
1784631830.6441514,0,0,96610,0,0.0,0.0,0.0,0.0,1.61,0.0
1784631830.6454358,0,0,96620,0,0.0,0.0,0.0,0.0,1.61,0.0
1784631830.6465623,0,0,96630,0,0.0,0.0,0.0,0.0,1.61,0.0
1784631830.756056,0,0,96640,0,0.0,0.0,0.0,0.0,1.61,0.0
1784631830.7588408,0,0,96650,0,0.0,0.0,0.0,0.0,1.61,0.0
1784631830.763156,0,0,96660,0,0.0,0.0,0.0,0.0,1.609,0.0
1784631830.7664225,0,0,96670,0,0.0,0.0,0.0,0.0,1.609,0.0
1784631830.770666,0,0,96680,0,0.0,0.0,0.0,0.0,1.609,0.0
1784631830.7729871,0,0,96690,0,0.0,0.0,0.0,0.0,1.609,0.0
1784631830.7831233,0,0,96700,0,0.0,0.0,0.0,0.0,1.609,0.0
1784631830.7916462,0,0,96710,0,0.0,0.0,0.0,0.0,1.609,0.0
1784631830.794605,0,0,96720,0,0.0,0.0,0.0,0.0,1.608,0.0
1784631830.7963045,0,0,96730,0,0.0,0.0,0.0,0.0,1.608,0.0
1784631830.798446,0,0,96740,0,0.0,0.0,0.0,0.0,1.608,0.0
1784631830.8005688,0,0,96750,0,0.0,0.0,0.0,0.0,1.608,0.0
1784631830.8020616,0,0,96760,0,0.0,0.0,0.0,0.0,1.608,0.0
1784631830.8035076,0,0,96770,0,0.0,0.0,0.0,0.0,1.608,0.0
1784631830.9092734,0,0,96780,0,0.0,0.0,0.0,0.0,1.607,0.0
1784631830.9120557,0,0,96790,0,0.0,0.0,0.0,0.0,1.607,0.0
1784631830.91466,0,0,96800,0,0.0,0.0,0.0,0.0,1.607,0.0
1784631830.9183183,0,0,96810,0,0.0,0.0,0.0,0.0,1.607,0.0
1784631830.9207973,0,0,96820,0,0.0,0.0,0.0,0.0,1.607,0.0
1784631830.9230433,0,0,96830,0,0.0,0.0,0.0,0.0,1.607,0.0
1784631830.924628,0,0,96840,0,0.0,0.0,0.0,0.0,1.606,0.0
1784631830.9260404,0,0,96850,0,0.0,0.0,0.0,0.0,1.606,0.0
1784631830.9271677,0,0,96860,0,0.0,0.0,0.0,0.0,1.606,0.0
1784631830.9282453,0,0,96870,0,0.0,0.0,0.0,0.0,1.606,0.0
1784631830.9293098,0,0,96880,0,0.0,0.0,0.0,0.0,1.606,0.0
1784631830.930374,0,0,96890,0,0.0,0.0,0.0,0.0,1.606,0.0
1784631830.9318109,0,0,96900,0,0.0,0.0,0.0,0.0,1.605,0.0
1784631830.9331448,0,0,96910,0,0.0,0.0,0.0,0.0,1.605,0.0
1784631830.934362,0,0,96920,0,0.0,0.0,0.0,0.0,1.605,0.0
1784631830.9355073,0,0,96930,0,0.0,0.0,0.0,0.0,1.605,0.0
1784631830.936639,0,0,96940,0,0.0,0.0,0.0,0.0,1.605,0.0
1784631830.9377904,0,0,96950,0,0.0,0.0,0.0,0.0,1.605,0.0
1784631830.9389079,0,0,96960,0,0.0,0.0,0.0,0.0,1.604,0.0
1784631831.0540216,0,0,96970,0,0.0,0.0,0.0,0.0,1.604,0.0
1784631831.05697,0,0,96980,0,0.0,0.0,0.0,0.0,1.604,0.0
1784631831.0596654,0,0,96990,0,0.0,0.0,0.0,0.0,1.604,0.0
1784631831.063596,0,0,97000,0,0.0,0.0,0.0,0.0,1.604,0.0
1784631831.065344,0,0,97010,0,0.0,0.0,0.0,0.0,1.604,0.0
1784631831.066696,0,0,97020,0,0.0,0.0,0.0,0.0,1.603,0.0
1784631831.0680509,0,0,97030,0,0.0,0.0,0.0,0.0,1.603,0.0
1784631831.0694048,0,0,97040,0,0.0,0.0,0.0,0.0,1.603,0.0
1784631831.0705948,0,0,97050,0,0.0,0.0,0.0,0.0,1.603,0.0
1784631831.0720372,0,0,97060,0,0.0,0.0,0.0,0.0,1.603,0.0
1784631831.1774693,0,0,97070,0,0.0,0.0,0.0,0.0,1.603,0.0
1784631831.180595,0,0,97080,0,0.0,0.0,0.0,0.0,1.602,0.0
1784631831.185622,0,0,97090,0,0.0,0.0,0.0,0.0,1.602,0.0
1784631831.1899955,0,0,97100,0,0.0,0.0,0.0,0.0,1.602,0.0
1784631831.192518,0,0,97110,0,0.0,0.0,0.0,0.0,1.602,0.0
1784631831.1978216,0,0,97120,0,0.0,0.0,0.0,0.0,1.602,0.0
1784631831.3135781,0,0,97130,0,0.0,0.0,0.0,0.0,1.602,0.0
1784631831.315999,0,0,97140,0,0.0,0.0,0.0,0.0,1.601,0.0
1784631831.3181484,0,0,97150,0,0.0,0.0,0.0,0.0,1.601,0.0
1784631831.3204372,0,0,97160,0,0.0,0.0,0.0,0.0,1.601,0.0
1784631831.3233976,0,0,97170,0,0.0,0.0,0.0,0.0,1.601,0.0
1784631831.3276823,0,0,97180,0,0.0,0.0,0.0,0.0,1.601,0.0
1784631831.3303282,0,0,97190,0,0.0,0.0,0.0,0.0,1.601,0.0
1784631831.3331816,0,0,97200,0,0.0,0.0,0.0,0.0,1.6,0.0
1784631831.335922,0,0,97210,0,0.0,0.0,0.0,0.0,1.6,0.0
1784631831.3387928,0,0,97220,0,0.0,0.0,0.0,0.0,1.6,0.0
1784631831.3420606,0,0,97230,0,0.0,0.0,0.0,0.0,1.6,0.0
1784631831.3475912,0,0,97240,0,0.0,0.0,0.0,0.0,1.6,0.0
1784631831.3495922,0,0,97250,0,0.0,0.0,0.0,0.0,1.6,0.0
1784631831.4907007,0,0,97260,0,0.0,0.0,0.0,0.0,1.599,0.0
1784631831.4935381,0,0,97270,0,0.0,0.0,0.0,0.0,1.599,0.0
1784631831.4960513,0,0,97280,0,0.0,0.0,0.0,0.0,1.599,0.0
1784631831.498089,0,0,97290,0,0.0,0.0,0.0,0.0,1.599,0.0
1784631831.4999132,0,0,97300,0,0.0,0.0,0.0,0.0,1.599,0.0
1784631831.5014699,0,0,97310,0,0.0,0.0,0.0,0.0,1.599,0.0
1784631831.5029268,0,0,97320,0,0.0,0.0,0.0,0.0,1.598,0.0
1784631831.5043814,0,0,97330,0,0.0,0.0,0.0,0.0,1.598,0.0
1784631831.5057883,0,0,97340,0,0.0,0.0,0.0,0.0,1.598,0.0
1784631831.5072045,0,0,97350,0,0.0,0.0,0.0,0.0,1.598,0.0
1784631831.5084248,0,0,97360,0,0.0,0.0,0.0,0.0,1.598,0.0
1784631831.5106459,0,0,97370,0,0.0,0.0,0.0,0.0,1.598,0.0
1784631831.5129516,0,0,97380,0,0.0,0.0,0.0,0.0,1.597,0.0
1784631831.5144029,0,0,97390,0,0.0,0.0,0.0,0.0,1.597,0.0
1784631831.515695,0,0,97400,0,0.0,0.0,0.0,0.0,1.597,0.0
1784631831.5168278,0,0,97410,0,0.0,0.0,0.0,0.0,1.597,0.0
1784631831.5179846,0,0,97420,0,0.0,0.0,0.0,0.0,1.597,0.0
1784631831.519219,0,0,97430,0,0.0,0.0,0.0,0.0,1.597,0.0
1784631831.520589,0,0,97440,0,0.0,0.0,0.0,0.0,1.597,0.0
1784631831.6263638,0,0,97450,0,0.0,0.0,0.0,0.0,1.596,0.0
1784631831.6290135,0,0,97460,0,0.0,0.0,0.0,0.0,1.596,0.0
1784631831.6315303,0,0,97470,0,0.0,0.0,0.0,0.0,1.596,0.0
1784631831.63368,0,0,97480,0,0.0,0.0,0.0,0.0,1.596,0.0
1784631831.6374485,0,0,97490,0,0.0,0.0,0.0,0.0,1.596,0.0
1784631831.6397698,0,0,97500,0,0.0,0.0,0.0,0.0,1.596,0.0
1784631831.6416464,0,0,97510,0,0.0,0.0,0.0,0.0,1.595,0.0
1784631831.6435187,0,0,97520,0,0.0,0.0,0.0,0.0,1.595,0.0
1784631831.6454217,0,0,97530,0,0.0,0.0,0.0,0.0,1.595,0.0
1784631831.6483195,0,0,97540,0,0.0,0.0,0.0,0.0,1.595,0.0
1784631831.6512146,0,0,97550,0,0.0,0.0,0.0,0.0,1.595,0.0
1784631831.6535473,0,0,97560,0,0.0,0.0,0.0,0.0,1.595,0.0
1784631831.6559815,0,0,97570,0,0.0,0.0,0.0,0.0,1.594,0.0
1784631831.6585567,0,0,97580,0,0.0,0.0,0.0,0.0,1.594,0.0
1784631831.6610858,0,0,97590,0,0.0,0.0,0.0,0.0,1.594,0.0
1784631831.6635017,0,0,97600,0,0.0,0.0,0.0,0.0,1.594,0.0
1784631831.7860525,0,0,97610,0,0.0,0.0,0.0,0.0,1.594,0.0
1784631831.787775,0,0,97620,0,0.0,0.0,0.0,0.0,1.594,0.0
1784631831.7892783,0,0,97630,0,0.0,0.0,0.0,0.0,1.593,0.0
1784631831.791364,0,0,97640,0,0.0,0.0,0.0,0.0,1.593,0.0
1784631831.793724,0,0,97650,0,0.0,0.0,0.0,0.0,1.593,0.0
1784631831.7953045,0,0,97660,0,0.0,0.0,0.0,0.0,1.593,0.0
1784631831.7967598,0,0,97670,0,0.0,0.0,0.0,0.0,1.593,0.0
1784631831.8147237,0,0,97680,0,0.0,0.0,0.0,0.0,1.593,0.0
1784631831.8167148,0,0,97690,0,0.0,0.0,0.0,0.0,1.592,0.0
1784631831.818032,0,0,97700,0,0.0,0.0,0.0,0.0,1.592,0.0
1784631831.8192303,0,0,97710,0,0.0,0.0,0.0,0.0,1.592,0.0
1784631831.8204584,0,0,97720,0,0.0,0.0,0.0,0.0,1.592,0.0
1784631831.82159,0,0,97730,0,0.0,0.0,0.0,0.0,1.592,0.0
1784631831.8236263,0,0,97740,0,0.0,0.0,0.0,0.0,1.592,0.0
1784631831.8252897,0,0,97750,0,0.0,0.0,0.0,0.0,1.591,0.0
1784631831.8319378,0,0,97760,0,0.0,0.0,0.0,0.0,1.591,0.0
1784631831.8341277,0,0,97770,0,0.0,0.0,0.0,0.0,1.591,0.0
1784631831.9441547,0,0,97780,0,0.0,0.0,0.0,0.0,1.591,0.0
1784631831.9481006,0,0,97790,0,0.0,0.0,0.0,0.0,1.591,0.0
1784631831.950279,0,0,97800,0,0.0,0.0,0.0,0.0,1.591,0.0
1784631831.9520822,0,0,97810,0,0.0,0.0,0.0,0.0,1.59,0.0
1784631831.9535296,0,0,97820,0,0.0,0.0,0.0,0.0,1.59,0.0
1784631831.954886,0,0,97830,0,0.0,0.0,0.0,0.0,1.59,0.0
1784631831.956249,0,0,97840,0,0.0,0.0,0.0,0.0,1.59,0.0
1784631831.9583805,0,0,97850,0,0.0,0.0,0.0,0.0,1.59,0.0
1784631831.9599586,0,0,97860,0,0.0,0.0,0.0,0.0,1.59,0.0
1784631831.961284,0,0,97870,0,0.0,0.0,0.0,0.0,1.589,0.0
1784631831.962713,0,0,97880,0,0.0,0.0,0.0,0.0,1.589,0.0
1784631831.9642532,0,0,97890,0,0.0,0.0,0.0,0.0,1.589,0.0
1784631831.9654872,0,0,97900,0,0.0,0.0,0.0,0.0,1.589,0.0
1784631831.9667585,0,0,97910,0,0.0,0.0,0.0,0.0,1.589,0.0
1784631831.968017,0,0,97920,0,0.0,0.0,0.0,0.0,1.589,0.0
1784631832.0828586,0,0,97930,0,0.0,0.0,0.0,0.0,1.589,0.0
1784631832.0847065,0,0,97940,0,0.0,0.0,0.0,0.0,1.588,0.0
1784631832.0860114,0,0,97950,0,0.0,0.0,0.0,0.0,1.588,0.0
1784631832.0872834,0,0,97960,0,0.0,0.0,0.0,0.0,1.588,0.0
1784631832.0889344,0,0,97970,0,0.0,0.0,0.0,0.0,1.588,0.0
1784631832.0903025,0,0,97980,0,0.0,0.0,0.0,0.0,1.588,0.0
1784631832.0914516,0,0,97990,0,0.0,0.0,0.0,0.0,1.588,0.0
1784631832.092999,0,0,98000,0,0.0,0.0,0.0,0.0,1.587,0.0
1784631832.0943744,0,0,98010,0,0.0,0.0,0.0,0.0,1.587,0.0
1784631832.0958598,0,0,98020,0,0.0,0.0,0.0,0.0,1.587,0.0
1784631832.097212,0,0,98030,0,0.0,0.0,0.0,0.0,1.587,0.0
1784631832.0985503,0,0,98040,0,0.0,0.0,0.0,0.0,1.587,0.0
1784631832.0999293,0,0,98050,0,0.0,0.0,0.0,0.0,1.587,0.0
1784631832.207118,0,0,98060,0,0.0,0.0,0.0,0.0,1.586,0.0
1784631832.2096677,0,0,98070,0,0.0,0.0,0.0,0.0,1.586,0.0
1784631832.2123053,0,0,98080,0,0.0,0.0,0.0,0.0,1.586,0.0
1784631832.2148356,0,0,98090,0,0.0,0.0,0.0,0.0,1.586,0.0
1784631832.217221,0,0,98100,0,0.0,0.0,0.0,0.0,1.586,0.0
1784631832.2196114,0,0,98110,0,0.0,0.0,0.0,0.0,1.586,0.0
1784631832.2220693,0,0,98120,0,0.0,0.0,0.0,0.0,1.585,0.0
1784631832.2244186,0,0,98130,0,0.0,0.0,0.0,0.0,1.585,0.0
1784631832.22732,0,0,98140,0,0.0,0.0,0.0,0.0,1.585,0.0
1784631832.231501,0,0,98150,0,0.0,0.0,0.0,0.0,1.585,0.0
1784631832.2338176,0,0,98160,0,0.0,0.0,0.0,0.0,1.585,0.0
1784631832.2352965,0,0,98170,0,0.0,0.0,0.0,0.0,1.585,0.0
1784631832.2365932,0,0,98180,0,0.0,0.0,0.0,0.0,1.584,0.0
1784631832.2378032,0,0,98190,0,0.0,0.0,0.0,0.0,1.584,0.0
1784631832.3431094,0,0,98200,0,0.0,0.0,0.0,0.0,1.584,0.0
1784631832.3458943,0,0,98210,0,0.0,0.0,0.0,0.0,1.584,0.0
1784631832.348354,0,0,98220,0,0.0,0.0,0.0,0.0,1.584,0.0
1784631832.351516,0,0,98230,0,0.0,0.0,0.0,0.0,1.584,0.0
1784631832.3548405,0,0,98240,0,0.0,0.0,0.0,0.0,1.584,0.0
1784631832.3596303,0,0,98250,0,0.0,0.0,0.0,0.0,1.583,0.0
1784631832.3619952,0,0,98260,0,0.0,0.0,0.0,0.0,1.583,0.0
1784631832.3644078,0,0,98270,0,0.0,0.0,0.0,0.0,1.583,0.0
1784631832.3666458,0,0,98280,0,0.0,0.0,0.0,0.0,1.583,0.0
1784631832.3697143,0,0,98290,0,0.0,0.0,0.0,0.0,1.583,0.0
1784631832.3730521,0,0,98300,0,0.0,0.0,0.0,0.0,1.583,0.0
1784631832.3767607,0,0,98310,0,0.0,0.0,0.0,0.0,1.582,0.0
1784631832.379111,0,0,98320,0,0.0,0.0,0.0,0.0,1.582,0.0
1784631832.497524,0,0,98330,0,0.0,0.0,0.0,0.0,1.582,0.0
1784631832.5017219,0,0,98340,0,0.0,0.0,0.0,0.0,1.582,0.0
1784631832.50479,0,0,98350,0,0.0,0.0,0.0,0.0,1.582,0.0
1784631832.5110438,0,0,98360,0,0.0,0.0,0.0,0.0,1.582,0.0
1784631832.5135527,0,0,98370,0,0.0,0.0,0.0,0.0,1.581,0.0
1784631832.5151017,0,0,98380,0,0.0,0.0,0.0,0.0,1.581,0.0
1784631832.516533,0,0,98390,0,0.0,0.0,0.0,0.0,1.581,0.0
1784631832.5177689,0,0,98400,0,0.0,0.0,0.0,0.0,1.581,0.0
1784631832.5189996,0,0,98410,0,0.0,0.0,0.0,0.0,1.581,0.0
1784631832.5203228,0,0,98420,0,0.0,0.0,0.0,0.0,1.581,0.0
1784631832.5215297,0,0,98430,0,0.0,0.0,0.0,0.0,1.58,0.0
1784631832.5226889,0,0,98440,0,0.0,0.0,0.0,0.0,1.58,0.0
1784631832.631161,0,0,98450,0,0.0,0.0,0.0,0.0,1.58,0.0
1784631832.633599,0,0,98460,0,0.0,0.0,0.0,0.0,1.58,0.0
1784631832.6366217,0,0,98470,0,0.0,0.0,0.0,0.0,1.58,0.0
1784631832.6399662,0,0,98480,0,0.0,0.0,0.0,0.0,1.58,0.0
1784631832.645285,0,0,98490,0,0.0,0.0,0.0,0.0,1.579,0.0
1784631832.6475294,0,0,98500,0,0.0,0.0,0.0,0.0,1.579,0.0
1784631832.6496105,0,0,98510,0,0.0,0.0,0.0,0.0,1.579,0.0
1784631832.6510134,0,0,98520,0,0.0,0.0,0.0,0.0,1.579,0.0
1784631832.6521914,0,0,98530,0,0.0,0.0,0.0,0.0,1.579,0.0
1784631832.6535566,0,0,98540,0,0.0,0.0,0.0,0.0,1.579,0.0
1784631832.6547523,0,0,98550,0,0.0,0.0,0.0,0.0,1.579,0.0
1784631832.6558952,0,0,98560,0,0.0,0.0,0.0,0.0,1.578,0.0
1784631832.6573393,0,0,98570,0,0.0,0.0,0.0,0.0,1.578,0.0
1784631832.7691429,0,0,98580,0,0.0,0.0,0.0,0.0,1.578,0.0
1784631832.7712288,0,0,98590,0,0.0,0.0,0.0,0.0,1.578,0.0
1784631832.773487,0,0,98600,0,0.0,0.0,0.0,0.0,1.578,0.0
1784631832.7756677,0,0,98610,0,0.0,0.0,0.0,0.0,1.578,0.0
1784631832.7779326,0,0,98620,0,0.0,0.0,0.0,0.0,1.577,0.0
1784631832.7805278,0,0,98630,0,0.0,0.0,0.0,0.0,1.577,0.0
1784631832.7832072,0,0,98640,0,0.0,0.0,0.0,0.0,1.577,0.0
1784631832.7853842,0,0,98650,0,0.0,0.0,0.0,0.0,1.577,0.0
1784631832.78784,0,0,98660,0,0.0,0.0,0.0,0.0,1.577,0.0
1784631832.7904997,0,0,98670,0,0.0,0.0,0.0,0.0,1.577,0.0
1784631832.7931867,0,0,98680,0,0.0,0.0,0.0,0.0,1.576,0.0
1784631832.7948346,0,0,98690,0,0.0,0.0,0.0,0.0,1.576,0.0
1784631832.796179,0,0,98700,0,0.0,0.0,0.0,0.0,1.576,0.0
1784631832.9009428,0,0,98710,0,0.0,0.0,0.0,0.0,1.576,0.0
1784631832.90346,0,0,98720,0,0.0,0.0,0.0,0.0,1.576,0.0
1784631832.9063985,0,0,98730,0,0.0,0.0,0.0,0.0,1.576,0.0
1784631832.9089084,0,0,98740,0,0.0,0.0,0.0,0.0,1.575,0.0
1784631832.9113126,0,0,98750,0,0.0,0.0,0.0,0.0,1.575,0.0
1784631832.9135058,0,0,98760,0,0.0,0.0,0.0,0.0,1.575,0.0
1784631832.915963,0,0,98770,0,0.0,0.0,0.0,0.0,1.575,0.0
1784631832.918969,0,0,98780,0,0.0,0.0,0.0,0.0,1.575,0.0
1784631832.9214287,0,0,98790,0,0.0,0.0,0.0,0.0,1.575,0.0
1784631832.9239693,0,0,98800,0,0.0,0.0,0.0,0.0,1.575,0.0
1784631832.9261725,0,0,98810,0,0.0,0.0,0.0,0.0,1.574,0.0
1784631832.9323087,0,0,98820,0,0.0,0.0,0.0,0.0,1.574,0.0
1784631833.0388365,0,0,98830,0,0.0,0.0,0.0,0.0,1.574,0.0
1784631833.043186,0,0,98840,0,0.0,0.0,0.0,0.0,1.574,0.0
1784631833.0471146,0,0,98850,0,0.0,0.0,0.0,0.0,1.574,0.0
1784631833.050893,0,0,98860,0,0.0,0.0,0.0,0.0,1.574,0.0
1784631833.0536706,0,0,98870,0,0.0,0.0,0.0,0.0,1.573,0.0
1784631833.0583422,0,0,98880,0,0.0,0.0,0.0,0.0,1.573,0.0
1784631833.061533,0,0,98890,0,0.0,0.0,0.0,0.0,1.573,0.0
1784631833.0642018,0,0,98900,0,0.0,0.0,0.0,0.0,1.573,0.0
1784631833.0663888,0,0,98910,0,0.0,0.0,0.0,0.0,1.573,0.0
1784631833.0679688,0,0,98920,0,0.0,0.0,0.0,0.0,1.573,0.0
1784631833.069276,0,0,98930,0,0.0,0.0,0.0,0.0,1.572,0.0
1784631833.0706584,0,0,98940,0,0.0,0.0,0.0,0.0,1.572,0.0
1784631833.1817396,0,0,98950,0,0.0,0.0,0.0,0.0,1.572,0.0
1784631833.1869404,0,0,98960,0,0.0,0.0,0.0,0.0,1.572,0.0
1784631833.1917334,0,0,98970,0,0.0,0.0,0.0,0.0,1.572,0.0
1784631833.1943235,0,0,98980,0,0.0,0.0,0.0,0.0,1.572,0.0
1784631833.1964328,0,0,98990,0,0.0,0.0,0.0,0.0,1.572,0.0
1784631833.2000477,0,0,99000,0,0.0,0.0,0.0,0.0,1.571,0.0
1784631833.202706,0,0,99010,0,0.0,0.0,0.0,0.0,1.571,0.0
1784631833.2048895,0,0,99020,0,0.0,0.0,0.0,0.0,1.571,0.0
1784631833.206348,0,0,99030,0,0.0,0.0,0.0,0.0,1.571,0.0
1784631833.2076218,0,0,99040,0,0.0,0.0,0.0,0.0,1.571,0.0
1784631833.2088058,0,0,99050,0,0.0,0.0,0.0,0.0,1.571,0.0
1784631833.2104025,0,0,99060,0,0.0,0.0,0.0,0.0,1.57,0.0
1784631833.2116733,0,0,99070,0,0.0,0.0,0.0,0.0,1.57,0.0
1784631833.213138,0,0,99080,0,0.0,0.0,0.0,0.0,1.57,0.0
1784631833.3283913,0,0,99090,0,0.0,0.0,0.0,0.0,1.57,0.0
1784631833.3308954,0,0,99100,0,0.0,0.0,0.0,0.0,1.57,0.0
1784631833.3332794,0,0,99110,0,0.0,0.0,0.0,0.0,1.57,0.0
1784631833.3357785,0,0,99120,0,0.0,0.0,0.0,0.0,1.569,0.0
1784631833.3386989,0,0,99130,0,0.0,0.0,0.0,0.0,1.569,0.0
1784631833.3422875,0,0,99140,0,0.0,0.0,0.0,0.0,1.569,0.0
1784631833.3447871,0,0,99150,0,0.0,0.0,0.0,0.0,1.569,0.0
1784631833.3465314,0,0,99160,0,0.0,0.0,0.0,0.0,1.569,0.0
1784631833.3482552,0,0,99170,0,0.0,0.0,0.0,0.0,1.569,0.0
1784631833.350024,0,0,99180,0,0.0,0.0,0.0,0.0,1.569,0.0
1784631833.351754,0,0,99190,0,0.0,0.0,0.0,0.0,1.568,0.0
1784631833.459152,0,0,99200,0,0.0,0.0,0.0,0.0,1.568,0.0
1784631833.4619396,0,0,99210,0,0.0,0.0,0.0,0.0,1.568,0.0
1784631833.4728894,0,0,99220,0,0.0,0.0,0.0,0.0,1.568,0.0
1784631833.4753737,0,0,99230,0,0.0,0.0,0.0,0.0,1.568,0.0
1784631833.4779315,0,0,99240,0,0.0,0.0,0.0,0.0,1.568,0.0
1784631833.4972024,0,0,99250,0,0.0,0.0,0.0,0.0,1.567,0.0
1784631833.4992154,0,0,99260,0,0.0,0.0,0.0,0.0,1.567,0.0
1784631833.5005267,0,0,99270,0,0.0,0.0,0.0,0.0,1.567,0.0
1784631833.5018692,0,0,99280,0,0.0,0.0,0.0,0.0,1.567,0.0
1784631833.5044038,0,0,99290,0,0.0,0.0,0.0,0.0,1.567,0.0
1784631833.5062492,0,0,99300,0,0.0,0.0,0.0,0.0,1.567,0.0
1784631833.5075052,0,0,99310,0,0.0,0.0,0.0,0.0,1.566,0.0
1784631833.5087962,0,0,99320,0,0.0,0.0,0.0,0.0,1.566,0.0
1784631833.5108001,0,0,99330,0,0.0,0.0,0.0,0.0,1.566,0.0
1784631833.6309116,0,0,99340,0,0.0,0.0,0.0,0.0,1.566,0.0
1784631833.6322596,0,0,99350,0,0.0,0.0,0.0,0.0,1.566,0.0
1784631833.6334686,0,0,99360,0,0.0,0.0,0.0,0.0,1.566,0.0
1784631833.635633,0,0,99370,0,0.0,0.0,0.0,0.0,1.566,0.0
1784631833.6449835,0,0,99380,0,0.0,0.0,0.0,0.0,1.565,0.0
1784631833.6469216,0,0,99390,0,0.0,0.0,0.0,0.0,1.565,0.0
1784631833.6495664,0,0,99400,0,0.0,0.0,0.0,0.0,1.565,0.0
1784631833.653811,0,0,99410,0,0.0,0.0,0.0,0.0,1.565,0.0
1784631833.6566265,0,0,99420,0,0.0,0.0,0.0,0.0,1.565,0.0
1784631833.6582978,0,0,99430,0,0.0,0.0,0.0,0.0,1.565,0.0
1784631833.6601515,0,0,99440,0,0.0,0.0,0.0,0.0,1.564,0.0
1784631833.6615973,0,0,99450,0,0.0,0.0,0.0,0.0,1.564,0.0
1784631833.6629248,0,0,99460,0,0.0,0.0,0.0,0.0,1.564,0.0
1784631833.6641676,0,0,99470,0,0.0,0.0,0.0,0.0,1.564,0.0
1784631833.6653962,0,0,99480,0,0.0,0.0,0.0,0.0,1.564,0.0
1784631833.7739134,0,0,99490,0,0.0,0.0,0.0,0.0,1.564,0.0
1784631833.7769215,0,0,99500,0,0.0,0.0,0.0,0.0,1.563,0.0
1784631833.7791429,0,0,99510,0,0.0,0.0,0.0,0.0,1.563,0.0
1784631833.7816505,0,0,99520,0,0.0,0.0,0.0,0.0,1.563,0.0
1784631833.7834306,0,0,99530,0,0.0,0.0,0.0,0.0,1.563,0.0
1784631833.7850668,0,0,99540,0,0.0,0.0,0.0,0.0,1.563,0.0
1784631833.7866282,0,0,99550,0,0.0,0.0,0.0,0.0,1.563,0.0
1784631833.788043,0,0,99560,0,0.0,0.0,0.0,0.0,1.563,0.0
1784631833.78933,0,0,99570,0,0.0,0.0,0.0,0.0,1.562,0.0
1784631833.7905777,0,0,99580,0,0.0,0.0,0.0,0.0,1.562,0.0
1784631833.7932022,0,0,99590,0,0.0,0.0,0.0,0.0,1.562,0.0
1784631833.7950532,0,0,99600,0,0.0,0.0,0.0,0.0,1.562,0.0
1784631833.903052,0,0,99610,0,0.0,0.0,0.0,0.0,1.562,0.0
1784631833.9056048,0,0,99620,0,0.0,0.0,0.0,0.0,1.562,0.0
1784631833.9078357,0,0,99630,0,0.0,0.0,0.0,0.0,1.561,0.0
1784631833.909391,0,0,99640,0,0.0,0.0,0.0,0.0,1.561,0.0
1784631833.911092,0,0,99650,0,0.0,0.0,0.0,0.0,1.561,0.0
1784631833.9126387,0,0,99660,0,0.0,0.0,0.0,0.0,1.561,0.0
1784631833.914007,0,0,99670,0,0.0,0.0,0.0,0.0,1.561,0.0
1784631833.9153557,0,0,99680,0,0.0,0.0,0.0,0.0,1.561,0.0
1784631833.9179213,0,0,99690,0,0.0,0.0,0.0,0.0,1.56,0.0
1784631833.919829,0,0,99700,0,0.0,0.0,0.0,0.0,1.56,0.0
1784631833.9212604,0,0,99710,0,0.0,0.0,0.0,0.0,1.56,0.0
1784631833.9227774,0,0,99720,0,0.0,0.0,0.0,0.0,1.56,0.0
1784631834.0334158,0,0,99730,0,0.0,0.0,0.0,0.0,1.56,0.0
1784631834.0360389,0,0,99740,0,0.0,0.0,0.0,0.0,1.56,0.0
1784631834.0387273,0,0,99750,0,0.0,0.0,0.0,0.0,1.56,0.0
1784631834.041661,0,0,99760,0,0.0,0.0,0.0,0.0,1.559,0.0
1784631834.044651,0,0,99770,0,0.0,0.0,0.0,0.0,1.559,0.0
1784631834.0466876,0,0,99780,0,0.0,0.0,0.0,0.0,1.559,0.0
1784631834.0479543,0,0,99790,0,0.0,0.0,0.0,0.0,1.559,0.0
1784631834.0492125,0,0,99800,0,0.0,0.0,0.0,0.0,1.559,0.0
1784631834.0504081,0,0,99810,0,0.0,0.0,0.0,0.0,1.559,0.0
1784631834.0515726,0,0,99820,0,0.0,0.0,0.0,0.0,1.558,0.0
1784631834.0527816,0,0,99830,0,0.0,0.0,0.0,0.0,1.558,0.0
1784631834.0539737,0,0,99840,0,0.0,0.0,0.0,0.0,1.558,0.0
1784631834.170663,0,0,99850,0,0.0,0.0,0.0,0.0,1.558,0.0
1784631834.1725888,0,0,99860,0,0.0,0.0,0.0,0.0,1.558,0.0
1784631834.1744268,0,0,99870,0,0.0,0.0,0.0,0.0,1.558,0.0
1784631834.176558,0,0,99880,0,0.0,0.0,0.0,0.0,1.558,0.0
1784631834.1786711,0,0,99890,0,0.0,0.0,0.0,0.0,1.557,0.0
1784631834.180289,0,0,99900,0,0.0,0.0,0.0,0.0,1.557,0.0
1784631834.1821074,0,0,99910,0,0.0,0.0,0.0,0.0,1.557,0.0
1784631834.183802,0,0,99920,0,0.0,0.0,0.0,0.0,1.557,0.0
1784631834.1852465,0,0,99930,0,0.0,0.0,0.0,0.0,1.557,0.0
1784631834.1866014,0,0,99940,0,0.0,0.0,0.0,0.0,1.557,0.0
1784631834.1878734,0,0,99950,0,0.0,0.0,0.0,0.0,1.556,0.0
1784631834.189264,0,0,99960,0,0.0,0.0,0.0,0.0,1.556,0.0
1784631834.190615,0,0,99970,0,0.0,0.0,0.0,0.0,1.556,0.0
1784631834.29821,0,0,99980,0,0.0,0.0,0.0,0.0,1.556,0.0
1784631834.2995799,0,0,99990,0,0.0,0.0,0.0,0.0,1.556,0.0
1784631834.3010662,0,0,100000,0,0.0,0.0,0.0,0.0,1.556,0.0
1784631834.3024414,0,0,100010,0,0.0,0.0,0.0,0.0,1.555,0.0
1784631834.3036668,0,0,100020,0,0.0,0.0,0.0,0.0,1.555,0.0
1784631834.3051722,0,0,100030,0,0.0,0.0,0.0,0.0,1.555,0.0
1784631834.3067107,0,0,100040,0,0.0,0.0,0.0,0.0,1.555,0.0
1784631834.3081899,0,0,100050,0,0.0,0.0,0.0,0.0,1.555,0.0
1784631834.3095121,0,0,100060,0,0.0,0.0,0.0,0.0,1.555,0.0
1784631834.3110592,0,0,100070,0,0.0,0.0,0.0,0.0,1.555,0.0
1784631834.3124692,0,0,100080,0,0.0,0.0,0.0,0.0,1.554,0.0
1784631834.4296474,0,0,100090,0,0.0,0.0,0.0,0.0,1.554,0.0
1784631834.4312108,0,0,100100,0,0.0,0.0,0.0,0.0,1.554,0.0
1784631834.4326043,0,0,100110,0,0.0,0.0,0.0,0.0,1.554,0.0
1784631834.433873,0,0,100120,0,0.0,0.0,0.0,0.0,1.554,0.0
1784631834.4351516,0,0,100130,0,0.0,0.0,0.0,0.0,1.554,0.0
1784631834.4364028,0,0,100140,0,0.0,0.0,0.0,0.0,1.553,0.0
1784631834.4376647,0,0,100150,0,0.0,0.0,0.0,0.0,1.553,0.0
1784631834.4391203,0,0,100160,0,0.0,0.0,0.0,0.0,1.553,0.0
1784631834.4405603,0,0,100170,0,0.0,0.0,0.0,0.0,1.553,0.0
1784631834.4423847,0,0,100180,0,0.0,0.0,0.0,0.0,1.553,0.0
1784631834.4443035,0,0,100190,0,0.0,0.0,0.0,0.0,1.553,0.0
1784631834.4457529,0,0,100200,0,0.0,0.0,0.0,0.0,1.553,0.0
1784631834.555168,0,0,100210,0,0.0,0.0,0.0,0.0,1.552,0.0
1784631834.55692,0,0,100220,0,0.0,0.0,0.0,0.0,1.552,0.0
1784631834.5582829,0,0,100230,0,0.0,0.0,0.0,0.0,1.552,0.0
1784631834.5597527,0,0,100240,0,0.0,0.0,0.0,0.0,1.552,0.0
1784631834.5611982,0,0,100250,0,0.0,0.0,0.0,0.0,1.552,0.0
1784631834.562577,0,0,100260,0,0.0,0.0,0.0,0.0,1.552,0.0
1784631834.5638418,0,0,100270,0,0.0,0.0,0.0,0.0,1.551,0.0
1784631834.565133,0,0,100280,0,0.0,0.0,0.0,0.0,1.551,0.0
1784631834.5665536,0,0,100290,0,0.0,0.0,0.0,0.0,1.551,0.0
1784631834.5681863,0,0,100300,0,0.0,0.0,0.0,0.0,1.551,0.0
1784631834.569745,0,0,100310,0,0.0,0.0,0.0,0.0,1.551,0.0
1784631834.5712144,0,0,100320,0,0.0,0.0,0.0,0.0,1.551,0.0
1784631834.6789446,0,0,100330,0,0.0,0.0,0.0,0.0,1.551,0.0
1784631834.680456,0,0,100340,0,0.0,0.0,0.0,0.0,1.55,0.0
1784631834.6825767,0,0,100350,0,0.0,0.0,0.0,0.0,1.55,0.0
1784631834.6848018,0,0,100360,0,0.0,0.0,0.0,0.0,1.55,0.0
1784631834.68683,0,0,100370,0,0.0,0.0,0.0,0.0,1.55,0.0
1784631834.688543,0,0,100380,0,0.0,0.0,0.0,0.0,1.55,0.0
1784631834.6902876,0,0,100390,0,0.0,0.0,0.0,0.0,1.55,0.0
1784631834.692111,0,0,100400,0,0.0,0.0,0.0,0.0,1.549,0.0
1784631834.6942575,0,0,100410,0,0.0,0.0,0.0,0.0,1.549,0.0
1784631834.696112,0,0,100420,0,0.0,0.0,0.0,0.0,1.549,0.0
1784631834.6988373,0,0,100430,0,0.0,0.0,0.0,0.0,1.549,0.0
1784631834.8070421,0,0,100440,0,0.0,0.0,0.0,0.0,1.549,0.0
1784631834.808742,0,0,100450,0,0.0,0.0,0.0,0.0,1.549,0.0
1784631834.8099723,0,0,100460,0,0.0,0.0,0.0,0.0,1.549,0.0
1784631834.811245,0,0,100470,0,0.0,0.0,0.0,0.0,1.548,0.0
1784631834.8125458,0,0,100480,0,0.0,0.0,0.0,0.0,1.548,0.0
1784631834.813768,0,0,100490,0,0.0,0.0,0.0,0.0,1.548,0.0
1784631834.8150284,0,0,100500,0,0.0,0.0,0.0,0.0,1.548,0.0
1784631834.8163443,0,0,100510,0,0.0,0.0,0.0,0.0,1.548,0.0
1784631834.8175097,0,0,100520,0,0.0,0.0,0.0,0.0,1.548,0.0
1784631834.8187273,0,0,100530,0,0.0,0.0,0.0,0.0,1.547,0.0
1784631834.930051,0,0,100540,0,0.0,0.0,0.0,0.0,1.547,0.0
1784631834.9317508,0,0,100550,0,0.0,0.0,0.0,0.0,1.547,0.0
1784631834.933058,0,0,100560,0,0.0,0.0,0.0,0.0,1.547,0.0
1784631834.934386,0,0,100570,0,0.0,0.0,0.0,0.0,1.547,0.0
1784631834.9358482,0,0,100580,0,0.0,0.0,0.0,0.0,1.547,0.0
1784631834.9371717,0,0,100590,0,0.0,0.0,0.0,0.0,1.547,0.0
1784631834.9384224,0,0,100600,0,0.0,0.0,0.0,0.0,1.546,0.0
1784631834.9398963,0,0,100610,0,0.0,0.0,0.0,0.0,1.546,0.0
1784631834.9410863,0,0,100620,0,0.0,0.0,0.0,0.0,1.546,0.0
1784631834.942262,0,0,100630,0,0.0,0.0,0.0,0.0,1.546,0.0
1784631834.9436216,0,0,100640,0,0.0,0.0,0.0,0.0,1.546,0.0
1784631835.057501,0,0,100650,0,0.0,0.0,0.0,0.0,1.546,0.0
1784631835.0590134,0,0,100660,0,0.0,0.0,0.0,0.0,1.545,0.0
1784631835.0603492,0,0,100670,0,0.0,0.0,0.0,0.0,1.545,0.0
1784631835.0615954,0,0,100680,0,0.0,0.0,0.0,0.0,1.545,0.0
1784631835.062812,0,0,100690,0,0.0,0.0,0.0,0.0,1.545,0.0
1784631835.0642989,0,0,100700,0,0.0,0.0,0.0,0.0,1.545,0.0
1784631835.0656114,0,0,100710,0,0.0,0.0,0.0,0.0,1.545,0.0
1784631835.0667799,0,0,100720,0,0.0,0.0,0.0,0.0,1.545,0.0
1784631835.0680776,0,0,100730,0,0.0,0.0,0.0,0.0,1.544,0.0
1784631835.0694048,0,0,100740,0,0.0,0.0,0.0,0.0,1.544,0.0
1784631835.0706666,0,0,100750,0,0.0,0.0,0.0,0.0,1.544,0.0
1784631835.0719838,0,0,100760,0,0.0,0.0,0.0,0.0,1.544,0.0
1784631835.187328,0,0,100770,0,0.0,0.0,0.0,0.0,1.544,0.0
1784631835.1887863,0,0,100780,0,0.0,0.0,0.0,0.0,1.544,0.0
1784631835.1901896,0,0,100790,0,0.0,0.0,0.0,0.0,1.543,0.0
1784631835.1915236,0,0,100800,0,0.0,0.0,0.0,0.0,1.543,0.0
1784631835.192923,0,0,100810,0,0.0,0.0,0.0,0.0,1.543,0.0
1784631835.194243,0,0,100820,0,0.0,0.0,0.0,0.0,1.543,0.0
1784631835.1955507,0,0,100830,0,0.0,0.0,0.0,0.0,1.543,0.0
1784631835.1973677,0,0,100840,0,0.0,0.0,0.0,0.0,1.543,0.0
1784631835.2001371,0,0,100850,0,0.0,0.0,0.0,0.0,1.543,0.0
1784631835.2018623,0,0,100860,0,0.0,0.0,0.0,0.0,1.542,0.0
1784631835.2032187,0,0,100870,0,0.0,0.0,0.0,0.0,1.542,0.0
1784631835.204416,0,0,100880,0,0.0,0.0,0.0,0.0,1.542,0.0
1784631835.3113108,0,0,100890,0,0.0,0.0,0.0,0.0,1.542,0.0
1784631835.3129377,0,0,100900,0,0.0,0.0,0.0,0.0,1.542,0.0
1784631835.3142426,0,0,100910,0,0.0,0.0,0.0,0.0,1.542,0.0
1784631835.315472,0,0,100920,0,0.0,0.0,0.0,0.0,1.541,0.0
1784631835.3166862,0,0,100930,0,0.0,0.0,0.0,0.0,1.541,0.0
1784631835.3180392,0,0,100940,0,0.0,0.0,0.0,0.0,1.541,0.0
1784631835.3193288,0,0,100950,0,0.0,0.0,0.0,0.0,1.541,0.0
1784631835.3211658,0,0,100960,0,0.0,0.0,0.0,0.0,1.541,0.0
1784631835.3234324,0,0,100970,0,0.0,0.0,0.0,0.0,1.541,0.0
1784631835.3255568,0,0,100980,0,0.0,0.0,0.0,0.0,1.541,0.0
1784631835.326856,0,0,100990,0,0.0,0.0,0.0,0.0,1.54,0.0
1784631835.4404173,0,0,101000,0,0.0,0.0,0.0,0.0,1.54,0.0
1784631835.4425883,0,0,101010,0,0.0,0.0,0.0,0.0,1.54,0.0
1784631835.4475837,0,0,101020,0,0.0,0.0,0.0,0.0,1.54,0.0
1784631835.4527452,0,0,101030,0,0.0,0.0,0.0,0.0,1.54,0.0
1784631835.4551175,0,0,101040,0,0.0,0.0,0.0,0.0,1.54,0.0
1784631835.456715,0,0,101050,0,0.0,0.0,0.0,0.0,1.539,0.0
1784631835.4580154,0,0,101060,0,0.0,0.0,0.0,0.0,1.539,0.0
1784631835.4597652,0,0,101070,0,0.0,0.0,0.0,0.0,1.539,0.0
1784631835.461225,0,0,101080,0,0.0,0.0,0.0,0.0,1.539,0.0
1784631835.462815,0,0,101090,0,0.0,0.0,0.0,0.0,1.539,0.0
1784631835.4643338,0,0,101100,0,0.0,0.0,0.0,0.0,1.539,0.0
1784631835.5715263,0,0,101110,0,0.0,0.0,0.0,0.0,1.539,0.0
1784631835.574649,0,0,101120,0,0.0,0.0,0.0,0.0,1.538,0.0
1784631835.5769641,0,0,101130,0,0.0,0.0,0.0,0.0,1.538,0.0
1784631835.5795834,0,0,101140,0,0.0,0.0,0.0,0.0,1.538,0.0
1784631835.581618,0,0,101150,0,0.0,0.0,0.0,0.0,1.538,0.0
1784631835.5836813,0,0,101160,0,0.0,0.0,0.0,0.0,1.538,0.0
1784631835.5856988,0,0,101170,0,0.0,0.0,0.0,0.0,1.538,0.0
1784631835.5883908,0,0,101180,0,0.0,0.0,0.0,0.0,1.538,0.0
1784631835.5905023,0,0,101190,0,0.0,0.0,0.0,0.0,1.537,0.0
1784631835.5924582,0,0,101200,0,0.0,0.0,0.0,0.0,1.537,0.0
1784631835.5938976,0,0,101210,0,0.0,0.0,0.0,0.0,1.537,0.0
1784631835.595091,0,0,101220,0,0.0,0.0,0.0,0.0,1.537,0.0
1784631835.5967033,0,0,101230,0,0.0,0.0,0.0,0.0,1.537,0.0
1784631835.7057385,0,0,101240,0,0.0,0.0,0.0,0.0,1.537,0.0
1784631835.7077596,0,0,101250,0,0.0,0.0,0.0,0.0,1.536,0.0
1784631835.70952,0,0,101260,0,0.0,0.0,0.0,0.0,1.536,0.0
1784631835.711393,0,0,101270,0,0.0,0.0,0.0,0.0,1.536,0.0
1784631835.7134264,0,0,101280,0,0.0,0.0,0.0,0.0,1.536,0.0
1784631835.7153332,0,0,101290,0,0.0,0.0,0.0,0.0,1.536,0.0
1784631835.717542,0,0,101300,0,0.0,0.0,0.0,0.0,1.536,0.0
1784631835.7193465,0,0,101310,0,0.0,0.0,0.0,0.0,1.536,0.0
1784631835.7206526,0,0,101320,0,0.0,0.0,0.0,0.0,1.535,0.0
1784631835.721933,0,0,101330,0,0.0,0.0,0.0,0.0,1.535,0.0
1784631835.7232034,0,0,101340,0,0.0,0.0,0.0,0.0,1.535,0.0
1784631835.7243664,0,0,101350,0,0.0,0.0,0.0,0.0,1.535,0.0
1784631835.7256021,0,0,101360,0,0.0,0.0,0.0,0.0,1.535,0.0
1784631835.8332596,0,0,101370,0,0.0,0.0,0.0,0.0,1.535,0.0
1784631835.8348444,0,0,101380,0,0.0,0.0,0.0,0.0,1.534,0.0
1784631835.8362474,0,0,101390,0,0.0,0.0,0.0,0.0,1.534,0.0
1784631835.8376799,0,0,101400,0,0.0,0.0,0.0,0.0,1.534,0.0
1784631835.8404408,0,0,101410,0,0.0,0.0,0.0,0.0,1.534,0.0
1784631835.8424215,0,0,101420,0,0.0,0.0,0.0,0.0,1.534,0.0
1784631835.8443937,0,0,101430,0,0.0,0.0,0.0,0.0,1.534,0.0
1784631835.8472729,0,0,101440,0,0.0,0.0,0.0,0.0,1.534,0.0
1784631835.849396,0,0,101450,0,0.0,0.0,0.0,0.0,1.533,0.0
1784631835.8514752,0,0,101460,0,0.0,0.0,0.0,0.0,1.533,0.0
1784631835.8570926,0,0,101470,0,0.0,0.0,0.0,0.0,1.533,0.0
1784631835.8612278,0,0,101480,0,0.0,0.0,0.0,0.0,1.533,0.0
1784631835.9657426,0,0,101490,0,0.0,0.0,0.0,0.0,1.533,0.0
1784631835.9692106,0,0,101500,0,0.0,0.0,0.0,0.0,1.533,0.0
1784631835.9709072,0,0,101510,0,0.0,0.0,0.0,0.0,1.533,0.0
1784631835.9766665,0,0,101520,0,0.0,0.0,0.0,0.0,1.532,0.0
1784631835.983,0,0,101530,0,0.0,0.0,0.0,0.0,1.532,0.0
1784631835.9850912,0,0,101540,0,0.0,0.0,0.0,0.0,1.532,0.0
1784631835.98677,0,0,101550,0,0.0,0.0,0.0,0.0,1.532,0.0
1784631835.9891999,0,0,101560,0,0.0,0.0,0.0,0.0,1.532,0.0
1784631835.991246,0,0,101570,0,0.0,0.0,0.0,0.0,1.532,0.0
1784631835.993178,0,0,101580,0,0.0,0.0,0.0,0.0,1.531,0.0
1784631835.9972491,0,0,101590,0,0.0,0.0,0.0,0.0,1.531,0.0
1784631836.0070586,0,0,101600,0,0.0,0.0,0.0,0.0,1.531,0.0
1784631836.010731,0,0,101610,0,0.0,0.0,0.0,0.0,1.531,0.0
1784631836.1195219,0,0,101620,0,0.0,0.0,0.0,0.0,1.531,0.0
1784631836.1225913,0,0,101630,0,0.0,0.0,0.0,0.0,1.531,0.0
1784631836.1251385,0,0,101640,0,0.0,0.0,0.0,0.0,1.531,0.0
1784631836.127867,0,0,101650,0,0.0,0.0,0.0,0.0,1.53,0.0
1784631836.1303232,0,0,101660,0,0.0,0.0,0.0,0.0,1.53,0.0
1784631836.1321223,0,0,101670,0,0.0,0.0,0.0,0.0,1.53,0.0
1784631836.1337245,0,0,101680,0,0.0,0.0,0.0,0.0,1.53,0.0
1784631836.1368384,0,0,101690,0,0.0,0.0,0.0,0.0,1.53,0.0
1784631836.139732,0,0,101700,0,0.0,0.0,0.0,0.0,1.53,0.0
1784631836.1415994,0,0,101710,0,0.0,0.0,0.0,0.0,1.53,0.0
1784631836.1430173,0,0,101720,0,0.0,0.0,0.0,0.0,1.529,0.0
1784631836.1445546,0,0,101730,0,0.0,0.0,0.0,0.0,1.529,0.0
1784631836.1466038,0,0,101740,0,0.0,0.0,0.0,0.0,1.529,0.0
1784631836.1486564,0,0,101750,0,0.0,0.0,0.0,0.0,1.529,0.0
1784631836.25562,0,0,101760,0,0.0,0.0,0.0,0.0,1.529,0.0
1784631836.2576888,0,0,101770,0,0.0,0.0,0.0,0.0,1.529,0.0
1784631836.2608688,0,0,101780,0,0.0,0.0,0.0,0.0,1.528,0.0
1784631836.2648473,0,0,101790,0,0.0,0.0,0.0,0.0,1.528,0.0
1784631836.2679715,0,0,101800,0,0.0,0.0,0.0,0.0,1.528,0.0
1784631836.2712061,0,0,101810,0,0.0,0.0,0.0,0.0,1.528,0.0
1784631836.2733614,0,0,101820,0,0.0,0.0,0.0,0.0,1.528,0.0
1784631836.2756424,0,0,101830,0,0.0,0.0,0.0,0.0,1.528,0.0
1784631836.2773874,0,0,101840,0,0.0,0.0,0.0,0.0,1.528,0.0
1784631836.2794015,0,0,101850,0,0.0,0.0,0.0,0.0,1.527,0.0
1784631836.2811613,0,0,101860,0,0.0,0.0,0.0,0.0,1.527,0.0
1784631836.2827368,0,0,101870,0,0.0,0.0,0.0,0.0,1.527,0.0
1784631836.2841818,0,0,101880,0,0.0,0.0,0.0,0.0,1.527,0.0
1784631836.2855687,0,0,101890,0,0.0,0.0,0.0,0.0,1.527,0.0
1784631836.399474,0,0,101900,0,0.0,0.0,0.0,0.0,1.527,0.0
1784631836.402414,0,0,101910,0,0.0,0.0,0.0,0.0,1.527,0.0
1784631836.4047713,0,0,101920,0,0.0,0.0,0.0,0.0,1.526,0.0
1784631836.4069753,0,0,101930,0,0.0,0.0,0.0,0.0,1.526,0.0
1784631836.4084136,0,0,101940,0,0.0,0.0,0.0,0.0,1.526,0.0
1784631836.4097002,0,0,101950,0,0.0,0.0,0.0,0.0,1.526,0.0
1784631836.411018,0,0,101960,0,0.0,0.0,0.0,0.0,1.526,0.0
1784631836.4135,0,0,101970,0,0.0,0.0,0.0,0.0,1.526,0.0
1784631836.4240863,0,0,101980,0,0.0,0.0,0.0,0.0,1.525,0.0
1784631836.4262087,0,0,101990,0,0.0,0.0,0.0,0.0,1.525,0.0
1784631836.4276361,0,0,102000,0,0.0,0.0,0.0,0.0,1.525,0.0
1784631836.4293528,0,0,102010,0,0.0,0.0,0.0,0.0,1.525,0.0
1784631836.4312336,0,0,102020,0,0.0,0.0,0.0,0.0,1.525,0.0
1784631836.433232,0,0,102030,0,0.0,0.0,0.0,0.0,1.525,0.0
1784631836.4350328,0,0,102040,0,0.0,0.0,0.0,0.0,1.525,0.0
1784631836.4363954,0,0,102050,0,0.0,0.0,0.0,0.0,1.524,0.0
1784631836.5460017,0,0,102060,0,0.0,0.0,0.0,0.0,1.524,0.0
1784631836.5483649,0,0,102070,0,0.0,0.0,0.0,0.0,1.524,0.0
1784631836.5507038,0,0,102080,0,0.0,0.0,0.0,0.0,1.524,0.0
1784631836.5595555,0,0,102090,0,0.0,0.0,0.0,0.0,1.524,0.0
1784631836.5630424,0,0,102100,0,0.0,0.0,0.0,0.0,1.524,0.0
1784631836.5653405,0,0,102110,0,0.0,0.0,0.0,0.0,1.524,0.0
1784631836.5677829,0,0,102120,0,0.0,0.0,0.0,0.0,1.523,0.0
1784631836.569966,0,0,102130,0,0.0,0.0,0.0,0.0,1.523,0.0
1784631836.5720346,0,0,102140,0,0.0,0.0,0.0,0.0,1.523,0.0
1784631836.5747907,0,0,102150,0,0.0,0.0,0.0,0.0,1.523,0.0
1784631836.576561,0,0,102160,0,0.0,0.0,0.0,0.0,1.523,0.0
1784631836.5778887,0,0,102170,0,0.0,0.0,0.0,0.0,1.523,0.0
1784631836.5800314,0,0,102180,0,0.0,0.0,0.0,0.0,1.522,0.0
1784631836.5816698,0,0,102190,0,0.0,0.0,0.0,0.0,1.522,0.0
1784631836.5835297,0,0,102200,0,0.0,0.0,0.0,0.0,1.522,0.0
1784631836.5849502,0,0,102210,0,0.0,0.0,0.0,0.0,1.522,0.0
1784631836.6898715,0,0,102220,0,0.0,0.0,0.0,0.0,1.522,0.0
1784631836.6925552,0,0,102230,0,0.0,0.0,0.0,0.0,1.522,0.0
1784631836.694515,0,0,102240,0,0.0,0.0,0.0,0.0,1.522,0.0
1784631836.700549,0,0,102250,0,0.0,0.0,0.0,0.0,1.521,0.0
1784631836.704143,0,0,102260,0,0.0,0.0,0.0,0.0,1.521,0.0
1784631836.706059,0,0,102270,0,0.0,0.0,0.0,0.0,1.521,0.0
1784631836.707953,0,0,102280,0,0.0,0.0,0.0,0.0,1.521,0.0
1784631836.7098544,0,0,102290,0,0.0,0.0,0.0,0.0,1.521,0.0
1784631836.7120261,0,0,102300,0,0.0,0.0,0.0,0.0,1.521,0.0
1784631836.7137244,0,0,102310,0,0.0,0.0,0.0,0.0,1.521,0.0
1784631836.7151303,0,0,102320,0,0.0,0.0,0.0,0.0,1.52,0.0
1784631836.716416,0,0,102330,0,0.0,0.0,0.0,0.0,1.52,0.0
1784631836.7187393,0,0,102340,0,0.0,0.0,0.0,0.0,1.52,0.0
1784631836.7202559,0,0,102350,0,0.0,0.0,0.0,0.0,1.52,0.0
1784631836.832405,0,0,102360,0,0.0,0.0,0.0,0.0,1.52,0.0
1784631836.8357947,0,0,102370,0,0.0,0.0,0.0,0.0,1.52,0.0
1784631836.8379648,0,0,102380,0,0.0,0.0,0.0,0.0,1.519,0.0
1784631836.8400016,0,0,102390,0,0.0,0.0,0.0,0.0,1.519,0.0
1784631836.8426554,0,0,102400,0,0.0,0.0,0.0,0.0,1.519,0.0
1784631836.8454041,0,0,102410,0,0.0,0.0,0.0,0.0,1.519,0.0
1784631836.8477895,0,0,102420,0,0.0,0.0,0.0,0.0,1.519,0.0
1784631836.8494554,0,0,102430,0,0.0,0.0,0.0,0.0,1.519,0.0
1784631836.8509786,0,0,102440,0,0.0,0.0,0.0,0.0,1.519,0.0
1784631836.8523214,0,0,102450,0,0.0,0.0,0.0,0.0,1.518,0.0
1784631836.8541808,0,0,102460,0,0.0,0.0,0.0,0.0,1.518,0.0
1784631836.8563247,0,0,102470,0,0.0,0.0,0.0,0.0,1.518,0.0
1784631836.857889,0,0,102480,0,0.0,0.0,0.0,0.0,1.518,0.0
1784631836.9832683,0,0,102490,0,0.0,0.0,0.0,0.0,1.518,0.0
1784631836.989745,0,0,102500,0,0.0,0.0,0.0,0.0,1.518,0.0
1784631836.9910939,0,0,102510,0,0.0,0.0,0.0,0.0,1.518,0.0
1784631836.992366,0,0,102520,0,0.0,0.0,0.0,0.0,1.517,0.0
1784631836.9936075,0,0,102530,0,0.0,0.0,0.0,0.0,1.517,0.0
1784631836.9948022,0,0,102540,0,0.0,0.0,0.0,0.0,1.517,0.0
1784631836.996502,0,0,102550,0,0.0,0.0,0.0,0.0,1.517,0.0
1784631836.999677,0,0,102560,0,0.0,0.0,0.0,0.0,1.517,0.0
1784631837.001624,0,0,102570,0,0.0,0.0,0.0,0.0,1.517,0.0
1784631837.0030417,0,0,102580,0,0.0,0.0,0.0,0.0,1.517,0.0
1784631837.004279,0,0,102590,0,0.0,0.0,0.0,0.0,1.516,0.0
1784631837.0054839,0,0,102600,0,0.0,0.0,0.0,0.0,1.516,0.0
1784631837.0068467,0,0,102610,0,0.0,0.0,0.0,0.0,1.516,0.0
1784631837.0084314,0,0,102620,0,0.0,0.0,0.0,0.0,1.516,0.0
1784631837.0113199,0,0,102630,0,0.0,0.0,0.0,0.0,1.516,0.0
1784631837.120455,0,0,102640,0,0.0,0.0,0.0,0.0,1.516,0.0
1784631837.1233547,0,0,102650,0,0.0,0.0,0.0,0.0,1.516,0.0
1784631837.1255505,0,0,102660,0,0.0,0.0,0.0,0.0,1.515,0.0
1784631837.1272845,0,0,102670,0,0.0,0.0,0.0,0.0,1.515,0.0
1784631837.1288512,0,0,102680,0,0.0,0.0,0.0,0.0,1.515,0.0
1784631837.1310062,0,0,102690,0,0.0,0.0,0.0,0.0,1.515,0.0
1784631837.1325388,0,0,102700,0,0.0,0.0,0.0,0.0,1.515,0.0
1784631837.133815,0,0,102710,0,0.0,0.0,0.0,0.0,1.515,0.0
1784631837.135588,0,0,102720,0,0.0,0.0,0.0,0.0,1.514,0.0
1784631837.1382186,0,0,102730,0,0.0,0.0,0.0,0.0,1.514,0.0
1784631837.1398146,0,0,102740,0,0.0,0.0,0.0,0.0,1.514,0.0
1784631837.1410775,0,0,102750,0,0.0,0.0,0.0,0.0,1.514,0.0
1784631837.1422865,0,0,102760,0,0.0,0.0,0.0,0.0,1.514,0.0
1784631837.1435053,0,0,102770,0,0.0,0.0,0.0,0.0,1.514,0.0
1784631837.1447508,0,0,102780,0,0.0,0.0,0.0,0.0,1.514,0.0
1784631837.263274,0,0,102790,0,0.0,0.0,0.0,0.0,1.513,0.0
1784631837.265534,0,0,102800,0,0.0,0.0,0.0,0.0,1.513,0.0
1784631837.2680757,0,0,102810,0,0.0,0.0,0.0,0.0,1.513,0.0
1784631837.2704694,0,0,102820,0,0.0,0.0,0.0,0.0,1.513,0.0
1784631837.2723553,0,0,102830,0,0.0,0.0,0.0,0.0,1.513,0.0
1784631837.2739787,0,0,102840,0,0.0,0.0,0.0,0.0,1.513,0.0
1784631837.2756162,0,0,102850,0,0.0,0.0,0.0,0.0,1.513,0.0
1784631837.2772791,0,0,102860,0,0.0,0.0,0.0,0.0,1.512,0.0
1784631837.278749,0,0,102870,0,0.0,0.0,0.0,0.0,1.512,0.0
1784631837.2801971,0,0,102880,0,0.0,0.0,0.0,0.0,1.512,0.0
1784631837.2819996,0,0,102890,0,0.0,0.0,0.0,0.0,1.512,0.0
1784631837.2841613,0,0,102900,0,0.0,0.0,0.0,0.0,1.512,0.0
1784631837.2854948,0,0,102910,0,0.0,0.0,0.0,0.0,1.512,0.0
1784631837.2868044,0,0,102920,0,0.0,0.0,0.0,0.0,1.512,0.0
1784631837.2880988,0,0,102930,0,0.0,0.0,0.0,0.0,1.511,0.0
1784631837.3941722,0,0,102940,0,0.0,0.0,0.0,0.0,1.511,0.0
1784631837.3964863,0,0,102950,0,0.0,0.0,0.0,0.0,1.511,0.0
1784631837.398722,0,0,102960,0,0.0,0.0,0.0,0.0,1.511,0.0
1784631837.4019017,0,0,102970,0,0.0,0.0,0.0,0.0,1.511,0.0
1784631837.403766,0,0,102980,0,0.0,0.0,0.0,0.0,1.511,0.0
1784631837.405606,0,0,102990,0,0.0,0.0,0.0,0.0,1.511,0.0
1784631837.40723,0,0,103000,0,0.0,0.0,0.0,0.0,1.51,0.0
1784631837.4085112,0,0,103010,0,0.0,0.0,0.0,0.0,1.51,0.0
1784631837.4103131,0,0,103020,0,0.0,0.0,0.0,0.0,1.51,0.0
1784631837.411825,0,0,103030,0,0.0,0.0,0.0,0.0,1.51,0.0
1784631837.4131339,0,0,103040,0,0.0,0.0,0.0,0.0,1.51,0.0
1784631837.4143856,0,0,103050,0,0.0,0.0,0.0,0.0,1.51,0.0
1784631837.52495,0,0,103060,0,0.0,0.0,0.0,0.0,1.509,0.0
1784631837.5278635,0,0,103070,0,0.0,0.0,0.0,0.0,1.509,0.0
1784631837.5304348,0,0,103080,0,0.0,0.0,0.0,0.0,1.509,0.0
1784631837.5329163,0,0,103090,0,0.0,0.0,0.0,0.0,1.509,0.0
1784631837.5353472,0,0,103100,0,0.0,0.0,0.0,0.0,1.509,0.0
1784631837.5379343,0,0,103110,0,0.0,0.0,0.0,0.0,1.509,0.0
1784631837.5403037,0,0,103120,0,0.0,0.0,0.0,0.0,1.509,0.0
1784631837.543171,0,0,103130,0,0.0,0.0,0.0,0.0,1.508,0.0
1784631837.5459707,0,0,103140,0,0.0,0.0,0.0,0.0,1.508,0.0
1784631837.548067,0,0,103150,0,0.0,0.0,0.0,0.0,1.508,0.0
1784631837.5497386,0,0,103160,0,0.0,0.0,0.0,0.0,1.508,0.0
1784631837.6597588,0,0,103170,0,0.0,0.0,0.0,0.0,1.508,0.0
1784631837.6625202,0,0,103180,0,0.0,0.0,0.0,0.0,1.508,0.0
1784631837.664887,0,0,103190,0,0.0,0.0,0.0,0.0,1.508,0.0
1784631837.6678617,0,0,103200,0,0.0,0.0,0.0,0.0,1.507,0.0
1784631837.669999,0,0,103210,0,0.0,0.0,0.0,0.0,1.507,0.0
1784631837.6717238,0,0,103220,0,0.0,0.0,0.0,0.0,1.507,0.0
1784631837.6734293,0,0,103230,0,0.0,0.0,0.0,0.0,1.507,0.0
1784631837.675105,0,0,103240,0,0.0,0.0,0.0,0.0,1.507,0.0
1784631837.6766176,0,0,103250,0,0.0,0.0,0.0,0.0,1.507,0.0
1784631837.678308,0,0,103260,0,0.0,0.0,0.0,0.0,1.507,0.0
1784631837.6806638,0,0,103270,0,0.0,0.0,0.0,0.0,1.506,0.0
1784631837.6829147,0,0,103280,0,0.0,0.0,0.0,0.0,1.506,0.0
1784631837.684902,0,0,103290,0,0.0,0.0,0.0,0.0,1.506,0.0
1784631837.7957773,0,0,103300,0,0.0,0.0,0.0,0.0,1.506,0.0
1784631837.7988708,0,0,103310,0,0.0,0.0,0.0,0.0,1.506,0.0
1784631837.8012242,0,0,103320,0,0.0,0.0,0.0,0.0,1.506,0.0
1784631837.802995,0,0,103330,0,0.0,0.0,0.0,0.0,1.506,0.0
1784631837.804751,0,0,103340,0,0.0,0.0,0.0,0.0,1.505,0.0
1784631837.8066826,0,0,103350,0,0.0,0.0,0.0,0.0,1.505,0.0
1784631837.8083029,0,0,103360,0,0.0,0.0,0.0,0.0,1.505,0.0
1784631837.80988,0,0,103370,0,0.0,0.0,0.0,0.0,1.505,0.0
1784631837.811654,0,0,103380,0,0.0,0.0,0.0,0.0,1.505,0.0
1784631837.8149881,0,0,103390,0,0.0,0.0,0.0,0.0,1.505,0.0
1784631837.8170455,0,0,103400,0,0.0,0.0,0.0,0.0,1.505,0.0
1784631837.8187776,0,0,103410,0,0.0,0.0,0.0,0.0,1.504,0.0
1784631837.820442,0,0,103420,0,0.0,0.0,0.0,0.0,1.504,0.0
1784631837.9262822,0,0,103430,0,0.0,0.0,0.0,0.0,1.504,0.0
1784631837.928193,0,0,103440,0,0.0,0.0,0.0,0.0,1.504,0.0
1784631837.9302807,0,0,103450,0,0.0,0.0,0.0,0.0,1.504,0.0
1784631837.9362528,0,0,103460,0,0.0,0.0,0.0,0.0,1.504,0.0
1784631837.9396262,0,0,103470,0,0.0,0.0,0.0,0.0,1.503,0.0
1784631837.9515252,0,0,103480,0,0.0,0.0,0.0,0.0,1.503,0.0
1784631837.9571066,0,0,103490,0,0.0,0.0,0.0,0.0,1.503,0.0
1784631837.9612446,0,0,103500,0,0.0,0.0,0.0,0.0,1.503,0.0
1784631837.9658709,0,0,103510,0,0.0,0.0,0.0,0.0,1.503,0.0
1784631837.970909,0,0,103520,0,0.0,0.0,0.0,0.0,1.503,0.0
1784631837.97483,0,0,103530,0,0.0,0.0,0.0,0.0,1.503,0.0
1784631837.9839098,0,0,103540,0,0.0,0.0,0.0,0.0,1.502,0.0
1784631837.9870713,0,0,103550,0,0.0,0.0,0.0,0.0,1.502,0.0
1784631838.095449,0,0,103560,0,0.0,0.0,0.0,0.0,1.502,0.0
1784631838.0990462,0,0,103570,0,0.0,0.0,0.0,0.0,1.502,0.0
1784631838.1020162,0,0,103580,0,0.0,0.0,0.0,0.0,1.502,0.0
1784631838.1068087,0,0,103590,0,0.0,0.0,0.0,0.0,1.502,0.0
1784631838.1092696,0,0,103600,0,0.0,0.0,0.0,0.0,1.502,0.0
1784631838.1119442,0,0,103610,0,0.0,0.0,0.0,0.0,1.501,0.0
1784631838.114441,0,0,103620,0,0.0,0.0,0.0,0.0,1.501,0.0
1784631838.116903,0,0,103630,0,0.0,0.0,0.0,0.0,1.501,0.0
1784631838.122244,0,0,103640,0,0.0,0.0,0.0,0.0,1.501,0.0
1784631838.1252341,0,0,103650,0,0.0,0.0,0.0,0.0,1.501,0.0
1784631838.1277492,0,0,103660,0,0.0,0.0,0.0,0.0,1.501,0.0
1784631838.1304555,0,0,103670,0,0.0,0.0,0.0,0.0,1.501,0.0
1784631838.1342242,0,0,103680,0,0.0,0.0,0.0,0.0,1.5,0.0
1784631838.138504,0,0,103690,0,0.0,0.0,0.0,0.0,1.5,0.0
1784631838.1405854,0,0,103700,0,0.0,0.0,0.0,0.0,1.5,0.0
1784631838.1422234,0,0,103710,0,0.0,0.0,0.0,0.0,1.5,0.0
1784631838.2491693,0,0,103720,0,0.0,0.0,0.0,0.0,1.5,0.0
1784631838.2527585,0,0,103730,0,0.0,0.0,0.0,0.0,1.5,0.0
1784631838.2562666,0,0,103740,0,0.0,0.0,0.0,0.0,1.5,0.0
1784631838.2586384,0,0,103750,0,0.0,0.0,0.0,0.0,1.499,0.0
1784631838.2646036,0,0,103760,0,0.0,0.0,0.0,0.0,1.499,0.0
1784631838.2677193,0,0,103770,0,0.0,0.0,0.0,0.0,1.499,0.0
1784631838.2713597,0,0,103780,0,0.0,0.0,0.0,0.0,1.499,0.0
1784631838.2735677,0,0,103790,0,0.0,0.0,0.0,0.0,1.499,0.0
1784631838.2777526,0,0,103800,0,0.0,0.0,0.0,0.0,1.499,0.0
1784631838.2826188,0,0,103810,0,0.0,0.0,0.0,0.0,1.499,0.0
1784631838.2860358,0,0,103820,0,0.0,0.0,0.0,0.0,1.498,0.0
1784631838.29167,0,0,103830,0,0.0,0.0,0.0,0.0,1.498,0.0
1784631838.4210122,0,0,103840,0,0.0,0.0,0.0,0.0,1.498,0.0
1784631838.4244428,0,0,103850,0,0.0,0.0,0.0,0.0,1.498,0.0
1784631838.427426,0,0,103860,0,0.0,0.0,0.0,0.0,1.498,0.0
1784631838.4353318,0,0,103870,0,0.0,0.0,0.0,0.0,1.498,0.0
1784631838.4380076,0,0,103880,0,0.0,0.0,0.0,0.0,1.498,0.0
1784631838.4410572,0,0,103890,0,0.0,0.0,0.0,0.0,1.497,0.0
1784631838.4447753,0,0,103900,0,0.0,0.0,0.0,0.0,1.497,0.0
1784631838.4495957,0,0,103910,0,0.0,0.0,0.0,0.0,1.497,0.0
1784631838.452912,0,0,103920,0,0.0,0.0,0.0,0.0,1.497,0.0
1784631838.4552965,0,0,103930,0,0.0,0.0,0.0,0.0,1.497,0.0
1784631838.4569445,0,0,103940,0,0.0,0.0,0.0,0.0,1.497,0.0
1784631838.458407,0,0,103950,0,0.0,0.0,0.0,0.0,1.497,0.0
1784631838.4601057,0,0,103960,0,0.0,0.0,0.0,0.0,1.496,0.0
1784631838.5691812,0,0,103970,0,0.0,0.0,0.0,0.0,1.496,0.0
1784631838.571058,0,0,103980,0,0.0,0.0,0.0,0.0,1.496,0.0
1784631838.5734334,0,0,103990,0,0.0,0.0,0.0,0.0,1.496,0.0
1784631838.575617,0,0,104000,0,0.0,0.0,0.0,0.0,1.496,0.0
1784631838.5770297,0,0,104010,0,0.0,0.0,0.0,0.0,1.496,0.0
1784631838.5782516,0,0,104020,0,0.0,0.0,0.0,0.0,1.496,0.0
1784631838.5794852,0,0,104030,0,0.0,0.0,0.0,0.0,1.495,0.0
1784631838.580675,0,0,104040,0,0.0,0.0,0.0,0.0,1.495,0.0
1784631838.581957,0,0,104050,0,0.0,0.0,0.0,0.0,1.495,0.0
1784631838.5832365,0,0,104060,0,0.0,0.0,0.0,0.0,1.495,0.0
1784631838.5844584,0,0,104070,0,0.0,0.0,0.0,0.0,1.495,0.0
1784631838.5856469,0,0,104080,0,0.0,0.0,0.0,0.0,1.495,0.0
1784631838.586977,0,0,104090,0,0.0,0.0,0.0,0.0,1.495,0.0
1784631838.6952891,0,0,104100,0,0.0,0.0,0.0,0.0,1.494,0.0
1784631838.6983135,0,0,104110,0,0.0,0.0,0.0,0.0,1.494,0.0
1784631838.7012944,0,0,104120,0,0.0,0.0,0.0,0.0,1.494,0.0
1784631838.7034242,0,0,104130,0,0.0,0.0,0.0,0.0,1.494,0.0
1784631838.705012,0,0,104140,0,0.0,0.0,0.0,0.0,1.494,0.0
1784631838.706325,0,0,104150,0,0.0,0.0,0.0,0.0,1.494,0.0
1784631838.7077904,0,0,104160,0,0.0,0.0,0.0,0.0,1.494,0.0
1784631838.7090971,0,0,104170,0,0.0,0.0,0.0,0.0,1.493,0.0
1784631838.710333,0,0,104180,0,0.0,0.0,0.0,0.0,1.493,0.0
1784631838.71172,0,0,104190,0,0.0,0.0,0.0,0.0,1.493,0.0
1784631838.7135708,0,0,104200,0,0.0,0.0,0.0,0.0,1.493,0.0
1784631838.715404,0,0,104210,0,0.0,0.0,0.0,0.0,1.493,0.0
1784631838.8239996,0,0,104220,0,0.0,0.0,0.0,0.0,1.493,0.0
1784631838.8279037,0,0,104230,0,0.0,0.0,0.0,0.0,1.493,0.0
1784631838.8305135,0,0,104240,0,0.0,0.0,0.0,0.0,1.492,0.0
1784631838.8326185,0,0,104250,0,0.0,0.0,0.0,0.0,1.492,0.0
1784631838.8344069,0,0,104260,0,0.0,0.0,0.0,0.0,1.492,0.0
1784631838.8363144,0,0,104270,0,0.0,0.0,0.0,0.0,1.492,0.0
1784631838.8461857,0,0,104280,0,0.0,0.0,0.0,0.0,1.492,0.0
1784631838.848437,0,0,104290,0,0.0,0.0,0.0,0.0,1.492,0.0
1784631838.8500288,0,0,104300,0,0.0,0.0,0.0,0.0,1.492,0.0
1784631838.8514476,0,0,104310,0,0.0,0.0,0.0,0.0,1.491,0.0
1784631838.8528686,0,0,104320,0,0.0,0.0,0.0,0.0,1.491,0.0
1784631838.9592314,0,0,104330,0,0.0,0.0,0.0,0.0,1.491,0.0
1784631838.9622638,0,0,104340,0,0.0,0.0,0.0,0.0,1.491,0.0
1784631838.9669046,0,0,104350,0,0.0,0.0,0.0,0.0,1.491,0.0
1784631838.9701924,0,0,104360,0,0.0,0.0,0.0,0.0,1.491,0.0
1784631838.9769156,0,0,104370,0,0.0,0.0,0.0,0.0,1.491,0.0
1784631838.981385,0,0,104380,0,0.0,0.0,0.0,0.0,1.49,0.0
1784631838.9863315,0,0,104390,0,0.0,0.0,0.0,0.0,1.49,0.0
1784631838.9928644,0,0,104400,0,0.0,0.0,0.0,0.0,1.49,0.0
1784631838.9962888,0,0,104410,0,0.0,0.0,0.0,0.0,1.49,0.0
1784631839.0030763,0,0,104420,0,0.0,0.0,0.0,0.0,1.49,0.0
1784631839.0071218,0,0,104430,0,0.0,0.0,0.0,0.0,1.49,0.0
1784631839.0110748,0,0,104440,0,0.0,0.0,0.0,0.0,1.49,0.0
1784631839.0134928,0,0,104450,0,0.0,0.0,0.0,0.0,1.489,0.0
1784631839.1213841,0,0,104460,0,0.0,0.0,0.0,0.0,1.489,0.0
1784631839.1257124,0,0,104470,0,0.0,0.0,0.0,0.0,1.489,0.0
1784631839.128215,0,0,104480,0,0.0,0.0,0.0,0.0,1.489,0.0
1784631839.1312518,0,0,104490,0,0.0,0.0,0.0,0.0,1.489,0.0
1784631839.1363275,0,0,104500,0,0.0,0.0,0.0,0.0,1.489,0.0
1784631839.1408763,0,0,104510,0,0.0,0.0,0.0,0.0,1.489,0.0
1784631839.1428463,0,0,104520,0,0.0,0.0,0.0,0.0,1.488,0.0
1784631839.1443024,0,0,104530,0,0.0,0.0,0.0,0.0,1.488,0.0
1784631839.1455622,0,0,104540,0,0.0,0.0,0.0,0.0,1.488,0.0
1784631839.1469913,0,0,104550,0,0.0,0.0,0.0,0.0,1.488,0.0
1784631839.1487515,0,0,104560,0,0.0,0.0,0.0,0.0,1.488,0.0
1784631839.152391,0,0,104570,0,0.0,0.0,0.0,0.0,1.488,0.0
1784631839.154892,0,0,104580,0,0.0,0.0,0.0,0.0,1.488,0.0
1784631839.1574106,0,0,104590,0,0.0,0.0,0.0,0.0,1.487,0.0
1784631839.2631497,0,0,104600,0,0.0,0.0,0.0,0.0,1.487,0.0
1784631839.2663763,0,0,104610,0,0.0,0.0,0.0,0.0,1.487,0.0
1784631839.268113,0,0,104620,0,0.0,0.0,0.0,0.0,1.487,0.0
1784631839.2696624,0,0,104630,0,0.0,0.0,0.0,0.0,1.487,0.0
1784631839.2716897,0,0,104640,0,0.0,0.0,0.0,0.0,1.487,0.0
1784631839.2734516,0,0,104650,0,0.0,0.0,0.0,0.0,1.487,0.0
1784631839.2749333,0,0,104660,0,0.0,0.0,0.0,0.0,1.486,0.0
1784631839.276399,0,0,104670,0,0.0,0.0,0.0,0.0,1.486,0.0
1784631839.279014,0,0,104680,0,0.0,0.0,0.0,0.0,1.486,0.0
1784631839.2818391,0,0,104690,0,0.0,0.0,0.0,0.0,1.486,0.0
1784631839.2843227,0,0,104700,0,0.0,0.0,0.0,0.0,1.486,0.0
1784631839.2878258,0,0,104710,0,0.0,0.0,0.0,0.0,1.486,0.0
1784631839.2945154,0,0,104720,0,0.0,0.0,0.0,0.0,1.486,0.0
1784631839.4028246,0,0,104730,0,0.0,0.0,0.0,0.0,1.485,0.0
1784631839.4065905,0,0,104740,0,0.0,0.0,0.0,0.0,1.485,0.0
1784631839.4100704,0,0,104750,0,0.0,0.0,0.0,0.0,1.485,0.0
1784631839.412659,0,0,104760,0,0.0,0.0,0.0,0.0,1.485,0.0
1784631839.4154506,0,0,104770,0,0.0,0.0,0.0,0.0,1.485,0.0
1784631839.4210703,0,0,104780,0,0.0,0.0,0.0,0.0,1.485,0.0
1784631839.4259222,0,0,104790,0,0.0,0.0,0.0,0.0,1.485,0.0
1784631839.43349,0,0,104800,0,0.0,0.0,0.0,0.0,1.484,0.0
1784631839.4396358,0,0,104810,0,0.0,0.0,0.0,0.0,1.484,0.0
1784631839.444796,0,0,104820,0,0.0,0.0,0.0,0.0,1.484,0.0
1784631839.449065,0,0,104830,0,0.0,0.0,0.0,0.0,1.484,0.0
1784631839.4524522,0,0,104840,0,0.0,0.0,0.0,0.0,1.484,0.0
1784631839.5599794,0,0,104850,0,0.0,0.0,0.0,0.0,1.484,0.0
1784631839.56453,0,0,104860,0,0.0,0.0,0.0,0.0,1.484,0.0
1784631839.5665228,0,0,104870,0,0.0,0.0,0.0,0.0,1.483,0.0
1784631839.5679111,0,0,104880,0,0.0,0.0,0.0,0.0,1.483,0.0
1784631839.5691667,0,0,104890,0,0.0,0.0,0.0,0.0,1.483,0.0
1784631839.570365,0,0,104900,0,0.0,0.0,0.0,0.0,1.483,0.0
1784631839.5715463,0,0,104910,0,0.0,0.0,0.0,0.0,1.483,0.0
1784631839.575287,0,0,104920,0,0.0,0.0,0.0,0.0,1.483,0.0
1784631839.5779493,0,0,104930,0,0.0,0.0,0.0,0.0,1.483,0.0
1784631839.5842314,0,0,104940,0,0.0,0.0,0.0,0.0,1.482,0.0
1784631839.5903769,0,0,104950,0,0.0,0.0,0.0,0.0,1.482,0.0
1784631839.59357,0,0,104960,0,0.0,0.0,0.0,0.0,1.482,0.0
1784631839.595079,0,0,104970,0,0.0,0.0,0.0,0.0,1.482,0.0
1784631839.5971732,0,0,104980,0,0.0,0.0,0.0,0.0,1.482,0.0
1784631839.700725,0,0,104990,0,0.0,0.0,0.0,0.0,1.482,0.0
1784631839.702055,0,0,105000,0,0.0,0.0,0.0,0.0,1.482,0.0
1784631839.7037356,0,0,105010,0,0.0,0.0,0.0,0.0,1.481,0.0
1784631839.7056208,0,0,105020,0,0.0,0.0,0.0,0.0,1.481,0.0
1784631839.7070425,0,0,105030,0,0.0,0.0,0.0,0.0,1.481,0.0
1784631839.7083745,0,0,105040,0,0.0,0.0,0.0,0.0,1.481,0.0
1784631839.7097542,0,0,105050,0,0.0,0.0,0.0,0.0,1.481,0.0
1784631839.7111325,0,0,105060,0,0.0,0.0,0.0,0.0,1.481,0.0
1784631839.7124577,0,0,105070,0,0.0,0.0,0.0,0.0,1.481,0.0
1784631839.7137222,0,0,105080,0,0.0,0.0,0.0,0.0,1.48,0.0
1784631839.7150145,0,0,105090,0,0.0,0.0,0.0,0.0,1.48,0.0
1784631839.716294,0,0,105100,0,0.0,0.0,0.0,0.0,1.48,0.0
1784631839.8203382,0,0,105110,0,0.0,0.0,0.0,0.0,1.48,0.0
1784631839.822662,0,0,105120,0,0.0,0.0,0.0,0.0,1.48,0.0
1784631839.8247895,0,0,105130,0,0.0,0.0,0.0,0.0,1.48,0.0
1784631839.8261638,0,0,105140,0,0.0,0.0,0.0,0.0,1.48,0.0
1784631839.8276508,0,0,105150,0,0.0,0.0,0.0,0.0,1.479,0.0
1784631839.8291674,0,0,105160,0,0.0,0.0,0.0,0.0,1.479,0.0
1784631839.831262,0,0,105170,0,0.0,0.0,0.0,0.0,1.479,0.0
1784631839.8330965,0,0,105180,0,0.0,0.0,0.0,0.0,1.479,0.0
1784631839.8345292,0,0,105190,0,0.0,0.0,0.0,0.0,1.479,0.0
1784631839.8358512,0,0,105200,0,0.0,0.0,0.0,0.0,1.479,0.0
1784631839.837162,0,0,105210,0,0.0,0.0,0.0,0.0,1.479,0.0
1784631839.940077,0,0,105220,0,0.0,0.0,0.0,0.0,1.479,0.0
1784631839.9420002,0,0,105230,0,0.0,0.0,0.0,0.0,1.478,0.0
1784631839.9436827,0,0,105240,0,0.0,0.0,0.0,0.0,1.478,0.0
1784631839.9451,0,0,105250,0,0.0,0.0,0.0,0.0,1.478,0.0
1784631839.946719,0,0,105260,0,0.0,0.0,0.0,0.0,1.478,0.0
1784631839.9492846,0,0,105270,0,0.0,0.0,0.0,0.0,1.478,0.0
1784631839.9531,0,0,105280,0,0.0,0.0,0.0,0.0,1.478,0.0
1784631839.955284,0,0,105290,0,0.0,0.0,0.0,0.0,1.478,0.0
1784631839.9573739,0,0,105300,0,0.0,0.0,0.0,0.0,1.477,0.0
1784631839.9593525,0,0,105310,0,0.0,0.0,0.0,0.0,1.477,0.0
1784631840.0645583,0,0,105320,0,0.0,0.0,0.0,0.0,1.477,0.0
1784631840.0674596,0,0,105330,0,0.0,0.0,0.0,0.0,1.477,0.0
1784631840.070295,0,0,105340,0,0.0,0.0,0.0,0.0,1.477,0.0
1784631840.0741682,0,0,105350,0,0.0,0.0,0.0,0.0,1.477,0.0
1784631840.0810816,0,0,105360,0,0.0,0.0,0.0,0.0,1.477,0.0
1784631840.0844078,0,0,105370,0,0.0,0.0,0.0,0.0,1.476,0.0
1784631840.0875683,0,0,105380,0,0.0,0.0,0.0,0.0,1.476,0.0
1784631840.1917562,0,0,105390,0,0.0,0.0,0.0,0.0,1.476,0.0
1784631840.1935272,0,0,105400,0,0.0,0.0,0.0,0.0,1.476,0.0
1784631840.1952257,0,0,105410,0,0.0,0.0,0.0,0.0,1.476,0.0
1784631840.1978571,0,0,105420,0,0.0,0.0,0.0,0.0,1.476,0.0
1784631840.200266,0,0,105430,0,0.0,0.0,0.0,0.0,1.476,0.0
1784631840.20196,0,0,105440,0,0.0,0.0,0.0,0.0,1.475,0.0
1784631840.3093762,0,0,105450,0,0.0,0.0,0.0,0.0,1.475,0.0
1784631840.314824,0,0,105460,0,0.0,0.0,0.0,0.0,1.475,0.0
1784631840.319821,0,0,105470,0,0.0,0.0,0.0,0.0,1.475,0.0
1784631840.3250382,0,0,105480,0,0.0,0.0,0.0,0.0,1.475,0.0
1784631840.3329349,0,0,105490,0,0.0,0.0,0.0,0.0,1.475,0.0
1784631840.338205,0,0,105500,0,0.0,0.0,0.0,0.0,1.475,0.0
1784631840.3426106,0,0,105510,0,0.0,0.0,0.0,0.0,1.474,0.0
1784631840.4455512,0,0,105520,0,0.0,0.0,0.0,0.0,1.474,0.0
1784631840.4474087,0,0,105530,0,0.0,0.0,0.0,0.0,1.474,0.0
1784631840.4499466,0,0,105540,0,0.0,0.0,0.0,0.0,1.474,0.0
1784631840.4518044,0,0,105550,0,0.0,0.0,0.0,0.0,1.474,0.0
1784631840.4533727,0,0,105560,0,0.0,0.0,0.0,0.0,1.474,0.0
1784631840.4549007,0,0,105570,0,0.0,0.0,0.0,0.0,1.474,0.0
1784631840.456425,0,0,105580,0,0.0,0.0,0.0,0.0,1.473,0.0
1784631840.458217,0,0,105590,0,0.0,0.0,0.0,0.0,1.473,0.0
1784631840.4599469,0,0,105600,0,0.0,0.0,0.0,0.0,1.473,0.0
1784631840.4613078,0,0,105610,0,0.0,0.0,0.0,0.0,1.473,0.0
1784631840.4626086,0,0,105620,0,0.0,0.0,0.0,0.0,1.473,0.0
1784631840.5691037,0,0,105630,0,0.0,0.0,0.0,0.0,1.473,0.0
1784631840.574134,0,0,105640,0,0.0,0.0,0.0,0.0,1.473,0.0
1784631840.5817611,0,0,105650,0,0.0,0.0,0.0,0.0,1.472,0.0
1784631840.5890944,0,0,105660,0,0.0,0.0,0.0,0.0,1.472,0.0
1784631840.6006002,0,0,105670,0,0.0,0.0,0.0,0.0,1.472,0.0
1784631840.610255,0,0,105680,0,0.0,0.0,0.0,0.0,1.472,0.0
1784631840.6145694,0,0,105690,0,0.0,0.0,0.0,0.0,1.472,0.0
1784631840.6178863,0,0,105700,0,0.0,0.0,0.0,0.0,1.472,0.0
1784631840.6207883,0,0,105710,0,0.0,0.0,0.0,0.0,1.472,0.0
1784631840.6235225,0,0,105720,0,0.0,0.0,0.0,0.0,1.472,0.0
1784631840.727826,0,0,105730,0,0.0,0.0,0.0,0.0,1.471,0.0
1784631840.7322955,0,0,105740,0,0.0,0.0,0.0,0.0,1.471,0.0
1784631840.7358785,0,0,105750,0,0.0,0.0,0.0,0.0,1.471,0.0
1784631840.7385914,0,0,105760,0,0.0,0.0,0.0,0.0,1.471,0.0
1784631840.741112,0,0,105770,0,0.0,0.0,0.0,0.0,1.471,0.0
1784631840.743648,0,0,105780,0,0.0,0.0,0.0,0.0,1.471,0.0
1784631840.7461503,0,0,105790,0,0.0,0.0,0.0,0.0,1.471,0.0
1784631840.748604,0,0,105800,0,0.0,0.0,0.0,0.0,1.47,0.0
1784631840.751667,0,0,105810,0,0.0,0.0,0.0,0.0,1.47,0.0
1784631840.7544801,0,0,105820,0,0.0,0.0,0.0,0.0,1.47,0.0
1784631840.7572758,0,0,105830,0,0.0,0.0,0.0,0.0,1.47,0.0
1784631840.759982,0,0,105840,0,0.0,0.0,0.0,0.0,1.47,0.0
1784631840.762098,0,0,105850,0,0.0,0.0,0.0,0.0,1.47,0.0
1784631840.864648,0,0,105860,0,0.0,0.0,0.0,0.0,1.47,0.0
1784631840.8658268,0,0,105870,0,0.0,0.0,0.0,0.0,1.469,0.0
1784631840.8668776,0,0,105880,0,0.0,0.0,0.0,0.0,1.469,0.0
1784631840.8679798,0,0,105890,0,0.0,0.0,0.0,0.0,1.469,0.0
1784631840.8690197,0,0,105900,0,0.0,0.0,0.0,0.0,1.469,0.0
1784631840.8701184,0,0,105910,0,0.0,0.0,0.0,0.0,1.469,0.0
1784631840.8712196,0,0,105920,0,0.0,0.0,0.0,0.0,1.469,0.0
1784631840.8728259,0,0,105930,0,0.0,0.0,0.0,0.0,1.469,0.0
1784631840.8752248,0,0,105940,0,0.0,0.0,0.0,0.0,1.468,0.0
1784631840.8765426,0,0,105950,0,0.0,0.0,0.0,0.0,1.468,0.0
1784631840.9812322,0,0,105960,0,0.0,0.0,0.0,0.0,1.468,0.0
1784631840.9839544,0,0,105970,0,0.0,0.0,0.0,0.0,1.468,0.0
1784631840.9861014,0,0,105980,0,0.0,0.0,0.0,0.0,1.468,0.0
1784631840.9881651,0,0,105990,0,0.0,0.0,0.0,0.0,1.468,0.0
1784631840.9901886,0,0,106000,0,0.0,0.0,0.0,0.0,1.468,0.0
1784631840.9922063,0,0,106010,0,0.0,0.0,0.0,0.0,1.467,0.0
1784631840.9942214,0,0,106020,0,0.0,0.0,0.0,0.0,1.467,0.0
1784631840.9964807,0,0,106030,0,0.0,0.0,0.0,0.0,1.467,0.0
1784631840.9989734,0,0,106040,0,0.0,0.0,0.0,0.0,1.467,0.0
1784631841.1023724,0,0,106050,0,0.0,0.0,0.0,0.0,1.467,0.0
1784631841.1056101,0,0,106060,0,0.0,0.0,0.0,0.0,1.467,0.0
1784631841.1079898,0,0,106070,0,0.0,0.0,0.0,0.0,1.467,0.0
1784631841.109539,0,0,106080,0,0.0,0.0,0.0,0.0,1.467,0.0
1784631841.1114345,0,0,106090,0,0.0,0.0,0.0,0.0,1.466,0.0
1784631964.1654756,0,0,106100,0,0.0,0.0,0.0,0.0,1.467,0.0
1784631966.0800784,0,0,106110,0,0.0,0.0,0.0,0.0,1.466,0.0
1784631966.389596,0,0,106120,0,0.0,0.0,0.0,0.0,1.466,0.0
1784631968.2216368,0,0,106130,0,0.0,0.0,0.0,0.0,1.466,0.0
