timestamp,TP,FP,FN,TN,Precision,Recall,F1,FPR,Avg_Det_Delay,Avg_Block_Delay
1784632292.910301,10,0,0,0,1.0,1.0,1.0,0.0,0.971,0.011
1784632302.3651605,14,0,6,0,1.0,0.7,0.824,0.0,0.923,0.011
1784632310.8399584,14,0,16,0,1.0,0.467,0.636,0.0,0.771,0.011
1784632318.9321513,14,0,26,0,1.0,0.35,0.519,0.0,0.69,0.011
1784632319.4097226,24,0,26,0,1.0,0.48,0.649,0.0,0.64,0.232
1784632319.439182,34,0,26,0,1.0,0.567,0.723,0.0,0.607,0.339
1784632319.475224,44,0,26,0,1.0,0.629,0.772,0.0,0.582,0.404
1784632319.51054,54,0,26,0,1.0,0.675,0.806,0.0,0.563,0.451
1784632319.5582337,64,0,26,0,1.0,0.711,0.831,0.0,0.548,0.489
1784632319.6366494,74,0,26,0,1.0,0.74,0.851,0.0,0.535,0.526
1784632319.6730862,84,0,26,0,1.0,0.764,0.866,0.0,0.525,0.56
1784632319.8423626,94,0,26,0,1.0,0.783,0.879,0.0,0.516,0.592
1784632319.8863096,104,0,26,0,1.0,0.8,0.889,0.0,0.508,0.632
1784632319.9312377,114,0,26,0,1.0,0.814,0.898,0.0,0.501,0.669
1784632319.9838002,124,0,26,0,1.0,0.827,0.905,0.0,0.495,0.703
1784632320.0240757,134,0,26,0,1.0,0.838,0.912,0.0,0.489,0.735
1784632320.0598614,144,0,26,0,1.0,0.847,0.917,0.0,0.484,0.765
1784632320.0828624,154,0,26,0,1.0,0.856,0.922,0.0,0.48,0.793
1784632320.1357477,164,0,26,0,1.0,0.863,0.927,0.0,0.475,0.82
1784632320.1630862,174,0,26,0,1.0,0.87,0.93,0.0,0.471,0.845
1784632320.1914954,184,0,26,0,1.0,0.876,0.934,0.0,0.467,0.869
1784632320.2499518,194,0,26,0,1.0,0.882,0.937,0.0,0.463,0.892
1784632320.2916825,204,0,26,0,1.0,0.887,0.94,0.0,0.459,0.916
1784632320.3271086,214,0,26,0,1.0,0.892,0.943,0.0,0.456,0.939
1784632320.3686047,224,0,26,0,1.0,0.896,0.945,0.0,0.452,0.961
1784632320.4150584,234,0,26,0,1.0,0.9,0.947,0.0,0.449,0.983
1784632320.449739,244,0,26,0,1.0,0.904,0.949,0.0,0.446,1.005
1784632320.4898844,254,0,26,0,1.0,0.907,0.951,0.0,0.443,1.026
1784632320.5447142,264,0,26,0,1.0,0.91,0.953,0.0,0.44,1.047
1784632320.6534934,274,0,26,0,1.0,0.913,0.955,0.0,0.437,1.07
1784632320.6976807,284,0,26,0,1.0,0.916,0.956,0.0,0.435,1.093
1784632320.8068695,294,0,26,0,1.0,0.919,0.958,0.0,0.432,1.116
1784632320.8501477,304,0,26,0,1.0,0.921,0.959,0.0,0.429,1.141
1784632320.8865569,314,0,26,0,1.0,0.924,0.96,0.0,0.426,1.166
1784632320.9231021,324,0,26,0,1.0,0.926,0.961,0.0,0.424,1.189
1784632320.9623036,334,0,26,0,1.0,0.928,0.963,0.0,0.421,1.213
1784632321.0043812,344,0,26,0,1.0,0.93,0.964,0.0,0.419,1.236
1784632321.0261257,354,0,26,0,1.0,0.932,0.965,0.0,0.417,1.258
1784632321.0527427,364,0,26,0,1.0,0.933,0.966,0.0,0.415,1.279
1784632321.081236,374,0,26,0,1.0,0.935,0.966,0.0,0.413,1.3
1784632321.106233,384,0,26,0,1.0,0.937,0.967,0.0,0.41,1.321
1784632321.1326418,394,0,26,0,1.0,0.938,0.968,0.0,0.408,1.341
1784632321.1612442,404,0,26,0,1.0,0.94,0.969,0.0,0.406,1.36
1784632321.1893353,414,0,26,0,1.0,0.941,0.97,0.0,0.404,1.379
1784632321.2154913,424,0,26,0,1.0,0.942,0.97,0.0,0.402,1.398
1784632321.2571595,434,0,26,0,1.0,0.943,0.971,0.0,0.4,1.417
1784632321.3302083,444,0,26,0,1.0,0.945,0.972,0.0,0.398,1.436
1784632321.3575857,454,0,26,0,1.0,0.946,0.972,0.0,0.396,1.455
1784632321.3964012,464,0,26,0,1.0,0.947,0.973,0.0,0.393,1.473
1784632321.4431229,474,0,26,0,1.0,0.948,0.973,0.0,0.391,1.492
1784632321.493121,484,0,26,0,1.0,0.949,0.974,0.0,0.389,1.511
1784632321.631001,494,0,26,0,1.0,0.95,0.974,0.0,0.387,1.53
1784632321.9677217,504,0,26,0,1.0,0.951,0.975,0.0,0.385,1.557
1784632322.0037549,514,0,26,0,1.0,0.952,0.975,0.0,0.403,1.558
1784632322.0500863,524,0,26,0,1.0,0.953,0.976,0.0,0.434,1.544
1784632322.096472,534,0,26,0,1.0,0.954,0.976,0.0,0.465,1.531
1784632322.125745,544,0,26,0,1.0,0.954,0.977,0.0,0.494,1.518
1784632322.1604939,554,0,26,0,1.0,0.955,0.977,0.0,0.523,1.507
1784632322.2114801,564,0,26,0,1.0,0.956,0.977,0.0,0.551,1.496
1784632322.2812757,574,0,26,0,1.0,0.957,0.978,0.0,0.579,1.486
1784632322.3291218,584,0,26,0,1.0,0.957,0.978,0.0,0.605,1.478
1784632322.349991,594,0,26,0,1.0,0.958,0.979,0.0,0.632,1.469
1784632322.3852804,604,0,26,0,1.0,0.959,0.979,0.0,0.658,1.461
1784632322.413546,614,0,26,0,1.0,0.959,0.979,0.0,0.683,1.454
1784632322.4511855,624,0,26,0,1.0,0.96,0.98,0.0,0.707,1.448
1784632322.4940276,634,0,26,0,1.0,0.961,0.98,0.0,0.731,1.442
1784632322.539091,644,0,26,0,1.0,0.961,0.98,0.0,0.754,1.437
1784632322.5827043,654,0,26,0,1.0,0.962,0.981,0.0,0.776,1.433
1784632322.6078794,664,0,26,0,1.0,0.962,0.981,0.0,0.798,1.429
1784632322.6357443,674,0,26,0,1.0,0.963,0.981,0.0,0.82,1.425
1784632322.6726732,684,0,26,0,1.0,0.963,0.981,0.0,0.842,1.421
1784632322.7641587,694,0,26,0,1.0,0.964,0.982,0.0,0.863,1.418
1784632322.9120789,704,0,26,0,1.0,0.964,0.982,0.0,0.884,1.417
1784632322.9393516,714,0,26,0,1.0,0.965,0.982,0.0,0.905,1.417
1784632322.9740825,724,0,26,0,1.0,0.965,0.982,0.0,0.925,1.417
1784632323.015241,734,0,26,0,1.0,0.966,0.983,0.0,0.944,1.418
1784632323.0466115,744,0,26,0,1.0,0.966,0.983,0.0,0.963,1.418
1784632323.079037,754,0,26,0,1.0,0.967,0.983,0.0,0.982,1.42
1784632323.1308444,764,0,26,0,1.0,0.967,0.983,0.0,1.0,1.421
1784632323.1574075,774,0,26,0,1.0,0.968,0.983,0.0,1.018,1.423
1784632323.1760674,784,0,26,0,1.0,0.968,0.984,0.0,1.035,1.425
1784632323.204068,794,0,26,0,1.0,0.968,0.984,0.0,1.052,1.428
1784632323.2360861,804,0,26,0,1.0,0.969,0.984,0.0,1.069,1.43
1784632323.2612355,814,0,26,0,1.0,0.969,0.984,0.0,1.086,1.433
1784632323.2926328,824,0,26,0,1.0,0.969,0.984,0.0,1.102,1.436
1784632323.326834,834,0,26,0,1.0,0.97,0.985,0.0,1.118,1.439
1784632323.3650904,844,0,26,0,1.0,0.97,0.985,0.0,1.133,1.442
1784632323.3903084,854,0,26,0,1.0,0.97,0.985,0.0,1.149,1.446
1784632323.448472,864,0,26,0,1.0,0.971,0.985,0.0,1.164,1.45
1784632323.4814417,874,0,26,0,1.0,0.971,0.985,0.0,1.178,1.454
1784632323.5287933,884,0,26,0,1.0,0.971,0.986,0.0,1.193,1.458
1784632323.574676,894,0,26,0,1.0,0.972,0.986,0.0,1.207,1.463
1784632323.7727304,904,0,26,0,1.0,0.972,0.986,0.0,1.221,1.47
1784632323.8270512,914,0,26,0,1.0,0.972,0.986,0.0,1.234,1.477
1784632323.847618,924,0,26,0,1.0,0.973,0.986,0.0,1.248,1.485
1784632323.8673434,934,0,26,0,1.0,0.973,0.986,0.0,1.26,1.492
1784632323.9008975,944,0,26,0,1.0,0.973,0.986,0.0,1.269,1.5
1784632323.9404423,954,0,26,0,1.0,0.973,0.987,0.0,1.277,1.507
1784632323.9690402,964,0,26,0,1.0,0.974,0.987,0.0,1.283,1.515
1784632324.0095627,974,0,26,0,1.0,0.974,0.987,0.0,1.288,1.523
1784632324.0355778,984,0,26,0,1.0,0.974,0.987,0.0,1.292,1.531
1784632324.0585613,994,0,26,0,1.0,0.975,0.987,0.0,1.295,1.539
1784632324.0810966,1004,0,26,0,1.0,0.975,0.987,0.0,1.297,1.547
1784632324.1176608,1014,0,26,0,1.0,0.975,0.987,0.0,1.299,1.555
1784632324.155265,1024,0,26,0,1.0,0.975,0.987,0.0,1.301,1.563
1784632324.1954198,1034,0,26,0,1.0,0.975,0.988,0.0,1.302,1.571
1784632324.2335455,1044,0,26,0,1.0,0.976,0.988,0.0,1.303,1.58
1784632324.2571394,1054,0,26,0,1.0,0.976,0.988,0.0,1.304,1.589
1784632324.2800195,1064,0,26,0,1.0,0.976,0.988,0.0,1.305,1.597
1784632324.3074703,1074,0,26,0,1.0,0.976,0.988,0.0,1.306,1.606
1784632324.3339705,1084,0,26,0,1.0,0.977,0.988,0.0,1.306,1.615
1784632324.3623602,1094,0,26,0,1.0,0.977,0.988,0.0,1.307,1.623
1784632324.8568747,1104,0,26,0,1.0,0.977,0.988,0.0,1.307,1.636
1784632324.8959954,1114,0,26,0,1.0,0.977,0.988,0.0,1.307,1.649
1784632324.9442525,1124,0,26,0,1.0,0.977,0.989,0.0,1.307,1.663
1784632324.9818006,1134,0,26,0,1.0,0.978,0.989,0.0,1.307,1.676
1784632325.0207922,1144,0,26,0,1.0,0.978,0.989,0.0,1.307,1.689
1784632325.0717797,1154,0,26,0,1.0,0.978,0.989,0.0,1.307,1.703
1784632325.1735928,1164,0,26,0,1.0,0.978,0.989,0.0,1.307,1.716
1784632325.244637,1174,0,26,0,1.0,0.978,0.989,0.0,1.307,1.731
1784632325.265311,1184,0,26,0,1.0,0.979,0.989,0.0,1.307,1.745
1784632325.3136265,1194,0,26,0,1.0,0.979,0.989,0.0,1.306,1.76
1784632325.3817673,1204,0,26,0,1.0,0.979,0.989,0.0,1.305,1.774
1784632325.483228,1214,0,26,0,1.0,0.979,0.989,0.0,1.304,1.789
1784632325.560225,1224,0,26,0,1.0,0.979,0.989,0.0,1.303,1.805
1784632325.6397746,1234,0,26,0,1.0,0.979,0.99,0.0,1.302,1.82
1784632325.6858976,1244,0,26,0,1.0,0.98,0.99,0.0,1.302,1.836
1784632325.736523,1254,0,26,0,1.0,0.98,0.99,0.0,1.301,1.853
1784632325.7890842,1264,0,26,0,1.0,0.98,0.99,0.0,1.3,1.869
1784632325.8388686,1274,0,26,0,1.0,0.98,0.99,0.0,1.298,1.885
1784632325.8766341,1284,0,26,0,1.0,0.98,0.99,0.0,1.297,1.901
1784632325.9104323,1294,0,26,0,1.0,0.98,0.99,0.0,1.296,1.918
1784632325.9863634,1304,0,26,0,1.0,0.98,0.99,0.0,1.295,1.934
1784632326.014084,1314,0,26,0,1.0,0.981,0.99,0.0,1.294,1.951
1784632326.0549545,1324,0,26,0,1.0,0.981,0.99,0.0,1.293,1.968
1784632326.0834045,1334,0,26,0,1.0,0.981,0.99,0.0,1.292,1.984
1784632326.108863,1344,0,26,0,1.0,0.981,0.99,0.0,1.29,2.001
1784632326.1483052,1354,0,26,0,1.0,0.981,0.99,0.0,1.289,2.017
1784632326.1834936,1364,0,26,0,1.0,0.981,0.991,0.0,1.288,2.033
1784632326.227176,1374,0,26,0,1.0,0.981,0.991,0.0,1.287,2.05
1784632326.263207,1384,0,26,0,1.0,0.982,0.991,0.0,1.286,2.066
1784632326.3225622,1394,0,26,0,1.0,0.982,0.991,0.0,1.285,2.083
1784632326.38689,1404,0,26,0,1.0,0.982,0.991,0.0,1.285,2.099
1784632326.4386013,1414,0,26,0,1.0,0.982,0.991,0.0,1.284,2.116
1784632326.4798315,1424,0,26,0,1.0,0.982,0.991,0.0,1.283,2.132
1784632326.519373,1434,0,26,0,1.0,0.982,0.991,0.0,1.283,2.149
1784632326.5549853,1444,0,26,0,1.0,0.982,0.991,0.0,1.282,2.165
1784632326.5834308,1454,0,26,0,1.0,0.982,0.991,0.0,1.282,2.182
1784632326.6182125,1464,0,26,0,1.0,0.983,0.991,0.0,1.282,2.198
1784632326.6661253,1474,0,26,0,1.0,0.983,0.991,0.0,1.282,2.214
1784632326.7011728,1484,0,26,0,1.0,0.983,0.991,0.0,1.282,2.23
1784632326.7375546,1494,0,26,0,1.0,0.983,0.991,0.0,1.282,2.246
1784632326.885222,1504,0,26,0,1.0,0.983,0.991,0.0,1.282,2.262
1784632326.918745,1514,0,26,0,1.0,0.983,0.991,0.0,1.282,2.279
1784632326.9573271,1524,0,26,0,1.0,0.983,0.992,0.0,1.282,2.295
1784632327.0027947,1534,0,26,0,1.0,0.983,0.992,0.0,1.283,2.311
1784632327.054675,1544,0,26,0,1.0,0.983,0.992,0.0,1.283,2.327
1784632327.105344,1554,0,26,0,1.0,0.984,0.992,0.0,1.283,2.343
1784632327.1420233,1564,0,26,0,1.0,0.984,0.992,0.0,1.284,2.359
1784632327.1733327,1574,0,26,0,1.0,0.984,0.992,0.0,1.284,2.375
1784632327.2161458,1584,0,26,0,1.0,0.984,0.992,0.0,1.285,2.391
1784632327.2465553,1594,0,26,0,1.0,0.984,0.992,0.0,1.285,2.407
1784632327.276732,1604,0,26,0,1.0,0.984,0.992,0.0,1.286,2.422
1784632327.3155036,1614,0,26,0,1.0,0.984,0.992,0.0,1.286,2.437
1784632327.341295,1624,0,26,0,1.0,0.984,0.992,0.0,1.29,2.441
1784632327.387038,1634,0,26,0,1.0,0.984,0.992,0.0,1.293,2.444
1784632327.4421983,1644,0,26,0,1.0,0.984,0.992,0.0,1.297,2.447
1784632327.4770353,1654,0,26,0,1.0,0.985,0.992,0.0,1.3,2.451
1784632327.5057626,1664,0,26,0,1.0,0.985,0.992,0.0,1.303,2.454
1784632327.5429204,1674,0,26,0,1.0,0.985,0.992,0.0,1.306,2.458
1784632327.5752814,1684,0,26,0,1.0,0.985,0.992,0.0,1.308,2.461
1784632327.6032724,1694,0,26,0,1.0,0.985,0.992,0.0,1.311,2.465
1784632327.8451657,1704,0,26,0,1.0,0.985,0.992,0.0,1.314,2.47
1784632327.8756733,1714,0,26,0,1.0,0.985,0.992,0.0,1.316,2.475
1784632327.9015083,1724,0,26,0,1.0,0.985,0.993,0.0,1.319,2.481
1784632327.9331152,1734,0,26,0,1.0,0.985,0.993,0.0,1.321,2.486
1784632327.971111,1744,0,26,0,1.0,0.985,0.993,0.0,1.324,2.491
1784632328.0017295,1754,0,26,0,1.0,0.985,0.993,0.0,1.326,2.497
1784632328.0269845,1764,0,26,0,1.0,0.985,0.993,0.0,1.328,2.503
1784632328.0492828,1774,0,26,0,1.0,0.986,0.993,0.0,1.331,2.508
1784632328.074425,1784,0,26,0,1.0,0.986,0.993,0.0,1.333,2.514
1784632328.1019244,1794,0,26,0,1.0,0.986,0.993,0.0,1.335,2.52
1784632328.1419315,1804,0,26,0,1.0,0.986,0.993,0.0,1.338,2.526
1784632328.1692731,1814,0,26,0,1.0,0.986,0.993,0.0,1.34,2.532
1784632328.1951659,1824,0,26,0,1.0,0.986,0.993,0.0,1.342,2.538
1784632328.2282016,1834,0,26,0,1.0,0.986,0.993,0.0,1.344,2.544
1784632328.2644734,1844,0,26,0,1.0,0.986,0.993,0.0,1.347,2.55
1784632328.2983823,1854,0,26,0,1.0,0.986,0.993,0.0,1.349,2.557
1784632328.328743,1864,0,26,0,1.0,0.986,0.993,0.0,1.351,2.563
1784632328.355728,1874,0,26,0,1.0,0.986,0.993,0.0,1.353,2.569
1784632328.3990216,1884,0,26,0,1.0,0.986,0.993,0.0,1.355,2.576
1784632328.4416027,1894,0,26,0,1.0,0.986,0.993,0.0,1.357,2.582
1784632328.5351176,1904,0,26,0,1.0,0.987,0.993,0.0,1.36,2.589
1784632328.5593991,1914,0,26,0,1.0,0.987,0.993,0.0,1.362,2.597
1784632328.592829,1924,0,26,0,1.0,0.987,0.993,0.0,1.364,2.604
1784632328.6366246,1934,0,26,0,1.0,0.987,0.993,0.0,1.366,2.611
1784632328.6685429,1944,0,26,0,1.0,0.987,0.993,0.0,1.368,2.618
1784632328.6931612,1954,0,26,0,1.0,0.987,0.993,0.0,1.37,2.625
1784632328.718193,1964,0,26,0,1.0,0.987,0.993,0.0,1.373,2.633
1784632328.741579,1974,0,26,0,1.0,0.987,0.993,0.0,1.375,2.64
1784632328.7742097,1984,0,26,0,1.0,0.987,0.993,0.0,1.377,2.647
1784632328.8123345,1994,0,26,0,1.0,0.987,0.994,0.0,1.379,2.655
1784632328.8364208,2004,0,26,0,1.0,0.987,0.994,0.0,1.381,2.662
1784632328.8671894,2014,0,26,0,1.0,0.987,0.994,0.0,1.384,2.67
1784632328.8978834,2024,0,26,0,1.0,0.987,0.994,0.0,1.386,2.677
1784632328.9367735,2034,0,26,0,1.0,0.987,0.994,0.0,1.388,2.685
1784632328.9776368,2044,0,26,0,1.0,0.987,0.994,0.0,1.39,2.692
1784632329.0205505,2054,0,26,0,1.0,0.988,0.994,0.0,1.392,2.7
1784632329.0655246,2064,0,26,0,1.0,0.988,0.994,0.0,1.395,2.708
1784632329.0943835,2074,0,26,0,1.0,0.988,0.994,0.0,1.397,2.716
1784632329.1250877,2084,0,26,0,1.0,0.988,0.994,0.0,1.399,2.724
1784632329.1718664,2094,0,26,0,1.0,0.988,0.994,0.0,1.401,2.732
1784632329.264079,2104,0,26,0,1.0,0.988,0.994,0.0,1.403,2.74
1784632329.2988293,2114,0,26,0,1.0,0.988,0.994,0.0,1.405,2.749
1784632329.3307772,2124,0,26,0,1.0,0.988,0.994,0.0,1.407,2.757
1784632329.3616784,2134,0,26,0,1.0,0.988,0.994,0.0,1.408,2.766
1784632329.401063,2144,0,26,0,1.0,0.988,0.994,0.0,1.41,2.774
1784632329.4502807,2154,0,26,0,1.0,0.988,0.994,0.0,1.411,2.783
1784632329.5012126,2164,0,26,0,1.0,0.988,0.994,0.0,1.412,2.792
1784632329.54762,2174,0,26,0,1.0,0.988,0.994,0.0,1.413,2.8
1784632329.589354,2184,0,26,0,1.0,0.988,0.994,0.0,1.414,2.809
1784632329.6198912,2194,0,26,0,1.0,0.988,0.994,0.0,1.415,2.819
1784632329.649097,2204,0,26,0,1.0,0.988,0.994,0.0,1.415,2.828
1784632329.6779563,2214,0,26,0,1.0,0.988,0.994,0.0,1.416,2.837
1784632329.7113392,2224,0,26,0,1.0,0.988,0.994,0.0,1.416,2.846
1784632329.7469726,2234,0,26,0,1.0,0.988,0.994,0.0,1.417,2.855
1784632329.7879508,2244,0,26,0,1.0,0.989,0.994,0.0,1.417,2.864
1784632329.826506,2254,0,26,0,1.0,0.989,0.994,0.0,1.418,2.873
1784632329.8767838,2264,0,26,0,1.0,0.989,0.994,0.0,1.418,2.883
1784632329.9201605,2274,0,26,0,1.0,0.989,0.994,0.0,1.419,2.892
1784632330.016072,2284,0,26,0,1.0,0.989,0.994,0.0,1.419,2.901
1784632330.1285799,2294,0,26,0,1.0,0.989,0.994,0.0,1.419,2.911
1784632330.6172779,2304,0,26,0,1.0,0.989,0.994,0.0,1.42,2.922
1784632330.7068334,2314,0,26,0,1.0,0.989,0.994,0.0,1.42,2.934
1784632330.7805026,2324,0,26,0,1.0,0.989,0.994,0.0,1.42,2.946
1784632330.8162313,2334,0,26,0,1.0,0.989,0.994,0.0,1.421,2.958
1784632330.8795333,2344,0,26,0,1.0,0.989,0.994,0.0,1.421,2.97
1784632330.9084597,2354,0,26,0,1.0,0.989,0.995,0.0,1.421,2.982
1784632330.9411964,2364,0,26,0,1.0,0.989,0.995,0.0,1.422,2.994
1784632330.9695263,2374,0,26,0,1.0,0.989,0.995,0.0,1.422,3.006
1784632330.9966104,2384,0,26,0,1.0,0.989,0.995,0.0,1.422,3.018
1784632331.0179446,2394,0,26,0,1.0,0.989,0.995,0.0,1.423,3.03
1784632331.0450752,2404,0,26,0,1.0,0.989,0.995,0.0,1.424,3.042
1784632331.0909693,2414,0,26,0,1.0,0.989,0.995,0.0,1.424,3.054
1784632331.1412,2424,0,26,0,1.0,0.989,0.995,0.0,1.425,3.066
1784632331.1908581,2434,0,26,0,1.0,0.989,0.995,0.0,1.426,3.077
1784632331.2453136,2444,0,26,0,1.0,0.989,0.995,0.0,1.426,3.089
1784632331.2787225,2454,0,26,0,1.0,0.99,0.995,0.0,1.427,3.101
1784632331.3330307,2464,0,26,0,1.0,0.99,0.995,0.0,1.428,3.113
1784632331.3810472,2474,0,26,0,1.0,0.99,0.995,0.0,1.429,3.125
1784632331.425115,2484,0,26,0,1.0,0.99,0.995,0.0,1.43,3.137
1784632331.492199,2494,0,26,0,1.0,0.99,0.995,0.0,1.431,3.149
1784632331.597582,2504,0,26,0,1.0,0.99,0.995,0.0,1.432,3.161
1784632331.6474454,2514,0,26,0,1.0,0.99,0.995,0.0,1.433,3.174
1784632331.7075503,2524,0,26,0,1.0,0.99,0.995,0.0,1.434,3.186
1784632331.756963,2534,0,26,0,1.0,0.99,0.995,0.0,1.435,3.199
1784632331.805306,2544,0,26,0,1.0,0.99,0.995,0.0,1.436,3.211
1784632331.8599129,2554,0,26,0,1.0,0.99,0.995,0.0,1.437,3.224
1784632331.9122536,2564,0,26,0,1.0,0.99,0.995,0.0,1.438,3.236
1784632331.9542613,2574,0,26,0,1.0,0.99,0.995,0.0,1.439,3.249
1784632331.9928792,2584,0,26,0,1.0,0.99,0.995,0.0,1.441,3.262
1784632332.0255578,2594,0,26,0,1.0,0.99,0.995,0.0,1.441,3.274
1784632332.0617511,2604,0,26,0,1.0,0.99,0.995,0.0,1.442,3.287
1784632332.1018248,2614,0,26,0,1.0,0.99,0.995,0.0,1.443,3.3
1784632332.1367967,2624,0,26,0,1.0,0.99,0.995,0.0,1.444,3.312
1784632332.17746,2634,0,26,0,1.0,0.99,0.995,0.0,1.444,3.325
1784632332.2190518,2644,0,26,0,1.0,0.99,0.995,0.0,1.445,3.337
1784632332.2583365,2654,0,26,0,1.0,0.99,0.995,0.0,1.445,3.35
1784632332.2999713,2664,0,26,0,1.0,0.99,0.995,0.0,1.445,3.363
1784632332.3387544,2674,0,26,0,1.0,0.99,0.995,0.0,1.444,3.375
1784632332.3714507,2684,0,26,0,1.0,0.99,0.995,0.0,1.443,3.388
1784632332.4064176,2694,0,26,0,1.0,0.99,0.995,0.0,1.443,3.401
1784632332.534222,2704,0,26,0,1.0,0.99,0.995,0.0,1.442,3.414
1784632332.5793881,2714,0,26,0,1.0,0.991,0.995,0.0,1.441,3.427
1784632332.623434,2724,0,26,0,1.0,0.991,0.995,0.0,1.44,3.44
1784632332.6745222,2734,0,26,0,1.0,0.991,0.995,0.0,1.441,3.448
1784632332.7078395,2744,0,26,0,1.0,0.991,0.995,0.0,1.443,3.454
1784632332.7511363,2754,0,26,0,1.0,0.991,0.995,0.0,1.444,3.46
1784632332.787862,2764,0,26,0,1.0,0.991,0.995,0.0,1.445,3.466
1784632332.8287761,2774,0,26,0,1.0,0.991,0.995,0.0,1.446,3.472
1784632332.8534956,2784,0,26,0,1.0,0.991,0.995,0.0,1.447,3.479
1784632332.900408,2794,0,26,0,1.0,0.991,0.995,0.0,1.447,3.485
1784632332.975178,2804,0,26,0,1.0,0.991,0.995,0.0,1.447,3.491
1784632333.0061483,2814,0,26,0,1.0,0.991,0.995,0.0,1.446,3.498
1784632333.0266635,2824,0,26,0,1.0,0.991,0.995,0.0,1.445,3.504
1784632333.0813556,2834,0,26,0,1.0,0.991,0.995,0.0,1.443,3.511
1784632333.1468935,2844,0,26,0,1.0,0.991,0.995,0.0,1.441,3.518
1784632333.2289758,2854,0,26,0,1.0,0.991,0.995,0.0,1.439,3.524
1784632333.3295193,2864,0,26,0,1.0,0.991,0.995,0.0,1.437,3.532
1784632333.3993814,2874,0,26,0,1.0,0.991,0.995,0.0,1.435,3.539
1784632333.4562106,2884,0,26,0,1.0,0.991,0.996,0.0,1.433,3.547
1784632333.5400054,2894,0,26,0,1.0,0.991,0.996,0.0,1.431,3.554
1784632333.72361,2904,0,26,0,1.0,0.991,0.996,0.0,1.428,3.563
1784632333.7597563,2914,0,26,0,1.0,0.991,0.996,0.0,1.426,3.571
1784632333.7893682,2924,0,26,0,1.0,0.991,0.996,0.0,1.423,3.58
1784632333.811349,2934,0,26,0,1.0,0.991,0.996,0.0,1.42,3.588
1784632333.8516784,2944,0,26,0,1.0,0.991,0.996,0.0,1.417,3.597
1784632333.882804,2954,0,26,0,1.0,0.991,0.996,0.0,1.414,3.605
1784632333.9220712,2964,0,26,0,1.0,0.991,0.996,0.0,1.41,3.614
1784632333.947696,2974,0,26,0,1.0,0.991,0.996,0.0,1.407,3.623
1784632333.977589,2984,0,26,0,1.0,0.991,0.996,0.0,1.403,3.631
1784632334.019221,2994,0,26,0,1.0,0.991,0.996,0.0,1.398,3.64
1784632334.0580359,3004,0,26,0,1.0,0.991,0.996,0.0,1.4,3.642
1784632334.0966375,3014,0,26,0,1.0,0.991,0.996,0.0,1.402,3.644
1784632334.1403437,3024,0,26,0,1.0,0.991,0.996,0.0,1.404,3.646
1784632334.1716897,3034,0,26,0,1.0,0.992,0.996,0.0,1.407,3.649
1784632334.2072177,3044,0,26,0,1.0,0.992,0.996,0.0,1.409,3.651
1784632334.2468615,3054,0,26,0,1.0,0.992,0.996,0.0,1.411,3.653
1784632334.277753,3064,0,26,0,1.0,0.992,0.996,0.0,1.413,3.656
1784632334.3047798,3074,0,26,0,1.0,0.992,0.996,0.0,1.415,3.658
1784632334.3401926,3084,0,26,0,1.0,0.992,0.996,0.0,1.418,3.66
1784632334.3791037,3094,0,26,0,1.0,0.992,0.996,0.0,1.42,3.663
1784632334.493827,3104,0,26,0,1.0,0.992,0.996,0.0,1.422,3.665
1784632334.5241954,3114,0,26,0,1.0,0.992,0.996,0.0,1.425,3.668
1784632334.5499141,3124,0,26,0,1.0,0.992,0.996,0.0,1.427,3.671
1784632334.5875542,3134,0,26,0,1.0,0.992,0.996,0.0,1.43,3.674
1784632334.619216,3144,0,26,0,1.0,0.992,0.996,0.0,1.432,3.677
1784632334.6508908,3154,0,26,0,1.0,0.992,0.996,0.0,1.434,3.679
1784632334.6883948,3164,0,26,0,1.0,0.992,0.996,0.0,1.436,3.682
1784632334.7265465,3174,0,26,0,1.0,0.992,0.996,0.0,1.438,3.685
1784632334.7616572,3184,0,26,0,1.0,0.992,0.996,0.0,1.44,3.689
1784632334.7938058,3194,0,26,0,1.0,0.992,0.996,0.0,1.441,3.692
1784632334.8307915,3204,0,26,0,1.0,0.992,0.996,0.0,1.443,3.695
1784632334.8663852,3214,0,26,0,1.0,0.992,0.996,0.0,1.444,3.698
1784632334.8930473,3224,0,26,0,1.0,0.992,0.996,0.0,1.446,3.701
1784632334.9153142,3234,0,26,0,1.0,0.992,0.996,0.0,1.447,3.705
1784632334.9502952,3244,0,26,0,1.0,0.992,0.996,0.0,1.448,3.708
1784632334.9856918,3254,0,26,0,1.0,0.992,0.996,0.0,1.449,3.711
1784632335.0283787,3264,0,26,0,1.0,0.992,0.996,0.0,1.45,3.715
1784632335.0572264,3274,0,26,0,1.0,0.992,0.996,0.0,1.451,3.718
1784632335.1009045,3284,0,26,0,1.0,0.992,0.996,0.0,1.452,3.722
1784632335.1290047,3294,0,26,0,1.0,0.992,0.996,0.0,1.453,3.726
1784632335.2370193,3304,0,26,0,1.0,0.992,0.996,0.0,1.453,3.729
1784632335.2636817,3314,0,26,0,1.0,0.992,0.996,0.0,1.454,3.733
1784632335.2937033,3324,0,26,0,1.0,0.992,0.996,0.0,1.455,3.737
1784632335.3258874,3334,0,26,0,1.0,0.992,0.996,0.0,1.456,3.741
1784632335.3711858,3344,0,26,0,1.0,0.992,0.996,0.0,1.457,3.746
1784632335.4133983,3354,0,26,0,1.0,0.992,0.996,0.0,1.458,3.75
1784632335.4758933,3364,0,26,0,1.0,0.992,0.996,0.0,1.458,3.754
1784632335.5128214,3374,0,26,0,1.0,0.992,0.996,0.0,1.459,3.758
1784632335.5560455,3384,0,26,0,1.0,0.992,0.996,0.0,1.46,3.763
1784632335.5905828,3394,0,26,0,1.0,0.992,0.996,0.0,1.461,3.767
1784632335.632266,3404,0,26,0,1.0,0.992,0.996,0.0,1.461,3.772
1784632335.653999,3414,0,26,0,1.0,0.992,0.996,0.0,1.462,3.777
1784632335.6933284,3424,0,26,0,1.0,0.992,0.996,0.0,1.463,3.781
1784632335.7441592,3434,0,26,0,1.0,0.992,0.996,0.0,1.463,3.786
1784632335.7832625,3444,0,26,0,1.0,0.993,0.996,0.0,1.463,3.791
1784632335.8276558,3454,0,26,0,1.0,0.993,0.996,0.0,1.463,3.796
1784632335.8807938,3464,0,26,0,1.0,0.993,0.996,0.0,1.463,3.801
1784632335.9182456,3474,0,26,0,1.0,0.993,0.996,0.0,1.463,3.806
1784632335.956131,3484,0,26,0,1.0,0.993,0.996,0.0,1.463,3.811
1784632335.9901483,3494,0,26,0,1.0,0.993,0.996,0.0,1.463,3.816
1784632336.1328092,3504,0,26,0,1.0,0.993,0.996,0.0,1.463,3.822
1784632336.1860855,3514,0,26,0,1.0,0.993,0.996,0.0,1.462,3.827
1784632336.2203276,3524,0,26,0,1.0,0.993,0.996,0.0,1.462,3.833
1784632336.2520628,3534,0,26,0,1.0,0.993,0.996,0.0,1.462,3.839
1784632336.2942064,3544,0,26,0,1.0,0.993,0.996,0.0,1.462,3.844
1784632336.3404267,3554,0,26,0,1.0,0.993,0.996,0.0,1.461,3.85
1784632336.3781857,3564,0,26,0,1.0,0.993,0.996,0.0,1.461,3.856
1784632336.4205065,3574,0,26,0,1.0,0.993,0.996,0.0,1.461,3.862
1784632336.459295,3584,0,26,0,1.0,0.993,0.996,0.0,1.46,3.868
1784632336.4842784,3594,0,26,0,1.0,0.993,0.996,0.0,1.46,3.874
1784632336.5276282,3604,0,26,0,1.0,0.993,0.996,0.0,1.459,3.88
1784632336.5731065,3614,0,26,0,1.0,0.993,0.996,0.0,1.458,3.886
1784632336.6071532,3624,0,26,0,1.0,0.993,0.996,0.0,1.458,3.893
1784632336.6447492,3634,0,26,0,1.0,0.993,0.996,0.0,1.457,3.899
1784632336.6796126,3644,0,26,0,1.0,0.993,0.996,0.0,1.457,3.905
1784632336.710006,3654,0,26,0,1.0,0.993,0.996,0.0,1.456,3.912
1784632336.7497318,3664,0,26,0,1.0,0.993,0.996,0.0,1.456,3.918
1784632336.812711,3674,0,26,0,1.0,0.993,0.996,0.0,1.455,3.924
1784632336.875674,3684,0,26,0,1.0,0.993,0.996,0.0,1.455,3.931
1784632336.9153802,3694,0,26,0,1.0,0.993,0.996,0.0,1.454,3.938
1784632337.0375602,3704,0,26,0,1.0,0.993,0.997,0.0,1.454,3.945
1784632337.0599887,3714,0,26,0,1.0,0.993,0.997,0.0,1.453,3.952
1784632337.0920856,3724,0,26,0,1.0,0.993,0.997,0.0,1.453,3.959
1784632337.1284146,3734,0,26,0,1.0,0.993,0.997,0.0,1.452,3.966
1784632337.1658242,3744,0,26,0,1.0,0.993,0.997,0.0,1.452,3.973
1784632337.194001,3754,0,26,0,1.0,0.993,0.997,0.0,1.451,3.98
1784632337.221705,3764,0,26,0,1.0,0.993,0.997,0.0,1.451,3.987
1784632337.2558472,3774,0,26,0,1.0,0.993,0.997,0.0,1.45,3.994
1784632337.2855859,3784,0,26,0,1.0,0.993,0.997,0.0,1.45,4.001
1784632337.3197894,3794,0,26,0,1.0,0.993,0.997,0.0,1.449,4.008
1784632337.349522,3804,0,26,0,1.0,0.993,0.997,0.0,1.449,4.015
1784632337.3846834,3814,0,26,0,1.0,0.993,0.997,0.0,1.448,4.022
1784632337.4189687,3824,0,26,0,1.0,0.993,0.997,0.0,1.448,4.029
1784632337.450717,3834,0,26,0,1.0,0.993,0.997,0.0,1.447,4.036
1784632337.4809856,3844,0,26,0,1.0,0.993,0.997,0.0,1.447,4.043
1784632337.523067,3854,0,26,0,1.0,0.993,0.997,0.0,1.446,4.05
1784632337.568415,3864,0,26,0,1.0,0.993,0.997,0.0,1.446,4.057
1784632337.6080105,3874,0,26,0,1.0,0.993,0.997,0.0,1.445,4.065
1784632337.678303,3884,0,26,0,1.0,0.993,0.997,0.0,1.445,4.072
1784632337.720595,3894,0,26,0,1.0,0.993,0.997,0.0,1.444,4.079
1784632337.812664,3904,0,26,0,1.0,0.993,0.997,0.0,1.443,4.087
1784632337.8411732,3914,0,26,0,1.0,0.993,0.997,0.0,1.443,4.094
1784632337.8699398,3924,0,26,0,1.0,0.993,0.997,0.0,1.442,4.101
1784632337.9007313,3934,0,26,0,1.0,0.993,0.997,0.0,1.442,4.109
1784632337.9356067,3944,0,26,0,1.0,0.993,0.997,0.0,1.441,4.116
1784632337.9686973,3954,0,26,0,1.0,0.993,0.997,0.0,1.44,4.124
1784632337.9912703,3964,0,26,0,1.0,0.993,0.997,0.0,1.44,4.131
1784632338.0154736,3974,0,26,0,1.0,0.994,0.997,0.0,1.44,4.135
1784632338.0417829,3984,0,26,0,1.0,0.994,0.997,0.0,1.441,4.138
1784632338.0792422,3994,0,26,0,1.0,0.994,0.997,0.0,1.442,4.14
1784632338.1213925,4004,0,26,0,1.0,0.994,0.997,0.0,1.443,4.143
1784632338.158264,4014,0,26,0,1.0,0.994,0.997,0.0,1.444,4.146
1784632338.1898713,4024,0,26,0,1.0,0.994,0.997,0.0,1.445,4.148
1784632338.226248,4034,0,26,0,1.0,0.994,0.997,0.0,1.446,4.151
1784632338.2600653,4044,0,26,0,1.0,0.994,0.997,0.0,1.447,4.154
1784632338.2963977,4054,0,26,0,1.0,0.994,0.997,0.0,1.448,4.157
1784632338.337174,4064,0,26,0,1.0,0.994,0.997,0.0,1.449,4.16
1784632338.374267,4074,0,26,0,1.0,0.994,0.997,0.0,1.449,4.163
1784632338.4141955,4084,0,26,0,1.0,0.994,0.997,0.0,1.45,4.166
1784632338.446267,4094,0,26,0,1.0,0.994,0.997,0.0,1.451,4.169
1784632338.565511,4104,0,26,0,1.0,0.994,0.997,0.0,1.452,4.172
1784632338.608513,4114,0,26,0,1.0,0.994,0.997,0.0,1.452,4.175
1784632338.6445556,4124,0,26,0,1.0,0.994,0.997,0.0,1.453,4.179
1784632338.6878388,4134,0,26,0,1.0,0.994,0.997,0.0,1.454,4.182
1784632338.7269957,4144,0,26,0,1.0,0.994,0.997,0.0,1.454,4.185
1784632338.7555866,4154,0,26,0,1.0,0.994,0.997,0.0,1.455,4.189
1784632338.7903543,4164,0,26,0,1.0,0.994,0.997,0.0,1.455,4.192
1784632338.8228748,4174,0,26,0,1.0,0.994,0.997,0.0,1.455,4.196
1784632338.8531957,4184,0,26,0,1.0,0.994,0.997,0.0,1.456,4.199
1784632338.8950684,4194,0,26,0,1.0,0.994,0.997,0.0,1.456,4.203
1784632338.9255137,4204,0,26,0,1.0,0.994,0.997,0.0,1.457,4.207
1784632338.9612827,4214,0,26,0,1.0,0.994,0.997,0.0,1.457,4.211
1784632338.997118,4224,0,26,0,1.0,0.994,0.997,0.0,1.457,4.214
1784632339.0331385,4234,0,26,0,1.0,0.994,0.997,0.0,1.458,4.218
1784632339.0730448,4244,0,26,0,1.0,0.994,0.997,0.0,1.458,4.222
1784632339.1020927,4254,0,26,0,1.0,0.994,0.997,0.0,1.458,4.226
1784632339.1287124,4264,0,26,0,1.0,0.994,0.997,0.0,1.459,4.23
1784632339.1625981,4274,0,26,0,1.0,0.994,0.997,0.0,1.459,4.234
1784632339.1953416,4284,0,26,0,1.0,0.994,0.997,0.0,1.459,4.238
1784632339.221703,4294,0,26,0,1.0,0.994,0.997,0.0,1.459,4.242
1784632339.347582,4304,0,26,0,1.0,0.994,0.997,0.0,1.46,4.246
1784632339.3683064,4314,0,26,0,1.0,0.994,0.997,0.0,1.46,4.251
1784632339.4043822,4324,0,26,0,1.0,0.994,0.997,0.0,1.46,4.255
1784632339.447529,4334,0,26,0,1.0,0.994,0.997,0.0,1.46,4.259
1784632339.4780817,4344,0,26,0,1.0,0.994,0.997,0.0,1.46,4.264
1784632339.509195,4354,0,26,0,1.0,0.994,0.997,0.0,1.46,4.268
1784632339.5530596,4364,0,26,0,1.0,0.994,0.997,0.0,1.46,4.273
1784632339.5854259,4374,0,26,0,1.0,0.994,0.997,0.0,1.46,4.277
1784632339.618893,4384,0,26,0,1.0,0.994,0.997,0.0,1.46,4.282
1784632339.6675792,4394,0,26,0,1.0,0.994,0.997,0.0,1.46,4.286
1784632339.7108312,4404,0,26,0,1.0,0.994,0.997,0.0,1.46,4.291
1784632339.7907789,4414,0,26,0,1.0,0.994,0.997,0.0,1.46,4.296
1784632339.8433084,4424,0,26,0,1.0,0.994,0.997,0.0,1.459,4.301
1784632339.9071622,4434,0,26,0,1.0,0.994,0.997,0.0,1.459,4.306
1784632339.9677534,4444,0,26,0,1.0,0.994,0.997,0.0,1.459,4.311
1784632340.0280538,4454,0,26,0,1.0,0.994,0.997,0.0,1.459,4.316
1784632340.0754473,4464,0,26,0,1.0,0.994,0.997,0.0,1.458,4.321
1784632340.105292,4474,0,26,0,1.0,0.994,0.997,0.0,1.458,4.327
1784632340.1686778,4484,0,26,0,1.0,0.994,0.997,0.0,1.458,4.332
1784632340.2286496,4494,0,26,0,1.0,0.994,0.997,0.0,1.457,4.337
1784632340.4654233,4504,0,26,0,1.0,0.994,0.997,0.0,1.457,4.343
1784632340.4914248,4514,0,26,0,1.0,0.994,0.997,0.0,1.457,4.349
1784632340.5204024,4524,0,26,0,1.0,0.994,0.997,0.0,1.456,4.355
1784632340.596846,4534,0,26,0,1.0,0.994,0.997,0.0,1.456,4.361
1784632340.6389208,4544,0,26,0,1.0,0.994,0.997,0.0,1.455,4.367
1784632340.6984966,4554,0,26,0,1.0,0.994,0.997,0.0,1.455,4.373
1784632340.7365618,4564,0,26,0,1.0,0.994,0.997,0.0,1.454,4.38
1784632340.7714512,4574,0,26,0,1.0,0.994,0.997,0.0,1.454,4.386
1784632340.8189275,4584,0,26,0,1.0,0.994,0.997,0.0,1.454,4.392
1784632340.858897,4594,0,26,0,1.0,0.994,0.997,0.0,1.453,4.398
1784632340.9015226,4604,0,26,0,1.0,0.994,0.997,0.0,1.453,4.405
1784632340.9428122,4614,0,26,0,1.0,0.994,0.997,0.0,1.452,4.411
1784632340.975448,4624,0,26,0,1.0,0.994,0.997,0.0,1.452,4.418
1784632341.0114172,4634,0,26,0,1.0,0.994,0.997,0.0,1.451,4.424
1784632341.0381248,4644,0,26,0,1.0,0.994,0.997,0.0,1.451,4.431
1784632341.0694096,4654,0,26,0,1.0,0.994,0.997,0.0,1.449,4.431
1784632341.099715,4664,0,26,0,1.0,0.994,0.997,0.0,1.446,4.429
1784632341.134715,4674,0,26,0,1.0,0.994,0.997,0.0,1.444,4.427
1784632341.16342,4684,0,26,0,1.0,0.994,0.997,0.0,1.441,4.425
1784632341.190293,4694,0,26,0,1.0,0.994,0.997,0.0,1.439,4.423
1784632341.2719047,4704,0,26,0,1.0,0.995,0.997,0.0,1.436,4.421
1784632341.301915,4714,0,26,0,1.0,0.995,0.997,0.0,1.433,4.419
1784632341.3431518,4724,0,26,0,1.0,0.995,0.997,0.0,1.431,4.417
1784632341.3799772,4734,0,26,0,1.0,0.995,0.997,0.0,1.428,4.415
1784632341.4022543,4744,0,26,0,1.0,0.995,0.997,0.0,1.43,4.409
1784632341.4337132,4754,0,26,0,1.0,0.995,0.997,0.0,1.431,4.404
1784632341.4595335,4764,0,26,0,1.0,0.995,0.997,0.0,1.432,4.398
1784632341.4827313,4774,0,26,0,1.0,0.995,0.997,0.0,1.433,4.392
1784632341.523411,4784,0,26,0,1.0,0.995,0.997,0.0,1.434,4.387
1784632341.5580885,4794,0,26,0,1.0,0.995,0.997,0.0,1.435,4.381
1784632341.5943496,4804,0,26,0,1.0,0.995,0.997,0.0,1.437,4.376
1784632341.630348,4814,0,26,0,1.0,0.995,0.997,0.0,1.438,4.371
1784632341.6707318,4824,0,26,0,1.0,0.995,0.997,0.0,1.439,4.365
1784632341.7079456,4834,0,26,0,1.0,0.995,0.997,0.0,1.439,4.36
1784632341.753927,4844,0,26,0,1.0,0.995,0.997,0.0,1.438,4.355
1784632341.8082619,4854,0,26,0,1.0,0.995,0.997,0.0,1.438,4.35
1784632341.8490324,4864,0,26,0,1.0,0.995,0.997,0.0,1.437,4.345
1784632341.8922262,4874,0,26,0,1.0,0.995,0.997,0.0,1.436,4.34
1784632341.927852,4884,0,26,0,1.0,0.995,0.997,0.0,1.435,4.336
1784632341.9651241,4894,0,26,0,1.0,0.995,0.997,0.0,1.434,4.331
1784632342.1232758,4904,0,26,0,1.0,0.995,0.997,0.0,1.433,4.327
1784632342.1784813,4914,0,26,0,1.0,0.995,0.997,0.0,1.432,4.322
1784632342.2412038,4924,0,26,0,1.0,0.995,0.997,0.0,1.431,4.318
1784632342.2960057,4934,0,26,0,1.0,0.995,0.997,0.0,1.43,4.314
1784632342.3500519,4944,0,26,0,1.0,0.995,0.997,0.0,1.429,4.31
1784632342.3869956,4954,0,26,0,1.0,0.995,0.997,0.0,1.427,4.306
1784632342.4420273,4964,0,26,0,1.0,0.995,0.997,0.0,1.426,4.303
1784632342.5213661,4974,0,26,0,1.0,0.995,0.997,0.0,1.425,4.299
1784632342.5853105,4984,0,26,0,1.0,0.995,0.997,0.0,1.424,4.296
1784632342.6403334,4994,0,26,0,1.0,0.995,0.997,0.0,1.422,4.292
1784632342.6688812,5004,0,26,0,1.0,0.995,0.997,0.0,1.421,4.289
1784632342.7103946,5014,0,26,0,1.0,0.995,0.997,0.0,1.42,4.286
1784632342.7796798,5024,0,26,0,1.0,0.995,0.997,0.0,1.418,4.283
1784632342.884836,5034,0,26,0,1.0,0.995,0.997,0.0,1.417,4.28
1784632343.1184237,5044,0,26,0,1.0,0.995,0.997,0.0,1.416,4.277
1784632343.1959481,5054,0,26,0,1.0,0.995,0.997,0.0,1.415,4.275
1784632343.275659,5064,0,26,0,1.0,0.995,0.997,0.0,1.414,4.272
1784632343.3406436,5074,0,26,0,1.0,0.995,0.997,0.0,1.413,4.27
1784632343.389674,5084,0,26,0,1.0,0.995,0.997,0.0,1.411,4.268
1784632343.4571786,5094,0,26,0,1.0,0.995,0.997,0.0,1.41,4.266
1784632343.864143,5104,0,26,0,1.0,0.995,0.997,0.0,1.409,4.265
1784632343.8936496,5114,0,26,0,1.0,0.995,0.997,0.0,1.408,4.264
1784632343.931102,5124,0,26,0,1.0,0.995,0.997,0.0,1.407,4.263
1784632343.96691,5134,0,26,0,1.0,0.995,0.997,0.0,1.406,4.262
1784632344.0060356,5144,0,26,0,1.0,0.995,0.997,0.0,1.405,4.261
1784632344.0484185,5154,0,26,0,1.0,0.995,0.997,0.0,1.405,4.26
1784632344.0918894,5164,0,26,0,1.0,0.995,0.997,0.0,1.404,4.259
1784632344.12186,5174,0,26,0,1.0,0.995,0.997,0.0,1.403,4.258
1784632344.1581511,5184,0,26,0,1.0,0.995,0.997,0.0,1.402,4.257
1784632344.198235,5194,0,26,0,1.0,0.995,0.998,0.0,1.401,4.257
1784632344.2310603,5204,0,26,0,1.0,0.995,0.998,0.0,1.4,4.256
1784632344.2640855,5214,0,26,0,1.0,0.995,0.998,0.0,1.4,4.255
1784632344.2905786,5224,0,26,0,1.0,0.995,0.998,0.0,1.399,4.255
1784632344.3207753,5234,0,26,0,1.0,0.995,0.998,0.0,1.398,4.254
1784632344.3592913,5244,0,26,0,1.0,0.995,0.998,0.0,1.397,4.254
1784632344.3962545,5254,0,26,0,1.0,0.995,0.998,0.0,1.396,4.254
1784632344.4205873,5264,0,26,0,1.0,0.995,0.998,0.0,1.396,4.253
1784632344.4475417,5274,0,26,0,1.0,0.995,0.998,0.0,1.395,4.253
1784632344.4825714,5284,0,26,0,1.0,0.995,0.998,0.0,1.394,4.253
1784632344.5093005,5294,0,26,0,1.0,0.995,0.998,0.0,1.393,4.253
1784632344.6221845,5304,0,26,0,1.0,0.995,0.998,0.0,1.392,4.253
1784632344.6670094,5314,0,26,0,1.0,0.995,0.998,0.0,1.391,4.253
1784632344.7019596,5324,0,26,0,1.0,0.995,0.998,0.0,1.39,4.253
1784632344.7416327,5334,0,26,0,1.0,0.995,0.998,0.0,1.389,4.253
1784632344.7700152,5344,0,26,0,1.0,0.995,0.998,0.0,1.388,4.253
1784632344.8009818,5354,0,26,0,1.0,0.995,0.998,0.0,1.387,4.253
1784632344.8532288,5364,0,26,0,1.0,0.995,0.998,0.0,1.385,4.254
1784632344.8944817,5374,0,26,0,1.0,0.995,0.998,0.0,1.384,4.254
1784632344.947884,5384,0,26,0,1.0,0.995,0.998,0.0,1.383,4.254
1784632344.9798627,5394,0,26,0,1.0,0.995,0.998,0.0,1.384,4.251
1784632345.009568,5404,0,26,0,1.0,0.995,0.998,0.0,1.385,4.248
1784632345.0383031,5414,0,26,0,1.0,0.995,0.998,0.0,1.387,4.245
1784632345.0809512,5424,0,26,0,1.0,0.995,0.998,0.0,1.388,4.242
1784632345.119615,5434,0,26,0,1.0,0.995,0.998,0.0,1.389,4.239
1784632345.1552832,5444,0,26,0,1.0,0.995,0.998,0.0,1.39,4.236
1784632345.1945755,5454,0,26,0,1.0,0.995,0.998,0.0,1.391,4.233
1784632345.229874,5464,0,26,0,1.0,0.995,0.998,0.0,1.393,4.23
1784632345.2598166,5474,0,26,0,1.0,0.995,0.998,0.0,1.394,4.227
1784632345.3130348,5484,0,26,0,1.0,0.995,0.998,0.0,1.395,4.225
1784632345.3450022,5494,0,26,0,1.0,0.995,0.998,0.0,1.396,4.222
1784632345.4304616,5504,0,26,0,1.0,0.995,0.998,0.0,1.397,4.219
1784632345.4570205,5514,0,26,0,1.0,0.995,0.998,0.0,1.398,4.217
1784632345.482007,5524,0,26,0,1.0,0.995,0.998,0.0,1.399,4.214
1784632345.505492,5534,0,26,0,1.0,0.995,0.998,0.0,1.401,4.212
1784632345.529417,5544,0,26,0,1.0,0.995,0.998,0.0,1.402,4.21
1784632345.5669312,5554,0,26,0,1.0,0.995,0.998,0.0,1.403,4.207
1784632345.5978372,5564,0,26,0,1.0,0.995,0.998,0.0,1.404,4.205
1784632345.6329496,5574,0,26,0,1.0,0.995,0.998,0.0,1.406,4.202
1784632345.6609552,5584,0,26,0,1.0,0.995,0.998,0.0,1.407,4.2
1784632345.7098083,5594,0,26,0,1.0,0.995,0.998,0.0,1.409,4.197
1784632345.74191,5604,0,26,0,1.0,0.995,0.998,0.0,1.41,4.195
1784632345.7707374,5614,0,26,0,1.0,0.995,0.998,0.0,1.411,4.193
1784632345.8434308,5624,0,26,0,1.0,0.995,0.998,0.0,1.413,4.19
1784632345.9137974,5634,0,26,0,1.0,0.995,0.998,0.0,1.414,4.188
1784632345.973624,5644,0,26,0,1.0,0.995,0.998,0.0,1.415,4.186
1784632346.0370145,5654,0,26,0,1.0,0.995,0.998,0.0,1.417,4.184
1784632346.1224573,5664,0,26,0,1.0,0.995,0.998,0.0,1.418,4.182
1784632346.2082047,5674,0,26,0,1.0,0.995,0.998,0.0,1.42,4.181
1784632346.2892816,5684,0,26,0,1.0,0.995,0.998,0.0,1.421,4.179
1784632346.34196,5694,0,26,0,1.0,0.995,0.998,0.0,1.423,4.177
1784632346.6801279,5704,0,26,0,1.0,0.995,0.998,0.0,1.424,4.176
1784632346.7135696,5714,0,26,0,1.0,0.995,0.998,0.0,1.426,4.175
1784632346.759332,5724,0,26,0,1.0,0.995,0.998,0.0,1.427,4.174
1784632346.8002532,5734,0,26,0,1.0,0.995,0.998,0.0,1.428,4.173
1784632346.8287,5744,0,26,0,1.0,0.995,0.998,0.0,1.43,4.173
1784632346.880157,5754,0,26,0,1.0,0.996,0.998,0.0,1.431,4.172
1784632346.9139175,5764,0,26,0,1.0,0.996,0.998,0.0,1.433,4.171
1784632346.944016,5774,0,26,0,1.0,0.996,0.998,0.0,1.434,4.17
1784632346.980391,5784,0,26,0,1.0,0.996,0.998,0.0,1.436,4.17
1784632347.0061288,5794,0,26,0,1.0,0.996,0.998,0.0,1.437,4.169
1784632347.0310795,5804,0,26,0,1.0,0.996,0.998,0.0,1.438,4.168
1784632347.0764246,5814,0,26,0,1.0,0.996,0.998,0.0,1.44,4.168
1784632347.1075501,5824,0,26,0,1.0,0.996,0.998,0.0,1.441,4.167
1784632347.1346757,5834,0,26,0,1.0,0.996,0.998,0.0,1.442,4.167
1784632347.1615813,5844,0,26,0,1.0,0.996,0.998,0.0,1.443,4.167
1784632347.2029445,5854,0,26,0,1.0,0.996,0.998,0.0,1.444,4.166
1784632347.225227,5864,0,26,0,1.0,0.996,0.998,0.0,1.445,4.166
1784632347.252822,5874,0,26,0,1.0,0.996,0.998,0.0,1.446,4.165
1784632347.2853057,5884,0,26,0,1.0,0.996,0.998,0.0,1.447,4.165
1784632347.3238008,5894,0,26,0,1.0,0.996,0.998,0.0,1.448,4.165
1784632347.4276156,5904,0,26,0,1.0,0.996,0.998,0.0,1.449,4.165
1784632347.4629319,5914,0,26,0,1.0,0.996,0.998,0.0,1.449,4.165
1784632347.5022342,5924,0,26,0,1.0,0.996,0.998,0.0,1.45,4.165
1784632347.5412364,5934,0,26,0,1.0,0.996,0.998,0.0,1.451,4.165
1784632347.5767715,5944,0,26,0,1.0,0.996,0.998,0.0,1.452,4.165
1784632347.6090198,5954,0,26,0,1.0,0.996,0.998,0.0,1.453,4.165
1784632347.6411407,5964,0,26,0,1.0,0.996,0.998,0.0,1.453,4.165
1784632347.6849124,5974,0,26,0,1.0,0.996,0.998,0.0,1.454,4.165
1784632347.7100847,5984,0,26,0,1.0,0.996,0.998,0.0,1.455,4.165
1784632347.7352803,5994,0,26,0,1.0,0.996,0.998,0.0,1.456,4.165
1784632347.7734394,6004,0,26,0,1.0,0.996,0.998,0.0,1.456,4.165
1784632347.7995894,6014,0,26,0,1.0,0.996,0.998,0.0,1.457,4.165
1784632347.8362472,6024,0,26,0,1.0,0.996,0.998,0.0,1.458,4.166
1784632347.8642828,6034,0,26,0,1.0,0.996,0.998,0.0,1.458,4.166
1784632347.914298,6044,0,26,0,1.0,0.996,0.998,0.0,1.459,4.166
1784632347.9539702,6054,0,26,0,1.0,0.996,0.998,0.0,1.459,4.167
1784632347.9966679,6064,0,26,0,1.0,0.996,0.998,0.0,1.46,4.167
1784632348.034989,6074,0,26,0,1.0,0.996,0.998,0.0,1.46,4.168
1784632348.0823953,6084,0,26,0,1.0,0.996,0.998,0.0,1.461,4.168
1784632348.1251822,6094,0,26,0,1.0,0.996,0.998,0.0,1.461,4.169
1784632348.2343216,6104,0,26,0,1.0,0.996,0.998,0.0,1.462,4.17
1784632348.2880974,6114,0,26,0,1.0,0.996,0.998,0.0,1.462,4.171
1784632348.3391821,6124,0,26,0,1.0,0.996,0.998,0.0,1.463,4.171
1784632348.388551,6134,0,26,0,1.0,0.996,0.998,0.0,1.463,4.172
1784632348.462629,6144,0,26,0,1.0,0.996,0.998,0.0,1.463,4.174
1784632348.5215054,6154,0,26,0,1.0,0.996,0.998,0.0,1.463,4.175
1784632348.5865273,6164,0,26,0,1.0,0.996,0.998,0.0,1.464,4.176
1784632348.6411476,6174,0,26,0,1.0,0.996,0.998,0.0,1.464,4.177
1784632348.7069197,6184,0,26,0,1.0,0.996,0.998,0.0,1.464,4.179
1784632348.7859128,6194,0,26,0,1.0,0.996,0.998,0.0,1.464,4.18
1784632348.861957,6204,0,26,0,1.0,0.996,0.998,0.0,1.465,4.182
1784632348.9362648,6214,0,26,0,1.0,0.996,0.998,0.0,1.465,4.184
1784632349.0247304,6224,0,26,0,1.0,0.996,0.998,0.0,1.465,4.186
1784632349.1192136,6234,0,26,0,1.0,0.996,0.998,0.0,1.465,4.188
1784632349.1688952,6244,0,26,0,1.0,0.996,0.998,0.0,1.465,4.19
1784632349.246472,6254,0,26,0,1.0,0.996,0.998,0.0,1.466,4.192
1784632349.3003278,6264,0,26,0,1.0,0.996,0.998,0.0,1.466,4.194
1784632349.3956857,6274,0,26,0,1.0,0.996,0.998,0.0,1.466,4.196
1784632349.4940681,6284,0,26,0,1.0,0.996,0.998,0.0,1.466,4.199
1784632349.6030843,6294,0,26,0,1.0,0.996,0.998,0.0,1.467,4.202
1784632349.789485,6304,0,26,0,1.0,0.996,0.998,0.0,1.467,4.205
1784632349.8428516,6314,0,26,0,1.0,0.996,0.998,0.0,1.467,4.208
1784632349.888116,6324,0,26,0,1.0,0.996,0.998,0.0,1.467,4.211
1784632349.9372761,6334,0,26,0,1.0,0.996,0.998,0.0,1.468,4.214
1784632349.9937587,6344,0,26,0,1.0,0.996,0.998,0.0,1.468,4.217
1784632350.037196,6354,0,26,0,1.0,0.996,0.998,0.0,1.468,4.22
1784632350.072642,6364,0,26,0,1.0,0.996,0.998,0.0,1.468,4.224
1784632350.1103306,6374,0,26,0,1.0,0.996,0.998,0.0,1.469,4.227
1784632350.148169,6384,0,26,0,1.0,0.996,0.998,0.0,1.469,4.23
1784632350.18513,6394,0,26,0,1.0,0.996,0.998,0.0,1.469,4.234
1784632350.2219112,6404,0,26,0,1.0,0.996,0.998,0.0,1.469,4.237
1784632350.261408,6414,0,26,0,1.0,0.996,0.998,0.0,1.469,4.241
1784632350.3020983,6424,0,26,0,1.0,0.996,0.998,0.0,1.469,4.244
1784632350.3440928,6434,0,26,0,1.0,0.996,0.998,0.0,1.47,4.248
1784632350.3926494,6444,0,26,0,1.0,0.996,0.998,0.0,1.47,4.252
1784632350.4225404,6454,0,26,0,1.0,0.996,0.998,0.0,1.47,4.255
1784632350.4602041,6464,0,26,0,1.0,0.996,0.998,0.0,1.47,4.259
1784632350.4906874,6474,0,26,0,1.0,0.996,0.998,0.0,1.47,4.263
1784632350.5259383,6484,0,26,0,1.0,0.996,0.998,0.0,1.47,4.267
1784632350.5521395,6494,0,26,0,1.0,0.996,0.998,0.0,1.47,4.27
1784632350.6507154,6504,0,26,0,1.0,0.996,0.998,0.0,1.47,4.274
1784632350.6853151,6514,0,26,0,1.0,0.996,0.998,0.0,1.47,4.278
1784632350.7250302,6524,0,26,0,1.0,0.996,0.998,0.0,1.469,4.282
1784632350.752649,6534,0,26,0,1.0,0.996,0.998,0.0,1.47,4.285
1784632350.780486,6544,0,26,0,1.0,0.996,0.998,0.0,1.471,4.286
1784632350.8273497,6554,0,26,0,1.0,0.996,0.998,0.0,1.471,4.287
1784632350.8567443,6564,0,26,0,1.0,0.996,0.998,0.0,1.472,4.288
1784632350.8813646,6574,0,26,0,1.0,0.996,0.998,0.0,1.473,4.289
1784632350.911924,6584,0,26,0,1.0,0.996,0.998,0.0,1.474,4.29
1784632350.9394274,6594,0,26,0,1.0,0.996,0.998,0.0,1.474,4.291
1784632350.9791982,6604,0,26,0,1.0,0.996,0.998,0.0,1.475,4.293
1784632351.0290413,6614,0,26,0,1.0,0.996,0.998,0.0,1.475,4.294
1784632351.0777051,6624,0,26,0,1.0,0.996,0.998,0.0,1.476,4.295
1784632351.114961,6634,0,26,0,1.0,0.996,0.998,0.0,1.477,4.296
1784632351.147094,6644,0,26,0,1.0,0.996,0.998,0.0,1.477,4.298
1784632351.1747382,6654,0,26,0,1.0,0.996,0.998,0.0,1.478,4.299
1784632351.2179255,6664,0,26,0,1.0,0.996,0.998,0.0,1.478,4.3
1784632351.2544866,6674,0,26,0,1.0,0.996,0.998,0.0,1.479,4.302
1784632351.281145,6684,0,26,0,1.0,0.996,0.998,0.0,1.479,4.303
1784632351.3142385,6694,0,26,0,1.0,0.996,0.998,0.0,1.479,4.305
1784632351.4929543,6704,0,26,0,1.0,0.996,0.998,0.0,1.48,4.306
1784632351.5268483,6714,0,26,0,1.0,0.996,0.998,0.0,1.48,4.308
1784632351.5529525,6724,0,26,0,1.0,0.996,0.998,0.0,1.48,4.31
1784632351.5778477,6734,0,26,0,1.0,0.996,0.998,0.0,1.481,4.311
1784632351.6216974,6744,0,26,0,1.0,0.996,0.998,0.0,1.481,4.313
1784632351.660154,6754,0,26,0,1.0,0.996,0.998,0.0,1.481,4.315
1784632351.6885784,6764,0,26,0,1.0,0.996,0.998,0.0,1.481,4.317
1784632351.720605,6774,0,26,0,1.0,0.996,0.998,0.0,1.481,4.319
1784632351.7752817,6784,0,26,0,1.0,0.996,0.998,0.0,1.481,4.32
1784632351.8112345,6794,0,26,0,1.0,0.996,0.998,0.0,1.481,4.322
1784632351.8420963,6804,0,26,0,1.0,0.996,0.998,0.0,1.482,4.324
1784632351.8643777,6814,0,26,0,1.0,0.996,0.998,0.0,1.482,4.326
1784632351.8893826,6824,0,26,0,1.0,0.996,0.998,0.0,1.482,4.328
1784632351.9784002,6834,0,26,0,1.0,0.996,0.998,0.0,1.482,4.33
1784632352.0388286,6844,0,26,0,1.0,0.996,0.998,0.0,1.482,4.333
1784632352.0707927,6854,0,26,0,1.0,0.996,0.998,0.0,1.483,4.335
1784632352.1309755,6864,0,26,0,1.0,0.996,0.998,0.0,1.483,4.337
1784632352.1684668,6874,0,26,0,1.0,0.996,0.998,0.0,1.483,4.339
1784632352.2364686,6884,0,26,0,1.0,0.996,0.998,0.0,1.483,4.342
1784632352.3170176,6894,0,26,0,1.0,0.996,0.998,0.0,1.483,4.344
1784632352.6328163,6904,0,26,0,1.0,0.996,0.998,0.0,1.484,4.347
1784632352.6667757,6914,0,26,0,1.0,0.996,0.998,0.0,1.484,4.35
1784632352.707225,6924,0,26,0,1.0,0.996,0.998,0.0,1.484,4.353
1784632352.7516706,6934,0,26,0,1.0,0.996,0.998,0.0,1.484,4.356
1784632352.7858262,6944,0,26,0,1.0,0.996,0.998,0.0,1.485,4.359
1784632352.8146715,6954,0,26,0,1.0,0.996,0.998,0.0,1.485,4.362
1784632352.8409233,6964,0,26,0,1.0,0.996,0.998,0.0,1.485,4.365
1784632352.8770678,6974,0,26,0,1.0,0.996,0.998,0.0,1.485,4.368
1784632352.9189968,6984,0,26,0,1.0,0.996,0.998,0.0,1.485,4.371
1784632352.94949,6994,0,26,0,1.0,0.996,0.998,0.0,1.485,4.374
1784632353.0046747,7004,0,26,0,1.0,0.996,0.998,0.0,1.485,4.378
1784632353.0527568,7014,0,26,0,1.0,0.996,0.998,0.0,1.485,4.381
1784632353.085586,7024,0,26,0,1.0,0.996,0.998,0.0,1.485,4.384
1784632353.117051,7034,0,26,0,1.0,0.996,0.998,0.0,1.485,4.387
1784632353.1560025,7044,0,26,0,1.0,0.996,0.998,0.0,1.485,4.391
1784632353.193859,7054,0,26,0,1.0,0.996,0.998,0.0,1.485,4.394
1784632353.2232943,7064,0,26,0,1.0,0.996,0.998,0.0,1.485,4.397
1784632353.2544823,7074,0,26,0,1.0,0.996,0.998,0.0,1.484,4.401
1784632353.2989433,7084,0,26,0,1.0,0.996,0.998,0.0,1.484,4.404
1784632353.3280802,7094,0,26,0,1.0,0.996,0.998,0.0,1.484,4.408
1784632353.437561,7104,0,26,0,1.0,0.996,0.998,0.0,1.484,4.411
1784632353.4742231,7114,0,26,0,1.0,0.996,0.998,0.0,1.483,4.415
1784632353.52144,7124,0,26,0,1.0,0.996,0.998,0.0,1.483,4.419
1784632353.5551744,7134,0,26,0,1.0,0.996,0.998,0.0,1.483,4.422
1784632353.585991,7144,0,26,0,1.0,0.996,0.998,0.0,1.483,4.426
1784632353.6322968,7154,0,26,0,1.0,0.996,0.998,0.0,1.482,4.43
1784632353.6844072,7164,0,26,0,1.0,0.996,0.998,0.0,1.482,4.434
1784632353.7142806,7174,0,26,0,1.0,0.996,0.998,0.0,1.482,4.437
1784632353.758777,7184,0,26,0,1.0,0.996,0.998,0.0,1.481,4.441
1784632353.794375,7194,0,26,0,1.0,0.996,0.998,0.0,1.481,4.445
1784632353.828023,7204,0,26,0,1.0,0.996,0.998,0.0,1.48,4.449
1784632353.8623202,7214,0,26,0,1.0,0.996,0.998,0.0,1.48,4.453
1784632353.889225,7224,0,26,0,1.0,0.996,0.998,0.0,1.479,4.457
1784632353.9242527,7234,0,26,0,1.0,0.996,0.998,0.0,1.479,4.461
1784632353.9600742,7244,0,26,0,1.0,0.996,0.998,0.0,1.479,4.465
1784632354.0028348,7254,0,26,0,1.0,0.996,0.998,0.0,1.478,4.469
1784632354.0527542,7264,0,26,0,1.0,0.996,0.998,0.0,1.478,4.473
1784632354.0959334,7274,0,26,0,1.0,0.996,0.998,0.0,1.477,4.478
1784632354.129145,7284,0,26,0,1.0,0.996,0.998,0.0,1.477,4.482
1784632354.165037,7294,0,26,0,1.0,0.996,0.998,0.0,1.476,4.486
1784632354.2375643,7304,0,26,0,1.0,0.996,0.998,0.0,1.475,4.49
1784632354.2704167,7314,0,26,0,1.0,0.996,0.998,0.0,1.475,4.495
1784632354.318722,7324,0,26,0,1.0,0.996,0.998,0.0,1.474,4.499
1784632354.3442225,7334,0,26,0,1.0,0.996,0.998,0.0,1.473,4.504
1784632354.3727405,7344,0,26,0,1.0,0.996,0.998,0.0,1.472,4.508
1784632354.4018998,7354,0,26,0,1.0,0.996,0.998,0.0,1.472,4.513
1784632354.4491107,7364,0,26,0,1.0,0.996,0.998,0.0,1.471,4.517
1784632354.4804323,7374,0,26,0,1.0,0.996,0.998,0.0,1.47,4.522
1784632354.5096476,7384,0,26,0,1.0,0.996,0.998,0.0,1.469,4.526
1784632354.5462863,7394,0,26,0,1.0,0.996,0.998,0.0,1.468,4.531
1784632354.5926042,7404,0,26,0,1.0,0.997,0.998,0.0,1.469,4.533
1784632354.6792552,7414,0,26,0,1.0,0.997,0.998,0.0,1.469,4.535
1784632354.724576,7424,0,26,0,1.0,0.997,0.998,0.0,1.47,4.537
1784632354.7930958,7434,0,26,0,1.0,0.997,0.998,0.0,1.471,4.539
1784632354.8576088,7444,0,26,0,1.0,0.997,0.998,0.0,1.472,4.541
1784632354.8895793,7454,0,26,0,1.0,0.997,0.998,0.0,1.473,4.543
1784632354.9222002,7464,0,26,0,1.0,0.997,0.998,0.0,1.473,4.546
1784632355.0383368,7474,0,26,0,1.0,0.997,0.998,0.0,1.474,4.548
1784632355.09516,7484,0,26,0,1.0,0.997,0.998,0.0,1.475,4.55
1784632355.1428678,7494,0,26,0,1.0,0.997,0.998,0.0,1.476,4.552
1784632355.3572206,7504,0,26,0,1.0,0.997,0.998,0.0,1.477,4.555
1784632355.385366,7514,0,26,0,1.0,0.997,0.998,0.0,1.478,4.558
1784632355.4221702,7524,0,26,0,1.0,0.997,0.998,0.0,1.478,4.56
1784632355.4463847,7534,0,26,0,1.0,0.997,0.998,0.0,1.479,4.563
1784632355.4755542,7544,0,26,0,1.0,0.997,0.998,0.0,1.48,4.566
1784632355.5143557,7554,0,26,0,1.0,0.997,0.998,0.0,1.481,4.568
1784632355.5467203,7564,0,26,0,1.0,0.997,0.998,0.0,1.481,4.571
1784632355.5726,7574,0,26,0,1.0,0.997,0.998,0.0,1.482,4.574
1784632355.6064932,7584,0,26,0,1.0,0.997,0.998,0.0,1.482,4.577
1784632355.6460586,7594,0,26,0,1.0,0.997,0.998,0.0,1.483,4.58
1784632355.6740015,7604,0,26,0,1.0,0.997,0.998,0.0,1.483,4.582
1784632355.7116516,7614,0,26,0,1.0,0.997,0.998,0.0,1.483,4.585
1784632355.75156,7624,0,26,0,1.0,0.997,0.998,0.0,1.484,4.588
1784632355.7852979,7634,0,26,0,1.0,0.997,0.998,0.0,1.484,4.591
1784632355.828832,7644,0,26,0,1.0,0.997,0.998,0.0,1.484,4.594
1784632355.8670678,7654,0,26,0,1.0,0.997,0.998,0.0,1.484,4.597
1784632355.8993642,7664,0,26,0,1.0,0.997,0.998,0.0,1.485,4.599
1784632355.9292586,7674,0,26,0,1.0,0.997,0.998,0.0,1.485,4.602
1784632355.9725428,7684,0,26,0,1.0,0.997,0.998,0.0,1.485,4.605
1784632356.0166233,7694,0,26,0,1.0,0.997,0.998,0.0,1.485,4.608
1784632356.1461394,7704,0,26,0,1.0,0.997,0.998,0.0,1.485,4.611
1784632356.1937127,7714,0,26,0,1.0,0.997,0.998,0.0,1.486,4.615
1784632356.2247863,7724,0,26,0,1.0,0.997,0.998,0.0,1.486,4.618
1784632356.2548594,7734,0,26,0,1.0,0.997,0.998,0.0,1.486,4.621
1784632356.2900963,7744,0,26,0,1.0,0.997,0.998,0.0,1.486,4.624
1784632356.3413243,7754,0,26,0,1.0,0.997,0.998,0.0,1.486,4.628
1784632356.374408,7764,0,26,0,1.0,0.997,0.998,0.0,1.487,4.631
1784632356.428419,7774,0,26,0,1.0,0.997,0.998,0.0,1.487,4.634
1784632356.4760149,7784,0,26,0,1.0,0.997,0.998,0.0,1.487,4.638
1784632356.5140657,7794,0,26,0,1.0,0.997,0.998,0.0,1.487,4.641
1784632356.5470316,7804,0,26,0,1.0,0.997,0.998,0.0,1.487,4.644
1784632356.5876215,7814,0,26,0,1.0,0.997,0.998,0.0,1.488,4.648
1784632356.6322892,7824,0,26,0,1.0,0.997,0.998,0.0,1.488,4.651
1784632356.6648784,7834,0,26,0,1.0,0.997,0.998,0.0,1.488,4.655
1784632356.7071512,7844,0,26,0,1.0,0.997,0.998,0.0,1.488,4.658
1784632356.7582738,7854,0,26,0,1.0,0.997,0.998,0.0,1.488,4.662
1784632356.8005552,7864,0,26,0,1.0,0.997,0.998,0.0,1.487,4.665
1784632356.8335228,7874,0,26,0,1.0,0.997,0.998,0.0,1.487,4.669
1784632356.8581872,7884,0,26,0,1.0,0.997,0.998,0.0,1.487,4.672
1784632356.8962734,7894,0,26,0,1.0,0.997,0.998,0.0,1.487,4.676
1784632357.0838282,7904,0,26,0,1.0,0.997,0.998,0.0,1.487,4.68
1784632357.1197505,7914,0,26,0,1.0,0.997,0.998,0.0,1.487,4.684
1784632357.167073,7924,0,26,0,1.0,0.997,0.998,0.0,1.486,4.687
1784632357.2036343,7934,0,26,0,1.0,0.997,0.998,0.0,1.486,4.691
1784632357.235976,7944,0,26,0,1.0,0.997,0.998,0.0,1.486,4.695
1784632357.2681704,7954,0,26,0,1.0,0.997,0.998,0.0,1.486,4.699
1784632357.2945876,7964,0,26,0,1.0,0.997,0.998,0.0,1.485,4.703
1784632357.3379462,7974,0,26,0,1.0,0.997,0.998,0.0,1.485,4.707
1784632357.3663383,7984,0,26,0,1.0,0.997,0.998,0.0,1.485,4.711
1784632357.4110143,7994,0,26,0,1.0,0.997,0.998,0.0,1.485,4.715
1784632357.4640636,8004,0,26,0,1.0,0.997,0.998,0.0,1.484,4.719
1784632357.4922044,8014,0,26,0,1.0,0.997,0.998,0.0,1.484,4.723
1784632357.557574,8024,0,26,0,1.0,0.997,0.998,0.0,1.484,4.727
1784632357.5930443,8034,0,26,0,1.0,0.997,0.998,0.0,1.484,4.731
1784632357.6462317,8044,0,26,0,1.0,0.997,0.998,0.0,1.483,4.735
1784632357.6864407,8054,0,26,0,1.0,0.997,0.998,0.0,1.483,4.739
1784632357.7436569,8064,0,26,0,1.0,0.997,0.998,0.0,1.483,4.744
1784632357.8067882,8074,0,26,0,1.0,0.997,0.998,0.0,1.482,4.748
1784632357.831129,8084,0,26,0,1.0,0.997,0.998,0.0,1.482,4.752
1784632357.8584871,8094,0,26,0,1.0,0.997,0.998,0.0,1.482,4.756
1784632358.2132947,8104,0,26,0,1.0,0.997,0.998,0.0,1.481,4.761
1784632358.2486174,8114,0,26,0,1.0,0.997,0.998,0.0,1.481,4.765
1784632358.2932324,8124,0,26,0,1.0,0.997,0.998,0.0,1.48,4.77
1784632358.3277016,8134,0,26,0,1.0,0.997,0.998,0.0,1.48,4.775
1784632358.3612745,8144,0,26,0,1.0,0.997,0.998,0.0,1.479,4.78
1784632358.3958411,8154,0,26,0,1.0,0.997,0.998,0.0,1.479,4.784
1784632358.4294348,8164,0,26,0,1.0,0.997,0.998,0.0,1.48,4.787
1784632358.456501,8174,0,26,0,1.0,0.997,0.998,0.0,1.48,4.789
1784632358.4891148,8184,0,26,0,1.0,0.997,0.998,0.0,1.481,4.791
1784632358.538184,8194,0,26,0,1.0,0.997,0.998,0.0,1.482,4.794
1784632358.571893,8204,0,26,0,1.0,0.997,0.998,0.0,1.482,4.796
1784632358.6248183,8214,0,26,0,1.0,0.997,0.998,0.0,1.483,4.798
1784632358.6659276,8224,0,26,0,1.0,0.997,0.998,0.0,1.484,4.801
1784632358.7080138,8234,0,26,0,1.0,0.997,0.998,0.0,1.484,4.803
1784632358.7433875,8244,0,26,0,1.0,0.997,0.998,0.0,1.485,4.806
1784632358.7770092,8254,0,26,0,1.0,0.997,0.998,0.0,1.486,4.808
1784632358.8103445,8264,0,26,0,1.0,0.997,0.998,0.0,1.486,4.811
1784632358.8532193,8274,0,26,0,1.0,0.997,0.998,0.0,1.487,4.813
1784632358.907981,8284,0,26,0,1.0,0.997,0.998,0.0,1.487,4.816
1784632358.9557788,8294,0,26,0,1.0,0.997,0.998,0.0,1.488,4.818
1784632359.0606906,8304,0,26,0,1.0,0.997,0.998,0.0,1.488,4.821
1784632359.0978818,8314,0,26,0,1.0,0.997,0.998,0.0,1.489,4.824
1784632359.1336637,8324,0,26,0,1.0,0.997,0.998,0.0,1.489,4.826
1784632359.1599448,8334,0,26,0,1.0,0.997,0.998,0.0,1.49,4.829
1784632359.2040982,8344,0,26,0,1.0,0.997,0.998,0.0,1.49,4.832
1784632359.2479103,8354,0,26,0,1.0,0.997,0.998,0.0,1.491,4.835
1784632359.2926908,8364,0,26,0,1.0,0.997,0.998,0.0,1.491,4.838
1784632359.3240387,8374,0,26,0,1.0,0.997,0.998,0.0,1.491,4.84
1784632359.369494,8384,0,26,0,1.0,0.997,0.998,0.0,1.492,4.843
1784632359.4093385,8394,0,26,0,1.0,0.997,0.998,0.0,1.492,4.846
1784632359.443315,8404,0,26,0,1.0,0.997,0.998,0.0,1.492,4.849
1784632359.4729822,8414,0,26,0,1.0,0.997,0.998,0.0,1.493,4.852
1784632359.5238194,8424,0,26,0,1.0,0.997,0.998,0.0,1.493,4.855
1784632359.5565846,8434,0,26,0,1.0,0.997,0.998,0.0,1.493,4.858
1784632359.5927746,8444,0,26,0,1.0,0.997,0.998,0.0,1.493,4.861
1784632359.6292834,8454,0,26,0,1.0,0.997,0.998,0.0,1.493,4.864
1784632359.6557882,8464,0,26,0,1.0,0.997,0.998,0.0,1.494,4.867
1784632359.6957724,8474,0,26,0,1.0,0.997,0.998,0.0,1.494,4.87
1784632359.7380457,8484,0,26,0,1.0,0.997,0.998,0.0,1.494,4.873
1784632359.769977,8494,0,26,0,1.0,0.997,0.998,0.0,1.494,4.876
1784632359.8981555,8504,0,26,0,1.0,0.997,0.998,0.0,1.494,4.879
1784632359.9628873,8514,0,26,0,1.0,0.997,0.998,0.0,1.495,4.883
1784632360.0249758,8524,0,26,0,1.0,0.997,0.998,0.0,1.495,4.886
1784632360.1004345,8534,0,26,0,1.0,0.997,0.998,0.0,1.495,4.889
1784632360.1599529,8544,0,26,0,1.0,0.997,0.998,0.0,1.495,4.893
1784632360.2645838,8554,0,26,0,1.0,0.997,0.998,0.0,1.495,4.896
1784632360.377562,8564,0,26,0,1.0,0.997,0.998,0.0,1.496,4.9
1784632360.4633472,8574,0,26,0,1.0,0.997,0.998,0.0,1.496,4.904
1784632360.5363731,8584,0,26,0,1.0,0.997,0.998,0.0,1.496,4.907
1784632360.625955,8594,0,26,0,1.0,0.997,0.998,0.0,1.496,4.911
1784632360.7203703,8604,0,26,0,1.0,0.997,0.998,0.0,1.496,4.915
1784632360.7558036,8614,0,26,0,1.0,0.997,0.998,0.0,1.496,4.919
1784632360.8012066,8624,0,26,0,1.0,0.997,0.998,0.0,1.496,4.923
1784632360.8540792,8634,0,26,0,1.0,0.997,0.998,0.0,1.496,4.927
1784632360.9061072,8644,0,26,0,1.0,0.997,0.998,0.0,1.496,4.931
1784632360.972128,8654,0,26,0,1.0,0.997,0.999,0.0,1.496,4.936
1784632361.0404353,8664,0,26,0,1.0,0.997,0.999,0.0,1.496,4.94
1784632361.094765,8674,0,26,0,1.0,0.997,0.999,0.0,1.495,4.944
1784632361.1504095,8684,0,26,0,1.0,0.997,0.999,0.0,1.495,4.949
1784632361.2013552,8694,0,26,0,1.0,0.997,0.999,0.0,1.495,4.953
1784632361.3332353,8704,0,26,0,1.0,0.997,0.999,0.0,1.495,4.957
1784632361.3911445,8714,0,26,0,1.0,0.997,0.999,0.0,1.495,4.962
1784632361.4492505,8724,0,26,0,1.0,0.997,0.999,0.0,1.495,4.966
1784632361.5092387,8734,0,26,0,1.0,0.997,0.999,0.0,1.494,4.971
1784632361.5614574,8744,0,26,0,1.0,0.997,0.999,0.0,1.494,4.976
1784632361.6215413,8754,0,26,0,1.0,0.997,0.999,0.0,1.494,4.98
1784632361.6593719,8764,0,26,0,1.0,0.997,0.999,0.0,1.493,4.985
1784632361.694421,8774,0,26,0,1.0,0.997,0.999,0.0,1.493,4.99
1784632361.7330418,8784,0,26,0,1.0,0.997,0.999,0.0,1.493,4.995
1784632361.7866323,8794,0,26,0,1.0,0.997,0.999,0.0,1.492,5.0
1784632361.8163805,8804,0,26,0,1.0,0.997,0.999,0.0,1.492,5.004
1784632361.8506703,8814,0,26,0,1.0,0.997,0.999,0.0,1.491,5.009
1784632361.8879273,8824,0,26,0,1.0,0.997,0.999,0.0,1.491,5.014
1784632361.9123933,8834,0,26,0,1.0,0.997,0.999,0.0,1.491,5.019
1784632361.9449015,8844,0,26,0,1.0,0.997,0.999,0.0,1.49,5.024
1784632361.9875894,8854,0,26,0,1.0,0.997,0.999,0.0,1.49,5.029
1784632362.0176246,8864,0,26,0,1.0,0.997,0.999,0.0,1.489,5.034
1784632362.0486844,8874,0,26,0,1.0,0.997,0.999,0.0,1.489,5.039
1784632362.0867534,8884,0,26,0,1.0,0.997,0.999,0.0,1.488,5.044
1784632362.131997,8894,0,26,0,1.0,0.997,0.999,0.0,1.488,5.049
1784632362.270027,8904,0,26,0,1.0,0.997,0.999,0.0,1.487,5.054
1784632362.317665,8914,0,26,0,1.0,0.997,0.999,0.0,1.487,5.057
1784632362.3637002,8924,0,26,0,1.0,0.997,0.999,0.0,1.488,5.06
1784632362.402993,8934,0,26,0,1.0,0.997,0.999,0.0,1.489,5.063
1784632362.454467,8944,0,26,0,1.0,0.997,0.999,0.0,1.489,5.066
1784632362.4785993,8954,0,26,0,1.0,0.997,0.999,0.0,1.49,5.069
1784632362.518989,8964,0,26,0,1.0,0.997,0.999,0.0,1.491,5.072
1784632362.5631578,8974,0,26,0,1.0,0.997,0.999,0.0,1.491,5.075
1784632362.595888,8984,0,26,0,1.0,0.997,0.999,0.0,1.492,5.079
1784632362.6266222,8994,0,26,0,1.0,0.997,0.999,0.0,1.492,5.082
1784632362.658003,9004,0,26,0,1.0,0.997,0.999,0.0,1.493,5.085
1784632362.6941204,9014,0,26,0,1.0,0.997,0.999,0.0,1.493,5.088
1784632362.7650409,9024,0,26,0,1.0,0.997,0.999,0.0,1.493,5.091
1784632362.8196254,9034,0,26,0,1.0,0.997,0.999,0.0,1.494,5.094
1784632362.8535724,9044,0,26,0,1.0,0.997,0.999,0.0,1.494,5.098
1784632362.8835077,9054,0,26,0,1.0,0.997,0.999,0.0,1.494,5.101
1784632362.90829,9064,0,26,0,1.0,0.997,0.999,0.0,1.495,5.104
1784632362.9352095,9074,0,26,0,1.0,0.997,0.999,0.0,1.495,5.108
1784632362.9882483,9084,0,26,0,1.0,0.997,0.999,0.0,1.495,5.111
1784632363.0116377,9094,0,26,0,1.0,0.997,0.999,0.0,1.495,5.114
1784632363.3569717,9104,0,26,0,1.0,0.997,0.999,0.0,1.495,5.118
1784632363.38856,9114,0,26,0,1.0,0.997,0.999,0.0,1.495,5.121
1784632363.4298456,9124,0,26,0,1.0,0.997,0.999,0.0,1.495,5.125
1784632363.4664536,9134,0,26,0,1.0,0.997,0.999,0.0,1.495,5.129
1784632363.5024433,9144,0,26,0,1.0,0.997,0.999,0.0,1.495,5.133
1784632363.538462,9154,0,26,0,1.0,0.997,0.999,0.0,1.495,5.136
1784632363.5738893,9164,0,26,0,1.0,0.997,0.999,0.0,1.496,5.14
1784632363.6137698,9174,0,26,0,1.0,0.997,0.999,0.0,1.496,5.144
1784632363.6509924,9184,0,26,0,1.0,0.997,0.999,0.0,1.496,5.148
1784632363.695701,9194,0,26,0,1.0,0.997,0.999,0.0,1.496,5.151
1784632363.7394025,9204,0,26,0,1.0,0.997,0.999,0.0,1.496,5.155
1784632363.774025,9214,0,26,0,1.0,0.997,0.999,0.0,1.496,5.159
1784632363.81494,9224,0,26,0,1.0,0.997,0.999,0.0,1.496,5.163
1784632363.8489616,9234,0,26,0,1.0,0.997,0.999,0.0,1.496,5.167
1784632363.8774245,9244,0,26,0,1.0,0.997,0.999,0.0,1.496,5.171
1784632363.900271,9254,0,26,0,1.0,0.997,0.999,0.0,1.497,5.175
1784632363.9288852,9264,0,26,0,1.0,0.997,0.999,0.0,1.497,5.179
1784632363.9719052,9274,0,26,0,1.0,0.997,0.999,0.0,1.497,5.183
1784632364.003144,9284,0,26,0,1.0,0.997,0.999,0.0,1.497,5.187
1784632364.0276744,9294,0,26,0,1.0,0.997,0.999,0.0,1.497,5.191
1784632364.114174,9304,0,26,0,1.0,0.997,0.999,0.0,1.497,5.195
1784632364.148827,9314,0,26,0,1.0,0.997,0.999,0.0,1.497,5.199
1784632364.1767988,9324,0,26,0,1.0,0.997,0.999,0.0,1.497,5.203
1784632364.222958,9334,0,26,0,1.0,0.997,0.999,0.0,1.497,5.207
1784632364.2876413,9344,0,26,0,1.0,0.997,0.999,0.0,1.497,5.211
1784632364.3378642,9354,0,26,0,1.0,0.997,0.999,0.0,1.497,5.215
1784632364.3662276,9364,0,26,0,1.0,0.997,0.999,0.0,1.496,5.22
1784632364.3997316,9374,0,26,0,1.0,0.997,0.999,0.0,1.496,5.224
1784632364.4270103,9384,0,26,0,1.0,0.997,0.999,0.0,1.496,5.228
1784632364.4618704,9394,0,26,0,1.0,0.997,0.999,0.0,1.495,5.232
1784632364.4989626,9404,0,26,0,1.0,0.997,0.999,0.0,1.495,5.237
1784632364.5224063,9414,0,26,0,1.0,0.997,0.999,0.0,1.495,5.241
1784632364.5599813,9424,0,26,0,1.0,0.997,0.999,0.0,1.494,5.245
1784632364.6103995,9434,0,26,0,1.0,0.997,0.999,0.0,1.494,5.25
1784632364.6466644,9444,0,26,0,1.0,0.997,0.999,0.0,1.493,5.254
1784632364.6820157,9454,0,26,0,1.0,0.997,0.999,0.0,1.493,5.258
1784632364.7141845,9464,0,26,0,1.0,0.997,0.999,0.0,1.492,5.263
1784632364.747943,9474,0,26,0,1.0,0.997,0.999,0.0,1.491,5.267
1784632364.7813141,9484,0,26,0,1.0,0.997,0.999,0.0,1.491,5.272
1784632364.8188775,9494,0,26,0,1.0,0.997,0.999,0.0,1.49,5.276
1784632364.9027565,9504,0,26,0,1.0,0.997,0.999,0.0,1.489,5.28
1784632364.9296887,9514,0,26,0,1.0,0.997,0.999,0.0,1.489,5.285
1784632364.9559095,9524,0,26,0,1.0,0.997,0.999,0.0,1.488,5.29
1784632364.9988484,9534,0,26,0,1.0,0.997,0.999,0.0,1.487,5.294
1784632365.0367787,9544,0,26,0,1.0,0.997,0.999,0.0,1.488,5.297
1784632365.0671709,9554,0,26,0,1.0,0.997,0.999,0.0,1.488,5.299
1784632365.1099174,9564,0,26,0,1.0,0.997,0.999,0.0,1.489,5.302
1784632365.1494513,9574,0,26,0,1.0,0.997,0.999,0.0,1.489,5.304
1784632365.1886744,9584,0,26,0,1.0,0.997,0.999,0.0,1.49,5.307
1784632365.21562,9594,0,26,0,1.0,0.997,0.999,0.0,1.49,5.309
1784632365.271349,9604,0,26,0,1.0,0.997,0.999,0.0,1.49,5.312
1784632365.43472,9614,0,26,0,1.0,0.997,0.999,0.0,1.49,5.315
1784632365.5264497,9624,0,26,0,1.0,0.997,0.999,0.0,1.491,5.317
1784632365.5857756,9634,0,26,0,1.0,0.997,0.999,0.0,1.491,5.32
1784632365.6740375,9644,0,26,0,1.0,0.997,0.999,0.0,1.491,5.323
1784632365.7557442,9654,0,26,0,1.0,0.997,0.999,0.0,1.491,5.326
1784632365.792793,9664,0,26,0,1.0,0.997,0.999,0.0,1.491,5.329
1784632365.8399525,9674,0,26,0,1.0,0.997,0.999,0.0,1.491,5.332
1784632365.906771,9684,0,26,0,1.0,0.997,0.999,0.0,1.491,5.335
1784632365.9425597,9694,0,26,0,1.0,0.997,0.999,0.0,1.491,5.338
1784632366.3451831,9704,0,26,0,1.0,0.997,0.999,0.0,1.491,5.342
1784632366.3878837,9714,0,26,0,1.0,0.997,0.999,0.0,1.491,5.345
1784632366.453258,9724,0,26,0,1.0,0.997,0.999,0.0,1.491,5.349
1784632366.5011969,9734,0,26,0,1.0,0.997,0.999,0.0,1.491,5.352
1784632366.5589888,9744,0,26,0,1.0,0.997,0.999,0.0,1.491,5.356
1784632366.6822703,9754,0,26,0,1.0,0.997,0.999,0.0,1.491,5.359
1784632366.7400377,9764,0,26,0,1.0,0.997,0.999,0.0,1.491,5.363
1784632366.7977302,9774,0,26,0,1.0,0.997,0.999,0.0,1.491,5.367
1784632366.8529735,9784,0,26,0,1.0,0.997,0.999,0.0,1.49,5.371
1784632366.9083614,9794,0,26,0,1.0,0.997,0.999,0.0,1.49,5.375
1784632366.9536984,9804,0,26,0,1.0,0.997,0.999,0.0,1.49,5.379
1784632367.0019455,9814,0,26,0,1.0,0.997,0.999,0.0,1.49,5.382
1784632367.0487523,9824,0,26,0,1.0,0.997,0.999,0.0,1.489,5.386
1784632367.097739,9834,0,26,0,1.0,0.997,0.999,0.0,1.489,5.39
1784632367.1454914,9844,0,26,0,1.0,0.997,0.999,0.0,1.488,5.394
1784632367.1959627,9854,0,26,0,1.0,0.997,0.999,0.0,1.488,5.398
1784632367.2375202,9864,0,26,0,1.0,0.997,0.999,0.0,1.487,5.402
1784632367.2788556,9874,0,26,0,1.0,0.997,0.999,0.0,1.487,5.406
1784632367.32217,9884,0,26,0,1.0,0.997,0.999,0.0,1.486,5.41
1784632367.3809035,9894,0,26,0,1.0,0.997,0.999,0.0,1.486,5.415
1784632367.4734843,9904,0,26,0,1.0,0.997,0.999,0.0,1.485,5.419
1784632367.5385573,9914,0,26,0,1.0,0.997,0.999,0.0,1.485,5.423
1784632367.5946624,9924,0,26,0,1.0,0.997,0.999,0.0,1.484,5.427
1784632367.6471832,9934,0,26,0,1.0,0.997,0.999,0.0,1.484,5.431
1784632367.7034283,9944,0,26,0,1.0,0.997,0.999,0.0,1.483,5.436
1784632367.761841,9954,0,26,0,1.0,0.997,0.999,0.0,1.483,5.44
1784632367.8161173,9964,0,26,0,1.0,0.997,0.999,0.0,1.482,5.445
1784632367.8718824,9974,0,26,0,1.0,0.997,0.999,0.0,1.482,5.449
1784632367.9300492,9984,0,26,0,1.0,0.997,0.999,0.0,1.481,5.453
1784632367.9924572,9994,0,26,0,1.0,0.997,0.999,0.0,1.481,5.458
1784632368.0292888,10004,0,26,0,1.0,0.997,0.999,0.0,1.48,5.463
1784632368.06405,10014,0,26,0,1.0,0.997,0.999,0.0,1.48,5.467
1784632368.0959103,10024,0,26,0,1.0,0.997,0.999,0.0,1.479,5.472
1784632368.1202073,10034,0,26,0,1.0,0.997,0.999,0.0,1.479,5.476
1784632368.164631,10044,0,26,0,1.0,0.997,0.999,0.0,1.478,5.481
1784632368.1955788,10054,0,26,0,1.0,0.997,0.999,0.0,1.478,5.486
1784632368.2280414,10064,0,26,0,1.0,0.997,0.999,0.0,1.478,5.49
1784632368.259307,10074,0,26,0,1.0,0.997,0.999,0.0,1.477,5.495
1784632368.3060784,10084,0,26,0,1.0,0.997,0.999,0.0,1.477,5.5
1784632368.3526976,10094,0,26,0,1.0,0.997,0.999,0.0,1.476,5.505
1784632368.8741522,10104,0,26,0,1.0,0.997,0.999,0.0,1.476,5.51
1784632368.9067943,10114,0,26,0,1.0,0.997,0.999,0.0,1.475,5.515
1784632368.9385428,10124,0,26,0,1.0,0.997,0.999,0.0,1.475,5.52
1784632368.966524,10134,0,26,0,1.0,0.997,0.999,0.0,1.475,5.525
1784632369.0132704,10144,0,26,0,1.0,0.997,0.999,0.0,1.474,5.531
1784632369.0441368,10154,0,26,0,1.0,0.997,0.999,0.0,1.474,5.536
1784632369.0787115,10164,0,26,0,1.0,0.997,0.999,0.0,1.473,5.541
1784632369.1080146,10174,0,26,0,1.0,0.997,0.999,0.0,1.473,5.547
1784632369.1334953,10184,0,26,0,1.0,0.997,0.999,0.0,1.473,5.552
1784632369.1712437,10194,0,26,0,1.0,0.997,0.999,0.0,1.472,5.558
1784632369.206562,10204,0,26,0,1.0,0.997,0.999,0.0,1.472,5.563
1784632369.2428024,10214,0,26,0,1.0,0.997,0.999,0.0,1.471,5.568
1784632369.2737784,10224,0,26,0,1.0,0.997,0.999,0.0,1.471,5.574
1784632369.3232198,10234,0,26,0,1.0,0.997,0.999,0.0,1.471,5.579
1784632369.3608902,10244,0,26,0,1.0,0.997,0.999,0.0,1.47,5.585
1784632369.404661,10254,0,26,0,1.0,0.997,0.999,0.0,1.469,5.59
1784632369.4578936,10264,0,26,0,1.0,0.997,0.999,0.0,1.469,5.595
1784632369.4931507,10274,0,26,0,1.0,0.997,0.999,0.0,1.47,5.598
1784632369.5205357,10284,0,26,0,1.0,0.997,0.999,0.0,1.47,5.602
1784632369.5727568,10294,0,26,0,1.0,0.997,0.999,0.0,1.471,5.606
1784632369.6962273,10304,0,26,0,1.0,0.997,0.999,0.0,1.471,5.609
1784632369.7312005,10314,0,26,0,1.0,0.997,0.999,0.0,1.472,5.613
1784632369.785854,10324,0,26,0,1.0,0.997,0.999,0.0,1.472,5.617
1784632369.8280568,10334,0,26,0,1.0,0.997,0.999,0.0,1.472,5.621
1784632369.861504,10344,0,26,0,1.0,0.997,0.999,0.0,1.472,5.624
1784632369.908701,10354,0,26,0,1.0,0.997,0.999,0.0,1.472,5.628
1784632369.94084,10364,0,26,0,1.0,0.997,0.999,0.0,1.473,5.632
1784632369.9647725,10374,0,26,0,1.0,0.998,0.999,0.0,1.473,5.636
1784632370.000011,10384,0,26,0,1.0,0.998,0.999,0.0,1.473,5.64
1784632370.0464911,10394,0,26,0,1.0,0.998,0.999,0.0,1.473,5.644
1784632370.0789342,10404,0,26,0,1.0,0.998,0.999,0.0,1.473,5.648
1784632370.1116564,10414,0,26,0,1.0,0.998,0.999,0.0,1.474,5.652
1784632370.149044,10424,0,26,0,1.0,0.998,0.999,0.0,1.474,5.656
1784632370.195995,10434,0,26,0,1.0,0.998,0.999,0.0,1.474,5.66
1784632370.2270522,10444,0,26,0,1.0,0.998,0.999,0.0,1.474,5.664
1784632370.2740648,10454,0,26,0,1.0,0.998,0.999,0.0,1.474,5.668
1784632370.3135884,10464,0,26,0,1.0,0.998,0.999,0.0,1.474,5.672
1784632370.339972,10474,0,26,0,1.0,0.998,0.999,0.0,1.474,5.676
1784632370.3649116,10484,0,26,0,1.0,0.998,0.999,0.0,1.474,5.68
1784632370.417192,10494,0,26,0,1.0,0.998,0.999,0.0,1.474,5.684
1784632370.5382106,10504,0,26,0,1.0,0.998,0.999,0.0,1.474,5.688
1784632370.577816,10514,0,26,0,1.0,0.998,0.999,0.0,1.474,5.692
1784632370.6214767,10524,0,26,0,1.0,0.998,0.999,0.0,1.474,5.696
1784632370.6586094,10534,0,26,0,1.0,0.998,0.999,0.0,1.473,5.7
1784632370.708016,10544,0,26,0,1.0,0.998,0.999,0.0,1.473,5.705
1784632370.7426953,10554,0,26,0,1.0,0.998,0.999,0.0,1.473,5.709
1784632370.7886093,10564,0,26,0,1.0,0.998,0.999,0.0,1.472,5.713
1784632370.819594,10574,0,26,0,1.0,0.998,0.999,0.0,1.471,5.718
1784632370.8494527,10584,0,26,0,1.0,0.998,0.999,0.0,1.47,5.722
1784632370.8869965,10594,0,26,0,1.0,0.998,0.999,0.0,1.47,5.726
1784632370.9157844,10604,0,26,0,1.0,0.998,0.999,0.0,1.469,5.731
1784632370.9639795,10614,0,26,0,1.0,0.998,0.999,0.0,1.468,5.735
1784632371.0170126,10624,0,26,0,1.0,0.998,0.999,0.0,1.467,5.739
1784632371.053977,10634,0,26,0,1.0,0.998,0.999,0.0,1.467,5.744
1784632371.082154,10644,0,26,0,1.0,0.998,0.999,0.0,1.466,5.748
1784632371.1371047,10654,0,26,0,1.0,0.998,0.999,0.0,1.465,5.752
1784632371.171472,10664,0,26,0,1.0,0.998,0.999,0.0,1.464,5.757
1784632371.2153034,10674,0,26,0,1.0,0.998,0.999,0.0,1.463,5.761
1784632371.2707126,10684,0,26,0,1.0,0.998,0.999,0.0,1.463,5.766
1784632371.3147764,10694,0,26,0,1.0,0.998,0.999,0.0,1.462,5.77
1784632371.6484768,10704,0,26,0,1.0,0.998,0.999,0.0,1.461,5.775
1784632371.6914997,10714,0,26,0,1.0,0.998,0.999,0.0,1.462,5.778
1784632371.7294557,10724,0,26,0,1.0,0.998,0.999,0.0,1.462,5.781
1784632371.7742863,10734,0,26,0,1.0,0.998,0.999,0.0,1.462,5.784
1784632371.813348,10744,0,26,0,1.0,0.998,0.999,0.0,1.463,5.787
1784632371.8493268,10754,0,26,0,1.0,0.998,0.999,0.0,1.463,5.79
1784632371.8824542,10764,0,26,0,1.0,0.998,0.999,0.0,1.463,5.793
1784632371.9165084,10774,0,26,0,1.0,0.998,0.999,0.0,1.463,5.796
1784632371.9478693,10784,0,26,0,1.0,0.998,0.999,0.0,1.464,5.799
1784632371.9833584,10794,0,26,0,1.0,0.998,0.999,0.0,1.464,5.802
1784632372.0164287,10804,0,26,0,1.0,0.998,0.999,0.0,1.464,5.805
1784632372.0561256,10814,0,26,0,1.0,0.998,0.999,0.0,1.464,5.809
1784632372.0869267,10824,0,26,0,1.0,0.998,0.999,0.0,1.464,5.812
1784632372.114463,10834,0,26,0,1.0,0.998,0.999,0.0,1.464,5.815
1784632372.1421275,10844,0,26,0,1.0,0.998,0.999,0.0,1.465,5.818
1784632372.179085,10854,0,26,0,1.0,0.998,0.999,0.0,1.465,5.821
1784632372.222944,10864,0,26,0,1.0,0.998,0.999,0.0,1.465,5.824
1784632372.2672057,10874,0,26,0,1.0,0.998,0.999,0.0,1.465,5.827
1784632372.3106258,10884,0,26,0,1.0,0.998,0.999,0.0,1.465,5.83
1784632372.3414068,10894,0,26,0,1.0,0.998,0.999,0.0,1.466,5.833
1784632372.4634688,10904,0,26,0,1.0,0.998,0.999,0.0,1.466,5.836
1784632372.5039556,10914,0,26,0,1.0,0.998,0.999,0.0,1.466,5.84
1784632372.5474162,10924,0,26,0,1.0,0.998,0.999,0.0,1.466,5.843
1784632372.5747993,10934,0,26,0,1.0,0.998,0.999,0.0,1.466,5.846
1784632372.6177652,10944,0,26,0,1.0,0.998,0.999,0.0,1.466,5.85
1784632372.6492054,10954,0,26,0,1.0,0.998,0.999,0.0,1.465,5.853
1784632372.678112,10964,0,26,0,1.0,0.998,0.999,0.0,1.465,5.856
1784632372.7139237,10974,0,26,0,1.0,0.998,0.999,0.0,1.465,5.86
1784632372.7518673,10984,0,26,0,1.0,0.998,0.999,0.0,1.465,5.863
1784632372.7813163,10994,0,26,0,1.0,0.998,0.999,0.0,1.465,5.867
1784632372.8113167,11004,0,26,0,1.0,0.998,0.999,0.0,1.464,5.87
1784632372.848992,11014,0,26,0,1.0,0.998,0.999,0.0,1.464,5.874
1784632372.8917272,11024,0,26,0,1.0,0.998,0.999,0.0,1.464,5.877
1784632372.9275203,11034,0,26,0,1.0,0.998,0.999,0.0,1.463,5.881
1784632372.9539263,11044,0,26,0,1.0,0.998,0.999,0.0,1.463,5.884
1784632372.992684,11054,0,26,0,1.0,0.998,0.999,0.0,1.462,5.888
1784632373.0328422,11064,0,26,0,1.0,0.998,0.999,0.0,1.462,5.891
1784632373.0623946,11074,0,26,0,1.0,0.998,0.999,0.0,1.461,5.895
1784632373.0898516,11084,0,26,0,1.0,0.998,0.999,0.0,1.461,5.898
1784632373.1284592,11094,0,26,0,1.0,0.998,0.999,0.0,1.461,5.902
1784632373.2611969,11104,0,26,0,1.0,0.998,0.999,0.0,1.46,5.906
1784632373.2888172,11114,0,26,0,1.0,0.998,0.999,0.0,1.46,5.909
1784632373.3248758,11124,0,26,0,1.0,0.998,0.999,0.0,1.459,5.913
1784632373.36848,11134,0,26,0,1.0,0.998,0.999,0.0,1.459,5.917
1784632373.4045224,11144,0,26,0,1.0,0.998,0.999,0.0,1.458,5.921
1784632373.449028,11154,0,26,0,1.0,0.998,0.999,0.0,1.458,5.925
1784632373.5083268,11164,0,26,0,1.0,0.998,0.999,0.0,1.457,5.928
1784632373.5429306,11174,0,26,0,1.0,0.998,0.999,0.0,1.457,5.932
1784632373.5892382,11184,0,26,0,1.0,0.998,0.999,0.0,1.456,5.936
1784632373.6254058,11194,0,26,0,1.0,0.998,0.999,0.0,1.456,5.94
1784632373.697076,11204,0,26,0,1.0,0.998,0.999,0.0,1.455,5.944
1784632373.7560189,11214,0,26,0,1.0,0.998,0.999,0.0,1.455,5.948
1784632373.8390334,11224,0,26,0,1.0,0.998,0.999,0.0,1.454,5.952
1784632373.9678118,11234,0,26,0,1.0,0.998,0.999,0.0,1.454,5.956
1784632374.03423,11244,0,26,0,1.0,0.998,0.999,0.0,1.453,5.961
1784632374.11348,11254,0,26,0,1.0,0.998,0.999,0.0,1.452,5.965
1784632374.184707,11264,0,26,0,1.0,0.998,0.999,0.0,1.452,5.969
1784632374.2357183,11274,0,26,0,1.0,0.998,0.999,0.0,1.451,5.974
1784632374.276133,11284,0,26,0,1.0,0.998,0.999,0.0,1.451,5.978
1784632374.3164074,11294,0,26,0,1.0,0.998,0.999,0.0,1.45,5.982
1784632374.4587486,11304,0,26,0,1.0,0.998,0.999,0.0,1.45,5.986
1784632374.5110188,11314,0,26,0,1.0,0.998,0.999,0.0,1.45,5.989
1784632374.5625186,11324,0,26,0,1.0,0.998,0.999,0.0,1.451,5.992
1784632374.6165094,11334,0,26,0,1.0,0.998,0.999,0.0,1.451,5.994
1784632374.6656904,11344,0,26,0,1.0,0.998,0.999,0.0,1.452,5.997
1784632374.704319,11354,0,26,0,1.0,0.998,0.999,0.0,1.453,6.0
1784632374.7455132,11364,0,26,0,1.0,0.998,0.999,0.0,1.453,6.003
1784632374.7910037,11374,0,26,0,1.0,0.998,0.999,0.0,1.454,6.006
1784632374.835723,11384,0,26,0,1.0,0.998,0.999,0.0,1.454,6.009
1784632374.8802412,11394,0,26,0,1.0,0.998,0.999,0.0,1.454,6.011
1784632374.9316502,11404,0,26,0,1.0,0.998,0.999,0.0,1.455,6.014
1784632374.9661717,11414,0,26,0,1.0,0.998,0.999,0.0,1.455,6.017
1784632375.0210633,11424,0,26,0,1.0,0.998,0.999,0.0,1.456,6.02
1784632375.0662942,11434,0,26,0,1.0,0.998,0.999,0.0,1.456,6.023
1784632375.1097126,11444,0,26,0,1.0,0.998,0.999,0.0,1.457,6.026
1784632375.1504724,11454,0,26,0,1.0,0.998,0.999,0.0,1.457,6.03
1784632375.2003024,11464,0,26,0,1.0,0.998,0.999,0.0,1.457,6.033
1784632375.2500534,11474,0,26,0,1.0,0.998,0.999,0.0,1.458,6.036
1784632375.2964718,11484,0,26,0,1.0,0.998,0.999,0.0,1.458,6.039
1784632375.340974,11494,0,26,0,1.0,0.998,0.999,0.0,1.459,6.042
1784632375.4508371,11504,0,26,0,1.0,0.998,0.999,0.0,1.459,6.045
1784632375.4930832,11514,0,26,0,1.0,0.998,0.999,0.0,1.46,6.048
1784632375.543848,11524,0,26,0,1.0,0.998,0.999,0.0,1.46,6.052
1784632375.6072056,11534,0,26,0,1.0,0.998,0.999,0.0,1.46,6.055
1784632375.6560104,11544,0,26,0,1.0,0.998,0.999,0.0,1.461,6.058
1784632375.6988251,11554,0,26,0,1.0,0.998,0.999,0.0,1.461,6.062
1784632375.7491086,11564,0,26,0,1.0,0.998,0.999,0.0,1.461,6.065
1784632375.7949073,11574,0,26,0,1.0,0.998,0.999,0.0,1.461,6.069
1784632375.8302355,11584,0,26,0,1.0,0.998,0.999,0.0,1.462,6.072
1784632375.8780382,11594,0,26,0,1.0,0.998,0.999,0.0,1.462,6.076
1784632375.9172003,11604,0,26,0,1.0,0.998,0.999,0.0,1.462,6.079
1784632375.9633272,11614,0,26,0,1.0,0.998,0.999,0.0,1.462,6.083
1784632376.0035946,11624,0,26,0,1.0,0.998,0.999,0.0,1.462,6.086
1784632376.059585,11634,0,26,0,1.0,0.998,0.999,0.0,1.463,6.09
1784632376.1110997,11644,0,26,0,1.0,0.998,0.999,0.0,1.463,6.093
1784632376.1662185,11654,0,26,0,1.0,0.998,0.999,0.0,1.463,6.097
1784632376.2113097,11664,0,26,0,1.0,0.998,0.999,0.0,1.463,6.1
1784632376.2963948,11674,0,26,0,1.0,0.998,0.999,0.0,1.464,6.104
1784632376.3704572,11684,0,26,0,1.0,0.998,0.999,0.0,1.464,6.108
1784632376.4424174,11694,0,26,0,1.0,0.998,0.999,0.0,1.464,6.111
1784632376.6972551,11704,0,26,0,1.0,0.998,0.999,0.0,1.465,6.115
1784632376.7835617,11714,0,26,0,1.0,0.998,0.999,0.0,1.465,6.119
1784632376.8804533,11724,0,26,0,1.0,0.998,0.999,0.0,1.465,6.123
1784632376.968695,11734,0,26,0,1.0,0.998,0.999,0.0,1.465,6.127
1784632377.0614185,11744,0,26,0,1.0,0.998,0.999,0.0,1.465,6.131
1784632377.1530745,11754,0,26,0,1.0,0.998,0.999,0.0,1.465,6.136
1784632377.2284641,11764,0,26,0,1.0,0.998,0.999,0.0,1.465,6.14
1784632377.2874231,11774,0,26,0,1.0,0.998,0.999,0.0,1.465,6.144
1784632377.3878174,11784,0,26,0,1.0,0.998,0.999,0.0,1.465,6.149
1784632377.464402,11794,0,26,0,1.0,0.998,0.999,0.0,1.465,6.153
1784632377.5201762,11804,0,26,0,1.0,0.998,0.999,0.0,1.465,6.157
1784632377.5642493,11814,0,26,0,1.0,0.998,0.999,0.0,1.465,6.162
1784632377.6294432,11824,0,26,0,1.0,0.998,0.999,0.0,1.465,6.167
1784632377.6810155,11834,0,26,0,1.0,0.998,0.999,0.0,1.465,6.171
1784632377.73626,11844,0,26,0,1.0,0.998,0.999,0.0,1.465,6.176
1784632377.7835982,11854,0,26,0,1.0,0.998,0.999,0.0,1.465,6.18
1784632377.829202,11864,0,26,0,1.0,0.998,0.999,0.0,1.465,6.185
1784632377.8964756,11874,0,26,0,1.0,0.998,0.999,0.0,1.465,6.19
1784632377.9572358,11884,0,26,0,1.0,0.998,0.999,0.0,1.465,6.194
1784632378.0256999,11894,0,26,0,1.0,0.998,0.999,0.0,1.464,6.199
1784632378.1654768,11904,0,26,0,1.0,0.998,0.999,0.0,1.464,6.204
1784632378.2254307,11914,0,26,0,1.0,0.998,0.999,0.0,1.464,6.209
1784632378.294565,11924,0,26,0,1.0,0.998,0.999,0.0,1.464,6.214
1784632378.3820298,11934,0,26,0,1.0,0.998,0.999,0.0,1.464,6.219
1784632378.4589179,11944,0,26,0,1.0,0.998,0.999,0.0,1.464,6.224
1784632378.5551522,11954,0,26,0,1.0,0.998,0.999,0.0,1.463,6.229
1784632378.6302521,11964,0,26,0,1.0,0.998,0.999,0.0,1.463,6.234
1784632378.691589,11974,0,26,0,1.0,0.998,0.999,0.0,1.463,6.24
1784632378.7380733,11984,0,26,0,1.0,0.998,0.999,0.0,1.463,6.245
1784632378.7891967,11994,0,26,0,1.0,0.998,0.999,0.0,1.463,6.25
1784632378.8407085,12004,0,26,0,1.0,0.998,0.999,0.0,1.462,6.255
1784632378.881579,12014,0,26,0,1.0,0.998,0.999,0.0,1.462,6.261
1784632378.9310856,12024,0,26,0,1.0,0.998,0.999,0.0,1.462,6.266
1784632378.9797375,12034,0,26,0,1.0,0.998,0.999,0.0,1.462,6.272
1784632379.0444596,12044,0,26,0,1.0,0.998,0.999,0.0,1.461,6.277
1784632379.1010447,12054,0,26,0,1.0,0.998,0.999,0.0,1.461,6.282
1784632379.162704,12064,0,26,0,1.0,0.998,0.999,0.0,1.461,6.288
1784632379.219186,12074,0,26,0,1.0,0.998,0.999,0.0,1.461,6.293
1784632379.2837458,12084,0,26,0,1.0,0.998,0.999,0.0,1.46,6.299
1784632379.3362153,12094,0,26,0,1.0,0.998,0.999,0.0,1.46,6.305
1784632379.473011,12104,0,26,0,1.0,0.998,0.999,0.0,1.46,6.31
1784632379.5729444,12114,0,26,0,1.0,0.998,0.999,0.0,1.459,6.316
1784632379.701985,12124,0,26,0,1.0,0.998,0.999,0.0,1.459,6.322
1784632379.8276658,12134,0,26,0,1.0,0.998,0.999,0.0,1.459,6.328
1784632379.9293263,12144,0,26,0,1.0,0.998,0.999,0.0,1.458,6.334
1784632380.0324485,12154,0,26,0,1.0,0.998,0.999,0.0,1.458,6.34
1784632380.1076565,12164,0,26,0,1.0,0.998,0.999,0.0,1.458,6.346
1784632380.1863708,12174,0,26,0,1.0,0.998,0.999,0.0,1.457,6.352
1784632380.3016667,12184,0,26,0,1.0,0.998,0.999,0.0,1.457,6.358
1784632380.38979,12194,0,26,0,1.0,0.998,0.999,0.0,1.457,6.365
1784632380.5046647,12204,0,26,0,1.0,0.998,0.999,0.0,1.457,6.37
1784632380.5955687,12214,0,26,0,1.0,0.998,0.999,0.0,1.457,6.375
1784632380.7094195,12224,0,26,0,1.0,0.998,0.999,0.0,1.458,6.379
1784632380.8150208,12234,0,26,0,1.0,0.998,0.999,0.0,1.458,6.384
1784632380.9166656,12244,0,26,0,1.0,0.998,0.999,0.0,1.459,6.389
1784632380.9948878,12254,0,26,0,1.0,0.998,0.999,0.0,1.459,6.394
1784632381.0494497,12264,0,26,0,1.0,0.998,0.999,0.0,1.46,6.4
1784632381.1037087,12274,0,26,0,1.0,0.998,0.999,0.0,1.46,6.405
1784632381.1450086,12284,0,26,0,1.0,0.998,0.999,0.0,1.461,6.41
1784632381.1965246,12294,0,26,0,1.0,0.998,0.999,0.0,1.461,6.415
1784632381.275457,12304,0,26,0,1.0,0.998,0.999,0.0,1.461,6.42
1784632381.3268933,12314,0,26,0,1.0,0.998,0.999,0.0,1.462,6.425
1784632381.3608625,12324,0,26,0,1.0,0.998,0.999,0.0,1.462,6.431
1784632381.4106858,12334,0,26,0,1.0,0.998,0.999,0.0,1.463,6.436
1784632381.4521973,12344,0,26,0,1.0,0.998,0.999,0.0,1.463,6.441
1784632381.4991179,12354,0,26,0,1.0,0.998,0.999,0.0,1.463,6.446
1784632381.5510108,12364,0,26,0,1.0,0.998,0.999,0.0,1.464,6.452
1784632381.5941145,12374,0,26,0,1.0,0.998,0.999,0.0,1.464,6.457
1784632381.6394103,12384,0,26,0,1.0,0.998,0.999,0.0,1.464,6.462
1784632381.6898665,12394,0,26,0,1.0,0.998,0.999,0.0,1.465,6.468
1784632381.739271,12404,0,26,0,1.0,0.998,0.999,0.0,1.465,6.473
1784632381.780318,12414,0,26,0,1.0,0.998,0.999,0.0,1.465,6.479
1784632381.821465,12424,0,26,0,1.0,0.998,0.999,0.0,1.466,6.484
1784632381.8616652,12434,0,26,0,1.0,0.998,0.999,0.0,1.466,6.49
1784632381.9125955,12444,0,26,0,1.0,0.998,0.999,0.0,1.466,6.495
1784632381.9625998,12454,0,26,0,1.0,0.998,0.999,0.0,1.466,6.501
1784632382.0070775,12464,0,26,0,1.0,0.998,0.999,0.0,1.467,6.506
1784632382.0616243,12474,0,26,0,1.0,0.998,0.999,0.0,1.467,6.512
1784632382.111383,12484,0,26,0,1.0,0.998,0.999,0.0,1.467,6.518
1784632382.1705685,12494,0,26,0,1.0,0.998,0.999,0.0,1.467,6.523
1784632382.2549832,12504,0,26,0,1.0,0.998,0.999,0.0,1.467,6.529
1784632382.305263,12514,0,26,0,1.0,0.998,0.999,0.0,1.468,6.535
1784632382.354429,12524,0,26,0,1.0,0.998,0.999,0.0,1.468,6.54
1784632382.4033208,12534,0,26,0,1.0,0.998,0.999,0.0,1.468,6.546
1784632382.462206,12544,0,26,0,1.0,0.998,0.999,0.0,1.468,6.552
1784632382.48777,12554,0,26,0,1.0,0.998,0.999,0.0,1.468,6.558
1784632382.5390074,12564,0,26,0,1.0,0.998,0.999,0.0,1.469,6.564
1784632382.5826647,12574,0,26,0,1.0,0.998,0.999,0.0,1.469,6.57
1784632382.6367862,12584,0,26,0,1.0,0.998,0.999,0.0,1.469,6.576
1784632382.6889892,12594,0,26,0,1.0,0.998,0.999,0.0,1.469,6.581
1784632382.747958,12604,0,26,0,1.0,0.998,0.999,0.0,1.469,6.587
1784632382.805226,12614,0,26,0,1.0,0.998,0.999,0.0,1.469,6.593
1784632382.8599994,12624,0,26,0,1.0,0.998,0.999,0.0,1.469,6.599
1784632382.9016142,12634,0,26,0,1.0,0.998,0.999,0.0,1.469,6.605
1784632382.9473932,12644,0,26,0,1.0,0.998,0.999,0.0,1.469,6.612
1784632382.991069,12654,0,26,0,1.0,0.998,0.999,0.0,1.469,6.618
1784632383.0587456,12664,0,26,0,1.0,0.998,0.999,0.0,1.469,6.624
1784632383.1560383,12674,0,26,0,1.0,0.998,0.999,0.0,1.469,6.63
1784632383.244196,12684,0,26,0,1.0,0.998,0.999,0.0,1.469,6.636
1784632383.3482115,12694,0,26,0,1.0,0.998,0.999,0.0,1.469,6.642
1784632383.884117,12704,0,26,0,1.0,0.998,0.999,0.0,1.469,6.649
1784632383.9645066,12714,0,26,0,1.0,0.998,0.999,0.0,1.469,6.656
1784632384.070517,12724,0,26,0,1.0,0.998,0.999,0.0,1.469,6.663
1784632384.1422489,12734,0,26,0,1.0,0.998,0.999,0.0,1.469,6.669
1784632384.2236671,12744,0,26,0,1.0,0.998,0.999,0.0,1.469,6.676
1784632384.2541776,12754,0,26,0,1.0,0.998,0.999,0.0,1.469,6.683
1784632384.3114347,12764,0,26,0,1.0,0.998,0.999,0.0,1.469,6.69
1784632384.3697605,12774,0,26,0,1.0,0.998,0.999,0.0,1.469,6.697
1784632384.4299505,12784,0,26,0,1.0,0.998,0.999,0.0,1.468,6.704
1784632384.483421,12794,0,26,0,1.0,0.998,0.999,0.0,1.468,6.711
1784632384.5380003,12804,0,26,0,1.0,0.998,0.999,0.0,1.468,6.718
1784632384.5880334,12814,0,26,0,1.0,0.998,0.999,0.0,1.468,6.726
1784632384.6383164,12824,0,26,0,1.0,0.998,0.999,0.0,1.468,6.733
1784632384.6852045,12834,0,26,0,1.0,0.998,0.999,0.0,1.467,6.74
1784632384.733105,12844,0,26,0,1.0,0.998,0.999,0.0,1.467,6.747
1784632384.7820194,12854,0,26,0,1.0,0.998,0.999,0.0,1.467,6.754
1784632384.8339195,12864,0,26,0,1.0,0.998,0.999,0.0,1.467,6.761
1784632384.8773541,12874,0,26,0,1.0,0.998,0.999,0.0,1.466,6.769
1784632384.9287426,12884,0,26,0,1.0,0.998,0.999,0.0,1.466,6.776
1784632384.9837,12894,0,26,0,1.0,0.998,0.999,0.0,1.465,6.783
1784632385.0710528,12904,0,26,0,1.0,0.998,0.999,0.0,1.465,6.79
1784632385.1162596,12914,0,26,0,1.0,0.998,0.999,0.0,1.464,6.798
1784632385.1705518,12924,0,26,0,1.0,0.998,0.999,0.0,1.464,6.805
1784632385.2238314,12934,0,26,0,1.0,0.998,0.999,0.0,1.464,6.813
1784632385.2759633,12944,0,26,0,1.0,0.998,0.999,0.0,1.463,6.82
1784632385.3239818,12954,0,26,0,1.0,0.998,0.999,0.0,1.462,6.828
1784632385.3717082,12964,0,26,0,1.0,0.998,0.999,0.0,1.462,6.835
1784632385.413056,12974,0,26,0,1.0,0.998,0.999,0.0,1.461,6.843
1784632385.4677448,12984,0,26,0,1.0,0.998,0.999,0.0,1.46,6.85
1784632385.5215132,12994,0,26,0,1.0,0.998,0.999,0.0,1.46,6.857
1784632385.5832736,13004,0,26,0,1.0,0.998,0.999,0.0,1.46,6.863
1784632385.6528547,13014,0,26,0,1.0,0.998,0.999,0.0,1.461,6.869
1784632385.6993608,13024,0,26,0,1.0,0.998,0.999,0.0,1.461,6.875
1784632385.7477722,13034,0,26,0,1.0,0.998,0.999,0.0,1.462,6.881
1784632385.8180447,13044,0,26,0,1.0,0.998,0.999,0.0,1.462,6.887
1784632385.8697884,13054,0,26,0,1.0,0.998,0.999,0.0,1.463,6.893
1784632385.9178843,13064,0,26,0,1.0,0.998,0.999,0.0,1.463,6.9
1784632385.966403,13074,0,26,0,1.0,0.998,0.999,0.0,1.463,6.906
1784632386.007393,13084,0,26,0,1.0,0.998,0.999,0.0,1.463,6.912
1784632386.0487757,13094,0,26,0,1.0,0.998,0.999,0.0,1.464,6.918
1784632386.144633,13104,0,26,0,1.0,0.998,0.999,0.0,1.464,6.924
1784632386.178519,13114,0,26,0,1.0,0.998,0.999,0.0,1.464,6.93
1784632386.2173495,13124,0,26,0,1.0,0.998,0.999,0.0,1.464,6.936
1784632386.263323,13134,0,26,0,1.0,0.998,0.999,0.0,1.465,6.943
1784632386.3117387,13144,0,26,0,1.0,0.998,0.999,0.0,1.465,6.949
1784632386.3996131,13154,0,26,0,1.0,0.998,0.999,0.0,1.465,6.955
1784632386.5047674,13164,0,26,0,1.0,0.998,0.999,0.0,1.465,6.961
1784632386.6297297,13174,0,26,0,1.0,0.998,0.999,0.0,1.465,6.968
1784632386.6901815,13184,0,26,0,1.0,0.998,0.999,0.0,1.466,6.974
1784632386.7763517,13194,0,26,0,1.0,0.998,0.999,0.0,1.466,6.98
1784632386.894396,13204,0,26,0,1.0,0.998,0.999,0.0,1.466,6.987
1784632386.995894,13214,0,26,0,1.0,0.998,0.999,0.0,1.466,6.993
1784632387.067847,13224,0,26,0,1.0,0.998,0.999,0.0,1.466,7.0
1784632387.1477108,13234,0,26,0,1.0,0.998,0.999,0.0,1.467,7.007
1784632387.227653,13244,0,26,0,1.0,0.998,0.999,0.0,1.467,7.013
1784632387.2708697,13254,0,26,0,1.0,0.998,0.999,0.0,1.467,7.02
1784632387.3190458,13264,0,26,0,1.0,0.998,0.999,0.0,1.467,7.027
1784632387.371608,13274,0,26,0,1.0,0.998,0.999,0.0,1.467,7.034
1784632387.4445922,13284,0,26,0,1.0,0.998,0.999,0.0,1.467,7.04
1784632387.4758716,13294,0,26,0,1.0,0.998,0.999,0.0,1.468,7.047
1784632387.7076523,13304,0,26,0,1.0,0.998,0.999,0.0,1.468,7.054
1784632387.7954268,13314,0,26,0,1.0,0.998,0.999,0.0,1.468,7.061
1784632387.8929355,13324,0,26,0,1.0,0.998,0.999,0.0,1.468,7.068
1784632387.9346604,13334,0,26,0,1.0,0.998,0.999,0.0,1.468,7.075
1784632387.9758906,13344,0,26,0,1.0,0.998,0.999,0.0,1.468,7.082
1784632388.0059524,13354,0,26,0,1.0,0.998,0.999,0.0,1.468,7.089
1784632388.0287275,13364,0,26,0,1.0,0.998,0.999,0.0,1.468,7.096
1784632388.0549736,13374,0,26,0,1.0,0.998,0.999,0.0,1.468,7.103
1784632388.0810764,13384,0,26,0,1.0,0.998,0.999,0.0,1.468,7.111
1784632388.1029851,13394,0,26,0,1.0,0.998,0.999,0.0,1.468,7.118
1784632388.125092,13404,0,26,0,1.0,0.998,0.999,0.0,1.468,7.125
1784632388.1564012,13414,0,26,0,1.0,0.998,0.999,0.0,1.468,7.132
1784632388.1823215,13424,0,26,0,1.0,0.998,0.999,0.0,1.468,7.139
1784632388.2199733,13434,0,26,0,1.0,0.998,0.999,0.0,1.467,7.146
1784632388.2605708,13444,0,26,0,1.0,0.998,0.999,0.0,1.467,7.153
1784632388.2988951,13454,0,26,0,1.0,0.998,0.999,0.0,1.467,7.16
1784632388.3502517,13464,0,26,0,1.0,0.998,0.999,0.0,1.466,7.168
1784632388.3980656,13474,0,26,0,1.0,0.998,0.999,0.0,1.466,7.175
1784632388.4485855,13484,0,26,0,1.0,0.998,0.999,0.0,1.466,7.182
1784632388.4833827,13494,0,26,0,1.0,0.998,0.999,0.0,1.465,7.189
1784632388.5770757,13504,0,26,0,1.0,0.998,0.999,0.0,1.465,7.197
1784632388.6315498,13514,0,26,0,1.0,0.998,0.999,0.0,1.465,7.204
1784632388.6801476,13524,0,26,0,1.0,0.998,0.999,0.0,1.464,7.211
1784632388.7106068,13534,0,26,0,1.0,0.998,0.999,0.0,1.464,7.218
1784632388.7447608,13544,0,26,0,1.0,0.998,0.999,0.0,1.463,7.226
1784632388.7873185,13554,0,26,0,1.0,0.998,0.999,0.0,1.463,7.233
1784632388.8221014,13564,0,26,0,1.0,0.998,0.999,0.0,1.462,7.241
1784632388.880146,13574,0,26,0,1.0,0.998,0.999,0.0,1.462,7.248
1784632388.9333434,13584,0,26,0,1.0,0.998,0.999,0.0,1.462,7.254
1784632388.9807076,13594,0,26,0,1.0,0.998,0.999,0.0,1.463,7.26
1784632389.0280519,13604,0,26,0,1.0,0.998,0.999,0.0,1.463,7.266
1784632389.060449,13614,0,26,0,1.0,0.998,0.999,0.0,1.463,7.272
1784632389.0945785,13624,0,26,0,1.0,0.998,0.999,0.0,1.464,7.278
1784632389.1254876,13634,0,26,0,1.0,0.998,0.999,0.0,1.464,7.284
1784632389.1630278,13644,0,26,0,1.0,0.998,0.999,0.0,1.465,7.29
1784632389.2065616,13654,0,26,0,1.0,0.998,0.999,0.0,1.465,7.296
1784632389.2565587,13664,0,26,0,1.0,0.998,0.999,0.0,1.466,7.302
1784632389.3120582,13674,0,26,0,1.0,0.998,0.999,0.0,1.466,7.308
1784632389.3593087,13684,0,26,0,1.0,0.998,0.999,0.0,1.466,7.314
1784632389.388978,13694,0,26,0,1.0,0.998,0.999,0.0,1.467,7.32
1784632389.4842627,13704,0,26,0,1.0,0.998,0.999,0.0,1.467,7.326
1784632389.5175414,13714,0,26,0,1.0,0.998,0.999,0.0,1.467,7.332
1784632389.5516768,13724,0,26,0,1.0,0.998,0.999,0.0,1.467,7.338
1784632389.5863903,13734,0,26,0,1.0,0.998,0.999,0.0,1.467,7.345
1784632389.6349442,13744,0,26,0,1.0,0.998,0.999,0.0,1.467,7.351
1784632389.6971493,13754,0,26,0,1.0,0.998,0.999,0.0,1.467,7.357
1784632389.7479966,13764,0,26,0,1.0,0.998,0.999,0.0,1.467,7.363
1784632389.779549,13774,0,26,0,1.0,0.998,0.999,0.0,1.467,7.369
1784632389.8020334,13784,0,26,0,1.0,0.998,0.999,0.0,1.467,7.376
1784632389.8521323,13794,0,26,0,1.0,0.998,0.999,0.0,1.467,7.382
1784632389.8950887,13804,0,26,0,1.0,0.998,0.999,0.0,1.467,7.388
1784632389.960996,13814,0,26,0,1.0,0.998,0.999,0.0,1.467,7.394
1784632390.0349345,13824,0,26,0,1.0,0.998,0.999,0.0,1.467,7.401
1784632390.0599837,13834,0,26,0,1.0,0.998,0.999,0.0,1.467,7.407
1784632390.0900304,13844,0,26,0,1.0,0.998,0.999,0.0,1.467,7.414
1784632390.1918883,13854,0,26,0,1.0,0.998,0.999,0.0,1.467,7.42
1784632390.2984376,13864,0,26,0,1.0,0.998,0.999,0.0,1.467,7.426
1784632390.3835077,13874,0,26,0,1.0,0.998,0.999,0.0,1.466,7.433
1784632390.439703,13884,0,26,0,1.0,0.998,0.999,0.0,1.466,7.439
1784632390.4813242,13894,0,26,0,1.0,0.998,0.999,0.0,1.466,7.446
1784632390.78493,13904,0,26,0,1.0,0.998,0.999,0.0,1.465,7.453
1784632390.8181403,13914,0,26,0,1.0,0.998,0.999,0.0,1.465,7.459
1784632390.864446,13924,0,26,0,1.0,0.998,0.999,0.0,1.465,7.466
1784632390.9079833,13934,0,26,0,1.0,0.998,0.999,0.0,1.464,7.473
1784632390.946553,13944,0,26,0,1.0,0.998,0.999,0.0,1.464,7.48
1784632390.9876595,13954,0,26,0,1.0,0.998,0.999,0.0,1.463,7.487
1784632391.01353,13964,0,26,0,1.0,0.998,0.999,0.0,1.463,7.493
1784632391.0563676,13974,0,26,0,1.0,0.998,0.999,0.0,1.462,7.5
1784632391.0940394,13984,0,26,0,1.0,0.998,0.999,0.0,1.462,7.507
1784632391.130311,13994,0,26,0,1.0,0.998,0.999,0.0,1.461,7.514
1784632391.1673508,14004,0,26,0,1.0,0.998,0.999,0.0,1.461,7.521
1784632391.2132196,14014,0,26,0,1.0,0.998,0.999,0.0,1.461,7.528
1784632391.2620084,14024,0,26,0,1.0,0.998,0.999,0.0,1.46,7.535
1784632391.3263934,14034,0,26,0,1.0,0.998,0.999,0.0,1.46,7.541
1784632391.3705668,14044,0,26,0,1.0,0.998,0.999,0.0,1.459,7.548
1784632391.4121947,14054,0,26,0,1.0,0.998,0.999,0.0,1.459,7.555
1784632391.4519143,14064,0,26,0,1.0,0.998,0.999,0.0,1.458,7.562
1784632391.4941058,14074,0,26,0,1.0,0.998,0.999,0.0,1.458,7.569
1784632391.5370653,14084,0,26,0,1.0,0.998,0.999,0.0,1.458,7.576
1784632391.565376,14094,0,26,0,1.0,0.998,0.999,0.0,1.457,7.583
1784632391.6492403,14104,0,26,0,1.0,0.998,0.999,0.0,1.457,7.59
1784632391.6767244,14114,0,26,0,1.0,0.998,0.999,0.0,1.456,7.597
1784632391.7154493,14124,0,26,0,1.0,0.998,0.999,0.0,1.455,7.604
1784632391.7521195,14134,0,26,0,1.0,0.998,0.999,0.0,1.455,7.611
1784632391.7848947,14144,0,26,0,1.0,0.998,0.999,0.0,1.454,7.618
1784632391.81849,14154,0,26,0,1.0,0.998,0.999,0.0,1.455,7.624
1784632391.8655188,14164,0,26,0,1.0,0.998,0.999,0.0,1.455,7.63
1784632391.9239695,14174,0,26,0,1.0,0.998,0.999,0.0,1.455,7.635
1784632391.980232,14184,0,26,0,1.0,0.998,0.999,0.0,1.456,7.641
1784632392.034601,14194,0,26,0,1.0,0.998,0.999,0.0,1.456,7.647
1784632392.0675116,14204,0,26,0,1.0,0.998,0.999,0.0,1.456,7.652
1784632392.1072242,14214,0,26,0,1.0,0.998,0.999,0.0,1.457,7.658
1784632392.1362329,14224,0,26,0,1.0,0.998,0.999,0.0,1.457,7.664
1784632392.1779306,14234,0,26,0,1.0,0.998,0.999,0.0,1.457,7.67
1784632392.205419,14244,0,26,0,1.0,0.998,0.999,0.0,1.458,7.675
1784632392.234973,14254,0,26,0,1.0,0.998,0.999,0.0,1.458,7.681
1784632392.2796419,14264,0,26,0,1.0,0.998,0.999,0.0,1.458,7.687
1784632392.3209164,14274,0,26,0,1.0,0.998,0.999,0.0,1.459,7.693
1784632392.3691936,14284,0,26,0,1.0,0.998,0.999,0.0,1.459,7.698
1784632392.4106998,14294,0,26,0,1.0,0.998,0.999,0.0,1.459,7.704
1784632392.548256,14304,0,26,0,1.0,0.998,0.999,0.0,1.46,7.71
1784632392.6495686,14314,0,26,0,1.0,0.998,0.999,0.0,1.46,7.716
1784632392.6883528,14324,0,26,0,1.0,0.998,0.999,0.0,1.46,7.722
1784632392.7349482,14334,0,26,0,1.0,0.998,0.999,0.0,1.461,7.728
1784632392.8017793,14344,0,26,0,1.0,0.998,0.999,0.0,1.461,7.734
1784632392.8953834,14354,0,26,0,1.0,0.998,0.999,0.0,1.461,7.74
1784632393.0258775,14364,0,26,0,1.0,0.998,0.999,0.0,1.461,7.746
1784632393.1488206,14374,0,26,0,1.0,0.998,0.999,0.0,1.462,7.752
1784632393.2204893,14384,0,26,0,1.0,0.998,0.999,0.0,1.462,7.758
1784632393.2562742,14394,0,26,0,1.0,0.998,0.999,0.0,1.462,7.765
1784632393.397666,14404,0,26,0,1.0,0.998,0.999,0.0,1.462,7.771
1784632393.483238,14414,0,26,0,1.0,0.998,0.999,0.0,1.462,7.777
1784632393.556159,14424,0,26,0,1.0,0.998,0.999,0.0,1.462,7.784
1784632393.5856373,14434,0,26,0,1.0,0.998,0.999,0.0,1.462,7.79
1784632393.6579428,14444,0,26,0,1.0,0.998,0.999,0.0,1.462,7.796
1784632393.7044194,14454,0,26,0,1.0,0.998,0.999,0.0,1.462,7.803
1784632393.7408464,14464,0,26,0,1.0,0.998,0.999,0.0,1.462,7.809
1784632393.7765653,14474,0,26,0,1.0,0.998,0.999,0.0,1.462,7.816
1784632393.8058193,14484,0,26,0,1.0,0.998,0.999,0.0,1.462,7.822
1784632393.8310518,14494,0,26,0,1.0,0.998,0.999,0.0,1.462,7.829
1784632393.9269083,14504,0,26,0,1.0,0.998,0.999,0.0,1.462,7.835
1784632393.9549246,14514,0,26,0,1.0,0.998,0.999,0.0,1.462,7.842
1784632394.0039074,14524,0,26,0,1.0,0.998,0.999,0.0,1.462,7.848
1784632394.0402093,14534,0,26,0,1.0,0.998,0.999,0.0,1.462,7.855
1784632394.070789,14544,0,26,0,1.0,0.998,0.999,0.0,1.462,7.862
1784632394.1050308,14554,0,26,0,1.0,0.998,0.999,0.0,1.462,7.868
1784632394.1432028,14564,0,26,0,1.0,0.998,0.999,0.0,1.462,7.875
1784632394.1762383,14574,0,26,0,1.0,0.998,0.999,0.0,1.462,7.881
1784632394.2088547,14584,0,26,0,1.0,0.998,0.999,0.0,1.462,7.888
1784632394.2443943,14594,0,26,0,1.0,0.998,0.999,0.0,1.462,7.895
1784632394.289443,14604,0,26,0,1.0,0.998,0.999,0.0,1.462,7.901
1784632394.3225834,14614,0,26,0,1.0,0.998,0.999,0.0,1.462,7.908
1784632394.3493001,14624,0,26,0,1.0,0.998,0.999,0.0,1.461,7.915
1784632394.3862915,14634,0,26,0,1.0,0.998,0.999,0.0,1.461,7.921
1784632394.4312203,14644,0,26,0,1.0,0.998,0.999,0.0,1.461,7.928
1784632394.4755456,14654,0,26,0,1.0,0.998,0.999,0.0,1.461,7.935
1784632394.5171556,14664,0,26,0,1.0,0.998,0.999,0.0,1.461,7.941
1784632394.5532305,14674,0,26,0,1.0,0.998,0.999,0.0,1.461,7.948
1784632394.584063,14684,0,26,0,1.0,0.998,0.999,0.0,1.461,7.955
1784632394.6149542,14694,0,26,0,1.0,0.998,0.999,0.0,1.461,7.961
1784632394.7108462,14704,0,26,0,1.0,0.998,0.999,0.0,1.461,7.968
1784632394.7502203,14714,0,26,0,1.0,0.998,0.999,0.0,1.461,7.975
1784632394.7923641,14724,0,26,0,1.0,0.998,0.999,0.0,1.461,7.982
1784632394.819411,14734,0,26,0,1.0,0.998,0.999,0.0,1.461,7.988
1784632394.861734,14744,0,26,0,1.0,0.998,0.999,0.0,1.461,7.995
1784632394.8961482,14754,0,26,0,1.0,0.998,0.999,0.0,1.461,8.002
1784632394.9320588,14764,0,26,0,1.0,0.998,0.999,0.0,1.46,8.009
1784632394.9643726,14774,0,26,0,1.0,0.998,0.999,0.0,1.46,8.016
1784632394.9886467,14784,0,26,0,1.0,0.998,0.999,0.0,1.46,8.022
1784632395.04113,14794,0,26,0,1.0,0.998,0.999,0.0,1.46,8.029
1784632395.101088,14804,0,26,0,1.0,0.998,0.999,0.0,1.46,8.036
1784632395.1445487,14814,0,26,0,1.0,0.998,0.999,0.0,1.46,8.043
1784632395.1923397,14824,0,26,0,1.0,0.998,0.999,0.0,1.46,8.05
1784632395.2394273,14834,0,26,0,1.0,0.998,0.999,0.0,1.46,8.057
1784632395.2778027,14844,0,26,0,1.0,0.998,0.999,0.0,1.46,8.064
1784632395.3136325,14854,0,26,0,1.0,0.998,0.999,0.0,1.46,8.071
1784632395.3600452,14864,0,26,0,1.0,0.998,0.999,0.0,1.46,8.078
1784632395.385731,14874,0,26,0,1.0,0.998,0.999,0.0,1.459,8.085
1784632395.4114897,14884,0,26,0,1.0,0.998,0.999,0.0,1.459,8.091
1784632395.431763,14894,0,26,0,1.0,0.998,0.999,0.0,1.459,8.098
1784632395.5924957,14904,0,26,0,1.0,0.998,0.999,0.0,1.459,8.105
1784632395.6447022,14914,0,26,0,1.0,0.998,0.999,0.0,1.459,8.112
1784632395.6888595,14924,0,26,0,1.0,0.998,0.999,0.0,1.459,8.119
1784632395.7415564,14934,0,26,0,1.0,0.998,0.999,0.0,1.459,8.126
1784632395.821155,14944,0,26,0,1.0,0.998,0.999,0.0,1.459,8.134
1784632395.8975356,14954,0,26,0,1.0,0.998,0.999,0.0,1.458,8.141
1784632395.974963,14964,0,26,0,1.0,0.998,0.999,0.0,1.458,8.148
1784632396.122359,14974,0,26,0,1.0,0.998,0.999,0.0,1.458,8.155
1784632396.2289321,14984,0,26,0,1.0,0.998,0.999,0.0,1.458,8.162
1784632396.3322716,14994,0,26,0,1.0,0.998,0.999,0.0,1.458,8.17
1784632396.4023767,15004,0,26,0,1.0,0.998,0.999,0.0,1.458,8.177
1784632396.487724,15014,0,26,0,1.0,0.998,0.999,0.0,1.457,8.184
1784632396.5706792,15024,0,26,0,1.0,0.998,0.999,0.0,1.457,8.192
1784632396.668128,15034,0,26,0,1.0,0.998,0.999,0.0,1.457,8.199
1784632396.747094,15044,0,26,0,1.0,0.998,0.999,0.0,1.457,8.207
1784632396.8274932,15054,0,26,0,1.0,0.998,0.999,0.0,1.457,8.214
1784632396.8786094,15064,0,26,0,1.0,0.998,0.999,0.0,1.457,8.222
1784632396.9243662,15074,0,26,0,1.0,0.998,0.999,0.0,1.456,8.23
1784632396.97167,15084,0,26,0,1.0,0.998,0.999,0.0,1.456,8.237
1784632397.001305,15094,0,26,0,1.0,0.998,0.999,0.0,1.456,8.245
1784632397.3203716,15104,0,26,0,1.0,0.998,0.999,0.0,1.456,8.252
1784632397.378894,15114,0,26,0,1.0,0.998,0.999,0.0,1.456,8.26
1784632397.4244454,15124,0,26,0,1.0,0.998,0.999,0.0,1.456,8.268
1784632397.463797,15134,0,26,0,1.0,0.998,0.999,0.0,1.455,8.276
1784632397.5185442,15144,0,26,0,1.0,0.998,0.999,0.0,1.455,8.284
1784632397.5776215,15154,0,26,0,1.0,0.998,0.999,0.0,1.455,8.292
1784632397.6401377,15164,0,26,0,1.0,0.998,0.999,0.0,1.455,8.299
1784632397.693229,15174,0,26,0,1.0,0.998,0.999,0.0,1.455,8.307
1784632397.7475345,15184,0,26,0,1.0,0.998,0.999,0.0,1.455,8.315
1784632397.8066764,15194,0,26,0,1.0,0.998,0.999,0.0,1.454,8.323
1784632397.861808,15204,0,26,0,1.0,0.998,0.999,0.0,1.454,8.331
1784632397.9312649,15214,0,26,0,1.0,0.998,0.999,0.0,1.454,8.339
1784632397.9849164,15224,0,26,0,1.0,0.998,0.999,0.0,1.454,8.346
1784632398.0392828,15234,0,26,0,1.0,0.998,0.999,0.0,1.455,8.353
1784632398.0848114,15244,0,26,0,1.0,0.998,0.999,0.0,1.455,8.36
1784632398.1167648,15254,0,26,0,1.0,0.998,0.999,0.0,1.455,8.366
1784632398.1585512,15264,0,26,0,1.0,0.998,0.999,0.0,1.456,8.373
1784632398.207237,15274,0,26,0,1.0,0.998,0.999,0.0,1.456,8.38
1784632398.239975,15284,0,26,0,1.0,0.998,0.999,0.0,1.457,8.386
1784632398.2663746,15294,0,26,0,1.0,0.998,0.999,0.0,1.457,8.393
1784632398.4217992,15304,0,26,0,1.0,0.998,0.999,0.0,1.457,8.4
1784632398.4591095,15314,0,26,0,1.0,0.998,0.999,0.0,1.458,8.407
1784632398.4967346,15324,0,26,0,1.0,0.998,0.999,0.0,1.458,8.413
1784632398.5483377,15334,0,26,0,1.0,0.998,0.999,0.0,1.459,8.42
1784632398.5803783,15344,0,26,0,1.0,0.998,0.999,0.0,1.459,8.427
1784632398.6164823,15354,0,26,0,1.0,0.998,0.999,0.0,1.459,8.434
1784632398.6602502,15364,0,26,0,1.0,0.998,0.999,0.0,1.46,8.441
1784632398.6827323,15374,0,26,0,1.0,0.998,0.999,0.0,1.46,8.447
1784632398.7178495,15384,0,26,0,1.0,0.998,0.999,0.0,1.461,8.454
1784632398.7536867,15394,0,26,0,1.0,0.998,0.999,0.0,1.461,8.461
1784632398.7940805,15404,0,26,0,1.0,0.998,0.999,0.0,1.461,8.468
1784632398.8305764,15414,0,26,0,1.0,0.998,0.999,0.0,1.462,8.475
1784632398.8555894,15424,0,26,0,1.0,0.998,0.999,0.0,1.462,8.482
1784632398.8844187,15434,0,26,0,1.0,0.998,0.999,0.0,1.463,8.488
1784632398.9260523,15444,0,26,0,1.0,0.998,0.999,0.0,1.463,8.495
1784632398.9693663,15454,0,26,0,1.0,0.998,0.999,0.0,1.464,8.502
1784632398.9974108,15464,0,26,0,1.0,0.998,0.999,0.0,1.464,8.509
1784632399.0432482,15474,0,26,0,1.0,0.998,0.999,0.0,1.464,8.516
1784632399.0981421,15484,0,26,0,1.0,0.998,0.999,0.0,1.465,8.523
1784632399.1348498,15494,0,26,0,1.0,0.998,0.999,0.0,1.465,8.529
1784632399.2549388,15504,0,26,0,1.0,0.998,0.999,0.0,1.465,8.536
1784632399.3003376,15514,0,26,0,1.0,0.998,0.999,0.0,1.466,8.543
1784632399.3814173,15524,0,26,0,1.0,0.998,0.999,0.0,1.466,8.55
1784632399.429989,15534,0,26,0,1.0,0.998,0.999,0.0,1.466,8.557
1784632399.4947615,15544,0,26,0,1.0,0.998,0.999,0.0,1.467,8.564
1784632399.5518758,15554,0,26,0,1.0,0.998,0.999,0.0,1.467,8.571
1784632399.6347132,15564,0,26,0,1.0,0.998,0.999,0.0,1.467,8.579
1784632399.6916132,15574,0,26,0,1.0,0.998,0.999,0.0,1.468,8.586
1784632399.7846622,15584,0,26,0,1.0,0.998,0.999,0.0,1.468,8.593
1784632399.8261552,15594,0,26,0,1.0,0.998,0.999,0.0,1.468,8.6
1784632399.8584766,15604,0,26,0,1.0,0.998,0.999,0.0,1.469,8.607
1784632399.9038157,15614,0,26,0,1.0,0.998,0.999,0.0,1.469,8.614
1784632399.9453053,15624,0,26,0,1.0,0.998,0.999,0.0,1.469,8.622
1784632399.9812977,15634,0,26,0,1.0,0.998,0.999,0.0,1.469,8.629
1784632400.0100124,15644,0,26,0,1.0,0.998,0.999,0.0,1.47,8.636
1784632400.064009,15654,0,26,0,1.0,0.998,0.999,0.0,1.47,8.643
1784632400.1101055,15664,0,26,0,1.0,0.998,0.999,0.0,1.47,8.65
1784632400.1467628,15674,0,26,0,1.0,0.998,0.999,0.0,1.471,8.658
1784632400.17933,15684,0,26,0,1.0,0.998,0.999,0.0,1.471,8.665
1784632400.2139,15694,0,26,0,1.0,0.998,0.999,0.0,1.471,8.672
1784632400.319323,15704,0,26,0,1.0,0.998,0.999,0.0,1.472,8.679
1784632400.3548384,15714,0,26,0,1.0,0.998,0.999,0.0,1.472,8.687
1784632400.3840806,15724,0,26,0,1.0,0.998,0.999,0.0,1.472,8.694
1784632400.4225526,15734,0,26,0,1.0,0.998,0.999,0.0,1.473,8.701
1784632400.4501584,15744,0,26,0,1.0,0.998,0.999,0.0,1.473,8.709
1784632400.4777792,15754,0,26,0,1.0,0.998,0.999,0.0,1.473,8.716
1784632400.5178533,15764,0,26,0,1.0,0.998,0.999,0.0,1.473,8.723
1784632400.5446599,15774,0,26,0,1.0,0.998,0.999,0.0,1.474,8.731
1784632400.570586,15784,0,26,0,1.0,0.998,0.999,0.0,1.474,8.738
1784632400.603519,15794,0,26,0,1.0,0.998,0.999,0.0,1.474,8.745
1784632400.650876,15804,0,26,0,1.0,0.998,0.999,0.0,1.475,8.753
1784632400.6781983,15814,0,26,0,1.0,0.998,0.999,0.0,1.475,8.76
1784632400.711635,15824,0,26,0,1.0,0.998,0.999,0.0,1.475,8.768
1784632400.7550092,15834,0,26,0,1.0,0.998,0.999,0.0,1.475,8.775
1784632400.7925398,15844,0,26,0,1.0,0.998,0.999,0.0,1.476,8.782
1784632400.8365748,15854,0,26,0,1.0,0.998,0.999,0.0,1.476,8.79
1784632400.8658273,15864,0,26,0,1.0,0.998,0.999,0.0,1.476,8.797
1784632400.9109762,15874,0,26,0,1.0,0.998,0.999,0.0,1.476,8.805
1784632400.938662,15884,0,26,0,1.0,0.998,0.999,0.0,1.477,8.812
1784632400.9776561,15894,0,26,0,1.0,0.998,0.999,0.0,1.477,8.819
1784632401.081325,15904,0,26,0,1.0,0.998,0.999,0.0,1.477,8.827
1784632401.138935,15914,0,26,0,1.0,0.998,0.999,0.0,1.477,8.834
1784632401.1811366,15924,0,26,0,1.0,0.998,0.999,0.0,1.477,8.842
1784632401.2223806,15934,0,26,0,1.0,0.998,0.999,0.0,1.477,8.849
1784632401.2611492,15944,0,26,0,1.0,0.998,0.999,0.0,1.478,8.857
1784632401.2976139,15954,0,26,0,1.0,0.998,0.999,0.0,1.478,8.864
1784632401.3424563,15964,0,26,0,1.0,0.998,0.999,0.0,1.478,8.872
1784632401.3793607,15974,0,26,0,1.0,0.998,0.999,0.0,1.478,8.879
1784632401.4124615,15984,0,26,0,1.0,0.998,0.999,0.0,1.478,8.887
1784632401.4491763,15994,0,26,0,1.0,0.998,0.999,0.0,1.478,8.894
1784632401.4953823,16004,0,26,0,1.0,0.998,0.999,0.0,1.478,8.902
1784632401.5226119,16014,0,26,0,1.0,0.998,0.999,0.0,1.479,8.91
1784632401.548157,16024,0,26,0,1.0,0.998,0.999,0.0,1.479,8.917
1784632401.59306,16034,0,26,0,1.0,0.998,0.999,0.0,1.479,8.925
1784632401.6318154,16044,0,26,0,1.0,0.998,0.999,0.0,1.479,8.932
1784632401.67325,16054,0,26,0,1.0,0.998,0.999,0.0,1.479,8.94
1784632401.7188816,16064,0,26,0,1.0,0.998,0.999,0.0,1.479,8.947
1784632401.7579694,16074,0,26,0,1.0,0.998,0.999,0.0,1.479,8.955
1784632401.8029482,16084,0,26,0,1.0,0.998,0.999,0.0,1.48,8.963
1784632401.8561456,16094,0,26,0,1.0,0.998,0.999,0.0,1.48,8.97
1784632402.4040146,16104,0,26,0,1.0,0.998,0.999,0.0,1.48,8.978
1784632402.4574273,16114,0,26,0,1.0,0.998,0.999,0.0,1.48,8.986
1784632402.5024896,16124,0,26,0,1.0,0.998,0.999,0.0,1.48,8.994
1784632402.5341375,16134,0,26,0,1.0,0.998,0.999,0.0,1.48,9.002
1784632402.5651925,16144,0,26,0,1.0,0.998,0.999,0.0,1.48,9.01
1784632402.6051154,16154,0,26,0,1.0,0.998,0.999,0.0,1.481,9.018
1784632402.6406114,16164,0,26,0,1.0,0.998,0.999,0.0,1.481,9.026
1784632402.6812913,16174,0,26,0,1.0,0.998,0.999,0.0,1.481,9.034
1784632402.7110012,16184,0,26,0,1.0,0.998,0.999,0.0,1.481,9.042
1784632402.750855,16194,0,26,0,1.0,0.998,0.999,0.0,1.481,9.05
1784632402.7886686,16204,0,26,0,1.0,0.998,0.999,0.0,1.481,9.058
1784632402.8269958,16214,0,26,0,1.0,0.998,0.999,0.0,1.481,9.066
1784632402.858443,16224,0,26,0,1.0,0.998,0.999,0.0,1.481,9.074
1784632402.8949559,16234,0,26,0,1.0,0.998,0.999,0.0,1.481,9.082
1784632402.9326727,16244,0,26,0,1.0,0.998,0.999,0.0,1.482,9.09
1784632402.960022,16254,0,26,0,1.0,0.998,0.999,0.0,1.482,9.098
1784632402.9831758,16264,0,26,0,1.0,0.998,0.999,0.0,1.482,9.106
1784632403.0071352,16274,0,26,0,1.0,0.998,0.999,0.0,1.482,9.114
1784632403.030381,16284,0,26,0,1.0,0.998,0.999,0.0,1.482,9.122
1784632403.0614464,16294,0,26,0,1.0,0.998,0.999,0.0,1.482,9.13
1784632403.1770287,16304,0,26,0,1.0,0.998,0.999,0.0,1.482,9.139
1784632403.2169373,16314,0,26,0,1.0,0.998,0.999,0.0,1.482,9.147
1784632403.256329,16324,0,26,0,1.0,0.998,0.999,0.0,1.482,9.155
1784632403.2867522,16334,0,26,0,1.0,0.998,0.999,0.0,1.482,9.163
1784632403.3177805,16344,0,26,0,1.0,0.998,0.999,0.0,1.482,9.171
1784632403.3412154,16354,0,26,0,1.0,0.998,0.999,0.0,1.482,9.179
1784632403.3641508,16364,0,26,0,1.0,0.998,0.999,0.0,1.482,9.187
1784632403.4106174,16374,0,26,0,1.0,0.998,0.999,0.0,1.482,9.195
1784632403.4566143,16384,0,26,0,1.0,0.998,0.999,0.0,1.483,9.204
1784632403.4819539,16394,0,26,0,1.0,0.998,0.999,0.0,1.483,9.212
1784632403.515019,16404,0,26,0,1.0,0.998,0.999,0.0,1.483,9.22
1784632403.5489848,16414,0,26,0,1.0,0.998,0.999,0.0,1.483,9.228
1784632403.57818,16424,0,26,0,1.0,0.998,0.999,0.0,1.483,9.236
1784632403.6080816,16434,0,26,0,1.0,0.998,0.999,0.0,1.483,9.244
1784632403.6474822,16444,0,26,0,1.0,0.998,0.999,0.0,1.483,9.253
1784632403.683438,16454,0,26,0,1.0,0.998,0.999,0.0,1.483,9.261
1784632403.7293074,16464,0,26,0,1.0,0.998,0.999,0.0,1.483,9.269
1784632403.7775986,16474,0,26,0,1.0,0.998,0.999,0.0,1.483,9.277
1784632403.8153703,16484,0,26,0,1.0,0.998,0.999,0.0,1.483,9.285
1784632403.8523154,16494,0,26,0,1.0,0.998,0.999,0.0,1.483,9.293
1784632403.9705865,16504,0,26,0,1.0,0.998,0.999,0.0,1.483,9.3
1784632404.0185456,16514,0,26,0,1.0,0.998,0.999,0.0,1.484,9.307
1784632404.05558,16524,0,26,0,1.0,0.998,0.999,0.0,1.484,9.314
1784632404.0883808,16534,0,26,0,1.0,0.998,0.999,0.0,1.484,9.321
1784632404.1179888,16544,0,26,0,1.0,0.998,0.999,0.0,1.485,9.328
1784632404.1695163,16554,0,26,0,1.0,0.998,0.999,0.0,1.485,9.335
1784632404.215182,16564,0,26,0,1.0,0.998,0.999,0.0,1.485,9.342
1784632404.2532396,16574,0,26,0,1.0,0.998,0.999,0.0,1.485,9.35
1784632404.2951014,16584,0,26,0,1.0,0.998,0.999,0.0,1.486,9.357
1784632404.3290725,16594,0,26,0,1.0,0.998,0.999,0.0,1.486,9.364
1784632404.3720925,16604,0,26,0,1.0,0.998,0.999,0.0,1.486,9.371
1784632404.4035625,16614,0,26,0,1.0,0.998,0.999,0.0,1.487,9.378
1784632404.4519784,16624,0,26,0,1.0,0.998,0.999,0.0,1.487,9.385
1784632404.4921021,16634,0,26,0,1.0,0.998,0.999,0.0,1.487,9.392
1784632404.5361168,16644,0,26,0,1.0,0.998,0.999,0.0,1.488,9.4
1784632404.5810404,16654,0,26,0,1.0,0.998,0.999,0.0,1.488,9.407
1784632404.6203554,16664,0,26,0,1.0,0.998,0.999,0.0,1.488,9.414
1784632404.6537862,16674,0,26,0,1.0,0.998,0.999,0.0,1.488,9.421
1784632404.7535121,16684,0,26,0,1.0,0.998,0.999,0.0,1.489,9.428
1784632404.8790343,16694,0,26,0,1.0,0.998,0.999,0.0,1.489,9.436
1784632405.0589833,16704,0,26,0,1.0,0.998,0.999,0.0,1.489,9.443
1784632405.0954638,16714,0,26,0,1.0,0.998,0.999,0.0,1.49,9.45
1784632405.1173935,16724,0,26,0,1.0,0.998,0.999,0.0,1.49,9.458
1784632405.1400576,16734,0,26,0,1.0,0.998,0.999,0.0,1.49,9.465
1784632405.1739469,16744,0,26,0,1.0,0.998,0.999,0.0,1.49,9.473
1784632405.2351642,16754,0,26,0,1.0,0.998,0.999,0.0,1.491,9.48
1784632405.2702029,16764,0,26,0,1.0,0.998,0.999,0.0,1.491,9.488
1784632405.2955146,16774,0,26,0,1.0,0.998,0.999,0.0,1.491,9.495
1784632405.32145,16784,0,26,0,1.0,0.998,0.999,0.0,1.491,9.503
1784632405.3706322,16794,0,26,0,1.0,0.998,0.999,0.0,1.492,9.51
1784632405.4107,16804,0,26,0,1.0,0.998,0.999,0.0,1.492,9.517
1784632405.4319673,16814,0,26,0,1.0,0.998,0.999,0.0,1.492,9.525
1784632405.4734907,16824,0,26,0,1.0,0.998,0.999,0.0,1.492,9.532
1784632405.5036407,16834,0,26,0,1.0,0.998,0.999,0.0,1.493,9.54
1784632405.5357962,16844,0,26,0,1.0,0.998,0.999,0.0,1.493,9.547
1784632405.5674236,16854,0,26,0,1.0,0.998,0.999,0.0,1.493,9.555
1784632405.601817,16864,0,26,0,1.0,0.998,0.999,0.0,1.493,9.562
1784632405.6400878,16874,0,26,0,1.0,0.998,0.999,0.0,1.494,9.57
1784632405.671354,16884,0,26,0,1.0,0.998,0.999,0.0,1.494,9.577
1784632405.709294,16894,0,26,0,1.0,0.998,0.999,0.0,1.494,9.585
1784632405.853934,16904,0,26,0,1.0,0.998,0.999,0.0,1.494,9.592
1784632405.8880708,16914,0,26,0,1.0,0.998,0.999,0.0,1.494,9.6
1784632405.9275506,16924,0,26,0,1.0,0.998,0.999,0.0,1.495,9.607
1784632405.9629025,16934,0,26,0,1.0,0.998,0.999,0.0,1.495,9.615
1784632406.000265,16944,0,26,0,1.0,0.998,0.999,0.0,1.495,9.623
1784632406.0365367,16954,0,26,0,1.0,0.998,0.999,0.0,1.495,9.63
1784632406.06223,16964,0,26,0,1.0,0.998,0.999,0.0,1.495,9.638
1784632406.0843334,16974,0,26,0,1.0,0.998,0.999,0.0,1.495,9.645
1784632406.1286411,16984,0,26,0,1.0,0.998,0.999,0.0,1.495,9.653
1784632406.1629508,16994,0,26,0,1.0,0.998,0.999,0.0,1.496,9.661
1784632406.1957817,17004,0,26,0,1.0,0.998,0.999,0.0,1.496,9.668
1784632406.2369761,17014,0,26,0,1.0,0.998,0.999,0.0,1.496,9.676
1784632406.2773209,17024,0,26,0,1.0,0.998,0.999,0.0,1.496,9.684
1784632406.3216166,17034,0,26,0,1.0,0.998,0.999,0.0,1.496,9.691
1784632406.3689692,17044,0,26,0,1.0,0.998,0.999,0.0,1.496,9.699
1784632406.4055772,17054,0,26,0,1.0,0.998,0.999,0.0,1.496,9.707
1784632406.4363883,17064,0,26,0,1.0,0.998,0.999,0.0,1.496,9.715
1784632406.476139,17074,0,26,0,1.0,0.998,0.999,0.0,1.496,9.722
1784632406.506845,17084,0,26,0,1.0,0.998,0.999,0.0,1.497,9.73
1784632406.5523665,17094,0,26,0,1.0,0.998,0.999,0.0,1.497,9.738
1784632406.638817,17104,0,26,0,1.0,0.998,0.999,0.0,1.497,9.746
1784632406.6741676,17114,0,26,0,1.0,0.998,0.999,0.0,1.497,9.753
1784632406.7119048,17124,0,26,0,1.0,0.998,0.999,0.0,1.497,9.761
1784632406.754739,17134,0,26,0,1.0,0.998,0.999,0.0,1.497,9.769
1784632406.7874985,17144,0,26,0,1.0,0.998,0.999,0.0,1.497,9.777
1784632406.8155117,17154,0,26,0,1.0,0.998,0.999,0.0,1.497,9.785
1784632406.861205,17164,0,26,0,1.0,0.998,0.999,0.0,1.497,9.792
1784632406.8998568,17174,0,26,0,1.0,0.998,0.999,0.0,1.497,9.8
1784632406.938737,17184,0,26,0,1.0,0.998,0.999,0.0,1.497,9.808
1784632406.9606736,17194,0,26,0,1.0,0.998,0.999,0.0,1.497,9.816
1784632406.994238,17204,0,26,0,1.0,0.998,0.999,0.0,1.497,9.824
1784632407.0467877,17214,0,26,0,1.0,0.998,0.999,0.0,1.497,9.832
1784632407.0723047,17224,0,26,0,1.0,0.998,0.999,0.0,1.497,9.84
1784632407.1391523,17234,0,26,0,1.0,0.998,0.999,0.0,1.497,9.848
1784632407.1936452,17244,0,26,0,1.0,0.998,0.999,0.0,1.497,9.856
1784632407.2564132,17254,0,26,0,1.0,0.998,0.999,0.0,1.497,9.864
1784632407.3330982,17264,0,26,0,1.0,0.998,0.999,0.0,1.497,9.872
1784632407.4180214,17274,0,26,0,1.0,0.998,0.999,0.0,1.497,9.88
1784632407.4481416,17284,0,26,0,1.0,0.998,0.999,0.0,1.497,9.888
1784632407.4765046,17294,0,26,0,1.0,0.998,0.999,0.0,1.497,9.896
1784632407.7425065,17304,0,26,0,1.0,0.998,0.999,0.0,1.497,9.904
1784632407.7749004,17314,0,26,0,1.0,0.999,0.999,0.0,1.497,9.912
1784632407.7999911,17324,0,26,0,1.0,0.999,0.999,0.0,1.497,9.92
1784632407.8241668,17334,0,26,0,1.0,0.999,0.999,0.0,1.497,9.928
1784632407.8699253,17344,0,26,0,1.0,0.999,0.999,0.0,1.497,9.937
1784632407.9154456,17354,0,26,0,1.0,0.999,0.999,0.0,1.497,9.945
1784632407.9873497,17364,0,26,0,1.0,0.999,0.999,0.0,1.497,9.953
1784632408.0277889,17374,0,26,0,1.0,0.999,0.999,0.0,1.497,9.961
1784632408.0756843,17384,0,26,0,1.0,0.999,0.999,0.0,1.497,9.969
1784632408.1419382,17394,0,26,0,1.0,0.999,0.999,0.0,1.497,9.978
1784632408.2064476,17404,0,26,0,1.0,0.999,0.999,0.0,1.497,9.986
1784632408.263997,17414,0,26,0,1.0,0.999,0.999,0.0,1.497,9.994
1784632408.3264377,17424,0,26,0,1.0,0.999,0.999,0.0,1.497,10.003
1784632408.3766482,17434,0,26,0,1.0,0.999,0.999,0.0,1.497,10.011
1784632408.4189005,17444,0,26,0,1.0,0.999,0.999,0.0,1.497,10.019
1784632408.4766688,17454,0,26,0,1.0,0.999,0.999,0.0,1.497,10.028
1784632408.5209725,17464,0,26,0,1.0,0.999,0.999,0.0,1.497,10.036
1784632408.5632775,17474,0,26,0,1.0,0.999,0.999,0.0,1.497,10.045
1784632408.6026082,17484,0,26,0,1.0,0.999,0.999,0.0,1.497,10.053
1784632408.635356,17494,0,26,0,1.0,0.999,0.999,0.0,1.497,10.062
1784632408.7458038,17504,0,26,0,1.0,0.999,0.999,0.0,1.497,10.07
1784632408.7954676,17514,0,26,0,1.0,0.999,0.999,0.0,1.497,10.079
1784632408.8543332,17524,0,26,0,1.0,0.999,0.999,0.0,1.497,10.087
1784632408.9040248,17534,0,26,0,1.0,0.999,0.999,0.0,1.497,10.096
1784632408.971873,17544,0,26,0,1.0,0.999,0.999,0.0,1.497,10.104
1784632409.01951,17554,0,26,0,1.0,0.999,0.999,0.0,1.497,10.113
1784632409.0736527,17564,0,26,0,1.0,0.999,0.999,0.0,1.497,10.121
1784632409.127146,17574,0,26,0,1.0,0.999,0.999,0.0,1.497,10.13
1784632409.194801,17584,0,26,0,1.0,0.999,0.999,0.0,1.497,10.139
1784632409.2556787,17594,0,26,0,1.0,0.999,0.999,0.0,1.496,10.147
1784632409.3031569,17604,0,26,0,1.0,0.999,0.999,0.0,1.496,10.156
1784632409.3678138,17614,0,26,0,1.0,0.999,0.999,0.0,1.496,10.165
1784632409.4179623,17624,0,26,0,1.0,0.999,0.999,0.0,1.496,10.173
1784632409.4583323,17634,0,26,0,1.0,0.999,0.999,0.0,1.496,10.182
1784632409.5032003,17644,0,26,0,1.0,0.999,0.999,0.0,1.496,10.191
1784632409.5434737,17654,0,26,0,1.0,0.999,0.999,0.0,1.496,10.2
1784632409.588803,17664,0,26,0,1.0,0.999,0.999,0.0,1.496,10.208
1784632409.622624,17674,0,26,0,1.0,0.999,0.999,0.0,1.496,10.217
1784632409.6624568,17684,0,26,0,1.0,0.999,0.999,0.0,1.496,10.226
1784632409.7053587,17694,0,26,0,1.0,0.999,0.999,0.0,1.496,10.235
1784632409.9806993,17704,0,26,0,1.0,0.999,0.999,0.0,1.495,10.243
1784632410.1492195,17714,0,26,0,1.0,0.999,0.999,0.0,1.495,10.252
1784632410.251302,17724,0,26,0,1.0,0.999,0.999,0.0,1.495,10.261
1784632410.303121,17734,0,26,0,1.0,0.999,0.999,0.0,1.495,10.27
1784632410.344908,17744,0,26,0,1.0,0.999,0.999,0.0,1.495,10.279
1784632410.3888323,17754,0,26,0,1.0,0.999,0.999,0.0,1.495,10.288
1784632410.4370313,17764,0,26,0,1.0,0.999,0.999,0.0,1.495,10.298
1784632410.4718783,17774,0,26,0,1.0,0.999,0.999,0.0,1.495,10.307
1784632410.504502,17784,0,26,0,1.0,0.999,0.999,0.0,1.495,10.316
1784632410.532274,17794,0,26,0,1.0,0.999,0.999,0.0,1.495,10.325
1784632410.5686162,17804,0,26,0,1.0,0.999,0.999,0.0,1.494,10.334
1784632410.6023169,17814,0,26,0,1.0,0.999,0.999,0.0,1.494,10.343
1784632410.6349363,17824,0,26,0,1.0,0.999,0.999,0.0,1.494,10.352
1784632410.6716561,17834,0,26,0,1.0,0.999,0.999,0.0,1.494,10.361
1784632410.705654,17844,0,26,0,1.0,0.999,0.999,0.0,1.494,10.37
1784632410.7380803,17854,0,26,0,1.0,0.999,0.999,0.0,1.494,10.379
1784632410.7844331,17864,0,26,0,1.0,0.999,0.999,0.0,1.494,10.388
1784632410.8185034,17874,0,26,0,1.0,0.999,0.999,0.0,1.494,10.397
1784632410.8462117,17884,0,26,0,1.0,0.999,0.999,0.0,1.494,10.406
1784632410.8685238,17894,0,26,0,1.0,0.999,0.999,0.0,1.494,10.416
1784632410.9622378,17904,0,26,0,1.0,0.999,0.999,0.0,1.494,10.425
1784632410.9936879,17914,0,26,0,1.0,0.999,0.999,0.0,1.493,10.434
1784632411.02632,17924,0,26,0,1.0,0.999,0.999,0.0,1.493,10.443
1784632411.0676687,17934,0,26,0,1.0,0.999,0.999,0.0,1.493,10.452
1784632411.0938728,17944,0,26,0,1.0,0.999,0.999,0.0,1.493,10.461
1784632411.1168203,17954,0,26,0,1.0,0.999,0.999,0.0,1.493,10.47
1784632411.1497927,17964,0,26,0,1.0,0.999,0.999,0.0,1.493,10.478
1784632411.1936882,17974,0,26,0,1.0,0.999,0.999,0.0,1.493,10.486
1784632411.2245271,17984,0,26,0,1.0,0.999,0.999,0.0,1.494,10.494
1784632411.2557235,17994,0,26,0,1.0,0.999,0.999,0.0,1.494,10.502
1784632411.289367,18004,0,26,0,1.0,0.999,0.999,0.0,1.494,10.51
1784632411.3188207,18014,0,26,0,1.0,0.999,0.999,0.0,1.495,10.518
1784632411.3524945,18024,0,26,0,1.0,0.999,0.999,0.0,1.495,10.526
1784632411.4125516,18034,0,26,0,1.0,0.999,0.999,0.0,1.495,10.534
1784632411.4463637,18044,0,26,0,1.0,0.999,0.999,0.0,1.495,10.542
1784632411.4708757,18054,0,26,0,1.0,0.999,0.999,0.0,1.496,10.55
1784632411.5218666,18064,0,26,0,1.0,0.999,0.999,0.0,1.496,10.558
1784632411.566291,18074,0,26,0,1.0,0.999,0.999,0.0,1.496,10.566
1784632411.5968082,18084,0,26,0,1.0,0.999,0.999,0.0,1.496,10.574
1784632411.6231484,18094,0,26,0,1.0,0.999,0.999,0.0,1.497,10.582
1784632411.7502244,18104,0,26,0,1.0,0.999,0.999,0.0,1.497,10.59
1784632411.8058605,18114,0,26,0,1.0,0.999,0.999,0.0,1.497,10.599
1784632411.8413444,18124,0,26,0,1.0,0.999,0.999,0.0,1.497,10.607
1784632411.883598,18134,0,26,0,1.0,0.999,0.999,0.0,1.498,10.615
1784632411.917721,18144,0,26,0,1.0,0.999,0.999,0.0,1.498,10.623
1784632411.9428756,18154,0,26,0,1.0,0.999,0.999,0.0,1.498,10.631
1784632411.9723837,18164,0,26,0,1.0,0.999,0.999,0.0,1.498,10.639
1784632412.0062554,18174,0,26,0,1.0,0.999,0.999,0.0,1.499,10.647
1784632412.0405533,18184,0,26,0,1.0,0.999,0.999,0.0,1.499,10.656
1784632412.076103,18194,0,26,0,1.0,0.999,0.999,0.0,1.499,10.664
1784632412.1202285,18204,0,26,0,1.0,0.999,0.999,0.0,1.499,10.672
1784632412.1529665,18214,0,26,0,1.0,0.999,0.999,0.0,1.499,10.68
1784632412.1868386,18224,0,26,0,1.0,0.999,0.999,0.0,1.5,10.688
1784632412.2173173,18234,0,26,0,1.0,0.999,0.999,0.0,1.5,10.697
1784632412.2704358,18244,0,26,0,1.0,0.999,0.999,0.0,1.5,10.705
1784632412.325752,18254,0,26,0,1.0,0.999,0.999,0.0,1.5,10.713
1784632412.3802686,18264,0,26,0,1.0,0.999,0.999,0.0,1.5,10.721
1784632412.4483023,18274,0,26,0,1.0,0.999,0.999,0.0,1.501,10.729
1784632412.5056937,18284,0,26,0,1.0,0.999,0.999,0.0,1.501,10.738
1784632412.5340316,18294,0,26,0,1.0,0.999,0.999,0.0,1.501,10.746
1784632412.6943424,18304,0,26,0,1.0,0.999,0.999,0.0,1.501,10.754
1784632412.7364473,18314,0,26,0,1.0,0.999,0.999,0.0,1.501,10.763
1784632412.7680442,18324,0,26,0,1.0,0.999,0.999,0.0,1.502,10.771
1784632412.8132977,18334,0,26,0,1.0,0.999,0.999,0.0,1.502,10.779
1784632412.8406851,18344,0,26,0,1.0,0.999,0.999,0.0,1.502,10.788
1784632412.880969,18354,0,26,0,1.0,0.999,0.999,0.0,1.502,10.796
1784632412.9276326,18364,0,26,0,1.0,0.999,0.999,0.0,1.502,10.804
1784632412.9648252,18374,0,26,0,1.0,0.999,0.999,0.0,1.503,10.813
1784632413.0037963,18384,0,26,0,1.0,0.999,0.999,0.0,1.503,10.821
1784632413.039811,18394,0,26,0,1.0,0.999,0.999,0.0,1.503,10.829
1784632413.06523,18404,0,26,0,1.0,0.999,0.999,0.0,1.503,10.838
1784632413.096128,18414,0,26,0,1.0,0.999,0.999,0.0,1.504,10.846
1784632413.1259615,18424,0,26,0,1.0,0.999,0.999,0.0,1.504,10.854
1784632413.174583,18434,0,26,0,1.0,0.999,0.999,0.0,1.504,10.863
1784632413.2040594,18444,0,26,0,1.0,0.999,0.999,0.0,1.504,10.871
1784632413.2388103,18454,0,26,0,1.0,0.999,0.999,0.0,1.504,10.879
1784632413.2694578,18464,0,26,0,1.0,0.999,0.999,0.0,1.505,10.888
1784632413.3027701,18474,0,26,0,1.0,0.999,0.999,0.0,1.505,10.896
1784632413.3495789,18484,0,26,0,1.0,0.999,0.999,0.0,1.505,10.905
1784632413.3826551,18494,0,26,0,1.0,0.999,0.999,0.0,1.505,10.913
1784632413.5097067,18504,0,26,0,1.0,0.999,0.999,0.0,1.505,10.921
1784632413.548893,18514,0,26,0,1.0,0.999,0.999,0.0,1.506,10.93
1784632413.585705,18524,0,26,0,1.0,0.999,0.999,0.0,1.506,10.938
1784632413.6212146,18534,0,26,0,1.0,0.999,0.999,0.0,1.506,10.947
1784632413.661609,18544,0,26,0,1.0,0.999,0.999,0.0,1.506,10.955
1784632413.700938,18554,0,26,0,1.0,0.999,0.999,0.0,1.506,10.964
1784632413.745194,18564,0,26,0,1.0,0.999,0.999,0.0,1.507,10.972
1784632413.7853258,18574,0,26,0,1.0,0.999,0.999,0.0,1.507,10.981
1784632413.8157954,18584,0,26,0,1.0,0.999,0.999,0.0,1.507,10.989
1784632413.8543978,18594,0,26,0,1.0,0.999,0.999,0.0,1.507,10.998
1784632413.8943958,18604,0,26,0,1.0,0.999,0.999,0.0,1.507,11.006
1784632413.9269361,18614,0,26,0,1.0,0.999,0.999,0.0,1.507,11.015
1784632413.9631479,18624,0,26,0,1.0,0.999,0.999,0.0,1.508,11.023
1784632413.9924376,18634,0,26,0,1.0,0.999,0.999,0.0,1.508,11.032
1784632414.0352657,18644,0,26,0,1.0,0.999,0.999,0.0,1.508,11.04
1784632414.064378,18654,0,26,0,1.0,0.999,0.999,0.0,1.508,11.049
1784632414.0894046,18664,0,26,0,1.0,0.999,0.999,0.0,1.508,11.057
1784632414.1200643,18674,0,26,0,1.0,0.999,0.999,0.0,1.508,11.066
1784632414.1564617,18684,0,26,0,1.0,0.999,0.999,0.0,1.508,11.075
1784632414.2071013,18694,0,26,0,1.0,0.999,0.999,0.0,1.509,11.083
1784632414.2979498,18704,0,26,0,1.0,0.999,0.999,0.0,1.509,11.092
1784632414.3436396,18714,0,26,0,1.0,0.999,0.999,0.0,1.509,11.1
1784632414.4098847,18724,0,26,0,1.0,0.999,0.999,0.0,1.509,11.109
1784632414.481527,18734,0,26,0,1.0,0.999,0.999,0.0,1.509,11.118
1784632414.554736,18744,0,26,0,1.0,0.999,0.999,0.0,1.509,11.126
1784632414.589045,18754,0,26,0,1.0,0.999,0.999,0.0,1.509,11.135
1784632414.670296,18764,0,26,0,1.0,0.999,0.999,0.0,1.509,11.144
1784632414.7451153,18774,0,26,0,1.0,0.999,0.999,0.0,1.51,11.152
1784632414.8537781,18784,0,26,0,1.0,0.999,0.999,0.0,1.51,11.161
1784632414.9833071,18794,0,26,0,1.0,0.999,0.999,0.0,1.51,11.17
1784632415.0636027,18804,0,26,0,1.0,0.999,0.999,0.0,1.51,11.179
1784632415.0887618,18814,0,26,0,1.0,0.999,0.999,0.0,1.51,11.187
1784632415.1476676,18824,0,26,0,1.0,0.999,0.999,0.0,1.51,11.196
1784632415.190788,18834,0,26,0,1.0,0.999,0.999,0.0,1.51,11.205
1784632415.2293804,18844,0,26,0,1.0,0.999,0.999,0.0,1.51,11.214
1784632415.274528,18854,0,26,0,1.0,0.999,0.999,0.0,1.51,11.223
1784632415.330265,18864,0,26,0,1.0,0.999,0.999,0.0,1.51,11.232
1784632415.3797204,18874,0,26,0,1.0,0.999,0.999,0.0,1.51,11.241
1784632415.5060623,18884,0,26,0,1.0,0.999,0.999,0.0,1.511,11.249
1784632415.6351273,18894,0,26,0,1.0,0.999,0.999,0.0,1.511,11.258
1784632415.7901173,18904,0,26,0,1.0,0.999,0.999,0.0,1.511,11.267
1784632415.8466032,18914,0,26,0,1.0,0.999,0.999,0.0,1.511,11.276
1784632415.901967,18924,0,26,0,1.0,0.999,0.999,0.0,1.511,11.286
1784632415.971398,18934,0,26,0,1.0,0.999,0.999,0.0,1.511,11.295
1784632416.0223453,18944,0,26,0,1.0,0.999,0.999,0.0,1.511,11.304
1784632416.0622814,18954,0,26,0,1.0,0.999,0.999,0.0,1.511,11.313
1784632416.104045,18964,0,26,0,1.0,0.999,0.999,0.0,1.511,11.322
1784632416.1445212,18974,0,26,0,1.0,0.999,0.999,0.0,1.512,11.331
1784632416.18202,18984,0,26,0,1.0,0.999,0.999,0.0,1.512,11.34
1784632416.2253997,18994,0,26,0,1.0,0.999,0.999,0.0,1.512,11.349
1784632416.2556808,19004,0,26,0,1.0,0.999,0.999,0.0,1.512,11.358
1784632416.281828,19014,0,26,0,1.0,0.999,0.999,0.0,1.512,11.367
1784632416.3194463,19024,0,26,0,1.0,0.999,0.999,0.0,1.512,11.376
1784632416.353326,19034,0,26,0,1.0,0.999,0.999,0.0,1.512,11.386
1784632416.3810694,19044,0,26,0,1.0,0.999,0.999,0.0,1.512,11.395
1784632416.4110436,19054,0,26,0,1.0,0.999,0.999,0.0,1.512,11.404
1784632416.4723485,19064,0,26,0,1.0,0.999,0.999,0.0,1.512,11.413
1784632416.5333703,19074,0,26,0,1.0,0.999,0.999,0.0,1.512,11.422
1784632416.6035752,19084,0,26,0,1.0,0.999,0.999,0.0,1.513,11.431
1784632416.6538405,19094,0,26,0,1.0,0.999,0.999,0.0,1.513,11.441
1784632416.7388206,19104,0,26,0,1.0,0.999,0.999,0.0,1.513,11.45
1784632416.7805922,19114,0,26,0,1.0,0.999,0.999,0.0,1.513,11.459
1784632416.8236573,19124,0,26,0,1.0,0.999,0.999,0.0,1.513,11.468
1784632416.8564894,19134,0,26,0,1.0,0.999,0.999,0.0,1.513,11.478
1784632416.8932292,19144,0,26,0,1.0,0.999,0.999,0.0,1.513,11.487
1784632416.919278,19154,0,26,0,1.0,0.999,0.999,0.0,1.513,11.496
1784632416.9533336,19164,0,26,0,1.0,0.999,0.999,0.0,1.513,11.505
1784632416.9924617,19174,0,26,0,1.0,0.999,0.999,0.0,1.513,11.515
1784632417.0227354,19184,0,26,0,1.0,0.999,0.999,0.0,1.513,11.524
1784632417.057375,19194,0,26,0,1.0,0.999,0.999,0.0,1.513,11.533
1784632417.1045465,19204,0,26,0,1.0,0.999,0.999,0.0,1.513,11.542
1784632417.1426759,19214,0,26,0,1.0,0.999,0.999,0.0,1.513,11.552
1784632417.1850355,19224,0,26,0,1.0,0.999,0.999,0.0,1.513,11.561
1784632417.217702,19234,0,26,0,1.0,0.999,0.999,0.0,1.514,11.57
1784632417.24218,19244,0,26,0,1.0,0.999,0.999,0.0,1.514,11.579
1784632417.2713456,19254,0,26,0,1.0,0.999,0.999,0.0,1.514,11.589
1784632417.3059947,19264,0,26,0,1.0,0.999,0.999,0.0,1.514,11.598
1784632417.3328059,19274,0,26,0,1.0,0.999,0.999,0.0,1.514,11.607
1784632417.363843,19284,0,26,0,1.0,0.999,0.999,0.0,1.514,11.616
1784632417.3955395,19294,0,26,0,1.0,0.999,0.999,0.0,1.514,11.626
1784632417.4940565,19304,0,26,0,1.0,0.999,0.999,0.0,1.514,11.635
1784632417.5556848,19314,0,26,0,1.0,0.999,0.999,0.0,1.514,11.644
1784632417.6115105,19324,0,26,0,1.0,0.999,0.999,0.0,1.514,11.654
1784632417.6513765,19334,0,26,0,1.0,0.999,0.999,0.0,1.514,11.663
1784632417.751787,19344,0,26,0,1.0,0.999,0.999,0.0,1.514,11.672
1784632417.8288033,19354,0,26,0,1.0,0.999,0.999,0.0,1.514,11.681
1784632417.863537,19364,0,26,0,1.0,0.999,0.999,0.0,1.515,11.689
1784632417.9220967,19374,0,26,0,1.0,0.999,0.999,0.0,1.515,11.697
1784632417.9584026,19384,0,26,0,1.0,0.999,0.999,0.0,1.515,11.706
1784632418.00883,19394,0,26,0,1.0,0.999,0.999,0.0,1.515,11.714
1784632418.081519,19404,0,26,0,1.0,0.999,0.999,0.0,1.515,11.723
1784632418.115705,19414,0,26,0,1.0,0.999,0.999,0.0,1.515,11.731
1784632418.181354,19424,0,26,0,1.0,0.999,0.999,0.0,1.516,11.74
1784632418.2281957,19434,0,26,0,1.0,0.999,0.999,0.0,1.516,11.748
1784632418.271792,19444,0,26,0,1.0,0.999,0.999,0.0,1.516,11.756
1784632418.3069217,19454,0,26,0,1.0,0.999,0.999,0.0,1.516,11.765
1784632418.3703387,19464,0,26,0,1.0,0.999,0.999,0.0,1.516,11.773
1784632418.398516,19474,0,26,0,1.0,0.999,0.999,0.0,1.516,11.782
1784632418.4941037,19484,0,26,0,1.0,0.999,0.999,0.0,1.516,11.79
1784632418.575994,19494,0,26,0,1.0,0.999,0.999,0.0,1.516,11.799
1784632419.0241137,19504,0,26,0,1.0,0.999,0.999,0.0,1.516,11.807
1784632419.0618923,19514,0,26,0,1.0,0.999,0.999,0.0,1.516,11.816
1784632419.0933185,19524,0,26,0,1.0,0.999,0.999,0.0,1.516,11.825
1784632419.1256707,19534,0,26,0,1.0,0.999,0.999,0.0,1.516,11.834
1784632419.1738083,19544,0,26,0,1.0,0.999,0.999,0.0,1.517,11.842
1784632419.2090628,19554,0,26,0,1.0,0.999,0.999,0.0,1.517,11.851
1784632419.2526956,19564,0,26,0,1.0,0.999,0.999,0.0,1.517,11.86
1784632419.2856374,19574,0,26,0,1.0,0.999,0.999,0.0,1.517,11.869
1784632419.3154755,19584,0,26,0,1.0,0.999,0.999,0.0,1.517,11.877
1784632419.3411157,19594,0,26,0,1.0,0.999,0.999,0.0,1.517,11.886
1784632419.3847113,19604,0,26,0,1.0,0.999,0.999,0.0,1.517,11.895
1784632419.4387498,19614,0,26,0,1.0,0.999,0.999,0.0,1.517,11.904
1784632419.4978595,19624,0,26,0,1.0,0.999,0.999,0.0,1.517,11.913
1784632419.5534348,19634,0,26,0,1.0,0.999,0.999,0.0,1.517,11.921
1784632419.6044004,19644,0,26,0,1.0,0.999,0.999,0.0,1.517,11.93
1784632419.6499624,19654,0,26,0,1.0,0.999,0.999,0.0,1.517,11.939
1784632419.6838121,19664,0,26,0,1.0,0.999,0.999,0.0,1.517,11.948
1784632419.710182,19674,0,26,0,1.0,0.999,0.999,0.0,1.517,11.957
1784632419.7590961,19684,0,26,0,1.0,0.999,0.999,0.0,1.517,11.966
1784632419.7911468,19694,0,26,0,1.0,0.999,0.999,0.0,1.517,11.974
1784632419.887634,19704,0,26,0,1.0,0.999,0.999,0.0,1.517,11.983
1784632419.91952,19714,0,26,0,1.0,0.999,0.999,0.0,1.517,11.992
1784632419.958198,19724,0,26,0,1.0,0.999,0.999,0.0,1.517,12.001
1784632419.988026,19734,0,26,0,1.0,0.999,0.999,0.0,1.517,12.01
1784632420.027095,19744,0,26,0,1.0,0.999,0.999,0.0,1.517,12.019
1784632420.053408,19754,0,26,0,1.0,0.999,0.999,0.0,1.517,12.028
1784632420.0769358,19764,0,26,0,1.0,0.999,0.999,0.0,1.517,12.037
1784632420.131899,19774,0,26,0,1.0,0.999,0.999,0.0,1.517,12.046
1784632420.163378,19784,0,26,0,1.0,0.999,0.999,0.0,1.517,12.055
1784632420.193727,19794,0,26,0,1.0,0.999,0.999,0.0,1.517,12.064
1784632420.22258,19804,0,26,0,1.0,0.999,0.999,0.0,1.517,12.073
1784632420.2696486,19814,0,26,0,1.0,0.999,0.999,0.0,1.517,12.081
1784632420.300354,19824,0,26,0,1.0,0.999,0.999,0.0,1.517,12.09
1784632420.3484313,19834,0,26,0,1.0,0.999,0.999,0.0,1.516,12.099
1784632420.3776374,19844,0,26,0,1.0,0.999,0.999,0.0,1.516,12.108
1784632420.416489,19854,0,26,0,1.0,0.999,0.999,0.0,1.516,12.117
1784632420.4450037,19864,0,26,0,1.0,0.999,0.999,0.0,1.516,12.126
1784632420.4689014,19874,0,26,0,1.0,0.999,0.999,0.0,1.516,12.135
1784632420.4944682,19884,0,26,0,1.0,0.999,0.999,0.0,1.516,12.144
1784632420.5172899,19894,0,26,0,1.0,0.999,0.999,0.0,1.515,12.153
1784632420.6445403,19904,0,26,0,1.0,0.999,0.999,0.0,1.515,12.162
1784632420.6941357,19914,0,26,0,1.0,0.999,0.999,0.0,1.515,12.171
1784632420.7363248,19924,0,26,0,1.0,0.999,0.999,0.0,1.515,12.18
1784632420.7743397,19934,0,26,0,1.0,0.999,0.999,0.0,1.515,12.189
1784632420.8298683,19944,0,26,0,1.0,0.999,0.999,0.0,1.515,12.198
1784632420.868896,19954,0,26,0,1.0,0.999,0.999,0.0,1.514,12.207
1784632420.909442,19964,0,26,0,1.0,0.999,0.999,0.0,1.514,12.216
1784632420.951424,19974,0,26,0,1.0,0.999,0.999,0.0,1.514,12.225
1784632420.986977,19984,0,26,0,1.0,0.999,0.999,0.0,1.514,12.234
1784632421.0153277,19994,0,26,0,1.0,0.999,0.999,0.0,1.514,12.243
1784632421.0555267,20004,0,26,0,1.0,0.999,0.999,0.0,1.513,12.252
1784632421.0979967,20014,0,26,0,1.0,0.999,0.999,0.0,1.513,12.261
1784632421.1656187,20024,0,26,0,1.0,0.999,0.999,0.0,1.513,12.27
1784632421.2179627,20034,0,26,0,1.0,0.999,0.999,0.0,1.513,12.279
1784632421.246989,20044,0,26,0,1.0,0.999,0.999,0.0,1.513,12.289
1784632421.307775,20054,0,26,0,1.0,0.999,0.999,0.0,1.512,12.298
1784632421.3394628,20064,0,26,0,1.0,0.999,0.999,0.0,1.512,12.307
1784632421.390105,20074,0,26,0,1.0,0.999,0.999,0.0,1.512,12.316
1784632421.4482968,20084,0,26,0,1.0,0.999,0.999,0.0,1.511,12.325
1784632421.4790452,20094,0,26,0,1.0,0.999,0.999,0.0,1.511,12.334
1784632421.901925,20104,0,26,0,1.0,0.999,0.999,0.0,1.511,12.343
1784632421.9363167,20114,0,26,0,1.0,0.999,0.999,0.0,1.511,12.351
1784632421.964133,20124,0,26,0,1.0,0.999,0.999,0.0,1.511,12.36
1784632421.9903116,20134,0,26,0,1.0,0.999,0.999,0.0,1.512,12.368
1784632422.0346756,20144,0,26,0,1.0,0.999,0.999,0.0,1.512,12.377
1784632422.0625532,20154,0,26,0,1.0,0.999,0.999,0.0,1.512,12.385
1784632422.0975335,20164,0,26,0,1.0,0.999,0.999,0.0,1.512,12.393
1784632422.1291196,20174,0,26,0,1.0,0.999,0.999,0.0,1.513,12.402
1784632422.153632,20184,0,26,0,1.0,0.999,0.999,0.0,1.513,12.41
1784632422.2117712,20194,0,26,0,1.0,0.999,0.999,0.0,1.513,12.419
1784632422.2601812,20204,0,26,0,1.0,0.999,0.999,0.0,1.513,12.427
1784632422.2923875,20214,0,26,0,1.0,0.999,0.999,0.0,1.513,12.435
1784632422.3338976,20224,0,26,0,1.0,0.999,0.999,0.0,1.513,12.444
1784632422.3643863,20234,0,26,0,1.0,0.999,0.999,0.0,1.514,12.452
1784632422.393055,20244,0,26,0,1.0,0.999,0.999,0.0,1.514,12.461
1784632422.4300263,20254,0,26,0,1.0,0.999,0.999,0.0,1.514,12.469
1784632422.4558074,20264,0,26,0,1.0,0.999,0.999,0.0,1.514,12.478
1784632422.4890819,20274,0,26,0,1.0,0.999,0.999,0.0,1.514,12.486
1784632422.5139885,20284,0,26,0,1.0,0.999,0.999,0.0,1.514,12.494
1784632422.5455515,20294,0,26,0,1.0,0.999,0.999,0.0,1.514,12.503
1784632422.7095819,20304,0,26,0,1.0,0.999,0.999,0.0,1.514,12.511
1784632422.7401073,20314,0,26,0,1.0,0.999,0.999,0.0,1.514,12.52
1784632422.778681,20324,0,26,0,1.0,0.999,0.999,0.0,1.514,12.528
1784632422.8130152,20334,0,26,0,1.0,0.999,0.999,0.0,1.514,12.537
1784632422.8566635,20344,0,26,0,1.0,0.999,0.999,0.0,1.514,12.545
1784632422.8984296,20354,0,26,0,1.0,0.999,0.999,0.0,1.514,12.554
1784632422.950833,20364,0,26,0,1.0,0.999,0.999,0.0,1.514,12.563
1784632422.995791,20374,0,26,0,1.0,0.999,0.999,0.0,1.514,12.571
1784632423.0247195,20384,0,26,0,1.0,0.999,0.999,0.0,1.514,12.58
1784632423.0576084,20394,0,26,0,1.0,0.999,0.999,0.0,1.514,12.588
1784632423.11046,20404,0,26,0,1.0,0.999,0.999,0.0,1.514,12.597
1784632423.1409874,20414,0,26,0,1.0,0.999,0.999,0.0,1.514,12.605
1784632423.1671531,20424,0,26,0,1.0,0.999,0.999,0.0,1.514,12.614
1784632423.2001624,20434,0,26,0,1.0,0.999,0.999,0.0,1.514,12.623
1784632423.2376142,20444,0,26,0,1.0,0.999,0.999,0.0,1.514,12.631
1784632423.2716005,20454,0,26,0,1.0,0.999,0.999,0.0,1.514,12.64
1784632423.296498,20464,0,26,0,1.0,0.999,0.999,0.0,1.514,12.648
1784632423.3211875,20474,0,26,0,1.0,0.999,0.999,0.0,1.514,12.657
1784632423.3617005,20484,0,26,0,1.0,0.999,0.999,0.0,1.514,12.666
1784632423.3953001,20494,0,26,0,1.0,0.999,0.999,0.0,1.514,12.674
1784632423.5275145,20504,0,26,0,1.0,0.999,0.999,0.0,1.514,12.683
1784632423.5646224,20514,0,26,0,1.0,0.999,0.999,0.0,1.514,12.692
1784632423.6126783,20524,0,26,0,1.0,0.999,0.999,0.0,1.514,12.7
1784632423.6468513,20534,0,26,0,1.0,0.999,0.999,0.0,1.514,12.709
1784632423.67386,20544,0,26,0,1.0,0.999,0.999,0.0,1.514,12.718
1784632423.726857,20554,0,26,0,1.0,0.999,0.999,0.0,1.513,12.726
1784632423.7631202,20564,0,26,0,1.0,0.999,0.999,0.0,1.513,12.735
1784632423.8136382,20574,0,26,0,1.0,0.999,0.999,0.0,1.513,12.744
1784632423.8528574,20584,0,26,0,1.0,0.999,0.999,0.0,1.513,12.752
1784632423.9005659,20594,0,26,0,1.0,0.999,0.999,0.0,1.513,12.761
1784632423.9550624,20604,0,26,0,1.0,0.999,0.999,0.0,1.513,12.77
1784632424.0175965,20614,0,26,0,1.0,0.999,0.999,0.0,1.512,12.779
1784632424.0634215,20624,0,26,0,1.0,0.999,0.999,0.0,1.512,12.787
1784632424.1276076,20634,0,26,0,1.0,0.999,0.999,0.0,1.512,12.796
1784632424.1885283,20644,0,26,0,1.0,0.999,0.999,0.0,1.512,12.805
1784632424.2372365,20654,0,26,0,1.0,0.999,0.999,0.0,1.511,12.814
1784632424.2745507,20664,0,26,0,1.0,0.999,0.999,0.0,1.511,12.823
1784632424.3257244,20674,0,26,0,1.0,0.999,0.999,0.0,1.511,12.831
1784632424.3830154,20684,0,26,0,1.0,0.999,0.999,0.0,1.511,12.84
1784632424.4561121,20694,0,26,0,1.0,0.999,0.999,0.0,1.51,12.849
1784632424.619726,20704,0,26,0,1.0,0.999,0.999,0.0,1.51,12.858
1784632424.659705,20714,0,26,0,1.0,0.999,0.999,0.0,1.51,12.867
1784632424.6996856,20724,0,26,0,1.0,0.999,0.999,0.0,1.51,12.876
1784632424.7297256,20734,0,26,0,1.0,0.999,0.999,0.0,1.509,12.885
1784632424.760928,20744,0,26,0,1.0,0.999,0.999,0.0,1.509,12.894
1784632424.800558,20754,0,26,0,1.0,0.999,0.999,0.0,1.509,12.903
1784632424.833999,20764,0,26,0,1.0,0.999,0.999,0.0,1.509,12.911
1784632424.8629308,20774,0,26,0,1.0,0.999,0.999,0.0,1.508,12.92
1784632424.9150243,20784,0,26,0,1.0,0.999,0.999,0.0,1.508,12.929
1784632424.9444714,20794,0,26,0,1.0,0.999,0.999,0.0,1.508,12.938
1784632424.975672,20804,0,26,0,1.0,0.999,0.999,0.0,1.508,12.947
1784632425.0125558,20814,0,26,0,1.0,0.999,0.999,0.0,1.507,12.956
1784632425.0627775,20824,0,26,0,1.0,0.999,0.999,0.0,1.507,12.965
1784632425.0978763,20834,0,26,0,1.0,0.999,0.999,0.0,1.507,12.974
1784632425.1377935,20844,0,26,0,1.0,0.999,0.999,0.0,1.506,12.983
1784632425.1756482,20854,0,26,0,1.0,0.999,0.999,0.0,1.506,12.992
1784632425.2075696,20864,0,26,0,1.0,0.999,0.999,0.0,1.506,13.001
1784632425.2451777,20874,0,26,0,1.0,0.999,0.999,0.0,1.506,13.01
1784632425.2751687,20884,0,26,0,1.0,0.999,0.999,0.0,1.505,13.019
1784632425.3160856,20894,0,26,0,1.0,0.999,0.999,0.0,1.505,13.028
1784632425.4241161,20904,0,26,0,1.0,0.999,0.999,0.0,1.505,13.037
1784632425.470921,20914,0,26,0,1.0,0.999,0.999,0.0,1.504,13.045
1784632425.5000257,20924,0,26,0,1.0,0.999,0.999,0.0,1.504,13.054
1784632425.5331216,20934,0,26,0,1.0,0.999,0.999,0.0,1.504,13.063
1784632425.57616,20944,0,26,0,1.0,0.999,0.999,0.0,1.504,13.072
1784632425.6073344,20954,0,26,0,1.0,0.999,0.999,0.0,1.504,13.08
1784632425.6373343,20964,0,26,0,1.0,0.999,0.999,0.0,1.504,13.088
1784632425.6792116,20974,0,26,0,1.0,0.999,0.999,0.0,1.505,13.096
1784632425.7219474,20984,0,26,0,1.0,0.999,0.999,0.0,1.505,13.104
1784632425.7650056,20994,0,26,0,1.0,0.999,0.999,0.0,1.505,13.112
1784632425.798982,21004,0,26,0,1.0,0.999,0.999,0.0,1.505,13.12
1784632425.847877,21014,0,26,0,1.0,0.999,0.999,0.0,1.505,13.128
1784632425.9114265,21024,0,26,0,1.0,0.999,0.999,0.0,1.506,13.136
1784632425.967384,21034,0,26,0,1.0,0.999,0.999,0.0,1.506,13.145
1784632426.019337,21044,0,26,0,1.0,0.999,0.999,0.0,1.506,13.153
1784632426.0618117,21054,0,26,0,1.0,0.999,0.999,0.0,1.506,13.161
1784632426.1132665,21064,0,26,0,1.0,0.999,0.999,0.0,1.506,13.169
1784632426.1580849,21074,0,26,0,1.0,0.999,0.999,0.0,1.507,13.177
1784632426.2092156,21084,0,26,0,1.0,0.999,0.999,0.0,1.507,13.185
1784632426.2604973,21094,0,26,0,1.0,0.999,0.999,0.0,1.507,13.193
1784632426.3538842,21104,0,26,0,1.0,0.999,0.999,0.0,1.507,13.202
1784632426.4144933,21114,0,26,0,1.0,0.999,0.999,0.0,1.507,13.21
1784632426.4739401,21124,0,26,0,1.0,0.999,0.999,0.0,1.508,13.218
1784632426.5226169,21134,0,26,0,1.0,0.999,0.999,0.0,1.508,13.226
1784632426.568595,21144,0,26,0,1.0,0.999,0.999,0.0,1.508,13.234
1784632426.6392164,21154,0,26,0,1.0,0.999,0.999,0.0,1.508,13.243
1784632426.6912825,21164,0,26,0,1.0,0.999,0.999,0.0,1.509,13.251
1784632426.7933826,21174,0,26,0,1.0,0.999,0.999,0.0,1.509,13.259
1784632426.8707104,21184,0,26,0,1.0,0.999,0.999,0.0,1.509,13.268
1784632426.9500825,21194,0,26,0,1.0,0.999,0.999,0.0,1.509,13.276
1784632427.0568924,21204,0,26,0,1.0,0.999,0.999,0.0,1.509,13.284
1784632427.1623368,21214,0,26,0,1.0,0.999,0.999,0.0,1.51,13.293
1784632427.319871,21224,0,26,0,1.0,0.999,0.999,0.0,1.51,13.301
1784632427.3663263,21234,0,26,0,1.0,0.999,0.999,0.0,1.51,13.31
1784632427.424413,21244,0,26,0,1.0,0.999,0.999,0.0,1.51,13.318
1784632427.475629,21254,0,26,0,1.0,0.999,0.999,0.0,1.51,13.327
1784632427.5379188,21264,0,26,0,1.0,0.999,0.999,0.0,1.51,13.335
1784632427.6059744,21274,0,26,0,1.0,0.999,0.999,0.0,1.51,13.344
1784632427.6951268,21284,0,26,0,1.0,0.999,0.999,0.0,1.511,13.352
1784632427.7549021,21294,0,26,0,1.0,0.999,0.999,0.0,1.511,13.361
1784632427.8425436,21304,0,26,0,1.0,0.999,0.999,0.0,1.511,13.37
1784632427.8802178,21314,0,26,0,1.0,0.999,0.999,0.0,1.511,13.378
1784632427.9165328,21324,0,26,0,1.0,0.999,0.999,0.0,1.511,13.387
1784632427.9637568,21334,0,26,0,1.0,0.999,0.999,0.0,1.511,13.395
1784632428.0037692,21344,0,26,0,1.0,0.999,0.999,0.0,1.511,13.404
1784632428.0463762,21354,0,26,0,1.0,0.999,0.999,0.0,1.511,13.413
1784632428.0756638,21364,0,26,0,1.0,0.999,0.999,0.0,1.511,13.421
1784632428.1004796,21374,0,26,0,1.0,0.999,0.999,0.0,1.511,13.43
1784632428.1366067,21384,0,26,0,1.0,0.999,0.999,0.0,1.511,13.439
1784632428.1839468,21394,0,26,0,1.0,0.999,0.999,0.0,1.512,13.447
1784632428.220972,21404,0,26,0,1.0,0.999,0.999,0.0,1.512,13.456
1784632428.2656372,21414,0,26,0,1.0,0.999,0.999,0.0,1.512,13.464
1784632428.3069634,21424,0,26,0,1.0,0.999,0.999,0.0,1.512,13.473
1784632428.346915,21434,0,26,0,1.0,0.999,0.999,0.0,1.512,13.482
1784632428.377319,21444,0,26,0,1.0,0.999,0.999,0.0,1.512,13.49
1784632428.4088066,21454,0,26,0,1.0,0.999,0.999,0.0,1.512,13.499
1784632428.443463,21464,0,26,0,1.0,0.999,0.999,0.0,1.512,13.508
1784632428.477689,21474,0,26,0,1.0,0.999,0.999,0.0,1.512,13.516
1784632428.5181353,21484,0,26,0,1.0,0.999,0.999,0.0,1.512,13.525
1784632428.5582247,21494,0,26,0,1.0,0.999,0.999,0.0,1.512,13.534
1784632428.6659892,21504,0,26,0,1.0,0.999,0.999,0.0,1.512,13.542
1784632428.7119427,21514,0,26,0,1.0,0.999,0.999,0.0,1.512,13.551
1784632428.7511337,21524,0,26,0,1.0,0.999,0.999,0.0,1.513,13.56
1784632428.8010094,21534,0,26,0,1.0,0.999,0.999,0.0,1.513,13.568
1784632428.8433359,21544,0,26,0,1.0,0.999,0.999,0.0,1.513,13.577
1784632428.8849785,21554,0,26,0,1.0,0.999,0.999,0.0,1.513,13.586
1784632428.936967,21564,0,26,0,1.0,0.999,0.999,0.0,1.513,13.594
1784632428.9705076,21574,0,26,0,1.0,0.999,0.999,0.0,1.513,13.603
1784632429.0043783,21584,0,26,0,1.0,0.999,0.999,0.0,1.513,13.612
1784632429.0325592,21594,0,26,0,1.0,0.999,0.999,0.0,1.513,13.621
1784632429.0721664,21604,0,26,0,1.0,0.999,0.999,0.0,1.514,13.629
1784632429.1057093,21614,0,26,0,1.0,0.999,0.999,0.0,1.514,13.638
1784632429.1417294,21624,0,26,0,1.0,0.999,0.999,0.0,1.514,13.647
1784632429.1821558,21634,0,26,0,1.0,0.999,0.999,0.0,1.514,13.655
1784632429.2091238,21644,0,26,0,1.0,0.999,0.999,0.0,1.514,13.664
1784632429.2453177,21654,0,26,0,1.0,0.999,0.999,0.0,1.514,13.673
1784632429.275853,21664,0,26,0,1.0,0.999,0.999,0.0,1.514,13.682
1784632429.3045845,21674,0,26,0,1.0,0.999,0.999,0.0,1.514,13.69
1784632429.3337126,21684,0,26,0,1.0,0.999,0.999,0.0,1.514,13.699
1784632429.358079,21694,0,26,0,1.0,0.999,0.999,0.0,1.514,13.708
1784632429.8593695,21704,0,26,0,1.0,0.999,0.999,0.0,1.514,13.717
1784632429.906407,21714,0,26,0,1.0,0.999,0.999,0.0,1.514,13.726
1784632429.94829,21724,0,26,0,1.0,0.999,0.999,0.0,1.514,13.734
1784632429.9821343,21734,0,26,0,1.0,0.999,0.999,0.0,1.514,13.743
1784632430.0210135,21744,0,26,0,1.0,0.999,0.999,0.0,1.514,13.752
1784632430.0535607,21754,0,26,0,1.0,0.999,0.999,0.0,1.514,13.761
1784632430.088756,21764,0,26,0,1.0,0.999,0.999,0.0,1.514,13.77
1784632430.122624,21774,0,26,0,1.0,0.999,0.999,0.0,1.514,13.779
1784632430.1631167,21784,0,26,0,1.0,0.999,0.999,0.0,1.514,13.788
1784632430.1914995,21794,0,26,0,1.0,0.999,0.999,0.0,1.514,13.797
1784632430.2215974,21804,0,26,0,1.0,0.999,0.999,0.0,1.514,13.806
1784632430.2520487,21814,0,26,0,1.0,0.999,0.999,0.0,1.514,13.815
1784632430.2926247,21824,0,26,0,1.0,0.999,0.999,0.0,1.515,13.824
1784632430.333749,21834,0,26,0,1.0,0.999,0.999,0.0,1.515,13.833
1784632430.3603773,21844,0,26,0,1.0,0.999,0.999,0.0,1.515,13.842
1784632430.3874607,21854,0,26,0,1.0,0.999,0.999,0.0,1.515,13.851
1784632430.430634,21864,0,26,0,1.0,0.999,0.999,0.0,1.515,13.86
1784632430.462601,21874,0,26,0,1.0,0.999,0.999,0.0,1.515,13.869
1784632430.4938717,21884,0,26,0,1.0,0.999,0.999,0.0,1.515,13.878
1784632430.5312622,21894,0,26,0,1.0,0.999,0.999,0.0,1.515,13.887
1784632430.629594,21904,0,26,0,1.0,0.999,0.999,0.0,1.515,13.896
1784632430.664417,21914,0,26,0,1.0,0.999,0.999,0.0,1.515,13.905
1784632430.6971805,21924,0,26,0,1.0,0.999,0.999,0.0,1.515,13.914
1784632430.7350383,21934,0,26,0,1.0,0.999,0.999,0.0,1.515,13.923
1784632430.7667248,21944,0,26,0,1.0,0.999,0.999,0.0,1.515,13.932
1784632430.827296,21954,0,26,0,1.0,0.999,0.999,0.0,1.515,13.941
1784632430.87569,21964,0,26,0,1.0,0.999,0.999,0.0,1.515,13.95
1784632430.9139745,21974,0,26,0,1.0,0.999,0.999,0.0,1.515,13.959
1784632430.9515994,21984,0,26,0,1.0,0.999,0.999,0.0,1.515,13.968
1784632430.9807262,21994,0,26,0,1.0,0.999,0.999,0.0,1.515,13.977
1784632431.0083165,22004,0,26,0,1.0,0.999,0.999,0.0,1.515,13.986
1784632431.0332491,22014,0,26,0,1.0,0.999,0.999,0.0,1.515,13.995
1784632431.058602,22024,0,26,0,1.0,0.999,0.999,0.0,1.515,14.004
1784632431.092285,22034,0,26,0,1.0,0.999,0.999,0.0,1.515,14.013
1784632431.1361217,22044,0,26,0,1.0,0.999,0.999,0.0,1.515,14.022
1784632431.1649065,22054,0,26,0,1.0,0.999,0.999,0.0,1.515,14.031
1784632431.194364,22064,0,26,0,1.0,0.999,0.999,0.0,1.515,14.04
1784632431.217811,22074,0,26,0,1.0,0.999,0.999,0.0,1.515,14.049
1784632431.2467492,22084,0,26,0,1.0,0.999,0.999,0.0,1.515,14.058
1784632431.2980886,22094,0,26,0,1.0,0.999,0.999,0.0,1.516,14.067
1784632431.4592311,22104,0,26,0,1.0,0.999,0.999,0.0,1.516,14.076
1784632431.4926517,22114,0,26,0,1.0,0.999,0.999,0.0,1.516,14.086
1784632431.545282,22124,0,26,0,1.0,0.999,0.999,0.0,1.516,14.095
1784632431.5787585,22134,0,26,0,1.0,0.999,0.999,0.0,1.516,14.104
1784632431.6090748,22144,0,26,0,1.0,0.999,0.999,0.0,1.516,14.113
1784632431.6488266,22154,0,26,0,1.0,0.999,0.999,0.0,1.516,14.122
1784632431.6901104,22164,0,26,0,1.0,0.999,0.999,0.0,1.516,14.131
1784632431.7233152,22174,0,26,0,1.0,0.999,0.999,0.0,1.516,14.141
1784632431.753139,22184,0,26,0,1.0,0.999,0.999,0.0,1.516,14.15
1784632431.786331,22194,0,26,0,1.0,0.999,0.999,0.0,1.516,14.159
1784632431.8089852,22204,0,26,0,1.0,0.999,0.999,0.0,1.516,14.168
1784632431.8330154,22214,0,26,0,1.0,0.999,0.999,0.0,1.516,14.177
1784632431.923029,22224,0,26,0,1.0,0.999,0.999,0.0,1.516,14.187
1784632432.0099154,22234,0,26,0,1.0,0.999,0.999,0.0,1.516,14.196
1784632432.0748034,22244,0,26,0,1.0,0.999,0.999,0.0,1.516,14.205
1784632432.127865,22254,0,26,0,1.0,0.999,0.999,0.0,1.516,14.214
1784632432.151077,22264,0,26,0,1.0,0.999,0.999,0.0,1.517,14.223
1784632432.239503,22274,0,26,0,1.0,0.999,0.999,0.0,1.517,14.231
1784632432.2841456,22284,0,26,0,1.0,0.999,0.999,0.0,1.517,14.239
1784632432.306485,22294,0,26,0,1.0,0.999,0.999,0.0,1.517,14.248
1784632432.7830124,22304,0,26,0,1.0,0.999,0.999,0.0,1.518,14.256
1784632432.8375337,22314,0,26,0,1.0,0.999,0.999,0.0,1.518,14.265
1784632432.8869402,22324,0,26,0,1.0,0.999,0.999,0.0,1.518,14.274
1784632432.945456,22334,0,26,0,1.0,0.999,0.999,0.0,1.518,14.282
1784632433.0110917,22344,0,26,0,1.0,0.999,0.999,0.0,1.518,14.291
1784632433.0575833,22354,0,26,0,1.0,0.999,0.999,0.0,1.518,14.3
1784632433.1055968,22364,0,26,0,1.0,0.999,0.999,0.0,1.519,14.308
1784632433.15314,22374,0,26,0,1.0,0.999,0.999,0.0,1.519,14.317
1784632433.1995683,22384,0,26,0,1.0,0.999,0.999,0.0,1.519,14.326
1784632433.2513618,22394,0,26,0,1.0,0.999,0.999,0.0,1.519,14.334
1784632433.290769,22404,0,26,0,1.0,0.999,0.999,0.0,1.519,14.343
1784632433.3269007,22414,0,26,0,1.0,0.999,0.999,0.0,1.519,14.352
1784632433.3612914,22424,0,26,0,1.0,0.999,0.999,0.0,1.519,14.361
1784632433.406767,22434,0,26,0,1.0,0.999,0.999,0.0,1.519,14.369
1784632433.4482028,22444,0,26,0,1.0,0.999,0.999,0.0,1.519,14.378
1784632433.4823287,22454,0,26,0,1.0,0.999,0.999,0.0,1.519,14.387
1784632433.53161,22464,0,26,0,1.0,0.999,0.999,0.0,1.519,14.395
1784632433.59937,22474,0,26,0,1.0,0.999,0.999,0.0,1.519,14.404
1784632433.6596506,22484,0,26,0,1.0,0.999,0.999,0.0,1.519,14.413
1784632433.7051537,22494,0,26,0,1.0,0.999,0.999,0.0,1.519,14.422
1784632433.8472614,22504,0,26,0,1.0,0.999,0.999,0.0,1.519,14.431
1784632433.8958628,22514,0,26,0,1.0,0.999,0.999,0.0,1.519,14.44
1784632433.9577086,22524,0,26,0,1.0,0.999,0.999,0.0,1.519,14.448
1784632434.0051,22534,0,26,0,1.0,0.999,0.999,0.0,1.519,14.457
1784632434.0459807,22544,0,26,0,1.0,0.999,0.999,0.0,1.519,14.466
1784632434.0889492,22554,0,26,0,1.0,0.999,0.999,0.0,1.518,14.475
1784632434.1264567,22564,0,26,0,1.0,0.999,0.999,0.0,1.518,14.484
1784632434.1654003,22574,0,26,0,1.0,0.999,0.999,0.0,1.518,14.493
1784632434.202878,22584,0,26,0,1.0,0.999,0.999,0.0,1.518,14.502
1784632434.2454238,22594,0,26,0,1.0,0.999,0.999,0.0,1.518,14.511
1784632434.2748725,22604,0,26,0,1.0,0.999,0.999,0.0,1.518,14.52
1784632434.3032084,22614,0,26,0,1.0,0.999,0.999,0.0,1.518,14.528
1784632434.3364367,22624,0,26,0,1.0,0.999,0.999,0.0,1.518,14.537
1784632434.376071,22634,0,26,0,1.0,0.999,0.999,0.0,1.518,14.546
1784632434.400952,22644,0,26,0,1.0,0.999,0.999,0.0,1.517,14.555
1784632434.438473,22654,0,26,0,1.0,0.999,0.999,0.0,1.517,14.564
1784632434.4687428,22664,0,26,0,1.0,0.999,0.999,0.0,1.517,14.573
1784632434.4927187,22674,0,26,0,1.0,0.999,0.999,0.0,1.517,14.582
1784632434.5168211,22684,0,26,0,1.0,0.999,0.999,0.0,1.516,14.591
1784632434.5581768,22694,0,26,0,1.0,0.999,0.999,0.0,1.516,14.6
1784632434.684423,22704,0,26,0,1.0,0.999,0.999,0.0,1.515,14.609
1784632434.7150047,22714,0,26,0,1.0,0.999,0.999,0.0,1.515,14.618
1784632434.7508051,22724,0,26,0,1.0,0.999,0.999,0.0,1.515,14.627
1784632434.7945704,22734,0,26,0,1.0,0.999,0.999,0.0,1.514,14.636
1784632434.8488975,22744,0,26,0,1.0,0.999,0.999,0.0,1.514,14.645
1784632434.9398513,22754,0,26,0,1.0,0.999,0.999,0.0,1.513,14.654
1784632435.0717082,22764,0,26,0,1.0,0.999,0.999,0.0,1.513,14.663
1784632435.137629,22774,0,26,0,1.0,0.999,0.999,0.0,1.512,14.672
1784632435.1795855,22784,0,26,0,1.0,0.999,0.999,0.0,1.512,14.68
1784632435.2258208,22794,0,26,0,1.0,0.999,0.999,0.0,1.512,14.689
1784632435.3053427,22804,0,26,0,1.0,0.999,0.999,0.0,1.513,14.697
1784632435.3526585,22814,0,26,0,1.0,0.999,0.999,0.0,1.513,14.705
1784632435.3906548,22824,0,26,0,1.0,0.999,0.999,0.0,1.513,14.713
1784632435.427038,22834,0,26,0,1.0,0.999,0.999,0.0,1.513,14.722
1784632435.4576254,22844,0,26,0,1.0,0.999,0.999,0.0,1.514,14.73
1784632435.5090501,22854,0,26,0,1.0,0.999,0.999,0.0,1.514,14.738
1784632435.591618,22864,0,26,0,1.0,0.999,0.999,0.0,1.514,14.746
1784632435.6522186,22874,0,26,0,1.0,0.999,0.999,0.0,1.514,14.755
1784632435.7001417,22884,0,26,0,1.0,0.999,0.999,0.0,1.514,14.763
1784632435.7820895,22894,0,26,0,1.0,0.999,0.999,0.0,1.514,14.771
1784632436.1971748,22904,0,26,0,1.0,0.999,0.999,0.0,1.515,14.78
1784632436.2291238,22914,0,26,0,1.0,0.999,0.999,0.0,1.515,14.788
1784632436.2625875,22924,0,26,0,1.0,0.999,0.999,0.0,1.515,14.797
1784632436.2953963,22934,0,26,0,1.0,0.999,0.999,0.0,1.515,14.805
1784632436.339127,22944,0,26,0,1.0,0.999,0.999,0.0,1.515,14.814
1784632436.373127,22954,0,26,0,1.0,0.999,0.999,0.0,1.515,14.822
1784632436.4125674,22964,0,26,0,1.0,0.999,0.999,0.0,1.515,14.831
1784632436.4542277,22974,0,26,0,1.0,0.999,0.999,0.0,1.515,14.839
1784632436.4850063,22984,0,26,0,1.0,0.999,0.999,0.0,1.515,14.848
1784632436.512856,22994,0,26,0,1.0,0.999,0.999,0.0,1.515,14.856
1784632436.5519133,23004,0,26,0,1.0,0.999,0.999,0.0,1.515,14.865
1784632436.584433,23014,0,26,0,1.0,0.999,0.999,0.0,1.516,14.873
1784632436.6147454,23024,0,26,0,1.0,0.999,0.999,0.0,1.516,14.882
1784632436.6532233,23034,0,26,0,1.0,0.999,0.999,0.0,1.516,14.891
1784632436.6891694,23044,0,26,0,1.0,0.999,0.999,0.0,1.516,14.899
1784632436.7175226,23054,0,26,0,1.0,0.999,0.999,0.0,1.516,14.908
1784632436.7524078,23064,0,26,0,1.0,0.999,0.999,0.0,1.516,14.916
1784632436.7877145,23074,0,26,0,1.0,0.999,0.999,0.0,1.516,14.925
1784632436.8334541,23084,0,26,0,1.0,0.999,0.999,0.0,1.516,14.934
1784632436.8659253,23094,0,26,0,1.0,0.999,0.999,0.0,1.516,14.942
1784632436.9668095,23104,0,26,0,1.0,0.999,0.999,0.0,1.516,14.951
1784632437.0036938,23114,0,26,0,1.0,0.999,0.999,0.0,1.516,14.959
1784632437.0622041,23124,0,26,0,1.0,0.999,0.999,0.0,1.516,14.968
1784632437.1019776,23134,0,26,0,1.0,0.999,0.999,0.0,1.516,14.977
1784632437.1419702,23144,0,26,0,1.0,0.999,0.999,0.0,1.516,14.985
1784632437.1848586,23154,0,26,0,1.0,0.999,0.999,0.0,1.516,14.994
1784632437.2154942,23164,0,26,0,1.0,0.999,0.999,0.0,1.515,15.003
1784632437.2532218,23174,0,26,0,1.0,0.999,0.999,0.0,1.515,15.011
1784632437.2786396,23184,0,26,0,1.0,0.999,0.999,0.0,1.515,15.02
1784632437.3056786,23194,0,26,0,1.0,0.999,0.999,0.0,1.515,15.029
1784632437.3311834,23204,0,26,0,1.0,0.999,0.999,0.0,1.515,15.038
1784632437.3720553,23214,0,26,0,1.0,0.999,0.999,0.0,1.515,15.046
1784632437.4061828,23224,0,26,0,1.0,0.999,0.999,0.0,1.514,15.055
1784632437.4347217,23234,0,26,0,1.0,0.999,0.999,0.0,1.514,15.064
1784632437.4790492,23244,0,26,0,1.0,0.999,0.999,0.0,1.514,15.072
1784632437.5058177,23254,0,26,0,1.0,0.999,0.999,0.0,1.514,15.081
1784632437.5347915,23264,0,26,0,1.0,0.999,0.999,0.0,1.514,15.09
1784632437.5794883,23274,0,26,0,1.0,0.999,0.999,0.0,1.514,15.099
1784632437.6195369,23284,0,26,0,1.0,0.999,0.999,0.0,1.513,15.107
1784632437.6468487,23294,0,26,0,1.0,0.999,0.999,0.0,1.513,15.116
1784632437.7519355,23304,0,26,0,1.0,0.999,0.999,0.0,1.513,15.125
1784632437.7745833,23314,0,26,0,1.0,0.999,0.999,0.0,1.513,15.134
1784632437.8026068,23324,0,26,0,1.0,0.999,0.999,0.0,1.513,15.142
1784632437.8436077,23334,0,26,0,1.0,0.999,0.999,0.0,1.513,15.151
1784632437.8952394,23344,0,26,0,1.0,0.999,0.999,0.0,1.512,15.16
1784632437.93941,23354,0,26,0,1.0,0.999,0.999,0.0,1.512,15.169
1784632437.992087,23364,0,26,0,1.0,0.999,0.999,0.0,1.512,15.178
1784632438.05419,23374,0,26,0,1.0,0.999,0.999,0.0,1.512,15.186
1784632438.097242,23384,0,26,0,1.0,0.999,0.999,0.0,1.512,15.195
1784632438.1393642,23394,0,26,0,1.0,0.999,0.999,0.0,1.512,15.204
1784632438.1730194,23404,0,26,0,1.0,0.999,0.999,0.0,1.512,15.213
1784632438.258203,23414,0,26,0,1.0,0.999,0.999,0.0,1.511,15.222
1784632438.3333683,23424,0,26,0,1.0,0.999,0.999,0.0,1.511,15.231
1784632438.390504,23434,0,26,0,1.0,0.999,0.999,0.0,1.511,15.24
1784632438.4317567,23444,0,26,0,1.0,0.999,0.999,0.0,1.511,15.249
1784632438.461547,23454,0,26,0,1.0,0.999,0.999,0.0,1.511,15.257
1784632438.4996247,23464,0,26,0,1.0,0.999,0.999,0.0,1.51,15.266
1784632438.5477803,23474,0,26,0,1.0,0.999,0.999,0.0,1.51,15.275
1784632438.5828607,23484,0,26,0,1.0,0.999,0.999,0.0,1.51,15.284
1784632438.626594,23494,0,26,0,1.0,0.999,0.999,0.0,1.51,15.293
1784632438.8318963,23504,0,26,0,1.0,0.999,0.999,0.0,1.51,15.302
1784632438.8870933,23514,0,26,0,1.0,0.999,0.999,0.0,1.51,15.311
1784632438.941246,23524,0,26,0,1.0,0.999,0.999,0.0,1.509,15.32
1784632438.9948318,23534,0,26,0,1.0,0.999,0.999,0.0,1.509,15.329
1784632439.045733,23544,0,26,0,1.0,0.999,0.999,0.0,1.509,15.338
1784632439.0879097,23554,0,26,0,1.0,0.999,0.999,0.0,1.509,15.347
1784632439.1282144,23564,0,26,0,1.0,0.999,0.999,0.0,1.508,15.357
1784632439.1959922,23574,0,26,0,1.0,0.999,0.999,0.0,1.508,15.366
1784632439.2476864,23584,0,26,0,1.0,0.999,0.999,0.0,1.508,15.375
1784632439.2894773,23594,0,26,0,1.0,0.999,0.999,0.0,1.508,15.384
1784632439.3321521,23604,0,26,0,1.0,0.999,0.999,0.0,1.508,15.393
1784632439.3800418,23614,0,26,0,1.0,0.999,0.999,0.0,1.507,15.402
1784632439.4226265,23624,0,26,0,1.0,0.999,0.999,0.0,1.507,15.411
1784632439.4587083,23634,0,26,0,1.0,0.999,0.999,0.0,1.507,15.42
1784632439.5264707,23644,0,26,0,1.0,0.999,0.999,0.0,1.506,15.43
1784632439.5743513,23654,0,26,0,1.0,0.999,0.999,0.0,1.506,15.439
1784632439.624925,23664,0,26,0,1.0,0.999,0.999,0.0,1.506,15.448
1784632439.676575,23674,0,26,0,1.0,0.999,0.999,0.0,1.506,15.457
1784632439.738576,23684,0,26,0,1.0,0.999,0.999,0.0,1.505,15.466
1784632439.7999272,23694,0,26,0,1.0,0.999,0.999,0.0,1.505,15.476
1784632439.8653781,23704,0,26,0,1.0,0.999,0.999,0.0,1.505,15.485
1784632439.8970017,23714,0,26,0,1.0,0.999,0.999,0.0,1.505,15.494
1784632439.9578996,23724,0,26,0,1.0,0.999,0.999,0.0,1.504,15.503
1784632440.014294,23734,0,26,0,1.0,0.999,0.999,0.0,1.504,15.513
1784632440.0704992,23744,0,26,0,1.0,0.999,0.999,0.0,1.504,15.522
1784632440.1352885,23754,0,26,0,1.0,0.999,0.999,0.0,1.503,15.531
1784632440.1901696,23764,0,26,0,1.0,0.999,0.999,0.0,1.503,15.54
1784632440.2251692,23774,0,26,0,1.0,0.999,0.999,0.0,1.503,15.549
1784632440.2802105,23784,0,26,0,1.0,0.999,0.999,0.0,1.504,15.557
1784632440.3183808,23794,0,26,0,1.0,0.999,0.999,0.0,1.504,15.566
1784632440.3630092,23804,0,26,0,1.0,0.999,0.999,0.0,1.504,15.574
1784632440.4357746,23814,0,26,0,1.0,0.999,0.999,0.0,1.504,15.583
1784632440.5036418,23824,0,26,0,1.0,0.999,0.999,0.0,1.504,15.591
1784632440.5349584,23834,0,26,0,1.0,0.999,0.999,0.0,1.505,15.6
1784632440.5818605,23844,0,26,0,1.0,0.999,0.999,0.0,1.505,15.608
1784632440.609707,23854,0,26,0,1.0,0.999,0.999,0.0,1.505,15.617
1784632440.6555617,23864,0,26,0,1.0,0.999,0.999,0.0,1.505,15.625
1784632440.6781406,23874,0,26,0,1.0,0.999,0.999,0.0,1.505,15.634
1784632440.717943,23884,0,26,0,1.0,0.999,0.999,0.0,1.505,15.642
1784632440.7654946,23894,0,26,0,1.0,0.999,0.999,0.0,1.506,15.651
1784632440.8112154,23904,0,26,0,1.0,0.999,0.999,0.0,1.506,15.659
1784632440.8535576,23914,0,26,0,1.0,0.999,0.999,0.0,1.506,15.668
1784632440.91285,23924,0,26,0,1.0,0.999,0.999,0.0,1.506,15.676
1784632440.95063,23934,0,26,0,1.0,0.999,0.999,0.0,1.506,15.685
1784632440.975281,23944,0,26,0,1.0,0.999,0.999,0.0,1.506,15.693
1784632441.0186644,23954,0,26,0,1.0,0.999,0.999,0.0,1.506,15.702
1784632441.0804842,23964,0,26,0,1.0,0.999,0.999,0.0,1.506,15.71
1784632441.1353657,23974,0,26,0,1.0,0.999,0.999,0.0,1.506,15.719
1784632441.173746,23984,0,26,0,1.0,0.999,0.999,0.0,1.506,15.728
1784632441.2197287,23994,0,26,0,1.0,0.999,0.999,0.0,1.506,15.736
1784632441.294062,24004,0,26,0,1.0,0.999,0.999,0.0,1.506,15.745
1784632441.345432,24014,0,26,0,1.0,0.999,0.999,0.0,1.506,15.753
1784632441.416894,24024,0,26,0,1.0,0.999,0.999,0.0,1.506,15.762
1784632441.4699879,24034,0,26,0,1.0,0.999,0.999,0.0,1.506,15.771
1784632441.4948525,24044,0,26,0,1.0,0.999,0.999,0.0,1.506,15.779
1784632441.549635,24054,0,26,0,1.0,0.999,0.999,0.0,1.505,15.788
1784632441.598259,24064,0,26,0,1.0,0.999,0.999,0.0,1.505,15.797
1784632441.6275535,24074,0,26,0,1.0,0.999,0.999,0.0,1.505,15.806
1784632441.6556096,24084,0,26,0,1.0,0.999,0.999,0.0,1.505,15.814
1784632441.6990945,24094,0,26,0,1.0,0.999,0.999,0.0,1.505,15.823
1784632441.7499692,24104,0,26,0,1.0,0.999,0.999,0.0,1.504,15.832
1784632441.7945955,24114,0,26,0,1.0,0.999,0.999,0.0,1.504,15.84
1784632441.8481035,24124,0,26,0,1.0,0.999,0.999,0.0,1.504,15.849
1784632441.8792388,24134,0,26,0,1.0,0.999,0.999,0.0,1.504,15.858
1784632441.928272,24144,0,26,0,1.0,0.999,0.999,0.0,1.504,15.867
1784632441.9722457,24154,0,26,0,1.0,0.999,0.999,0.0,1.503,15.875
1784632442.012414,24164,0,26,0,1.0,0.999,0.999,0.0,1.503,15.884
1784632442.0419815,24174,0,26,0,1.0,0.999,0.999,0.0,1.502,15.893
1784632442.0744534,24184,0,26,0,1.0,0.999,0.999,0.0,1.502,15.902
1784632442.103844,24194,0,26,0,1.0,0.999,0.999,0.0,1.502,15.91
1784632442.1480775,24204,0,26,0,1.0,0.999,0.999,0.0,1.501,15.919
1784632442.193604,24214,0,26,0,1.0,0.999,0.999,0.0,1.501,15.928
1784632442.2436602,24224,0,26,0,1.0,0.999,0.999,0.0,1.5,15.937
1784632442.2872076,24234,0,26,0,1.0,0.999,0.999,0.0,1.5,15.945
1784632442.327441,24244,0,26,0,1.0,0.999,0.999,0.0,1.5,15.953
1784632442.3729362,24254,0,26,0,1.0,0.999,0.999,0.0,1.501,15.961
1784632442.404134,24264,0,26,0,1.0,0.999,0.999,0.0,1.501,15.969
1784632442.435284,24274,0,26,0,1.0,0.999,0.999,0.0,1.501,15.977
1784632442.468901,24284,0,26,0,1.0,0.999,0.999,0.0,1.501,15.985
1784632442.5133388,24294,0,26,0,1.0,0.999,0.999,0.0,1.502,15.993
1784632442.550765,24304,0,26,0,1.0,0.999,0.999,0.0,1.502,16.001
1784632442.5830226,24314,0,26,0,1.0,0.999,0.999,0.0,1.502,16.009
1784632442.6215973,24324,0,26,0,1.0,0.999,0.999,0.0,1.502,16.017
1784632442.663101,24334,0,26,0,1.0,0.999,0.999,0.0,1.502,16.025
1784632442.6971364,24344,0,26,0,1.0,0.999,0.999,0.0,1.502,16.033
1784632442.7273362,24354,0,26,0,1.0,0.999,0.999,0.0,1.503,16.041
1784632442.7748659,24364,0,26,0,1.0,0.999,0.999,0.0,1.503,16.049
1784632442.8147423,24374,0,26,0,1.0,0.999,0.999,0.0,1.503,16.057
1784632442.8486147,24384,0,26,0,1.0,0.999,0.999,0.0,1.503,16.065
1784632442.8775988,24394,0,26,0,1.0,0.999,0.999,0.0,1.503,16.073
1784632442.92336,24404,0,26,0,1.0,0.999,0.999,0.0,1.503,16.081
1784632442.9528053,24414,0,26,0,1.0,0.999,0.999,0.0,1.503,16.089
1784632442.981385,24424,0,26,0,1.0,0.999,0.999,0.0,1.503,16.097
1784632443.0066683,24434,0,26,0,1.0,0.999,0.999,0.0,1.503,16.105
1784632443.0395641,24444,0,26,0,1.0,0.999,0.999,0.0,1.503,16.113
1784632443.0781357,24454,0,26,0,1.0,0.999,0.999,0.0,1.503,16.121
1784632443.1284392,24464,0,26,0,1.0,0.999,0.999,0.0,1.503,16.129
1784632443.1780431,24474,0,26,0,1.0,0.999,0.999,0.0,1.503,16.137
1784632443.2184484,24484,0,26,0,1.0,0.999,0.999,0.0,1.503,16.145
1784632443.2575035,24494,0,26,0,1.0,0.999,0.999,0.0,1.503,16.154
1784632443.3040514,24504,0,26,0,1.0,0.999,0.999,0.0,1.503,16.162
1784632443.3494139,24514,0,26,0,1.0,0.999,0.999,0.0,1.503,16.17
1784632443.3792155,24524,0,26,0,1.0,0.999,0.999,0.0,1.503,16.178
1784632443.4199693,24534,0,26,0,1.0,0.999,0.999,0.0,1.503,16.186
1784632443.4518335,24544,0,26,0,1.0,0.999,0.999,0.0,1.503,16.194
1784632443.479138,24554,0,26,0,1.0,0.999,0.999,0.0,1.503,16.202
1784632443.5234623,24564,0,26,0,1.0,0.999,0.999,0.0,1.503,16.21
1784632443.5567129,24574,0,26,0,1.0,0.999,0.999,0.0,1.503,16.218
1784632443.585226,24584,0,26,0,1.0,0.999,0.999,0.0,1.503,16.226
1784632443.613774,24594,0,26,0,1.0,0.999,0.999,0.0,1.503,16.234
1784632443.6626306,24604,0,26,0,1.0,0.999,0.999,0.0,1.503,16.242
1784632443.6947548,24614,0,26,0,1.0,0.999,0.999,0.0,1.503,16.251
1784632443.7383063,24624,0,26,0,1.0,0.999,0.999,0.0,1.503,16.259
1784632443.78375,24634,0,26,0,1.0,0.999,0.999,0.0,1.502,16.267
1784632443.8177934,24644,0,26,0,1.0,0.999,0.999,0.0,1.502,16.275
1784632443.849686,24654,0,26,0,1.0,0.999,0.999,0.0,1.502,16.283
1784632443.9066179,24664,0,26,0,1.0,0.999,0.999,0.0,1.502,16.291
1784632443.957007,24674,0,26,0,1.0,0.999,0.999,0.0,1.502,16.299
1784632444.0349612,24684,0,26,0,1.0,0.999,0.999,0.0,1.502,16.307
1784632444.1104,24694,0,26,0,1.0,0.999,0.999,0.0,1.502,16.316
1784632444.2226176,24704,0,26,0,1.0,0.999,0.999,0.0,1.502,16.324
1784632444.3086777,24714,0,26,0,1.0,0.999,0.999,0.0,1.501,16.332
1784632444.3862,24724,0,26,0,1.0,0.999,0.999,0.0,1.501,16.34
1784632444.4460979,24734,0,26,0,1.0,0.999,0.999,0.0,1.501,16.348
1784632444.5168517,24744,0,26,0,1.0,0.999,0.999,0.0,1.501,16.357
1784632444.6026242,24754,0,26,0,1.0,0.999,0.999,0.0,1.501,16.365
1784632444.6686249,24764,0,26,0,1.0,0.999,0.999,0.0,1.5,16.373
1784632444.7391157,24774,0,26,0,1.0,0.999,0.999,0.0,1.5,16.382
1784632444.7990534,24784,0,26,0,1.0,0.999,0.999,0.0,1.5,16.39
1784632444.854833,24794,0,26,0,1.0,0.999,0.999,0.0,1.5,16.398
1784632444.9058714,24804,0,26,0,1.0,0.999,0.999,0.0,1.5,16.407
1784632444.9359457,24814,0,26,0,1.0,0.999,0.999,0.0,1.5,16.415
1784632445.0017126,24824,0,26,0,1.0,0.999,0.999,0.0,1.499,16.424
1784632445.056708,24834,0,26,0,1.0,0.999,0.999,0.0,1.499,16.432
1784632445.1359122,24844,0,26,0,1.0,0.999,0.999,0.0,1.499,16.441
1784632445.21703,24854,0,26,0,1.0,0.999,0.999,0.0,1.499,16.449
1784632445.2843614,24864,0,26,0,1.0,0.999,0.999,0.0,1.499,16.457
1784632445.42404,24874,0,26,0,1.0,0.999,0.999,0.0,1.498,16.466
1784632445.5039418,24884,0,26,0,1.0,0.999,0.999,0.0,1.498,16.474
1784632445.570094,24894,0,26,0,1.0,0.999,0.999,0.0,1.498,16.482
1784632445.6461813,24904,0,26,0,1.0,0.999,0.999,0.0,1.499,16.49
1784632445.7035716,24914,0,26,0,1.0,0.999,0.999,0.0,1.499,16.498
1784632445.7822738,24924,0,26,0,1.0,0.999,0.999,0.0,1.499,16.505
1784632445.8566017,24934,0,26,0,1.0,0.999,0.999,0.0,1.499,16.513
1784632445.9270012,24944,0,26,0,1.0,0.999,0.999,0.0,1.499,16.521
1784632445.9902248,24954,0,26,0,1.0,0.999,0.999,0.0,1.499,16.529
1784632446.0372305,24964,0,26,0,1.0,0.999,0.999,0.0,1.499,16.537
1784632446.0816448,24974,0,26,0,1.0,0.999,0.999,0.0,1.499,16.545
1784632446.181163,24984,0,26,0,1.0,0.999,0.999,0.0,1.5,16.553
1784632446.2233992,24994,0,26,0,1.0,0.999,0.999,0.0,1.5,16.561
1784632446.2691643,25004,0,26,0,1.0,0.999,0.999,0.0,1.5,16.569
1784632446.3457003,25014,0,26,0,1.0,0.999,0.999,0.0,1.5,16.577
1784632446.4055483,25024,0,26,0,1.0,0.999,0.999,0.0,1.5,16.585
1784632446.462046,25034,0,26,0,1.0,0.999,0.999,0.0,1.5,16.593
1784632446.5119708,25044,0,26,0,1.0,0.999,0.999,0.0,1.5,16.601
1784632446.5469565,25054,0,26,0,1.0,0.999,0.999,0.0,1.5,16.609
1784632446.591239,25064,0,26,0,1.0,0.999,0.999,0.0,1.5,16.617
1784632446.6453435,25074,0,26,0,1.0,0.999,0.999,0.0,1.5,16.625
1784632446.7079556,25084,0,26,0,1.0,0.999,0.999,0.0,1.5,16.633
1784632446.773413,25094,0,26,0,1.0,0.999,0.999,0.0,1.5,16.641
1784632446.824134,25104,0,26,0,1.0,0.999,0.999,0.0,1.5,16.649
1784632446.870557,25114,0,26,0,1.0,0.999,0.999,0.0,1.5,16.657
1784632446.8963542,25124,0,26,0,1.0,0.999,0.999,0.0,1.5,16.665
1784632446.9620178,25134,0,26,0,1.0,0.999,0.999,0.0,1.5,16.673
1784632447.036969,25144,0,26,0,1.0,0.999,0.999,0.0,1.5,16.681
1784632447.0823684,25154,0,26,0,1.0,0.999,0.999,0.0,1.5,16.69
1784632447.143827,25164,0,26,0,1.0,0.999,0.999,0.0,1.5,16.698
1784632447.1954675,25174,0,26,0,1.0,0.999,0.999,0.0,1.5,16.706
1784632447.2346723,25184,0,26,0,1.0,0.999,0.999,0.0,1.5,16.714
1784632447.2596893,25194,0,26,0,1.0,0.999,0.999,0.0,1.5,16.722
1784632447.2855194,25204,0,26,0,1.0,0.999,0.999,0.0,1.499,16.73
1784632447.3113446,25214,0,26,0,1.0,0.999,0.999,0.0,1.499,16.739
1784632447.3570385,25224,0,26,0,1.0,0.999,0.999,0.0,1.499,16.747
1784632447.3896427,25234,0,26,0,1.0,0.999,0.999,0.0,1.499,16.755
1784632447.4474444,25244,0,26,0,1.0,0.999,0.999,0.0,1.499,16.763
1784632447.4844654,25254,0,26,0,1.0,0.999,0.999,0.0,1.499,16.771
1784632447.515038,25264,0,26,0,1.0,0.999,0.999,0.0,1.499,16.78
1784632447.550928,25274,0,26,0,1.0,0.999,0.999,0.0,1.498,16.788
1784632447.6008594,25284,0,26,0,1.0,0.999,0.999,0.0,1.498,16.796
1784632447.6434448,25294,0,26,0,1.0,0.999,0.999,0.0,1.498,16.804
1784632447.677143,25304,0,26,0,1.0,0.999,0.999,0.0,1.498,16.813
1784632447.7022297,25314,0,26,0,1.0,0.999,0.999,0.0,1.498,16.821
1784632447.7287223,25324,0,26,0,1.0,0.999,0.999,0.0,1.498,16.829
1784632447.770331,25334,0,26,0,1.0,0.999,0.999,0.0,1.497,16.837
1784632447.8012292,25344,0,26,0,1.0,0.999,0.999,0.0,1.497,16.846
1784632447.8351705,25354,0,26,0,1.0,0.999,0.999,0.0,1.497,16.854
1784632447.8607705,25364,0,26,0,1.0,0.999,0.999,0.0,1.497,16.862
1784632447.9027164,25374,0,26,0,1.0,0.999,0.999,0.0,1.497,16.87
1784632447.9487636,25384,0,26,0,1.0,0.999,0.999,0.0,1.496,16.879
1784632447.9852738,25394,0,26,0,1.0,0.999,0.999,0.0,1.496,16.887
1784632448.0190194,25404,0,26,0,1.0,0.999,0.999,0.0,1.496,16.895
1784632448.061883,25414,0,26,0,1.0,0.999,0.999,0.0,1.496,16.903
1784632448.089316,25424,0,26,0,1.0,0.999,0.999,0.0,1.495,16.912
1784632448.122235,25434,0,26,0,1.0,0.999,0.999,0.0,1.495,16.92
1784632448.171132,25444,0,26,0,1.0,0.999,0.999,0.0,1.495,16.928
1784632448.205874,25454,0,26,0,1.0,0.999,0.999,0.0,1.494,16.936
1784632448.252544,25464,0,26,0,1.0,0.999,0.999,0.0,1.494,16.945
1784632448.3000607,25474,0,26,0,1.0,0.999,0.999,0.0,1.494,16.953
1784632448.3334835,25484,0,26,0,1.0,0.999,0.999,0.0,1.493,16.961
1784632448.368071,25494,0,26,0,1.0,0.999,0.999,0.0,1.493,16.97
1784632448.4193122,25504,0,26,0,1.0,0.999,0.999,0.0,1.493,16.978
1784632448.4585106,25514,0,26,0,1.0,0.999,0.999,0.0,1.492,16.986
1784632448.492555,25524,0,26,0,1.0,0.999,0.999,0.0,1.492,16.994
1784632448.5446284,25534,0,26,0,1.0,0.999,0.999,0.0,1.492,17.002
1784632448.5737073,25544,0,26,0,1.0,0.999,0.999,0.0,1.493,17.009
1784632448.6067035,25554,0,26,0,1.0,0.999,0.999,0.0,1.493,17.017
1784632448.634891,25564,0,26,0,1.0,0.999,0.999,0.0,1.493,17.024
1784632448.6741416,25574,0,26,0,1.0,0.999,0.999,0.0,1.493,17.032
1784632448.7049067,25584,0,26,0,1.0,0.999,0.999,0.0,1.493,17.04
1784632448.7394748,25594,0,26,0,1.0,0.999,0.999,0.0,1.493,17.047
1784632448.7789855,25604,0,26,0,1.0,0.999,0.999,0.0,1.493,17.055
1784632448.8163235,25614,0,26,0,1.0,0.999,0.999,0.0,1.493,17.062
1784632448.8482344,25624,0,26,0,1.0,0.999,0.999,0.0,1.493,17.07
1784632448.8882968,25634,0,26,0,1.0,0.999,0.999,0.0,1.493,17.077
1784632448.918685,25644,0,26,0,1.0,0.999,0.999,0.0,1.493,17.085
1784632448.9535959,25654,0,26,0,1.0,0.999,0.999,0.0,1.493,17.092
1784632448.9842927,25664,0,26,0,1.0,0.999,0.999,0.0,1.493,17.1
1784632449.0242167,25674,0,26,0,1.0,0.999,0.999,0.0,1.493,17.108
1784632449.053624,25684,0,26,0,1.0,0.999,0.999,0.0,1.493,17.115
1784632449.0851817,25694,0,26,0,1.0,0.999,0.999,0.0,1.493,17.123
1784632449.1195672,25704,0,26,0,1.0,0.999,0.999,0.0,1.493,17.13
1784632449.1653411,25714,0,26,0,1.0,0.999,0.999,0.0,1.493,17.138
1784632449.202152,25724,0,26,0,1.0,0.999,0.999,0.0,1.493,17.146
1784632449.2329376,25734,0,26,0,1.0,0.999,0.999,0.0,1.493,17.153
1784632449.2982614,25744,0,26,0,1.0,0.999,0.999,0.0,1.493,17.161
1784632449.3545475,25754,0,26,0,1.0,0.999,0.999,0.0,1.493,17.168
1784632449.4010634,25764,0,26,0,1.0,0.999,0.999,0.0,1.493,17.176
1784632449.4406672,25774,0,26,0,1.0,0.999,0.999,0.0,1.493,17.184
1784632449.5124433,25784,0,26,0,1.0,0.999,0.999,0.0,1.493,17.191
1784632449.5743668,25794,0,26,0,1.0,0.999,0.999,0.0,1.493,17.199
1784632449.6099868,25804,0,26,0,1.0,0.999,0.999,0.0,1.492,17.207
1784632449.6742983,25814,0,26,0,1.0,0.999,0.999,0.0,1.492,17.214
1784632449.7116532,25824,0,26,0,1.0,0.999,0.999,0.0,1.492,17.222
1784632449.737952,25834,0,26,0,1.0,0.999,0.999,0.0,1.492,17.23
1784632449.7939184,25844,0,26,0,1.0,0.999,0.999,0.0,1.491,17.238
1784632449.8320603,25854,0,26,0,1.0,0.999,0.999,0.0,1.491,17.245
1784632449.8851454,25864,0,26,0,1.0,0.999,0.999,0.0,1.491,17.253
1784632449.9405622,25874,0,26,0,1.0,0.999,0.999,0.0,1.491,17.26
1784632450.0044749,25884,0,26,0,1.0,0.999,0.999,0.0,1.491,17.267
1784632450.071719,25894,0,26,0,1.0,0.999,0.999,0.0,1.491,17.274
1784632450.1428895,25904,0,26,0,1.0,0.999,0.999,0.0,1.492,17.281
1784632450.1959777,25914,0,26,0,1.0,0.999,0.999,0.0,1.492,17.288
1784632450.2815335,25924,0,26,0,1.0,0.999,0.999,0.0,1.492,17.295
1784632450.3415866,25934,0,26,0,1.0,0.999,0.999,0.0,1.492,17.302
1784632450.3915277,25944,0,26,0,1.0,0.999,0.999,0.0,1.492,17.309
1784632450.4516222,25954,0,26,0,1.0,0.999,0.999,0.0,1.493,17.316
1784632450.5170283,25964,0,26,0,1.0,0.999,0.999,0.0,1.493,17.323
1784632450.5779026,25974,0,26,0,1.0,0.999,0.999,0.0,1.493,17.33
1784632450.647932,25984,0,26,0,1.0,0.999,0.999,0.0,1.493,17.337
1784632450.6905277,25994,0,26,0,1.0,0.999,1.0,0.0,1.493,17.345
1784632450.7398028,26004,0,26,0,1.0,0.999,1.0,0.0,1.493,17.352
1784632450.7793422,26014,0,26,0,1.0,0.999,1.0,0.0,1.493,17.359
1784632450.8404891,26024,0,26,0,1.0,0.999,1.0,0.0,1.493,17.366
1784632450.9077406,26034,0,26,0,1.0,0.999,1.0,0.0,1.494,17.373
1784632450.9445357,26044,0,26,0,1.0,0.999,1.0,0.0,1.494,17.38
1784632450.9884477,26054,0,26,0,1.0,0.999,1.0,0.0,1.494,17.388
1784632451.040362,26064,0,26,0,1.0,0.999,1.0,0.0,1.494,17.395
1784632451.090576,26074,0,26,0,1.0,0.999,1.0,0.0,1.494,17.402
1784632451.1410816,26084,0,26,0,1.0,0.999,1.0,0.0,1.494,17.409
1784632451.1845012,26094,0,26,0,1.0,0.999,1.0,0.0,1.494,17.417
1784632451.233394,26104,0,26,0,1.0,0.999,1.0,0.0,1.494,17.424
1784632451.2879195,26114,0,26,0,1.0,0.999,1.0,0.0,1.494,17.431
1784632451.348349,26124,0,26,0,1.0,0.999,1.0,0.0,1.494,17.438
1784632451.4025729,26134,0,26,0,1.0,0.999,1.0,0.0,1.494,17.446
1784632451.4729898,26144,0,26,0,1.0,0.999,1.0,0.0,1.494,17.453
1784632451.516238,26154,0,26,0,1.0,0.999,1.0,0.0,1.494,17.46
1784632451.553618,26164,0,26,0,1.0,0.999,1.0,0.0,1.494,17.467
1784632451.5966175,26174,0,26,0,1.0,0.999,1.0,0.0,1.494,17.475
1784632451.6430364,26184,0,26,0,1.0,0.999,1.0,0.0,1.494,17.482
1784632451.69008,26194,0,26,0,1.0,0.999,1.0,0.0,1.494,17.489
1784632451.7203257,26204,0,26,0,1.0,0.999,1.0,0.0,1.494,17.497
1784632451.7882736,26214,0,26,0,1.0,0.999,1.0,0.0,1.494,17.504
1784632451.829431,26224,0,26,0,1.0,0.999,1.0,0.0,1.493,17.511
1784632451.883869,26234,0,26,0,1.0,0.999,1.0,0.0,1.493,17.519
1784632451.927013,26244,0,26,0,1.0,0.999,1.0,0.0,1.493,17.526
1784632451.9680102,26254,0,26,0,1.0,0.999,1.0,0.0,1.493,17.533
1784632452.0082903,26264,0,26,0,1.0,0.999,1.0,0.0,1.493,17.541
1784632452.0450017,26274,0,26,0,1.0,0.999,1.0,0.0,1.493,17.548
1784632452.0929747,26284,0,26,0,1.0,0.999,1.0,0.0,1.493,17.556
1784632452.1424518,26294,0,26,0,1.0,0.999,1.0,0.0,1.493,17.563
1784632452.201427,26304,0,26,0,1.0,0.999,1.0,0.0,1.493,17.57
1784632452.259813,26314,0,26,0,1.0,0.999,1.0,0.0,1.493,17.578
1784632452.2924154,26324,0,26,0,1.0,0.999,1.0,0.0,1.492,17.585
1784632452.338103,26334,0,26,0,1.0,0.999,1.0,0.0,1.492,17.592
1784632452.3646271,26344,0,26,0,1.0,0.999,1.0,0.0,1.492,17.6
1784632452.3901513,26354,0,26,0,1.0,0.999,1.0,0.0,1.492,17.607
1784632452.4735892,26364,0,26,0,1.0,0.999,1.0,0.0,1.492,17.615
1784632452.5500128,26374,0,26,0,1.0,0.999,1.0,0.0,1.492,17.622
1784632452.604428,26384,0,26,0,1.0,0.999,1.0,0.0,1.492,17.629
1784632452.6463716,26394,0,26,0,1.0,0.999,1.0,0.0,1.491,17.637
1784632452.6828995,26404,0,26,0,1.0,0.999,1.0,0.0,1.491,17.644
1784632452.7090952,26414,0,26,0,1.0,0.999,1.0,0.0,1.491,17.652
1784632452.7432334,26424,0,26,0,1.0,0.999,1.0,0.0,1.491,17.659
1784632452.7917132,26434,0,26,0,1.0,0.999,1.0,0.0,1.491,17.667
1784632452.8561578,26444,0,26,0,1.0,0.999,1.0,0.0,1.491,17.674
1784632452.905024,26454,0,26,0,1.0,0.999,1.0,0.0,1.491,17.682
1784632452.9542632,26464,0,26,0,1.0,0.999,1.0,0.0,1.49,17.689
1784632453.0034502,26474,0,26,0,1.0,0.999,1.0,0.0,1.49,17.696
1784632453.0477896,26484,0,26,0,1.0,0.999,1.0,0.0,1.49,17.704
1784632453.0921288,26494,0,26,0,1.0,0.999,1.0,0.0,1.49,17.711
1784632453.1383343,26504,0,26,0,1.0,0.999,1.0,0.0,1.49,17.719
1784632453.1797824,26514,0,26,0,1.0,0.999,1.0,0.0,1.49,17.726
1784632453.2702708,26524,0,26,0,1.0,0.999,1.0,0.0,1.489,17.734
1784632453.306991,26534,0,26,0,1.0,0.999,1.0,0.0,1.489,17.741
1784632453.3483372,26544,0,26,0,1.0,0.999,1.0,0.0,1.489,17.749
1784632453.4064941,26554,0,26,0,1.0,0.999,1.0,0.0,1.489,17.756
1784632453.477285,26564,0,26,0,1.0,0.999,1.0,0.0,1.489,17.764
1784632453.537726,26574,0,26,0,1.0,0.999,1.0,0.0,1.489,17.771
1784632453.5794141,26584,0,26,0,1.0,0.999,1.0,0.0,1.489,17.778
1784632453.6292312,26594,0,26,0,1.0,0.999,1.0,0.0,1.489,17.785
1784632453.6711807,26604,0,26,0,1.0,0.999,1.0,0.0,1.489,17.792
1784632453.7245176,26614,0,26,0,1.0,0.999,1.0,0.0,1.489,17.799
1784632453.7674148,26624,0,26,0,1.0,0.999,1.0,0.0,1.49,17.806
1784632453.806373,26634,0,26,0,1.0,0.999,1.0,0.0,1.49,17.812
1784632453.8651154,26644,0,26,0,1.0,0.999,1.0,0.0,1.49,17.819
1784632453.8982413,26654,0,26,0,1.0,0.999,1.0,0.0,1.49,17.826
1784632453.944707,26664,0,26,0,1.0,0.999,1.0,0.0,1.49,17.833
1784632454.0146835,26674,0,26,0,1.0,0.999,1.0,0.0,1.491,17.84
1784632454.0645752,26684,0,26,0,1.0,0.999,1.0,0.0,1.491,17.847
1784632454.1112342,26694,0,26,0,1.0,0.999,1.0,0.0,1.491,17.854
1784632454.2497792,26704,0,26,0,1.0,0.999,1.0,0.0,1.491,17.861
1784632454.3067143,26714,0,26,0,1.0,0.999,1.0,0.0,1.491,17.868
1784632454.3612306,26724,0,26,0,1.0,0.999,1.0,0.0,1.492,17.875
1784632454.5364854,26734,0,26,0,1.0,0.999,1.0,0.0,1.492,17.882
1784632454.6026967,26744,0,26,0,1.0,0.999,1.0,0.0,1.492,17.889
1784632454.6713634,26754,0,26,0,1.0,0.999,1.0,0.0,1.492,17.896
1784632454.720572,26764,0,26,0,1.0,0.999,1.0,0.0,1.493,17.903
1784632454.760059,26774,0,26,0,1.0,0.999,1.0,0.0,1.493,17.91
1784632454.800082,26784,0,26,0,1.0,0.999,1.0,0.0,1.493,17.917
1784632454.8417752,26794,0,26,0,1.0,0.999,1.0,0.0,1.493,17.924
1784632454.8965952,26804,0,26,0,1.0,0.999,1.0,0.0,1.494,17.931
1784632454.9593055,26814,0,26,0,1.0,0.999,1.0,0.0,1.494,17.938
1784632455.0117638,26824,0,26,0,1.0,0.999,1.0,0.0,1.494,17.945
1784632455.067836,26834,0,26,0,1.0,0.999,1.0,0.0,1.494,17.952
1784632455.1055958,26844,0,26,0,1.0,0.999,1.0,0.0,1.494,17.96
1784632455.1437538,26854,0,26,0,1.0,0.999,1.0,0.0,1.495,17.967
1784632455.1760309,26864,0,26,0,1.0,0.999,1.0,0.0,1.495,17.974
1784632455.2146215,26874,0,26,0,1.0,0.999,1.0,0.0,1.495,17.981
1784632455.2527275,26884,0,26,0,1.0,0.999,1.0,0.0,1.496,17.988
1784632455.3174417,26894,0,26,0,1.0,0.999,1.0,0.0,1.496,17.995
1784632455.4174063,26904,0,26,0,1.0,0.999,1.0,0.0,1.496,18.002
1784632455.4724855,26914,0,26,0,1.0,0.999,1.0,0.0,1.496,18.01
1784632455.5276012,26924,0,26,0,1.0,0.999,1.0,0.0,1.497,18.017
1784632455.5721927,26934,0,26,0,1.0,0.999,1.0,0.0,1.497,18.024
1784632455.634095,26944,0,26,0,1.0,0.999,1.0,0.0,1.497,18.031
1784632455.6816814,26954,0,26,0,1.0,0.999,1.0,0.0,1.497,18.038
1784632455.7412286,26964,0,26,0,1.0,0.999,1.0,0.0,1.498,18.045
1784632455.8212745,26974,0,26,0,1.0,0.999,1.0,0.0,1.498,18.053
1784632455.9075909,26984,0,26,0,1.0,0.999,1.0,0.0,1.498,18.06
1784632455.967528,26994,0,26,0,1.0,0.999,1.0,0.0,1.499,18.067
1784632456.0275936,27004,0,26,0,1.0,0.999,1.0,0.0,1.499,18.074
1784632456.0898118,27014,0,26,0,1.0,0.999,1.0,0.0,1.499,18.082
1784632456.1715045,27024,0,26,0,1.0,0.999,1.0,0.0,1.499,18.089
1784632456.2627003,27034,0,26,0,1.0,0.999,1.0,0.0,1.5,18.096
1784632456.367847,27044,0,26,0,1.0,0.999,1.0,0.0,1.5,18.104
1784632456.4317076,27054,0,26,0,1.0,0.999,1.0,0.0,1.5,18.111
1784632456.4824178,27064,0,26,0,1.0,0.999,1.0,0.0,1.5,18.118
1784632456.5282934,27074,0,26,0,1.0,0.999,1.0,0.0,1.501,18.126
1784632456.5917196,27084,0,26,0,1.0,0.999,1.0,0.0,1.501,18.133
1784632456.6572056,27094,0,26,0,1.0,0.999,1.0,0.0,1.501,18.14
1784632456.710817,27104,0,26,0,1.0,0.999,1.0,0.0,1.501,18.148
1784632456.7680566,27114,0,26,0,1.0,0.999,1.0,0.0,1.502,18.155
1784632456.8383524,27124,0,26,0,1.0,0.999,1.0,0.0,1.502,18.163
1784632456.9458685,27134,0,26,0,1.0,0.999,1.0,0.0,1.502,18.17
1784632457.0193057,27144,0,26,0,1.0,0.999,1.0,0.0,1.502,18.178
1784632457.0825136,27154,0,26,0,1.0,0.999,1.0,0.0,1.502,18.185
1784632457.1285882,27164,0,26,0,1.0,0.999,1.0,0.0,1.503,18.192
1784632457.1841187,27174,0,26,0,1.0,0.999,1.0,0.0,1.503,18.2
1784632457.2209098,27184,0,26,0,1.0,0.999,1.0,0.0,1.503,18.207
1784632457.2742894,27194,0,26,0,1.0,0.999,1.0,0.0,1.503,18.215
1784632457.3064036,27204,0,26,0,1.0,0.999,1.0,0.0,1.504,18.222
1784632457.347352,27214,0,26,0,1.0,0.999,1.0,0.0,1.504,18.23
1784632457.405171,27224,0,26,0,1.0,0.999,1.0,0.0,1.504,18.238
1784632457.4469242,27234,0,26,0,1.0,0.999,1.0,0.0,1.504,18.245
1784632457.5534842,27244,0,26,0,1.0,0.999,1.0,0.0,1.504,18.253
1784632457.6504068,27254,0,26,0,1.0,0.999,1.0,0.0,1.505,18.26
1784632457.705837,27264,0,26,0,1.0,0.999,1.0,0.0,1.505,18.268
1784632457.7626617,27274,0,26,0,1.0,0.999,1.0,0.0,1.505,18.275
1784632457.7987843,27284,0,26,0,1.0,0.999,1.0,0.0,1.505,18.283
1784632457.8412778,27294,0,26,0,1.0,0.999,1.0,0.0,1.505,18.291
1784632458.2191074,27304,0,26,0,1.0,0.999,1.0,0.0,1.505,18.298
1784632458.3089914,27314,0,26,0,1.0,0.999,1.0,0.0,1.506,18.306
1784632458.379466,27324,0,26,0,1.0,0.999,1.0,0.0,1.506,18.314
1784632458.4556882,27334,0,26,0,1.0,0.999,1.0,0.0,1.506,18.322
1784632458.5319316,27344,0,26,0,1.0,0.999,1.0,0.0,1.506,18.33
1784632458.6092997,27354,0,26,0,1.0,0.999,1.0,0.0,1.506,18.337
1784632458.6599853,27364,0,26,0,1.0,0.999,1.0,0.0,1.507,18.345
1784632458.702702,27374,0,26,0,1.0,0.999,1.0,0.0,1.507,18.353
1784632458.7588072,27384,0,26,0,1.0,0.999,1.0,0.0,1.507,18.361
1784632458.8506098,27394,0,26,0,1.0,0.999,1.0,0.0,1.507,18.369
1784632458.921452,27404,0,26,0,1.0,0.999,1.0,0.0,1.507,18.377
1784632458.9740384,27414,0,26,0,1.0,0.999,1.0,0.0,1.508,18.385
1784632459.0166535,27424,0,26,0,1.0,0.999,1.0,0.0,1.508,18.393
1784632459.065834,27434,0,26,0,1.0,0.999,1.0,0.0,1.508,18.401
1784632459.1190226,27444,0,26,0,1.0,0.999,1.0,0.0,1.508,18.409
1784632459.1800783,27454,0,26,0,1.0,0.999,1.0,0.0,1.508,18.417
1784632459.2322628,27464,0,26,0,1.0,0.999,1.0,0.0,1.508,18.425
1784632459.2764456,27474,0,26,0,1.0,0.999,1.0,0.0,1.509,18.433
1784632459.3366146,27484,0,26,0,1.0,0.999,1.0,0.0,1.509,18.441
1784632459.376428,27494,0,26,0,1.0,0.999,1.0,0.0,1.509,18.449
1784632459.447111,27504,0,26,0,1.0,0.999,1.0,0.0,1.509,18.457
1784632459.5058608,27514,0,26,0,1.0,0.999,1.0,0.0,1.509,18.465
1784632459.5658984,27524,0,26,0,1.0,0.999,1.0,0.0,1.509,18.473
1784632459.6327875,27534,0,26,0,1.0,0.999,1.0,0.0,1.509,18.481
1784632459.676564,27544,0,26,0,1.0,0.999,1.0,0.0,1.509,18.489
1784632459.718318,27554,0,26,0,1.0,0.999,1.0,0.0,1.509,18.497
1784632459.779738,27564,0,26,0,1.0,0.999,1.0,0.0,1.509,18.505
1784632459.8577535,27574,0,26,0,1.0,0.999,1.0,0.0,1.51,18.513
1784632459.9293542,27584,0,26,0,1.0,0.999,1.0,0.0,1.51,18.522
1784632460.020004,27594,0,26,0,1.0,0.999,1.0,0.0,1.51,18.53
1784632460.085007,27604,0,26,0,1.0,0.999,1.0,0.0,1.51,18.538
1784632460.1536803,27614,0,26,0,1.0,0.999,1.0,0.0,1.51,18.546
1784632460.1972094,27624,0,26,0,1.0,0.999,1.0,0.0,1.51,18.554
1784632460.249843,27634,0,26,0,1.0,0.999,1.0,0.0,1.51,18.563
1784632460.3018556,27644,0,26,0,1.0,0.999,1.0,0.0,1.51,18.571
1784632460.335958,27654,0,26,0,1.0,0.999,1.0,0.0,1.51,18.579
1784632460.4041908,27664,0,26,0,1.0,0.999,1.0,0.0,1.51,18.587
1784632460.4539921,27674,0,26,0,1.0,0.999,1.0,0.0,1.51,18.596
1784632460.5301805,27684,0,26,0,1.0,0.999,1.0,0.0,1.51,18.604
1784632460.5921285,27694,0,26,0,1.0,0.999,1.0,0.0,1.51,18.612
1784632460.6480656,27704,0,26,0,1.0,0.999,1.0,0.0,1.51,18.621
1784632460.6921282,27714,0,26,0,1.0,0.999,1.0,0.0,1.51,18.629
1784632460.7332957,27724,0,26,0,1.0,0.999,1.0,0.0,1.51,18.637
1784632460.7917666,27734,0,26,0,1.0,0.999,1.0,0.0,1.51,18.646
1784632460.8281684,27744,0,26,0,1.0,0.999,1.0,0.0,1.51,18.654
1784632460.8662276,27754,0,26,0,1.0,0.999,1.0,0.0,1.51,18.662
1784632460.9081705,27764,0,26,0,1.0,0.999,1.0,0.0,1.51,18.671
1784632460.9438753,27774,0,26,0,1.0,0.999,1.0,0.0,1.51,18.679
1784632460.989083,27784,0,26,0,1.0,0.999,1.0,0.0,1.51,18.687
1784632461.028758,27794,0,26,0,1.0,0.999,1.0,0.0,1.51,18.696
1784632461.0644157,27804,0,26,0,1.0,0.999,1.0,0.0,1.51,18.704
1784632461.0958652,27814,0,26,0,1.0,0.999,1.0,0.0,1.51,18.712
1784632461.1248024,27824,0,26,0,1.0,0.999,1.0,0.0,1.51,18.72
1784632461.1721885,27834,0,26,0,1.0,0.999,1.0,0.0,1.51,18.728
1784632461.205301,27844,0,26,0,1.0,0.999,1.0,0.0,1.51,18.735
1784632461.2447221,27854,0,26,0,1.0,0.999,1.0,0.0,1.511,18.743
1784632461.2982922,27864,0,26,0,1.0,0.999,1.0,0.0,1.511,18.751
1784632461.330104,27874,0,26,0,1.0,0.999,1.0,0.0,1.511,18.758
1784632461.3666663,27884,0,26,0,1.0,0.999,1.0,0.0,1.511,18.766
1784632461.4216967,27894,0,26,0,1.0,0.999,1.0,0.0,1.511,18.774
1784632461.4615774,27904,0,26,0,1.0,0.999,1.0,0.0,1.511,18.782
1784632461.5003996,27914,0,26,0,1.0,0.999,1.0,0.0,1.512,18.789
1784632461.538207,27924,0,26,0,1.0,0.999,1.0,0.0,1.512,18.797
1784632461.5906641,27934,0,26,0,1.0,0.999,1.0,0.0,1.512,18.805
1784632461.639488,27944,0,26,0,1.0,0.999,1.0,0.0,1.512,18.812
1784632461.6854174,27954,0,26,0,1.0,0.999,1.0,0.0,1.512,18.82
1784632461.7217221,27964,0,26,0,1.0,0.999,1.0,0.0,1.512,18.828
1784632461.7793524,27974,0,26,0,1.0,0.999,1.0,0.0,1.512,18.836
1784632461.8169994,27984,0,26,0,1.0,0.999,1.0,0.0,1.513,18.843
1784632461.8468597,27994,0,26,0,1.0,0.999,1.0,0.0,1.513,18.851
1784632461.8909523,28004,0,26,0,1.0,0.999,1.0,0.0,1.513,18.859
1784632461.924854,28014,0,26,0,1.0,0.999,1.0,0.0,1.513,18.867
1784632461.9656281,28024,0,26,0,1.0,0.999,1.0,0.0,1.513,18.874
1784632461.999442,28034,0,26,0,1.0,0.999,1.0,0.0,1.513,18.882
1784632462.0477588,28044,0,26,0,1.0,0.999,1.0,0.0,1.513,18.89
1784632462.1020172,28054,0,26,0,1.0,0.999,1.0,0.0,1.513,18.898
1784632462.1648443,28064,0,26,0,1.0,0.999,1.0,0.0,1.513,18.905
1784632462.2244363,28074,0,26,0,1.0,0.999,1.0,0.0,1.514,18.913
1784632462.288585,28084,0,26,0,1.0,0.999,1.0,0.0,1.514,18.921
1784632462.35654,28094,0,26,0,1.0,0.999,1.0,0.0,1.514,18.929
1784632462.4095933,28104,0,26,0,1.0,0.999,1.0,0.0,1.514,18.936
1784632462.4488857,28114,0,26,0,1.0,0.999,1.0,0.0,1.514,18.944
1784632462.5115685,28124,0,26,0,1.0,0.999,1.0,0.0,1.514,18.952
1784632462.6043756,28134,0,26,0,1.0,0.999,1.0,0.0,1.514,18.96
1784632462.6785355,28144,0,26,0,1.0,0.999,1.0,0.0,1.514,18.968
1784632462.7485428,28154,0,26,0,1.0,0.999,1.0,0.0,1.514,18.976
1784632462.8215966,28164,0,26,0,1.0,0.999,1.0,0.0,1.514,18.984
1784632462.8817737,28174,0,26,0,1.0,0.999,1.0,0.0,1.514,18.991
1784632462.927572,28184,0,26,0,1.0,0.999,1.0,0.0,1.514,18.999
1784632462.9965522,28194,0,26,0,1.0,0.999,1.0,0.0,1.514,19.007
1784632463.0783188,28204,0,26,0,1.0,0.999,1.0,0.0,1.514,19.015
1784632463.1197677,28214,0,26,0,1.0,0.999,1.0,0.0,1.514,19.023
1784632463.1862357,28224,0,26,0,1.0,0.999,1.0,0.0,1.514,19.031
1784632463.2482967,28234,0,26,0,1.0,0.999,1.0,0.0,1.514,19.039
1784632463.326813,28244,0,26,0,1.0,0.999,1.0,0.0,1.514,19.047
1784632463.380055,28254,0,26,0,1.0,0.999,1.0,0.0,1.514,19.055
1784632463.4718845,28264,0,26,0,1.0,0.999,1.0,0.0,1.514,19.063
1784632463.5413666,28274,0,26,0,1.0,0.999,1.0,0.0,1.514,19.071
1784632463.629778,28284,0,26,0,1.0,0.999,1.0,0.0,1.514,19.079
1784632463.6908455,28294,0,26,0,1.0,0.999,1.0,0.0,1.514,19.087
1784632463.780893,28304,0,26,0,1.0,0.999,1.0,0.0,1.514,19.096
1784632463.846885,28314,0,26,0,1.0,0.999,1.0,0.0,1.514,19.104
1784632463.9288836,28324,0,26,0,1.0,0.999,1.0,0.0,1.514,19.112
1784632464.0079067,28334,0,26,0,1.0,0.999,1.0,0.0,1.514,19.12
1784632464.067695,28344,0,26,0,1.0,0.999,1.0,0.0,1.513,19.128
1784632464.1245592,28354,0,26,0,1.0,0.999,1.0,0.0,1.513,19.136
1784632464.174143,28364,0,26,0,1.0,0.999,1.0,0.0,1.513,19.145
1784632464.2346635,28374,0,26,0,1.0,0.999,1.0,0.0,1.513,19.153
1784632464.2920995,28384,0,26,0,1.0,0.999,1.0,0.0,1.513,19.161
1784632464.3414268,28394,0,26,0,1.0,0.999,1.0,0.0,1.513,19.169
1784632464.4322891,28404,0,26,0,1.0,0.999,1.0,0.0,1.513,19.178
1784632464.4863846,28414,0,26,0,1.0,0.999,1.0,0.0,1.513,19.186
1784632464.5201728,28424,0,26,0,1.0,0.999,1.0,0.0,1.512,19.194
1784632464.560464,28434,0,26,0,1.0,0.999,1.0,0.0,1.512,19.202
1784632464.6110113,28444,0,26,0,1.0,0.999,1.0,0.0,1.512,19.211
1784632464.662269,28454,0,26,0,1.0,0.999,1.0,0.0,1.512,19.219
1784632464.7057207,28464,0,26,0,1.0,0.999,1.0,0.0,1.512,19.227
1784632464.7661786,28474,0,26,0,1.0,0.999,1.0,0.0,1.512,19.236
1784632464.8142827,28484,0,26,0,1.0,0.999,1.0,0.0,1.512,19.244
1784632464.8715081,28494,0,26,0,1.0,0.999,1.0,0.0,1.511,19.252
1784632464.9393468,28504,0,26,0,1.0,0.999,1.0,0.0,1.511,19.261
1784632464.9887438,28514,0,26,0,1.0,0.999,1.0,0.0,1.511,19.269
1784632465.0518718,28524,0,26,0,1.0,0.999,1.0,0.0,1.511,19.278
1784632465.1250527,28534,0,26,0,1.0,0.999,1.0,0.0,1.511,19.286
1784632465.179028,28544,0,26,0,1.0,0.999,1.0,0.0,1.511,19.294
1784632465.2291622,28554,0,26,0,1.0,0.999,1.0,0.0,1.51,19.303
1784632465.2926962,28564,0,26,0,1.0,0.999,1.0,0.0,1.51,19.311
1784632465.3451047,28574,0,26,0,1.0,0.999,1.0,0.0,1.51,19.32
1784632465.4089496,28584,0,26,0,1.0,0.999,1.0,0.0,1.51,19.328
1784632465.4515276,28594,0,26,0,1.0,0.999,1.0,0.0,1.509,19.337
1784632465.5113938,28604,0,26,0,1.0,0.999,1.0,0.0,1.509,19.345
1784632465.5765731,28614,0,26,0,1.0,0.999,1.0,0.0,1.509,19.353
1784632465.6297405,28624,0,26,0,1.0,0.999,1.0,0.0,1.509,19.361
1784632465.7260954,28634,0,26,0,1.0,0.999,1.0,0.0,1.51,19.369
1784632465.7593603,28644,0,26,0,1.0,0.999,1.0,0.0,1.51,19.377
1784632465.789232,28654,0,26,0,1.0,0.999,1.0,0.0,1.51,19.385
1784632465.8557682,28664,0,26,0,1.0,0.999,1.0,0.0,1.51,19.392
1784632465.9088197,28674,0,26,0,1.0,0.999,1.0,0.0,1.51,19.4
1784632465.9728477,28684,0,26,0,1.0,0.999,1.0,0.0,1.51,19.408
1784632466.0149543,28694,0,26,0,1.0,0.999,1.0,0.0,1.511,19.416
1784632466.049022,28704,0,26,0,1.0,0.999,1.0,0.0,1.511,19.424
1784632466.0964873,28714,0,26,0,1.0,0.999,1.0,0.0,1.511,19.432
1784632466.1347604,28724,0,26,0,1.0,0.999,1.0,0.0,1.511,19.44
1784632466.1679206,28734,0,26,0,1.0,0.999,1.0,0.0,1.51,19.448
1784632466.2188046,28744,0,26,0,1.0,0.999,1.0,0.0,1.51,19.456
1784632466.2476547,28754,0,26,0,1.0,0.999,1.0,0.0,1.51,19.463
1784632466.2778687,28764,0,26,0,1.0,0.999,1.0,0.0,1.51,19.471
1784632466.3217738,28774,0,26,0,1.0,0.999,1.0,0.0,1.51,19.479
1784632466.3637266,28784,0,26,0,1.0,0.999,1.0,0.0,1.51,19.487
1784632466.398605,28794,0,26,0,1.0,0.999,1.0,0.0,1.51,19.495
1784632466.430599,28804,0,26,0,1.0,0.999,1.0,0.0,1.51,19.503
1784632466.4626744,28814,0,26,0,1.0,0.999,1.0,0.0,1.51,19.511
1784632466.4894545,28824,0,26,0,1.0,0.999,1.0,0.0,1.51,19.519
1784632466.524849,28834,0,26,0,1.0,0.999,1.0,0.0,1.51,19.527
1784632466.5638654,28844,0,26,0,1.0,0.999,1.0,0.0,1.509,19.535
1784632466.606534,28854,0,26,0,1.0,0.999,1.0,0.0,1.509,19.543
1784632466.6637654,28864,0,26,0,1.0,0.999,1.0,0.0,1.509,19.551
1784632466.7089398,28874,0,26,0,1.0,0.999,1.0,0.0,1.509,19.559
1784632466.749944,28884,0,26,0,1.0,0.999,1.0,0.0,1.509,19.567
1784632466.7946975,28894,0,26,0,1.0,0.999,1.0,0.0,1.509,19.575
1784632466.834583,28904,0,26,0,1.0,0.999,1.0,0.0,1.508,19.583
1784632466.8870358,28914,0,26,0,1.0,0.999,1.0,0.0,1.508,19.591
1784632466.9283154,28924,0,26,0,1.0,0.999,1.0,0.0,1.508,19.598
1784632466.962317,28934,0,26,0,1.0,0.999,1.0,0.0,1.508,19.606
1784632467.0026681,28944,0,26,0,1.0,0.999,1.0,0.0,1.507,19.614
1784632467.0474236,28954,0,26,0,1.0,0.999,1.0,0.0,1.507,19.622
1784632467.0796127,28964,0,26,0,1.0,0.999,1.0,0.0,1.507,19.63
1784632467.1191595,28974,0,26,0,1.0,0.999,1.0,0.0,1.507,19.638
1784632467.1472955,28984,0,26,0,1.0,0.999,1.0,0.0,1.507,19.646
1784632467.19171,28994,0,26,0,1.0,0.999,1.0,0.0,1.506,19.654
1784632467.2382884,29004,0,26,0,1.0,0.999,1.0,0.0,1.506,19.662
1784632467.274969,29014,0,26,0,1.0,0.999,1.0,0.0,1.506,19.67
1784632467.3036144,29024,0,26,0,1.0,0.999,1.0,0.0,1.506,19.678
1784632467.3427343,29034,0,26,0,1.0,0.999,1.0,0.0,1.506,19.686
1784632467.369862,29044,0,26,0,1.0,0.999,1.0,0.0,1.505,19.694
1784632467.4111247,29054,0,26,0,1.0,0.999,1.0,0.0,1.505,19.702
1784632467.4529548,29064,0,26,0,1.0,0.999,1.0,0.0,1.505,19.71
1784632467.4852834,29074,0,26,0,1.0,0.999,1.0,0.0,1.505,19.718
1784632467.5279486,29084,0,26,0,1.0,0.999,1.0,0.0,1.505,19.726
1784632467.5753524,29094,0,26,0,1.0,0.999,1.0,0.0,1.504,19.734
1784632467.614276,29104,0,26,0,1.0,0.999,1.0,0.0,1.504,19.743
1784632467.669775,29114,0,26,0,1.0,0.999,1.0,0.0,1.504,19.751
1784632467.7293167,29124,0,26,0,1.0,0.999,1.0,0.0,1.504,19.759
1784632467.7814124,29134,0,26,0,1.0,0.999,1.0,0.0,1.504,19.767
1784632467.8283296,29144,0,26,0,1.0,0.999,1.0,0.0,1.503,19.775
1784632467.8654995,29154,0,26,0,1.0,0.999,1.0,0.0,1.503,19.783
1784632467.9087384,29164,0,26,0,1.0,0.999,1.0,0.0,1.503,19.791
1784632467.9524121,29174,0,26,0,1.0,0.999,1.0,0.0,1.503,19.798
1784632467.9878464,29184,0,26,0,1.0,0.999,1.0,0.0,1.503,19.806
1784632468.0823874,29194,0,26,0,1.0,0.999,1.0,0.0,1.503,19.813
1784632468.120265,29204,0,26,0,1.0,0.999,1.0,0.0,1.503,19.82
1784632468.1495607,29214,0,26,0,1.0,0.999,1.0,0.0,1.504,19.828
1784632468.1992207,29224,0,26,0,1.0,0.999,1.0,0.0,1.504,19.835
1784632468.2518837,29234,0,26,0,1.0,0.999,1.0,0.0,1.504,19.843
1784632468.298702,29244,0,26,0,1.0,0.999,1.0,0.0,1.504,19.85
1784632468.3317628,29254,0,26,0,1.0,0.999,1.0,0.0,1.504,19.858
1784632468.3791254,29264,0,26,0,1.0,0.999,1.0,0.0,1.505,19.865
1784632468.4482477,29274,0,26,0,1.0,0.999,1.0,0.0,1.505,19.873
1784632468.5237253,29284,0,26,0,1.0,0.999,1.0,0.0,1.505,19.88
1784632468.5976143,29294,0,26,0,1.0,0.999,1.0,0.0,1.505,19.887
1784632468.6669762,29304,0,26,0,1.0,0.999,1.0,0.0,1.505,19.895
1784632468.7449958,29314,0,26,0,1.0,0.999,1.0,0.0,1.505,19.902
1784632468.7946758,29324,0,26,0,1.0,0.999,1.0,0.0,1.505,19.91
1784632468.8634791,29334,0,26,0,1.0,0.999,1.0,0.0,1.505,19.918
1784632468.9186678,29344,0,26,0,1.0,0.999,1.0,0.0,1.505,19.925
1784632468.9962902,29354,0,26,0,1.0,0.999,1.0,0.0,1.506,19.933
1784632469.0476673,29364,0,26,0,1.0,0.999,1.0,0.0,1.506,19.94
1784632469.1279156,29374,0,26,0,1.0,0.999,1.0,0.0,1.506,19.948
1784632469.1998756,29384,0,26,0,1.0,0.999,1.0,0.0,1.506,19.955
1784632469.269467,29394,0,26,0,1.0,0.999,1.0,0.0,1.506,19.963
1784632469.3249266,29404,0,26,0,1.0,0.999,1.0,0.0,1.506,19.971
1784632469.3808982,29414,0,26,0,1.0,0.999,1.0,0.0,1.506,19.978
1784632469.466432,29424,0,26,0,1.0,0.999,1.0,0.0,1.506,19.986
1784632469.5595286,29434,0,26,0,1.0,0.999,1.0,0.0,1.506,19.994
1784632469.642238,29444,0,26,0,1.0,0.999,1.0,0.0,1.506,20.001
1784632469.692897,29454,0,26,0,1.0,0.999,1.0,0.0,1.506,20.009
1784632469.7606275,29464,0,26,0,1.0,0.999,1.0,0.0,1.506,20.017
1784632469.811227,29474,0,26,0,1.0,0.999,1.0,0.0,1.506,20.025
1784632469.8710184,29484,0,26,0,1.0,0.999,1.0,0.0,1.506,20.032
1784632469.9155753,29494,0,26,0,1.0,0.999,1.0,0.0,1.506,20.04
1784632469.975804,29504,0,26,0,1.0,0.999,1.0,0.0,1.506,20.048
1784632470.0497622,29514,0,26,0,1.0,0.999,1.0,0.0,1.506,20.056
1784632470.0989447,29524,0,26,0,1.0,0.999,1.0,0.0,1.506,20.063
1784632470.1619442,29534,0,26,0,1.0,0.999,1.0,0.0,1.505,20.071
1784632470.1945052,29544,0,26,0,1.0,0.999,1.0,0.0,1.505,20.079
1784632470.2728398,29554,0,26,0,1.0,0.999,1.0,0.0,1.505,20.087
1784632470.3213382,29564,0,26,0,1.0,0.999,1.0,0.0,1.505,20.095
1784632470.382032,29574,0,26,0,1.0,0.999,1.0,0.0,1.505,20.102
1784632470.4597168,29584,0,26,0,1.0,0.999,1.0,0.0,1.505,20.11
1784632470.5216777,29594,0,26,0,1.0,0.999,1.0,0.0,1.505,20.118
1784632470.5621033,29604,0,26,0,1.0,0.999,1.0,0.0,1.505,20.126
1784632470.691807,29614,0,26,0,1.0,0.999,1.0,0.0,1.504,20.134
1784632470.7804513,29624,0,26,0,1.0,0.999,1.0,0.0,1.504,20.142
1784632470.8441155,29634,0,26,0,1.0,0.999,1.0,0.0,1.504,20.15
1784632470.9118402,29644,0,26,0,1.0,0.999,1.0,0.0,1.504,20.158
1784632470.9627497,29654,0,26,0,1.0,0.999,1.0,0.0,1.504,20.165
1784632471.019142,29664,0,26,0,1.0,0.999,1.0,0.0,1.504,20.173
1784632471.0801957,29674,0,26,0,1.0,0.999,1.0,0.0,1.503,20.181
1784632471.1456337,29684,0,26,0,1.0,0.999,1.0,0.0,1.503,20.189
1784632471.1987648,29694,0,26,0,1.0,0.999,1.0,0.0,1.503,20.197
1784632471.2585695,29704,0,26,0,1.0,0.999,1.0,0.0,1.503,20.204
1784632471.3208976,29714,0,26,0,1.0,0.999,1.0,0.0,1.503,20.212
1784632471.3911994,29724,0,26,0,1.0,0.999,1.0,0.0,1.503,20.219
1784632471.4634686,29734,0,26,0,1.0,0.999,1.0,0.0,1.504,20.226
1784632471.5254126,29744,0,26,0,1.0,0.999,1.0,0.0,1.504,20.234
1784632471.579561,29754,0,26,0,1.0,0.999,1.0,0.0,1.504,20.241
1784632471.616735,29764,0,26,0,1.0,0.999,1.0,0.0,1.504,20.248
1784632471.6741073,29774,0,26,0,1.0,0.999,1.0,0.0,1.504,20.256
1784632471.715606,29784,0,26,0,1.0,0.999,1.0,0.0,1.504,20.263
1784632471.7527885,29794,0,26,0,1.0,0.999,1.0,0.0,1.504,20.271
1784632471.8050706,29804,0,26,0,1.0,0.999,1.0,0.0,1.504,20.278
1784632471.8463817,29814,0,26,0,1.0,0.999,1.0,0.0,1.504,20.285
1784632471.8863285,29824,0,26,0,1.0,0.999,1.0,0.0,1.504,20.293
1784632471.9300835,29834,0,26,0,1.0,0.999,1.0,0.0,1.504,20.3
1784632471.983775,29844,0,26,0,1.0,0.999,1.0,0.0,1.505,20.308
1784632472.046207,29854,0,26,0,1.0,0.999,1.0,0.0,1.505,20.315
1784632472.0826988,29864,0,26,0,1.0,0.999,1.0,0.0,1.505,20.323
1784632472.1267865,29874,0,26,0,1.0,0.999,1.0,0.0,1.505,20.33
1784632472.1761005,29884,0,26,0,1.0,0.999,1.0,0.0,1.505,20.337
1784632472.2282476,29894,0,26,0,1.0,0.999,1.0,0.0,1.505,20.345
1784632472.2927094,29904,0,26,0,1.0,0.999,1.0,0.0,1.505,20.352
1784632472.3350837,29914,0,26,0,1.0,0.999,1.0,0.0,1.505,20.36
1784632472.3805742,29924,0,26,0,1.0,0.999,1.0,0.0,1.505,20.367
1784632472.4227035,29934,0,26,0,1.0,0.999,1.0,0.0,1.505,20.375
1784632472.4568045,29944,0,26,0,1.0,0.999,1.0,0.0,1.505,20.383
1784632472.4968326,29954,0,26,0,1.0,0.999,1.0,0.0,1.505,20.39
1784632472.5488818,29964,0,26,0,1.0,0.999,1.0,0.0,1.505,20.398
1784632472.5825324,29974,0,26,0,1.0,0.999,1.0,0.0,1.505,20.405
1784632472.6298609,29984,0,26,0,1.0,0.999,1.0,0.0,1.505,20.413
1784632472.676625,29994,0,26,0,1.0,0.999,1.0,0.0,1.505,20.42
1784632472.70808,30004,0,26,0,1.0,0.999,1.0,0.0,1.505,20.428
1784632472.7417119,30014,0,26,0,1.0,0.999,1.0,0.0,1.505,20.435
1784632472.8007758,30024,0,26,0,1.0,0.999,1.0,0.0,1.505,20.443
1784632472.8506527,30034,0,26,0,1.0,0.999,1.0,0.0,1.505,20.451
1784632472.9006665,30044,0,26,0,1.0,0.999,1.0,0.0,1.505,20.458
1784632472.948286,30054,0,26,0,1.0,0.999,1.0,0.0,1.505,20.466
1784632472.9870477,30064,0,26,0,1.0,0.999,1.0,0.0,1.505,20.473
1784632473.0460787,30074,0,26,0,1.0,0.999,1.0,0.0,1.505,20.481
1784632473.0845013,30084,0,26,0,1.0,0.999,1.0,0.0,1.505,20.489
1784632473.1240273,30094,0,26,0,1.0,0.999,1.0,0.0,1.505,20.496
1784632473.2015445,30104,0,26,0,1.0,0.999,1.0,0.0,1.505,20.504
1784632473.2751727,30114,0,26,0,1.0,0.999,1.0,0.0,1.504,20.512
1784632473.325389,30124,0,26,0,1.0,0.999,1.0,0.0,1.504,20.519
1784632473.3733337,30134,0,26,0,1.0,0.999,1.0,0.0,1.504,20.527
1784632473.4244435,30144,0,26,0,1.0,0.999,1.0,0.0,1.504,20.535
1784632473.4653566,30154,0,26,0,1.0,0.999,1.0,0.0,1.504,20.543
1784632473.4933283,30164,0,26,0,1.0,0.999,1.0,0.0,1.504,20.55
1784632473.5456972,30174,0,26,0,1.0,0.999,1.0,0.0,1.504,20.558
1784632473.5774457,30184,0,26,0,1.0,0.999,1.0,0.0,1.503,20.566
1784632473.6412334,30194,0,26,0,1.0,0.999,1.0,0.0,1.503,20.573
1784632473.7117028,30204,0,26,0,1.0,0.999,1.0,0.0,1.503,20.581
1784632473.813876,30214,0,26,0,1.0,0.999,1.0,0.0,1.503,20.589
1784632473.9224381,30224,0,26,0,1.0,0.999,1.0,0.0,1.503,20.597
1784632474.0094461,30234,0,26,0,1.0,0.999,1.0,0.0,1.503,20.605
1784632474.0972722,30244,0,26,0,1.0,0.999,1.0,0.0,1.502,20.612
1784632474.1914124,30254,0,26,0,1.0,0.999,1.0,0.0,1.502,20.62
1784632474.2686105,30264,0,26,0,1.0,0.999,1.0,0.0,1.502,20.628
1784632474.3342557,30274,0,26,0,1.0,0.999,1.0,0.0,1.502,20.636
1784632474.4021597,30284,0,26,0,1.0,0.999,1.0,0.0,1.502,20.644
1784632474.4615707,30294,0,26,0,1.0,0.999,1.0,0.0,1.502,20.652
1784632474.560654,30304,0,26,0,1.0,0.999,1.0,0.0,1.501,20.66
1784632474.6175206,30314,0,26,0,1.0,0.999,1.0,0.0,1.501,20.668
1784632474.6917617,30324,0,26,0,1.0,0.999,1.0,0.0,1.501,20.676
1784632474.7495935,30334,0,26,0,1.0,0.999,1.0,0.0,1.501,20.684
1784632474.8130615,30344,0,26,0,1.0,0.999,1.0,0.0,1.501,20.692
1784632474.8819013,30354,0,26,0,1.0,0.999,1.0,0.0,1.501,20.7
1784632474.9898489,30364,0,26,0,1.0,0.999,1.0,0.0,1.5,20.708
1784632475.0898223,30374,0,26,0,1.0,0.999,1.0,0.0,1.5,20.716
1784632475.1869311,30384,0,26,0,1.0,0.999,1.0,0.0,1.5,20.724
1784632475.2510886,30394,0,26,0,1.0,0.999,1.0,0.0,1.5,20.732
1784632475.328912,30404,0,26,0,1.0,0.999,1.0,0.0,1.5,20.741
1784632475.4209661,30414,0,26,0,1.0,0.999,1.0,0.0,1.499,20.749
1784632475.4859173,30424,0,26,0,1.0,0.999,1.0,0.0,1.499,20.757
1784632475.566761,30434,0,26,0,1.0,0.999,1.0,0.0,1.499,20.765
1784632475.6247315,30444,0,26,0,1.0,0.999,1.0,0.0,1.499,20.773
1784632475.698903,30454,0,26,0,1.0,0.999,1.0,0.0,1.498,20.782
1784632475.773196,30464,0,26,0,1.0,0.999,1.0,0.0,1.498,20.79
1784632475.8231328,30474,0,26,0,1.0,0.999,1.0,0.0,1.498,20.798
1784632475.859716,30484,0,26,0,1.0,0.999,1.0,0.0,1.498,20.806
1784632475.9301841,30494,0,26,0,1.0,0.999,1.0,0.0,1.497,20.815
1784632476.0013728,30504,0,26,0,1.0,0.999,1.0,0.0,1.497,20.823
1784632476.0419238,30514,0,26,0,1.0,0.999,1.0,0.0,1.497,20.83
1784632476.0970938,30524,0,26,0,1.0,0.999,1.0,0.0,1.497,20.838
1784632476.1770787,30534,0,26,0,1.0,0.999,1.0,0.0,1.498,20.846
1784632476.2770615,30544,0,26,0,1.0,0.999,1.0,0.0,1.498,20.854
1784632476.3255672,30554,0,26,0,1.0,0.999,1.0,0.0,1.498,20.861
1784632476.3992782,30564,0,26,0,1.0,0.999,1.0,0.0,1.498,20.869
1784632476.4659123,30574,0,26,0,1.0,0.999,1.0,0.0,1.498,20.877
1784632476.5043364,30584,0,26,0,1.0,0.999,1.0,0.0,1.498,20.884
1784632476.5467942,30594,0,26,0,1.0,0.999,1.0,0.0,1.499,20.892
1784632476.5992403,30604,0,26,0,1.0,0.999,1.0,0.0,1.499,20.9
1784632476.7432609,30614,0,26,0,1.0,0.999,1.0,0.0,1.499,20.908
1784632476.8376753,30624,0,26,0,1.0,0.999,1.0,0.0,1.499,20.915
1784632476.8859065,30634,0,26,0,1.0,0.999,1.0,0.0,1.499,20.923
1784632476.9531436,30644,0,26,0,1.0,0.999,1.0,0.0,1.499,20.931
1784632477.0214117,30654,0,26,0,1.0,0.999,1.0,0.0,1.499,20.939
1784632477.0829492,30664,0,26,0,1.0,0.999,1.0,0.0,1.499,20.947
1784632477.1446908,30674,0,26,0,1.0,0.999,1.0,0.0,1.499,20.955
1784632477.211934,30684,0,26,0,1.0,0.999,1.0,0.0,1.499,20.963
1784632477.2894137,30694,0,26,0,1.0,0.999,1.0,0.0,1.499,20.97
1784632477.357733,30704,0,26,0,1.0,0.999,1.0,0.0,1.499,20.978
1784632477.4025276,30714,0,26,0,1.0,0.999,1.0,0.0,1.499,20.986
1784632477.4690938,30724,0,26,0,1.0,0.999,1.0,0.0,1.499,20.994
1784632477.494759,30734,0,26,0,1.0,0.999,1.0,0.0,1.499,21.002
1784632477.5417113,30744,0,26,0,1.0,0.999,1.0,0.0,1.5,21.01
1784632477.6154256,30754,0,26,0,1.0,0.999,1.0,0.0,1.5,21.018
1784632477.6745741,30764,0,26,0,1.0,0.999,1.0,0.0,1.5,21.026
1784632477.7245724,30774,0,26,0,1.0,0.999,1.0,0.0,1.5,21.034
1784632477.7696054,30784,0,26,0,1.0,0.999,1.0,0.0,1.5,21.042
1784632477.8256824,30794,0,26,0,1.0,0.999,1.0,0.0,1.5,21.05
1784632477.873746,30804,0,26,0,1.0,0.999,1.0,0.0,1.5,21.058
1784632477.9321988,30814,0,26,0,1.0,0.999,1.0,0.0,1.5,21.066
1784632477.973596,30824,0,26,0,1.0,0.999,1.0,0.0,1.5,21.074
1784632478.0076742,30834,0,26,0,1.0,0.999,1.0,0.0,1.5,21.082
1784632478.0488663,30844,0,26,0,1.0,0.999,1.0,0.0,1.5,21.09
1784632478.0962877,30854,0,26,0,1.0,0.999,1.0,0.0,1.5,21.098
1784632478.1343071,30864,0,26,0,1.0,0.999,1.0,0.0,1.5,21.106
1784632478.176989,30874,0,26,0,1.0,0.999,1.0,0.0,1.5,21.114
1784632478.2224238,30884,0,26,0,1.0,0.999,1.0,0.0,1.5,21.122
1784632478.2515411,30894,0,26,0,1.0,0.999,1.0,0.0,1.5,21.13
1784632478.3145382,30904,0,26,0,1.0,0.999,1.0,0.0,1.5,21.138
1784632478.4042218,30914,0,26,0,1.0,0.999,1.0,0.0,1.501,21.146
1784632478.4521806,30924,0,26,0,1.0,0.999,1.0,0.0,1.501,21.154
1784632478.4869266,30934,0,26,0,1.0,0.999,1.0,0.0,1.501,21.162
1784632478.51991,30944,0,26,0,1.0,0.999,1.0,0.0,1.501,21.17
1784632478.550042,30954,0,26,0,1.0,0.999,1.0,0.0,1.501,21.178
1784632478.579634,30964,0,26,0,1.0,0.999,1.0,0.0,1.501,21.186
1784632478.6290023,30974,0,26,0,1.0,0.999,1.0,0.0,1.501,21.194
1784632478.6660662,30984,0,26,0,1.0,0.999,1.0,0.0,1.501,21.202
1784632478.6961958,30994,0,26,0,1.0,0.999,1.0,0.0,1.501,21.21
1784632478.7292948,31004,0,26,0,1.0,0.999,1.0,0.0,1.501,21.218
1784632478.7662103,31014,0,26,0,1.0,0.999,1.0,0.0,1.501,21.226
1784632478.8071165,31024,0,26,0,1.0,0.999,1.0,0.0,1.501,21.234
1784632478.8360143,31034,0,26,0,1.0,0.999,1.0,0.0,1.501,21.242
1784632478.8823345,31044,0,26,0,1.0,0.999,1.0,0.0,1.502,21.251
1784632478.9209874,31054,0,26,0,1.0,0.999,1.0,0.0,1.502,21.259
1784632478.9899302,31064,0,26,0,1.0,0.999,1.0,0.0,1.502,21.267
1784632479.0401044,31074,0,26,0,1.0,0.999,1.0,0.0,1.502,21.275
1784632479.0895894,31084,0,26,0,1.0,0.999,1.0,0.0,1.502,21.283
1784632479.124633,31094,0,26,0,1.0,0.999,1.0,0.0,1.502,21.291
1784632479.1792107,31104,0,26,0,1.0,0.999,1.0,0.0,1.502,21.299
1784632479.2245216,31114,0,26,0,1.0,0.999,1.0,0.0,1.502,21.307
1784632479.258646,31124,0,26,0,1.0,0.999,1.0,0.0,1.502,21.315
1784632479.291561,31134,0,26,0,1.0,0.999,1.0,0.0,1.502,21.324
1784632479.3411593,31144,0,26,0,1.0,0.999,1.0,0.0,1.502,21.332
1784632479.3832822,31154,0,26,0,1.0,0.999,1.0,0.0,1.502,21.34
1784632479.4148078,31164,0,26,0,1.0,0.999,1.0,0.0,1.502,21.348
1784632479.4556224,31174,0,26,0,1.0,0.999,1.0,0.0,1.502,21.356
1784632479.48491,31184,0,26,0,1.0,0.999,1.0,0.0,1.502,21.364
1784632479.5209522,31194,0,26,0,1.0,0.999,1.0,0.0,1.502,21.373
1784632479.5625956,31204,0,26,0,1.0,0.999,1.0,0.0,1.502,21.381
1784632479.5996385,31214,0,26,0,1.0,0.999,1.0,0.0,1.502,21.389
1784632479.6415944,31224,0,26,0,1.0,0.999,1.0,0.0,1.502,21.397
1784632479.6822093,31234,0,26,0,1.0,0.999,1.0,0.0,1.502,21.405
1784632479.7197242,31244,0,26,0,1.0,0.999,1.0,0.0,1.501,21.414
1784632479.763912,31254,0,26,0,1.0,0.999,1.0,0.0,1.501,21.422
1784632479.8039799,31264,0,26,0,1.0,0.999,1.0,0.0,1.501,21.43
1784632479.8382316,31274,0,26,0,1.0,0.999,1.0,0.0,1.501,21.438
1784632479.8665042,31284,0,26,0,1.0,0.999,1.0,0.0,1.501,21.446
1784632479.9302812,31294,0,26,0,1.0,0.999,1.0,0.0,1.501,21.455
1784632480.0190966,31304,0,26,0,1.0,0.999,1.0,0.0,1.501,21.463
1784632480.0923996,31314,0,26,0,1.0,0.999,1.0,0.0,1.501,21.471
1784632480.1808422,31324,0,26,0,1.0,0.999,1.0,0.0,1.501,21.479
1784632480.2268186,31334,0,26,0,1.0,0.999,1.0,0.0,1.501,21.488
1784632480.274422,31344,0,26,0,1.0,0.999,1.0,0.0,1.5,21.496
1784632480.4278376,31354,0,26,0,1.0,0.999,1.0,0.0,1.5,21.504
1784632480.5091527,31364,0,26,0,1.0,0.999,1.0,0.0,1.5,21.513
1784632480.5788727,31374,0,26,0,1.0,0.999,1.0,0.0,1.5,21.521
1784632480.6486046,31384,0,26,0,1.0,0.999,1.0,0.0,1.5,21.528
1784632480.7382722,31394,0,26,0,1.0,0.999,1.0,0.0,1.501,21.536
1784632480.7979662,31404,0,26,0,1.0,0.999,1.0,0.0,1.501,21.544
1784632480.8842642,31414,0,26,0,1.0,0.999,1.0,0.0,1.501,21.552
1784632480.9705896,31424,0,26,0,1.0,0.999,1.0,0.0,1.501,21.559
1784632481.044987,31434,0,26,0,1.0,0.999,1.0,0.0,1.501,21.567
1784632481.1181989,31444,0,26,0,1.0,0.999,1.0,0.0,1.501,21.575
1784632481.1955805,31454,0,26,0,1.0,0.999,1.0,0.0,1.502,21.583
1784632481.2531028,31464,0,26,0,1.0,0.999,1.0,0.0,1.502,21.591
1784632481.3142662,31474,0,26,0,1.0,0.999,1.0,0.0,1.502,21.599
1784632481.3831508,31484,0,26,0,1.0,0.999,1.0,0.0,1.502,21.607
1784632481.453089,31494,0,26,0,1.0,0.999,1.0,0.0,1.502,21.614
1784632481.5467024,31504,0,26,0,1.0,0.999,1.0,0.0,1.502,21.622
1784632481.629798,31514,0,26,0,1.0,0.999,1.0,0.0,1.502,21.63
1784632481.7090151,31524,0,26,0,1.0,0.999,1.0,0.0,1.503,21.638
1784632481.786829,31534,0,26,0,1.0,0.999,1.0,0.0,1.503,21.646
1784632481.8611324,31544,0,26,0,1.0,0.999,1.0,0.0,1.503,21.654
1784632481.9483862,31554,0,26,0,1.0,0.999,1.0,0.0,1.503,21.662
1784632482.0082805,31564,0,26,0,1.0,0.999,1.0,0.0,1.503,21.67
1784632482.0754898,31574,0,26,0,1.0,0.999,1.0,0.0,1.503,21.678
1784632482.1376898,31584,0,26,0,1.0,0.999,1.0,0.0,1.503,21.686
1784632482.2396543,31594,0,26,0,1.0,0.999,1.0,0.0,1.503,21.694
1784632482.2761734,31604,0,26,0,1.0,0.999,1.0,0.0,1.503,21.702
1784632482.3316498,31614,0,26,0,1.0,0.999,1.0,0.0,1.503,21.71
1784632482.3987365,31624,0,26,0,1.0,0.999,1.0,0.0,1.503,21.718
1784632482.4545305,31634,0,26,0,1.0,0.999,1.0,0.0,1.504,21.727
1784632482.5070827,31644,0,26,0,1.0,0.999,1.0,0.0,1.504,21.735
1784632482.549794,31654,0,26,0,1.0,0.999,1.0,0.0,1.504,21.743
1784632482.604299,31664,0,26,0,1.0,0.999,1.0,0.0,1.504,21.751
1784632482.658327,31674,0,26,0,1.0,0.999,1.0,0.0,1.504,21.759
1784632482.7320118,31684,0,26,0,1.0,0.999,1.0,0.0,1.504,21.767
1784632482.7780898,31694,0,26,0,1.0,0.999,1.0,0.0,1.504,21.775
1784632482.8248205,31704,0,26,0,1.0,0.999,1.0,0.0,1.504,21.783
1784632482.872685,31714,0,26,0,1.0,0.999,1.0,0.0,1.504,21.791
1784632482.9301617,31724,0,26,0,1.0,0.999,1.0,0.0,1.504,21.8
1784632482.9930818,31734,0,26,0,1.0,0.999,1.0,0.0,1.504,21.808
1784632483.0307224,31744,0,26,0,1.0,0.999,1.0,0.0,1.504,21.816
1784632483.087321,31754,0,26,0,1.0,0.999,1.0,0.0,1.504,21.824
1784632483.1350844,31764,0,26,0,1.0,0.999,1.0,0.0,1.504,21.832
1784632483.210463,31774,0,26,0,1.0,0.999,1.0,0.0,1.504,21.84
1784632483.2548907,31784,0,26,0,1.0,0.999,1.0,0.0,1.504,21.849
1784632483.293029,31794,0,26,0,1.0,0.999,1.0,0.0,1.504,21.857
1784632483.3796616,31804,0,26,0,1.0,0.999,1.0,0.0,1.504,21.865
1784632483.415031,31814,0,26,0,1.0,0.999,1.0,0.0,1.504,21.873
1784632483.494474,31824,0,26,0,1.0,0.999,1.0,0.0,1.504,21.881
1784632483.5490081,31834,0,26,0,1.0,0.999,1.0,0.0,1.505,21.89
1784632483.6151292,31844,0,26,0,1.0,0.999,1.0,0.0,1.505,21.898
1784632483.6776597,31854,0,26,0,1.0,0.999,1.0,0.0,1.505,21.906
1784632483.7369003,31864,0,26,0,1.0,0.999,1.0,0.0,1.505,21.914
1784632483.7706769,31874,0,26,0,1.0,0.999,1.0,0.0,1.505,21.922
1784632483.856474,31884,0,26,0,1.0,0.999,1.0,0.0,1.505,21.931
1784632483.8861032,31894,0,26,0,1.0,0.999,1.0,0.0,1.505,21.939
1784632483.9276896,31904,0,26,0,1.0,0.999,1.0,0.0,1.505,21.947
1784632483.9759824,31914,0,26,0,1.0,0.999,1.0,0.0,1.505,21.956
1784632484.0187564,31924,0,26,0,1.0,0.999,1.0,0.0,1.505,21.964
1784632484.0558813,31934,0,26,0,1.0,0.999,1.0,0.0,1.505,21.972
1784632484.1141982,31944,0,26,0,1.0,0.999,1.0,0.0,1.505,21.98
1784632484.1588957,31954,0,26,0,1.0,0.999,1.0,0.0,1.506,21.989
1784632484.1920755,31964,0,26,0,1.0,0.999,1.0,0.0,1.506,21.997
1784632484.239179,31974,0,26,0,1.0,0.999,1.0,0.0,1.506,22.005
1784632484.2800376,31984,0,26,0,1.0,0.999,1.0,0.0,1.506,22.013
1784632484.3133988,31994,0,26,0,1.0,0.999,1.0,0.0,1.506,22.022
1784632484.347045,32004,0,26,0,1.0,0.999,1.0,0.0,1.506,22.03
1784632484.395292,32014,0,26,0,1.0,0.999,1.0,0.0,1.506,22.038
1784632484.4328294,32024,0,26,0,1.0,0.999,1.0,0.0,1.506,22.047
1784632484.4647753,32034,0,26,0,1.0,0.999,1.0,0.0,1.506,22.055
1784632484.5078633,32044,0,26,0,1.0,0.999,1.0,0.0,1.506,22.063
1784632484.5564597,32054,0,26,0,1.0,0.999,1.0,0.0,1.506,22.072
1784632484.5933285,32064,0,26,0,1.0,0.999,1.0,0.0,1.506,22.08
1784632484.643397,32074,0,26,0,1.0,0.999,1.0,0.0,1.507,22.088
1784632484.6852841,32084,0,26,0,1.0,0.999,1.0,0.0,1.507,22.097
1784632484.7353833,32094,0,26,0,1.0,0.999,1.0,0.0,1.507,22.105
1784632484.7889147,32104,0,26,0,1.0,0.999,1.0,0.0,1.507,22.113
1784632484.8426917,32114,0,26,0,1.0,0.999,1.0,0.0,1.507,22.122
1784632484.887424,32124,0,26,0,1.0,0.999,1.0,0.0,1.507,22.13
1784632484.9472184,32134,0,26,0,1.0,0.999,1.0,0.0,1.507,22.138
1784632484.9914215,32144,0,26,0,1.0,0.999,1.0,0.0,1.507,22.147
1784632485.035055,32154,0,26,0,1.0,0.999,1.0,0.0,1.507,22.155
1784632485.094218,32164,0,26,0,1.0,0.999,1.0,0.0,1.507,22.163
1784632485.1451216,32174,0,26,0,1.0,0.999,1.0,0.0,1.507,22.172
1784632485.20048,32184,0,26,0,1.0,0.999,1.0,0.0,1.507,22.18
1784632485.2496755,32194,0,26,0,1.0,0.999,1.0,0.0,1.507,22.189
1784632485.2962055,32204,0,26,0,1.0,0.999,1.0,0.0,1.507,22.197
1784632485.339529,32214,0,26,0,1.0,0.999,1.0,0.0,1.507,22.206
1784632485.3827803,32224,0,26,0,1.0,0.999,1.0,0.0,1.507,22.214
1784632485.4238906,32234,0,26,0,1.0,0.999,1.0,0.0,1.507,22.222
1784632485.4717295,32244,0,26,0,1.0,0.999,1.0,0.0,1.507,22.231
1784632485.5085928,32254,0,26,0,1.0,0.999,1.0,0.0,1.507,22.239
1784632485.5531557,32264,0,26,0,1.0,0.999,1.0,0.0,1.507,22.248
1784632485.597195,32274,0,26,0,1.0,0.999,1.0,0.0,1.507,22.256
1784632485.6325467,32284,0,26,0,1.0,0.999,1.0,0.0,1.507,22.265
1784632485.672608,32294,0,26,0,1.0,0.999,1.0,0.0,1.507,22.273
1784632485.712513,32304,0,26,0,1.0,0.999,1.0,0.0,1.507,22.282
1784632485.768038,32314,0,26,0,1.0,0.999,1.0,0.0,1.507,22.29
1784632485.8164861,32324,0,26,0,1.0,0.999,1.0,0.0,1.506,22.299
1784632485.8508556,32334,0,26,0,1.0,0.999,1.0,0.0,1.506,22.307
1784632485.8982306,32344,0,26,0,1.0,0.999,1.0,0.0,1.506,22.316
1784632485.9654775,32354,0,26,0,1.0,0.999,1.0,0.0,1.506,22.324
1784632486.0285301,32364,0,26,0,1.0,0.999,1.0,0.0,1.506,22.333
1784632486.094544,32374,0,26,0,1.0,0.999,1.0,0.0,1.506,22.341
1784632486.1469643,32384,0,26,0,1.0,0.999,1.0,0.0,1.506,22.35
1784632486.2135305,32394,0,26,0,1.0,0.999,1.0,0.0,1.506,22.358
1784632486.263611,32404,0,26,0,1.0,0.999,1.0,0.0,1.506,22.367
1784632486.3271983,32414,0,26,0,1.0,0.999,1.0,0.0,1.506,22.376
1784632486.4028726,32424,0,26,0,1.0,0.999,1.0,0.0,1.506,22.384
1784632486.464133,32434,0,26,0,1.0,0.999,1.0,0.0,1.506,22.393
1784632486.5213008,32444,0,26,0,1.0,0.999,1.0,0.0,1.506,22.401
1784632486.5705848,32454,0,26,0,1.0,0.999,1.0,0.0,1.506,22.41
1784632486.644009,32464,0,26,0,1.0,0.999,1.0,0.0,1.506,22.419
1784632486.6945765,32474,0,26,0,1.0,0.999,1.0,0.0,1.506,22.427
1784632486.7343342,32484,0,26,0,1.0,0.999,1.0,0.0,1.506,22.436
1784632486.7957504,32494,0,26,0,1.0,0.999,1.0,0.0,1.506,22.445
1784632486.8596442,32504,0,26,0,1.0,0.999,1.0,0.0,1.506,22.453
1784632486.937718,32514,0,26,0,1.0,0.999,1.0,0.0,1.506,22.462
1784632487.0137403,32524,0,26,0,1.0,0.999,1.0,0.0,1.506,22.471
1784632487.066726,32534,0,26,0,1.0,0.999,1.0,0.0,1.506,22.48
1784632487.1823547,32544,0,26,0,1.0,0.999,1.0,0.0,1.506,22.488
1784632487.24654,32554,0,26,0,1.0,0.999,1.0,0.0,1.506,22.497
1784632487.2894492,32564,0,26,0,1.0,0.999,1.0,0.0,1.506,22.505
1784632487.34752,32574,0,26,0,1.0,0.999,1.0,0.0,1.506,22.513
1784632487.4123027,32584,0,26,0,1.0,0.999,1.0,0.0,1.506,22.522
1784632487.4428012,32594,0,26,0,1.0,0.999,1.0,0.0,1.507,22.53
1784632487.507316,32604,0,26,0,1.0,0.999,1.0,0.0,1.507,22.538
1784632487.6088505,32614,0,26,0,1.0,0.999,1.0,0.0,1.507,22.546
1784632487.6733336,32624,0,26,0,1.0,0.999,1.0,0.0,1.507,22.554
1784632487.7420475,32634,0,26,0,1.0,0.999,1.0,0.0,1.507,22.563
1784632487.8178704,32644,0,26,0,1.0,0.999,1.0,0.0,1.507,22.571
1784632487.8868473,32654,0,26,0,1.0,0.999,1.0,0.0,1.508,22.579
1784632487.951868,32664,0,26,0,1.0,0.999,1.0,0.0,1.508,22.587
1784632488.0525537,32674,0,26,0,1.0,0.999,1.0,0.0,1.508,22.596
1784632488.1193202,32684,0,26,0,1.0,0.999,1.0,0.0,1.508,22.604
1784632488.1846583,32694,0,26,0,1.0,0.999,1.0,0.0,1.508,22.612
1784632488.253763,32704,0,26,0,1.0,0.999,1.0,0.0,1.509,22.621
1784632488.3201666,32714,0,26,0,1.0,0.999,1.0,0.0,1.509,22.629
1784632488.3829849,32724,0,26,0,1.0,0.999,1.0,0.0,1.509,22.637
1784632488.423967,32734,0,26,0,1.0,0.999,1.0,0.0,1.509,22.646
1784632488.4881253,32744,0,26,0,1.0,0.999,1.0,0.0,1.509,22.654
1784632488.5302584,32754,0,26,0,1.0,0.999,1.0,0.0,1.509,22.663
1784632488.586855,32764,0,26,0,1.0,0.999,1.0,0.0,1.509,22.671
1784632488.6174366,32774,0,26,0,1.0,0.999,1.0,0.0,1.51,22.679
1784632488.6658378,32784,0,26,0,1.0,0.999,1.0,0.0,1.51,22.688
1784632488.7069893,32794,0,26,0,1.0,0.999,1.0,0.0,1.51,22.696
1784632488.762071,32804,0,26,0,1.0,0.999,1.0,0.0,1.51,22.705
1784632488.8297303,32814,0,26,0,1.0,0.999,1.0,0.0,1.51,22.713
1784632488.8741455,32824,0,26,0,1.0,0.999,1.0,0.0,1.51,22.721
1784632488.9112995,32834,0,26,0,1.0,0.999,1.0,0.0,1.511,22.73
1784632488.9424455,32844,0,26,0,1.0,0.999,1.0,0.0,1.511,22.738
1784632488.9935603,32854,0,26,0,1.0,0.999,1.0,0.0,1.511,22.747
1784632489.039462,32864,0,26,0,1.0,0.999,1.0,0.0,1.511,22.755
1784632489.0890083,32874,0,26,0,1.0,0.999,1.0,0.0,1.511,22.763
1784632489.1452527,32884,0,26,0,1.0,0.999,1.0,0.0,1.511,22.772
1784632489.1834836,32894,0,26,0,1.0,0.999,1.0,0.0,1.511,22.78
1784632489.2436147,32904,0,26,0,1.0,0.999,1.0,0.0,1.511,22.789
1784632489.279016,32914,0,26,0,1.0,0.999,1.0,0.0,1.511,22.797
1784632489.3010907,32924,0,26,0,1.0,0.999,1.0,0.0,1.512,22.806
1784632489.3279634,32934,0,26,0,1.0,0.999,1.0,0.0,1.512,22.814
1784632489.3648968,32944,0,26,0,1.0,0.999,1.0,0.0,1.512,22.823
1784632489.3895824,32954,0,26,0,1.0,0.999,1.0,0.0,1.512,22.831
1784632489.4112859,32964,0,26,0,1.0,0.999,1.0,0.0,1.512,22.839
1784632489.4398756,32974,0,26,0,1.0,0.999,1.0,0.0,1.512,22.848
1784632489.4755476,32984,0,26,0,1.0,0.999,1.0,0.0,1.512,22.856
1784632489.4995568,32994,0,26,0,1.0,0.999,1.0,0.0,1.512,22.865
1784632489.519181,33004,0,26,0,1.0,0.999,1.0,0.0,1.512,22.873
1784632489.5422273,33014,0,26,0,1.0,0.999,1.0,0.0,1.513,22.882
1784632489.5813358,33024,0,26,0,1.0,0.999,1.0,0.0,1.513,22.89
1784632489.6124992,33034,0,26,0,1.0,0.999,1.0,0.0,1.513,22.898
1784632489.638128,33044,0,26,0,1.0,0.999,1.0,0.0,1.513,22.907
1784632489.66501,33054,0,26,0,1.0,0.999,1.0,0.0,1.513,22.915
1784632489.6980054,33064,0,26,0,1.0,0.999,1.0,0.0,1.513,22.923
1784632489.7348914,33074,0,26,0,1.0,0.999,1.0,0.0,1.514,22.932
1784632489.762392,33084,0,26,0,1.0,0.999,1.0,0.0,1.514,22.94
1784632489.7916846,33094,0,26,0,1.0,0.999,1.0,0.0,1.514,22.948
1784632489.8178182,33104,0,26,0,1.0,0.999,1.0,0.0,1.514,22.957
1784632489.8599236,33114,0,26,0,1.0,0.999,1.0,0.0,1.515,22.965
1784632489.8898997,33124,0,26,0,1.0,0.999,1.0,0.0,1.515,22.973
1784632489.9195518,33134,0,26,0,1.0,0.999,1.0,0.0,1.515,22.982
1784632489.9546134,33144,0,26,0,1.0,0.999,1.0,0.0,1.515,22.99
1784632489.9876246,33154,0,26,0,1.0,0.999,1.0,0.0,1.516,22.998
1784632490.013694,33164,0,26,0,1.0,0.999,1.0,0.0,1.516,23.007
1784632490.0400667,33174,0,26,0,1.0,0.999,1.0,0.0,1.516,23.015
1784632490.0785441,33184,0,26,0,1.0,0.999,1.0,0.0,1.516,23.023
1784632490.1127784,33194,0,26,0,1.0,0.999,1.0,0.0,1.517,23.032
1784632490.1447408,33204,0,26,0,1.0,0.999,1.0,0.0,1.517,23.04
1784632490.174676,33214,0,26,0,1.0,0.999,1.0,0.0,1.517,23.048
1784632490.2145452,33224,0,26,0,1.0,0.999,1.0,0.0,1.517,23.056
1784632490.2620265,33234,0,26,0,1.0,0.999,1.0,0.0,1.518,23.065
1784632490.3016217,33244,0,26,0,1.0,0.999,1.0,0.0,1.518,23.073
1784632490.3383543,33254,0,26,0,1.0,0.999,1.0,0.0,1.518,23.081
1784632490.3663611,33264,0,26,0,1.0,0.999,1.0,0.0,1.518,23.089
1784632490.399981,33274,0,26,0,1.0,0.999,1.0,0.0,1.519,23.098
1784632490.4280536,33284,0,26,0,1.0,0.999,1.0,0.0,1.519,23.106
1784632490.4596415,33294,0,26,0,1.0,0.999,1.0,0.0,1.519,23.114
1784632490.4936984,33304,0,26,0,1.0,0.999,1.0,0.0,1.519,23.122
1784632490.5294716,33314,0,26,0,1.0,0.999,1.0,0.0,1.52,23.131
1784632490.555227,33324,0,26,0,1.0,0.999,1.0,0.0,1.52,23.139
1784632490.5836155,33334,0,26,0,1.0,0.999,1.0,0.0,1.52,23.147
1784632490.6210134,33344,0,26,0,1.0,0.999,1.0,0.0,1.52,23.155
1784632490.6526387,33354,0,26,0,1.0,0.999,1.0,0.0,1.521,23.163
1784632490.6772516,33364,0,26,0,1.0,0.999,1.0,0.0,1.521,23.171
1784632490.7136915,33374,0,26,0,1.0,0.999,1.0,0.0,1.521,23.18
1784632490.750745,33384,0,26,0,1.0,0.999,1.0,0.0,1.522,23.188
1784632490.7869277,33394,0,26,0,1.0,0.999,1.0,0.0,1.522,23.196
1784632490.822182,33404,0,26,0,1.0,0.999,1.0,0.0,1.522,23.204
1784632490.8695915,33414,0,26,0,1.0,0.999,1.0,0.0,1.523,23.212
1784632490.9256954,33424,0,26,0,1.0,0.999,1.0,0.0,1.523,23.22
1784632490.972274,33434,0,26,0,1.0,0.999,1.0,0.0,1.524,23.228
1784632491.0381527,33444,0,26,0,1.0,0.999,1.0,0.0,1.524,23.237
1784632491.0931187,33454,0,26,0,1.0,0.999,1.0,0.0,1.524,23.245
1784632491.1520746,33464,0,26,0,1.0,0.999,1.0,0.0,1.525,23.253
1784632491.2084577,33474,0,26,0,1.0,0.999,1.0,0.0,1.525,23.261
1784632491.3040793,33484,0,26,0,1.0,0.999,1.0,0.0,1.526,23.269
1784632491.3569748,33494,0,26,0,1.0,0.999,1.0,0.0,1.526,23.277
1784632491.3992674,33504,0,26,0,1.0,0.999,1.0,0.0,1.527,23.285
1784632491.9036748,33514,0,26,0,1.0,0.999,1.0,0.0,1.527,23.294
1784632492.0083156,33524,0,26,0,1.0,0.999,1.0,0.0,1.528,23.302
1784632492.0959208,33534,0,26,0,1.0,0.999,1.0,0.0,1.528,23.31
1784632492.1840794,33544,0,26,0,1.0,0.999,1.0,0.0,1.529,23.318
1784632492.285153,33554,0,26,0,1.0,0.999,1.0,0.0,1.529,23.327
1784632492.349419,33564,0,26,0,1.0,0.999,1.0,0.0,1.53,23.335
1784632492.420552,33574,0,26,0,1.0,0.999,1.0,0.0,1.53,23.343
1784632492.4731035,33584,0,26,0,1.0,0.999,1.0,0.0,1.531,23.352
1784632492.5442355,33594,0,26,0,1.0,0.999,1.0,0.0,1.531,23.36
1784632492.5902863,33604,0,26,0,1.0,0.999,1.0,0.0,1.532,23.368
1784632492.673401,33614,0,26,0,1.0,0.999,1.0,0.0,1.532,23.377
1784632492.7013128,33624,0,26,0,1.0,0.999,1.0,0.0,1.533,23.385
1784632492.7359786,33634,0,26,0,1.0,0.999,1.0,0.0,1.533,23.393
1784632492.7664573,33644,0,26,0,1.0,0.999,1.0,0.0,1.534,23.402
1784632492.7871296,33654,0,26,0,1.0,0.999,1.0,0.0,1.534,23.41
1784632492.8094974,33664,0,26,0,1.0,0.999,1.0,0.0,1.535,23.418
1784632492.8304825,33674,0,26,0,1.0,0.999,1.0,0.0,1.536,23.426
1784632492.8672814,33684,0,26,0,1.0,0.999,1.0,0.0,1.536,23.435
1784632492.8993075,33694,0,26,0,1.0,0.999,1.0,0.0,1.537,23.443
1784632492.92556,33704,0,26,0,1.0,0.999,1.0,0.0,1.537,23.451
1784632492.9648457,33714,0,26,0,1.0,0.999,1.0,0.0,1.538,23.46
1784632493.0061197,33724,0,26,0,1.0,0.999,1.0,0.0,1.539,23.468
1784632493.04689,33734,0,26,0,1.0,0.999,1.0,0.0,1.539,23.476
1784632493.0955284,33744,0,26,0,1.0,0.999,1.0,0.0,1.54,23.484
1784632493.1369424,33754,0,26,0,1.0,0.999,1.0,0.0,1.54,23.492
1784632493.1722085,33764,0,26,0,1.0,0.999,1.0,0.0,1.541,23.5
1784632493.2241836,33774,0,26,0,1.0,0.999,1.0,0.0,1.541,23.508
1784632493.2770638,33784,0,26,0,1.0,0.999,1.0,0.0,1.541,23.515
1784632493.3464682,33794,0,26,0,1.0,0.999,1.0,0.0,1.541,23.523
1784632493.394383,33804,0,26,0,1.0,0.999,1.0,0.0,1.541,23.53
1784632493.4405386,33814,0,26,0,1.0,0.999,1.0,0.0,1.542,23.538
1784632493.489019,33824,0,26,0,1.0,0.999,1.0,0.0,1.542,23.545
1784632493.5426106,33834,0,26,0,1.0,0.999,1.0,0.0,1.542,23.553
1784632493.5875978,33844,0,26,0,1.0,0.999,1.0,0.0,1.542,23.56
1784632493.6393473,33854,0,26,0,1.0,0.999,1.0,0.0,1.543,23.568
1784632493.6943762,33864,0,26,0,1.0,0.999,1.0,0.0,1.543,23.575
1784632493.7436426,33874,0,26,0,1.0,0.999,1.0,0.0,1.543,23.583
1784632493.7918258,33884,0,26,0,1.0,0.999,1.0,0.0,1.543,23.59
1784632493.8366156,33894,0,26,0,1.0,0.999,1.0,0.0,1.544,23.598
1784632493.884938,33904,0,26,0,1.0,0.999,1.0,0.0,1.544,23.605
1784632493.9178112,33914,0,26,0,1.0,0.999,1.0,0.0,1.544,23.613
1784632493.9478962,33924,0,26,0,1.0,0.999,1.0,0.0,1.544,23.62
1784632493.9762912,33934,0,26,0,1.0,0.999,1.0,0.0,1.545,23.627
1784632494.0126498,33944,0,26,0,1.0,0.999,1.0,0.0,1.545,23.635
1784632494.0503902,33954,0,26,0,1.0,0.999,1.0,0.0,1.545,23.642
1784632494.0731115,33964,0,26,0,1.0,0.999,1.0,0.0,1.545,23.65
1784632494.1054347,33974,0,26,0,1.0,0.999,1.0,0.0,1.546,23.657
1784632494.1387067,33984,0,26,0,1.0,0.999,1.0,0.0,1.546,23.665
1784632494.1769335,33994,0,26,0,1.0,0.999,1.0,0.0,1.546,23.672
1784632494.202865,34004,0,26,0,1.0,0.999,1.0,0.0,1.547,23.679
1784632494.2363343,34014,0,26,0,1.0,0.999,1.0,0.0,1.547,23.687
1784632494.2645133,34024,0,26,0,1.0,0.999,1.0,0.0,1.547,23.694
1784632494.3098662,34034,0,26,0,1.0,0.999,1.0,0.0,1.548,23.701
1784632494.358134,34044,0,26,0,1.0,0.999,1.0,0.0,1.548,23.709
1784632494.390216,34054,0,26,0,1.0,0.999,1.0,0.0,1.548,23.716
1784632494.4341178,34064,0,26,0,1.0,0.999,1.0,0.0,1.549,23.723
1784632494.4617066,34074,0,26,0,1.0,0.999,1.0,0.0,1.549,23.731
1784632494.4991097,34084,0,26,0,1.0,0.999,1.0,0.0,1.549,23.738
1784632494.5359921,34094,0,26,0,1.0,0.999,1.0,0.0,1.55,23.745
1784632494.5688875,34104,0,26,0,1.0,0.999,1.0,0.0,1.55,23.753
1784632494.5967014,34114,0,26,0,1.0,0.999,1.0,0.0,1.551,23.76
1784632494.6365666,34124,0,26,0,1.0,0.999,1.0,0.0,1.551,23.767
1784632494.6855774,34134,0,26,0,1.0,0.999,1.0,0.0,1.551,23.774
1784632494.731018,34144,0,26,0,1.0,0.999,1.0,0.0,1.552,23.782
1784632494.8062835,34154,0,26,0,1.0,0.999,1.0,0.0,1.552,23.789
1784632494.8612297,34164,0,26,0,1.0,0.999,1.0,0.0,1.553,23.796
1784632494.9403675,34174,0,26,0,1.0,0.999,1.0,0.0,1.553,23.803
1784632495.0324626,34184,0,26,0,1.0,0.999,1.0,0.0,1.553,23.811
1784632495.0754256,34194,0,26,0,1.0,0.999,1.0,0.0,1.554,23.818
1784632495.1458476,34204,0,26,0,1.0,0.999,1.0,0.0,1.554,23.825
1784632495.2096443,34214,0,26,0,1.0,0.999,1.0,0.0,1.555,23.833
1784632495.3058524,34224,0,26,0,1.0,0.999,1.0,0.0,1.555,23.84
1784632495.3549774,34234,0,26,0,1.0,0.999,1.0,0.0,1.555,23.847
1784632495.415693,34244,0,26,0,1.0,0.999,1.0,0.0,1.556,23.855
1784632495.4877806,34254,0,26,0,1.0,0.999,1.0,0.0,1.556,23.862
1784632495.5541933,34264,0,26,0,1.0,0.999,1.0,0.0,1.557,23.869
1784632495.6066031,34274,0,26,0,1.0,0.999,1.0,0.0,1.557,23.877
1784632495.704175,34284,0,26,0,1.0,0.999,1.0,0.0,1.557,23.884
1784632495.7809715,34294,0,26,0,1.0,0.999,1.0,0.0,1.558,23.891
1784632495.828159,34304,0,26,0,1.0,0.999,1.0,0.0,1.558,23.898
1784632495.8851373,34314,0,26,0,1.0,0.999,1.0,0.0,1.559,23.906
1784632495.9124713,34324,0,26,0,1.0,0.999,1.0,0.0,1.559,23.913
1784632495.9425788,34334,0,26,0,1.0,0.999,1.0,0.0,1.56,23.92
1784632495.985515,34344,0,26,0,1.0,0.999,1.0,0.0,1.56,23.928
1784632496.0228221,34354,0,26,0,1.0,0.999,1.0,0.0,1.561,23.935
1784632496.05206,34364,0,26,0,1.0,0.999,1.0,0.0,1.561,23.942
1784632496.0888941,34374,0,26,0,1.0,0.999,1.0,0.0,1.562,23.95
1784632496.126284,34384,0,26,0,1.0,0.999,1.0,0.0,1.562,23.957
1784632496.161265,34394,0,26,0,1.0,0.999,1.0,0.0,1.563,23.964
1784632496.1926227,34404,0,26,0,1.0,0.999,1.0,0.0,1.563,23.972
1784632496.233698,34414,0,26,0,1.0,0.999,1.0,0.0,1.564,23.979
1784632496.26573,34424,0,26,0,1.0,0.999,1.0,0.0,1.564,23.986
1784632496.2896748,34434,0,26,0,1.0,0.999,1.0,0.0,1.565,23.993
1784632496.3299794,34444,0,26,0,1.0,0.999,1.0,0.0,1.565,24.001
1784632496.3784158,34454,0,26,0,1.0,0.999,1.0,0.0,1.566,24.007
1784632496.4168148,34464,0,26,0,1.0,0.999,1.0,0.0,1.566,24.014
1784632496.4539254,34474,0,26,0,1.0,0.999,1.0,0.0,1.566,24.021
1784632496.4858155,34484,0,26,0,1.0,0.999,1.0,0.0,1.566,24.027
1784632496.5134273,34494,0,26,0,1.0,0.999,1.0,0.0,1.566,24.034
1784632496.5502474,34504,0,26,0,1.0,0.999,1.0,0.0,1.567,24.04
1784632496.591801,34514,0,26,0,1.0,0.999,1.0,0.0,1.567,24.047
1784632496.6423795,34524,0,26,0,1.0,0.999,1.0,0.0,1.567,24.053
1784632496.693057,34534,0,26,0,1.0,0.999,1.0,0.0,1.567,24.06
1784632496.7293003,34544,0,26,0,1.0,0.999,1.0,0.0,1.567,24.066
1784632496.7612767,34554,0,26,0,1.0,0.999,1.0,0.0,1.568,24.073
1784632496.7896848,34564,0,26,0,1.0,0.999,1.0,0.0,1.568,24.08
1784632496.8181756,34574,0,26,0,1.0,0.999,1.0,0.0,1.568,24.086
1784632496.8494518,34584,0,26,0,1.0,0.999,1.0,0.0,1.568,24.093
1784632496.8831441,34594,0,26,0,1.0,0.999,1.0,0.0,1.568,24.099
1784632496.9140089,34604,0,26,0,1.0,0.999,1.0,0.0,1.568,24.106
1784632496.9445531,34614,0,26,0,1.0,0.999,1.0,0.0,1.569,24.112
1784632496.9773822,34624,0,26,0,1.0,0.999,1.0,0.0,1.569,24.119
1784632497.006328,34634,0,26,0,1.0,0.999,1.0,0.0,1.569,24.125
1784632497.036831,34644,0,26,0,1.0,0.999,1.0,0.0,1.569,24.132
1784632497.071493,34654,0,26,0,1.0,0.999,1.0,0.0,1.569,24.138
1784632497.119872,34664,0,26,0,1.0,0.999,1.0,0.0,1.57,24.145
1784632497.1533682,34674,0,26,0,1.0,0.999,1.0,0.0,1.57,24.151
1784632497.177374,34684,0,26,0,1.0,0.999,1.0,0.0,1.57,24.158
1784632497.216955,34694,0,26,0,1.0,0.999,1.0,0.0,1.57,24.164
1784632497.2518241,34704,0,26,0,1.0,0.999,1.0,0.0,1.571,24.171
1784632497.282408,34714,0,26,0,1.0,0.999,1.0,0.0,1.571,24.177
1784632497.3205998,34724,0,26,0,1.0,0.999,1.0,0.0,1.571,24.184
1784632497.3570347,34734,0,26,0,1.0,0.999,1.0,0.0,1.571,24.19
1784632497.38246,34744,0,26,0,1.0,0.999,1.0,0.0,1.572,24.197
1784632497.4379864,34754,0,26,0,1.0,0.999,1.0,0.0,1.572,24.203
1784632497.4820795,34764,0,26,0,1.0,0.999,1.0,0.0,1.572,24.209
1784632497.5085769,34774,0,26,0,1.0,0.999,1.0,0.0,1.572,24.216
1784632497.538296,34784,0,26,0,1.0,0.999,1.0,0.0,1.572,24.222
1784632497.5843594,34794,0,26,0,1.0,0.999,1.0,0.0,1.573,24.229
1784632497.6178687,34804,0,26,0,1.0,0.999,1.0,0.0,1.573,24.235
1784632497.6488822,34814,0,26,0,1.0,0.999,1.0,0.0,1.573,24.242
1784632497.6947298,34824,0,26,0,1.0,0.999,1.0,0.0,1.574,24.248
1784632497.7271411,34834,0,26,0,1.0,0.999,1.0,0.0,1.574,24.255
1784632497.7527015,34844,0,26,0,1.0,0.999,1.0,0.0,1.574,24.261
1784632497.7774198,34854,0,26,0,1.0,0.999,1.0,0.0,1.574,24.267
1784632497.8133702,34864,0,26,0,1.0,0.999,1.0,0.0,1.575,24.274
1784632497.8457742,34874,0,26,0,1.0,0.999,1.0,0.0,1.575,24.28
1784632497.9053712,34884,0,26,0,1.0,0.999,1.0,0.0,1.575,24.287
1784632497.965134,34894,0,26,0,1.0,0.999,1.0,0.0,1.576,24.293
1784632498.0275009,34904,0,26,0,1.0,0.999,1.0,0.0,1.576,24.299
1784632498.0980604,34914,0,26,0,1.0,0.999,1.0,0.0,1.576,24.306
1784632498.1444106,34924,0,26,0,1.0,0.999,1.0,0.0,1.577,24.312
1784632498.2013888,34934,0,26,0,1.0,0.999,1.0,0.0,1.577,24.319
1784632498.252129,34944,0,26,0,1.0,0.999,1.0,0.0,1.577,24.325
1784632498.3148491,34954,0,26,0,1.0,0.999,1.0,0.0,1.578,24.331
1784632498.3807695,34964,0,26,0,1.0,0.999,1.0,0.0,1.578,24.338
1784632498.4305854,34974,0,26,0,1.0,0.999,1.0,0.0,1.578,24.344
1784632498.4880056,34984,0,26,0,1.0,0.999,1.0,0.0,1.579,24.351
1784632498.5388641,34994,0,26,0,1.0,0.999,1.0,0.0,1.579,24.357
1784632498.6113846,35004,0,26,0,1.0,0.999,1.0,0.0,1.58,24.363
1784632498.6558938,35014,0,26,0,1.0,0.999,1.0,0.0,1.58,24.37
1784632498.704095,35024,0,26,0,1.0,0.999,1.0,0.0,1.58,24.376
1784632498.7890441,35034,0,26,0,1.0,0.999,1.0,0.0,1.581,24.383
1784632498.866551,35044,0,26,0,1.0,0.999,1.0,0.0,1.581,24.389
1784632498.9295654,35054,0,26,0,1.0,0.999,1.0,0.0,1.581,24.395
1784632499.1171565,35064,0,26,0,1.0,0.999,1.0,0.0,1.582,24.402
1784632499.188995,35074,0,26,0,1.0,0.999,1.0,0.0,1.582,24.408
1784632499.2473714,35084,0,26,0,1.0,0.999,1.0,0.0,1.583,24.415
1784632499.3028145,35094,0,26,0,1.0,0.999,1.0,0.0,1.583,24.421
1784632499.3662186,35104,0,26,0,1.0,0.999,1.0,0.0,1.584,24.428
1784632499.420751,35114,0,26,0,1.0,0.999,1.0,0.0,1.584,24.434
1784632499.4964316,35124,0,26,0,1.0,0.999,1.0,0.0,1.585,24.44
1784632499.5763814,35134,0,26,0,1.0,0.999,1.0,0.0,1.585,24.447
1784632499.6445317,35144,0,26,0,1.0,0.999,1.0,0.0,1.585,24.453
1784632499.7336373,35154,0,26,0,1.0,0.999,1.0,0.0,1.586,24.46
1784632499.7860248,35164,0,26,0,1.0,0.999,1.0,0.0,1.586,24.466
1784632499.8456275,35174,0,26,0,1.0,0.999,1.0,0.0,1.587,24.473
1784632499.8916094,35184,0,26,0,1.0,0.999,1.0,0.0,1.587,24.479
1784632499.9395561,35194,0,26,0,1.0,0.999,1.0,0.0,1.588,24.486
1784632500.0008101,35204,0,26,0,1.0,0.999,1.0,0.0,1.588,24.492
1784632500.0529892,35214,0,26,0,1.0,0.999,1.0,0.0,1.589,24.498
1784632500.1018014,35224,0,26,0,1.0,0.999,1.0,0.0,1.59,24.505
1784632500.1569886,35234,0,26,0,1.0,0.999,1.0,0.0,1.59,24.511
1784632500.2045004,35244,0,26,0,1.0,0.999,1.0,0.0,1.591,24.518
1784632500.2367587,35254,0,26,0,1.0,0.999,1.0,0.0,1.591,24.524
1784632500.2695582,35264,0,26,0,1.0,0.999,1.0,0.0,1.592,24.531
1784632500.3188581,35274,0,26,0,1.0,0.999,1.0,0.0,1.592,24.537
1784632500.3623743,35284,0,26,0,1.0,0.999,1.0,0.0,1.593,24.543
1784632500.3963819,35294,0,26,0,1.0,0.999,1.0,0.0,1.594,24.55
1784632500.4245932,35304,0,26,0,1.0,0.999,1.0,0.0,1.594,24.556
1784632500.4699557,35314,0,26,0,1.0,0.999,1.0,0.0,1.595,24.563
1784632500.5029,35324,0,26,0,1.0,0.999,1.0,0.0,1.595,24.569
1784632500.533188,35334,0,26,0,1.0,0.999,1.0,0.0,1.595,24.574
1784632500.5688477,35344,0,26,0,1.0,0.999,1.0,0.0,1.596,24.58
1784632500.60509,35354,0,26,0,1.0,0.999,1.0,0.0,1.596,24.586
1784632500.6314964,35364,0,26,0,1.0,0.999,1.0,0.0,1.596,24.592
1784632500.6580765,35374,0,26,0,1.0,0.999,1.0,0.0,1.596,24.597
1784632500.6964011,35384,0,26,0,1.0,0.999,1.0,0.0,1.596,24.603
1784632500.7316842,35394,0,26,0,1.0,0.999,1.0,0.0,1.597,24.609
1784632500.7557092,35404,0,26,0,1.0,0.999,1.0,0.0,1.597,24.614
1784632500.7803226,35414,0,26,0,1.0,0.999,1.0,0.0,1.597,24.62
1784632500.8138437,35424,0,26,0,1.0,0.999,1.0,0.0,1.598,24.626
1784632500.8526888,35434,0,26,0,1.0,0.999,1.0,0.0,1.598,24.631
1784632500.8810823,35444,0,26,0,1.0,0.999,1.0,0.0,1.598,24.637
1784632500.9090765,35454,0,26,0,1.0,0.999,1.0,0.0,1.598,24.643
1784632500.9579046,35464,0,26,0,1.0,0.999,1.0,0.0,1.599,24.648
1784632500.988653,35474,0,26,0,1.0,0.999,1.0,0.0,1.599,24.654
1784632501.0252266,35484,0,26,0,1.0,0.999,1.0,0.0,1.6,24.66
1784632501.0822341,35494,0,26,0,1.0,0.999,1.0,0.0,1.6,24.665
1784632501.112019,35504,0,26,0,1.0,0.999,1.0,0.0,1.6,24.671
1784632501.1534948,35514,0,26,0,1.0,0.999,1.0,0.0,1.601,24.676
1784632501.1876795,35524,0,26,0,1.0,0.999,1.0,0.0,1.601,24.682
1784632501.2293239,35534,0,26,0,1.0,0.999,1.0,0.0,1.602,24.688
1784632501.2705348,35544,0,26,0,1.0,0.999,1.0,0.0,1.602,24.693
1784632501.3030467,35554,0,26,0,1.0,0.999,1.0,0.0,1.602,24.699
1784632501.3452067,35564,0,26,0,1.0,0.999,1.0,0.0,1.603,24.704
1784632501.382241,35574,0,26,0,1.0,0.999,1.0,0.0,1.603,24.71
1784632501.4116492,35584,0,26,0,1.0,0.999,1.0,0.0,1.604,24.715
1784632501.445574,35594,0,26,0,1.0,0.999,1.0,0.0,1.604,24.721
1784632501.4789145,35604,0,26,0,1.0,0.999,1.0,0.0,1.605,24.726
1784632501.525286,35614,0,26,0,1.0,0.999,1.0,0.0,1.605,24.732
1784632501.5656607,35624,0,26,0,1.0,0.999,1.0,0.0,1.606,24.737
1784632501.602071,35634,0,26,0,1.0,0.999,1.0,0.0,1.606,24.743
1784632501.6345103,35644,0,26,0,1.0,0.999,1.0,0.0,1.607,24.748
1784632501.6604784,35654,0,26,0,1.0,0.999,1.0,0.0,1.607,24.754
1784632501.6955254,35664,0,26,0,1.0,0.999,1.0,0.0,1.608,24.759
1784632501.7277231,35674,0,26,0,1.0,0.999,1.0,0.0,1.609,24.765
1784632501.7608051,35684,0,26,0,1.0,0.999,1.0,0.0,1.609,24.77
1784632501.7887163,35694,0,26,0,1.0,0.999,1.0,0.0,1.61,24.776
1784632501.8167562,35704,0,26,0,1.0,0.999,1.0,0.0,1.61,24.781
1784632501.8690019,35714,0,26,0,1.0,0.999,1.0,0.0,1.611,24.787
1784632501.9052157,35724,0,26,0,1.0,0.999,1.0,0.0,1.612,24.792
1784632501.9402142,35734,0,26,0,1.0,0.999,1.0,0.0,1.612,24.798
1784632501.9762397,35744,0,26,0,1.0,0.999,1.0,0.0,1.613,24.803
1784632502.0030558,35754,0,26,0,1.0,0.999,1.0,0.0,1.613,24.808
1784632502.0288758,35764,0,26,0,1.0,0.999,1.0,0.0,1.614,24.814
1784632502.0578077,35774,0,26,0,1.0,0.999,1.0,0.0,1.615,24.819
1784632502.0924592,35784,0,26,0,1.0,0.999,1.0,0.0,1.615,24.825
1784632502.118863,35794,0,26,0,1.0,0.999,1.0,0.0,1.616,24.83
1784632502.1525815,35804,0,26,0,1.0,0.999,1.0,0.0,1.617,24.836
1784632502.1978896,35814,0,26,0,1.0,0.999,1.0,0.0,1.617,24.841
1784632502.2538233,35824,0,26,0,1.0,0.999,1.0,0.0,1.618,24.846
1784632502.3010921,35834,0,26,0,1.0,0.999,1.0,0.0,1.619,24.852
1784632502.3722262,35844,0,26,0,1.0,0.999,1.0,0.0,1.619,24.857
1784632502.4677527,35854,0,26,0,1.0,0.999,1.0,0.0,1.62,24.863
1784632502.5031695,35864,0,26,0,1.0,0.999,1.0,0.0,1.621,24.868
1784632502.5552142,35874,0,26,0,1.0,0.999,1.0,0.0,1.621,24.874
1784632502.624619,35884,0,26,0,1.0,0.999,1.0,0.0,1.622,24.879
1784632502.6920533,35894,0,26,0,1.0,0.999,1.0,0.0,1.623,24.885
1784632502.8295295,35904,0,26,0,1.0,0.999,1.0,0.0,1.623,24.89
1784632503.3503451,35914,0,26,0,1.0,0.999,1.0,0.0,1.624,24.896
1784632503.3791654,35924,0,26,0,1.0,0.999,1.0,0.0,1.625,24.901
1784632503.4112096,35934,0,26,0,1.0,0.999,1.0,0.0,1.625,24.907
1784632503.4394035,35944,0,26,0,1.0,0.999,1.0,0.0,1.626,24.913
1784632503.482354,35954,0,26,0,1.0,0.999,1.0,0.0,1.627,24.918
1784632503.5186994,35964,0,26,0,1.0,0.999,1.0,0.0,1.627,24.924
1784632503.549093,35974,0,26,0,1.0,0.999,1.0,0.0,1.628,24.93
1784632503.5909805,35984,0,26,0,1.0,0.999,1.0,0.0,1.629,24.935
1784632503.628039,35994,0,26,0,1.0,0.999,1.0,0.0,1.629,24.941
1784632503.6598306,36004,0,26,0,1.0,0.999,1.0,0.0,1.63,24.947
1784632503.7003386,36014,0,26,0,1.0,0.999,1.0,0.0,1.631,24.952
1784632503.7333457,36024,0,26,0,1.0,0.999,1.0,0.0,1.631,24.958
1784632503.766173,36034,0,26,0,1.0,0.999,1.0,0.0,1.632,24.964
1784632503.7922602,36044,0,26,0,1.0,0.999,1.0,0.0,1.633,24.969
1784632503.8239448,36054,0,26,0,1.0,0.999,1.0,0.0,1.634,24.975
1784632503.8593283,36064,0,26,0,1.0,0.999,1.0,0.0,1.634,24.981
1784632503.8919408,36074,0,26,0,1.0,0.999,1.0,0.0,1.635,24.986
1784632503.919967,36084,0,26,0,1.0,0.999,1.0,0.0,1.636,24.992
1784632503.9526172,36094,0,26,0,1.0,0.999,1.0,0.0,1.637,24.997
1784632503.986148,36104,0,26,0,1.0,0.999,1.0,0.0,1.637,25.003
1784632504.022825,36114,0,26,0,1.0,0.999,1.0,0.0,1.638,25.009
1784632504.0577261,36124,0,26,0,1.0,0.999,1.0,0.0,1.639,25.014
1784632504.0898378,36134,0,26,0,1.0,0.999,1.0,0.0,1.64,25.02
1784632504.116379,36144,0,26,0,1.0,0.999,1.0,0.0,1.641,25.025
1784632504.1460335,36154,0,26,0,1.0,0.999,1.0,0.0,1.642,25.031
1784632504.1787035,36164,0,26,0,1.0,0.999,1.0,0.0,1.642,25.036
1784632504.2106519,36174,0,26,0,1.0,0.999,1.0,0.0,1.643,25.042
1784632504.2427967,36184,0,26,0,1.0,0.999,1.0,0.0,1.644,25.048
1784632504.2721832,36194,0,26,0,1.0,0.999,1.0,0.0,1.645,25.053
1784632504.304362,36204,0,26,0,1.0,0.999,1.0,0.0,1.646,25.059
1784632504.3388844,36214,0,26,0,1.0,0.999,1.0,0.0,1.647,25.064
1784632504.365935,36224,0,26,0,1.0,0.999,1.0,0.0,1.648,25.07
1784632504.3955562,36234,0,26,0,1.0,0.999,1.0,0.0,1.649,25.075
1784632504.4293458,36244,0,26,0,1.0,0.999,1.0,0.0,1.65,25.081
1784632504.4613304,36254,0,26,0,1.0,0.999,1.0,0.0,1.65,25.086
1784632504.4869673,36264,0,26,0,1.0,0.999,1.0,0.0,1.651,25.091
1784632504.5118268,36274,0,26,0,1.0,0.999,1.0,0.0,1.652,25.097
1784632504.544647,36284,0,26,0,1.0,0.999,1.0,0.0,1.653,25.102
1784632504.5850818,36294,0,26,0,1.0,0.999,1.0,0.0,1.654,25.108
1784632504.6334574,36304,0,26,0,1.0,0.999,1.0,0.0,1.655,25.113
1784632504.6671064,36314,0,26,0,1.0,0.999,1.0,0.0,1.656,25.119
1784632504.7042217,36324,0,26,0,1.0,0.999,1.0,0.0,1.657,25.124
1784632504.7301161,36334,0,26,0,1.0,0.999,1.0,0.0,1.658,25.13
1784632504.7549155,36344,0,26,0,1.0,0.999,1.0,0.0,1.659,25.135
1784632504.7856286,36354,0,26,0,1.0,0.999,1.0,0.0,1.66,25.141
1784632504.823944,36364,0,26,0,1.0,0.999,1.0,0.0,1.661,25.146
1784632504.8557036,36374,0,26,0,1.0,0.999,1.0,0.0,1.662,25.151
1784632504.8828597,36384,0,26,0,1.0,0.999,1.0,0.0,1.663,25.157
1784632504.9295945,36394,0,26,0,1.0,0.999,1.0,0.0,1.664,25.162
1784632504.9574294,36404,0,26,0,1.0,0.999,1.0,0.0,1.665,25.168
1784632504.9874935,36414,0,26,0,1.0,0.999,1.0,0.0,1.666,25.173
1784632505.0233593,36424,0,26,0,1.0,0.999,1.0,0.0,1.667,25.179
1784632505.0626194,36434,0,26,0,1.0,0.999,1.0,0.0,1.667,25.184
1784632505.096868,36444,0,26,0,1.0,0.999,1.0,0.0,1.668,25.189
1784632505.1371498,36454,0,26,0,1.0,0.999,1.0,0.0,1.669,25.195
1784632505.1707325,36464,0,26,0,1.0,0.999,1.0,0.0,1.67,25.2
1784632505.1988728,36474,0,26,0,1.0,0.999,1.0,0.0,1.671,25.206
1784632505.2237387,36484,0,26,0,1.0,0.999,1.0,0.0,1.672,25.211
1784632505.2511256,36494,0,26,0,1.0,0.999,1.0,0.0,1.673,25.217
1784632505.2856266,36504,0,26,0,1.0,0.999,1.0,0.0,1.674,25.222
1784632505.3438172,36514,0,26,0,1.0,0.999,1.0,0.0,1.675,25.227
1784632505.3808992,36524,0,26,0,1.0,0.999,1.0,0.0,1.676,25.233
1784632505.4501731,36534,0,26,0,1.0,0.999,1.0,0.0,1.677,25.238
1784632505.4906204,36544,0,26,0,1.0,0.999,1.0,0.0,1.678,25.244
1784632505.5337791,36554,0,26,0,1.0,0.999,1.0,0.0,1.679,25.249
1784632505.589868,36564,0,26,0,1.0,0.999,1.0,0.0,1.68,25.255
1784632505.6516764,36574,0,26,0,1.0,0.999,1.0,0.0,1.681,25.26
1784632505.7433374,36584,0,26,0,1.0,0.999,1.0,0.0,1.681,25.265
1784632505.8874,36594,0,26,0,1.0,0.999,1.0,0.0,1.681,25.27
1784632505.9492035,36604,0,26,0,1.0,0.999,1.0,0.0,1.682,25.274
1784632506.00344,36614,0,26,0,1.0,0.999,1.0,0.0,1.682,25.279
1784632506.0688717,36624,0,26,0,1.0,0.999,1.0,0.0,1.682,25.284
1784632506.1199424,36634,0,26,0,1.0,0.999,1.0,0.0,1.682,25.289
1784632506.1857338,36644,0,26,0,1.0,0.999,1.0,0.0,1.682,25.294
1784632506.276564,36654,0,26,0,1.0,0.999,1.0,0.0,1.682,25.299
1784632506.3366072,36664,0,26,0,1.0,0.999,1.0,0.0,1.683,25.303
1784632506.4328759,36674,0,26,0,1.0,0.999,1.0,0.0,1.683,25.308
1784632506.4905028,36684,0,26,0,1.0,0.999,1.0,0.0,1.683,25.313
1784632506.5397515,36694,0,26,0,1.0,0.999,1.0,0.0,1.683,25.318
1784632506.5995445,36704,0,26,0,1.0,0.999,1.0,0.0,1.683,25.323
1784632506.671872,36714,0,26,0,1.0,0.999,1.0,0.0,1.683,25.328
1784632506.7640584,36724,0,26,0,1.0,0.999,1.0,0.0,1.684,25.333
1784632506.8339581,36734,0,26,0,1.0,0.999,1.0,0.0,1.684,25.338
1784632506.8873827,36744,0,26,0,1.0,0.999,1.0,0.0,1.684,25.343
1784632506.957844,36754,0,26,0,1.0,0.999,1.0,0.0,1.684,25.347
1784632507.0108933,36764,0,26,0,1.0,0.999,1.0,0.0,1.685,25.352
1784632507.104721,36774,0,26,0,1.0,0.999,1.0,0.0,1.685,25.357
1784632507.1636477,36784,0,26,0,1.0,0.999,1.0,0.0,1.685,25.362
1784632507.210335,36794,0,26,0,1.0,0.999,1.0,0.0,1.685,25.367
1784632507.2490995,36804,0,26,0,1.0,0.999,1.0,0.0,1.686,25.372
1784632507.2817624,36814,0,26,0,1.0,0.999,1.0,0.0,1.686,25.377
1784632507.3138938,36824,0,26,0,1.0,0.999,1.0,0.0,1.686,25.382
1784632507.3425353,36834,0,26,0,1.0,0.999,1.0,0.0,1.686,25.386
1784632507.3784096,36844,0,26,0,1.0,0.999,1.0,0.0,1.687,25.391
1784632507.4123843,36854,0,26,0,1.0,0.999,1.0,0.0,1.687,25.396
1784632507.446291,36864,0,26,0,1.0,0.999,1.0,0.0,1.687,25.401
1784632507.4787095,36874,0,26,0,1.0,0.999,1.0,0.0,1.688,25.406
1784632507.5177848,36884,0,26,0,1.0,0.999,1.0,0.0,1.688,25.411
1784632507.554594,36894,0,26,0,1.0,0.999,1.0,0.0,1.688,25.415
1784632507.5814316,36904,0,26,0,1.0,0.999,1.0,0.0,1.688,25.42
1784632507.617325,36914,0,26,0,1.0,0.999,1.0,0.0,1.689,25.425
1784632507.663127,36924,0,26,0,1.0,0.999,1.0,0.0,1.689,25.43
1784632507.6998904,36934,0,26,0,1.0,0.999,1.0,0.0,1.689,25.435
1784632507.7368908,36944,0,26,0,1.0,0.999,1.0,0.0,1.69,25.44
1784632507.778629,36954,0,26,0,1.0,0.999,1.0,0.0,1.69,25.444
1784632507.805481,36964,0,26,0,1.0,0.999,1.0,0.0,1.69,25.449
1784632507.8324413,36974,0,26,0,1.0,0.999,1.0,0.0,1.691,25.454
1784632507.8701844,36984,0,26,0,1.0,0.999,1.0,0.0,1.691,25.459
1784632507.9062853,36994,0,26,0,1.0,0.999,1.0,0.0,1.691,25.464
1784632507.9361446,37004,0,26,0,1.0,0.999,1.0,0.0,1.692,25.469
1784632507.9811146,37014,0,26,0,1.0,0.999,1.0,0.0,1.692,25.473
1784632508.017978,37024,0,26,0,1.0,0.999,1.0,0.0,1.692,25.478
1784632508.056797,37034,0,26,0,1.0,0.999,1.0,0.0,1.693,25.483
1784632508.081228,37044,0,26,0,1.0,0.999,1.0,0.0,1.693,25.488
1784632508.1076,37054,0,26,0,1.0,0.999,1.0,0.0,1.693,25.493
1784632508.1492398,37064,0,26,0,1.0,0.999,1.0,0.0,1.694,25.497
1784632508.1812499,37074,0,26,0,1.0,0.999,1.0,0.0,1.694,25.502
1784632508.210316,37084,0,26,0,1.0,0.999,1.0,0.0,1.695,25.507
1784632508.250921,37094,0,26,0,1.0,0.999,1.0,0.0,1.695,25.512
1784632508.2975116,37104,0,26,0,1.0,0.999,1.0,0.0,1.695,25.516
1784632508.332126,37114,0,26,0,1.0,0.999,1.0,0.0,1.696,25.521
1784632508.3701937,37124,0,26,0,1.0,0.999,1.0,0.0,1.696,25.526
1784632508.408353,37134,0,26,0,1.0,0.999,1.0,0.0,1.697,25.531
1784632508.4391613,37144,0,26,0,1.0,0.999,1.0,0.0,1.697,25.536
1784632508.4681172,37154,0,26,0,1.0,0.999,1.0,0.0,1.697,25.54
1784632508.5084715,37164,0,26,0,1.0,0.999,1.0,0.0,1.698,25.545
1784632508.5419111,37174,0,26,0,1.0,0.999,1.0,0.0,1.698,25.55
1784632508.5688372,37184,0,26,0,1.0,0.999,1.0,0.0,1.699,25.555
1784632508.6053295,37194,0,26,0,1.0,0.999,1.0,0.0,1.699,25.559
1784632508.6461232,37204,0,26,0,1.0,0.999,1.0,0.0,1.699,25.564
1784632508.6779196,37214,0,26,0,1.0,0.999,1.0,0.0,1.7,25.569
1784632508.726502,37224,0,26,0,1.0,0.999,1.0,0.0,1.7,25.574
1784632508.7722719,37234,0,26,0,1.0,0.999,1.0,0.0,1.701,25.578
1784632508.9289138,37244,0,26,0,1.0,0.999,1.0,0.0,1.701,25.583
1784632508.9541206,37254,0,26,0,1.0,0.999,1.0,0.0,1.701,25.588
1784632508.9892032,37264,0,26,0,1.0,0.999,1.0,0.0,1.702,25.593
1784632509.026591,37274,0,26,0,1.0,0.999,1.0,0.0,1.702,25.597
1784632509.0554075,37284,0,26,0,1.0,0.999,1.0,0.0,1.703,25.602
1784632509.09511,37294,0,26,0,1.0,0.999,1.0,0.0,1.703,25.607
1784632509.131205,37304,0,26,0,1.0,0.999,1.0,0.0,1.703,25.612
1784632509.1590667,37314,0,26,0,1.0,0.999,1.0,0.0,1.704,25.617
1784632509.1893687,37324,0,26,0,1.0,0.999,1.0,0.0,1.704,25.621
1784632509.264232,37334,0,26,0,1.0,0.999,1.0,0.0,1.705,25.626
1784632509.312043,37344,0,26,0,1.0,0.999,1.0,0.0,1.705,25.631
1784632509.388262,37354,0,26,0,1.0,0.999,1.0,0.0,1.706,25.636
1784632509.468711,37364,0,26,0,1.0,0.999,1.0,0.0,1.706,25.64
1784632509.5246234,37374,0,26,0,1.0,0.999,1.0,0.0,1.706,25.644
1784632509.5721488,37384,0,26,0,1.0,0.999,1.0,0.0,1.706,25.649
1784632509.6576614,37394,0,26,0,1.0,0.999,1.0,0.0,1.706,25.653
1784632509.7464092,37404,0,26,0,1.0,0.999,1.0,0.0,1.706,25.657
1784632509.7922254,37414,0,26,0,1.0,0.999,1.0,0.0,1.707,25.661
1784632509.8512907,37424,0,26,0,1.0,0.999,1.0,0.0,1.707,25.665
1784632509.909975,37434,0,26,0,1.0,0.999,1.0,0.0,1.707,25.67
1784632509.984746,37444,0,26,0,1.0,0.999,1.0,0.0,1.707,25.674
1784632510.056742,37454,0,26,0,1.0,0.999,1.0,0.0,1.707,25.678
1784632510.107545,37464,0,26,0,1.0,0.999,1.0,0.0,1.707,25.682
1784632510.175158,37474,0,26,0,1.0,0.999,1.0,0.0,1.707,25.686
1784632510.2385645,37484,0,26,0,1.0,0.999,1.0,0.0,1.708,25.691
1784632510.310953,37494,0,26,0,1.0,0.999,1.0,0.0,1.708,25.695
1784632510.3710983,37504,0,26,0,1.0,0.999,1.0,0.0,1.708,25.699
1784632510.4476404,37514,0,26,0,1.0,0.999,1.0,0.0,1.708,25.703
1784632510.5102413,37524,0,26,0,1.0,0.999,1.0,0.0,1.708,25.707
1784632510.5652368,37534,0,26,0,1.0,0.999,1.0,0.0,1.709,25.712
1784632510.6113307,37544,0,26,0,1.0,0.999,1.0,0.0,1.709,25.716
1784632510.6652617,37554,0,26,0,1.0,0.999,1.0,0.0,1.709,25.72
1784632510.7172904,37564,0,26,0,1.0,0.999,1.0,0.0,1.709,25.724
1784632510.7736604,37574,0,26,0,1.0,0.999,1.0,0.0,1.709,25.729
1784632510.8227935,37584,0,26,0,1.0,0.999,1.0,0.0,1.71,25.733
1784632510.8699906,37594,0,26,0,1.0,0.999,1.0,0.0,1.71,25.737
1784632510.9274352,37604,0,26,0,1.0,0.999,1.0,0.0,1.71,25.741
1784632510.978891,37614,0,26,0,1.0,0.999,1.0,0.0,1.71,25.746
1784632511.0232067,37624,0,26,0,1.0,0.999,1.0,0.0,1.71,25.75
1784632511.0777082,37634,0,26,0,1.0,0.999,1.0,0.0,1.711,25.754
1784632511.1265466,37644,0,26,0,1.0,0.999,1.0,0.0,1.711,25.758
1784632511.1824055,37654,0,26,0,1.0,0.999,1.0,0.0,1.711,25.763
1784632511.2302516,37664,0,26,0,1.0,0.999,1.0,0.0,1.711,25.767
1784632511.3006375,37674,0,26,0,1.0,0.999,1.0,0.0,1.712,25.771
1784632511.3793225,37684,0,26,0,1.0,0.999,1.0,0.0,1.712,25.775
1784632511.4455354,37694,0,26,0,1.0,0.999,1.0,0.0,1.712,25.78
1784632511.5272722,37704,0,26,0,1.0,0.999,1.0,0.0,1.713,25.784
1784632511.6028795,37714,0,26,0,1.0,0.999,1.0,0.0,1.713,25.788
1784632511.6639912,37724,0,26,0,1.0,0.999,1.0,0.0,1.713,25.792
1784632511.7267423,37734,0,26,0,1.0,0.999,1.0,0.0,1.713,25.797
1784632511.8006043,37744,0,26,0,1.0,0.999,1.0,0.0,1.714,25.801
1784632511.8636243,37754,0,26,0,1.0,0.999,1.0,0.0,1.714,25.805
1784632511.9380324,37764,0,26,0,1.0,0.999,1.0,0.0,1.714,25.81
1784632512.003428,37774,0,26,0,1.0,0.999,1.0,0.0,1.714,25.814
1784632512.0540745,37784,0,26,0,1.0,0.999,1.0,0.0,1.715,25.818
1784632512.100979,37794,0,26,0,1.0,0.999,1.0,0.0,1.715,25.822
1784632512.1523075,37804,0,26,0,1.0,0.999,1.0,0.0,1.715,25.827
1784632512.2085195,37814,0,26,0,1.0,0.999,1.0,0.0,1.716,25.831
1784632512.2708232,37824,0,26,0,1.0,0.999,1.0,0.0,1.716,25.835
1784632512.313532,37834,0,26,0,1.0,0.999,1.0,0.0,1.716,25.84
1784632512.3752189,37844,0,26,0,1.0,0.999,1.0,0.0,1.717,25.844
1784632512.4453635,37854,0,26,0,1.0,0.999,1.0,0.0,1.717,25.848
1784632512.5438108,37864,0,26,0,1.0,0.999,1.0,0.0,1.717,25.852
1784632512.622085,37874,0,26,0,1.0,0.999,1.0,0.0,1.718,25.857
1784632512.6810157,37884,0,26,0,1.0,0.999,1.0,0.0,1.718,25.861
1784632512.723704,37894,0,26,0,1.0,0.999,1.0,0.0,1.718,25.865
1784632512.7773829,37904,0,26,0,1.0,0.999,1.0,0.0,1.719,25.87
1784632512.828376,37914,0,26,0,1.0,0.999,1.0,0.0,1.719,25.874
1784632512.8791199,37924,0,26,0,1.0,0.999,1.0,0.0,1.719,25.878
1784632512.9373164,37934,0,26,0,1.0,0.999,1.0,0.0,1.72,25.883
1784632512.9983044,37944,0,26,0,1.0,0.999,1.0,0.0,1.72,25.887
1784632513.0422008,37954,0,26,0,1.0,0.999,1.0,0.0,1.72,25.891
1784632513.090868,37964,0,26,0,1.0,0.999,1.0,0.0,1.721,25.896
1784632513.1227157,37974,0,26,0,1.0,0.999,1.0,0.0,1.721,25.9
1784632513.160021,37984,0,26,0,1.0,0.999,1.0,0.0,1.721,25.904
1784632513.1953979,37994,0,26,0,1.0,0.999,1.0,0.0,1.722,25.909
1784632513.228012,38004,0,26,0,1.0,0.999,1.0,0.0,1.722,25.913
1784632513.2575128,38014,0,26,0,1.0,0.999,1.0,0.0,1.723,25.917
1784632513.2863326,38024,0,26,0,1.0,0.999,1.0,0.0,1.723,25.921
1784632513.322219,38034,0,26,0,1.0,0.999,1.0,0.0,1.724,25.926
1784632513.3636518,38044,0,26,0,1.0,0.999,1.0,0.0,1.724,25.93
1784632513.3951328,38054,0,26,0,1.0,0.999,1.0,0.0,1.724,25.934
1784632513.429314,38064,0,26,0,1.0,0.999,1.0,0.0,1.725,25.938
1784632513.4587154,38074,0,26,0,1.0,0.999,1.0,0.0,1.725,25.943
1784632513.4866846,38084,0,26,0,1.0,0.999,1.0,0.0,1.726,25.947
1784632513.5198584,38094,0,26,0,1.0,0.999,1.0,0.0,1.726,25.951
1784632513.5485287,38104,0,26,0,1.0,0.999,1.0,0.0,1.727,25.955
1784632513.5788398,38114,0,26,0,1.0,0.999,1.0,0.0,1.727,25.96
1784632513.6066463,38124,0,26,0,1.0,0.999,1.0,0.0,1.728,25.964
1784632513.646094,38134,0,26,0,1.0,0.999,1.0,0.0,1.728,25.968
1784632513.6770024,38144,0,26,0,1.0,0.999,1.0,0.0,1.728,25.972
1784632513.7072103,38154,0,26,0,1.0,0.999,1.0,0.0,1.728,25.976
1784632513.745109,38164,0,26,0,1.0,0.999,1.0,0.0,1.729,25.979
1784632513.7735045,38174,0,26,0,1.0,0.999,1.0,0.0,1.729,25.983
1784632513.8167803,38184,0,26,0,1.0,0.999,1.0,0.0,1.729,25.987
1784632513.858505,38194,0,26,0,1.0,0.999,1.0,0.0,1.729,25.99
1784632513.8895955,38204,0,26,0,1.0,0.999,1.0,0.0,1.729,25.994
1784632513.9252648,38214,0,26,0,1.0,0.999,1.0,0.0,1.729,25.998
1784632513.9567647,38224,0,26,0,1.0,0.999,1.0,0.0,1.729,26.001
1784632513.9960787,38234,0,26,0,1.0,0.999,1.0,0.0,1.729,26.005
1784632514.0228395,38244,0,26,0,1.0,0.999,1.0,0.0,1.73,26.008
1784632514.0512428,38254,0,26,0,1.0,0.999,1.0,0.0,1.73,26.012
1784632514.0834675,38264,0,26,0,1.0,0.999,1.0,0.0,1.73,26.015
1784632514.1178844,38274,0,26,0,1.0,0.999,1.0,0.0,1.73,26.019
1784632514.1510973,38284,0,26,0,1.0,0.999,1.0,0.0,1.73,26.023
1784632514.179988,38294,0,26,0,1.0,0.999,1.0,0.0,1.731,26.026
1784632514.2145777,38304,0,26,0,1.0,0.999,1.0,0.0,1.731,26.03
1784632514.247548,38314,0,26,0,1.0,0.999,1.0,0.0,1.731,26.033
1784632514.2725344,38324,0,26,0,1.0,0.999,1.0,0.0,1.731,26.037
1784632514.2992752,38334,0,26,0,1.0,0.999,1.0,0.0,1.731,26.04
1784632514.3390791,38344,0,26,0,1.0,0.999,1.0,0.0,1.732,26.044
1784632514.3641443,38354,0,26,0,1.0,0.999,1.0,0.0,1.732,26.047
1784632514.389802,38364,0,26,0,1.0,0.999,1.0,0.0,1.732,26.051
1784632514.4242306,38374,0,26,0,1.0,0.999,1.0,0.0,1.732,26.054
1784632514.4597983,38384,0,26,0,1.0,0.999,1.0,0.0,1.733,26.058
1784632514.4888003,38394,0,26,0,1.0,0.999,1.0,0.0,1.733,26.061
1784632514.5206215,38404,0,26,0,1.0,0.999,1.0,0.0,1.733,26.065
1784632514.5523167,38414,0,26,0,1.0,0.999,1.0,0.0,1.734,26.068
1784632514.593264,38424,0,26,0,1.0,0.999,1.0,0.0,1.734,26.072
1784632514.6338565,38434,0,26,0,1.0,0.999,1.0,0.0,1.734,26.075
1784632514.6737716,38444,0,26,0,1.0,0.999,1.0,0.0,1.735,26.079
1784632514.7459567,38454,0,26,0,1.0,0.999,1.0,0.0,1.735,26.082
1784632514.7842891,38464,0,26,0,1.0,0.999,1.0,0.0,1.735,26.086
1784632514.8241262,38474,0,26,0,1.0,0.999,1.0,0.0,1.736,26.089
1784632514.8587427,38484,0,26,0,1.0,0.999,1.0,0.0,1.736,26.093
1784632514.887872,38494,0,26,0,1.0,0.999,1.0,0.0,1.736,26.096
1784632514.9300082,38504,0,26,0,1.0,0.999,1.0,0.0,1.737,26.099
1784632514.962406,38514,0,26,0,1.0,0.999,1.0,0.0,1.737,26.103
1784632514.989402,38524,0,26,0,1.0,0.999,1.0,0.0,1.737,26.106
1784632515.0668845,38534,0,26,0,1.0,0.999,1.0,0.0,1.738,26.11
1784632515.1199253,38544,0,26,0,1.0,0.999,1.0,0.0,1.738,26.113
1784632515.1607533,38554,0,26,0,1.0,0.999,1.0,0.0,1.738,26.117
1784632515.2016854,38564,0,26,0,1.0,0.999,1.0,0.0,1.739,26.12
1784632515.2484534,38574,0,26,0,1.0,0.999,1.0,0.0,1.739,26.123
1784632515.2939517,38584,0,26,0,1.0,0.999,1.0,0.0,1.74,26.127
1784632515.349461,38594,0,26,0,1.0,0.999,1.0,0.0,1.74,26.13
1784632515.3980045,38604,0,26,0,1.0,0.999,1.0,0.0,1.74,26.134
1784632515.4385788,38614,0,26,0,1.0,0.999,1.0,0.0,1.741,26.137
1784632515.4869976,38624,0,26,0,1.0,0.999,1.0,0.0,1.741,26.141
1784632515.5362308,38634,0,26,0,1.0,0.999,1.0,0.0,1.741,26.144
1784632515.5829213,38644,0,26,0,1.0,0.999,1.0,0.0,1.742,26.147
1784632515.63943,38654,0,26,0,1.0,0.999,1.0,0.0,1.742,26.151
1784632515.6936347,38664,0,26,0,1.0,0.999,1.0,0.0,1.743,26.154
1784632515.7638354,38674,0,26,0,1.0,0.999,1.0,0.0,1.743,26.158
1784632515.8270752,38684,0,26,0,1.0,0.999,1.0,0.0,1.743,26.161
1784632515.8842134,38694,0,26,0,1.0,0.999,1.0,0.0,1.744,26.165
1784632515.944297,38704,0,26,0,1.0,0.999,1.0,0.0,1.744,26.168
1784632515.997578,38714,0,26,0,1.0,0.999,1.0,0.0,1.745,26.172
1784632516.0473194,38724,0,26,0,1.0,0.999,1.0,0.0,1.745,26.175
1784632516.0975955,38734,0,26,0,1.0,0.999,1.0,0.0,1.746,26.178
1784632516.1862981,38744,0,26,0,1.0,0.999,1.0,0.0,1.746,26.182
1784632516.2281725,38754,0,26,0,1.0,0.999,1.0,0.0,1.747,26.185
1784632516.2904952,38764,0,26,0,1.0,0.999,1.0,0.0,1.747,26.189
1784632516.3529062,38774,0,26,0,1.0,0.999,1.0,0.0,1.748,26.192
1784632516.3981729,38784,0,26,0,1.0,0.999,1.0,0.0,1.748,26.196
1784632516.4403334,38794,0,26,0,1.0,0.999,1.0,0.0,1.748,26.199
1784632516.4882998,38804,0,26,0,1.0,0.999,1.0,0.0,1.749,26.203
1784632516.557676,38814,0,26,0,1.0,0.999,1.0,0.0,1.749,26.206
1784632516.6464765,38824,0,26,0,1.0,0.999,1.0,0.0,1.75,26.209
1784632516.700196,38834,0,26,0,1.0,0.999,1.0,0.0,1.751,26.213
1784632516.75613,38844,0,26,0,1.0,0.999,1.0,0.0,1.751,26.216
1784632516.8184721,38854,0,26,0,1.0,0.999,1.0,0.0,1.752,26.22
1784632516.8661685,38864,0,26,0,1.0,0.999,1.0,0.0,1.752,26.223
1784632516.9022694,38874,0,26,0,1.0,0.999,1.0,0.0,1.753,26.227
1784632516.9562051,38884,0,26,0,1.0,0.999,1.0,0.0,1.753,26.23
1784632517.0453036,38894,0,26,0,1.0,0.999,1.0,0.0,1.754,26.234
1784632517.1502888,38904,0,26,0,1.0,0.999,1.0,0.0,1.754,26.237
1784632517.2078195,38914,0,26,0,1.0,0.999,1.0,0.0,1.755,26.241
1784632517.278728,38924,0,26,0,1.0,0.999,1.0,0.0,1.756,26.244
1784632517.3312173,38934,0,26,0,1.0,0.999,1.0,0.0,1.756,26.248
1784632517.3841648,38944,0,26,0,1.0,0.999,1.0,0.0,1.757,26.251
1784632517.4318614,38954,0,26,0,1.0,0.999,1.0,0.0,1.757,26.255
1784632517.4691286,38964,0,26,0,1.0,0.999,1.0,0.0,1.758,26.259
1784632517.50264,38974,0,26,0,1.0,0.999,1.0,0.0,1.758,26.262
1784632517.5476174,38984,0,26,0,1.0,0.999,1.0,0.0,1.759,26.266
1784632517.589531,38994,0,26,0,1.0,0.999,1.0,0.0,1.76,26.269
1784632517.619503,39004,0,26,0,1.0,0.999,1.0,0.0,1.76,26.273
1784632517.6507635,39014,0,26,0,1.0,0.999,1.0,0.0,1.761,26.276
1784632517.690818,39024,0,26,0,1.0,0.999,1.0,0.0,1.761,26.28
1784632517.7237742,39034,0,26,0,1.0,0.999,1.0,0.0,1.762,26.283
1784632517.7557936,39044,0,26,0,1.0,0.999,1.0,0.0,1.763,26.287
1784632517.7860222,39054,0,26,0,1.0,0.999,1.0,0.0,1.763,26.29
1784632517.8300574,39064,0,26,0,1.0,0.999,1.0,0.0,1.764,26.294
1784632517.8671606,39074,0,26,0,1.0,0.999,1.0,0.0,1.764,26.297
1784632517.9097128,39084,0,26,0,1.0,0.999,1.0,0.0,1.764,26.3
1784632517.947315,39094,0,26,0,1.0,0.999,1.0,0.0,1.764,26.303
1784632517.9747984,39104,0,26,0,1.0,0.999,1.0,0.0,1.765,26.306
1784632518.0138624,39114,0,26,0,1.0,0.999,1.0,0.0,1.765,26.309
1784632518.0462146,39124,0,26,0,1.0,0.999,1.0,0.0,1.765,26.312
1784632518.0845406,39134,0,26,0,1.0,0.999,1.0,0.0,1.765,26.315
1784632518.1092727,39144,0,26,0,1.0,0.999,1.0,0.0,1.765,26.318
1784632518.1531582,39154,0,26,0,1.0,0.999,1.0,0.0,1.765,26.321
1784632518.1970942,39164,0,26,0,1.0,0.999,1.0,0.0,1.765,26.324
1784632518.228374,39174,0,26,0,1.0,0.999,1.0,0.0,1.766,26.326
1784632518.2605429,39184,0,26,0,1.0,0.999,1.0,0.0,1.766,26.329
1784632518.29213,39194,0,26,0,1.0,0.999,1.0,0.0,1.766,26.332
1784632518.3302188,39204,0,26,0,1.0,0.999,1.0,0.0,1.766,26.335
1784632518.3635528,39214,0,26,0,1.0,0.999,1.0,0.0,1.766,26.338
1784632518.3994343,39224,0,26,0,1.0,0.999,1.0,0.0,1.766,26.341
1784632518.4390724,39234,0,26,0,1.0,0.999,1.0,0.0,1.766,26.344
1784632518.467005,39244,0,26,0,1.0,0.999,1.0,0.0,1.767,26.347
1784632518.4970279,39254,0,26,0,1.0,0.999,1.0,0.0,1.767,26.35
1784632518.528971,39264,0,26,0,1.0,0.999,1.0,0.0,1.767,26.353
1784632518.5669532,39274,0,26,0,1.0,0.999,1.0,0.0,1.767,26.356
1784632518.604487,39284,0,26,0,1.0,0.999,1.0,0.0,1.767,26.359
1784632518.6387594,39294,0,26,0,1.0,0.999,1.0,0.0,1.768,26.361
1784632518.6755736,39304,0,26,0,1.0,0.999,1.0,0.0,1.768,26.364
1784632518.703839,39314,0,26,0,1.0,0.999,1.0,0.0,1.768,26.367
1784632518.7305899,39324,0,26,0,1.0,0.999,1.0,0.0,1.768,26.37
1784632518.768296,39334,0,26,0,1.0,0.999,1.0,0.0,1.769,26.373
1784632518.8126001,39344,0,26,0,1.0,0.999,1.0,0.0,1.769,26.376
1784632518.8599043,39354,0,26,0,1.0,0.999,1.0,0.0,1.769,26.379
1784632518.9100745,39364,0,26,0,1.0,0.999,1.0,0.0,1.77,26.381
1784632518.9503293,39374,0,26,0,1.0,0.999,1.0,0.0,1.77,26.384
1784632518.9856162,39384,0,26,0,1.0,0.999,1.0,0.0,1.77,26.387
1784632519.0195386,39394,0,26,0,1.0,0.999,1.0,0.0,1.77,26.39
1784632519.06318,39404,0,26,0,1.0,0.999,1.0,0.0,1.771,26.393
1784632519.0935833,39414,0,26,0,1.0,0.999,1.0,0.0,1.771,26.396
1784632519.1252003,39424,0,26,0,1.0,0.999,1.0,0.0,1.771,26.398
1784632519.1605997,39434,0,26,0,1.0,0.999,1.0,0.0,1.772,26.401
1784632519.19842,39444,0,26,0,1.0,0.999,1.0,0.0,1.772,26.404
1784632519.2288451,39454,0,26,0,1.0,0.999,1.0,0.0,1.773,26.407
1784632519.2593691,39464,0,26,0,1.0,0.999,1.0,0.0,1.773,26.41
1784632519.2856262,39474,0,26,0,1.0,0.999,1.0,0.0,1.773,26.412
1784632519.32181,39484,0,26,0,1.0,0.999,1.0,0.0,1.774,26.415
1784632519.352647,39494,0,26,0,1.0,0.999,1.0,0.0,1.774,26.418
1784632519.3885202,39504,0,26,0,1.0,0.999,1.0,0.0,1.775,26.421
1784632519.4376285,39514,0,26,0,1.0,0.999,1.0,0.0,1.775,26.424
1784632519.482471,39524,0,26,0,1.0,0.999,1.0,0.0,1.775,26.426
1784632519.5954964,39534,0,26,0,1.0,0.999,1.0,0.0,1.776,26.429
1784632519.674939,39544,0,26,0,1.0,0.999,1.0,0.0,1.776,26.432
1784632519.740625,39554,0,26,0,1.0,0.999,1.0,0.0,1.776,26.435
1784632519.803303,39564,0,26,0,1.0,0.999,1.0,0.0,1.777,26.438
1784632519.846868,39574,0,26,0,1.0,0.999,1.0,0.0,1.777,26.44
1784632519.9056382,39584,0,26,0,1.0,0.999,1.0,0.0,1.778,26.443
1784632519.984705,39594,0,26,0,1.0,0.999,1.0,0.0,1.778,26.446
1784632520.047882,39604,0,26,0,1.0,0.999,1.0,0.0,1.778,26.449
1784632520.0905123,39614,0,26,0,1.0,0.999,1.0,0.0,1.779,26.452
1784632520.1257615,39624,0,26,0,1.0,0.999,1.0,0.0,1.779,26.454
1784632520.1700008,39634,0,26,0,1.0,0.999,1.0,0.0,1.78,26.457
1784632520.2172217,39644,0,26,0,1.0,0.999,1.0,0.0,1.78,26.46
1784632520.2878828,39654,0,26,0,1.0,0.999,1.0,0.0,1.781,26.463
1784632520.356371,39664,0,26,0,1.0,0.999,1.0,0.0,1.781,26.466
1784632520.4105985,39674,0,26,0,1.0,0.999,1.0,0.0,1.782,26.468
1784632520.465358,39684,0,26,0,1.0,0.999,1.0,0.0,1.782,26.471
1784632520.553327,39694,0,26,0,1.0,0.999,1.0,0.0,1.783,26.474
1784632520.6107817,39704,0,26,0,1.0,0.999,1.0,0.0,1.783,26.477
1784632520.6877637,39714,0,26,0,1.0,0.999,1.0,0.0,1.784,26.48
1784632520.7404666,39724,0,26,0,1.0,0.999,1.0,0.0,1.784,26.482
1784632520.7769487,39734,0,26,0,1.0,0.999,1.0,0.0,1.785,26.485
1784632520.845938,39744,0,26,0,1.0,0.999,1.0,0.0,1.785,26.488
1784632520.9280107,39754,0,26,0,1.0,0.999,1.0,0.0,1.786,26.491
1784632521.014056,39764,0,26,0,1.0,0.999,1.0,0.0,1.786,26.494
1784632521.0787768,39774,0,26,0,1.0,0.999,1.0,0.0,1.787,26.497
1784632521.138338,39784,0,26,0,1.0,0.999,1.0,0.0,1.788,26.499
1784632521.1798966,39794,0,26,0,1.0,0.999,1.0,0.0,1.788,26.502
1784632521.2217498,39804,0,26,0,1.0,0.999,1.0,0.0,1.789,26.505
1784632521.2804809,39814,0,26,0,1.0,0.999,1.0,0.0,1.789,26.508
1784632521.3422406,39824,0,26,0,1.0,0.999,1.0,0.0,1.79,26.511
1784632521.488786,39834,0,26,0,1.0,0.999,1.0,0.0,1.79,26.514
1784632521.546406,39844,0,26,0,1.0,0.999,1.0,0.0,1.791,26.517
1784632521.590644,39854,0,26,0,1.0,0.999,1.0,0.0,1.791,26.519
1784632521.6299846,39864,0,26,0,1.0,0.999,1.0,0.0,1.792,26.522
1784632521.6900938,39874,0,26,0,1.0,0.999,1.0,0.0,1.792,26.525
1784632521.7511566,39884,0,26,0,1.0,0.999,1.0,0.0,1.793,26.528
1784632522.0751634,39894,0,26,0,1.0,0.999,1.0,0.0,1.794,26.531
1784632522.1217713,39904,0,26,0,1.0,0.999,1.0,0.0,1.794,26.534
1784632522.1848202,39914,0,26,0,1.0,0.999,1.0,0.0,1.795,26.537
1784632522.2266734,39924,0,26,0,1.0,0.999,1.0,0.0,1.795,26.54
1784632522.2894742,39934,0,26,0,1.0,0.999,1.0,0.0,1.796,26.543
1784632522.3345897,39944,0,26,0,1.0,0.999,1.0,0.0,1.796,26.546
1784632522.3845737,39954,0,26,0,1.0,0.999,1.0,0.0,1.796,26.548
1784632522.4277327,39964,0,26,0,1.0,0.999,1.0,0.0,1.796,26.551
1784632522.4661958,39974,0,26,0,1.0,0.999,1.0,0.0,1.796,26.553
1784632522.5316281,39984,0,26,0,1.0,0.999,1.0,0.0,1.797,26.555
1784632522.5799134,39994,0,26,0,1.0,0.999,1.0,0.0,1.797,26.558
1784632522.6377232,40004,0,26,0,1.0,0.999,1.0,0.0,1.797,26.56
1784632522.6767614,40014,0,26,0,1.0,0.999,1.0,0.0,1.797,26.563
1784632522.7131054,40024,0,26,0,1.0,0.999,1.0,0.0,1.797,26.565
1784632522.7660277,40034,0,26,0,1.0,0.999,1.0,0.0,1.797,26.568
1784632522.8010886,40044,0,26,0,1.0,0.999,1.0,0.0,1.797,26.57
1784632522.8411314,40054,0,26,0,1.0,0.999,1.0,0.0,1.797,26.572
1784632522.9120245,40064,0,26,0,1.0,0.999,1.0,0.0,1.797,26.575
1784632522.9857113,40074,0,26,0,1.0,0.999,1.0,0.0,1.797,26.577
1784632523.0383317,40084,0,26,0,1.0,0.999,1.0,0.0,1.798,26.58
1784632523.101454,40094,0,26,0,1.0,0.999,1.0,0.0,1.798,26.582
1784632523.176544,40104,0,26,0,1.0,0.999,1.0,0.0,1.798,26.584
1784632523.2367692,40114,0,26,0,1.0,0.999,1.0,0.0,1.798,26.587
1784632523.2801623,40124,0,26,0,1.0,0.999,1.0,0.0,1.798,26.589
1784632523.3329399,40134,0,26,0,1.0,0.999,1.0,0.0,1.798,26.592
1784632523.37455,40144,0,26,0,1.0,0.999,1.0,0.0,1.798,26.594
1784632523.4255662,40154,0,26,0,1.0,0.999,1.0,0.0,1.798,26.597
1784632523.4637697,40164,0,26,0,1.0,0.999,1.0,0.0,1.799,26.599
1784632523.4987721,40174,0,26,0,1.0,0.999,1.0,0.0,1.799,26.602
1784632523.530431,40184,0,26,0,1.0,0.999,1.0,0.0,1.799,26.604
1784632523.564165,40194,0,26,0,1.0,0.999,1.0,0.0,1.799,26.606
1784632523.5990095,40204,0,26,0,1.0,0.999,1.0,0.0,1.799,26.609
1784632523.6339672,40214,0,26,0,1.0,0.999,1.0,0.0,1.799,26.611
1784632523.6906347,40224,0,26,0,1.0,0.999,1.0,0.0,1.799,26.614
1784632523.7455742,40234,0,26,0,1.0,0.999,1.0,0.0,1.8,26.616
1784632523.7936974,40244,0,26,0,1.0,0.999,1.0,0.0,1.8,26.619
1784632523.8290255,40254,0,26,0,1.0,0.999,1.0,0.0,1.8,26.621
1784632523.8559854,40264,0,26,0,1.0,0.999,1.0,0.0,1.8,26.624
1784632523.8837273,40274,0,26,0,1.0,0.999,1.0,0.0,1.8,26.626
1784632523.921717,40284,0,26,0,1.0,0.999,1.0,0.0,1.8,26.628
1784632523.9649093,40294,0,26,0,1.0,0.999,1.0,0.0,1.801,26.631
1784632524.0234947,40304,0,26,0,1.0,0.999,1.0,0.0,1.801,26.633
1784632524.0836728,40314,0,26,0,1.0,0.999,1.0,0.0,1.801,26.636
1784632524.133564,40324,0,26,0,1.0,0.999,1.0,0.0,1.801,26.638
1784632524.1890297,40334,0,26,0,1.0,0.999,1.0,0.0,1.801,26.641
1784632524.2548866,40344,0,26,0,1.0,0.999,1.0,0.0,1.801,26.643
1784632524.306174,40354,0,26,0,1.0,0.999,1.0,0.0,1.802,26.646
1784632524.370348,40364,0,26,0,1.0,0.999,1.0,0.0,1.802,26.648
1784632524.4509633,40374,0,26,0,1.0,0.999,1.0,0.0,1.802,26.651
1784632524.5047889,40384,0,26,0,1.0,0.999,1.0,0.0,1.802,26.653
1784632524.5726914,40394,0,26,0,1.0,0.999,1.0,0.0,1.802,26.656
1784632524.6203423,40404,0,26,0,1.0,0.999,1.0,0.0,1.803,26.658
1784632524.6898432,40414,0,26,0,1.0,0.999,1.0,0.0,1.803,26.661
1784632524.751818,40424,0,26,0,1.0,0.999,1.0,0.0,1.803,26.663
1784632524.7968292,40434,0,26,0,1.0,0.999,1.0,0.0,1.803,26.666
1784632524.8762662,40444,0,26,0,1.0,0.999,1.0,0.0,1.803,26.668
1784632524.9339025,40454,0,26,0,1.0,0.999,1.0,0.0,1.804,26.671
1784632525.0032861,40464,0,26,0,1.0,0.999,1.0,0.0,1.804,26.673
1784632525.063044,40474,0,26,0,1.0,0.999,1.0,0.0,1.804,26.676
1784632525.1289787,40484,0,26,0,1.0,0.999,1.0,0.0,1.804,26.678
1784632525.1786819,40494,0,26,0,1.0,0.999,1.0,0.0,1.805,26.681
1784632525.2680497,40504,0,26,0,1.0,0.999,1.0,0.0,1.805,26.683
1784632525.3550165,40514,0,26,0,1.0,0.999,1.0,0.0,1.805,26.686
1784632525.430891,40524,0,26,0,1.0,0.999,1.0,0.0,1.805,26.689
1784632525.4782367,40534,0,26,0,1.0,0.999,1.0,0.0,1.806,26.691
1784632525.5183163,40544,0,26,0,1.0,0.999,1.0,0.0,1.806,26.694
1784632525.5641906,40554,0,26,0,1.0,0.999,1.0,0.0,1.806,26.696
1784632525.5959785,40564,0,26,0,1.0,0.999,1.0,0.0,1.806,26.699
1784632525.634464,40574,0,26,0,1.0,0.999,1.0,0.0,1.807,26.701
1784632525.6629095,40584,0,26,0,1.0,0.999,1.0,0.0,1.807,26.704
1784632525.6935265,40594,0,26,0,1.0,0.999,1.0,0.0,1.807,26.707
1784632525.7302701,40604,0,26,0,1.0,0.999,1.0,0.0,1.807,26.709
1784632525.766461,40614,0,26,0,1.0,0.999,1.0,0.0,1.808,26.712
1784632525.7971427,40624,0,26,0,1.0,0.999,1.0,0.0,1.808,26.714
1784632525.823312,40634,0,26,0,1.0,0.999,1.0,0.0,1.808,26.716
1784632525.8519917,40644,0,26,0,1.0,0.999,1.0,0.0,1.808,26.718
1784632525.8960342,40654,0,26,0,1.0,0.999,1.0,0.0,1.808,26.72
1784632525.9265153,40664,0,26,0,1.0,0.999,1.0,0.0,1.808,26.722
1784632525.9581683,40674,0,26,0,1.0,0.999,1.0,0.0,1.808,26.724
1784632525.9906507,40684,0,26,0,1.0,0.999,1.0,0.0,1.809,26.726
1784632526.0382738,40694,0,26,0,1.0,0.999,1.0,0.0,1.809,26.728
1784632526.0757873,40704,0,26,0,1.0,0.999,1.0,0.0,1.809,26.73
1784632526.1094382,40714,0,26,0,1.0,0.999,1.0,0.0,1.809,26.732
1784632526.14927,40724,0,26,0,1.0,0.999,1.0,0.0,1.809,26.734
1784632526.1895697,40734,0,26,0,1.0,0.999,1.0,0.0,1.809,26.736
1784632526.2151132,40744,0,26,0,1.0,0.999,1.0,0.0,1.809,26.738
1784632526.2406068,40754,0,26,0,1.0,0.999,1.0,0.0,1.809,26.74
1784632526.2843769,40764,0,26,0,1.0,0.999,1.0,0.0,1.809,26.742
1784632526.3097687,40774,0,26,0,1.0,0.999,1.0,0.0,1.81,26.744
1784632526.3344507,40784,0,26,0,1.0,0.999,1.0,0.0,1.81,26.746
1784632526.3612614,40794,0,26,0,1.0,0.999,1.0,0.0,1.81,26.748
1784632526.401633,40804,0,26,0,1.0,0.999,1.0,0.0,1.81,26.75
1784632526.4291382,40814,0,26,0,1.0,0.999,1.0,0.0,1.81,26.752
1784632526.4612324,40824,0,26,0,1.0,0.999,1.0,0.0,1.81,26.754
1784632526.4871945,40834,0,26,0,1.0,0.999,1.0,0.0,1.81,26.756
1784632526.5261097,40844,0,26,0,1.0,0.999,1.0,0.0,1.81,26.758
1784632526.5582306,40854,0,26,0,1.0,0.999,1.0,0.0,1.81,26.76
1784632526.5857852,40864,0,26,0,1.0,0.999,1.0,0.0,1.81,26.762
1784632526.6170483,40874,0,26,0,1.0,0.999,1.0,0.0,1.81,26.764
1784632526.6558843,40884,0,26,0,1.0,0.999,1.0,0.0,1.81,26.766
1784632526.6907175,40894,0,26,0,1.0,0.999,1.0,0.0,1.81,26.768
1784632526.7208815,40904,0,26,0,1.0,0.999,1.0,0.0,1.81,26.77
1784632526.757704,40914,0,26,0,1.0,0.999,1.0,0.0,1.81,26.772
1784632526.8010433,40924,0,26,0,1.0,0.999,1.0,0.0,1.81,26.774
1784632526.8300598,40934,0,26,0,1.0,0.999,1.0,0.0,1.81,26.776
1784632526.8622332,40944,0,26,0,1.0,0.999,1.0,0.0,1.81,26.778
1784632526.8981733,40954,0,26,0,1.0,0.999,1.0,0.0,1.81,26.78
1784632526.934473,40964,0,26,0,1.0,0.999,1.0,0.0,1.81,26.782
1784632526.9655821,40974,0,26,0,1.0,0.999,1.0,0.0,1.81,26.784
1784632526.9991684,40984,0,26,0,1.0,0.999,1.0,0.0,1.81,26.786
1784632527.0249615,40994,0,26,0,1.0,0.999,1.0,0.0,1.81,26.788
1784632527.0669982,41004,0,26,0,1.0,0.999,1.0,0.0,1.81,26.79
1784632527.100218,41014,0,26,0,1.0,0.999,1.0,0.0,1.81,26.792
1784632527.1362903,41024,0,26,0,1.0,0.999,1.0,0.0,1.81,26.794
1784632527.1600115,41034,0,26,0,1.0,0.999,1.0,0.0,1.81,26.796
1784632527.1894941,41044,0,26,0,1.0,0.999,1.0,0.0,1.81,26.798
1784632527.2131624,41054,0,26,0,1.0,0.999,1.0,0.0,1.81,26.8
1784632527.2445245,41064,0,26,0,1.0,0.999,1.0,0.0,1.81,26.802
1784632527.2651036,41074,0,26,0,1.0,0.999,1.0,0.0,1.81,26.804
1784632527.2846963,41084,0,26,0,1.0,0.999,1.0,0.0,1.81,26.806
1784632527.3377395,41094,0,26,0,1.0,0.999,1.0,0.0,1.81,26.808
1784632527.4100919,41104,0,26,0,1.0,0.999,1.0,0.0,1.81,26.81
1784632527.4451654,41114,0,26,0,1.0,0.999,1.0,0.0,1.81,26.812
1784632527.5163643,41124,0,26,0,1.0,0.999,1.0,0.0,1.81,26.814
1784632527.581201,41134,0,26,0,1.0,0.999,1.0,0.0,1.811,26.816
1784632527.6489558,41144,0,26,0,1.0,0.999,1.0,0.0,1.811,26.817
1784632527.7361817,41154,0,26,0,1.0,0.999,1.0,0.0,1.811,26.819
1784632527.7974617,41164,0,26,0,1.0,0.999,1.0,0.0,1.811,26.82
1784632527.8669722,41174,0,26,0,1.0,0.999,1.0,0.0,1.811,26.822
1784632527.922957,41184,0,26,0,1.0,0.999,1.0,0.0,1.811,26.823
1784632527.9773815,41194,0,26,0,1.0,0.999,1.0,0.0,1.811,26.825
1784632528.0196757,41204,0,26,0,1.0,0.999,1.0,0.0,1.811,26.826
1784632528.071421,41214,0,26,0,1.0,0.999,1.0,0.0,1.811,26.828
1784632528.1528182,41224,0,26,0,1.0,0.999,1.0,0.0,1.811,26.829
1784632528.223024,41234,0,26,0,1.0,0.999,1.0,0.0,1.811,26.831
1784632528.2822695,41244,0,26,0,1.0,0.999,1.0,0.0,1.811,26.833
1784632528.3438416,41254,0,26,0,1.0,0.999,1.0,0.0,1.811,26.834
1784632528.4522665,41264,0,26,0,1.0,0.999,1.0,0.0,1.81,26.836
1784632528.5515935,41274,0,26,0,1.0,0.999,1.0,0.0,1.81,26.837
1784632528.6329,41284,0,26,0,1.0,0.999,1.0,0.0,1.81,26.839
1784632528.6910582,41294,0,26,0,1.0,0.999,1.0,0.0,1.81,26.841
1784632528.75188,41304,0,26,0,1.0,0.999,1.0,0.0,1.81,26.842
1784632528.8049192,41314,0,26,0,1.0,0.999,1.0,0.0,1.81,26.844
1784632528.864278,41324,0,26,0,1.0,0.999,1.0,0.0,1.81,26.845
1784632529.046057,41334,0,26,0,1.0,0.999,1.0,0.0,1.81,26.847
1784632529.1060708,41344,0,26,0,1.0,0.999,1.0,0.0,1.81,26.849
1784632529.1517096,41354,0,26,0,1.0,0.999,1.0,0.0,1.81,26.851
1784632529.187908,41364,0,26,0,1.0,0.999,1.0,0.0,1.81,26.852
1784632529.2375994,41374,0,26,0,1.0,0.999,1.0,0.0,1.81,26.854
1784632529.3092663,41384,0,26,0,1.0,0.999,1.0,0.0,1.809,26.856
1784632529.357807,41394,0,26,0,1.0,0.999,1.0,0.0,1.809,26.857
1784632529.428027,41404,0,26,0,1.0,0.999,1.0,0.0,1.809,26.859
1784632529.4967864,41414,0,26,0,1.0,0.999,1.0,0.0,1.809,26.861
1784632529.5560539,41424,0,26,0,1.0,0.999,1.0,0.0,1.809,26.862
1784632529.629457,41434,0,26,0,1.0,0.999,1.0,0.0,1.809,26.864
1784632529.690374,41444,0,26,0,1.0,0.999,1.0,0.0,1.809,26.866
1784632529.7539492,41454,0,26,0,1.0,0.999,1.0,0.0,1.809,26.868
1784632529.800497,41464,0,26,0,1.0,0.999,1.0,0.0,1.809,26.869
1784632529.8561275,41474,0,26,0,1.0,0.999,1.0,0.0,1.809,26.871
1784632529.9275897,41484,0,26,0,1.0,0.999,1.0,0.0,1.808,26.873
1784632529.9741414,41494,0,26,0,1.0,0.999,1.0,0.0,1.808,26.875
1784632530.0242202,41504,0,26,0,1.0,0.999,1.0,0.0,1.808,26.876
1784632530.0731642,41514,0,26,0,1.0,0.999,1.0,0.0,1.808,26.878
1784632530.1104069,41524,0,26,0,1.0,0.999,1.0,0.0,1.808,26.879
1784632530.1674125,41534,0,26,0,1.0,0.999,1.0,0.0,1.808,26.881
1784632530.199602,41544,0,26,0,1.0,0.999,1.0,0.0,1.808,26.882
1784632530.23488,41554,0,26,0,1.0,0.999,1.0,0.0,1.808,26.883
1784632530.2857976,41564,0,26,0,1.0,0.999,1.0,0.0,1.808,26.885
1784632530.4679942,41574,0,26,0,1.0,0.999,1.0,0.0,1.808,26.886
1784632530.4954534,41584,0,26,0,1.0,0.999,1.0,0.0,1.808,26.887
1784632530.5283537,41594,0,26,0,1.0,0.999,1.0,0.0,1.808,26.889
1784632530.553527,41604,0,26,0,1.0,0.999,1.0,0.0,1.808,26.89
1784632530.5856185,41614,0,26,0,1.0,0.999,1.0,0.0,1.809,26.891
1784632530.6305192,41624,0,26,0,1.0,0.999,1.0,0.0,1.809,26.892
1784632530.6691597,41634,0,26,0,1.0,0.999,1.0,0.0,1.809,26.894
1784632530.7063193,41644,0,26,0,1.0,0.999,1.0,0.0,1.809,26.895
1784632530.7451153,41654,0,26,0,1.0,0.999,1.0,0.0,1.809,26.896
1784632530.781227,41664,0,26,0,1.0,0.999,1.0,0.0,1.809,26.898
1784632530.8045354,41674,0,26,0,1.0,0.999,1.0,0.0,1.809,26.899
1784632530.8260887,41684,0,26,0,1.0,0.999,1.0,0.0,1.809,26.9
1784632530.8501914,41694,0,26,0,1.0,0.999,1.0,0.0,1.809,26.902
1784632530.8763185,41704,0,26,0,1.0,0.999,1.0,0.0,1.809,26.903
1784632530.906697,41714,0,26,0,1.0,0.999,1.0,0.0,1.809,26.904
1784632530.9276145,41724,0,26,0,1.0,0.999,1.0,0.0,1.809,26.906
1784632530.9543202,41734,0,26,0,1.0,0.999,1.0,0.0,1.81,26.907
1784632530.9866486,41744,0,26,0,1.0,0.999,1.0,0.0,1.81,26.908
1784632531.0265799,41754,0,26,0,1.0,0.999,1.0,0.0,1.81,26.91
1784632531.0485647,41764,0,26,0,1.0,0.999,1.0,0.0,1.81,26.911
1784632531.08163,41774,0,26,0,1.0,0.999,1.0,0.0,1.81,26.912
1784632531.1140988,41784,0,26,0,1.0,0.999,1.0,0.0,1.81,26.913
1784632531.1594958,41794,0,26,0,1.0,0.999,1.0,0.0,1.81,26.915
1784632531.19516,41804,0,26,0,1.0,0.999,1.0,0.0,1.81,26.916
1784632531.2987466,41814,0,26,0,1.0,0.999,1.0,0.0,1.81,26.917
1784632531.320908,41824,0,26,0,1.0,0.999,1.0,0.0,1.81,26.919
1784632531.3472962,41834,0,26,0,1.0,0.999,1.0,0.0,1.81,26.92
1784632531.3883207,41844,0,26,0,1.0,0.999,1.0,0.0,1.81,26.921
1784632531.4154398,41854,0,26,0,1.0,0.999,1.0,0.0,1.81,26.923
1784632531.436865,41864,0,26,0,1.0,0.999,1.0,0.0,1.811,26.924
1784632531.4607291,41874,0,26,0,1.0,0.999,1.0,0.0,1.811,26.925
1784632531.4948075,41884,0,26,0,1.0,0.999,1.0,0.0,1.811,26.926
1784632531.5257576,41894,0,26,0,1.0,0.999,1.0,0.0,1.811,26.928
1784632531.5497649,41904,0,26,0,1.0,0.999,1.0,0.0,1.811,26.929
1784632531.5770519,41914,0,26,0,1.0,0.999,1.0,0.0,1.811,26.93
1784632531.6166205,41924,0,26,0,1.0,0.999,1.0,0.0,1.811,26.931
1784632531.6436665,41934,0,26,0,1.0,0.999,1.0,0.0,1.811,26.933
1784632531.666765,41944,0,26,0,1.0,0.999,1.0,0.0,1.811,26.934
1784632531.693759,41954,0,26,0,1.0,0.999,1.0,0.0,1.812,26.935
1784632531.7315183,41964,0,26,0,1.0,0.999,1.0,0.0,1.812,26.936
1784632531.768973,41974,0,26,0,1.0,0.999,1.0,0.0,1.812,26.938
1784632531.8001928,41984,0,26,0,1.0,0.999,1.0,0.0,1.812,26.939
1784632531.8278365,41994,0,26,0,1.0,0.999,1.0,0.0,1.812,26.94
1784632531.8596056,42004,0,26,0,1.0,0.999,1.0,0.0,1.812,26.941
1784632531.8867905,42014,0,26,0,1.0,0.999,1.0,0.0,1.812,26.942
1784632531.9138885,42024,0,26,0,1.0,0.999,1.0,0.0,1.812,26.944
1784632531.9407272,42034,0,26,0,1.0,0.999,1.0,0.0,1.813,26.945
1784632531.9764903,42044,0,26,0,1.0,0.999,1.0,0.0,1.813,26.946
1784632532.0440094,42054,0,26,0,1.0,0.999,1.0,0.0,1.813,26.947
1784632532.0740392,42064,0,26,0,1.0,0.999,1.0,0.0,1.813,26.948
1784632532.1010761,42074,0,26,0,1.0,0.999,1.0,0.0,1.813,26.95
1784632532.1385198,42084,0,26,0,1.0,0.999,1.0,0.0,1.813,26.951
1784632532.168968,42094,0,26,0,1.0,0.999,1.0,0.0,1.813,26.951
1784632532.2153924,42104,0,26,0,1.0,0.999,1.0,0.0,1.813,26.952
1784632532.247342,42114,0,26,0,1.0,0.999,1.0,0.0,1.813,26.953
1784632532.273991,42124,0,26,0,1.0,0.999,1.0,0.0,1.814,26.953
1784632532.3048882,42134,0,26,0,1.0,0.999,1.0,0.0,1.814,26.954
1784632532.3412905,42144,0,26,0,1.0,0.999,1.0,0.0,1.814,26.955
1784632532.3756354,42154,0,26,0,1.0,0.999,1.0,0.0,1.814,26.955
1784632532.401413,42164,0,26,0,1.0,0.999,1.0,0.0,1.814,26.956
1784632532.430273,42174,0,26,0,1.0,0.999,1.0,0.0,1.814,26.957
1784632532.4954305,42184,0,26,0,1.0,0.999,1.0,0.0,1.814,26.957
1784632532.577856,42194,0,26,0,1.0,0.999,1.0,0.0,1.814,26.958
1784632532.6131737,42204,0,26,0,1.0,0.999,1.0,0.0,1.814,26.959
1784632532.677737,42214,0,26,0,1.0,0.999,1.0,0.0,1.814,26.959
1784632532.7173038,42224,0,26,0,1.0,0.999,1.0,0.0,1.814,26.96
1784632532.7548423,42234,0,26,0,1.0,0.999,1.0,0.0,1.814,26.961
1784632532.8382704,42244,0,26,0,1.0,0.999,1.0,0.0,1.814,26.962
1784632532.9015894,42254,0,26,0,1.0,0.999,1.0,0.0,1.814,26.962
1784632532.9469635,42264,0,26,0,1.0,0.999,1.0,0.0,1.814,26.963
1784632532.9936378,42274,0,26,0,1.0,0.999,1.0,0.0,1.814,26.964
1784632533.0675206,42284,0,26,0,1.0,0.999,1.0,0.0,1.814,26.965
1784632533.466474,42294,0,26,0,1.0,0.999,1.0,0.0,1.814,26.965
1784632533.5576892,42304,0,26,0,1.0,0.999,1.0,0.0,1.814,26.966
1784632533.598982,42314,0,26,0,1.0,0.999,1.0,0.0,1.814,26.967
1784632533.6587558,42324,0,26,0,1.0,0.999,1.0,0.0,1.814,26.968
1784632533.709851,42334,0,26,0,1.0,0.999,1.0,0.0,1.814,26.969
1784632533.7639735,42344,0,26,0,1.0,0.999,1.0,0.0,1.814,26.97
1784632533.8114288,42354,0,26,0,1.0,0.999,1.0,0.0,1.814,26.971
1784632533.8624647,42364,0,26,0,1.0,0.999,1.0,0.0,1.814,26.972
1784632533.912213,42374,0,26,0,1.0,0.999,1.0,0.0,1.814,26.973
1784632533.9521716,42384,0,26,0,1.0,0.999,1.0,0.0,1.814,26.974
1784632534.0583494,42394,0,26,0,1.0,0.999,1.0,0.0,1.814,26.974
1784632534.0895278,42404,0,26,0,1.0,0.999,1.0,0.0,1.814,26.975
1784632534.1245248,42414,0,26,0,1.0,0.999,1.0,0.0,1.814,26.976
1784632534.1583529,42424,0,26,0,1.0,0.999,1.0,0.0,1.814,26.977
1784632534.185112,42434,0,26,0,1.0,0.999,1.0,0.0,1.814,26.978
1784632534.2119591,42444,0,26,0,1.0,0.999,1.0,0.0,1.814,26.979
1784632534.2527103,42454,0,26,0,1.0,0.999,1.0,0.0,1.814,26.98
1784632534.2908747,42464,0,26,0,1.0,0.999,1.0,0.0,1.814,26.981
1784632534.3184,42474,0,26,0,1.0,0.999,1.0,0.0,1.814,26.982
1784632534.350872,42484,0,26,0,1.0,0.999,1.0,0.0,1.814,26.983
1784632534.377029,42494,0,26,0,1.0,0.999,1.0,0.0,1.814,26.984
1784632534.4338605,42504,0,26,0,1.0,0.999,1.0,0.0,1.813,26.985
1784632534.5376964,42514,0,26,0,1.0,0.999,1.0,0.0,1.813,26.986
1784632534.5644767,42524,0,26,0,1.0,0.999,1.0,0.0,1.813,26.987
1784632534.6068392,42534,0,26,0,1.0,0.999,1.0,0.0,1.813,26.988
1784632534.631195,42544,0,26,0,1.0,0.999,1.0,0.0,1.813,26.989
1784632534.656439,42554,0,26,0,1.0,0.999,1.0,0.0,1.813,26.99
1784632534.7142198,42564,0,26,0,1.0,0.999,1.0,0.0,1.813,26.991
1784632534.744595,42574,0,26,0,1.0,0.999,1.0,0.0,1.813,26.992
1784632534.7718766,42584,0,26,0,1.0,0.999,1.0,0.0,1.813,26.992
1784632534.7933574,42594,0,26,0,1.0,0.999,1.0,0.0,1.813,26.993
1784632534.8209724,42604,0,26,0,1.0,0.999,1.0,0.0,1.813,26.993
1784632534.8465497,42614,0,26,0,1.0,0.999,1.0,0.0,1.813,26.994
1784632534.870923,42624,0,26,0,1.0,0.999,1.0,0.0,1.813,26.994
1784632534.9020264,42634,0,26,0,1.0,0.999,1.0,0.0,1.813,26.995
1784632534.9311018,42644,0,26,0,1.0,0.999,1.0,0.0,1.813,26.995
1784632534.9649706,42654,0,26,0,1.0,0.999,1.0,0.0,1.814,26.996
1784632534.9925554,42664,0,26,0,1.0,0.999,1.0,0.0,1.814,26.997
1784632535.0307248,42674,0,26,0,1.0,0.999,1.0,0.0,1.814,26.997
1784632535.0584056,42684,0,26,0,1.0,0.999,1.0,0.0,1.814,26.998
1784632535.0885687,42694,0,26,0,1.0,0.999,1.0,0.0,1.814,26.998
1784632535.1119525,42704,0,26,0,1.0,0.999,1.0,0.0,1.814,26.999
1784632535.1428745,42714,0,26,0,1.0,0.999,1.0,0.0,1.814,26.999
1784632535.1778154,42724,0,26,0,1.0,0.999,1.0,0.0,1.814,27.0
1784632535.2097495,42734,0,26,0,1.0,0.999,1.0,0.0,1.815,27.0
1784632535.2338932,42744,0,26,0,1.0,0.999,1.0,0.0,1.815,27.001
1784632535.2617671,42754,0,26,0,1.0,0.999,1.0,0.0,1.815,27.001
1784632535.3654823,42764,0,26,0,1.0,0.999,1.0,0.0,1.815,27.002
1784632535.3907568,42774,0,26,0,1.0,0.999,1.0,0.0,1.815,27.003
1784632535.4217083,42784,0,26,0,1.0,0.999,1.0,0.0,1.815,27.003
1784632535.4477487,42794,0,26,0,1.0,0.999,1.0,0.0,1.815,27.004
1784632535.47635,42804,0,26,0,1.0,0.999,1.0,0.0,1.815,27.004
1784632535.5013635,42814,0,26,0,1.0,0.999,1.0,0.0,1.815,27.005
1784632535.527835,42824,0,26,0,1.0,0.999,1.0,0.0,1.815,27.005
1784632535.564634,42834,0,26,0,1.0,0.999,1.0,0.0,1.816,27.006
1784632535.6042879,42844,0,26,0,1.0,0.999,1.0,0.0,1.816,27.007
1784632535.643668,42854,0,26,0,1.0,0.999,1.0,0.0,1.816,27.007
1784632535.6906679,42864,0,26,0,1.0,0.999,1.0,0.0,1.816,27.008
1784632535.7239277,42874,0,26,0,1.0,0.999,1.0,0.0,1.816,27.008
1784632535.7575421,42884,0,26,0,1.0,0.999,1.0,0.0,1.816,27.009
1784632535.786154,42894,0,26,0,1.0,0.999,1.0,0.0,1.816,27.009
1784632535.8191001,42904,0,26,0,1.0,0.999,1.0,0.0,1.816,27.01
1784632535.8545785,42914,0,26,0,1.0,0.999,1.0,0.0,1.816,27.011
1784632535.8814776,42924,0,26,0,1.0,0.999,1.0,0.0,1.816,27.011
1784632535.908133,42934,0,26,0,1.0,0.999,1.0,0.0,1.816,27.012
1784632535.9395244,42944,0,26,0,1.0,0.999,1.0,0.0,1.816,27.012
1784632535.9710875,42954,0,26,0,1.0,0.999,1.0,0.0,1.816,27.013
1784632536.0010068,42964,0,26,0,1.0,0.999,1.0,0.0,1.816,27.014
1784632536.02785,42974,0,26,0,1.0,0.999,1.0,0.0,1.816,27.014
1784632536.0738103,42984,0,26,0,1.0,0.999,1.0,0.0,1.816,27.015
1784632536.154777,42994,0,26,0,1.0,0.999,1.0,0.0,1.816,27.015
1784632536.206299,43004,0,26,0,1.0,0.999,1.0,0.0,1.816,27.016
1784632536.6513014,43014,0,26,0,1.0,0.999,1.0,0.0,1.816,27.017
1784632536.7101514,43024,0,26,0,1.0,0.999,1.0,0.0,1.816,27.017
1784632536.8010268,43034,0,26,0,1.0,0.999,1.0,0.0,1.816,27.018
1784632536.8719378,43044,0,26,0,1.0,0.999,1.0,0.0,1.816,27.019
1784632536.9150865,43054,0,26,0,1.0,0.999,1.0,0.0,1.816,27.019
1784632536.983733,43064,0,26,0,1.0,0.999,1.0,0.0,1.816,27.02
1784632537.0526314,43074,0,26,0,1.0,0.999,1.0,0.0,1.816,27.021
1784632537.12272,43084,0,26,0,1.0,0.999,1.0,0.0,1.816,27.022
1784632537.1736073,43094,0,26,0,1.0,0.999,1.0,0.0,1.816,27.022
1784632537.2268379,43104,0,26,0,1.0,0.999,1.0,0.0,1.816,27.023
1784632537.2762225,43114,0,26,0,1.0,0.999,1.0,0.0,1.816,27.024
1784632537.333484,43124,0,26,0,1.0,0.999,1.0,0.0,1.816,27.024
1784632537.3884108,43134,0,26,0,1.0,0.999,1.0,0.0,1.816,27.025
1784632537.4359193,43144,0,26,0,1.0,0.999,1.0,0.0,1.816,27.026
1784632537.4596796,43154,0,26,0,1.0,0.999,1.0,0.0,1.816,27.026
1784632537.495563,43164,0,26,0,1.0,0.999,1.0,0.0,1.816,27.027
1784632537.519126,43174,0,26,0,1.0,0.999,1.0,0.0,1.816,27.027
1784632537.569639,43184,0,26,0,1.0,0.999,1.0,0.0,1.816,27.027
1784632537.6373627,43194,0,26,0,1.0,0.999,1.0,0.0,1.817,27.027
1784632537.6791363,43204,0,26,0,1.0,0.999,1.0,0.0,1.817,27.028
1784632537.717449,43214,0,26,0,1.0,0.999,1.0,0.0,1.817,27.028
1784632537.7934346,43224,0,26,0,1.0,0.999,1.0,0.0,1.817,27.028
1784632537.8467124,43234,0,26,0,1.0,0.999,1.0,0.0,1.817,27.029
1784632537.900983,43244,0,26,0,1.0,0.999,1.0,0.0,1.817,27.029
1784632537.987538,43254,0,26,0,1.0,0.999,1.0,0.0,1.817,27.029
1784632538.0114229,43264,0,26,0,1.0,0.999,1.0,0.0,1.817,27.03
1784632538.0335457,43274,0,26,0,1.0,0.999,1.0,0.0,1.817,27.03
1784632538.0583718,43284,0,26,0,1.0,0.999,1.0,0.0,1.817,27.03
1784632538.0945182,43294,0,26,0,1.0,0.999,1.0,0.0,1.817,27.031
1784632538.121397,43304,0,26,0,1.0,0.999,1.0,0.0,1.817,27.031
1784632538.1495373,43314,0,26,0,1.0,0.999,1.0,0.0,1.817,27.031
1784632538.1794283,43324,0,26,0,1.0,0.999,1.0,0.0,1.817,27.031
1784632538.2249894,43334,0,26,0,1.0,0.999,1.0,0.0,1.817,27.032
1784632538.2518878,43344,0,26,0,1.0,0.999,1.0,0.0,1.817,27.032
1784632538.2716613,43354,0,26,0,1.0,0.999,1.0,0.0,1.817,27.032
1784632538.296961,43364,0,26,0,1.0,0.999,1.0,0.0,1.817,27.033
1784632538.3436642,43374,0,26,0,1.0,0.999,1.0,0.0,1.817,27.033
1784632538.3759582,43384,0,26,0,1.0,0.999,1.0,0.0,1.818,27.033
1784632538.3978086,43394,0,26,0,1.0,0.999,1.0,0.0,1.818,27.034
1784632538.447354,43404,0,26,0,1.0,0.999,1.0,0.0,1.818,27.034
1784632538.4974654,43414,0,26,0,1.0,0.999,1.0,0.0,1.818,27.034
1784632538.527544,43424,0,26,0,1.0,0.999,1.0,0.0,1.818,27.034
1784632538.564478,43434,0,26,0,1.0,0.999,1.0,0.0,1.818,27.035
1784632538.5918415,43444,0,26,0,1.0,0.999,1.0,0.0,1.818,27.035
1784632538.624087,43454,0,26,0,1.0,0.999,1.0,0.0,1.818,27.035
1784632538.647633,43464,0,26,0,1.0,0.999,1.0,0.0,1.819,27.035
1784632538.6771147,43474,0,26,0,1.0,0.999,1.0,0.0,1.819,27.035
1784632538.708645,43484,0,26,0,1.0,0.999,1.0,0.0,1.819,27.035
1784632538.7382736,43494,0,26,0,1.0,0.999,1.0,0.0,1.819,27.036
1784632538.832426,43504,0,26,0,1.0,0.999,1.0,0.0,1.819,27.036
1784632538.8627617,43514,0,26,0,1.0,0.999,1.0,0.0,1.82,27.036
1784632538.888355,43524,0,26,0,1.0,0.999,1.0,0.0,1.82,27.036
1784632538.9186277,43534,0,26,0,1.0,0.999,1.0,0.0,1.82,27.036
1784632538.945082,43544,0,26,0,1.0,0.999,1.0,0.0,1.82,27.036
1784632538.9836845,43554,0,26,0,1.0,0.999,1.0,0.0,1.821,27.037
1784632539.0070274,43564,0,26,0,1.0,0.999,1.0,0.0,1.821,27.037
1784632539.0382745,43574,0,26,0,1.0,0.999,1.0,0.0,1.821,27.037
1784632539.0714273,43584,0,26,0,1.0,0.999,1.0,0.0,1.821,27.037
1784632539.0993874,43594,0,26,0,1.0,0.999,1.0,0.0,1.822,27.037
1784632539.1289093,43604,0,26,0,1.0,0.999,1.0,0.0,1.822,27.037
1784632539.158153,43614,0,26,0,1.0,0.999,1.0,0.0,1.822,27.037
1784632539.188085,43624,0,26,0,1.0,0.999,1.0,0.0,1.822,27.037
1784632539.2187293,43634,0,26,0,1.0,0.999,1.0,0.0,1.823,27.037
1784632539.2399943,43644,0,26,0,1.0,0.999,1.0,0.0,1.823,27.037
1784632539.2767549,43654,0,26,0,1.0,0.999,1.0,0.0,1.823,27.038
1784632539.3024502,43664,0,26,0,1.0,0.999,1.0,0.0,1.824,27.038
1784632539.3475142,43674,0,26,0,1.0,0.999,1.0,0.0,1.824,27.038
1784632539.3920252,43684,0,26,0,1.0,0.999,1.0,0.0,1.824,27.038
1784632539.427644,43694,0,26,0,1.0,0.999,1.0,0.0,1.825,27.038
1784632539.4705133,43704,0,26,0,1.0,0.999,1.0,0.0,1.825,27.038
1784632539.5094373,43714,0,26,0,1.0,0.999,1.0,0.0,1.825,27.038
1784632539.5465734,43724,0,26,0,1.0,0.999,1.0,0.0,1.826,27.038
1784632539.6472476,43734,0,26,0,1.0,0.999,1.0,0.0,1.826,27.038
1784632539.6774583,43744,0,26,0,1.0,0.999,1.0,0.0,1.826,27.038
1784632539.7089205,43754,0,26,0,1.0,0.999,1.0,0.0,1.827,27.038
1784632539.7370522,43764,0,26,0,1.0,0.999,1.0,0.0,1.827,27.038
1784632539.761823,43774,0,26,0,1.0,0.999,1.0,0.0,1.828,27.038
1784632539.7866967,43784,0,26,0,1.0,0.999,1.0,0.0,1.828,27.038
1784632539.808154,43794,0,26,0,1.0,0.999,1.0,0.0,1.828,27.038
1784632539.8564997,43804,0,26,0,1.0,0.999,1.0,0.0,1.829,27.038
1784632539.895752,43814,0,26,0,1.0,0.999,1.0,0.0,1.829,27.038
1784632539.9531367,43824,0,26,0,1.0,0.999,1.0,0.0,1.83,27.039
1784632540.018111,43834,0,26,0,1.0,0.999,1.0,0.0,1.83,27.039
1784632540.0686717,43844,0,26,0,1.0,0.999,1.0,0.0,1.83,27.039
1784632540.1434305,43854,0,26,0,1.0,0.999,1.0,0.0,1.831,27.039
1784632540.1994119,43864,0,26,0,1.0,0.999,1.0,0.0,1.831,27.039
1784632540.271369,43874,0,26,0,1.0,0.999,1.0,0.0,1.832,27.039
1784632540.3471377,43884,0,26,0,1.0,0.999,1.0,0.0,1.832,27.039
1784632540.3862076,43894,0,26,0,1.0,0.999,1.0,0.0,1.833,27.039
1784632540.4569886,43904,0,26,0,1.0,0.999,1.0,0.0,1.833,27.039
1784632540.5069838,43914,0,26,0,1.0,0.999,1.0,0.0,1.834,27.039
1784632540.5475905,43924,0,26,0,1.0,0.999,1.0,0.0,1.834,27.04
1784632540.60377,43934,0,26,0,1.0,0.999,1.0,0.0,1.834,27.039
1784632540.6598125,43944,0,26,0,1.0,0.999,1.0,0.0,1.834,27.039
1784632540.7178142,43954,0,26,0,1.0,0.999,1.0,0.0,1.834,27.039
1784632540.7863123,43964,0,26,0,1.0,0.999,1.0,0.0,1.834,27.038
1784632540.980028,43974,0,26,0,1.0,0.999,1.0,0.0,1.835,27.038
1784632541.0304108,43984,0,26,0,1.0,0.999,1.0,0.0,1.835,27.038
1784632541.1032114,43994,0,26,0,1.0,0.999,1.0,0.0,1.835,27.037
1784632541.159527,44004,0,26,0,1.0,0.999,1.0,0.0,1.835,27.037
1784632541.2234232,44014,0,26,0,1.0,0.999,1.0,0.0,1.835,27.037
1784632541.276244,44024,0,26,0,1.0,0.999,1.0,0.0,1.835,27.036
1784632541.348438,44034,0,26,0,1.0,0.999,1.0,0.0,1.835,27.036
1784632541.4180384,44044,0,26,0,1.0,0.999,1.0,0.0,1.835,27.036
1784632541.4843466,44054,0,26,0,1.0,0.999,1.0,0.0,1.836,27.035
1784632541.5580556,44064,0,26,0,1.0,0.999,1.0,0.0,1.836,27.035
1784632541.6284888,44074,0,26,0,1.0,0.999,1.0,0.0,1.836,27.035
1784632541.6922615,44084,0,26,0,1.0,0.999,1.0,0.0,1.836,27.035
1784632541.7451472,44094,0,26,0,1.0,0.999,1.0,0.0,1.836,27.034
1784632541.7738,44104,0,26,0,1.0,0.999,1.0,0.0,1.836,27.034
1784632541.825791,44114,0,26,0,1.0,0.999,1.0,0.0,1.836,27.034
1784632541.8765013,44124,0,26,0,1.0,0.999,1.0,0.0,1.836,27.033
1784632541.9086206,44134,0,26,0,1.0,0.999,1.0,0.0,1.836,27.033
1784632541.967058,44144,0,26,0,1.0,0.999,1.0,0.0,1.837,27.033
1784632542.012627,44154,0,26,0,1.0,0.999,1.0,0.0,1.837,27.033
1784632542.059641,44164,0,26,0,1.0,0.999,1.0,0.0,1.837,27.032
1784632542.133356,44174,0,26,0,1.0,0.999,1.0,0.0,1.837,27.032
1784632542.1838133,44184,0,26,0,1.0,0.999,1.0,0.0,1.837,27.032
1784632542.2311711,44194,0,26,0,1.0,0.999,1.0,0.0,1.837,27.032
1784632542.2751205,44204,0,26,0,1.0,0.999,1.0,0.0,1.837,27.032
1784632542.6228728,44214,0,26,0,1.0,0.999,1.0,0.0,1.837,27.031
1784632542.6821635,44224,0,26,0,1.0,0.999,1.0,0.0,1.837,27.031
1784632542.7303908,44234,0,26,0,1.0,0.999,1.0,0.0,1.838,27.031
1784632542.7790344,44244,0,26,0,1.0,0.999,1.0,0.0,1.838,27.031
1784632542.8353305,44254,0,26,0,1.0,0.999,1.0,0.0,1.838,27.031
1784632542.8871012,44264,0,26,0,1.0,0.999,1.0,0.0,1.838,27.031
1784632542.946193,44274,0,26,0,1.0,0.999,1.0,0.0,1.838,27.03
1784632542.9979377,44284,0,26,0,1.0,0.999,1.0,0.0,1.838,27.03
1784632543.0432584,44294,0,26,0,1.0,0.999,1.0,0.0,1.838,27.03
1784632543.0777154,44304,0,26,0,1.0,0.999,1.0,0.0,1.838,27.03
1784632543.1124372,44314,0,26,0,1.0,0.999,1.0,0.0,1.838,27.03
1784632543.149079,44324,0,26,0,1.0,0.999,1.0,0.0,1.838,27.03
1784632543.1786172,44334,0,26,0,1.0,0.999,1.0,0.0,1.838,27.03
1784632543.2065613,44344,0,26,0,1.0,0.999,1.0,0.0,1.838,27.029
1784632543.2406383,44354,0,26,0,1.0,0.999,1.0,0.0,1.838,27.029
1784632543.274146,44364,0,26,0,1.0,0.999,1.0,0.0,1.839,27.029
1784632543.2969837,44374,0,26,0,1.0,0.999,1.0,0.0,1.839,27.029
1784632543.3241735,44384,0,26,0,1.0,0.999,1.0,0.0,1.839,27.029
1784632543.3488848,44394,0,26,0,1.0,0.999,1.0,0.0,1.839,27.029
1784632543.3755877,44404,0,26,0,1.0,0.999,1.0,0.0,1.839,27.029
1784632543.4077,44414,0,26,0,1.0,0.999,1.0,0.0,1.839,27.028
1784632543.4377866,44424,0,26,0,1.0,0.999,1.0,0.0,1.839,27.028
1784632543.4679148,44434,0,26,0,1.0,0.999,1.0,0.0,1.839,27.028
1784632543.5438328,44444,0,26,0,1.0,0.999,1.0,0.0,1.839,27.028
1784632543.568672,44454,0,26,0,1.0,0.999,1.0,0.0,1.84,27.028
1784632543.6002235,44464,0,26,0,1.0,0.999,1.0,0.0,1.84,27.028
1784632543.6443584,44474,0,26,0,1.0,0.999,1.0,0.0,1.84,27.028
1784632543.768422,44484,0,26,0,1.0,0.999,1.0,0.0,1.84,27.028
1784632543.808037,44494,0,26,0,1.0,0.999,1.0,0.0,1.84,27.027
1784632543.83427,44504,0,26,0,1.0,0.999,1.0,0.0,1.84,27.027
1784632543.8585732,44514,0,26,0,1.0,0.999,1.0,0.0,1.84,27.027
1784632543.8841074,44524,0,26,0,1.0,0.999,1.0,0.0,1.84,27.027
1784632543.9258714,44534,0,26,0,1.0,0.999,1.0,0.0,1.841,27.027
1784632543.9551113,44544,0,26,0,1.0,0.999,1.0,0.0,1.841,27.026
1784632543.9777284,44554,0,26,0,1.0,0.999,1.0,0.0,1.841,27.026
1784632544.0080621,44564,0,26,0,1.0,0.999,1.0,0.0,1.841,27.025
1784632544.047349,44574,0,26,0,1.0,0.999,1.0,0.0,1.841,27.025
1784632544.0769887,44584,0,26,0,1.0,0.999,1.0,0.0,1.841,27.024
1784632544.1016676,44594,0,26,0,1.0,0.999,1.0,0.0,1.841,27.023
1784632544.131202,44604,0,26,0,1.0,0.999,1.0,0.0,1.841,27.023
1784632544.1597142,44614,0,26,0,1.0,0.999,1.0,0.0,1.841,27.022
1784632544.191443,44624,0,26,0,1.0,0.999,1.0,0.0,1.841,27.022
1784632544.2184231,44634,0,26,0,1.0,0.999,1.0,0.0,1.841,27.021
1784632544.2415788,44644,0,26,0,1.0,0.999,1.0,0.0,1.841,27.02
1784632544.276228,44654,0,26,0,1.0,0.999,1.0,0.0,1.841,27.02
1784632544.3078754,44664,0,26,0,1.0,0.999,1.0,0.0,1.841,27.019
1784632544.3418088,44674,0,26,0,1.0,0.999,1.0,0.0,1.842,27.018
1784632544.4455862,44684,0,26,0,1.0,0.999,1.0,0.0,1.842,27.018
1784632544.4843001,44694,0,26,0,1.0,0.999,1.0,0.0,1.842,27.017
1784632544.5319612,44704,0,26,0,1.0,0.999,1.0,0.0,1.842,27.017
1784632544.5761833,44714,0,26,0,1.0,0.999,1.0,0.0,1.842,27.016
1784632544.6120365,44724,0,26,0,1.0,0.999,1.0,0.0,1.842,27.015
1784632544.6444085,44734,0,26,0,1.0,0.999,1.0,0.0,1.842,27.015
1784632544.6747634,44744,0,26,0,1.0,0.999,1.0,0.0,1.843,27.014
1784632544.703639,44754,0,26,0,1.0,0.999,1.0,0.0,1.843,27.013
1784632544.735719,44764,0,26,0,1.0,0.999,1.0,0.0,1.843,27.013
1784632544.7612026,44774,0,26,0,1.0,0.999,1.0,0.0,1.843,27.012
1784632544.7918723,44784,0,26,0,1.0,0.999,1.0,0.0,1.843,27.011
1784632544.817326,44794,0,26,0,1.0,0.999,1.0,0.0,1.843,27.011
1784632544.8433943,44804,0,26,0,1.0,0.999,1.0,0.0,1.844,27.01
1784632544.9602046,44814,0,26,0,1.0,0.999,1.0,0.0,1.844,27.009
1784632544.9871857,44824,0,26,0,1.0,0.999,1.0,0.0,1.844,27.009
1784632545.0441146,44834,0,26,0,1.0,0.999,1.0,0.0,1.844,27.008
1784632545.08881,44844,0,26,0,1.0,0.999,1.0,0.0,1.844,27.007
1784632545.1246524,44854,0,26,0,1.0,0.999,1.0,0.0,1.845,27.007
1784632545.1924284,44864,0,26,0,1.0,0.999,1.0,0.0,1.845,27.006
1784632545.2457893,44874,0,26,0,1.0,0.999,1.0,0.0,1.845,27.006
1784632545.2854962,44884,0,26,0,1.0,0.999,1.0,0.0,1.845,27.005
1784632545.3309078,44894,0,26,0,1.0,0.999,1.0,0.0,1.845,27.004
1784632545.4392428,44904,0,26,0,1.0,0.999,1.0,0.0,1.846,27.004
1784632545.5763094,44914,0,26,0,1.0,0.999,1.0,0.0,1.846,27.003
1784632545.6162074,44924,0,26,0,1.0,0.999,1.0,0.0,1.846,27.002
1784632545.6458337,44934,0,26,0,1.0,0.999,1.0,0.0,1.846,27.002
1784632545.7365918,44944,0,26,0,1.0,0.999,1.0,0.0,1.847,27.001
1784632545.7651644,44954,0,26,0,1.0,0.999,1.0,0.0,1.847,27.0
1784632545.7927296,44964,0,26,0,1.0,0.999,1.0,0.0,1.847,27.0
1784632545.8248355,44974,0,26,0,1.0,0.999,1.0,0.0,1.847,26.999
1784632545.8595154,44984,0,26,0,1.0,0.999,1.0,0.0,1.848,26.999
1784632545.8850036,44994,0,26,0,1.0,0.999,1.0,0.0,1.848,26.998
1784632545.9208388,45004,0,26,0,1.0,0.999,1.0,0.0,1.848,26.997
1784632545.952973,45014,0,26,0,1.0,0.999,1.0,0.0,1.848,26.997
1784632545.9879243,45024,0,26,0,1.0,0.999,1.0,0.0,1.849,26.996
1784632546.015268,45034,0,26,0,1.0,0.999,1.0,0.0,1.849,26.995
1784632546.0500245,45044,0,26,0,1.0,0.999,1.0,0.0,1.849,26.995
1784632546.078283,45054,0,26,0,1.0,0.999,1.0,0.0,1.849,26.994
1784632546.110055,45064,0,26,0,1.0,0.999,1.0,0.0,1.85,26.994
1784632546.1385713,45074,0,26,0,1.0,0.999,1.0,0.0,1.85,26.993
1784632546.1667626,45084,0,26,0,1.0,0.999,1.0,0.0,1.85,26.992
1784632546.2093036,45094,0,26,0,1.0,0.999,1.0,0.0,1.85,26.992
1784632546.237087,45104,0,26,0,1.0,0.999,1.0,0.0,1.85,26.991
1784632546.270498,45114,0,26,0,1.0,0.999,1.0,0.0,1.85,26.99
1784632546.3041987,45124,0,26,0,1.0,0.999,1.0,0.0,1.85,26.989
1784632546.338381,45134,0,26,0,1.0,0.999,1.0,0.0,1.85,26.988
1784632546.3631961,45144,0,26,0,1.0,0.999,1.0,0.0,1.851,26.987
1784632546.3903985,45154,0,26,0,1.0,0.999,1.0,0.0,1.851,26.986
1784632546.4194217,45164,0,26,0,1.0,0.999,1.0,0.0,1.851,26.985
1784632546.455426,45174,0,26,0,1.0,0.999,1.0,0.0,1.851,26.983
1784632546.4802988,45184,0,26,0,1.0,0.999,1.0,0.0,1.851,26.982
1784632546.5121226,45194,0,26,0,1.0,0.999,1.0,0.0,1.851,26.981
1784632546.633066,45204,0,26,0,1.0,0.999,1.0,0.0,1.851,26.98
1784632546.683484,45214,0,26,0,1.0,0.999,1.0,0.0,1.851,26.979
1784632546.7225962,45224,0,26,0,1.0,0.999,1.0,0.0,1.851,26.978
1784632546.778357,45234,0,26,0,1.0,0.999,1.0,0.0,1.851,26.977
1784632546.8148797,45244,0,26,0,1.0,0.999,1.0,0.0,1.851,26.976
1784632546.8526769,45254,0,26,0,1.0,0.999,1.0,0.0,1.851,26.974
1784632546.8975213,45264,0,26,0,1.0,0.999,1.0,0.0,1.851,26.973
1784632546.9402208,45274,0,26,0,1.0,0.999,1.0,0.0,1.851,26.972
1784632546.9613478,45284,0,26,0,1.0,0.999,1.0,0.0,1.851,26.971
1784632547.003463,45294,0,26,0,1.0,0.999,1.0,0.0,1.851,26.97
1784632547.0500143,45304,0,26,0,1.0,0.999,1.0,0.0,1.851,26.969
1784632547.0892882,45314,0,26,0,1.0,0.999,1.0,0.0,1.851,26.968
1784632547.1215847,45324,0,26,0,1.0,0.999,1.0,0.0,1.851,26.967
1784632547.159521,45334,0,26,0,1.0,0.999,1.0,0.0,1.85,26.966
1784632547.1915834,45344,0,26,0,1.0,0.999,1.0,0.0,1.85,26.965
1784632547.2273457,45354,0,26,0,1.0,0.999,1.0,0.0,1.85,26.964
1784632547.2612221,45364,0,26,0,1.0,0.999,1.0,0.0,1.85,26.963
1784632547.2925613,45374,0,26,0,1.0,0.999,1.0,0.0,1.85,26.961
1784632547.3224173,45384,0,26,0,1.0,0.999,1.0,0.0,1.85,26.96
1784632547.3553,45394,0,26,0,1.0,0.999,1.0,0.0,1.85,26.959
1784632547.3953507,45404,0,26,0,1.0,0.999,1.0,0.0,1.85,26.958
1784632547.4262316,45414,0,26,0,1.0,0.999,1.0,0.0,1.85,26.957
1784632547.4545152,45424,0,26,0,1.0,0.999,1.0,0.0,1.85,26.956
1784632547.4966214,45434,0,26,0,1.0,0.999,1.0,0.0,1.85,26.955
1784632547.5507073,45444,0,26,0,1.0,0.999,1.0,0.0,1.85,26.954
1784632547.6419396,45454,0,26,0,1.0,0.999,1.0,0.0,1.85,26.953
1784632547.669364,45464,0,26,0,1.0,0.999,1.0,0.0,1.85,26.952
1784632547.6989946,45474,0,26,0,1.0,0.999,1.0,0.0,1.85,26.95
1784632547.7425394,45484,0,26,0,1.0,0.999,1.0,0.0,1.85,26.949
1784632547.7748446,45494,0,26,0,1.0,0.999,1.0,0.0,1.85,26.947
1784632547.8041074,45504,0,26,0,1.0,0.999,1.0,0.0,1.85,26.946
1784632547.8473701,45514,0,26,0,1.0,0.999,1.0,0.0,1.85,26.944
1784632547.8872318,45524,0,26,0,1.0,0.999,1.0,0.0,1.85,26.943
1784632547.9202724,45534,0,26,0,1.0,0.999,1.0,0.0,1.85,26.941
1784632547.9574175,45544,0,26,0,1.0,0.999,1.0,0.0,1.85,26.94
1784632547.9959972,45554,0,26,0,1.0,0.999,1.0,0.0,1.85,26.938
1784632548.0386899,45564,0,26,0,1.0,0.999,1.0,0.0,1.85,26.937
1784632548.0805836,45574,0,26,0,1.0,0.999,1.0,0.0,1.85,26.936
1784632548.123339,45584,0,26,0,1.0,0.999,1.0,0.0,1.85,26.934
1784632548.1494117,45594,0,26,0,1.0,0.999,1.0,0.0,1.85,26.933
1784632548.1747904,45604,0,26,0,1.0,0.999,1.0,0.0,1.85,26.931
1784632548.205846,45614,0,26,0,1.0,0.999,1.0,0.0,1.85,26.93
1784632548.2332454,45624,0,26,0,1.0,0.999,1.0,0.0,1.85,26.928
1784632548.2565496,45634,0,26,0,1.0,0.999,1.0,0.0,1.85,26.927
1784632548.279774,45644,0,26,0,1.0,0.999,1.0,0.0,1.85,26.925
1784632548.3018103,45654,0,26,0,1.0,0.999,1.0,0.0,1.85,26.924
1784632548.3387947,45664,0,26,0,1.0,0.999,1.0,0.0,1.85,26.922
1784632548.369168,45674,0,26,0,1.0,0.999,1.0,0.0,1.85,26.921
1784632548.39204,45684,0,26,0,1.0,0.999,1.0,0.0,1.85,26.919
1784632548.4203146,45694,0,26,0,1.0,0.999,1.0,0.0,1.85,26.918
1784632548.5500326,45704,0,26,0,1.0,0.999,1.0,0.0,1.85,26.916
1784632548.5908191,45714,0,26,0,1.0,0.999,1.0,0.0,1.85,26.915
1784632548.6224086,45724,0,26,0,1.0,0.999,1.0,0.0,1.85,26.913
1784632548.6533666,45734,0,26,0,1.0,0.999,1.0,0.0,1.851,26.912
1784632548.6860027,45744,0,26,0,1.0,0.999,1.0,0.0,1.851,26.91
1784632548.7140782,45754,0,26,0,1.0,0.999,1.0,0.0,1.851,26.909
1784632548.7486165,45764,0,26,0,1.0,0.999,1.0,0.0,1.851,26.907
1784632548.7746947,45774,0,26,0,1.0,0.999,1.0,0.0,1.851,26.906
1784632548.802068,45784,0,26,0,1.0,0.999,1.0,0.0,1.851,26.904
1784632548.8312633,45794,0,26,0,1.0,0.999,1.0,0.0,1.851,26.903
1784632548.8643486,45804,0,26,0,1.0,0.999,1.0,0.0,1.851,26.901
1784632548.8885043,45814,0,26,0,1.0,0.999,1.0,0.0,1.851,26.899
1784632548.9126754,45824,0,26,0,1.0,0.999,1.0,0.0,1.851,26.898
1784632548.9370465,45834,0,26,0,1.0,0.999,1.0,0.0,1.851,26.896
1784632548.9657884,45844,0,26,0,1.0,0.999,1.0,0.0,1.851,26.895
1784632548.9995072,45854,0,26,0,1.0,0.999,1.0,0.0,1.852,26.893
1784632549.0248468,45864,0,26,0,1.0,0.999,1.0,0.0,1.852,26.892
1784632549.048044,45874,0,26,0,1.0,0.999,1.0,0.0,1.852,26.89
1784632549.071432,45884,0,26,0,1.0,0.999,1.0,0.0,1.852,26.889
1784632549.1050968,45894,0,26,0,1.0,0.999,1.0,0.0,1.852,26.887
1784632549.139421,45904,0,26,0,1.0,0.999,1.0,0.0,1.852,26.886
1784632549.1676676,45914,0,26,0,1.0,0.999,1.0,0.0,1.852,26.884
1784632549.195351,45924,0,26,0,1.0,0.999,1.0,0.0,1.852,26.882
1784632549.2266614,45934,0,26,0,1.0,0.999,1.0,0.0,1.852,26.881
1784632549.3235686,45944,0,26,0,1.0,0.999,1.0,0.0,1.852,26.879
1784632549.3564947,45954,0,26,0,1.0,0.999,1.0,0.0,1.852,26.878
1784632549.3892212,45964,0,26,0,1.0,0.999,1.0,0.0,1.853,26.876
1784632549.4147644,45974,0,26,0,1.0,0.999,1.0,0.0,1.853,26.874
1784632549.4430199,45984,0,26,0,1.0,0.999,1.0,0.0,1.853,26.873
1784632549.4713778,45994,0,26,0,1.0,0.999,1.0,0.0,1.853,26.871
1784632549.502069,46004,0,26,0,1.0,0.999,1.0,0.0,1.853,26.87
1784632549.5269063,46014,0,26,0,1.0,0.999,1.0,0.0,1.854,26.868
1784632549.5572264,46024,0,26,0,1.0,0.999,1.0,0.0,1.854,26.866
1784632549.5825398,46034,0,26,0,1.0,0.999,1.0,0.0,1.854,26.865
1784632549.6286473,46044,0,26,0,1.0,0.999,1.0,0.0,1.854,26.863
1784632549.6682127,46054,0,26,0,1.0,0.999,1.0,0.0,1.854,26.861
1784632549.6941118,46064,0,26,0,1.0,0.999,1.0,0.0,1.855,26.86
1784632549.7281387,46074,0,26,0,1.0,0.999,1.0,0.0,1.855,26.858
1784632549.759781,46084,0,26,0,1.0,0.999,1.0,0.0,1.855,26.857
1784632549.785753,46094,0,26,0,1.0,0.999,1.0,0.0,1.855,26.855
1784632549.8093524,46104,0,26,0,1.0,0.999,1.0,0.0,1.856,26.853
1784632549.8364372,46114,0,26,0,1.0,0.999,1.0,0.0,1.856,26.852
1784632549.8705864,46124,0,26,0,1.0,0.999,1.0,0.0,1.856,26.85
1784632549.9048367,46134,0,26,0,1.0,0.999,1.0,0.0,1.856,26.848
1784632549.9361877,46144,0,26,0,1.0,0.999,1.0,0.0,1.856,26.846
1784632549.9659564,46154,0,26,0,1.0,0.999,1.0,0.0,1.856,26.844
1784632549.995085,46164,0,26,0,1.0,0.999,1.0,0.0,1.856,26.842
1784632550.0296466,46174,0,26,0,1.0,0.999,1.0,0.0,1.856,26.84
1784632550.0585356,46184,0,26,0,1.0,0.999,1.0,0.0,1.857,26.838
1784632550.0875638,46194,0,26,0,1.0,0.999,1.0,0.0,1.857,26.836
1784632550.1758516,46204,0,26,0,1.0,0.999,1.0,0.0,1.857,26.834
1784632550.2041497,46214,0,26,0,1.0,0.999,1.0,0.0,1.857,26.831
1784632550.2350678,46224,0,26,0,1.0,0.999,1.0,0.0,1.857,26.829
1784632550.2642152,46234,0,26,0,1.0,0.999,1.0,0.0,1.857,26.827
1784632550.2922645,46244,0,26,0,1.0,0.999,1.0,0.0,1.857,26.825
1784632550.3182948,46254,0,26,0,1.0,0.999,1.0,0.0,1.857,26.823
1784632550.3483665,46264,0,26,0,1.0,0.999,1.0,0.0,1.857,26.821
1784632550.3811383,46274,0,26,0,1.0,0.999,1.0,0.0,1.857,26.819
1784632550.4079683,46284,0,26,0,1.0,0.999,1.0,0.0,1.857,26.817
1784632550.4304242,46294,0,26,0,1.0,0.999,1.0,0.0,1.858,26.815
1784632550.4589918,46304,0,26,0,1.0,0.999,1.0,0.0,1.858,26.813
1784632550.4981263,46314,0,26,0,1.0,0.999,1.0,0.0,1.858,26.811
1784632550.524944,46324,0,26,0,1.0,0.999,1.0,0.0,1.858,26.809
1784632550.5469573,46334,0,26,0,1.0,0.999,1.0,0.0,1.858,26.807
1784632550.5721626,46344,0,26,0,1.0,0.999,1.0,0.0,1.858,26.805
1784632550.6182022,46354,0,26,0,1.0,0.999,1.0,0.0,1.858,26.803
1784632550.6469493,46364,0,26,0,1.0,0.999,1.0,0.0,1.858,26.801
1784632550.6776943,46374,0,26,0,1.0,0.999,1.0,0.0,1.858,26.799
1784632550.7006295,46384,0,26,0,1.0,0.999,1.0,0.0,1.858,26.797
1784632550.74032,46394,0,26,0,1.0,0.999,1.0,0.0,1.858,26.795
1784632550.7655933,46404,0,26,0,1.0,0.999,1.0,0.0,1.858,26.793
1784632550.787909,46414,0,26,0,1.0,0.999,1.0,0.0,1.858,26.791
1784632550.8158898,46424,0,26,0,1.0,0.999,1.0,0.0,1.858,26.789
1784632550.8388903,46434,0,26,0,1.0,0.999,1.0,0.0,1.858,26.787
1784632550.9403563,46444,0,26,0,1.0,0.999,1.0,0.0,1.858,26.785
1784632550.9724233,46454,0,26,0,1.0,0.999,1.0,0.0,1.858,26.783
1784632551.009436,46464,0,26,0,1.0,0.999,1.0,0.0,1.858,26.781
1784632551.037325,46474,0,26,0,1.0,0.999,1.0,0.0,1.858,26.779
1784632551.0663056,46484,0,26,0,1.0,0.999,1.0,0.0,1.858,26.777
1784632551.0895114,46494,0,26,0,1.0,0.999,1.0,0.0,1.858,26.775
1784632551.1245036,46504,0,26,0,1.0,0.999,1.0,0.0,1.858,26.774
1784632551.1560214,46514,0,26,0,1.0,0.999,1.0,0.0,1.858,26.772
1784632551.1771147,46524,0,26,0,1.0,0.999,1.0,0.0,1.858,26.77
1784632551.200741,46534,0,26,0,1.0,0.999,1.0,0.0,1.858,26.768
1784632551.2275078,46544,0,26,0,1.0,0.999,1.0,0.0,1.858,26.766
1784632551.2617216,46554,0,26,0,1.0,0.999,1.0,0.0,1.858,26.764
1784632551.2906234,46564,0,26,0,1.0,0.999,1.0,0.0,1.858,26.762
1784632551.3204606,46574,0,26,0,1.0,0.999,1.0,0.0,1.859,26.76
1784632551.3488517,46584,0,26,0,1.0,0.999,1.0,0.0,1.859,26.758
1784632551.3802276,46594,0,26,0,1.0,0.999,1.0,0.0,1.859,26.756
1784632551.4100368,46604,0,26,0,1.0,0.999,1.0,0.0,1.858,26.754
1784632551.4350615,46614,0,26,0,1.0,0.999,1.0,0.0,1.858,26.753
1784632551.4581988,46624,0,26,0,1.0,0.999,1.0,0.0,1.858,26.751
1784632551.482947,46634,0,26,0,1.0,0.999,1.0,0.0,1.858,26.749
1784632551.514421,46644,0,26,0,1.0,0.999,1.0,0.0,1.858,26.747
1784632551.547488,46654,0,26,0,1.0,0.999,1.0,0.0,1.858,26.745
1784632551.57208,46664,0,26,0,1.0,0.999,1.0,0.0,1.858,26.743
1784632551.6895435,46674,0,26,0,1.0,0.999,1.0,0.0,1.858,26.741
1784632551.724257,46684,0,26,0,1.0,0.999,1.0,0.0,1.858,26.74
1784632551.76643,46694,0,26,0,1.0,0.999,1.0,0.0,1.858,26.738
1784632551.7963035,46704,0,26,0,1.0,0.999,1.0,0.0,1.858,26.736
1784632551.8197598,46714,0,26,0,1.0,0.999,1.0,0.0,1.858,26.734
1784632551.8480842,46724,0,26,0,1.0,0.999,1.0,0.0,1.858,26.732
1784632551.8891847,46734,0,26,0,1.0,0.999,1.0,0.0,1.858,26.73
1784632551.9176285,46744,0,26,0,1.0,0.999,1.0,0.0,1.858,26.728
1784632551.9429045,46754,0,26,0,1.0,0.999,1.0,0.0,1.858,26.726
1784632551.9664824,46764,0,26,0,1.0,0.999,1.0,0.0,1.858,26.724
1784632551.995685,46774,0,26,0,1.0,0.999,1.0,0.0,1.858,26.722
1784632552.0225582,46784,0,26,0,1.0,0.999,1.0,0.0,1.858,26.72
1784632552.0529997,46794,0,26,0,1.0,0.999,1.0,0.0,1.858,26.717
1784632552.076999,46804,0,26,0,1.0,0.999,1.0,0.0,1.858,26.715
1784632552.112576,46814,0,26,0,1.0,0.999,1.0,0.0,1.858,26.713
1784632552.1409423,46824,0,26,0,1.0,0.999,1.0,0.0,1.858,26.71
1784632552.1746845,46834,0,26,0,1.0,0.999,1.0,0.0,1.858,26.708
1784632552.2024782,46844,0,26,0,1.0,0.999,1.0,0.0,1.858,26.706
1784632552.2350767,46854,0,26,0,1.0,0.999,1.0,0.0,1.858,26.704
1784632552.2647219,46864,0,26,0,1.0,0.999,1.0,0.0,1.858,26.701
1784632552.3011107,46874,0,26,0,1.0,0.999,1.0,0.0,1.858,26.699
1784632552.3292003,46884,0,26,0,1.0,0.999,1.0,0.0,1.858,26.697
1784632552.3599606,46894,0,26,0,1.0,0.999,1.0,0.0,1.858,26.694
1784632552.3874106,46904,0,26,0,1.0,0.999,1.0,0.0,1.858,26.692
1784632552.5242248,46914,0,26,0,1.0,0.999,1.0,0.0,1.858,26.69
1784632552.566125,46924,0,26,0,1.0,0.999,1.0,0.0,1.859,26.688
1784632552.5944862,46934,0,26,0,1.0,0.999,1.0,0.0,1.859,26.685
1784632552.622556,46944,0,26,0,1.0,0.999,1.0,0.0,1.859,26.683
1784632552.6582406,46954,0,26,0,1.0,0.999,1.0,0.0,1.859,26.681
1784632552.6908467,46964,0,26,0,1.0,0.999,1.0,0.0,1.859,26.679
1784632552.7294168,46974,0,26,0,1.0,0.999,1.0,0.0,1.859,26.676
1784632552.801946,46984,0,26,0,1.0,0.999,1.0,0.0,1.859,26.674
1784632552.8368466,46994,0,26,0,1.0,0.999,1.0,0.0,1.859,26.672
1784632552.9708133,47004,0,26,0,1.0,0.999,1.0,0.0,1.859,26.67
1784632552.9994462,47014,0,26,0,1.0,0.999,1.0,0.0,1.859,26.668
1784632553.0343082,47024,0,26,0,1.0,0.999,1.0,0.0,1.859,26.666
1784632553.0654469,47034,0,26,0,1.0,0.999,1.0,0.0,1.859,26.663
1784632553.094987,47044,0,26,0,1.0,0.999,1.0,0.0,1.859,26.661
1784632553.1155581,47054,0,26,0,1.0,0.999,1.0,0.0,1.859,26.659
1784632553.1470249,47064,0,26,0,1.0,0.999,1.0,0.0,1.859,26.657
1784632553.1718452,47074,0,26,0,1.0,0.999,1.0,0.0,1.859,26.655
1784632553.2010944,47084,0,26,0,1.0,0.999,1.0,0.0,1.859,26.653
1784632553.2306647,47094,0,26,0,1.0,0.999,1.0,0.0,1.859,26.651
1784632553.2627864,47104,0,26,0,1.0,0.999,1.0,0.0,1.859,26.649
1784632553.28977,47114,0,26,0,1.0,0.999,1.0,0.0,1.859,26.646
1784632553.3159475,47124,0,26,0,1.0,0.999,1.0,0.0,1.859,26.644
1784632553.3469694,47134,0,26,0,1.0,0.999,1.0,0.0,1.859,26.642
1784632553.3817153,47144,0,26,0,1.0,0.999,1.0,0.0,1.859,26.64
1784632553.4378493,47154,0,26,0,1.0,0.999,1.0,0.0,1.859,26.638
1784632553.5055454,47164,0,26,0,1.0,0.999,1.0,0.0,1.859,26.636
1784632553.5465915,47174,0,26,0,1.0,0.999,1.0,0.0,1.859,26.634
1784632553.592144,47184,0,26,0,1.0,0.999,1.0,0.0,1.859,26.632
1784632553.6198115,47194,0,26,0,1.0,0.999,1.0,0.0,1.859,26.63
1784632553.6502416,47204,0,26,0,1.0,0.999,1.0,0.0,1.859,26.628
1784632553.6785727,47214,0,26,0,1.0,0.999,1.0,0.0,1.859,26.626
1784632553.7092474,47224,0,26,0,1.0,0.999,1.0,0.0,1.859,26.624
1784632553.748383,47234,0,26,0,1.0,0.999,1.0,0.0,1.859,26.622
1784632553.7815263,47244,0,26,0,1.0,0.999,1.0,0.0,1.859,26.62
1784632553.8195915,47254,0,26,0,1.0,0.999,1.0,0.0,1.86,26.618
1784632553.847252,47264,0,26,0,1.0,0.999,1.0,0.0,1.86,26.615
1784632553.8747125,47274,0,26,0,1.0,0.999,1.0,0.0,1.86,26.613
1784632553.9077952,47284,0,26,0,1.0,0.999,1.0,0.0,1.86,26.611
1784632553.9395454,47294,0,26,0,1.0,0.999,1.0,0.0,1.86,26.609
1784632553.9676359,47304,0,26,0,1.0,0.999,1.0,0.0,1.86,26.607
1784632553.9952288,47314,0,26,0,1.0,0.999,1.0,0.0,1.86,26.605
1784632554.027981,47324,0,26,0,1.0,0.999,1.0,0.0,1.86,26.603
1784632554.0614033,47334,0,26,0,1.0,0.999,1.0,0.0,1.86,26.601
1784632554.087001,47344,0,26,0,1.0,0.999,1.0,0.0,1.86,26.599
1784632554.1097806,47354,0,26,0,1.0,0.999,1.0,0.0,1.86,26.597
1784632554.1446226,47364,0,26,0,1.0,0.999,1.0,0.0,1.86,26.595
1784632554.1779833,47374,0,26,0,1.0,0.999,1.0,0.0,1.86,26.593
1784632554.1986482,47384,0,26,0,1.0,0.999,1.0,0.0,1.86,26.591
1784632554.2254891,47394,0,26,0,1.0,0.999,1.0,0.0,1.86,26.589
1784632554.3246942,47404,0,26,0,1.0,0.999,1.0,0.0,1.86,26.587
1784632554.3467925,47414,0,26,0,1.0,0.999,1.0,0.0,1.86,26.585
1784632554.3742063,47424,0,26,0,1.0,0.999,1.0,0.0,1.86,26.583
1784632554.410295,47434,0,26,0,1.0,0.999,1.0,0.0,1.86,26.581
1784632554.4416583,47444,0,26,0,1.0,0.999,1.0,0.0,1.86,26.579
1784632554.4727783,47454,0,26,0,1.0,0.999,1.0,0.0,1.86,26.577
1784632554.5104144,47464,0,26,0,1.0,0.999,1.0,0.0,1.86,26.575
1784632554.5508416,47474,0,26,0,1.0,0.999,1.0,0.0,1.86,26.573
1784632554.586745,47484,0,26,0,1.0,0.999,1.0,0.0,1.86,26.571
1784632554.6256077,47494,0,26,0,1.0,0.999,1.0,0.0,1.86,26.569
1784632554.6567547,47504,0,26,0,1.0,0.999,1.0,0.0,1.86,26.567
1784632554.6866083,47514,0,26,0,1.0,0.999,1.0,0.0,1.86,26.565
1784632554.7182808,47524,0,26,0,1.0,0.999,1.0,0.0,1.861,26.563
1784632554.7623072,47534,0,26,0,1.0,0.999,1.0,0.0,1.861,26.561
1784632554.8158925,47544,0,26,0,1.0,0.999,1.0,0.0,1.861,26.559
1784632554.8555846,47554,0,26,0,1.0,0.999,1.0,0.0,1.861,26.557
1784632554.9159415,47564,0,26,0,1.0,0.999,1.0,0.0,1.861,26.555
1784632554.9557512,47574,0,26,0,1.0,0.999,1.0,0.0,1.861,26.553
1784632554.9904785,47584,0,26,0,1.0,0.999,1.0,0.0,1.861,26.551
1784632555.0297594,47594,0,26,0,1.0,0.999,1.0,0.0,1.861,26.55
1784632555.0757174,47604,0,26,0,1.0,0.999,1.0,0.0,1.861,26.548
1784632555.1088326,47614,0,26,0,1.0,0.999,1.0,0.0,1.861,26.546
1784632555.1370614,47624,0,26,0,1.0,0.999,1.0,0.0,1.861,26.544
1784632555.1972017,47634,0,26,0,1.0,0.999,1.0,0.0,1.861,26.542
