timestamp,TP,FP,FN,TN,Precision,Recall,F1,FPR,Avg_Det_Delay,Avg_Block_Delay
1784379573.2673776,0,0,0,10,0.0,0.0,0.0,0.0,1.358,0.0
1784379579.4655964,0,0,0,20,0.0,0.0,0.0,0.0,0.947,0.0
1784379587.8680384,0,0,0,30,0.0,0.0,0.0,0.0,0.831,0.0
1784379595.6262293,0,0,3,37,0.0,0.0,0.0,0.0,0.735,0.0
1784379595.6821356,0,0,13,37,0.0,0.0,0.0,0.0,0.588,0.0
1784379596.777212,0,0,23,37,0.0,0.0,0.0,0.0,0.52,0.0
1784379596.8714306,0,0,33,37,0.0,0.0,0.0,0.0,0.486,0.0
1784379596.9665241,0,0,43,37,0.0,0.0,0.0,0.0,0.452,0.0
1784379597.012195,0,0,53,37,0.0,0.0,0.0,0.0,0.407,0.0
1784379597.1339338,0,0,63,37,0.0,0.0,0.0,0.0,0.37,0.0
1784379597.18219,0,0,73,37,0.0,0.0,0.0,0.0,0.34,0.0
1784379597.2293134,0,0,83,37,0.0,0.0,0.0,0.0,0.315,0.0
1784379597.2699509,0,0,93,37,0.0,0.0,0.0,0.0,0.294,0.0
1784379597.317116,0,0,103,37,0.0,0.0,0.0,0.0,0.276,0.0
1784379597.3676858,0,0,113,37,0.0,0.0,0.0,0.0,0.26,0.0
1784379597.4178486,0,0,123,37,0.0,0.0,0.0,0.0,0.247,0.0
1784379597.4776359,0,0,133,37,0.0,0.0,0.0,0.0,0.235,0.0
1784379597.5361862,0,0,143,37,0.0,0.0,0.0,0.0,0.224,0.0
1784379597.5741565,0,0,153,37,0.0,0.0,0.0,0.0,0.215,0.0
1784379597.6271214,0,0,163,37,0.0,0.0,0.0,0.0,0.206,0.0
1784379597.69209,0,0,173,37,0.0,0.0,0.0,0.0,0.198,0.0
1784379597.7913704,0,0,183,37,0.0,0.0,0.0,0.0,0.189,0.0
1784379597.8692496,0,0,193,37,0.0,0.0,0.0,0.0,0.181,0.0
1784379597.936231,0,0,203,37,0.0,0.0,0.0,0.0,0.174,0.0
1784379598.0185575,0,0,213,37,0.0,0.0,0.0,0.0,0.175,0.0
1784379598.0990098,0,0,223,37,0.0,0.0,0.0,0.0,0.244,0.0
1784379598.189202,0,0,233,37,0.0,0.0,0.0,0.0,0.308,0.0
1784379598.2978358,0,0,243,37,0.0,0.0,0.0,0.0,0.368,0.0
1784379598.4457016,0,0,253,37,0.0,0.0,0.0,0.0,0.422,0.0
1784379598.668313,0,0,263,37,0.0,0.0,0.0,0.0,0.472,0.0
1784379598.7724037,0,0,273,37,0.0,0.0,0.0,0.0,0.517,0.0
1784379598.8262794,0,0,283,37,0.0,0.0,0.0,0.0,0.557,0.0
1784379598.874238,0,0,293,37,0.0,0.0,0.0,0.0,0.595,0.0
1784379598.910741,0,0,303,37,0.0,0.0,0.0,0.0,0.63,0.0
1784379598.9637558,0,0,313,37,0.0,0.0,0.0,0.0,0.661,0.0
1784379599.0508754,0,0,323,37,0.0,0.0,0.0,0.0,0.69,0.0
1784379599.0945773,0,0,333,37,0.0,0.0,0.0,0.0,0.717,0.0
1784379599.1462567,0,0,343,37,0.0,0.0,0.0,0.0,0.742,0.0
1784379599.1793435,0,0,353,37,0.0,0.0,0.0,0.0,0.764,0.0
1784379599.233189,0,0,363,37,0.0,0.0,0.0,0.0,0.785,0.0
1784379599.2756906,0,0,373,37,0.0,0.0,0.0,0.0,0.805,0.0
1784379599.329509,0,0,383,37,0.0,0.0,0.0,0.0,0.823,0.0
1784379599.375363,0,0,393,37,0.0,0.0,0.0,0.0,0.839,0.0
1784379599.423105,0,0,403,37,0.0,0.0,0.0,0.0,0.854,0.0
1784379599.466042,0,0,413,37,0.0,0.0,0.0,0.0,0.868,0.0
1784379599.532209,0,0,423,37,0.0,0.0,0.0,0.0,0.882,0.0
1784379599.5780628,0,0,433,37,0.0,0.0,0.0,0.0,0.895,0.0
1784379599.615385,0,0,443,37,0.0,0.0,0.0,0.0,0.905,0.0
1784379599.6614625,0,0,453,37,0.0,0.0,0.0,0.0,0.914,0.0
1784379599.7440848,0,0,463,37,0.0,0.0,0.0,0.0,0.921,0.0
1784379599.8505776,0,0,473,37,0.0,0.0,0.0,0.0,0.927,0.0
1784379599.9045565,0,0,483,37,0.0,0.0,0.0,0.0,0.932,0.0
1784379599.951384,0,0,493,37,0.0,0.0,0.0,0.0,0.937,0.0
1784379599.9907696,0,0,503,37,0.0,0.0,0.0,0.0,0.943,0.0
1784379600.0408056,0,0,513,37,0.0,0.0,0.0,0.0,0.948,0.0
1784379600.0955625,0,0,523,37,0.0,0.0,0.0,0.0,0.953,0.0
1784379600.1442685,0,0,533,37,0.0,0.0,0.0,0.0,0.958,0.0
1784379600.17975,0,0,543,37,0.0,0.0,0.0,0.0,0.963,0.0
1784379600.2160935,0,0,553,37,0.0,0.0,0.0,0.0,0.968,0.0
1784379600.261727,0,0,563,37,0.0,0.0,0.0,0.0,0.972,0.0
1784379600.2978802,0,0,573,37,0.0,0.0,0.0,0.0,0.976,0.0
1784379600.3376853,0,0,583,37,0.0,0.0,0.0,0.0,0.981,0.0
1784379600.4059033,0,0,593,37,0.0,0.0,0.0,0.0,0.985,0.0
1784379600.4660676,0,0,603,37,0.0,0.0,0.0,0.0,0.988,0.0
1784379600.5207286,0,0,613,37,0.0,0.0,0.0,0.0,0.991,0.0
1784379600.6195772,0,0,623,37,0.0,0.0,0.0,0.0,0.994,0.0
1784379600.7214234,0,0,633,37,0.0,0.0,0.0,0.0,0.996,0.0
1784379600.8726182,0,0,643,37,0.0,0.0,0.0,0.0,0.999,0.0
1784379601.0056844,0,0,653,37,0.0,0.0,0.0,0.0,1.001,0.0
1784379601.4580898,0,0,663,37,0.0,0.0,0.0,0.0,1.003,0.0
1784379601.5092063,0,0,673,37,0.0,0.0,0.0,0.0,1.005,0.0
1784379601.5601153,0,0,683,37,0.0,0.0,0.0,0.0,1.006,0.0
1784379601.6234114,0,0,693,37,0.0,0.0,0.0,0.0,1.005,0.0
1784379601.6762836,0,0,703,37,0.0,0.0,0.0,0.0,1.003,0.0
1784379601.7103539,0,0,713,37,0.0,0.0,0.0,0.0,1.001,0.0
1784379601.7841258,0,0,723,37,0.0,0.0,0.0,0.0,0.996,0.0
1784379601.8575015,0,0,733,37,0.0,0.0,0.0,0.0,0.991,0.0
1784379601.9128907,0,0,743,37,0.0,0.0,0.0,0.0,1.002,0.0
1784379601.9682746,0,0,753,37,0.0,0.0,0.0,0.0,1.015,0.0
1784379602.042957,0,0,763,37,0.0,0.0,0.0,0.0,1.027,0.0
1784379602.083628,0,0,773,37,0.0,0.0,0.0,0.0,1.039,0.0
1784379602.1425724,0,0,783,37,0.0,0.0,0.0,0.0,1.051,0.0
1784379602.210344,0,0,793,37,0.0,0.0,0.0,0.0,1.062,0.0
1784379602.2646804,0,0,803,37,0.0,0.0,0.0,0.0,1.074,0.0
1784379602.3116663,0,0,813,37,0.0,0.0,0.0,0.0,1.085,0.0
1784379602.3826745,0,0,823,37,0.0,0.0,0.0,0.0,1.096,0.0
1784379602.4332762,0,0,833,37,0.0,0.0,0.0,0.0,1.106,0.0
1784379602.4913316,0,0,843,37,0.0,0.0,0.0,0.0,1.116,0.0
1784379602.5273626,0,0,853,37,0.0,0.0,0.0,0.0,1.125,0.0
1784379602.6158073,0,0,863,37,0.0,0.0,0.0,0.0,1.134,0.0
1784379602.6569233,0,0,873,37,0.0,0.0,0.0,0.0,1.142,0.0
1784379602.709245,0,0,883,37,0.0,0.0,0.0,0.0,1.15,0.0
1784379602.759931,0,0,893,37,0.0,0.0,0.0,0.0,1.158,0.0
1784379602.8746924,0,0,903,37,0.0,0.0,0.0,0.0,1.165,0.0
1784379602.9682014,0,0,913,37,0.0,0.0,0.0,0.0,1.172,0.0
1784379603.0211995,0,0,923,37,0.0,0.0,0.0,0.0,1.178,0.0
1784379603.0977495,0,0,933,37,0.0,0.0,0.0,0.0,1.184,0.0
1784379603.1615345,0,0,943,37,0.0,0.0,0.0,0.0,1.191,0.0
1784379603.2251654,0,0,953,37,0.0,0.0,0.0,0.0,1.197,0.0
1784379603.2798316,0,0,963,37,0.0,0.0,0.0,0.0,1.202,0.0
1784379603.3323703,0,0,973,37,0.0,0.0,0.0,0.0,1.207,0.0
1784379603.3929021,0,0,983,37,0.0,0.0,0.0,0.0,1.213,0.0
1784379603.4949286,0,0,993,37,0.0,0.0,0.0,0.0,1.217,0.0
1784379603.6425698,0,0,1003,37,0.0,0.0,0.0,0.0,1.222,0.0
1784379603.7662663,0,0,1013,37,0.0,0.0,0.0,0.0,1.227,0.0
1784379603.909374,0,0,1023,37,0.0,0.0,0.0,0.0,1.231,0.0
1784379604.0972009,0,0,1033,37,0.0,0.0,0.0,0.0,1.236,0.0
1784379604.2521405,0,0,1043,37,0.0,0.0,0.0,0.0,1.24,0.0
1784379604.3501523,0,0,1053,37,0.0,0.0,0.0,0.0,1.244,0.0
1784379604.4733503,0,0,1063,37,0.0,0.0,0.0,0.0,1.248,0.0
1784379604.5554955,0,0,1073,37,0.0,0.0,0.0,0.0,1.251,0.0
1784379604.601505,0,0,1083,37,0.0,0.0,0.0,0.0,1.254,0.0
1784379604.6520717,0,0,1093,37,0.0,0.0,0.0,0.0,1.256,0.0
1784379604.6910322,0,0,1103,37,0.0,0.0,0.0,0.0,1.257,0.0
1784379604.7422519,0,0,1113,37,0.0,0.0,0.0,0.0,1.259,0.0
1784379604.7834198,0,0,1123,37,0.0,0.0,0.0,0.0,1.26,0.0
1784379604.8616035,0,0,1133,37,0.0,0.0,0.0,0.0,1.261,0.0
1784379604.961954,0,0,1143,37,0.0,0.0,0.0,0.0,1.263,0.0
1784379605.0057538,0,0,1153,37,0.0,0.0,0.0,0.0,1.265,0.0
1784379605.0644984,0,0,1163,37,0.0,0.0,0.0,0.0,1.266,0.0
1784379605.1410577,0,0,1173,37,0.0,0.0,0.0,0.0,1.267,0.0
1784379605.1899652,0,0,1183,37,0.0,0.0,0.0,0.0,1.268,0.0
1784379605.238773,0,0,1193,37,0.0,0.0,0.0,0.0,1.269,0.0
1784379605.3016887,0,0,1203,37,0.0,0.0,0.0,0.0,1.269,0.0
1784379605.3549373,0,0,1213,37,0.0,0.0,0.0,0.0,1.27,0.0
1784379605.4427433,0,0,1223,37,0.0,0.0,0.0,0.0,1.269,0.0
1784379605.522743,0,0,1233,37,0.0,0.0,0.0,0.0,1.269,0.0
1784379605.5741386,0,0,1243,37,0.0,0.0,0.0,0.0,1.269,0.0
1784379605.6140714,0,0,1253,37,0.0,0.0,0.0,0.0,1.268,0.0
1784379605.718312,0,0,1263,37,0.0,0.0,0.0,0.0,1.268,0.0
1784379605.7970219,0,0,1273,37,0.0,0.0,0.0,0.0,1.267,0.0
1784379605.8332992,0,0,1283,37,0.0,0.0,0.0,0.0,1.266,0.0
1784379605.9131532,0,0,1293,37,0.0,0.0,0.0,0.0,1.264,0.0
1784379605.9631114,0,0,1303,37,0.0,0.0,0.0,0.0,1.261,0.0
1784379606.021021,0,0,1313,37,0.0,0.0,0.0,0.0,1.259,0.0
1784379606.0837877,0,0,1323,37,0.0,0.0,0.0,0.0,1.257,0.0
1784379606.1244586,0,0,1333,37,0.0,0.0,0.0,0.0,1.255,0.0
1784379606.1648452,0,0,1343,37,0.0,0.0,0.0,0.0,1.253,0.0
1784379606.2066917,0,0,1353,37,0.0,0.0,0.0,0.0,1.251,0.0
1784379606.260637,0,0,1363,37,0.0,0.0,0.0,0.0,1.249,0.0
1784379606.3011832,0,0,1373,37,0.0,0.0,0.0,0.0,1.248,0.0
1784379606.3476355,0,0,1383,37,0.0,0.0,0.0,0.0,1.246,0.0
1784379606.3899488,0,0,1393,37,0.0,0.0,0.0,0.0,1.244,0.0
1784379606.4909897,0,0,1403,37,0.0,0.0,0.0,0.0,1.243,0.0
1784379606.6213892,0,0,1413,37,0.0,0.0,0.0,0.0,1.241,0.0
1784379606.7249644,0,0,1423,37,0.0,0.0,0.0,0.0,1.239,0.0
1784379606.8688972,0,0,1433,37,0.0,0.0,0.0,0.0,1.237,0.0
1784379606.9985397,0,0,1443,37,0.0,0.0,0.0,0.0,1.235,0.0
1784379607.1187367,0,0,1453,37,0.0,0.0,0.0,0.0,1.233,0.0
1784379607.2883618,0,0,1463,37,0.0,0.0,0.0,0.0,1.231,0.0
1784379607.360638,0,0,1473,37,0.0,0.0,0.0,0.0,1.229,0.0
1784379607.444188,0,0,1483,37,0.0,0.0,0.0,0.0,1.227,0.0
1784379607.516077,0,0,1493,37,0.0,0.0,0.0,0.0,1.232,0.0
1784379607.604152,0,0,1503,37,0.0,0.0,0.0,0.0,1.237,0.0
1784379607.6891134,0,0,1513,37,0.0,0.0,0.0,0.0,1.242,0.0
1784379607.7598877,0,0,1523,37,0.0,0.0,0.0,0.0,1.247,0.0
1784379607.8304276,0,0,1533,37,0.0,0.0,0.0,0.0,1.252,0.0
1784379607.8880696,0,0,1543,37,0.0,0.0,0.0,0.0,1.257,0.0
1784379607.9647605,0,0,1553,37,0.0,0.0,0.0,0.0,1.261,0.0
1784379608.049502,0,0,1563,37,0.0,0.0,0.0,0.0,1.265,0.0
1784379608.1264446,0,0,1573,37,0.0,0.0,0.0,0.0,1.269,0.0
1784379608.215764,0,0,1583,37,0.0,0.0,0.0,0.0,1.273,0.0
1784379608.2629216,0,0,1593,37,0.0,0.0,0.0,0.0,1.277,0.0
1784379608.3112862,0,0,1603,37,0.0,0.0,0.0,0.0,1.281,0.0
1784379608.3651476,0,0,1613,37,0.0,0.0,0.0,0.0,1.285,0.0
1784379608.4269052,0,0,1623,37,0.0,0.0,0.0,0.0,1.289,0.0
1784379608.487815,0,0,1633,37,0.0,0.0,0.0,0.0,1.292,0.0
1784379608.5606904,0,0,1643,37,0.0,0.0,0.0,0.0,1.296,0.0
1784379608.605116,0,0,1653,37,0.0,0.0,0.0,0.0,1.299,0.0
1784379608.7235427,0,0,1663,37,0.0,0.0,0.0,0.0,1.303,0.0
1784379608.7873764,0,0,1673,37,0.0,0.0,0.0,0.0,1.306,0.0
1784379608.82644,0,0,1683,37,0.0,0.0,0.0,0.0,1.309,0.0
1784379608.8771768,0,0,1693,37,0.0,0.0,0.0,0.0,1.311,0.0
1784379608.9213953,0,0,1703,37,0.0,0.0,0.0,0.0,1.313,0.0
1784379609.0337677,0,0,1713,37,0.0,0.0,0.0,0.0,1.314,0.0
1784379609.1505547,0,0,1723,37,0.0,0.0,0.0,0.0,1.313,0.0
1784379609.214713,0,0,1733,37,0.0,0.0,0.0,0.0,1.313,0.0
1784379609.3109138,0,0,1743,37,0.0,0.0,0.0,0.0,1.312,0.0
1784379609.4174433,0,0,1753,37,0.0,0.0,0.0,0.0,1.312,0.0
1784379609.5263548,0,0,1763,37,0.0,0.0,0.0,0.0,1.311,0.0
1784379609.6227696,0,0,1773,37,0.0,0.0,0.0,0.0,1.311,0.0
1784379609.7143965,0,0,1783,37,0.0,0.0,0.0,0.0,1.311,0.0
1784379609.831947,0,0,1793,37,0.0,0.0,0.0,0.0,1.31,0.0
1784379609.9195926,0,0,1803,37,0.0,0.0,0.0,0.0,1.31,0.0
1784379610.0079541,0,0,1813,37,0.0,0.0,0.0,0.0,1.309,0.0
1784379610.0803149,0,0,1823,37,0.0,0.0,0.0,0.0,1.309,0.0
1784379610.1098847,0,0,1833,37,0.0,0.0,0.0,0.0,1.308,0.0
1784379610.1787698,0,0,1843,37,0.0,0.0,0.0,0.0,1.308,0.0
1784379610.2316058,0,0,1853,37,0.0,0.0,0.0,0.0,1.307,0.0
1784379610.358738,0,0,1863,37,0.0,0.0,0.0,0.0,1.306,0.0
1784379610.4012861,0,0,1873,37,0.0,0.0,0.0,0.0,1.305,0.0
1784379610.4483984,0,0,1883,37,0.0,0.0,0.0,0.0,1.304,0.0
1784379610.5166066,0,0,1893,37,0.0,0.0,0.0,0.0,1.303,0.0
1784379610.5537899,0,0,1903,37,0.0,0.0,0.0,0.0,1.302,0.0
1784379610.5915954,0,0,1913,37,0.0,0.0,0.0,0.0,1.3,0.0
1784379610.6596067,0,0,1923,37,0.0,0.0,0.0,0.0,1.299,0.0
1784379610.7076612,0,0,1933,37,0.0,0.0,0.0,0.0,1.298,0.0
1784379610.7775524,0,0,1943,37,0.0,0.0,0.0,0.0,1.297,0.0
1784379610.831549,0,0,1953,37,0.0,0.0,0.0,0.0,1.296,0.0
1784379610.8899872,0,0,1963,37,0.0,0.0,0.0,0.0,1.295,0.0
1784379610.9369466,0,0,1973,37,0.0,0.0,0.0,0.0,1.294,0.0
1784379611.0095038,0,0,1983,37,0.0,0.0,0.0,0.0,1.294,0.0
1784379611.0736866,0,0,1993,37,0.0,0.0,0.0,0.0,1.293,0.0
1784379611.1391852,0,0,2003,37,0.0,0.0,0.0,0.0,1.291,0.0
1784379611.1883566,0,0,2013,37,0.0,0.0,0.0,0.0,1.29,0.0
1784379611.3247738,0,0,2023,37,0.0,0.0,0.0,0.0,1.288,0.0
1784379611.4117575,0,0,2033,37,0.0,0.0,0.0,0.0,1.287,0.0
1784379611.4572592,0,0,2043,37,0.0,0.0,0.0,0.0,1.289,0.0
1784379611.5616095,0,0,2053,37,0.0,0.0,0.0,0.0,1.293,0.0
1784379611.6449826,0,0,2063,37,0.0,0.0,0.0,0.0,1.296,0.0
1784379611.7094421,0,0,2073,37,0.0,0.0,0.0,0.0,1.299,0.0
1784379611.7462595,0,0,2083,37,0.0,0.0,0.0,0.0,1.302,0.0
1784379611.7997026,0,0,2093,37,0.0,0.0,0.0,0.0,1.305,0.0
1784379611.856087,0,0,2103,37,0.0,0.0,0.0,0.0,1.307,0.0
1784379611.9995306,0,0,2113,37,0.0,0.0,0.0,0.0,1.309,0.0
1784379612.1934302,0,0,2123,37,0.0,0.0,0.0,0.0,1.311,0.0
1784379612.3645706,0,0,2133,37,0.0,0.0,0.0,0.0,1.312,0.0
1784379612.4817097,0,0,2143,37,0.0,0.0,0.0,0.0,1.314,0.0
1784379612.5714607,0,0,2153,37,0.0,0.0,0.0,0.0,1.316,0.0
1784379612.7418296,0,0,2163,37,0.0,0.0,0.0,0.0,1.317,0.0
1784379612.8940907,0,0,2173,37,0.0,0.0,0.0,0.0,1.319,0.0
1784379613.003204,0,0,2183,37,0.0,0.0,0.0,0.0,1.32,0.0
1784379613.1397924,0,0,2193,37,0.0,0.0,0.0,0.0,1.321,0.0
1784379613.20014,0,0,2203,37,0.0,0.0,0.0,0.0,1.322,0.0
1784379613.2754295,0,0,2213,37,0.0,0.0,0.0,0.0,1.323,0.0
1784379613.312852,0,0,2223,37,0.0,0.0,0.0,0.0,1.323,0.0
1784379613.37794,0,0,2233,37,0.0,0.0,0.0,0.0,1.324,0.0
1784379613.434269,0,0,2243,37,0.0,0.0,0.0,0.0,1.324,0.0
1784379613.495765,0,0,2253,37,0.0,0.0,0.0,0.0,1.323,0.0
1784379613.6026108,0,0,2263,37,0.0,0.0,0.0,0.0,1.323,0.0
1784379613.6691313,0,0,2273,37,0.0,0.0,0.0,0.0,1.322,0.0
1784379613.7299237,0,0,2283,37,0.0,0.0,0.0,0.0,1.321,0.0
1784379613.812494,0,0,2293,37,0.0,0.0,0.0,0.0,1.32,0.0
1784379613.900272,0,0,2303,37,0.0,0.0,0.0,0.0,1.319,0.0
1784379613.9439886,0,0,2313,37,0.0,0.0,0.0,0.0,1.318,0.0
1784379614.020708,0,0,2323,37,0.0,0.0,0.0,0.0,1.317,0.0
1784379614.080539,0,0,2333,37,0.0,0.0,0.0,0.0,1.316,0.0
1784379614.170468,0,0,2343,37,0.0,0.0,0.0,0.0,1.315,0.0
1784379614.225061,0,0,2353,37,0.0,0.0,0.0,0.0,1.315,0.0
1784379614.2903826,0,0,2363,37,0.0,0.0,0.0,0.0,1.314,0.0
1784379614.3447814,0,0,2373,37,0.0,0.0,0.0,0.0,1.313,0.0
1784379614.4056003,0,0,2383,37,0.0,0.0,0.0,0.0,1.312,0.0
1784379614.449159,0,0,2393,37,0.0,0.0,0.0,0.0,1.311,0.0
1784379614.4944649,0,0,2403,37,0.0,0.0,0.0,0.0,1.31,0.0
1784379614.5682988,0,0,2413,37,0.0,0.0,0.0,0.0,1.309,0.0
1784379614.62392,0,0,2423,37,0.0,0.0,0.0,0.0,1.308,0.0
1784379614.6822686,0,0,2433,37,0.0,0.0,0.0,0.0,1.307,0.0
1784379614.7468657,0,0,2443,37,0.0,0.0,0.0,0.0,1.306,0.0
1784379614.8071513,0,0,2453,37,0.0,0.0,0.0,0.0,1.304,0.0
1784379614.9286017,0,0,2463,37,0.0,0.0,0.0,0.0,1.302,0.0
1784379615.0005805,0,0,2473,37,0.0,0.0,0.0,0.0,1.3,0.0
1784379615.0987694,0,0,2483,37,0.0,0.0,0.0,0.0,1.299,0.0
1784379615.1707952,0,0,2493,37,0.0,0.0,0.0,0.0,1.297,0.0
1784379615.3352184,0,0,2503,37,0.0,0.0,0.0,0.0,1.296,0.0
1784379615.5054579,0,0,2513,37,0.0,0.0,0.0,0.0,1.294,0.0
1784379615.6506555,0,0,2523,37,0.0,0.0,0.0,0.0,1.294,0.0
1784379615.7989628,0,0,2533,37,0.0,0.0,0.0,0.0,1.297,0.0
1784379615.879351,0,0,2543,37,0.0,0.0,0.0,0.0,1.298,0.0
1784379615.9849987,0,0,2553,37,0.0,0.0,0.0,0.0,1.3,0.0
1784379616.0402787,0,0,2563,37,0.0,0.0,0.0,0.0,1.301,0.0
1784379616.0913272,0,0,2573,37,0.0,0.0,0.0,0.0,1.302,0.0
1784379616.1848416,0,0,2583,37,0.0,0.0,0.0,0.0,1.303,0.0
1784379616.2420034,0,0,2593,37,0.0,0.0,0.0,0.0,1.304,0.0
1784379616.294343,0,0,2603,37,0.0,0.0,0.0,0.0,1.305,0.0
1784379616.3583415,0,0,2613,37,0.0,0.0,0.0,0.0,1.306,0.0
1784379616.4140904,0,0,2623,37,0.0,0.0,0.0,0.0,1.306,0.0
1784379616.4664097,0,0,2633,37,0.0,0.0,0.0,0.0,1.307,0.0
1784379616.5129397,0,0,2643,37,0.0,0.0,0.0,0.0,1.307,0.0
1784379616.5575628,0,0,2653,37,0.0,0.0,0.0,0.0,1.308,0.0
1784379616.6477256,0,0,2663,37,0.0,0.0,0.0,0.0,1.308,0.0
1784379616.6933482,0,0,2673,37,0.0,0.0,0.0,0.0,1.309,0.0
1784379616.7445383,0,0,2683,37,0.0,0.0,0.0,0.0,1.309,0.0
1784379616.7917962,0,0,2693,37,0.0,0.0,0.0,0.0,1.309,0.0
1784379616.8406434,0,0,2703,37,0.0,0.0,0.0,0.0,1.309,0.0
1784379616.8931942,0,0,2713,37,0.0,0.0,0.0,0.0,1.309,0.0
1784379616.9583826,0,0,2723,37,0.0,0.0,0.0,0.0,1.309,0.0
1784379617.0013344,0,0,2733,37,0.0,0.0,0.0,0.0,1.309,0.0
1784379617.052324,0,0,2743,37,0.0,0.0,0.0,0.0,1.309,0.0
1784379617.1261086,0,0,2753,37,0.0,0.0,0.0,0.0,1.309,0.0
1784379617.1889377,0,0,2763,37,0.0,0.0,0.0,0.0,1.308,0.0
1784379617.2792885,0,0,2773,37,0.0,0.0,0.0,0.0,1.308,0.0
1784379617.334567,0,0,2783,37,0.0,0.0,0.0,0.0,1.308,0.0
1784379617.3945642,0,0,2793,37,0.0,0.0,0.0,0.0,1.307,0.0
1784379617.45263,0,0,2803,37,0.0,0.0,0.0,0.0,1.307,0.0
1784379617.5035884,0,0,2813,37,0.0,0.0,0.0,0.0,1.306,0.0
1784379617.5381522,0,0,2823,37,0.0,0.0,0.0,0.0,1.305,0.0
1784379617.5886557,0,0,2833,37,0.0,0.0,0.0,0.0,1.304,0.0
1784379617.630865,0,0,2843,37,0.0,0.0,0.0,0.0,1.303,0.0
1784379617.6736422,0,0,2853,37,0.0,0.0,0.0,0.0,1.302,0.0
1784379617.8393245,0,0,2863,37,0.0,0.0,0.0,0.0,1.301,0.0
1784379617.9059525,0,0,2873,37,0.0,0.0,0.0,0.0,1.3,0.0
1784379617.9872491,0,0,2883,37,0.0,0.0,0.0,0.0,1.299,0.0
1784379618.0968778,0,0,2893,37,0.0,0.0,0.0,0.0,1.298,0.0
1784379618.2459478,0,0,2903,37,0.0,0.0,0.0,0.0,1.297,0.0
1784379618.351116,0,0,2913,37,0.0,0.0,0.0,0.0,1.296,0.0
1784379618.5402122,0,0,2923,37,0.0,0.0,0.0,0.0,1.295,0.0
1784379618.6533504,0,0,2933,37,0.0,0.0,0.0,0.0,1.294,0.0
1784379618.7406335,0,0,2943,37,0.0,0.0,0.0,0.0,1.293,0.0
1784379618.8861039,0,0,2953,37,0.0,0.0,0.0,0.0,1.292,0.0
1784379618.9423723,0,0,2963,37,0.0,0.0,0.0,0.0,1.291,0.0
1784379619.0117085,0,0,2973,37,0.0,0.0,0.0,0.0,1.29,0.0
1784379619.0560188,0,0,2983,37,0.0,0.0,0.0,0.0,1.289,0.0
1784379619.1113188,0,0,2993,37,0.0,0.0,0.0,0.0,1.287,0.0
1784379619.1679378,0,0,3003,37,0.0,0.0,0.0,0.0,1.286,0.0
1784379619.2631617,0,0,3013,37,0.0,0.0,0.0,0.0,1.284,0.0
1784379619.3381102,0,0,3023,37,0.0,0.0,0.0,0.0,1.283,0.0
1784379619.4120498,0,0,3033,37,0.0,0.0,0.0,0.0,1.283,0.0
1784379619.4703648,0,0,3043,37,0.0,0.0,0.0,0.0,1.284,0.0
1784379619.5189416,0,0,3053,37,0.0,0.0,0.0,0.0,1.286,0.0
1784379619.669018,0,0,3063,37,0.0,0.0,0.0,0.0,1.287,0.0
1784379619.7284274,0,0,3073,37,0.0,0.0,0.0,0.0,1.289,0.0
1784379619.7917705,0,0,3083,37,0.0,0.0,0.0,0.0,1.29,0.0
1784379619.865344,0,0,3093,37,0.0,0.0,0.0,0.0,1.291,0.0
1784379619.9142356,0,0,3103,37,0.0,0.0,0.0,0.0,1.292,0.0
1784379619.9710128,0,0,3113,37,0.0,0.0,0.0,0.0,1.293,0.0
1784379620.0306149,0,0,3123,37,0.0,0.0,0.0,0.0,1.294,0.0
1784379620.109997,0,0,3133,37,0.0,0.0,0.0,0.0,1.294,0.0
1784379620.1637433,0,0,3143,37,0.0,0.0,0.0,0.0,1.294,0.0
1784379620.2210553,0,0,3153,37,0.0,0.0,0.0,0.0,1.294,0.0
1784379620.3014748,0,0,3163,37,0.0,0.0,0.0,0.0,1.294,0.0
1784379620.3735614,0,0,3173,37,0.0,0.0,0.0,0.0,1.294,0.0
1784379620.4695349,0,0,3183,37,0.0,0.0,0.0,0.0,1.294,0.0
1784379620.505598,0,0,3193,37,0.0,0.0,0.0,0.0,1.294,0.0
1784379620.5622318,0,0,3203,37,0.0,0.0,0.0,0.0,1.294,0.0
1784379620.6128974,0,0,3213,37,0.0,0.0,0.0,0.0,1.294,0.0
1784379620.6629682,0,0,3223,37,0.0,0.0,0.0,0.0,1.294,0.0
1784379620.714287,0,0,3233,37,0.0,0.0,0.0,0.0,1.294,0.0
1784379620.761517,0,0,3243,37,0.0,0.0,0.0,0.0,1.294,0.0
1784379620.8067644,0,0,3253,37,0.0,0.0,0.0,0.0,1.294,0.0
1784379620.895521,0,0,3263,37,0.0,0.0,0.0,0.0,1.294,0.0
1784379620.9809167,0,0,3273,37,0.0,0.0,0.0,0.0,1.294,0.0
1784379621.093719,0,0,3283,37,0.0,0.0,0.0,0.0,1.294,0.0
1784379621.1893857,0,0,3293,37,0.0,0.0,0.0,0.0,1.294,0.0
1784379621.3413172,0,0,3303,37,0.0,0.0,0.0,0.0,1.295,0.0
1784379621.4735968,0,0,3313,37,0.0,0.0,0.0,0.0,1.295,0.0
1784379621.5820231,0,0,3323,37,0.0,0.0,0.0,0.0,1.295,0.0
1784379621.7013943,0,0,3333,37,0.0,0.0,0.0,0.0,1.295,0.0
1784379621.850097,0,0,3343,37,0.0,0.0,0.0,0.0,1.295,0.0
1784379621.8973024,0,0,3353,37,0.0,0.0,0.0,0.0,1.295,0.0
1784379621.968032,0,0,3363,37,0.0,0.0,0.0,0.0,1.296,0.0
1784379622.0246491,0,0,3373,37,0.0,0.0,0.0,0.0,1.296,0.0
1784379622.1138644,0,0,3383,37,0.0,0.0,0.0,0.0,1.296,0.0
1784379622.181281,0,0,3393,37,0.0,0.0,0.0,0.0,1.296,0.0
1784379622.305299,0,0,3403,37,0.0,0.0,0.0,0.0,1.296,0.0
1784379622.3838155,0,0,3413,37,0.0,0.0,0.0,0.0,1.296,0.0
1784379622.4477956,0,0,3423,37,0.0,0.0,0.0,0.0,1.296,0.0
1784379622.497159,0,0,3433,37,0.0,0.0,0.0,0.0,1.296,0.0
1784379622.5370839,0,0,3443,37,0.0,0.0,0.0,0.0,1.296,0.0
1784379622.5840516,0,0,3453,37,0.0,0.0,0.0,0.0,1.297,0.0
1784379622.680504,0,0,3463,37,0.0,0.0,0.0,0.0,1.297,0.0
1784379622.731716,0,0,3473,37,0.0,0.0,0.0,0.0,1.298,0.0
1784379622.8009622,0,0,3483,37,0.0,0.0,0.0,0.0,1.298,0.0
1784379622.8604472,0,0,3493,37,0.0,0.0,0.0,0.0,1.298,0.0
1784379622.9137554,0,0,3503,37,0.0,0.0,0.0,0.0,1.299,0.0
1784379622.9699981,0,0,3513,37,0.0,0.0,0.0,0.0,1.299,0.0
1784379623.013928,0,0,3523,37,0.0,0.0,0.0,0.0,1.299,0.0
1784379623.0773406,0,0,3533,37,0.0,0.0,0.0,0.0,1.3,0.0
1784379623.1386642,0,0,3543,37,0.0,0.0,0.0,0.0,1.301,0.0
1784379623.2198868,0,0,3553,37,0.0,0.0,0.0,0.0,1.301,0.0
1784379623.2726185,0,0,3563,37,0.0,0.0,0.0,0.0,1.302,0.0
1784379623.3697286,0,0,3573,37,0.0,0.0,0.0,0.0,1.302,0.0
1784379623.513708,0,0,3583,37,0.0,0.0,0.0,0.0,1.303,0.0
1784379623.5625408,0,0,3593,37,0.0,0.0,0.0,0.0,1.303,0.0
1784379623.6195352,0,0,3603,37,0.0,0.0,0.0,0.0,1.304,0.0
1784379623.6714492,0,0,3613,37,0.0,0.0,0.0,0.0,1.305,0.0
1784379623.7341783,0,0,3623,37,0.0,0.0,0.0,0.0,1.305,0.0
1784379623.7748632,0,0,3633,37,0.0,0.0,0.0,0.0,1.306,0.0
1784379623.8177137,0,0,3643,37,0.0,0.0,0.0,0.0,1.307,0.0
1784379623.935161,0,0,3653,37,0.0,0.0,0.0,0.0,1.307,0.0
1784379624.454662,0,0,3663,37,0.0,0.0,0.0,0.0,1.308,0.0
1784379624.5474384,0,0,3673,37,0.0,0.0,0.0,0.0,1.309,0.0
1784379624.6820498,0,0,3683,37,0.0,0.0,0.0,0.0,1.31,0.0
1784379624.8144646,0,0,3693,37,0.0,0.0,0.0,0.0,1.312,0.0
1784379624.9503324,0,0,3703,37,0.0,0.0,0.0,0.0,1.314,0.0
1784379625.0883245,0,0,3713,37,0.0,0.0,0.0,0.0,1.315,0.0
1784379625.2084217,0,0,3723,37,0.0,0.0,0.0,0.0,1.317,0.0
1784379625.2661083,0,0,3733,37,0.0,0.0,0.0,0.0,1.318,0.0
1784379625.3426228,0,0,3743,37,0.0,0.0,0.0,0.0,1.319,0.0
1784379625.4031827,0,0,3753,37,0.0,0.0,0.0,0.0,1.32,0.0
1784379625.4975545,0,0,3763,37,0.0,0.0,0.0,0.0,1.322,0.0
1784379625.5459294,0,0,3773,37,0.0,0.0,0.0,0.0,1.323,0.0
1784379625.6069763,0,0,3783,37,0.0,0.0,0.0,0.0,1.324,0.0
1784379625.6567743,0,0,3793,37,0.0,0.0,0.0,0.0,1.325,0.0
1784379625.7087984,0,0,3803,37,0.0,0.0,0.0,0.0,1.326,0.0
1784379625.757332,0,0,3813,37,0.0,0.0,0.0,0.0,1.327,0.0
1784379625.8196366,0,0,3823,37,0.0,0.0,0.0,0.0,1.327,0.0
1784379625.8649518,0,0,3833,37,0.0,0.0,0.0,0.0,1.327,0.0
1784379625.9108126,0,0,3843,37,0.0,0.0,0.0,0.0,1.327,0.0
1784379625.9668381,0,0,3853,37,0.0,0.0,0.0,0.0,1.326,0.0
1784379626.0662296,0,0,3863,37,0.0,0.0,0.0,0.0,1.326,0.0
1784379626.121552,0,0,3873,37,0.0,0.0,0.0,0.0,1.325,0.0
1784379626.1744208,0,0,3883,37,0.0,0.0,0.0,0.0,1.325,0.0
1784379626.2328725,0,0,3893,37,0.0,0.0,0.0,0.0,1.324,0.0
1784379626.2849944,0,0,3903,37,0.0,0.0,0.0,0.0,1.323,0.0
1784379626.3283024,0,0,3913,37,0.0,0.0,0.0,0.0,1.322,0.0
1784379626.410775,0,0,3923,37,0.0,0.0,0.0,0.0,1.32,0.0
1784379626.541748,0,0,3933,37,0.0,0.0,0.0,0.0,1.319,0.0
1784379626.6235483,0,0,3943,37,0.0,0.0,0.0,0.0,1.318,0.0
1784379626.6662927,0,0,3953,37,0.0,0.0,0.0,0.0,1.317,0.0
1784379626.7137613,0,0,3963,37,0.0,0.0,0.0,0.0,1.315,0.0
1784379626.7531822,0,0,3973,37,0.0,0.0,0.0,0.0,1.314,0.0
1784379626.818223,0,0,3983,37,0.0,0.0,0.0,0.0,1.313,0.0
1784379626.872884,0,0,3993,37,0.0,0.0,0.0,0.0,1.312,0.0
1784379626.9179568,0,0,4003,37,0.0,0.0,0.0,0.0,1.31,0.0
1784379626.9535475,0,0,4013,37,0.0,0.0,0.0,0.0,1.309,0.0
1784379627.02173,0,0,4023,37,0.0,0.0,0.0,0.0,1.308,0.0
1784379627.0866818,0,0,4033,37,0.0,0.0,0.0,0.0,1.307,0.0
1784379627.146912,0,0,4043,37,0.0,0.0,0.0,0.0,1.306,0.0
1784379627.1944873,0,0,4053,37,0.0,0.0,0.0,0.0,1.304,0.0
1784379627.5768929,0,0,4063,37,0.0,0.0,0.0,0.0,1.303,0.0
1784379627.702809,0,0,4073,37,0.0,0.0,0.0,0.0,1.302,0.0
1784379627.8513875,0,0,4083,37,0.0,0.0,0.0,0.0,1.301,0.0
1784379627.9705346,0,0,4093,37,0.0,0.0,0.0,0.0,1.299,0.0
1784379628.0584364,0,0,4103,37,0.0,0.0,0.0,0.0,1.298,0.0
1784379628.191608,0,0,4113,37,0.0,0.0,0.0,0.0,1.297,0.0
1784379628.3018138,0,0,4123,37,0.0,0.0,0.0,0.0,1.296,0.0
1784379628.4183443,0,0,4133,37,0.0,0.0,0.0,0.0,1.294,0.0
1784379628.5437446,0,0,4143,37,0.0,0.0,0.0,0.0,1.293,0.0
1784379628.742846,0,0,4153,37,0.0,0.0,0.0,0.0,1.292,0.0
1784379628.8418446,0,0,4163,37,0.0,0.0,0.0,0.0,1.29,0.0
1784379628.9597194,0,0,4173,37,0.0,0.0,0.0,0.0,1.289,0.0
1784379629.0802624,0,0,4183,37,0.0,0.0,0.0,0.0,1.289,0.0
1784379629.163782,0,0,4193,37,0.0,0.0,0.0,0.0,1.29,0.0
1784379629.3313766,0,0,4203,37,0.0,0.0,0.0,0.0,1.292,0.0
1784379629.4000788,0,0,4213,37,0.0,0.0,0.0,0.0,1.294,0.0
1784379629.4663315,0,0,4223,37,0.0,0.0,0.0,0.0,1.295,0.0
1784379629.5302868,0,0,4233,37,0.0,0.0,0.0,0.0,1.297,0.0
1784379629.579131,0,0,4243,37,0.0,0.0,0.0,0.0,1.299,0.0
1784379629.6208293,0,0,4253,37,0.0,0.0,0.0,0.0,1.3,0.0
1784379629.73596,0,0,4263,37,0.0,0.0,0.0,0.0,1.302,0.0
1784379629.7883215,0,0,4273,37,0.0,0.0,0.0,0.0,1.304,0.0
1784379629.8478603,0,0,4283,37,0.0,0.0,0.0,0.0,1.305,0.0
1784379629.9046016,0,0,4293,37,0.0,0.0,0.0,0.0,1.307,0.0
1784379629.9635866,0,0,4303,37,0.0,0.0,0.0,0.0,1.308,0.0
1784379630.0195343,0,0,4313,37,0.0,0.0,0.0,0.0,1.309,0.0
1784379630.096419,0,0,4323,37,0.0,0.0,0.0,0.0,1.311,0.0
1784379630.159567,0,0,4333,37,0.0,0.0,0.0,0.0,1.312,0.0
1784379630.2166111,0,0,4343,37,0.0,0.0,0.0,0.0,1.313,0.0
1784379630.2661479,0,0,4353,37,0.0,0.0,0.0,0.0,1.315,0.0
1784379630.3240418,0,0,4363,37,0.0,0.0,0.0,0.0,1.316,0.0
1784379630.3855271,0,0,4373,37,0.0,0.0,0.0,0.0,1.318,0.0
1784379630.4533944,0,0,4383,37,0.0,0.0,0.0,0.0,1.319,0.0
1784379630.5072193,0,0,4393,37,0.0,0.0,0.0,0.0,1.32,0.0
1784379630.6182172,0,0,4403,37,0.0,0.0,0.0,0.0,1.322,0.0
1784379630.7085698,0,0,4413,37,0.0,0.0,0.0,0.0,1.323,0.0
1784379630.7728407,0,0,4423,37,0.0,0.0,0.0,0.0,1.324,0.0
1784379630.8235376,0,0,4433,37,0.0,0.0,0.0,0.0,1.325,0.0
1784379630.8600104,0,0,4443,37,0.0,0.0,0.0,0.0,1.326,0.0
1784379630.9213505,0,0,4453,37,0.0,0.0,0.0,0.0,1.327,0.0
1784379631.0318532,0,0,4463,37,0.0,0.0,0.0,0.0,1.328,0.0
1784379631.0736144,0,0,4473,37,0.0,0.0,0.0,0.0,1.329,0.0
1784379631.129772,0,0,4483,37,0.0,0.0,0.0,0.0,1.33,0.0
1784379631.1794913,0,0,4493,37,0.0,0.0,0.0,0.0,1.331,0.0
1784379631.244725,0,0,4503,37,0.0,0.0,0.0,0.0,1.331,0.0
1784379631.2924516,0,0,4513,37,0.0,0.0,0.0,0.0,1.332,0.0
1784379631.355467,0,0,4523,37,0.0,0.0,0.0,0.0,1.332,0.0
1784379631.4115732,0,0,4533,37,0.0,0.0,0.0,0.0,1.332,0.0
1784379631.513772,0,0,4543,37,0.0,0.0,0.0,0.0,1.333,0.0
1784379631.6890678,0,0,4553,37,0.0,0.0,0.0,0.0,1.333,0.0
1784379631.860452,0,0,4563,37,0.0,0.0,0.0,0.0,1.333,0.0
1784379632.000304,0,0,4573,37,0.0,0.0,0.0,0.0,1.333,0.0
1784379632.0791543,0,0,4583,37,0.0,0.0,0.0,0.0,1.333,0.0
1784379632.149461,0,0,4593,37,0.0,0.0,0.0,0.0,1.332,0.0
1784379632.2740762,0,0,4603,37,0.0,0.0,0.0,0.0,1.332,0.0
1784379632.432149,0,0,4613,37,0.0,0.0,0.0,0.0,1.331,0.0
1784379632.5493386,0,0,4623,37,0.0,0.0,0.0,0.0,1.33,0.0
1784379632.6834495,0,0,4633,37,0.0,0.0,0.0,0.0,1.329,0.0
1784379632.774187,0,0,4643,37,0.0,0.0,0.0,0.0,1.328,0.0
1784379632.8799367,0,0,4653,37,0.0,0.0,0.0,0.0,1.328,0.0
1784379633.3569672,0,0,4663,37,0.0,0.0,0.0,0.0,1.327,0.0
1784379633.4006417,0,0,4673,37,0.0,0.0,0.0,0.0,1.326,0.0
1784379633.451572,0,0,4683,37,0.0,0.0,0.0,0.0,1.325,0.0
1784379633.537294,0,0,4693,37,0.0,0.0,0.0,0.0,1.324,0.0
1784379633.617664,0,0,4703,37,0.0,0.0,0.0,0.0,1.324,0.0
1784379633.6733298,0,0,4713,37,0.0,0.0,0.0,0.0,1.323,0.0
1784379633.7223377,0,0,4723,37,0.0,0.0,0.0,0.0,1.322,0.0
1784379633.7781286,0,0,4733,37,0.0,0.0,0.0,0.0,1.321,0.0
1784379633.8266606,0,0,4743,37,0.0,0.0,0.0,0.0,1.32,0.0
1784379633.887453,0,0,4753,37,0.0,0.0,0.0,0.0,1.32,0.0
1784379633.949405,0,0,4763,37,0.0,0.0,0.0,0.0,1.319,0.0
1784379634.0046268,0,0,4773,37,0.0,0.0,0.0,0.0,1.318,0.0
1784379634.0515978,0,0,4783,37,0.0,0.0,0.0,0.0,1.318,0.0
1784379634.1178,0,0,4793,37,0.0,0.0,0.0,0.0,1.319,0.0
1784379634.1662505,0,0,4803,37,0.0,0.0,0.0,0.0,1.32,0.0
1784379634.2092319,0,0,4813,37,0.0,0.0,0.0,0.0,1.321,0.0
1784379634.2732546,0,0,4823,37,0.0,0.0,0.0,0.0,1.322,0.0
1784379634.33127,0,0,4833,37,0.0,0.0,0.0,0.0,1.323,0.0
1784379634.3729477,0,0,4843,37,0.0,0.0,0.0,0.0,1.323,0.0
1784379634.4300394,0,0,4853,37,0.0,0.0,0.0,0.0,1.323,0.0
1784379634.5652087,0,0,4863,37,0.0,0.0,0.0,0.0,1.324,0.0
1784379634.6889927,0,0,4873,37,0.0,0.0,0.0,0.0,1.324,0.0
1784379634.7635415,0,0,4883,37,0.0,0.0,0.0,0.0,1.324,0.0
1784379634.81988,0,0,4893,37,0.0,0.0,0.0,0.0,1.324,0.0
1784379634.890086,0,0,4903,37,0.0,0.0,0.0,0.0,1.324,0.0
1784379634.9380302,0,0,4913,37,0.0,0.0,0.0,0.0,1.324,0.0
1784379635.016508,0,0,4923,37,0.0,0.0,0.0,0.0,1.324,0.0
1784379635.0634809,0,0,4933,37,0.0,0.0,0.0,0.0,1.324,0.0
1784379635.118142,0,0,4943,37,0.0,0.0,0.0,0.0,1.324,0.0
1784379635.1731174,0,0,4953,37,0.0,0.0,0.0,0.0,1.324,0.0
1784379635.2347262,0,0,4963,37,0.0,0.0,0.0,0.0,1.324,0.0
1784379635.27701,0,0,4973,37,0.0,0.0,0.0,0.0,1.323,0.0
1784379635.323984,0,0,4983,37,0.0,0.0,0.0,0.0,1.323,0.0
1784379635.4320617,0,0,4993,37,0.0,0.0,0.0,0.0,1.323,0.0
1784379635.5468285,0,0,5003,37,0.0,0.0,0.0,0.0,1.323,0.0
1784379635.7606406,0,0,5013,37,0.0,0.0,0.0,0.0,1.323,0.0
1784379635.898083,0,0,5023,37,0.0,0.0,0.0,0.0,1.323,0.0
1784379636.0128226,0,0,5033,37,0.0,0.0,0.0,0.0,1.323,0.0
1784379636.1627557,0,0,5043,37,0.0,0.0,0.0,0.0,1.323,0.0
1784379636.2415602,0,0,5053,37,0.0,0.0,0.0,0.0,1.323,0.0
1784379636.8134093,0,0,5063,37,0.0,0.0,0.0,0.0,1.322,0.0
1784379636.8491933,0,0,5073,37,0.0,0.0,0.0,0.0,1.322,0.0
1784379636.9202313,0,0,5083,37,0.0,0.0,0.0,0.0,1.321,0.0
1784379636.9724147,0,0,5093,37,0.0,0.0,0.0,0.0,1.321,0.0
1784379637.0286052,0,0,5103,37,0.0,0.0,0.0,0.0,1.32,0.0
1784379637.076131,0,0,5113,37,0.0,0.0,0.0,0.0,1.32,0.0
1784379637.1396554,0,0,5123,37,0.0,0.0,0.0,0.0,1.32,0.0
1784379637.1769,0,0,5133,37,0.0,0.0,0.0,0.0,1.319,0.0
1784379637.2450743,0,0,5143,37,0.0,0.0,0.0,0.0,1.319,0.0
1784379637.3020442,0,0,5153,37,0.0,0.0,0.0,0.0,1.318,0.0
1784379637.3620572,0,0,5163,37,0.0,0.0,0.0,0.0,1.318,0.0
1784379637.4082527,0,0,5173,37,0.0,0.0,0.0,0.0,1.318,0.0
1784379637.4511626,0,0,5183,37,0.0,0.0,0.0,0.0,1.317,0.0
1784379637.5097055,0,0,5193,37,0.0,0.0,0.0,0.0,1.317,0.0
1784379637.5536323,0,0,5203,37,0.0,0.0,0.0,0.0,1.317,0.0
1784379637.61102,0,0,5213,37,0.0,0.0,0.0,0.0,1.316,0.0
1784379637.770596,0,0,5223,37,0.0,0.0,0.0,0.0,1.316,0.0
1784379637.84521,0,0,5233,37,0.0,0.0,0.0,0.0,1.316,0.0
1784379637.9249043,0,0,5243,37,0.0,0.0,0.0,0.0,1.315,0.0
1784379637.9813182,0,0,5253,37,0.0,0.0,0.0,0.0,1.315,0.0
1784379638.1110969,0,0,5263,37,0.0,0.0,0.0,0.0,1.314,0.0
1784379638.1733568,0,0,5273,37,0.0,0.0,0.0,0.0,1.313,0.0
1784379638.2380183,0,0,5283,37,0.0,0.0,0.0,0.0,1.313,0.0
1784379638.289314,0,0,5293,37,0.0,0.0,0.0,0.0,1.312,0.0
1784379638.3322093,0,0,5303,37,0.0,0.0,0.0,0.0,1.311,0.0
1784379638.3779624,0,0,5313,37,0.0,0.0,0.0,0.0,1.311,0.0
1784379638.4268224,0,0,5323,37,0.0,0.0,0.0,0.0,1.31,0.0
1784379638.48875,0,0,5333,37,0.0,0.0,0.0,0.0,1.309,0.0
1784379638.5452006,0,0,5343,37,0.0,0.0,0.0,0.0,1.31,0.0
1784379638.6016026,0,0,5353,37,0.0,0.0,0.0,0.0,1.311,0.0
1784379638.6776311,0,0,5363,37,0.0,0.0,0.0,0.0,1.312,0.0
1784379638.7409728,0,0,5373,37,0.0,0.0,0.0,0.0,1.313,0.0
1784379638.9479775,0,0,5383,37,0.0,0.0,0.0,0.0,1.315,0.0
1784379639.0711737,0,0,5393,37,0.0,0.0,0.0,0.0,1.316,0.0
1784379639.19332,0,0,5403,37,0.0,0.0,0.0,0.0,1.317,0.0
1784379639.3511906,0,0,5413,37,0.0,0.0,0.0,0.0,1.319,0.0
1784379639.4287612,0,0,5423,37,0.0,0.0,0.0,0.0,1.32,0.0
1784379639.527037,0,0,5433,37,0.0,0.0,0.0,0.0,1.321,0.0
1784379639.670072,0,0,5443,37,0.0,0.0,0.0,0.0,1.322,0.0
1784379639.8180995,0,0,5453,37,0.0,0.0,0.0,0.0,1.323,0.0
1784379640.2556572,0,0,5463,37,0.0,0.0,0.0,0.0,1.325,0.0
1784379640.3955956,0,0,5473,37,0.0,0.0,0.0,0.0,1.326,0.0
1784379640.5361571,0,0,5483,37,0.0,0.0,0.0,0.0,1.327,0.0
1784379640.6889155,0,0,5493,37,0.0,0.0,0.0,0.0,1.328,0.0
1784379640.7772753,0,0,5503,37,0.0,0.0,0.0,0.0,1.329,0.0
1784379640.8565369,0,0,5513,37,0.0,0.0,0.0,0.0,1.33,0.0
1784379640.957031,0,0,5523,37,0.0,0.0,0.0,0.0,1.331,0.0
1784379641.0629985,0,0,5533,37,0.0,0.0,0.0,0.0,1.331,0.0
1784379641.2030451,0,0,5543,37,0.0,0.0,0.0,0.0,1.332,0.0
1784379641.2528667,0,0,5553,37,0.0,0.0,0.0,0.0,1.333,0.0
1784379641.2982044,0,0,5563,37,0.0,0.0,0.0,0.0,1.334,0.0
1784379641.343438,0,0,5573,37,0.0,0.0,0.0,0.0,1.335,0.0
1784379641.3964024,0,0,5583,37,0.0,0.0,0.0,0.0,1.335,0.0
1784379641.4353123,0,0,5593,37,0.0,0.0,0.0,0.0,1.336,0.0
1784379641.4878218,0,0,5603,37,0.0,0.0,0.0,0.0,1.337,0.0
1784379641.5386853,0,0,5613,37,0.0,0.0,0.0,0.0,1.337,0.0
1784379641.5871062,0,0,5623,37,0.0,0.0,0.0,0.0,1.338,0.0
1784379641.645554,0,0,5633,37,0.0,0.0,0.0,0.0,1.339,0.0
1784379641.7199976,0,0,5643,37,0.0,0.0,0.0,0.0,1.34,0.0
1784379641.8197505,0,0,5653,37,0.0,0.0,0.0,0.0,1.34,0.0
1784379641.912283,0,0,5663,37,0.0,0.0,0.0,0.0,1.341,0.0
1784379641.9612398,0,0,5673,37,0.0,0.0,0.0,0.0,1.341,0.0
1784379642.018424,0,0,5683,37,0.0,0.0,0.0,0.0,1.342,0.0
1784379642.064098,0,0,5693,37,0.0,0.0,0.0,0.0,1.342,0.0
1784379642.1138196,0,0,5703,37,0.0,0.0,0.0,0.0,1.343,0.0
1784379642.1709816,0,0,5713,37,0.0,0.0,0.0,0.0,1.343,0.0
1784379642.2414472,0,0,5723,37,0.0,0.0,0.0,0.0,1.344,0.0
1784379642.29689,0,0,5733,37,0.0,0.0,0.0,0.0,1.344,0.0
1784379642.3583379,0,0,5743,37,0.0,0.0,0.0,0.0,1.345,0.0
1784379642.3998117,0,0,5753,37,0.0,0.0,0.0,0.0,1.345,0.0
1784379642.4618816,0,0,5763,37,0.0,0.0,0.0,0.0,1.345,0.0
1784379642.5139208,0,0,5773,37,0.0,0.0,0.0,0.0,1.345,0.0
1784379642.5688732,0,0,5783,37,0.0,0.0,0.0,0.0,1.346,0.0
1784379642.62556,0,0,5793,37,0.0,0.0,0.0,0.0,1.346,0.0
1784379642.6889598,0,0,5803,37,0.0,0.0,0.0,0.0,1.346,0.0
1784379642.7740488,0,0,5813,37,0.0,0.0,0.0,0.0,1.346,0.0
1784379642.860119,0,0,5823,37,0.0,0.0,0.0,0.0,1.347,0.0
1784379642.9278686,0,0,5833,37,0.0,0.0,0.0,0.0,1.347,0.0
1784379642.9751449,0,0,5843,37,0.0,0.0,0.0,0.0,1.347,0.0
1784379643.034519,0,0,5853,37,0.0,0.0,0.0,0.0,1.347,0.0
1784379643.1365747,0,0,5863,37,0.0,0.0,0.0,0.0,1.347,0.0
1784379643.1917343,0,0,5873,37,0.0,0.0,0.0,0.0,1.347,0.0
1784379643.2750747,0,0,5883,37,0.0,0.0,0.0,0.0,1.347,0.0
1784379643.4001899,0,0,5893,37,0.0,0.0,0.0,0.0,1.347,0.0
1784379643.5097132,0,0,5903,37,0.0,0.0,0.0,0.0,1.347,0.0
1784379643.6464086,0,0,5913,37,0.0,0.0,0.0,0.0,1.347,0.0
1784379643.7882202,0,0,5923,37,0.0,0.0,0.0,0.0,1.347,0.0
1784379643.9792256,0,0,5933,37,0.0,0.0,0.0,0.0,1.347,0.0
1784379644.024131,0,0,5943,37,0.0,0.0,0.0,0.0,1.347,0.0
1784379644.126648,0,0,5953,37,0.0,0.0,0.0,0.0,1.347,0.0
1784379644.2016969,0,0,5963,37,0.0,0.0,0.0,0.0,1.347,0.0
1784379644.2733037,0,0,5973,37,0.0,0.0,0.0,0.0,1.347,0.0
1784379644.364649,0,0,5983,37,0.0,0.0,0.0,0.0,1.347,0.0
1784379644.4703884,0,0,5993,37,0.0,0.0,0.0,0.0,1.347,0.0
1784379644.560461,0,0,6003,37,0.0,0.0,0.0,0.0,1.347,0.0
1784379644.6874402,0,0,6013,37,0.0,0.0,0.0,0.0,1.347,0.0
1784379644.8083532,0,0,6023,37,0.0,0.0,0.0,0.0,1.347,0.0
1784379644.877929,0,0,6033,37,0.0,0.0,0.0,0.0,1.347,0.0
1784379644.9791873,0,0,6043,37,0.0,0.0,0.0,0.0,1.347,0.0
1784379645.1122248,0,0,6053,37,0.0,0.0,0.0,0.0,1.348,0.0
1784379645.4866354,0,0,6063,37,0.0,0.0,0.0,0.0,1.348,0.0
1784379645.5306315,0,0,6073,37,0.0,0.0,0.0,0.0,1.348,0.0
1784379645.5784352,0,0,6083,37,0.0,0.0,0.0,0.0,1.348,0.0
1784379645.6328664,0,0,6093,37,0.0,0.0,0.0,0.0,1.348,0.0
1784379645.6808379,0,0,6103,37,0.0,0.0,0.0,0.0,1.348,0.0
1784379645.7312896,0,0,6113,37,0.0,0.0,0.0,0.0,1.348,0.0
1784379645.7835937,0,0,6123,37,0.0,0.0,0.0,0.0,1.348,0.0
1784379645.8715067,0,0,6133,37,0.0,0.0,0.0,0.0,1.348,0.0
1784379645.9360664,0,0,6143,37,0.0,0.0,0.0,0.0,1.349,0.0
1784379645.9772704,0,0,6153,37,0.0,0.0,0.0,0.0,1.349,0.0
1784379646.0327396,0,0,6163,37,0.0,0.0,0.0,0.0,1.349,0.0
1784379646.0837965,0,0,6173,37,0.0,0.0,0.0,0.0,1.349,0.0
1784379646.1531403,0,0,6183,37,0.0,0.0,0.0,0.0,1.349,0.0
1784379646.1852598,0,0,6193,37,0.0,0.0,0.0,0.0,1.349,0.0
1784379646.2422729,0,0,6203,37,0.0,0.0,0.0,0.0,1.35,0.0
1784379646.3091393,0,0,6213,37,0.0,0.0,0.0,0.0,1.35,0.0
1784379646.377088,0,0,6223,37,0.0,0.0,0.0,0.0,1.35,0.0
1784379646.4281647,0,0,6233,37,0.0,0.0,0.0,0.0,1.35,0.0
1784379646.5008287,0,0,6243,37,0.0,0.0,0.0,0.0,1.351,0.0
1784379646.5449235,0,0,6253,37,0.0,0.0,0.0,0.0,1.351,0.0
1784379646.650738,0,0,6263,37,0.0,0.0,0.0,0.0,1.351,0.0
1784379646.7181594,0,0,6273,37,0.0,0.0,0.0,0.0,1.351,0.0
1784379646.7739968,0,0,6283,37,0.0,0.0,0.0,0.0,1.351,0.0
1784379646.82632,0,0,6293,37,0.0,0.0,0.0,0.0,1.351,0.0
1784379646.9020329,0,0,6303,37,0.0,0.0,0.0,0.0,1.352,0.0
1784379647.014324,0,0,6313,37,0.0,0.0,0.0,0.0,1.352,0.0
1784379647.0749583,0,0,6323,37,0.0,0.0,0.0,0.0,1.352,0.0
1784379647.1506734,0,0,6333,37,0.0,0.0,0.0,0.0,1.352,0.0
1784379647.1997435,0,0,6343,37,0.0,0.0,0.0,0.0,1.352,0.0
1784379647.2580779,0,0,6353,37,0.0,0.0,0.0,0.0,1.352,0.0
1784379647.3094585,0,0,6363,37,0.0,0.0,0.0,0.0,1.352,0.0
1784379647.3547924,0,0,6373,37,0.0,0.0,0.0,0.0,1.352,0.0
1784379647.40641,0,0,6383,37,0.0,0.0,0.0,0.0,1.353,0.0
1784379647.5101712,0,0,6393,37,0.0,0.0,0.0,0.0,1.354,0.0
1784379647.5717225,0,0,6403,37,0.0,0.0,0.0,0.0,1.355,0.0
1784379647.671982,0,0,6413,37,0.0,0.0,0.0,0.0,1.356,0.0
1784379647.7478726,0,0,6423,37,0.0,0.0,0.0,0.0,1.357,0.0
1784379647.8530853,0,0,6433,37,0.0,0.0,0.0,0.0,1.358,0.0
1784379647.9960449,0,0,6443,37,0.0,0.0,0.0,0.0,1.36,0.0
1784379648.131817,0,0,6453,37,0.0,0.0,0.0,0.0,1.361,0.0
1784379648.5853722,0,0,6463,37,0.0,0.0,0.0,0.0,1.362,0.0
1784379648.713084,0,0,6473,37,0.0,0.0,0.0,0.0,1.362,0.0
1784379648.82469,0,0,6483,37,0.0,0.0,0.0,0.0,1.363,0.0
1784379648.9316645,0,0,6493,37,0.0,0.0,0.0,0.0,1.364,0.0
1784379648.9921987,0,0,6503,37,0.0,0.0,0.0,0.0,1.365,0.0
1784379649.1028082,0,0,6513,37,0.0,0.0,0.0,0.0,1.366,0.0
1784379649.2344296,0,0,6523,37,0.0,0.0,0.0,0.0,1.367,0.0
1784379649.318118,0,0,6533,37,0.0,0.0,0.0,0.0,1.368,0.0
1784379649.4175391,0,0,6543,37,0.0,0.0,0.0,0.0,1.369,0.0
1784379649.4842176,0,0,6553,37,0.0,0.0,0.0,0.0,1.37,0.0
1784379649.5542939,0,0,6563,37,0.0,0.0,0.0,0.0,1.371,0.0
1784379649.6011124,0,0,6573,37,0.0,0.0,0.0,0.0,1.372,0.0
1784379649.6645484,0,0,6583,37,0.0,0.0,0.0,0.0,1.373,0.0
1784379649.7189567,0,0,6593,37,0.0,0.0,0.0,0.0,1.374,0.0
1784379649.7886963,0,0,6603,37,0.0,0.0,0.0,0.0,1.375,0.0
1784379649.8399413,0,0,6613,37,0.0,0.0,0.0,0.0,1.376,0.0
1784379649.9363177,0,0,6623,37,0.0,0.0,0.0,0.0,1.376,0.0
1784379650.0459166,0,0,6633,37,0.0,0.0,0.0,0.0,1.377,0.0
1784379650.1251905,0,0,6643,37,0.0,0.0,0.0,0.0,1.378,0.0
1784379650.2100363,0,0,6653,37,0.0,0.0,0.0,0.0,1.379,0.0
1784379650.3418326,0,0,6663,37,0.0,0.0,0.0,0.0,1.381,0.0
1784379650.400388,0,0,6673,37,0.0,0.0,0.0,0.0,1.382,0.0
1784379650.4658413,0,0,6683,37,0.0,0.0,0.0,0.0,1.383,0.0
1784379650.5395265,0,0,6693,37,0.0,0.0,0.0,0.0,1.384,0.0
1784379650.5853467,0,0,6703,37,0.0,0.0,0.0,0.0,1.385,0.0
1784379650.6386187,0,0,6713,37,0.0,0.0,0.0,0.0,1.386,0.0
1784379650.699963,0,0,6723,37,0.0,0.0,0.0,0.0,1.387,0.0
1784379650.7497418,0,0,6733,37,0.0,0.0,0.0,0.0,1.388,0.0
1784379650.8371317,0,0,6743,37,0.0,0.0,0.0,0.0,1.39,0.0
1784379650.901745,0,0,6753,37,0.0,0.0,0.0,0.0,1.391,0.0
1784379650.963367,0,0,6763,37,0.0,0.0,0.0,0.0,1.392,0.0
1784379651.0735807,0,0,6773,37,0.0,0.0,0.0,0.0,1.393,0.0
1784379651.171135,0,0,6783,37,0.0,0.0,0.0,0.0,1.394,0.0
1784379651.2461643,0,0,6793,37,0.0,0.0,0.0,0.0,1.396,0.0
1784379651.305871,0,0,6803,37,0.0,0.0,0.0,0.0,1.397,0.0
1784379651.3587885,0,0,6813,37,0.0,0.0,0.0,0.0,1.398,0.0
1784379651.451391,0,0,6823,37,0.0,0.0,0.0,0.0,1.399,0.0
1784379651.574215,0,0,6833,37,0.0,0.0,0.0,0.0,1.4,0.0
1784379651.7028558,0,0,6843,37,0.0,0.0,0.0,0.0,1.401,0.0
1784379651.7768414,0,0,6853,37,0.0,0.0,0.0,0.0,1.402,0.0
1784379652.4322727,0,0,6863,37,0.0,0.0,0.0,0.0,1.403,0.0
1784379652.5071037,0,0,6873,37,0.0,0.0,0.0,0.0,1.404,0.0
1784379652.5811381,0,0,6883,37,0.0,0.0,0.0,0.0,1.405,0.0
1784379652.7305408,0,0,6893,37,0.0,0.0,0.0,0.0,1.406,0.0
1784379652.8741,0,0,6903,37,0.0,0.0,0.0,0.0,1.407,0.0
1784379652.9919972,0,0,6913,37,0.0,0.0,0.0,0.0,1.408,0.0
1784379653.0755897,0,0,6923,37,0.0,0.0,0.0,0.0,1.409,0.0
1784379653.1421335,0,0,6933,37,0.0,0.0,0.0,0.0,1.41,0.0
1784379653.1883144,0,0,6943,37,0.0,0.0,0.0,0.0,1.411,0.0
1784379653.2310033,0,0,6953,37,0.0,0.0,0.0,0.0,1.412,0.0
1784379653.2885149,0,0,6963,37,0.0,0.0,0.0,0.0,1.413,0.0
1784379653.3350463,0,0,6973,37,0.0,0.0,0.0,0.0,1.414,0.0
1784379653.3782382,0,0,6983,37,0.0,0.0,0.0,0.0,1.415,0.0
1784379653.4312937,0,0,6993,37,0.0,0.0,0.0,0.0,1.416,0.0
1784379653.4929526,0,0,7003,37,0.0,0.0,0.0,0.0,1.417,0.0
1784379653.540277,0,0,7013,37,0.0,0.0,0.0,0.0,1.418,0.0
1784379653.5955,0,0,7023,37,0.0,0.0,0.0,0.0,1.419,0.0
1784379653.6416984,0,0,7033,37,0.0,0.0,0.0,0.0,1.42,0.0
1784379653.6995144,0,0,7043,37,0.0,0.0,0.0,0.0,1.421,0.0
1784379653.7575643,0,0,7053,37,0.0,0.0,0.0,0.0,1.422,0.0
1784379653.8637254,0,0,7063,37,0.0,0.0,0.0,0.0,1.423,0.0
1784379653.9171126,0,0,7073,37,0.0,0.0,0.0,0.0,1.424,0.0
1784379654.0059872,0,0,7083,37,0.0,0.0,0.0,0.0,1.424,0.0
1784379654.140712,0,0,7093,37,0.0,0.0,0.0,0.0,1.425,0.0
1784379654.261066,0,0,7103,37,0.0,0.0,0.0,0.0,1.426,0.0
1784379654.3521135,0,0,7113,37,0.0,0.0,0.0,0.0,1.427,0.0
1784379654.4311845,0,0,7123,37,0.0,0.0,0.0,0.0,1.428,0.0
1784379654.4848022,0,0,7133,37,0.0,0.0,0.0,0.0,1.429,0.0
1784379654.5334692,0,0,7143,37,0.0,0.0,0.0,0.0,1.43,0.0
1784379654.5951486,0,0,7153,37,0.0,0.0,0.0,0.0,1.431,0.0
1784379654.6415007,0,0,7163,37,0.0,0.0,0.0,0.0,1.432,0.0
1784379654.720829,0,0,7173,37,0.0,0.0,0.0,0.0,1.432,0.0
1784379654.77792,0,0,7183,37,0.0,0.0,0.0,0.0,1.433,0.0
1784379654.8475192,0,0,7193,37,0.0,0.0,0.0,0.0,1.434,0.0
1784379654.9063702,0,0,7203,37,0.0,0.0,0.0,0.0,1.435,0.0
1784379654.9601765,0,0,7213,37,0.0,0.0,0.0,0.0,1.436,0.0
1784379655.0072403,0,0,7223,37,0.0,0.0,0.0,0.0,1.436,0.0
1784379655.173179,0,0,7233,37,0.0,0.0,0.0,0.0,1.437,0.0
1784379655.3543358,0,0,7243,37,0.0,0.0,0.0,0.0,1.438,0.0
1784379655.5180933,0,0,7253,37,0.0,0.0,0.0,0.0,1.439,0.0
1784379655.7858443,0,0,7263,37,0.0,0.0,0.0,0.0,1.44,0.0
1784379655.9016597,0,0,7273,37,0.0,0.0,0.0,0.0,1.44,0.0
1784379655.9824522,0,0,7283,37,0.0,0.0,0.0,0.0,1.441,0.0
1784379656.0981343,0,0,7293,37,0.0,0.0,0.0,0.0,1.442,0.0
1784379656.2136657,0,0,7303,37,0.0,0.0,0.0,0.0,1.443,0.0
1784379656.3065486,0,0,7313,37,0.0,0.0,0.0,0.0,1.444,0.0
1784379656.415861,0,0,7323,37,0.0,0.0,0.0,0.0,1.445,0.0
1784379656.5450788,0,0,7333,37,0.0,0.0,0.0,0.0,1.445,0.0
1784379656.6700993,0,0,7343,37,0.0,0.0,0.0,0.0,1.446,0.0
1784379656.7965703,0,0,7353,37,0.0,0.0,0.0,0.0,1.447,0.0
1784379656.8910444,0,0,7363,37,0.0,0.0,0.0,0.0,1.448,0.0
1784379656.9947731,0,0,7373,37,0.0,0.0,0.0,0.0,1.449,0.0
1784379657.0796914,0,0,7383,37,0.0,0.0,0.0,0.0,1.45,0.0
1784379657.1842098,0,0,7393,37,0.0,0.0,0.0,0.0,1.451,0.0
1784379657.293544,0,0,7403,37,0.0,0.0,0.0,0.0,1.452,0.0
1784379657.3816702,0,0,7413,37,0.0,0.0,0.0,0.0,1.453,0.0
1784379657.5102587,0,0,7423,37,0.0,0.0,0.0,0.0,1.453,0.0
1784379657.6380317,0,0,7433,37,0.0,0.0,0.0,0.0,1.454,0.0
1784379657.7225938,0,0,7443,37,0.0,0.0,0.0,0.0,1.455,0.0
1784379657.775862,0,0,7453,37,0.0,0.0,0.0,0.0,1.456,0.0
1784379657.8843386,0,0,7463,37,0.0,0.0,0.0,0.0,1.457,0.0
1784379657.947439,0,0,7473,37,0.0,0.0,0.0,0.0,1.458,0.0
1784379657.9951775,0,0,7483,37,0.0,0.0,0.0,0.0,1.459,0.0
1784379658.0640326,0,0,7493,37,0.0,0.0,0.0,0.0,1.459,0.0
1784379658.1049032,0,0,7503,37,0.0,0.0,0.0,0.0,1.46,0.0
1784379658.180099,0,0,7513,37,0.0,0.0,0.0,0.0,1.461,0.0
1784379658.2736976,0,0,7523,37,0.0,0.0,0.0,0.0,1.462,0.0
1784379658.335805,0,0,7533,37,0.0,0.0,0.0,0.0,1.463,0.0
1784379658.3871393,0,0,7543,37,0.0,0.0,0.0,0.0,1.464,0.0
1784379658.4506383,0,0,7553,37,0.0,0.0,0.0,0.0,1.464,0.0
1784379658.509527,0,0,7563,37,0.0,0.0,0.0,0.0,1.465,0.0
1784379658.5599635,0,0,7573,37,0.0,0.0,0.0,0.0,1.466,0.0
1784379658.6158464,0,0,7583,37,0.0,0.0,0.0,0.0,1.467,0.0
1784379658.6706078,0,0,7593,37,0.0,0.0,0.0,0.0,1.468,0.0
1784379658.7300982,0,0,7603,37,0.0,0.0,0.0,0.0,1.469,0.0
1784379658.7833068,0,0,7613,37,0.0,0.0,0.0,0.0,1.47,0.0
1784379658.8477318,0,0,7623,37,0.0,0.0,0.0,0.0,1.471,0.0
1784379658.899304,0,0,7633,37,0.0,0.0,0.0,0.0,1.472,0.0
1784379658.9510636,0,0,7643,37,0.0,0.0,0.0,0.0,1.473,0.0
1784379658.9943213,0,0,7653,37,0.0,0.0,0.0,0.0,1.474,0.0
1784379659.0945113,0,0,7663,37,0.0,0.0,0.0,0.0,1.475,0.0
1784379659.1765516,0,0,7673,37,0.0,0.0,0.0,0.0,1.476,0.0
1784379659.3068502,0,0,7683,37,0.0,0.0,0.0,0.0,1.477,0.0
1784379659.3870094,0,0,7693,37,0.0,0.0,0.0,0.0,1.478,0.0
1784379659.4586987,0,0,7703,37,0.0,0.0,0.0,0.0,1.479,0.0
1784379659.508468,0,0,7713,37,0.0,0.0,0.0,0.0,1.479,0.0
1784379659.5563586,0,0,7723,37,0.0,0.0,0.0,0.0,1.48,0.0
1784379659.6107283,0,0,7733,37,0.0,0.0,0.0,0.0,1.481,0.0
1784379659.6527362,0,0,7743,37,0.0,0.0,0.0,0.0,1.482,0.0
1784379659.6992884,0,0,7753,37,0.0,0.0,0.0,0.0,1.482,0.0
1784379659.8362682,0,0,7763,37,0.0,0.0,0.0,0.0,1.483,0.0
1784379659.9519222,0,0,7773,37,0.0,0.0,0.0,0.0,1.484,0.0
1784379660.05743,0,0,7783,37,0.0,0.0,0.0,0.0,1.485,0.0
1784379660.211495,0,0,7793,37,0.0,0.0,0.0,0.0,1.485,0.0
1784379660.3005924,0,0,7803,37,0.0,0.0,0.0,0.0,1.486,0.0
1784379660.4037185,0,0,7813,37,0.0,0.0,0.0,0.0,1.487,0.0
1784379660.5110722,0,0,7823,37,0.0,0.0,0.0,0.0,1.488,0.0
1784379660.6207495,0,0,7833,37,0.0,0.0,0.0,0.0,1.489,0.0
1784379660.7248962,0,0,7843,37,0.0,0.0,0.0,0.0,1.49,0.0
1784379660.860068,0,0,7853,37,0.0,0.0,0.0,0.0,1.49,0.0
1784379661.3118045,0,0,7863,37,0.0,0.0,0.0,0.0,1.491,0.0
1784379661.4015796,0,0,7873,37,0.0,0.0,0.0,0.0,1.492,0.0
1784379661.5466876,0,0,7883,37,0.0,0.0,0.0,0.0,1.493,0.0
1784379661.6488724,0,0,7893,37,0.0,0.0,0.0,0.0,1.494,0.0
1784379661.7524009,0,0,7903,37,0.0,0.0,0.0,0.0,1.495,0.0
1784379661.8336759,0,0,7913,37,0.0,0.0,0.0,0.0,1.496,0.0
1784379661.8815978,0,0,7923,37,0.0,0.0,0.0,0.0,1.496,0.0
1784379661.9311824,0,0,7933,37,0.0,0.0,0.0,0.0,1.497,0.0
1784379661.9808319,0,0,7943,37,0.0,0.0,0.0,0.0,1.498,0.0
1784379662.0222516,0,0,7953,37,0.0,0.0,0.0,0.0,1.499,0.0
1784379662.0648518,0,0,7963,37,0.0,0.0,0.0,0.0,1.5,0.0
1784379662.1156278,0,0,7973,37,0.0,0.0,0.0,0.0,1.501,0.0
1784379662.1815605,0,0,7983,37,0.0,0.0,0.0,0.0,1.502,0.0
1784379662.2248125,0,0,7993,37,0.0,0.0,0.0,0.0,1.503,0.0
1784379662.310433,0,0,8003,37,0.0,0.0,0.0,0.0,1.504,0.0
1784379662.371732,0,0,8013,37,0.0,0.0,0.0,0.0,1.505,0.0
1784379662.4145427,0,0,8023,37,0.0,0.0,0.0,0.0,1.506,0.0
1784379662.463838,0,0,8033,37,0.0,0.0,0.0,0.0,1.507,0.0
1784379662.5277889,0,0,8043,37,0.0,0.0,0.0,0.0,1.508,0.0
1784379662.5911927,0,0,8053,37,0.0,0.0,0.0,0.0,1.509,0.0
1784379662.6788485,0,0,8063,37,0.0,0.0,0.0,0.0,1.51,0.0
1784379662.7303007,0,0,8073,37,0.0,0.0,0.0,0.0,1.511,0.0
1784379662.7637897,0,0,8083,37,0.0,0.0,0.0,0.0,1.512,0.0
1784379662.8028178,0,0,8093,37,0.0,0.0,0.0,0.0,1.513,0.0
1784379662.8514686,0,0,8103,37,0.0,0.0,0.0,0.0,1.514,0.0
1784379662.9050357,0,0,8113,37,0.0,0.0,0.0,0.0,1.515,0.0
1784379662.9570425,0,0,8123,37,0.0,0.0,0.0,0.0,1.516,0.0
1784379662.992449,0,0,8133,37,0.0,0.0,0.0,0.0,1.517,0.0
1784379663.0240178,0,0,8143,37,0.0,0.0,0.0,0.0,1.518,0.0
1784379663.0704932,0,0,8153,37,0.0,0.0,0.0,0.0,1.519,0.0
1784379663.1231103,0,0,8163,37,0.0,0.0,0.0,0.0,1.52,0.0
1784379663.1707973,0,0,8173,37,0.0,0.0,0.0,0.0,1.521,0.0
1784379663.2440755,0,0,8183,37,0.0,0.0,0.0,0.0,1.522,0.0
1784379663.3357654,0,0,8193,37,0.0,0.0,0.0,0.0,1.523,0.0
1784379663.3855217,0,0,8203,37,0.0,0.0,0.0,0.0,1.524,0.0
1784379663.4550126,0,0,8213,37,0.0,0.0,0.0,0.0,1.524,0.0
1784379663.5197144,0,0,8223,37,0.0,0.0,0.0,0.0,1.525,0.0
1784379663.583663,0,0,8233,37,0.0,0.0,0.0,0.0,1.526,0.0
1784379663.6407971,0,0,8243,37,0.0,0.0,0.0,0.0,1.527,0.0
1784379663.6982088,0,0,8253,37,0.0,0.0,0.0,0.0,1.528,0.0
1784379663.8103154,0,0,8263,37,0.0,0.0,0.0,0.0,1.529,0.0
1784379663.9012902,0,0,8273,37,0.0,0.0,0.0,0.0,1.53,0.0
1784379664.023029,0,0,8283,37,0.0,0.0,0.0,0.0,1.531,0.0
1784379664.1626096,0,0,8293,37,0.0,0.0,0.0,0.0,1.532,0.0
1784379664.3417618,0,0,8303,37,0.0,0.0,0.0,0.0,1.533,0.0
1784379664.4793093,0,0,8313,37,0.0,0.0,0.0,0.0,1.534,0.0
1784379664.6105113,0,0,8323,37,0.0,0.0,0.0,0.0,1.535,0.0
1784379664.7704608,0,0,8333,37,0.0,0.0,0.0,0.0,1.536,0.0
1784379664.8773148,0,0,8343,37,0.0,0.0,0.0,0.0,1.537,0.0
1784379664.9577932,0,0,8353,37,0.0,0.0,0.0,0.0,1.538,0.0
1784379665.1038978,0,0,8363,37,0.0,0.0,0.0,0.0,1.539,0.0
1784379665.2042408,0,0,8373,37,0.0,0.0,0.0,0.0,1.54,0.0
1784379665.3183773,0,0,8383,37,0.0,0.0,0.0,0.0,1.541,0.0
1784379665.4606981,0,0,8393,37,0.0,0.0,0.0,0.0,1.542,0.0
1784379665.5688474,0,0,8403,37,0.0,0.0,0.0,0.0,1.544,0.0
1784379665.709853,0,0,8413,37,0.0,0.0,0.0,0.0,1.545,0.0
1784379665.8546379,0,0,8423,37,0.0,0.0,0.0,0.0,1.546,0.0
1784379666.0022047,0,0,8433,37,0.0,0.0,0.0,0.0,1.547,0.0
1784379666.0619893,0,0,8443,37,0.0,0.0,0.0,0.0,1.548,0.0
1784379666.1290631,0,0,8453,37,0.0,0.0,0.0,0.0,1.549,0.0
1784379666.2215407,0,0,8463,37,0.0,0.0,0.0,0.0,1.551,0.0
1784379666.2939746,0,0,8473,37,0.0,0.0,0.0,0.0,1.552,0.0
1784379666.3680987,0,0,8483,37,0.0,0.0,0.0,0.0,1.553,0.0
1784379666.435326,0,0,8493,37,0.0,0.0,0.0,0.0,1.554,0.0
1784379666.4869242,0,0,8503,37,0.0,0.0,0.0,0.0,1.555,0.0
1784379666.5430243,0,0,8513,37,0.0,0.0,0.0,0.0,1.556,0.0
1784379666.619788,0,0,8523,37,0.0,0.0,0.0,0.0,1.557,0.0
1784379666.6818368,0,0,8533,37,0.0,0.0,0.0,0.0,1.558,0.0
1784379666.7498877,0,0,8543,37,0.0,0.0,0.0,0.0,1.559,0.0
1784379666.7874968,0,0,8553,37,0.0,0.0,0.0,0.0,1.56,0.0
1784379666.8562074,0,0,8563,37,0.0,0.0,0.0,0.0,1.561,0.0
1784379666.9233239,0,0,8573,37,0.0,0.0,0.0,0.0,1.562,0.0
1784379666.993929,0,0,8583,37,0.0,0.0,0.0,0.0,1.563,0.0
1784379667.0430877,0,0,8593,37,0.0,0.0,0.0,0.0,1.563,0.0
1784379667.105973,0,0,8603,37,0.0,0.0,0.0,0.0,1.564,0.0
1784379667.149561,0,0,8613,37,0.0,0.0,0.0,0.0,1.565,0.0
1784379667.198949,0,0,8623,37,0.0,0.0,0.0,0.0,1.566,0.0
1784379667.2716534,0,0,8633,37,0.0,0.0,0.0,0.0,1.567,0.0
1784379667.3683066,0,0,8643,37,0.0,0.0,0.0,0.0,1.568,0.0
1784379667.4757395,0,0,8653,37,0.0,0.0,0.0,0.0,1.569,0.0
1784379667.6109865,0,0,8663,37,0.0,0.0,0.0,0.0,1.569,0.0
1784379667.6678746,0,0,8673,37,0.0,0.0,0.0,0.0,1.57,0.0
1784379667.717471,0,0,8683,37,0.0,0.0,0.0,0.0,1.571,0.0
1784379667.7701967,0,0,8693,37,0.0,0.0,0.0,0.0,1.572,0.0
1784379667.8494444,0,0,8703,37,0.0,0.0,0.0,0.0,1.573,0.0
1784379667.9133399,0,0,8713,37,0.0,0.0,0.0,0.0,1.573,0.0
1784379667.974584,0,0,8723,37,0.0,0.0,0.0,0.0,1.574,0.0
1784379668.0646918,0,0,8733,37,0.0,0.0,0.0,0.0,1.575,0.0
1784379668.2052317,0,0,8743,37,0.0,0.0,0.0,0.0,1.575,0.0
1784379668.341076,0,0,8753,37,0.0,0.0,0.0,0.0,1.576,0.0
1784379668.5292523,0,0,8763,37,0.0,0.0,0.0,0.0,1.577,0.0
1784379668.691417,0,0,8773,37,0.0,0.0,0.0,0.0,1.577,0.0
1784379668.810606,0,0,8783,37,0.0,0.0,0.0,0.0,1.578,0.0
1784379668.9926457,0,0,8793,37,0.0,0.0,0.0,0.0,1.579,0.0
1784379669.0988646,0,0,8803,37,0.0,0.0,0.0,0.0,1.579,0.0
1784379669.228438,0,0,8813,37,0.0,0.0,0.0,0.0,1.58,0.0
1784379669.343651,0,0,8823,37,0.0,0.0,0.0,0.0,1.58,0.0
1784379669.417146,0,0,8833,37,0.0,0.0,0.0,0.0,1.581,0.0
1784379669.5430074,0,0,8843,37,0.0,0.0,0.0,0.0,1.581,0.0
1784379669.6699312,0,0,8853,37,0.0,0.0,0.0,0.0,1.582,0.0
1784379670.142945,0,0,8863,37,0.0,0.0,0.0,0.0,1.582,0.0
1784379670.1969845,0,0,8873,37,0.0,0.0,0.0,0.0,1.583,0.0
1784379670.2638323,0,0,8883,37,0.0,0.0,0.0,0.0,1.583,0.0
1784379670.32566,0,0,8893,37,0.0,0.0,0.0,0.0,1.584,0.0
1784379670.3734994,0,0,8903,37,0.0,0.0,0.0,0.0,1.584,0.0
1784379670.4322205,0,0,8913,37,0.0,0.0,0.0,0.0,1.585,0.0
1784379670.4965308,0,0,8923,37,0.0,0.0,0.0,0.0,1.585,0.0
1784379670.5444539,0,0,8933,37,0.0,0.0,0.0,0.0,1.586,0.0
1784379670.607539,0,0,8943,37,0.0,0.0,0.0,0.0,1.586,0.0
1784379670.6601565,0,0,8953,37,0.0,0.0,0.0,0.0,1.587,0.0
1784379670.730631,0,0,8963,37,0.0,0.0,0.0,0.0,1.587,0.0
1784379670.7784712,0,0,8973,37,0.0,0.0,0.0,0.0,1.587,0.0
1784379670.8259063,0,0,8983,37,0.0,0.0,0.0,0.0,1.588,0.0
1784379670.9079845,0,0,8993,37,0.0,0.0,0.0,0.0,1.588,0.0
1784379670.9648259,0,0,9003,37,0.0,0.0,0.0,0.0,1.588,0.0
1784379671.017339,0,0,9013,37,0.0,0.0,0.0,0.0,1.589,0.0
1784379671.0637257,0,0,9023,37,0.0,0.0,0.0,0.0,1.589,0.0
1784379671.1081514,0,0,9033,37,0.0,0.0,0.0,0.0,1.59,0.0
1784379671.1780658,0,0,9043,37,0.0,0.0,0.0,0.0,1.59,0.0
1784379671.2351966,0,0,9053,37,0.0,0.0,0.0,0.0,1.591,0.0
1784379671.3689253,0,0,9063,37,0.0,0.0,0.0,0.0,1.591,0.0
1784379671.4245205,0,0,9073,37,0.0,0.0,0.0,0.0,1.592,0.0
1784379671.4909449,0,0,9083,37,0.0,0.0,0.0,0.0,1.592,0.0
1784379671.594045,0,0,9093,37,0.0,0.0,0.0,0.0,1.593,0.0
1784379671.711879,0,0,9103,37,0.0,0.0,0.0,0.0,1.593,0.0
1784379671.767102,0,0,9113,37,0.0,0.0,0.0,0.0,1.594,0.0
1784379671.8076055,0,0,9123,37,0.0,0.0,0.0,0.0,1.594,0.0
1784379671.8697429,0,0,9133,37,0.0,0.0,0.0,0.0,1.595,0.0
1784379671.917444,0,0,9143,37,0.0,0.0,0.0,0.0,1.595,0.0
1784379671.9795408,0,0,9153,37,0.0,0.0,0.0,0.0,1.596,0.0
1784379672.025305,0,0,9163,37,0.0,0.0,0.0,0.0,1.596,0.0
1784379672.0884376,0,0,9173,37,0.0,0.0,0.0,0.0,1.597,0.0
1784379672.1615145,0,0,9183,37,0.0,0.0,0.0,0.0,1.597,0.0
1784379672.2651737,0,0,9193,37,0.0,0.0,0.0,0.0,1.598,0.0
1784379672.3712394,0,0,9203,37,0.0,0.0,0.0,0.0,1.599,0.0
1784379672.5582187,0,0,9213,37,0.0,0.0,0.0,0.0,1.599,0.0
1784379672.744805,0,0,9223,37,0.0,0.0,0.0,0.0,1.6,0.0
1784379672.8778675,0,0,9233,37,0.0,0.0,0.0,0.0,1.6,0.0
1784379672.9864542,0,0,9243,37,0.0,0.0,0.0,0.0,1.601,0.0
1784379673.078006,0,0,9253,37,0.0,0.0,0.0,0.0,1.601,0.0
1784379673.6906717,0,0,9263,37,0.0,0.0,0.0,0.0,1.602,0.0
1784379673.7290823,0,0,9273,37,0.0,0.0,0.0,0.0,1.602,0.0
1784379673.7763097,0,0,9283,37,0.0,0.0,0.0,0.0,1.603,0.0
1784379673.8235137,0,0,9293,37,0.0,0.0,0.0,0.0,1.603,0.0
1784379673.8660948,0,0,9303,37,0.0,0.0,0.0,0.0,1.604,0.0
1784379673.9070506,0,0,9313,37,0.0,0.0,0.0,0.0,1.605,0.0
1784379673.93999,0,0,9323,37,0.0,0.0,0.0,0.0,1.605,0.0
1784379674.016678,0,0,9333,37,0.0,0.0,0.0,0.0,1.606,0.0
1784379674.0632675,0,0,9343,37,0.0,0.0,0.0,0.0,1.606,0.0
1784379674.1112103,0,0,9353,37,0.0,0.0,0.0,0.0,1.607,0.0
1784379674.1544976,0,0,9363,37,0.0,0.0,0.0,0.0,1.608,0.0
1784379674.185787,0,0,9373,37,0.0,0.0,0.0,0.0,1.608,0.0
1784379674.2191942,0,0,9383,37,0.0,0.0,0.0,0.0,1.609,0.0
1784379674.2675436,0,0,9393,37,0.0,0.0,0.0,0.0,1.61,0.0
1784379674.307191,0,0,9403,37,0.0,0.0,0.0,0.0,1.61,0.0
1784379674.3670616,0,0,9413,37,0.0,0.0,0.0,0.0,1.611,0.0
1784379674.424591,0,0,9423,37,0.0,0.0,0.0,0.0,1.612,0.0
1784379674.474985,0,0,9433,37,0.0,0.0,0.0,0.0,1.612,0.0
1784379674.5149763,0,0,9443,37,0.0,0.0,0.0,0.0,1.613,0.0
1784379674.6071687,0,0,9453,37,0.0,0.0,0.0,0.0,1.614,0.0
1784379674.7599034,0,0,9463,37,0.0,0.0,0.0,0.0,1.614,0.0
1784379674.803382,0,0,9473,37,0.0,0.0,0.0,0.0,1.615,0.0
1784379674.863116,0,0,9483,37,0.0,0.0,0.0,0.0,1.616,0.0
1784379674.9159527,0,0,9493,37,0.0,0.0,0.0,0.0,1.616,0.0
1784379674.9620495,0,0,9503,37,0.0,0.0,0.0,0.0,1.617,0.0
1784379675.016785,0,0,9513,37,0.0,0.0,0.0,0.0,1.618,0.0
1784379675.055844,0,0,9523,37,0.0,0.0,0.0,0.0,1.619,0.0
1784379675.104323,0,0,9533,37,0.0,0.0,0.0,0.0,1.619,0.0
1784379675.149779,0,0,9543,37,0.0,0.0,0.0,0.0,1.62,0.0
1784379675.2121358,0,0,9553,37,0.0,0.0,0.0,0.0,1.621,0.0
1784379675.2617407,0,0,9563,37,0.0,0.0,0.0,0.0,1.621,0.0
1784379675.325011,0,0,9573,37,0.0,0.0,0.0,0.0,1.622,0.0
1784379675.375533,0,0,9583,37,0.0,0.0,0.0,0.0,1.622,0.0
1784379675.4478512,0,0,9593,37,0.0,0.0,0.0,0.0,1.623,0.0
1784379675.4927018,0,0,9603,37,0.0,0.0,0.0,0.0,1.623,0.0
1784379675.5360975,0,0,9613,37,0.0,0.0,0.0,0.0,1.624,0.0
1784379675.6264517,0,0,9623,37,0.0,0.0,0.0,0.0,1.625,0.0
1784379675.7927887,0,0,9633,37,0.0,0.0,0.0,0.0,1.625,0.0
1784379675.9090438,0,0,9643,37,0.0,0.0,0.0,0.0,1.625,0.0
1784379676.0258656,0,0,9653,37,0.0,0.0,0.0,0.0,1.626,0.0
1784379676.5927527,0,0,9663,37,0.0,0.0,0.0,0.0,1.626,0.0
1784379676.6338723,0,0,9673,37,0.0,0.0,0.0,0.0,1.627,0.0
1784379676.7064598,0,0,9683,37,0.0,0.0,0.0,0.0,1.627,0.0
1784379676.7621164,0,0,9693,37,0.0,0.0,0.0,0.0,1.628,0.0
1784379676.8579335,0,0,9703,37,0.0,0.0,0.0,0.0,1.628,0.0
1784379676.9267955,0,0,9713,37,0.0,0.0,0.0,0.0,1.629,0.0
1784379676.9702528,0,0,9723,37,0.0,0.0,0.0,0.0,1.629,0.0
1784379677.0147939,0,0,9733,37,0.0,0.0,0.0,0.0,1.63,0.0
1784379677.0726533,0,0,9743,37,0.0,0.0,0.0,0.0,1.63,0.0
1784379677.1346002,0,0,9753,37,0.0,0.0,0.0,0.0,1.63,0.0
1784379677.1903107,0,0,9763,37,0.0,0.0,0.0,0.0,1.631,0.0
1784379677.234138,0,0,9773,37,0.0,0.0,0.0,0.0,1.631,0.0
1784379677.301042,0,0,9783,37,0.0,0.0,0.0,0.0,1.632,0.0
1784379677.341284,0,0,9793,37,0.0,0.0,0.0,0.0,1.632,0.0
1784379677.408812,0,0,9803,37,0.0,0.0,0.0,0.0,1.632,0.0
1784379677.4533243,0,0,9813,37,0.0,0.0,0.0,0.0,1.633,0.0
1784379677.499583,0,0,9823,37,0.0,0.0,0.0,0.0,1.633,0.0
1784379677.603732,0,0,9833,37,0.0,0.0,0.0,0.0,1.634,0.0
1784379677.6693435,0,0,9843,37,0.0,0.0,0.0,0.0,1.634,0.0
1784379677.7417614,0,0,9853,37,0.0,0.0,0.0,0.0,1.634,0.0
1784379677.806794,0,0,9863,37,0.0,0.0,0.0,0.0,1.635,0.0
1784379677.8585675,0,0,9873,37,0.0,0.0,0.0,0.0,1.635,0.0
1784379677.9021683,0,0,9883,37,0.0,0.0,0.0,0.0,1.635,0.0
1784379677.9441411,0,0,9893,37,0.0,0.0,0.0,0.0,1.636,0.0
1784379677.9964983,0,0,9903,37,0.0,0.0,0.0,0.0,1.636,0.0
1784379678.0406682,0,0,9913,37,0.0,0.0,0.0,0.0,1.636,0.0
1784379678.1021926,0,0,9923,37,0.0,0.0,0.0,0.0,1.637,0.0
1784379678.1472561,0,0,9933,37,0.0,0.0,0.0,0.0,1.637,0.0
1784379678.1918142,0,0,9943,37,0.0,0.0,0.0,0.0,1.637,0.0
1784379678.2420642,0,0,9953,37,0.0,0.0,0.0,0.0,1.637,0.0
1784379678.2977262,0,0,9963,37,0.0,0.0,0.0,0.0,1.638,0.0
1784379678.3542197,0,0,9973,37,0.0,0.0,0.0,0.0,1.638,0.0
1784379678.4023788,0,0,9983,37,0.0,0.0,0.0,0.0,1.638,0.0
1784379678.4346404,0,0,9993,37,0.0,0.0,0.0,0.0,1.638,0.0
1784379678.5088031,0,0,10003,37,0.0,0.0,0.0,0.0,1.638,0.0
1784379678.5824182,0,0,10013,37,0.0,0.0,0.0,0.0,1.638,0.0
1784379678.6896207,0,0,10023,37,0.0,0.0,0.0,0.0,1.639,0.0
1784379678.832851,0,0,10033,37,0.0,0.0,0.0,0.0,1.639,0.0
1784379678.9866574,0,0,10043,37,0.0,0.0,0.0,0.0,1.639,0.0
1784379679.0884235,0,0,10053,37,0.0,0.0,0.0,0.0,1.639,0.0
1784379679.4200766,0,0,10063,37,0.0,0.0,0.0,0.0,1.639,0.0
1784379679.5311916,0,0,10073,37,0.0,0.0,0.0,0.0,1.639,0.0
1784379679.6536562,0,0,10083,37,0.0,0.0,0.0,0.0,1.639,0.0
1784379679.7469594,0,0,10093,37,0.0,0.0,0.0,0.0,1.639,0.0
1784379679.808925,0,0,10103,37,0.0,0.0,0.0,0.0,1.639,0.0
1784379679.9192097,0,0,10113,37,0.0,0.0,0.0,0.0,1.639,0.0
1784379680.0563266,0,0,10123,37,0.0,0.0,0.0,0.0,1.639,0.0
1784379680.2105927,0,0,10133,37,0.0,0.0,0.0,0.0,1.639,0.0
1784379680.2802205,0,0,10143,37,0.0,0.0,0.0,0.0,1.639,0.0
1784379680.3191454,0,0,10153,37,0.0,0.0,0.0,0.0,1.639,0.0
1784379680.3654015,0,0,10163,37,0.0,0.0,0.0,0.0,1.639,0.0
1784379680.4209359,0,0,10173,37,0.0,0.0,0.0,0.0,1.639,0.0
1784379680.4673593,0,0,10183,37,0.0,0.0,0.0,0.0,1.639,0.0
1784379680.5336316,0,0,10193,37,0.0,0.0,0.0,0.0,1.639,0.0
1784379680.6010664,0,0,10203,37,0.0,0.0,0.0,0.0,1.639,0.0
1784379680.6534421,0,0,10213,37,0.0,0.0,0.0,0.0,1.639,0.0
1784379680.735874,0,0,10223,37,0.0,0.0,0.0,0.0,1.639,0.0
1784379680.8087487,0,0,10233,37,0.0,0.0,0.0,0.0,1.639,0.0
1784379680.8542752,0,0,10243,37,0.0,0.0,0.0,0.0,1.639,0.0
1784379680.920771,0,0,10253,37,0.0,0.0,0.0,0.0,1.639,0.0
1784379681.0300658,0,0,10263,37,0.0,0.0,0.0,0.0,1.638,0.0
1784379681.1107342,0,0,10273,37,0.0,0.0,0.0,0.0,1.638,0.0
1784379681.1706464,0,0,10283,37,0.0,0.0,0.0,0.0,1.638,0.0
1784379681.2268872,0,0,10293,37,0.0,0.0,0.0,0.0,1.638,0.0
1784379681.2863386,0,0,10303,37,0.0,0.0,0.0,0.0,1.638,0.0
1784379681.3255918,0,0,10313,37,0.0,0.0,0.0,0.0,1.638,0.0
1784379681.367201,0,0,10323,37,0.0,0.0,0.0,0.0,1.639,0.0
1784379681.41683,0,0,10333,37,0.0,0.0,0.0,0.0,1.639,0.0
1784379681.4526746,0,0,10343,37,0.0,0.0,0.0,0.0,1.639,0.0
1784379681.5060737,0,0,10353,37,0.0,0.0,0.0,0.0,1.64,0.0
1784379681.5497034,0,0,10363,37,0.0,0.0,0.0,0.0,1.64,0.0
1784379681.616865,0,0,10373,37,0.0,0.0,0.0,0.0,1.641,0.0
1784379681.7404797,0,0,10383,37,0.0,0.0,0.0,0.0,1.641,0.0
1784379681.815272,0,0,10393,37,0.0,0.0,0.0,0.0,1.642,0.0
1784379681.8772376,0,0,10403,37,0.0,0.0,0.0,0.0,1.642,0.0
1784379681.9350476,0,0,10413,37,0.0,0.0,0.0,0.0,1.643,0.0
1784379681.992159,0,0,10423,37,0.0,0.0,0.0,0.0,1.643,0.0
1784379682.0286696,0,0,10433,37,0.0,0.0,0.0,0.0,1.644,0.0
1784379682.0699534,0,0,10443,37,0.0,0.0,0.0,0.0,1.644,0.0
1784379682.13502,0,0,10453,37,0.0,0.0,0.0,0.0,1.645,0.0
1784379682.2675872,0,0,10463,37,0.0,0.0,0.0,0.0,1.645,0.0
1784379682.382262,0,0,10473,37,0.0,0.0,0.0,0.0,1.646,0.0
1784379682.509912,0,0,10483,37,0.0,0.0,0.0,0.0,1.646,0.0
1784379682.6098225,0,0,10493,37,0.0,0.0,0.0,0.0,1.647,0.0
1784379682.7289686,0,0,10503,37,0.0,0.0,0.0,0.0,1.647,0.0
1784379682.8202968,0,0,10513,37,0.0,0.0,0.0,0.0,1.648,0.0
1784379682.883632,0,0,10523,37,0.0,0.0,0.0,0.0,1.648,0.0
1784379682.997738,0,0,10533,37,0.0,0.0,0.0,0.0,1.649,0.0
1784379683.1225352,0,0,10543,37,0.0,0.0,0.0,0.0,1.65,0.0
1784379683.1928098,0,0,10553,37,0.0,0.0,0.0,0.0,1.65,0.0
1784379683.2981381,0,0,10563,37,0.0,0.0,0.0,0.0,1.651,0.0
1784379683.3936276,0,0,10573,37,0.0,0.0,0.0,0.0,1.651,0.0
1784379683.5251584,0,0,10583,37,0.0,0.0,0.0,0.0,1.652,0.0
1784379683.610674,0,0,10593,37,0.0,0.0,0.0,0.0,1.652,0.0
1784379683.7182395,0,0,10603,37,0.0,0.0,0.0,0.0,1.653,0.0
1784379683.797603,0,0,10613,37,0.0,0.0,0.0,0.0,1.653,0.0
1784379683.897267,0,0,10623,37,0.0,0.0,0.0,0.0,1.654,0.0
1784379684.0183222,0,0,10633,37,0.0,0.0,0.0,0.0,1.654,0.0
1784379684.1363385,0,0,10643,37,0.0,0.0,0.0,0.0,1.655,0.0
1784379684.2536263,0,0,10653,37,0.0,0.0,0.0,0.0,1.656,0.0
1784379684.3902633,0,0,10663,37,0.0,0.0,0.0,0.0,1.656,0.0
1784379684.4444466,0,0,10673,37,0.0,0.0,0.0,0.0,1.657,0.0
1784379684.4862652,0,0,10683,37,0.0,0.0,0.0,0.0,1.658,0.0
1784379684.5395987,0,0,10693,37,0.0,0.0,0.0,0.0,1.658,0.0
1784379684.5978196,0,0,10703,37,0.0,0.0,0.0,0.0,1.659,0.0
1784379684.6411803,0,0,10713,37,0.0,0.0,0.0,0.0,1.66,0.0
1784379684.6880057,0,0,10723,37,0.0,0.0,0.0,0.0,1.66,0.0
1784379684.7459664,0,0,10733,37,0.0,0.0,0.0,0.0,1.661,0.0
1784379684.8169942,0,0,10743,37,0.0,0.0,0.0,0.0,1.662,0.0
1784379684.873044,0,0,10753,37,0.0,0.0,0.0,0.0,1.662,0.0
1784379684.9254377,0,0,10763,37,0.0,0.0,0.0,0.0,1.663,0.0
1784379684.9673781,0,0,10773,37,0.0,0.0,0.0,0.0,1.664,0.0
1784379685.042437,0,0,10783,37,0.0,0.0,0.0,0.0,1.664,0.0
1784379685.1083174,0,0,10793,37,0.0,0.0,0.0,0.0,1.665,0.0
1784379685.1673021,0,0,10803,37,0.0,0.0,0.0,0.0,1.666,0.0
1784379685.2119315,0,0,10813,37,0.0,0.0,0.0,0.0,1.666,0.0
1784379685.271184,0,0,10823,37,0.0,0.0,0.0,0.0,1.667,0.0
1784379685.320854,0,0,10833,37,0.0,0.0,0.0,0.0,1.668,0.0
1784379685.381597,0,0,10843,37,0.0,0.0,0.0,0.0,1.668,0.0
1784379685.4291165,0,0,10853,37,0.0,0.0,0.0,0.0,1.669,0.0
1784379685.5472627,0,0,10863,37,0.0,0.0,0.0,0.0,1.67,0.0
1784379685.6097853,0,0,10873,37,0.0,0.0,0.0,0.0,1.67,0.0
1784379685.6523488,0,0,10883,37,0.0,0.0,0.0,0.0,1.671,0.0
1784379685.701366,0,0,10893,37,0.0,0.0,0.0,0.0,1.672,0.0
1784379685.7543225,0,0,10903,37,0.0,0.0,0.0,0.0,1.672,0.0
1784379685.8013268,0,0,10913,37,0.0,0.0,0.0,0.0,1.673,0.0
1784379685.920069,0,0,10923,37,0.0,0.0,0.0,0.0,1.673,0.0
1784379686.0004594,0,0,10933,37,0.0,0.0,0.0,0.0,1.674,0.0
1784379686.0757253,0,0,10943,37,0.0,0.0,0.0,0.0,1.675,0.0
1784379686.139996,0,0,10953,37,0.0,0.0,0.0,0.0,1.675,0.0
1784379686.1955743,0,0,10963,37,0.0,0.0,0.0,0.0,1.676,0.0
1784379686.2337587,0,0,10973,37,0.0,0.0,0.0,0.0,1.677,0.0
1784379686.2924497,0,0,10983,37,0.0,0.0,0.0,0.0,1.677,0.0
1784379686.372052,0,0,10993,37,0.0,0.0,0.0,0.0,1.678,0.0
1784379686.5105083,0,0,11003,37,0.0,0.0,0.0,0.0,1.679,0.0
1784379686.6454887,0,0,11013,37,0.0,0.0,0.0,0.0,1.679,0.0
1784379686.7923362,0,0,11023,37,0.0,0.0,0.0,0.0,1.68,0.0
1784379686.9990292,0,0,11033,37,0.0,0.0,0.0,0.0,1.681,0.0
1784379687.127583,0,0,11043,37,0.0,0.0,0.0,0.0,1.681,0.0
1784379687.2671206,0,0,11053,37,0.0,0.0,0.0,0.0,1.682,0.0
1784379687.7814832,0,0,11063,37,0.0,0.0,0.0,0.0,1.683,0.0
1784379687.9375222,0,0,11073,37,0.0,0.0,0.0,0.0,1.683,0.0
1784379687.982603,0,0,11083,37,0.0,0.0,0.0,0.0,1.684,0.0
1784379688.032908,0,0,11093,37,0.0,0.0,0.0,0.0,1.685,0.0
1784379688.0827198,0,0,11103,37,0.0,0.0,0.0,0.0,1.686,0.0
1784379688.1308465,0,0,11113,37,0.0,0.0,0.0,0.0,1.686,0.0
1784379688.1794562,0,0,11123,37,0.0,0.0,0.0,0.0,1.687,0.0
1784379688.2326434,0,0,11133,37,0.0,0.0,0.0,0.0,1.688,0.0
1784379688.2828302,0,0,11143,37,0.0,0.0,0.0,0.0,1.688,0.0
1784379688.3395612,0,0,11153,37,0.0,0.0,0.0,0.0,1.689,0.0
1784379688.381899,0,0,11163,37,0.0,0.0,0.0,0.0,1.69,0.0
1784379688.4532676,0,0,11173,37,0.0,0.0,0.0,0.0,1.69,0.0
1784379688.509074,0,0,11183,37,0.0,0.0,0.0,0.0,1.691,0.0
1784379688.5685608,0,0,11193,37,0.0,0.0,0.0,0.0,1.692,0.0
1784379688.6234043,0,0,11203,37,0.0,0.0,0.0,0.0,1.693,0.0
1784379688.6963537,0,0,11213,37,0.0,0.0,0.0,0.0,1.693,0.0
1784379688.7444806,0,0,11223,37,0.0,0.0,0.0,0.0,1.694,0.0
1784379688.8115067,0,0,11233,37,0.0,0.0,0.0,0.0,1.695,0.0
1784379688.9232743,0,0,11243,37,0.0,0.0,0.0,0.0,1.696,0.0
1784379688.9947813,0,0,11253,37,0.0,0.0,0.0,0.0,1.696,0.0
1784379689.119781,0,0,11263,37,0.0,0.0,0.0,0.0,1.697,0.0
1784379689.16687,0,0,11273,37,0.0,0.0,0.0,0.0,1.698,0.0
1784379689.2016785,0,0,11283,37,0.0,0.0,0.0,0.0,1.699,0.0
1784379689.2465436,0,0,11293,37,0.0,0.0,0.0,0.0,1.7,0.0
1784379689.2930074,0,0,11303,37,0.0,0.0,0.0,0.0,1.7,0.0
1784379689.360142,0,0,11313,37,0.0,0.0,0.0,0.0,1.701,0.0
1784379689.42282,0,0,11323,37,0.0,0.0,0.0,0.0,1.702,0.0
1784379689.5094638,0,0,11333,37,0.0,0.0,0.0,0.0,1.703,0.0
1784379689.5550983,0,0,11343,37,0.0,0.0,0.0,0.0,1.704,0.0
1784379689.631303,0,0,11353,37,0.0,0.0,0.0,0.0,1.705,0.0
1784379689.7015703,0,0,11363,37,0.0,0.0,0.0,0.0,1.705,0.0
1784379689.7672415,0,0,11373,37,0.0,0.0,0.0,0.0,1.706,0.0
1784379689.8339014,0,0,11383,37,0.0,0.0,0.0,0.0,1.707,0.0
1784379689.919528,0,0,11393,37,0.0,0.0,0.0,0.0,1.708,0.0
1784379690.197263,0,0,11403,37,0.0,0.0,0.0,0.0,1.708,0.0
1784379690.2844155,0,0,11413,37,0.0,0.0,0.0,0.0,1.709,0.0
1784379690.3832538,0,0,11423,37,0.0,0.0,0.0,0.0,1.71,0.0
1784379690.4869552,0,0,11433,37,0.0,0.0,0.0,0.0,1.711,0.0
1784379690.6132212,0,0,11443,37,0.0,0.0,0.0,0.0,1.711,0.0
1784379690.6788344,0,0,11453,37,0.0,0.0,0.0,0.0,1.712,0.0
1784379690.97322,0,0,11463,37,0.0,0.0,0.0,0.0,1.713,0.0
1784379691.0823686,0,0,11473,37,0.0,0.0,0.0,0.0,1.713,0.0
1784379691.2014496,0,0,11483,37,0.0,0.0,0.0,0.0,1.714,0.0
1784379691.2973301,0,0,11493,37,0.0,0.0,0.0,0.0,1.715,0.0
1784379691.400219,0,0,11503,37,0.0,0.0,0.0,0.0,1.715,0.0
1784379691.51399,0,0,11513,37,0.0,0.0,0.0,0.0,1.716,0.0
1784379691.6438806,0,0,11523,37,0.0,0.0,0.0,0.0,1.717,0.0
1784379691.7542262,0,0,11533,37,0.0,0.0,0.0,0.0,1.717,0.0
1784379691.8723905,0,0,11543,37,0.0,0.0,0.0,0.0,1.718,0.0
1784379691.9594586,0,0,11553,37,0.0,0.0,0.0,0.0,1.718,0.0
1784379692.063921,0,0,11563,37,0.0,0.0,0.0,0.0,1.719,0.0
1784379692.169121,0,0,11573,37,0.0,0.0,0.0,0.0,1.719,0.0
1784379692.251673,0,0,11583,37,0.0,0.0,0.0,0.0,1.719,0.0
1784379692.3487425,0,0,11593,37,0.0,0.0,0.0,0.0,1.719,0.0
1784379692.449145,0,0,11603,37,0.0,0.0,0.0,0.0,1.72,0.0
1784379692.5922365,0,0,11613,37,0.0,0.0,0.0,0.0,1.72,0.0
1784379692.7189784,0,0,11623,37,0.0,0.0,0.0,0.0,1.72,0.0
1784379692.8171139,0,0,11633,37,0.0,0.0,0.0,0.0,1.72,0.0
1784379692.8632402,0,0,11643,37,0.0,0.0,0.0,0.0,1.72,0.0
1784379692.921658,0,0,11653,37,0.0,0.0,0.0,0.0,1.72,0.0
1784379693.0287633,0,0,11663,37,0.0,0.0,0.0,0.0,1.72,0.0
1784379693.0845525,0,0,11673,37,0.0,0.0,0.0,0.0,1.721,0.0
1784379693.1354606,0,0,11683,37,0.0,0.0,0.0,0.0,1.721,0.0
1784379693.1849766,0,0,11693,37,0.0,0.0,0.0,0.0,1.721,0.0
1784379693.2376757,0,0,11703,37,0.0,0.0,0.0,0.0,1.721,0.0
1784379693.2918231,0,0,11713,37,0.0,0.0,0.0,0.0,1.721,0.0
1784379693.36411,0,0,11723,37,0.0,0.0,0.0,0.0,1.722,0.0
1784379693.4100797,0,0,11733,37,0.0,0.0,0.0,0.0,1.722,0.0
1784379693.4692574,0,0,11743,37,0.0,0.0,0.0,0.0,1.722,0.0
1784379693.5187788,0,0,11753,37,0.0,0.0,0.0,0.0,1.722,0.0
1784379693.5739875,0,0,11763,37,0.0,0.0,0.0,0.0,1.722,0.0
1784379693.6367757,0,0,11773,37,0.0,0.0,0.0,0.0,1.723,0.0
1784379693.685891,0,0,11783,37,0.0,0.0,0.0,0.0,1.723,0.0
1784379693.740534,0,0,11793,37,0.0,0.0,0.0,0.0,1.723,0.0
1784379693.795117,0,0,11803,37,0.0,0.0,0.0,0.0,1.723,0.0
1784379693.8409336,0,0,11813,37,0.0,0.0,0.0,0.0,1.724,0.0
1784379693.8932054,0,0,11823,37,0.0,0.0,0.0,0.0,1.724,0.0
1784379693.9691494,0,0,11833,37,0.0,0.0,0.0,0.0,1.724,0.0
1784379694.0905771,0,0,11843,37,0.0,0.0,0.0,0.0,1.724,0.0
1784379694.218597,0,0,11853,37,0.0,0.0,0.0,0.0,1.725,0.0
1784379694.378938,0,0,11863,37,0.0,0.0,0.0,0.0,1.725,0.0
1784379694.4377022,0,0,11873,37,0.0,0.0,0.0,0.0,1.725,0.0
1784379694.5076816,0,0,11883,37,0.0,0.0,0.0,0.0,1.726,0.0
1784379694.5509293,0,0,11893,37,0.0,0.0,0.0,0.0,1.726,0.0
1784379694.6103096,0,0,11903,37,0.0,0.0,0.0,0.0,1.726,0.0
1784379694.661788,0,0,11913,37,0.0,0.0,0.0,0.0,1.727,0.0
1784379694.7029524,0,0,11923,37,0.0,0.0,0.0,0.0,1.727,0.0
1784379694.7563355,0,0,11933,37,0.0,0.0,0.0,0.0,1.727,0.0
1784379694.8333204,0,0,11943,37,0.0,0.0,0.0,0.0,1.728,0.0
1784379694.9874334,0,0,11953,37,0.0,0.0,0.0,0.0,1.728,0.0
1784379695.1749198,0,0,11963,37,0.0,0.0,0.0,0.0,1.728,0.0
1784379695.3234193,0,0,11973,37,0.0,0.0,0.0,0.0,1.729,0.0
1784379695.4537022,0,0,11983,37,0.0,0.0,0.0,0.0,1.729,0.0
1784379695.5580745,0,0,11993,37,0.0,0.0,0.0,0.0,1.73,0.0
1784379695.6790915,0,0,12003,37,0.0,0.0,0.0,0.0,1.73,0.0
1784379695.8156824,0,0,12013,37,0.0,0.0,0.0,0.0,1.73,0.0
1784379695.8958995,0,0,12023,37,0.0,0.0,0.0,0.0,1.731,0.0
1784379695.9442883,0,0,12033,37,0.0,0.0,0.0,0.0,1.731,0.0
1784379696.0012648,0,0,12043,37,0.0,0.0,0.0,0.0,1.732,0.0
1784379696.0372927,0,0,12053,37,0.0,0.0,0.0,0.0,1.732,0.0
1784379696.1534123,0,0,12063,37,0.0,0.0,0.0,0.0,1.732,0.0
1784379696.2258162,0,0,12073,37,0.0,0.0,0.0,0.0,1.733,0.0
1784379696.26294,0,0,12083,37,0.0,0.0,0.0,0.0,1.733,0.0
1784379696.312897,0,0,12093,37,0.0,0.0,0.0,0.0,1.734,0.0
1784379696.365575,0,0,12103,37,0.0,0.0,0.0,0.0,1.734,0.0
1784379696.4120016,0,0,12113,37,0.0,0.0,0.0,0.0,1.734,0.0
1784379696.4666505,0,0,12123,37,0.0,0.0,0.0,0.0,1.735,0.0
1784379696.52596,0,0,12133,37,0.0,0.0,0.0,0.0,1.735,0.0
1784379696.5817437,0,0,12143,37,0.0,0.0,0.0,0.0,1.735,0.0
1784379696.633988,0,0,12153,37,0.0,0.0,0.0,0.0,1.736,0.0
1784379696.6957395,0,0,12163,37,0.0,0.0,0.0,0.0,1.736,0.0
1784379696.7539005,0,0,12173,37,0.0,0.0,0.0,0.0,1.737,0.0
1784379696.805762,0,0,12183,37,0.0,0.0,0.0,0.0,1.737,0.0
1784379696.8565037,0,0,12193,37,0.0,0.0,0.0,0.0,1.737,0.0
1784379696.9068,0,0,12203,37,0.0,0.0,0.0,0.0,1.738,0.0
1784379696.9796216,0,0,12213,37,0.0,0.0,0.0,0.0,1.738,0.0
1784379697.0872998,0,0,12223,37,0.0,0.0,0.0,0.0,1.738,0.0
1784379697.1412003,0,0,12233,37,0.0,0.0,0.0,0.0,1.739,0.0
1784379697.1869369,0,0,12243,37,0.0,0.0,0.0,0.0,1.739,0.0
1784379697.2367826,0,0,12253,37,0.0,0.0,0.0,0.0,1.739,0.0
1784379697.3738706,0,0,12263,37,0.0,0.0,0.0,0.0,1.74,0.0
1784379697.4326782,0,0,12273,37,0.0,0.0,0.0,0.0,1.74,0.0
1784379697.489211,0,0,12283,37,0.0,0.0,0.0,0.0,1.741,0.0
1784379697.565247,0,0,12293,37,0.0,0.0,0.0,0.0,1.741,0.0
1784379697.6118376,0,0,12303,37,0.0,0.0,0.0,0.0,1.741,0.0
1784379697.6666734,0,0,12313,37,0.0,0.0,0.0,0.0,1.742,0.0
1784379697.710201,0,0,12323,37,0.0,0.0,0.0,0.0,1.742,0.0
1784379697.7696476,0,0,12333,37,0.0,0.0,0.0,0.0,1.742,0.0
1784379697.8471847,0,0,12343,37,0.0,0.0,0.0,0.0,1.743,0.0
1784379697.91569,0,0,12353,37,0.0,0.0,0.0,0.0,1.743,0.0
1784379698.0596151,0,0,12363,37,0.0,0.0,0.0,0.0,1.743,0.0
1784379698.1610055,0,0,12373,37,0.0,0.0,0.0,0.0,1.744,0.0
1784379698.2609704,0,0,12383,37,0.0,0.0,0.0,0.0,1.744,0.0
1784379698.327122,0,0,12393,37,0.0,0.0,0.0,0.0,1.744,0.0
1784379698.3788095,0,0,12403,37,0.0,0.0,0.0,0.0,1.745,0.0
1784379698.424157,0,0,12413,37,0.0,0.0,0.0,0.0,1.745,0.0
1784379698.4856505,0,0,12423,37,0.0,0.0,0.0,0.0,1.746,0.0
1784379698.558619,0,0,12433,37,0.0,0.0,0.0,0.0,1.746,0.0
1784379698.611105,0,0,12443,37,0.0,0.0,0.0,0.0,1.746,0.0
1784379698.6565168,0,0,12453,37,0.0,0.0,0.0,0.0,1.747,0.0
1784379698.7425706,0,0,12463,37,0.0,0.0,0.0,0.0,1.747,0.0
1784379698.7903473,0,0,12473,37,0.0,0.0,0.0,0.0,1.747,0.0
1784379698.8572242,0,0,12483,37,0.0,0.0,0.0,0.0,1.748,0.0
1784379698.9039068,0,0,12493,37,0.0,0.0,0.0,0.0,1.748,0.0
1784379698.953064,0,0,12503,37,0.0,0.0,0.0,0.0,1.748,0.0
1784379699.030471,0,0,12513,37,0.0,0.0,0.0,0.0,1.749,0.0
1784379699.09319,0,0,12523,37,0.0,0.0,0.0,0.0,1.749,0.0
1784379699.159935,0,0,12533,37,0.0,0.0,0.0,0.0,1.749,0.0
1784379699.2114313,0,0,12543,37,0.0,0.0,0.0,0.0,1.75,0.0
1784379699.266418,0,0,12553,37,0.0,0.0,0.0,0.0,1.75,0.0
1784379699.3212914,0,0,12563,37,0.0,0.0,0.0,0.0,1.751,0.0
1784379699.3986256,0,0,12573,37,0.0,0.0,0.0,0.0,1.751,0.0
1784379699.4798005,0,0,12583,37,0.0,0.0,0.0,0.0,1.751,0.0
1784379699.543159,0,0,12593,37,0.0,0.0,0.0,0.0,1.752,0.0
1784379699.5979009,0,0,12603,37,0.0,0.0,0.0,0.0,1.752,0.0
1784379699.6597373,0,0,12613,37,0.0,0.0,0.0,0.0,1.752,0.0
1784379699.7111187,0,0,12623,37,0.0,0.0,0.0,0.0,1.753,0.0
1784379699.7866158,0,0,12633,37,0.0,0.0,0.0,0.0,1.753,0.0
1784379699.8515344,0,0,12643,37,0.0,0.0,0.0,0.0,1.753,0.0
1784379699.912366,0,0,12653,37,0.0,0.0,0.0,0.0,1.754,0.0
1784379700.037144,0,0,12663,37,0.0,0.0,0.0,0.0,1.754,0.0
1784379700.09115,0,0,12673,37,0.0,0.0,0.0,0.0,1.755,0.0
1784379700.1739419,0,0,12683,37,0.0,0.0,0.0,0.0,1.755,0.0
1784379700.2631245,0,0,12693,37,0.0,0.0,0.0,0.0,1.755,0.0
1784379700.3799663,0,0,12703,37,0.0,0.0,0.0,0.0,1.756,0.0
1784379700.5114992,0,0,12713,37,0.0,0.0,0.0,0.0,1.756,0.0
1784379700.5734274,0,0,12723,37,0.0,0.0,0.0,0.0,1.756,0.0
1784379700.6401002,0,0,12733,37,0.0,0.0,0.0,0.0,1.757,0.0
1784379700.6940958,0,0,12743,37,0.0,0.0,0.0,0.0,1.757,0.0
1784379700.7630692,0,0,12753,37,0.0,0.0,0.0,0.0,1.758,0.0
1784379700.832001,0,0,12763,37,0.0,0.0,0.0,0.0,1.758,0.0
1784379700.9060955,0,0,12773,37,0.0,0.0,0.0,0.0,1.759,0.0
1784379700.948476,0,0,12783,37,0.0,0.0,0.0,0.0,1.759,0.0
1784379701.013989,0,0,12793,37,0.0,0.0,0.0,0.0,1.759,0.0
1784379701.0595388,0,0,12803,37,0.0,0.0,0.0,0.0,1.76,0.0
1784379701.1262603,0,0,12813,37,0.0,0.0,0.0,0.0,1.76,0.0
1784379701.188766,0,0,12823,37,0.0,0.0,0.0,0.0,1.76,0.0
1784379701.2518666,0,0,12833,37,0.0,0.0,0.0,0.0,1.761,0.0
1784379701.2988915,0,0,12843,37,0.0,0.0,0.0,0.0,1.761,0.0
1784379701.3660758,0,0,12853,37,0.0,0.0,0.0,0.0,1.761,0.0
1784379701.4419324,0,0,12863,37,0.0,0.0,0.0,0.0,1.762,0.0
1784379701.5024827,0,0,12873,37,0.0,0.0,0.0,0.0,1.762,0.0
1784379701.5554216,0,0,12883,37,0.0,0.0,0.0,0.0,1.762,0.0
1784379701.6226854,0,0,12893,37,0.0,0.0,0.0,0.0,1.762,0.0
1784379701.654948,0,0,12903,37,0.0,0.0,0.0,0.0,1.763,0.0
1784379701.7109177,0,0,12913,37,0.0,0.0,0.0,0.0,1.763,0.0
1784379701.759282,0,0,12923,37,0.0,0.0,0.0,0.0,1.763,0.0
1784379701.796623,0,0,12933,37,0.0,0.0,0.0,0.0,1.763,0.0
1784379701.8445122,0,0,12943,37,0.0,0.0,0.0,0.0,1.764,0.0
1784379701.9004252,0,0,12953,37,0.0,0.0,0.0,0.0,1.764,0.0
1784379701.9633527,0,0,12963,37,0.0,0.0,0.0,0.0,1.764,0.0
1784379702.051331,0,0,12973,37,0.0,0.0,0.0,0.0,1.765,0.0
1784379702.1075077,0,0,12983,37,0.0,0.0,0.0,0.0,1.765,0.0
1784379702.1551726,0,0,12993,37,0.0,0.0,0.0,0.0,1.766,0.0
1784379702.2559,0,0,13003,37,0.0,0.0,0.0,0.0,1.766,0.0
1784379702.364362,0,0,13013,37,0.0,0.0,0.0,0.0,1.766,0.0
1784379702.419854,0,0,13023,37,0.0,0.0,0.0,0.0,1.767,0.0
1784379702.473327,0,0,13033,37,0.0,0.0,0.0,0.0,1.767,0.0
1784379702.5337682,0,0,13043,37,0.0,0.0,0.0,0.0,1.768,0.0
1784379702.6762316,0,0,13053,37,0.0,0.0,0.0,0.0,1.768,0.0
1784379702.959007,0,0,13063,37,0.0,0.0,0.0,0.0,1.768,0.0
1784379703.0157707,0,0,13073,37,0.0,0.0,0.0,0.0,1.769,0.0
1784379703.0792658,0,0,13083,37,0.0,0.0,0.0,0.0,1.769,0.0
1784379703.140979,0,0,13093,37,0.0,0.0,0.0,0.0,1.769,0.0
1784379703.2130291,0,0,13103,37,0.0,0.0,0.0,0.0,1.77,0.0
1784379703.2802713,0,0,13113,37,0.0,0.0,0.0,0.0,1.77,0.0
1784379703.3541868,0,0,13123,37,0.0,0.0,0.0,0.0,1.77,0.0
1784379703.4213028,0,0,13133,37,0.0,0.0,0.0,0.0,1.771,0.0
1784379703.4764323,0,0,13143,37,0.0,0.0,0.0,0.0,1.771,0.0
1784379703.5357351,0,0,13153,37,0.0,0.0,0.0,0.0,1.771,0.0
1784379703.6022646,0,0,13163,37,0.0,0.0,0.0,0.0,1.772,0.0
1784379703.6632655,0,0,13173,37,0.0,0.0,0.0,0.0,1.772,0.0
1784379703.7237566,0,0,13183,37,0.0,0.0,0.0,0.0,1.772,0.0
1784379703.7753978,0,0,13193,37,0.0,0.0,0.0,0.0,1.772,0.0
1784379703.8299463,0,0,13203,37,0.0,0.0,0.0,0.0,1.773,0.0
1784379703.9020364,0,0,13213,37,0.0,0.0,0.0,0.0,1.773,0.0
1784379703.9588938,0,0,13223,37,0.0,0.0,0.0,0.0,1.773,0.0
1784379704.0144935,0,0,13233,37,0.0,0.0,0.0,0.0,1.774,0.0
1784379704.0828018,0,0,13243,37,0.0,0.0,0.0,0.0,1.774,0.0
1784379704.158519,0,0,13253,37,0.0,0.0,0.0,0.0,1.774,0.0
1784379704.2879956,0,0,13263,37,0.0,0.0,0.0,0.0,1.775,0.0
1784379704.3677704,0,0,13273,37,0.0,0.0,0.0,0.0,1.775,0.0
1784379704.444794,0,0,13283,37,0.0,0.0,0.0,0.0,1.775,0.0
1784379704.5117552,0,0,13293,37,0.0,0.0,0.0,0.0,1.775,0.0
1784379704.5720556,0,0,13303,37,0.0,0.0,0.0,0.0,1.775,0.0
1784379704.6399136,0,0,13313,37,0.0,0.0,0.0,0.0,1.776,0.0
1784379704.6905723,0,0,13323,37,0.0,0.0,0.0,0.0,1.776,0.0
1784379704.7696586,0,0,13333,37,0.0,0.0,0.0,0.0,1.776,0.0
1784379704.8465717,0,0,13343,37,0.0,0.0,0.0,0.0,1.776,0.0
1784379704.923849,0,0,13353,37,0.0,0.0,0.0,0.0,1.777,0.0
1784379705.0898015,0,0,13363,37,0.0,0.0,0.0,0.0,1.777,0.0
1784379705.2109652,0,0,13373,37,0.0,0.0,0.0,0.0,1.777,0.0
1784379705.4180586,0,0,13383,37,0.0,0.0,0.0,0.0,1.777,0.0
1784379705.584886,0,0,13393,37,0.0,0.0,0.0,0.0,1.777,0.0
1784379705.7054086,0,0,13403,37,0.0,0.0,0.0,0.0,1.778,0.0
1784379705.7880747,0,0,13413,37,0.0,0.0,0.0,0.0,1.778,0.0
1784379705.8760417,0,0,13423,37,0.0,0.0,0.0,0.0,1.778,0.0
1784379706.000729,0,0,13433,37,0.0,0.0,0.0,0.0,1.778,0.0
1784379706.083241,0,0,13443,37,0.0,0.0,0.0,0.0,1.778,0.0
1784379706.1676495,0,0,13453,37,0.0,0.0,0.0,0.0,1.778,0.0
1784379706.405882,0,0,13463,37,0.0,0.0,0.0,0.0,1.778,0.0
1784379706.496462,0,0,13473,37,0.0,0.0,0.0,0.0,1.778,0.0
1784379706.561561,0,0,13483,37,0.0,0.0,0.0,0.0,1.778,0.0
1784379706.6169581,0,0,13493,37,0.0,0.0,0.0,0.0,1.778,0.0
1784379706.6654546,0,0,13503,37,0.0,0.0,0.0,0.0,1.778,0.0
1784379706.7419755,0,0,13513,37,0.0,0.0,0.0,0.0,1.778,0.0
1784379706.786652,0,0,13523,37,0.0,0.0,0.0,0.0,1.779,0.0
1784379706.8596754,0,0,13533,37,0.0,0.0,0.0,0.0,1.779,0.0
1784379706.9310522,0,0,13543,37,0.0,0.0,0.0,0.0,1.779,0.0
1784379707.0018172,0,0,13553,37,0.0,0.0,0.0,0.0,1.779,0.0
1784379707.0571249,0,0,13563,37,0.0,0.0,0.0,0.0,1.779,0.0
1784379707.1183326,0,0,13573,37,0.0,0.0,0.0,0.0,1.779,0.0
1784379707.1817605,0,0,13583,37,0.0,0.0,0.0,0.0,1.779,0.0
1784379707.2407265,0,0,13593,37,0.0,0.0,0.0,0.0,1.779,0.0
1784379707.2997398,0,0,13603,37,0.0,0.0,0.0,0.0,1.779,0.0
1784379707.378031,0,0,13613,37,0.0,0.0,0.0,0.0,1.779,0.0
1784379707.4499185,0,0,13623,37,0.0,0.0,0.0,0.0,1.779,0.0
1784379707.5060828,0,0,13633,37,0.0,0.0,0.0,0.0,1.779,0.0
1784379707.561288,0,0,13643,37,0.0,0.0,0.0,0.0,1.779,0.0
1784379707.6386743,0,0,13653,37,0.0,0.0,0.0,0.0,1.779,0.0
1784379707.7385254,0,0,13663,37,0.0,0.0,0.0,0.0,1.779,0.0
1784379707.7907038,0,0,13673,37,0.0,0.0,0.0,0.0,1.779,0.0
1784379707.8563886,0,0,13683,37,0.0,0.0,0.0,0.0,1.779,0.0
1784379707.9192812,0,0,13693,37,0.0,0.0,0.0,0.0,1.779,0.0
1784379707.9609997,0,0,13703,37,0.0,0.0,0.0,0.0,1.779,0.0
1784379708.0053148,0,0,13713,37,0.0,0.0,0.0,0.0,1.779,0.0
1784379708.0791166,0,0,13723,37,0.0,0.0,0.0,0.0,1.779,0.0
1784379708.1380537,0,0,13733,37,0.0,0.0,0.0,0.0,1.779,0.0
1784379708.1996057,0,0,13743,37,0.0,0.0,0.0,0.0,1.78,0.0
1784379708.2529285,0,0,13753,37,0.0,0.0,0.0,0.0,1.78,0.0
1784379708.3421948,0,0,13763,37,0.0,0.0,0.0,0.0,1.78,0.0
1784379708.521461,0,0,13773,37,0.0,0.0,0.0,0.0,1.78,0.0
1784379708.6740344,0,0,13783,37,0.0,0.0,0.0,0.0,1.78,0.0
1784379708.74017,0,0,13793,37,0.0,0.0,0.0,0.0,1.78,0.0
1784379708.792993,0,0,13803,37,0.0,0.0,0.0,0.0,1.78,0.0
1784379708.832484,0,0,13813,37,0.0,0.0,0.0,0.0,1.78,0.0
1784379708.9017327,0,0,13823,37,0.0,0.0,0.0,0.0,1.78,0.0
1784379708.9403389,0,0,13833,37,0.0,0.0,0.0,0.0,1.78,0.0
1784379708.9972029,0,0,13843,37,0.0,0.0,0.0,0.0,1.78,0.0
1784379709.0596488,0,0,13853,37,0.0,0.0,0.0,0.0,1.78,0.0
1784379709.1760225,0,0,13863,37,0.0,0.0,0.0,0.0,1.78,0.0
1784379709.2191842,0,0,13873,37,0.0,0.0,0.0,0.0,1.781,0.0
1784379709.2662802,0,0,13883,37,0.0,0.0,0.0,0.0,1.781,0.0
1784379709.3559248,0,0,13893,37,0.0,0.0,0.0,0.0,1.781,0.0
1784379709.4254487,0,0,13903,37,0.0,0.0,0.0,0.0,1.781,0.0
1784379709.4850738,0,0,13913,37,0.0,0.0,0.0,0.0,1.781,0.0
1784379709.5460067,0,0,13923,37,0.0,0.0,0.0,0.0,1.781,0.0
1784379709.6116195,0,0,13933,37,0.0,0.0,0.0,0.0,1.781,0.0
1784379709.672539,0,0,13943,37,0.0,0.0,0.0,0.0,1.781,0.0
1784379709.747752,0,0,13953,37,0.0,0.0,0.0,0.0,1.781,0.0
1784379709.8119013,0,0,13963,37,0.0,0.0,0.0,0.0,1.782,0.0
1784379709.867848,0,0,13973,37,0.0,0.0,0.0,0.0,1.782,0.0
1784379709.9288774,0,0,13983,37,0.0,0.0,0.0,0.0,1.782,0.0
1784379709.9877968,0,0,13993,37,0.0,0.0,0.0,0.0,1.782,0.0
1784379710.04783,0,0,14003,37,0.0,0.0,0.0,0.0,1.782,0.0
1784379710.1097083,0,0,14013,37,0.0,0.0,0.0,0.0,1.782,0.0
1784379710.1589172,0,0,14023,37,0.0,0.0,0.0,0.0,1.782,0.0
1784379710.2240975,0,0,14033,37,0.0,0.0,0.0,0.0,1.783,0.0
1784379710.294519,0,0,14043,37,0.0,0.0,0.0,0.0,1.783,0.0
1784379746.4218476,0,0,14053,37,0.0,0.0,0.0,0.0,1.783,0.0
1784379746.69464,0,0,14063,37,0.0,0.0,0.0,0.0,1.783,0.0
1784379746.750724,0,0,14073,37,0.0,0.0,0.0,0.0,1.783,0.0
1784379746.8043432,0,0,14083,37,0.0,0.0,0.0,0.0,1.783,0.0
1784379746.8814292,0,0,14093,37,0.0,0.0,0.0,0.0,1.783,0.0
1784379746.9401872,0,0,14103,37,0.0,0.0,0.0,0.0,1.784,0.0
1784379746.994721,0,0,14113,37,0.0,0.0,0.0,0.0,1.784,0.0
1784379747.0636187,0,0,14123,37,0.0,0.0,0.0,0.0,1.784,0.0
1784379747.1322677,0,0,14133,37,0.0,0.0,0.0,0.0,1.784,0.0
1784379747.195065,0,0,14143,37,0.0,0.0,0.0,0.0,1.784,0.0
1784379747.2722263,0,0,14153,37,0.0,0.0,0.0,0.0,1.785,0.0
1784379747.3409421,0,0,14163,37,0.0,0.0,0.0,0.0,1.785,0.0
1784379747.4485865,0,0,14173,37,0.0,0.0,0.0,0.0,1.785,0.0
1784379747.5057943,0,0,14183,37,0.0,0.0,0.0,0.0,1.785,0.0
1784379747.558275,0,0,14193,37,0.0,0.0,0.0,0.0,1.786,0.0
1784379747.6208463,0,0,14203,37,0.0,0.0,0.0,0.0,1.786,0.0
1784379747.6681657,0,0,14213,37,0.0,0.0,0.0,0.0,1.786,0.0
1784379747.729756,0,0,14223,37,0.0,0.0,0.0,0.0,1.786,0.0
1784379747.785416,0,0,14233,37,0.0,0.0,0.0,0.0,1.787,0.0
1784379747.8360784,0,0,14243,37,0.0,0.0,0.0,0.0,1.787,0.0
1784379747.9013295,0,0,14253,37,0.0,0.0,0.0,0.0,1.787,0.0
1784379748.1391675,0,0,14263,37,0.0,0.0,0.0,0.0,1.787,0.0
1784379748.1910992,0,0,14273,37,0.0,0.0,0.0,0.0,1.788,0.0
1784379748.2601066,0,0,14283,37,0.0,0.0,0.0,0.0,1.788,0.0
1784379748.3083737,0,0,14293,37,0.0,0.0,0.0,0.0,1.788,0.0
1784379748.3688352,0,0,14303,37,0.0,0.0,0.0,0.0,1.789,0.0
1784379748.4327598,0,0,14313,37,0.0,0.0,0.0,0.0,1.789,0.0
1784379748.501264,0,0,14323,37,0.0,0.0,0.0,0.0,1.789,0.0
1784379748.5490396,0,0,14333,37,0.0,0.0,0.0,0.0,1.79,0.0
1784379748.6035903,0,0,14343,37,0.0,0.0,0.0,0.0,1.79,0.0
1784379748.669387,0,0,14353,37,0.0,0.0,0.0,0.0,1.79,0.0
1784379748.7745583,0,0,14363,37,0.0,0.0,0.0,0.0,1.791,0.0
1784379748.8962824,0,0,14373,37,0.0,0.0,0.0,0.0,1.791,0.0
1784379749.007638,0,0,14383,37,0.0,0.0,0.0,0.0,1.791,0.0
1784379749.0900793,0,0,14393,37,0.0,0.0,0.0,0.0,1.792,0.0
1784379749.145089,0,0,14403,37,0.0,0.0,0.0,0.0,1.792,0.0
1784379749.204726,0,0,14413,37,0.0,0.0,0.0,0.0,1.792,0.0
1784379749.2567847,0,0,14423,37,0.0,0.0,0.0,0.0,1.792,0.0
1784379749.3215759,0,0,14433,37,0.0,0.0,0.0,0.0,1.793,0.0
1784379749.3864353,0,0,14443,37,0.0,0.0,0.0,0.0,1.793,0.0
1784379749.4459312,0,0,14453,37,0.0,0.0,0.0,0.0,1.793,0.0
1784379749.5987833,0,0,14463,37,0.0,0.0,0.0,0.0,1.794,0.0
1784379749.652909,0,0,14473,37,0.0,0.0,0.0,0.0,1.794,0.0
1784379749.6873775,0,0,14483,37,0.0,0.0,0.0,0.0,1.794,0.0
1784379749.735597,0,0,14493,37,0.0,0.0,0.0,0.0,1.794,0.0
1784379749.8077674,0,0,14503,37,0.0,0.0,0.0,0.0,1.795,0.0
1784379749.872708,0,0,14513,37,0.0,0.0,0.0,0.0,1.795,0.0
1784379749.9383,0,0,14523,37,0.0,0.0,0.0,0.0,1.795,0.0
1784379749.986976,0,0,14533,37,0.0,0.0,0.0,0.0,1.796,0.0
1784379750.0450945,0,0,14543,37,0.0,0.0,0.0,0.0,1.796,0.0
1784379750.0864987,0,0,14553,37,0.0,0.0,0.0,0.0,1.796,0.0
1784379750.1394484,0,0,14563,37,0.0,0.0,0.0,0.0,1.797,0.0
1784379750.2078488,0,0,14573,37,0.0,0.0,0.0,0.0,1.797,0.0
1784379750.2850878,0,0,14583,37,0.0,0.0,0.0,0.0,1.797,0.0
1784379750.3243523,0,0,14593,37,0.0,0.0,0.0,0.0,1.797,0.0
1784379750.3855345,0,0,14603,37,0.0,0.0,0.0,0.0,1.798,0.0
1784379750.426052,0,0,14613,37,0.0,0.0,0.0,0.0,1.798,0.0
1784379750.5046444,0,0,14623,37,0.0,0.0,0.0,0.0,1.798,0.0
1784379750.569339,0,0,14633,37,0.0,0.0,0.0,0.0,1.799,0.0
1784379750.6245697,0,0,14643,37,0.0,0.0,0.0,0.0,1.799,0.0
1784379750.6830003,0,0,14653,37,0.0,0.0,0.0,0.0,1.799,0.0
1784379750.7987313,0,0,14663,37,0.0,0.0,0.0,0.0,1.799,0.0
1784379750.8558643,0,0,14673,37,0.0,0.0,0.0,0.0,1.8,0.0
1784379750.9101317,0,0,14683,37,0.0,0.0,0.0,0.0,1.8,0.0
1784379750.964535,0,0,14693,37,0.0,0.0,0.0,0.0,1.8,0.0
1784379751.0094302,0,0,14703,37,0.0,0.0,0.0,0.0,1.8,0.0
1784379751.072067,0,0,14713,37,0.0,0.0,0.0,0.0,1.801,0.0
1784379751.1855419,0,0,14723,37,0.0,0.0,0.0,0.0,1.801,0.0
1784379751.3215473,0,0,14733,37,0.0,0.0,0.0,0.0,1.801,0.0
1784379751.3929553,0,0,14743,37,0.0,0.0,0.0,0.0,1.801,0.0
1784379751.458154,0,0,14753,37,0.0,0.0,0.0,0.0,1.802,0.0
1784379751.5377479,0,0,14763,37,0.0,0.0,0.0,0.0,1.802,0.0
1784379751.6163664,0,0,14773,37,0.0,0.0,0.0,0.0,1.802,0.0
1784379751.668886,0,0,14783,37,0.0,0.0,0.0,0.0,1.802,0.0
1784379751.7289894,0,0,14793,37,0.0,0.0,0.0,0.0,1.802,0.0
1784379751.7895372,0,0,14803,37,0.0,0.0,0.0,0.0,1.802,0.0
1784379751.836061,0,0,14813,37,0.0,0.0,0.0,0.0,1.803,0.0
1784379751.8914797,0,0,14823,37,0.0,0.0,0.0,0.0,1.803,0.0
1784379751.9529355,0,0,14833,37,0.0,0.0,0.0,0.0,1.803,0.0
1784379752.0137393,0,0,14843,37,0.0,0.0,0.0,0.0,1.803,0.0
1784379752.0779936,0,0,14853,37,0.0,0.0,0.0,0.0,1.803,0.0
1784379752.1936095,0,0,14863,37,0.0,0.0,0.0,0.0,1.803,0.0
1784379752.2254772,0,0,14873,37,0.0,0.0,0.0,0.0,1.803,0.0
1784379752.2803578,0,0,14883,37,0.0,0.0,0.0,0.0,1.804,0.0
1784379752.343091,0,0,14893,37,0.0,0.0,0.0,0.0,1.804,0.0
1784379752.399836,0,0,14903,37,0.0,0.0,0.0,0.0,1.804,0.0
1784379752.452504,0,0,14913,37,0.0,0.0,0.0,0.0,1.804,0.0
1784379752.5344265,0,0,14923,37,0.0,0.0,0.0,0.0,1.804,0.0
1784379752.603724,0,0,14933,37,0.0,0.0,0.0,0.0,1.804,0.0
1784379752.6733558,0,0,14943,37,0.0,0.0,0.0,0.0,1.804,0.0
1784379752.7404852,0,0,14953,37,0.0,0.0,0.0,0.0,1.804,0.0
1784379752.8150926,0,0,14963,37,0.0,0.0,0.0,0.0,1.805,0.0
1784379752.8842638,0,0,14973,37,0.0,0.0,0.0,0.0,1.805,0.0
1784379752.9345858,0,0,14983,37,0.0,0.0,0.0,0.0,1.805,0.0
1784379753.0055625,0,0,14993,37,0.0,0.0,0.0,0.0,1.805,0.0
1784379753.0835779,0,0,15003,37,0.0,0.0,0.0,0.0,1.805,0.0
1784379753.1553564,0,0,15013,37,0.0,0.0,0.0,0.0,1.805,0.0
1784379753.2322147,0,0,15023,37,0.0,0.0,0.0,0.0,1.805,0.0
1784379753.2958474,0,0,15033,37,0.0,0.0,0.0,0.0,1.805,0.0
1784379753.3859243,0,0,15043,37,0.0,0.0,0.0,0.0,1.805,0.0
1784379753.462869,0,0,15053,37,0.0,0.0,0.0,0.0,1.805,0.0
1784379753.6784637,0,0,15063,37,0.0,0.0,0.0,0.0,1.805,0.0
1784379753.7419183,0,0,15073,37,0.0,0.0,0.0,0.0,1.805,0.0
1784379753.7955868,0,0,15083,37,0.0,0.0,0.0,0.0,1.805,0.0
1784379753.901339,0,0,15093,37,0.0,0.0,0.0,0.0,1.805,0.0
1784379753.9740708,0,0,15103,37,0.0,0.0,0.0,0.0,1.805,0.0
1784379754.038171,0,0,15113,37,0.0,0.0,0.0,0.0,1.805,0.0
1784379754.1216946,0,0,15123,37,0.0,0.0,0.0,0.0,1.805,0.0
1784379754.187943,0,0,15133,37,0.0,0.0,0.0,0.0,1.805,0.0
1784379754.2465744,0,0,15143,37,0.0,0.0,0.0,0.0,1.805,0.0
1784379754.290391,0,0,15153,37,0.0,0.0,0.0,0.0,1.805,0.0
1784379754.343099,0,0,15163,37,0.0,0.0,0.0,0.0,1.805,0.0
1784379754.3902493,0,0,15173,37,0.0,0.0,0.0,0.0,1.805,0.0
1784379754.4580564,0,0,15183,37,0.0,0.0,0.0,0.0,1.804,0.0
1784379754.5251796,0,0,15193,37,0.0,0.0,0.0,0.0,1.804,0.0
1784379754.6157398,0,0,15203,37,0.0,0.0,0.0,0.0,1.804,0.0
1784379754.6822054,0,0,15213,37,0.0,0.0,0.0,0.0,1.804,0.0
1784379754.7316637,0,0,15223,37,0.0,0.0,0.0,0.0,1.804,0.0
1784379754.8002195,0,0,15233,37,0.0,0.0,0.0,0.0,1.804,0.0
1784379754.8491845,0,0,15243,37,0.0,0.0,0.0,0.0,1.804,0.0
1784379754.9227514,0,0,15253,37,0.0,0.0,0.0,0.0,1.804,0.0
1784379755.038625,0,0,15263,37,0.0,0.0,0.0,0.0,1.804,0.0
1784379755.074548,0,0,15273,37,0.0,0.0,0.0,0.0,1.804,0.0
1784379755.1201456,0,0,15283,37,0.0,0.0,0.0,0.0,1.804,0.0
1784379755.1730244,0,0,15293,37,0.0,0.0,0.0,0.0,1.804,0.0
1784379755.2359836,0,0,15303,37,0.0,0.0,0.0,0.0,1.804,0.0
1784379755.2866263,0,0,15313,37,0.0,0.0,0.0,0.0,1.804,0.0
1784379755.3295074,0,0,15323,37,0.0,0.0,0.0,0.0,1.804,0.0
1784379755.396169,0,0,15333,37,0.0,0.0,0.0,0.0,1.804,0.0
1784379755.4401963,0,0,15343,37,0.0,0.0,0.0,0.0,1.804,0.0
1784379755.489573,0,0,15353,37,0.0,0.0,0.0,0.0,1.804,0.0
1784379755.5392442,0,0,15363,37,0.0,0.0,0.0,0.0,1.804,0.0
1784379755.5932748,0,0,15373,37,0.0,0.0,0.0,0.0,1.804,0.0
1784379755.696923,0,0,15383,37,0.0,0.0,0.0,0.0,1.803,0.0
1784379755.7715175,0,0,15393,37,0.0,0.0,0.0,0.0,1.803,0.0
1784379755.8298306,0,0,15403,37,0.0,0.0,0.0,0.0,1.803,0.0
1784379755.9222264,0,0,15413,37,0.0,0.0,0.0,0.0,1.803,0.0
1784379756.019374,0,0,15423,37,0.0,0.0,0.0,0.0,1.803,0.0
1784379756.101413,0,0,15433,37,0.0,0.0,0.0,0.0,1.803,0.0
1784379756.2386522,0,0,15443,37,0.0,0.0,0.0,0.0,1.803,0.0
1784379756.4128227,0,0,15453,37,0.0,0.0,0.0,0.0,1.803,0.0
1784379756.6662626,0,0,15463,37,0.0,0.0,0.0,0.0,1.803,0.0
1784379756.7333553,0,0,15473,37,0.0,0.0,0.0,0.0,1.803,0.0
1784379756.7821152,0,0,15483,37,0.0,0.0,0.0,0.0,1.803,0.0
1784379756.835742,0,0,15493,37,0.0,0.0,0.0,0.0,1.802,0.0
1784379756.8793108,0,0,15503,37,0.0,0.0,0.0,0.0,1.802,0.0
1784379756.9418502,0,0,15513,37,0.0,0.0,0.0,0.0,1.802,0.0
1784379757.0006843,0,0,15523,37,0.0,0.0,0.0,0.0,1.802,0.0
1784379757.0494492,0,0,15533,37,0.0,0.0,0.0,0.0,1.802,0.0
1784379757.0983307,0,0,15543,37,0.0,0.0,0.0,0.0,1.803,0.0
1784379757.1531165,0,0,15553,37,0.0,0.0,0.0,0.0,1.803,0.0
1784379757.201298,0,0,15563,37,0.0,0.0,0.0,0.0,1.803,0.0
1784379757.284772,0,0,15573,37,0.0,0.0,0.0,0.0,1.803,0.0
1784379757.3571508,0,0,15583,37,0.0,0.0,0.0,0.0,1.803,0.0
1784379757.4138627,0,0,15593,37,0.0,0.0,0.0,0.0,1.804,0.0
1784379757.4556139,0,0,15603,37,0.0,0.0,0.0,0.0,1.804,0.0
1784379757.5156727,0,0,15613,37,0.0,0.0,0.0,0.0,1.804,0.0
1784379757.565633,0,0,15623,37,0.0,0.0,0.0,0.0,1.804,0.0
1784379757.6256604,0,0,15633,37,0.0,0.0,0.0,0.0,1.805,0.0
1784379757.682602,0,0,15643,37,0.0,0.0,0.0,0.0,1.805,0.0
1784379757.823747,0,0,15653,37,0.0,0.0,0.0,0.0,1.805,0.0
1784379757.9475899,0,0,15663,37,0.0,0.0,0.0,0.0,1.806,0.0
1784379758.013043,0,0,15673,37,0.0,0.0,0.0,0.0,1.806,0.0
1784379758.0822031,0,0,15683,37,0.0,0.0,0.0,0.0,1.806,0.0
1784379758.1383493,0,0,15693,37,0.0,0.0,0.0,0.0,1.806,0.0
1784379758.1870558,0,0,15703,37,0.0,0.0,0.0,0.0,1.807,0.0
1784379758.2384298,0,0,15713,37,0.0,0.0,0.0,0.0,1.807,0.0
1784379758.2960277,0,0,15723,37,0.0,0.0,0.0,0.0,1.807,0.0
1784379758.3547726,0,0,15733,37,0.0,0.0,0.0,0.0,1.808,0.0
1784379758.4109466,0,0,15743,37,0.0,0.0,0.0,0.0,1.808,0.0
1784379758.4780693,0,0,15753,37,0.0,0.0,0.0,0.0,1.808,0.0
1784379758.534395,0,0,15763,37,0.0,0.0,0.0,0.0,1.809,0.0
1784379758.6016083,0,0,15773,37,0.0,0.0,0.0,0.0,1.809,0.0
1784379758.8018155,0,0,15783,37,0.0,0.0,0.0,0.0,1.809,0.0
1784379758.9003549,0,0,15793,37,0.0,0.0,0.0,0.0,1.81,0.0
1784379758.981532,0,0,15803,37,0.0,0.0,0.0,0.0,1.81,0.0
1784379759.0959592,0,0,15813,37,0.0,0.0,0.0,0.0,1.81,0.0
1784379759.2076073,0,0,15823,37,0.0,0.0,0.0,0.0,1.811,0.0
1784379759.347125,0,0,15833,37,0.0,0.0,0.0,0.0,1.811,0.0
1784379759.4752603,0,0,15843,37,0.0,0.0,0.0,0.0,1.811,0.0
1784379759.627678,0,0,15853,37,0.0,0.0,0.0,0.0,1.811,0.0
1784379760.0848882,0,0,15863,37,0.0,0.0,0.0,0.0,1.812,0.0
1784379760.1219418,0,0,15873,37,0.0,0.0,0.0,0.0,1.812,0.0
1784379760.1806252,0,0,15883,37,0.0,0.0,0.0,0.0,1.812,0.0
1784379760.2572331,0,0,15893,37,0.0,0.0,0.0,0.0,1.812,0.0
1784379760.325591,0,0,15903,37,0.0,0.0,0.0,0.0,1.813,0.0
1784379760.3717244,0,0,15913,37,0.0,0.0,0.0,0.0,1.813,0.0
1784379760.432713,0,0,15923,37,0.0,0.0,0.0,0.0,1.813,0.0
1784379760.4960299,0,0,15933,37,0.0,0.0,0.0,0.0,1.814,0.0
1784379760.5542512,0,0,15943,37,0.0,0.0,0.0,0.0,1.814,0.0
1784379760.605477,0,0,15953,37,0.0,0.0,0.0,0.0,1.814,0.0
1784379760.6617541,0,0,15963,37,0.0,0.0,0.0,0.0,1.814,0.0
1784379760.7194576,0,0,15973,37,0.0,0.0,0.0,0.0,1.815,0.0
1784379760.7960734,0,0,15983,37,0.0,0.0,0.0,0.0,1.815,0.0
1784379760.8538733,0,0,15993,37,0.0,0.0,0.0,0.0,1.815,0.0
1784379760.9025793,0,0,16003,37,0.0,0.0,0.0,0.0,1.815,0.0
1784379760.964166,0,0,16013,37,0.0,0.0,0.0,0.0,1.816,0.0
1784379761.0155537,0,0,16023,37,0.0,0.0,0.0,0.0,1.816,0.0
1784379761.0696626,0,0,16033,37,0.0,0.0,0.0,0.0,1.816,0.0
1784379761.1149027,0,0,16043,37,0.0,0.0,0.0,0.0,1.816,0.0
1784379761.170859,0,0,16053,37,0.0,0.0,0.0,0.0,1.817,0.0
1784379761.2764487,0,0,16063,37,0.0,0.0,0.0,0.0,1.817,0.0
1784379761.3302798,0,0,16073,37,0.0,0.0,0.0,0.0,1.817,0.0
1784379761.3872492,0,0,16083,37,0.0,0.0,0.0,0.0,1.817,0.0
1784379761.4302676,0,0,16093,37,0.0,0.0,0.0,0.0,1.818,0.0
1784379761.4784012,0,0,16103,37,0.0,0.0,0.0,0.0,1.818,0.0
1784379761.5385408,0,0,16113,37,0.0,0.0,0.0,0.0,1.818,0.0
1784379761.580881,0,0,16123,37,0.0,0.0,0.0,0.0,1.818,0.0
1784379761.638907,0,0,16133,37,0.0,0.0,0.0,0.0,1.819,0.0
1784379761.7007859,0,0,16143,37,0.0,0.0,0.0,0.0,1.819,0.0
1784379761.7853127,0,0,16153,37,0.0,0.0,0.0,0.0,1.819,0.0
1784379761.856827,0,0,16163,37,0.0,0.0,0.0,0.0,1.82,0.0
1784379761.9205701,0,0,16173,37,0.0,0.0,0.0,0.0,1.82,0.0
1784379761.97354,0,0,16183,37,0.0,0.0,0.0,0.0,1.82,0.0
1784379762.0334997,0,0,16193,37,0.0,0.0,0.0,0.0,1.82,0.0
1784379762.1847954,0,0,16203,37,0.0,0.0,0.0,0.0,1.821,0.0
1784379762.376555,0,0,16213,37,0.0,0.0,0.0,0.0,1.821,0.0
1784379762.463284,0,0,16223,37,0.0,0.0,0.0,0.0,1.821,0.0
1784379762.5295582,0,0,16233,37,0.0,0.0,0.0,0.0,1.822,0.0
1784379762.5851567,0,0,16243,37,0.0,0.0,0.0,0.0,1.822,0.0
1784379762.646649,0,0,16253,37,0.0,0.0,0.0,0.0,1.823,0.0
1784379762.7812328,0,0,16263,37,0.0,0.0,0.0,0.0,1.823,0.0
1784379762.862401,0,0,16273,37,0.0,0.0,0.0,0.0,1.823,0.0
1784379762.9363487,0,0,16283,37,0.0,0.0,0.0,0.0,1.824,0.0
1784379763.0133448,0,0,16293,37,0.0,0.0,0.0,0.0,1.824,0.0
1784379763.0744202,0,0,16303,37,0.0,0.0,0.0,0.0,1.825,0.0
1784379763.1405253,0,0,16313,37,0.0,0.0,0.0,0.0,1.825,0.0
1784379763.2045412,0,0,16323,37,0.0,0.0,0.0,0.0,1.825,0.0
1784379763.271251,0,0,16333,37,0.0,0.0,0.0,0.0,1.826,0.0
1784379763.3269637,0,0,16343,37,0.0,0.0,0.0,0.0,1.826,0.0
1784379763.3812537,0,0,16353,37,0.0,0.0,0.0,0.0,1.827,0.0
1784379763.4293156,0,0,16363,37,0.0,0.0,0.0,0.0,1.827,0.0
1784379763.4858792,0,0,16373,37,0.0,0.0,0.0,0.0,1.828,0.0
1784379763.5474296,0,0,16383,37,0.0,0.0,0.0,0.0,1.828,0.0
1784379763.6021092,0,0,16393,37,0.0,0.0,0.0,0.0,1.828,0.0
1784379763.6613736,0,0,16403,37,0.0,0.0,0.0,0.0,1.829,0.0
1784379763.716281,0,0,16413,37,0.0,0.0,0.0,0.0,1.829,0.0
1784379763.8388207,0,0,16423,37,0.0,0.0,0.0,0.0,1.83,0.0
1784379763.8962655,0,0,16433,37,0.0,0.0,0.0,0.0,1.83,0.0
1784379763.9515202,0,0,16443,37,0.0,0.0,0.0,0.0,1.831,0.0
1784379763.997281,0,0,16453,37,0.0,0.0,0.0,0.0,1.831,0.0
1784379764.1343157,0,0,16463,37,0.0,0.0,0.0,0.0,1.831,0.0
1784379764.1992073,0,0,16473,37,0.0,0.0,0.0,0.0,1.832,0.0
1784379764.2541535,0,0,16483,37,0.0,0.0,0.0,0.0,1.832,0.0
1784379764.3122687,0,0,16493,37,0.0,0.0,0.0,0.0,1.833,0.0
1784379764.3748817,0,0,16503,37,0.0,0.0,0.0,0.0,1.833,0.0
1784379764.4547114,0,0,16513,37,0.0,0.0,0.0,0.0,1.833,0.0
1784379764.5255573,0,0,16523,37,0.0,0.0,0.0,0.0,1.834,0.0
1784379764.6630397,0,0,16533,37,0.0,0.0,0.0,0.0,1.834,0.0
1784379764.7476244,0,0,16543,37,0.0,0.0,0.0,0.0,1.835,0.0
1784379764.8845127,0,0,16553,37,0.0,0.0,0.0,0.0,1.835,0.0
1784379764.9955344,0,0,16563,37,0.0,0.0,0.0,0.0,1.835,0.0
1784379765.1074047,0,0,16573,37,0.0,0.0,0.0,0.0,1.836,0.0
1784379765.1721091,0,0,16583,37,0.0,0.0,0.0,0.0,1.836,0.0
1784379765.2311974,0,0,16593,37,0.0,0.0,0.0,0.0,1.837,0.0
1784379765.2772915,0,0,16603,37,0.0,0.0,0.0,0.0,1.837,0.0
1784379765.3410022,0,0,16613,37,0.0,0.0,0.0,0.0,1.837,0.0
1784379765.4216459,0,0,16623,37,0.0,0.0,0.0,0.0,1.838,0.0
1784379765.4731085,0,0,16633,37,0.0,0.0,0.0,0.0,1.838,0.0
1784379765.5216026,0,0,16643,37,0.0,0.0,0.0,0.0,1.839,0.0
1784379765.586914,0,0,16653,37,0.0,0.0,0.0,0.0,1.839,0.0
1784379765.7024615,0,0,16663,37,0.0,0.0,0.0,0.0,1.839,0.0
1784379765.7571282,0,0,16673,37,0.0,0.0,0.0,0.0,1.84,0.0
1784379765.8152323,0,0,16683,37,0.0,0.0,0.0,0.0,1.84,0.0
1784379765.8776019,0,0,16693,37,0.0,0.0,0.0,0.0,1.841,0.0
1784379765.9349484,0,0,16703,37,0.0,0.0,0.0,0.0,1.841,0.0
1784379765.9828289,0,0,16713,37,0.0,0.0,0.0,0.0,1.842,0.0
1784379766.0449927,0,0,16723,37,0.0,0.0,0.0,0.0,1.842,0.0
1784379766.0981393,0,0,16733,37,0.0,0.0,0.0,0.0,1.842,0.0
1784379766.1733155,0,0,16743,37,0.0,0.0,0.0,0.0,1.843,0.0
1784379766.2188563,0,0,16753,37,0.0,0.0,0.0,0.0,1.843,0.0
1784379766.2708097,0,0,16763,37,0.0,0.0,0.0,0.0,1.844,0.0
1784379766.3494039,0,0,16773,37,0.0,0.0,0.0,0.0,1.844,0.0
1784379766.4192162,0,0,16783,37,0.0,0.0,0.0,0.0,1.844,0.0
1784379766.4774897,0,0,16793,37,0.0,0.0,0.0,0.0,1.845,0.0
1784379766.5413644,0,0,16803,37,0.0,0.0,0.0,0.0,1.845,0.0
1784379766.5810912,0,0,16813,37,0.0,0.0,0.0,0.0,1.846,0.0
1784379766.6344986,0,0,16823,37,0.0,0.0,0.0,0.0,1.846,0.0
1784379766.7020094,0,0,16833,37,0.0,0.0,0.0,0.0,1.847,0.0
1784379766.7921565,0,0,16843,37,0.0,0.0,0.0,0.0,1.847,0.0
1784379766.8508713,0,0,16853,37,0.0,0.0,0.0,0.0,1.848,0.0
1784379767.0035932,0,0,16863,37,0.0,0.0,0.0,0.0,1.848,0.0
1784379767.0932705,0,0,16873,37,0.0,0.0,0.0,0.0,1.849,0.0
1784379767.1916478,0,0,16883,37,0.0,0.0,0.0,0.0,1.849,0.0
1784379767.3783095,0,0,16893,37,0.0,0.0,0.0,0.0,1.85,0.0
1784379767.4693072,0,0,16903,37,0.0,0.0,0.0,0.0,1.85,0.0
1784379767.5167732,0,0,16913,37,0.0,0.0,0.0,0.0,1.851,0.0
1784379767.5917678,0,0,16923,37,0.0,0.0,0.0,0.0,1.851,0.0
1784379767.6525578,0,0,16933,37,0.0,0.0,0.0,0.0,1.852,0.0
1784379767.7243927,0,0,16943,37,0.0,0.0,0.0,0.0,1.852,0.0
1784379767.8006027,0,0,16953,37,0.0,0.0,0.0,0.0,1.853,0.0
1784379767.8694541,0,0,16963,37,0.0,0.0,0.0,0.0,1.853,0.0
1784379767.9304202,0,0,16973,37,0.0,0.0,0.0,0.0,1.854,0.0
1784379767.9940066,0,0,16983,37,0.0,0.0,0.0,0.0,1.854,0.0
1784379768.0465229,0,0,16993,37,0.0,0.0,0.0,0.0,1.855,0.0
1784379768.1145716,0,0,17003,37,0.0,0.0,0.0,0.0,1.855,0.0
1784379768.188703,0,0,17013,37,0.0,0.0,0.0,0.0,1.856,0.0
1784379768.2598162,0,0,17023,37,0.0,0.0,0.0,0.0,1.856,0.0
1784379768.319999,0,0,17033,37,0.0,0.0,0.0,0.0,1.857,0.0
1784379768.4086492,0,0,17043,37,0.0,0.0,0.0,0.0,1.857,0.0
1784379768.4802444,0,0,17053,37,0.0,0.0,0.0,0.0,1.858,0.0
1784379768.6065872,0,0,17063,37,0.0,0.0,0.0,0.0,1.858,0.0
1784379768.6642034,0,0,17073,37,0.0,0.0,0.0,0.0,1.858,0.0
1784379768.7183154,0,0,17083,37,0.0,0.0,0.0,0.0,1.859,0.0
1784379768.7918005,0,0,17093,37,0.0,0.0,0.0,0.0,1.859,0.0
1784379768.8627102,0,0,17103,37,0.0,0.0,0.0,0.0,1.859,0.0
1784379768.9634917,0,0,17113,37,0.0,0.0,0.0,0.0,1.859,0.0
1784379769.0383136,0,0,17123,37,0.0,0.0,0.0,0.0,1.859,0.0
1784379769.1128426,0,0,17133,37,0.0,0.0,0.0,0.0,1.859,0.0
1784379769.175539,0,0,17143,37,0.0,0.0,0.0,0.0,1.859,0.0
1784379769.23093,0,0,17153,37,0.0,0.0,0.0,0.0,1.86,0.0
1784379769.2917616,0,0,17163,37,0.0,0.0,0.0,0.0,1.86,0.0
1784379769.3672287,0,0,17173,37,0.0,0.0,0.0,0.0,1.86,0.0
1784379769.4453442,0,0,17183,37,0.0,0.0,0.0,0.0,1.86,0.0
1784379769.559722,0,0,17193,37,0.0,0.0,0.0,0.0,1.86,0.0
1784379769.757173,0,0,17203,37,0.0,0.0,0.0,0.0,1.86,0.0
1784379769.8587947,0,0,17213,37,0.0,0.0,0.0,0.0,1.861,0.0
1784379769.9057727,0,0,17223,37,0.0,0.0,0.0,0.0,1.861,0.0
1784379769.986185,0,0,17233,37,0.0,0.0,0.0,0.0,1.861,0.0
1784379770.074141,0,0,17243,37,0.0,0.0,0.0,0.0,1.861,0.0
1784379770.1484303,0,0,17253,37,0.0,0.0,0.0,0.0,1.861,0.0
1784379770.285916,0,0,17263,37,0.0,0.0,0.0,0.0,1.862,0.0
1784379770.3727279,0,0,17273,37,0.0,0.0,0.0,0.0,1.862,0.0
1784379770.4479947,0,0,17283,37,0.0,0.0,0.0,0.0,1.862,0.0
1784379770.4868255,0,0,17293,37,0.0,0.0,0.0,0.0,1.862,0.0
1784379770.542375,0,0,17303,37,0.0,0.0,0.0,0.0,1.863,0.0
1784379770.612992,0,0,17313,37,0.0,0.0,0.0,0.0,1.863,0.0
1784379770.6756628,0,0,17323,37,0.0,0.0,0.0,0.0,1.863,0.0
1784379770.7499628,0,0,17333,37,0.0,0.0,0.0,0.0,1.863,0.0
1784379770.8137958,0,0,17343,37,0.0,0.0,0.0,0.0,1.864,0.0
1784379770.8893497,0,0,17353,37,0.0,0.0,0.0,0.0,1.864,0.0
1784379770.9494126,0,0,17363,37,0.0,0.0,0.0,0.0,1.864,0.0
1784379771.051478,0,0,17373,37,0.0,0.0,0.0,0.0,1.865,0.0
1784379771.127835,0,0,17383,37,0.0,0.0,0.0,0.0,1.865,0.0
1784379771.2060447,0,0,17393,37,0.0,0.0,0.0,0.0,1.865,0.0
1784379771.2987628,0,0,17403,37,0.0,0.0,0.0,0.0,1.865,0.0
1784379771.3614976,0,0,17413,37,0.0,0.0,0.0,0.0,1.866,0.0
1784379771.418842,0,0,17423,37,0.0,0.0,0.0,0.0,1.866,0.0
1784379771.4815173,0,0,17433,37,0.0,0.0,0.0,0.0,1.866,0.0
1784379771.5589077,0,0,17443,37,0.0,0.0,0.0,0.0,1.867,0.0
1784379771.6282,0,0,17453,37,0.0,0.0,0.0,0.0,1.867,0.0
1784379771.782846,0,0,17463,37,0.0,0.0,0.0,0.0,1.867,0.0
1784379771.8663547,0,0,17473,37,0.0,0.0,0.0,0.0,1.868,0.0
1784379772.0400298,0,0,17483,37,0.0,0.0,0.0,0.0,1.868,0.0
1784379772.1839244,0,0,17493,37,0.0,0.0,0.0,0.0,1.868,0.0
1784379772.2850196,0,0,17503,37,0.0,0.0,0.0,0.0,1.868,0.0
1784379772.349059,0,0,17513,37,0.0,0.0,0.0,0.0,1.869,0.0
1784379772.4175582,0,0,17523,37,0.0,0.0,0.0,0.0,1.869,0.0
1784379772.4835126,0,0,17533,37,0.0,0.0,0.0,0.0,1.869,0.0
1784379772.5498126,0,0,17543,37,0.0,0.0,0.0,0.0,1.87,0.0
1784379772.612176,0,0,17553,37,0.0,0.0,0.0,0.0,1.87,0.0
1784379772.6730027,0,0,17563,37,0.0,0.0,0.0,0.0,1.87,0.0
1784379772.7553985,0,0,17573,37,0.0,0.0,0.0,0.0,1.871,0.0
1784379772.8283312,0,0,17583,37,0.0,0.0,0.0,0.0,1.871,0.0
1784379772.8755825,0,0,17593,37,0.0,0.0,0.0,0.0,1.871,0.0
1784379772.9249227,0,0,17603,37,0.0,0.0,0.0,0.0,1.872,0.0
1784379772.9873211,0,0,17613,37,0.0,0.0,0.0,0.0,1.872,0.0
1784379773.0807273,0,0,17623,37,0.0,0.0,0.0,0.0,1.872,0.0
1784379773.1817153,0,0,17633,37,0.0,0.0,0.0,0.0,1.873,0.0
1784379773.25718,0,0,17643,37,0.0,0.0,0.0,0.0,1.873,0.0
1784379773.2973871,0,0,17653,37,0.0,0.0,0.0,0.0,1.873,0.0
1784379773.3811557,0,0,17663,37,0.0,0.0,0.0,0.0,1.874,0.0
1784379773.4314091,0,0,17673,37,0.0,0.0,0.0,0.0,1.874,0.0
1784379773.4955797,0,0,17683,37,0.0,0.0,0.0,0.0,1.874,0.0
1784379773.5395007,0,0,17693,37,0.0,0.0,0.0,0.0,1.874,0.0
1784379773.604322,0,0,17703,37,0.0,0.0,0.0,0.0,1.875,0.0
1784379773.6589196,0,0,17713,37,0.0,0.0,0.0,0.0,1.875,0.0
1784379773.7141051,0,0,17723,37,0.0,0.0,0.0,0.0,1.875,0.0
1784379773.766522,0,0,17733,37,0.0,0.0,0.0,0.0,1.876,0.0
1784379773.8293433,0,0,17743,37,0.0,0.0,0.0,0.0,1.876,0.0
1784379773.8838942,0,0,17753,37,0.0,0.0,0.0,0.0,1.876,0.0
1784379773.9376898,0,0,17763,37,0.0,0.0,0.0,0.0,1.877,0.0
1784379773.9943504,0,0,17773,37,0.0,0.0,0.0,0.0,1.877,0.0
1784379774.088876,0,0,17783,37,0.0,0.0,0.0,0.0,1.877,0.0
1784379774.2094622,0,0,17793,37,0.0,0.0,0.0,0.0,1.878,0.0
1784379774.2679944,0,0,17803,37,0.0,0.0,0.0,0.0,1.878,0.0
1784379774.4079864,0,0,17813,37,0.0,0.0,0.0,0.0,1.878,0.0
1784379774.5568464,0,0,17823,37,0.0,0.0,0.0,0.0,1.878,0.0
1784379774.712261,0,0,17833,37,0.0,0.0,0.0,0.0,1.879,0.0
1784379774.8444765,0,0,17843,37,0.0,0.0,0.0,0.0,1.879,0.0
1784379774.9878843,0,0,17853,37,0.0,0.0,0.0,0.0,1.879,0.0
1784379775.5059898,0,0,17863,37,0.0,0.0,0.0,0.0,1.88,0.0
1784379775.5439298,0,0,17873,37,0.0,0.0,0.0,0.0,1.88,0.0
1784379775.5761878,0,0,17883,37,0.0,0.0,0.0,0.0,1.88,0.0
1784379775.6512046,0,0,17893,37,0.0,0.0,0.0,0.0,1.881,0.0
1784379775.709795,0,0,17903,37,0.0,0.0,0.0,0.0,1.881,0.0
1784379775.7619538,0,0,17913,37,0.0,0.0,0.0,0.0,1.881,0.0
1784379775.8084702,0,0,17923,37,0.0,0.0,0.0,0.0,1.881,0.0
1784379775.862991,0,0,17933,37,0.0,0.0,0.0,0.0,1.882,0.0
1784379775.9237444,0,0,17943,37,0.0,0.0,0.0,0.0,1.882,0.0
1784379775.9884396,0,0,17953,37,0.0,0.0,0.0,0.0,1.882,0.0
1784379776.044496,0,0,17963,37,0.0,0.0,0.0,0.0,1.882,0.0
1784379776.0944295,0,0,17973,37,0.0,0.0,0.0,0.0,1.883,0.0
1784379776.1697578,0,0,17983,37,0.0,0.0,0.0,0.0,1.883,0.0
1784379776.233278,0,0,17993,37,0.0,0.0,0.0,0.0,1.883,0.0
1784379776.2779167,0,0,18003,37,0.0,0.0,0.0,0.0,1.883,0.0
1784379776.3515213,0,0,18013,37,0.0,0.0,0.0,0.0,1.884,0.0
1784379776.4120846,0,0,18023,37,0.0,0.0,0.0,0.0,1.884,0.0
1784379776.4613376,0,0,18033,37,0.0,0.0,0.0,0.0,1.884,0.0
1784379776.5219693,0,0,18043,37,0.0,0.0,0.0,0.0,1.884,0.0
1784379776.5824,0,0,18053,37,0.0,0.0,0.0,0.0,1.885,0.0
1784379776.7173212,0,0,18063,37,0.0,0.0,0.0,0.0,1.885,0.0
1784379776.768532,0,0,18073,37,0.0,0.0,0.0,0.0,1.885,0.0
1784379776.8225927,0,0,18083,37,0.0,0.0,0.0,0.0,1.885,0.0
1784379776.8661397,0,0,18093,37,0.0,0.0,0.0,0.0,1.886,0.0
1784379776.930469,0,0,18103,37,0.0,0.0,0.0,0.0,1.886,0.0
1784379776.9782279,0,0,18113,37,0.0,0.0,0.0,0.0,1.886,0.0
1784379777.024047,0,0,18123,37,0.0,0.0,0.0,0.0,1.886,0.0
1784379777.094391,0,0,18133,37,0.0,0.0,0.0,0.0,1.886,0.0
1784379777.177326,0,0,18143,37,0.0,0.0,0.0,0.0,1.887,0.0
1784379777.2410824,0,0,18153,37,0.0,0.0,0.0,0.0,1.887,0.0
1784379777.2944565,0,0,18163,37,0.0,0.0,0.0,0.0,1.887,0.0
1784379777.3584104,0,0,18173,37,0.0,0.0,0.0,0.0,1.887,0.0
1784379777.4386952,0,0,18183,37,0.0,0.0,0.0,0.0,1.887,0.0
1784379777.5467532,0,0,18193,37,0.0,0.0,0.0,0.0,1.888,0.0
1784379777.645199,0,0,18203,37,0.0,0.0,0.0,0.0,1.888,0.0
1784379777.7396932,0,0,18213,37,0.0,0.0,0.0,0.0,1.888,0.0
1784379777.7996736,0,0,18223,37,0.0,0.0,0.0,0.0,1.888,0.0
1784379777.8406172,0,0,18233,37,0.0,0.0,0.0,0.0,1.889,0.0
1784379777.8884246,0,0,18243,37,0.0,0.0,0.0,0.0,1.889,0.0
1784379777.9573336,0,0,18253,37,0.0,0.0,0.0,0.0,1.889,0.0
1784379778.070259,0,0,18263,37,0.0,0.0,0.0,0.0,1.889,0.0
1784379778.1498744,0,0,18273,37,0.0,0.0,0.0,0.0,1.89,0.0
1784379778.2094274,0,0,18283,37,0.0,0.0,0.0,0.0,1.89,0.0
1784379778.2606452,0,0,18293,37,0.0,0.0,0.0,0.0,1.89,0.0
1784379778.3284154,0,0,18303,37,0.0,0.0,0.0,0.0,1.89,0.0
1784379778.3934553,0,0,18313,37,0.0,0.0,0.0,0.0,1.891,0.0
1784379778.451773,0,0,18323,37,0.0,0.0,0.0,0.0,1.891,0.0
1784379778.515437,0,0,18333,37,0.0,0.0,0.0,0.0,1.891,0.0
1784379778.5632439,0,0,18343,37,0.0,0.0,0.0,0.0,1.891,0.0
1784379778.649059,0,0,18353,37,0.0,0.0,0.0,0.0,1.891,0.0
1784379778.703916,0,0,18363,37,0.0,0.0,0.0,0.0,1.892,0.0
1784379778.765957,0,0,18373,37,0.0,0.0,0.0,0.0,1.892,0.0
1784379778.8320026,0,0,18383,37,0.0,0.0,0.0,0.0,1.892,0.0
1784379778.8945413,0,0,18393,37,0.0,0.0,0.0,0.0,1.892,0.0
1784379778.9384952,0,0,18403,37,0.0,0.0,0.0,0.0,1.892,0.0
1784379779.0090122,0,0,18413,37,0.0,0.0,0.0,0.0,1.892,0.0
1784379779.0730224,0,0,18423,37,0.0,0.0,0.0,0.0,1.893,0.0
1784379779.153621,0,0,18433,37,0.0,0.0,0.0,0.0,1.893,0.0
1784379779.206123,0,0,18443,37,0.0,0.0,0.0,0.0,1.893,0.0
1784379779.2613053,0,0,18453,37,0.0,0.0,0.0,0.0,1.893,0.0
1784379779.3734758,0,0,18463,37,0.0,0.0,0.0,0.0,1.893,0.0
1784379779.4218314,0,0,18473,37,0.0,0.0,0.0,0.0,1.893,0.0
1784379779.4941738,0,0,18483,37,0.0,0.0,0.0,0.0,1.893,0.0
1784379779.5488179,0,0,18493,37,0.0,0.0,0.0,0.0,1.893,0.0
1784379779.6152165,0,0,18503,37,0.0,0.0,0.0,0.0,1.893,0.0
1784379779.6781335,0,0,18513,37,0.0,0.0,0.0,0.0,1.893,0.0
1784379779.7359915,0,0,18523,37,0.0,0.0,0.0,0.0,1.893,0.0
1784379779.9039822,0,0,18533,37,0.0,0.0,0.0,0.0,1.893,0.0
1784379780.0144987,0,0,18543,37,0.0,0.0,0.0,0.0,1.893,0.0
1784379780.0688996,0,0,18553,37,0.0,0.0,0.0,0.0,1.893,0.0
1784379780.1305292,0,0,18563,37,0.0,0.0,0.0,0.0,1.894,0.0
1784379780.212321,0,0,18573,37,0.0,0.0,0.0,0.0,1.894,0.0
1784379780.2665167,0,0,18583,37,0.0,0.0,0.0,0.0,1.894,0.0
1784379780.3174584,0,0,18593,37,0.0,0.0,0.0,0.0,1.894,0.0
1784379780.36717,0,0,18603,37,0.0,0.0,0.0,0.0,1.894,0.0
1784379780.465151,0,0,18613,37,0.0,0.0,0.0,0.0,1.894,0.0
1784379780.5245087,0,0,18623,37,0.0,0.0,0.0,0.0,1.894,0.0
1784379780.5870695,0,0,18633,37,0.0,0.0,0.0,0.0,1.894,0.0
1784379780.6623912,0,0,18643,37,0.0,0.0,0.0,0.0,1.894,0.0
1784379780.7190573,0,0,18653,37,0.0,0.0,0.0,0.0,1.894,0.0
1784379780.8494477,0,0,18663,37,0.0,0.0,0.0,0.0,1.894,0.0
1784379780.907858,0,0,18673,37,0.0,0.0,0.0,0.0,1.893,0.0
1784379780.9699457,0,0,18683,37,0.0,0.0,0.0,0.0,1.893,0.0
1784379781.0470295,0,0,18693,37,0.0,0.0,0.0,0.0,1.893,0.0
1784379781.1151464,0,0,18703,37,0.0,0.0,0.0,0.0,1.893,0.0
1784379781.1782935,0,0,18713,37,0.0,0.0,0.0,0.0,1.893,0.0
1784379781.2611485,0,0,18723,37,0.0,0.0,0.0,0.0,1.893,0.0
1784379781.324705,0,0,18733,37,0.0,0.0,0.0,0.0,1.893,0.0
1784379781.3972323,0,0,18743,37,0.0,0.0,0.0,0.0,1.893,0.0
1784379781.4860475,0,0,18753,37,0.0,0.0,0.0,0.0,1.893,0.0
1784379781.5535629,0,0,18763,37,0.0,0.0,0.0,0.0,1.893,0.0
1784379781.6062691,0,0,18773,37,0.0,0.0,0.0,0.0,1.893,0.0
1784379781.6623764,0,0,18783,37,0.0,0.0,0.0,0.0,1.893,0.0
1784379781.7080417,0,0,18793,37,0.0,0.0,0.0,0.0,1.893,0.0
1784379781.7719252,0,0,18803,37,0.0,0.0,0.0,0.0,1.893,0.0
1784379781.8423502,0,0,18813,37,0.0,0.0,0.0,0.0,1.893,0.0
1784379781.9131126,0,0,18823,37,0.0,0.0,0.0,0.0,1.893,0.0
1784379781.9610546,0,0,18833,37,0.0,0.0,0.0,0.0,1.893,0.0
1784379782.088602,0,0,18843,37,0.0,0.0,0.0,0.0,1.893,0.0
1784379782.1593022,0,0,18853,37,0.0,0.0,0.0,0.0,1.894,0.0
1784379782.3377697,0,0,18863,37,0.0,0.0,0.0,0.0,1.894,0.0
1784379782.400351,0,0,18873,37,0.0,0.0,0.0,0.0,1.894,0.0
1784379782.451201,0,0,18883,37,0.0,0.0,0.0,0.0,1.894,0.0
1784379782.5281684,0,0,18893,37,0.0,0.0,0.0,0.0,1.894,0.0
1784379782.5875611,0,0,18903,37,0.0,0.0,0.0,0.0,1.894,0.0
1784379782.6506963,0,0,18913,37,0.0,0.0,0.0,0.0,1.894,0.0
1784379782.7005706,0,0,18923,37,0.0,0.0,0.0,0.0,1.894,0.0
1784379782.7401073,0,0,18933,37,0.0,0.0,0.0,0.0,1.894,0.0
1784379782.8207934,0,0,18943,37,0.0,0.0,0.0,0.0,1.894,0.0
1784379782.9005542,0,0,18953,37,0.0,0.0,0.0,0.0,1.894,0.0
1784379782.9519048,0,0,18963,37,0.0,0.0,0.0,0.0,1.894,0.0
1784379783.016478,0,0,18973,37,0.0,0.0,0.0,0.0,1.894,0.0
1784379783.0777636,0,0,18983,37,0.0,0.0,0.0,0.0,1.894,0.0
1784379783.138893,0,0,18993,37,0.0,0.0,0.0,0.0,1.894,0.0
1784379783.2138484,0,0,19003,37,0.0,0.0,0.0,0.0,1.894,0.0
1784379783.2923172,0,0,19013,37,0.0,0.0,0.0,0.0,1.894,0.0
1784379783.3459673,0,0,19023,37,0.0,0.0,0.0,0.0,1.894,0.0
1784379783.416496,0,0,19033,37,0.0,0.0,0.0,0.0,1.894,0.0
1784379783.486601,0,0,19043,37,0.0,0.0,0.0,0.0,1.894,0.0
1784379783.5476084,0,0,19053,37,0.0,0.0,0.0,0.0,1.894,0.0
1784379783.7263443,0,0,19063,37,0.0,0.0,0.0,0.0,1.894,0.0
1784379783.767499,0,0,19073,37,0.0,0.0,0.0,0.0,1.894,0.0
1784379783.8222756,0,0,19083,37,0.0,0.0,0.0,0.0,1.894,0.0
1784379783.8749633,0,0,19093,37,0.0,0.0,0.0,0.0,1.894,0.0
1784379783.940965,0,0,19103,37,0.0,0.0,0.0,0.0,1.894,0.0
1784379784.004531,0,0,19113,37,0.0,0.0,0.0,0.0,1.894,0.0
1784379784.0698688,0,0,19123,37,0.0,0.0,0.0,0.0,1.894,0.0
1784379784.1404939,0,0,19133,37,0.0,0.0,0.0,0.0,1.894,0.0
1784379784.19801,0,0,19143,37,0.0,0.0,0.0,0.0,1.894,0.0
1784379784.2898378,0,0,19153,37,0.0,0.0,0.0,0.0,1.894,0.0
1784379784.4052792,0,0,19163,37,0.0,0.0,0.0,0.0,1.894,0.0
1784379784.5473878,0,0,19173,37,0.0,0.0,0.0,0.0,1.894,0.0
1784379784.6392303,0,0,19183,37,0.0,0.0,0.0,0.0,1.894,0.0
1784379784.7638285,0,0,19193,37,0.0,0.0,0.0,0.0,1.894,0.0
1784379784.8442986,0,0,19203,37,0.0,0.0,0.0,0.0,1.894,0.0
1784379784.909085,0,0,19213,37,0.0,0.0,0.0,0.0,1.895,0.0
1784379784.9617245,0,0,19223,37,0.0,0.0,0.0,0.0,1.895,0.0
1784379785.0277448,0,0,19233,37,0.0,0.0,0.0,0.0,1.895,0.0
1784379785.0830164,0,0,19243,37,0.0,0.0,0.0,0.0,1.895,0.0
1784379785.143058,0,0,19253,37,0.0,0.0,0.0,0.0,1.895,0.0
1784379785.2655993,0,0,19263,37,0.0,0.0,0.0,0.0,1.895,0.0
1784379785.3439493,0,0,19273,37,0.0,0.0,0.0,0.0,1.895,0.0
1784379785.4132304,0,0,19283,37,0.0,0.0,0.0,0.0,1.895,0.0
1784379785.4678645,0,0,19293,37,0.0,0.0,0.0,0.0,1.895,0.0
1784379785.5166612,0,0,19303,37,0.0,0.0,0.0,0.0,1.895,0.0
1784379785.5825543,0,0,19313,37,0.0,0.0,0.0,0.0,1.895,0.0
1784379785.6390977,0,0,19323,37,0.0,0.0,0.0,0.0,1.895,0.0
1784379785.7015593,0,0,19333,37,0.0,0.0,0.0,0.0,1.895,0.0
1784379785.7604768,0,0,19343,37,0.0,0.0,0.0,0.0,1.895,0.0
1784379785.8374052,0,0,19353,37,0.0,0.0,0.0,0.0,1.895,0.0
1784379785.8965223,0,0,19363,37,0.0,0.0,0.0,0.0,1.895,0.0
1784379785.9530866,0,0,19373,37,0.0,0.0,0.0,0.0,1.895,0.0
1784379786.0186913,0,0,19383,37,0.0,0.0,0.0,0.0,1.895,0.0
1784379786.0831535,0,0,19393,37,0.0,0.0,0.0,0.0,1.895,0.0
1784379786.1531303,0,0,19403,37,0.0,0.0,0.0,0.0,1.895,0.0
1784379786.219422,0,0,19413,37,0.0,0.0,0.0,0.0,1.895,0.0
1784379786.2715287,0,0,19423,37,0.0,0.0,0.0,0.0,1.895,0.0
1784379786.3358605,0,0,19433,37,0.0,0.0,0.0,0.0,1.896,0.0
1784379786.4152174,0,0,19443,37,0.0,0.0,0.0,0.0,1.896,0.0
1784379786.4772136,0,0,19453,37,0.0,0.0,0.0,0.0,1.896,0.0
1784379786.5948596,0,0,19463,37,0.0,0.0,0.0,0.0,1.896,0.0
1784379786.6597712,0,0,19473,37,0.0,0.0,0.0,0.0,1.896,0.0
1784379786.7216594,0,0,19483,37,0.0,0.0,0.0,0.0,1.896,0.0
1784379786.7751684,0,0,19493,37,0.0,0.0,0.0,0.0,1.896,0.0
1784379786.8317976,0,0,19503,37,0.0,0.0,0.0,0.0,1.897,0.0
1784379787.001497,0,0,19513,37,0.0,0.0,0.0,0.0,1.897,0.0
1784379787.1298428,0,0,19523,37,0.0,0.0,0.0,0.0,1.897,0.0
1784379787.221335,0,0,19533,37,0.0,0.0,0.0,0.0,1.897,0.0
1784379787.269163,0,0,19543,37,0.0,0.0,0.0,0.0,1.897,0.0
1784379787.3661306,0,0,19553,37,0.0,0.0,0.0,0.0,1.897,0.0
1784379787.4506853,0,0,19563,37,0.0,0.0,0.0,0.0,1.897,0.0
1784379787.502052,0,0,19573,37,0.0,0.0,0.0,0.0,1.898,0.0
1784379787.557557,0,0,19583,37,0.0,0.0,0.0,0.0,1.898,0.0
1784379787.6158886,0,0,19593,37,0.0,0.0,0.0,0.0,1.898,0.0
1784379787.6802049,0,0,19603,37,0.0,0.0,0.0,0.0,1.898,0.0
1784379787.7233877,0,0,19613,37,0.0,0.0,0.0,0.0,1.898,0.0
1784379787.7746332,0,0,19623,37,0.0,0.0,0.0,0.0,1.898,0.0
1784379787.8204045,0,0,19633,37,0.0,0.0,0.0,0.0,1.898,0.0
1784379787.900006,0,0,19643,37,0.0,0.0,0.0,0.0,1.898,0.0
1784379788.111135,0,0,19653,37,0.0,0.0,0.0,0.0,1.898,0.0
1784379788.1864364,0,0,19663,37,0.0,0.0,0.0,0.0,1.899,0.0
1784379788.2361953,0,0,19673,37,0.0,0.0,0.0,0.0,1.899,0.0
1784379788.2837546,0,0,19683,37,0.0,0.0,0.0,0.0,1.899,0.0
1784379788.333248,0,0,19693,37,0.0,0.0,0.0,0.0,1.899,0.0
1784379788.4028451,0,0,19703,37,0.0,0.0,0.0,0.0,1.899,0.0
1784379788.465115,0,0,19713,37,0.0,0.0,0.0,0.0,1.899,0.0
1784379788.532586,0,0,19723,37,0.0,0.0,0.0,0.0,1.899,0.0
1784379788.5925672,0,0,19733,37,0.0,0.0,0.0,0.0,1.899,0.0
1784379788.6645904,0,0,19743,37,0.0,0.0,0.0,0.0,1.899,0.0
1784379788.719521,0,0,19753,37,0.0,0.0,0.0,0.0,1.899,0.0
1784379788.7913814,0,0,19763,37,0.0,0.0,0.0,0.0,1.9,0.0
1784379788.850514,0,0,19773,37,0.0,0.0,0.0,0.0,1.9,0.0
1784379788.9119732,0,0,19783,37,0.0,0.0,0.0,0.0,1.9,0.0
1784379788.9603436,0,0,19793,37,0.0,0.0,0.0,0.0,1.9,0.0
1784379789.012483,0,0,19803,37,0.0,0.0,0.0,0.0,1.9,0.0
1784379789.0874236,0,0,19813,37,0.0,0.0,0.0,0.0,1.9,0.0
1784379789.1503906,0,0,19823,37,0.0,0.0,0.0,0.0,1.9,0.0
1784379789.2144802,0,0,19833,37,0.0,0.0,0.0,0.0,1.901,0.0
1784379789.327125,0,0,19843,37,0.0,0.0,0.0,0.0,1.901,0.0
1784379789.4754999,0,0,19853,37,0.0,0.0,0.0,0.0,1.901,0.0
1784379789.7567077,0,0,19863,37,0.0,0.0,0.0,0.0,1.901,0.0
1784379789.828443,0,0,19873,37,0.0,0.0,0.0,0.0,1.901,0.0
1784379789.888452,0,0,19883,37,0.0,0.0,0.0,0.0,1.902,0.0
1784379789.9321282,0,0,19893,37,0.0,0.0,0.0,0.0,1.902,0.0
1784379790.0045233,0,0,19903,37,0.0,0.0,0.0,0.0,1.902,0.0
1784379790.0581424,0,0,19913,37,0.0,0.0,0.0,0.0,1.902,0.0
1784379790.1076713,0,0,19923,37,0.0,0.0,0.0,0.0,1.902,0.0
1784379790.147331,0,0,19933,37,0.0,0.0,0.0,0.0,1.902,0.0
1784379790.1980627,0,0,19943,37,0.0,0.0,0.0,0.0,1.903,0.0
1784379790.246382,0,0,19953,37,0.0,0.0,0.0,0.0,1.903,0.0
1784379790.304061,0,0,19963,37,0.0,0.0,0.0,0.0,1.903,0.0
1784379790.3466282,0,0,19973,37,0.0,0.0,0.0,0.0,1.903,0.0
1784379790.4059577,0,0,19983,37,0.0,0.0,0.0,0.0,1.903,0.0
1784379790.5185466,0,0,19993,37,0.0,0.0,0.0,0.0,1.904,0.0
1784379790.6203744,0,0,20003,37,0.0,0.0,0.0,0.0,1.904,0.0
1784379790.7059762,0,0,20013,37,0.0,0.0,0.0,0.0,1.904,0.0
1784379790.7729406,0,0,20023,37,0.0,0.0,0.0,0.0,1.904,0.0
1784379790.8204515,0,0,20033,37,0.0,0.0,0.0,0.0,1.904,0.0
1784379790.8696306,0,0,20043,37,0.0,0.0,0.0,0.0,1.905,0.0
1784379790.9323192,0,0,20053,37,0.0,0.0,0.0,0.0,1.905,0.0
1784379791.0280247,0,0,20063,37,0.0,0.0,0.0,0.0,1.905,0.0
1784379791.0717921,0,0,20073,37,0.0,0.0,0.0,0.0,1.905,0.0
1784379791.13745,0,0,20083,37,0.0,0.0,0.0,0.0,1.905,0.0
1784379791.204657,0,0,20093,37,0.0,0.0,0.0,0.0,1.906,0.0
1784379791.2662125,0,0,20103,37,0.0,0.0,0.0,0.0,1.906,0.0
1784379791.3231156,0,0,20113,37,0.0,0.0,0.0,0.0,1.906,0.0
1784379791.3779972,0,0,20123,37,0.0,0.0,0.0,0.0,1.906,0.0
1784379791.4929101,0,0,20133,37,0.0,0.0,0.0,0.0,1.906,0.0
1784379791.5684648,0,0,20143,37,0.0,0.0,0.0,0.0,1.907,0.0
1784379791.6365743,0,0,20153,37,0.0,0.0,0.0,0.0,1.907,0.0
1784379791.6823483,0,0,20163,37,0.0,0.0,0.0,0.0,1.907,0.0
1784379791.728588,0,0,20173,37,0.0,0.0,0.0,0.0,1.907,0.0
1784379791.8601723,0,0,20183,37,0.0,0.0,0.0,0.0,1.907,0.0
1784379791.992941,0,0,20193,37,0.0,0.0,0.0,0.0,1.907,0.0
1784379792.1396627,0,0,20203,37,0.0,0.0,0.0,0.0,1.908,0.0
1784379792.272818,0,0,20213,37,0.0,0.0,0.0,0.0,1.908,0.0
1784379792.3517122,0,0,20223,37,0.0,0.0,0.0,0.0,1.908,0.0
1784379792.4545038,0,0,20233,37,0.0,0.0,0.0,0.0,1.908,0.0
1784379792.5823712,0,0,20243,37,0.0,0.0,0.0,0.0,1.908,0.0
1784379792.6895988,0,0,20253,37,0.0,0.0,0.0,0.0,1.909,0.0
1784379793.0436141,0,0,20263,37,0.0,0.0,0.0,0.0,1.909,0.0
1784379793.0748448,0,0,20273,37,0.0,0.0,0.0,0.0,1.909,0.0
1784379793.1389081,0,0,20283,37,0.0,0.0,0.0,0.0,1.909,0.0
1784379793.1860368,0,0,20293,37,0.0,0.0,0.0,0.0,1.91,0.0
1784379793.2721877,0,0,20303,37,0.0,0.0,0.0,0.0,1.91,0.0
1784379793.3323035,0,0,20313,37,0.0,0.0,0.0,0.0,1.91,0.0
1784379793.3968518,0,0,20323,37,0.0,0.0,0.0,0.0,1.911,0.0
1784379793.4857328,0,0,20333,37,0.0,0.0,0.0,0.0,1.911,0.0
1784379793.5541441,0,0,20343,37,0.0,0.0,0.0,0.0,1.911,0.0
1784379793.6216578,0,0,20353,37,0.0,0.0,0.0,0.0,1.911,0.0
1784379793.6869855,0,0,20363,37,0.0,0.0,0.0,0.0,1.912,0.0
1784379793.7476149,0,0,20373,37,0.0,0.0,0.0,0.0,1.912,0.0
1784379793.8278658,0,0,20383,37,0.0,0.0,0.0,0.0,1.912,0.0
1784379793.901894,0,0,20393,37,0.0,0.0,0.0,0.0,1.913,0.0
1784379793.9564624,0,0,20403,37,0.0,0.0,0.0,0.0,1.913,0.0
1784379794.0162423,0,0,20413,37,0.0,0.0,0.0,0.0,1.913,0.0
1784379794.0732443,0,0,20423,37,0.0,0.0,0.0,0.0,1.913,0.0
1784379794.122509,0,0,20433,37,0.0,0.0,0.0,0.0,1.914,0.0
1784379794.1712883,0,0,20443,37,0.0,0.0,0.0,0.0,1.914,0.0
1784379794.2452438,0,0,20453,37,0.0,0.0,0.0,0.0,1.914,0.0
1784379794.3473635,0,0,20463,37,0.0,0.0,0.0,0.0,1.915,0.0
1784379794.3985023,0,0,20473,37,0.0,0.0,0.0,0.0,1.915,0.0
1784379794.5014968,0,0,20483,37,0.0,0.0,0.0,0.0,1.915,0.0
1784379794.5893419,0,0,20493,37,0.0,0.0,0.0,0.0,1.915,0.0
1784379794.6626816,0,0,20503,37,0.0,0.0,0.0,0.0,1.916,0.0
1784379794.7308142,0,0,20513,37,0.0,0.0,0.0,0.0,1.916,0.0
1784379794.798754,0,0,20523,37,0.0,0.0,0.0,0.0,1.916,0.0
1784379794.8470078,0,0,20533,37,0.0,0.0,0.0,0.0,1.917,0.0
1784379794.8980951,0,0,20543,37,0.0,0.0,0.0,0.0,1.917,0.0
1784379794.967317,0,0,20553,37,0.0,0.0,0.0,0.0,1.917,0.0
1784379795.0216234,0,0,20563,37,0.0,0.0,0.0,0.0,1.918,0.0
1784379795.150676,0,0,20573,37,0.0,0.0,0.0,0.0,1.918,0.0
1784379795.2620087,0,0,20583,37,0.0,0.0,0.0,0.0,1.918,0.0
1784379795.3595104,0,0,20593,37,0.0,0.0,0.0,0.0,1.918,0.0
1784379795.4276679,0,0,20603,37,0.0,0.0,0.0,0.0,1.918,0.0
1784379795.5050972,0,0,20613,37,0.0,0.0,0.0,0.0,1.919,0.0
1784379795.5767505,0,0,20623,37,0.0,0.0,0.0,0.0,1.919,0.0
1784379795.627448,0,0,20633,37,0.0,0.0,0.0,0.0,1.919,0.0
1784379795.6951334,0,0,20643,37,0.0,0.0,0.0,0.0,1.919,0.0
1784379795.7690327,0,0,20653,37,0.0,0.0,0.0,0.0,1.92,0.0
1784379795.8698475,0,0,20663,37,0.0,0.0,0.0,0.0,1.92,0.0
1784379795.9258642,0,0,20673,37,0.0,0.0,0.0,0.0,1.92,0.0
1784379795.9722626,0,0,20683,37,0.0,0.0,0.0,0.0,1.92,0.0
1784379796.023463,0,0,20693,37,0.0,0.0,0.0,0.0,1.92,0.0
1784379796.0698,0,0,20703,37,0.0,0.0,0.0,0.0,1.921,0.0
1784379796.1225543,0,0,20713,37,0.0,0.0,0.0,0.0,1.921,0.0
1784379796.1745691,0,0,20723,37,0.0,0.0,0.0,0.0,1.921,0.0
1784379796.2396274,0,0,20733,37,0.0,0.0,0.0,0.0,1.921,0.0
1784379796.284633,0,0,20743,37,0.0,0.0,0.0,0.0,1.921,0.0
1784379796.3290246,0,0,20753,37,0.0,0.0,0.0,0.0,1.921,0.0
1784379796.3750894,0,0,20763,37,0.0,0.0,0.0,0.0,1.921,0.0
1784379796.4341226,0,0,20773,37,0.0,0.0,0.0,0.0,1.922,0.0
1784379796.4920914,0,0,20783,37,0.0,0.0,0.0,0.0,1.922,0.0
1784379796.5251877,0,0,20793,37,0.0,0.0,0.0,0.0,1.922,0.0
1784379796.6154215,0,0,20803,37,0.0,0.0,0.0,0.0,1.922,0.0
1784379796.6804523,0,0,20813,37,0.0,0.0,0.0,0.0,1.922,0.0
1784379796.7364159,0,0,20823,37,0.0,0.0,0.0,0.0,1.922,0.0
1784379796.7952769,0,0,20833,37,0.0,0.0,0.0,0.0,1.922,0.0
1784379796.886244,0,0,20843,37,0.0,0.0,0.0,0.0,1.922,0.0
1784379796.9539692,0,0,20853,37,0.0,0.0,0.0,0.0,1.922,0.0
1784379797.0540736,0,0,20863,37,0.0,0.0,0.0,0.0,1.923,0.0
1784379797.122273,0,0,20873,37,0.0,0.0,0.0,0.0,1.923,0.0
1784379797.1752553,0,0,20883,37,0.0,0.0,0.0,0.0,1.923,0.0
1784379797.2381628,0,0,20893,37,0.0,0.0,0.0,0.0,1.923,0.0
1784379797.3043134,0,0,20903,37,0.0,0.0,0.0,0.0,1.923,0.0
1784379797.426318,0,0,20913,37,0.0,0.0,0.0,0.0,1.923,0.0
1784379797.573971,0,0,20923,37,0.0,0.0,0.0,0.0,1.923,0.0
1784379797.667218,0,0,20933,37,0.0,0.0,0.0,0.0,1.923,0.0
1784379797.7296195,0,0,20943,37,0.0,0.0,0.0,0.0,1.923,0.0
1784379797.7827492,0,0,20953,37,0.0,0.0,0.0,0.0,1.923,0.0
1784379797.8356216,0,0,20963,37,0.0,0.0,0.0,0.0,1.923,0.0
1784379797.9097676,0,0,20973,37,0.0,0.0,0.0,0.0,1.923,0.0
1784379797.9712036,0,0,20983,37,0.0,0.0,0.0,0.0,1.923,0.0
1784379798.0320387,0,0,20993,37,0.0,0.0,0.0,0.0,1.923,0.0
1784379798.0958529,0,0,21003,37,0.0,0.0,0.0,0.0,1.924,0.0
1784379798.1495082,0,0,21013,37,0.0,0.0,0.0,0.0,1.924,0.0
1784379798.1976686,0,0,21023,37,0.0,0.0,0.0,0.0,1.924,0.0
1784379798.2475367,0,0,21033,37,0.0,0.0,0.0,0.0,1.924,0.0
1784379798.288278,0,0,21043,37,0.0,0.0,0.0,0.0,1.924,0.0
1784379798.3672428,0,0,21053,37,0.0,0.0,0.0,0.0,1.924,0.0
1784379798.5065012,0,0,21063,37,0.0,0.0,0.0,0.0,1.924,0.0
1784379798.5567875,0,0,21073,37,0.0,0.0,0.0,0.0,1.924,0.0
1784379798.6083763,0,0,21083,37,0.0,0.0,0.0,0.0,1.924,0.0
1784379798.6949484,0,0,21093,37,0.0,0.0,0.0,0.0,1.924,0.0
1784379798.7649293,0,0,21103,37,0.0,0.0,0.0,0.0,1.924,0.0
1784379798.8431263,0,0,21113,37,0.0,0.0,0.0,0.0,1.924,0.0
1784379798.8936207,0,0,21123,37,0.0,0.0,0.0,0.0,1.924,0.0
1784379798.9461386,0,0,21133,37,0.0,0.0,0.0,0.0,1.925,0.0
1784379799.014709,0,0,21143,37,0.0,0.0,0.0,0.0,1.925,0.0
1784379799.0931168,0,0,21153,37,0.0,0.0,0.0,0.0,1.925,0.0
1784379799.1695406,0,0,21163,37,0.0,0.0,0.0,0.0,1.925,0.0
1784379799.2278934,0,0,21173,37,0.0,0.0,0.0,0.0,1.925,0.0
1784379799.2855344,0,0,21183,37,0.0,0.0,0.0,0.0,1.925,0.0
1784379799.3362916,0,0,21193,37,0.0,0.0,0.0,0.0,1.925,0.0
1784379799.3829052,0,0,21203,37,0.0,0.0,0.0,0.0,1.925,0.0
1784379799.4614573,0,0,21213,37,0.0,0.0,0.0,0.0,1.926,0.0
1784379799.5173695,0,0,21223,37,0.0,0.0,0.0,0.0,1.926,0.0
1784379799.6285625,0,0,21233,37,0.0,0.0,0.0,0.0,1.926,0.0
1784379799.7186503,0,0,21243,37,0.0,0.0,0.0,0.0,1.926,0.0
1784379799.815243,0,0,21253,37,0.0,0.0,0.0,0.0,1.926,0.0
1784379799.9413755,0,0,21263,37,0.0,0.0,0.0,0.0,1.926,0.0
1784379799.9959693,0,0,21273,37,0.0,0.0,0.0,0.0,1.926,0.0
1784379800.102791,0,0,21283,37,0.0,0.0,0.0,0.0,1.926,0.0
1784379800.1469731,0,0,21293,37,0.0,0.0,0.0,0.0,1.926,0.0
1784379800.2014513,0,0,21303,37,0.0,0.0,0.0,0.0,1.926,0.0
1784379800.266053,0,0,21313,37,0.0,0.0,0.0,0.0,1.927,0.0
1784379800.33864,0,0,21323,37,0.0,0.0,0.0,0.0,1.927,0.0
1784379800.4025278,0,0,21333,37,0.0,0.0,0.0,0.0,1.927,0.0
1784379800.4762242,0,0,21343,37,0.0,0.0,0.0,0.0,1.927,0.0
1784379800.5291548,0,0,21353,37,0.0,0.0,0.0,0.0,1.927,0.0
1784379800.6003616,0,0,21363,37,0.0,0.0,0.0,0.0,1.927,0.0
1784379800.6590989,0,0,21373,37,0.0,0.0,0.0,0.0,1.927,0.0
1784379800.7533286,0,0,21383,37,0.0,0.0,0.0,0.0,1.927,0.0
1784379800.796708,0,0,21393,37,0.0,0.0,0.0,0.0,1.927,0.0
1784379800.850084,0,0,21403,37,0.0,0.0,0.0,0.0,1.927,0.0
1784379800.9155288,0,0,21413,37,0.0,0.0,0.0,0.0,1.928,0.0
1784379800.9848676,0,0,21423,37,0.0,0.0,0.0,0.0,1.928,0.0
1784379801.0438545,0,0,21433,37,0.0,0.0,0.0,0.0,1.928,0.0
1784379801.1055553,0,0,21443,37,0.0,0.0,0.0,0.0,1.928,0.0
1784379801.1600177,0,0,21453,37,0.0,0.0,0.0,0.0,1.928,0.0
1784379801.291845,0,0,21463,37,0.0,0.0,0.0,0.0,1.928,0.0
1784379801.3515306,0,0,21473,37,0.0,0.0,0.0,0.0,1.928,0.0
1784379801.4172924,0,0,21483,37,0.0,0.0,0.0,0.0,1.928,0.0
1784379801.4946294,0,0,21493,37,0.0,0.0,0.0,0.0,1.928,0.0
1784379801.5491607,0,0,21503,37,0.0,0.0,0.0,0.0,1.928,0.0
1784379801.601728,0,0,21513,37,0.0,0.0,0.0,0.0,1.928,0.0
1784379801.649867,0,0,21523,37,0.0,0.0,0.0,0.0,1.928,0.0
1784379801.7393334,0,0,21533,37,0.0,0.0,0.0,0.0,1.928,0.0
1784379801.823655,0,0,21543,37,0.0,0.0,0.0,0.0,1.928,0.0
1784379801.939297,0,0,21553,37,0.0,0.0,0.0,0.0,1.928,0.0
1784379802.0500035,0,0,21563,37,0.0,0.0,0.0,0.0,1.928,0.0
1784379802.1581001,0,0,21573,37,0.0,0.0,0.0,0.0,1.928,0.0
1784379802.2372165,0,0,21583,37,0.0,0.0,0.0,0.0,1.928,0.0
1784379802.2919672,0,0,21593,37,0.0,0.0,0.0,0.0,1.929,0.0
1784379802.3414376,0,0,21603,37,0.0,0.0,0.0,0.0,1.929,0.0
1784379802.3714974,0,0,21613,37,0.0,0.0,0.0,0.0,1.929,0.0
1784379802.4338639,0,0,21623,37,0.0,0.0,0.0,0.0,1.929,0.0
1784379802.4858809,0,0,21633,37,0.0,0.0,0.0,0.0,1.929,0.0
1784379802.550028,0,0,21643,37,0.0,0.0,0.0,0.0,1.929,0.0
1784379802.6034446,0,0,21653,37,0.0,0.0,0.0,0.0,1.929,0.0
1784379802.7541637,0,0,21663,37,0.0,0.0,0.0,0.0,1.929,0.0
1784379802.8200705,0,0,21673,37,0.0,0.0,0.0,0.0,1.929,0.0
1784379802.8777673,0,0,21683,37,0.0,0.0,0.0,0.0,1.929,0.0
1784379802.9490826,0,0,21693,37,0.0,0.0,0.0,0.0,1.929,0.0
1784379803.00154,0,0,21703,37,0.0,0.0,0.0,0.0,1.929,0.0
1784379803.0739088,0,0,21713,37,0.0,0.0,0.0,0.0,1.929,0.0
1784379803.1280882,0,0,21723,37,0.0,0.0,0.0,0.0,1.929,0.0
1784379803.1967788,0,0,21733,37,0.0,0.0,0.0,0.0,1.929,0.0
1784379803.2613719,0,0,21743,37,0.0,0.0,0.0,0.0,1.929,0.0
1784379803.350135,0,0,21753,37,0.0,0.0,0.0,0.0,1.929,0.0
1784379803.4156363,0,0,21763,37,0.0,0.0,0.0,0.0,1.929,0.0
1784379803.4901521,0,0,21773,37,0.0,0.0,0.0,0.0,1.929,0.0
1784379803.5689244,0,0,21783,37,0.0,0.0,0.0,0.0,1.929,0.0
1784379803.6281505,0,0,21793,37,0.0,0.0,0.0,0.0,1.929,0.0
1784379803.721615,0,0,21803,37,0.0,0.0,0.0,0.0,1.929,0.0
1784379803.7723615,0,0,21813,37,0.0,0.0,0.0,0.0,1.929,0.0
1784379803.8389623,0,0,21823,37,0.0,0.0,0.0,0.0,1.929,0.0
1784379803.9189186,0,0,21833,37,0.0,0.0,0.0,0.0,1.929,0.0
1784379804.0028653,0,0,21843,37,0.0,0.0,0.0,0.0,1.929,0.0
1784379804.080581,0,0,21853,37,0.0,0.0,0.0,0.0,1.929,0.0
1784379804.2003014,0,0,21863,37,0.0,0.0,0.0,0.0,1.929,0.0
1784379804.3273613,0,0,21873,37,0.0,0.0,0.0,0.0,1.929,0.0
1784379804.4301174,0,0,21883,37,0.0,0.0,0.0,0.0,1.929,0.0
1784379804.5228007,0,0,21893,37,0.0,0.0,0.0,0.0,1.929,0.0
1784379804.6432383,0,0,21903,37,0.0,0.0,0.0,0.0,1.929,0.0
1784379804.7065654,0,0,21913,37,0.0,0.0,0.0,0.0,1.929,0.0
1784379804.7965806,0,0,21923,37,0.0,0.0,0.0,0.0,1.929,0.0
1784379804.8758864,0,0,21933,37,0.0,0.0,0.0,0.0,1.929,0.0
1784379804.936639,0,0,21943,37,0.0,0.0,0.0,0.0,1.928,0.0
1784379804.9961793,0,0,21953,37,0.0,0.0,0.0,0.0,1.928,0.0
1784379805.0460844,0,0,21963,37,0.0,0.0,0.0,0.0,1.928,0.0
1784379805.1412575,0,0,21973,37,0.0,0.0,0.0,0.0,1.928,0.0
1784379805.2022848,0,0,21983,37,0.0,0.0,0.0,0.0,1.928,0.0
1784379805.26583,0,0,21993,37,0.0,0.0,0.0,0.0,1.928,0.0
1784379805.3295527,0,0,22003,37,0.0,0.0,0.0,0.0,1.928,0.0
1784379805.387121,0,0,22013,37,0.0,0.0,0.0,0.0,1.928,0.0
1784379805.4455955,0,0,22023,37,0.0,0.0,0.0,0.0,1.928,0.0
1784379805.5211637,0,0,22033,37,0.0,0.0,0.0,0.0,1.928,0.0
1784379805.580302,0,0,22043,37,0.0,0.0,0.0,0.0,1.928,0.0
1784379805.6344075,0,0,22053,37,0.0,0.0,0.0,0.0,1.927,0.0
1784379805.7399235,0,0,22063,37,0.0,0.0,0.0,0.0,1.927,0.0
1784379805.8008854,0,0,22073,37,0.0,0.0,0.0,0.0,1.927,0.0
1784379805.8752818,0,0,22083,37,0.0,0.0,0.0,0.0,1.927,0.0
1784379805.9465587,0,0,22093,37,0.0,0.0,0.0,0.0,1.927,0.0
1784379806.0060396,0,0,22103,37,0.0,0.0,0.0,0.0,1.927,0.0
1784379806.083248,0,0,22113,37,0.0,0.0,0.0,0.0,1.927,0.0
1784379806.1257825,0,0,22123,37,0.0,0.0,0.0,0.0,1.927,0.0
1784379806.2003906,0,0,22133,37,0.0,0.0,0.0,0.0,1.927,0.0
1784379806.2491736,0,0,22143,37,0.0,0.0,0.0,0.0,1.927,0.0
1784379806.3262198,0,0,22153,37,0.0,0.0,0.0,0.0,1.926,0.0
1784379806.3701017,0,0,22163,37,0.0,0.0,0.0,0.0,1.926,0.0
1784379806.4383929,0,0,22173,37,0.0,0.0,0.0,0.0,1.926,0.0
1784379806.5011184,0,0,22183,37,0.0,0.0,0.0,0.0,1.926,0.0
1784379806.5716875,0,0,22193,37,0.0,0.0,0.0,0.0,1.926,0.0
1784379806.6311188,0,0,22203,37,0.0,0.0,0.0,0.0,1.926,0.0
1784379806.7674417,0,0,22213,37,0.0,0.0,0.0,0.0,1.926,0.0
1784379806.8944175,0,0,22223,37,0.0,0.0,0.0,0.0,1.926,0.0
1784379806.9550247,0,0,22233,37,0.0,0.0,0.0,0.0,1.925,0.0
1784379807.015498,0,0,22243,37,0.0,0.0,0.0,0.0,1.925,0.0
1784379807.0632558,0,0,22253,37,0.0,0.0,0.0,0.0,1.925,0.0
1784379807.173069,0,0,22263,37,0.0,0.0,0.0,0.0,1.925,0.0
1784379807.2367115,0,0,22273,37,0.0,0.0,0.0,0.0,1.925,0.0
1784379807.306582,0,0,22283,37,0.0,0.0,0.0,0.0,1.925,0.0
1784379807.3799527,0,0,22293,37,0.0,0.0,0.0,0.0,1.925,0.0
1784379807.4482522,0,0,22303,37,0.0,0.0,0.0,0.0,1.925,0.0
1784379807.5274384,0,0,22313,37,0.0,0.0,0.0,0.0,1.925,0.0
1784379807.5759237,0,0,22323,37,0.0,0.0,0.0,0.0,1.925,0.0
1784379807.6387482,0,0,22333,37,0.0,0.0,0.0,0.0,1.925,0.0
1784379807.7229457,0,0,22343,37,0.0,0.0,0.0,0.0,1.925,0.0
1784379807.8019888,0,0,22353,37,0.0,0.0,0.0,0.0,1.925,0.0
1784379807.8995802,0,0,22363,37,0.0,0.0,0.0,0.0,1.925,0.0
1784379807.951712,0,0,22373,37,0.0,0.0,0.0,0.0,1.925,0.0
1784379808.0085213,0,0,22383,37,0.0,0.0,0.0,0.0,1.924,0.0
1784379808.0557623,0,0,22393,37,0.0,0.0,0.0,0.0,1.924,0.0
1784379808.116513,0,0,22403,37,0.0,0.0,0.0,0.0,1.924,0.0
1784379808.1659896,0,0,22413,37,0.0,0.0,0.0,0.0,1.924,0.0
1784379808.2769287,0,0,22423,37,0.0,0.0,0.0,0.0,1.924,0.0
1784379808.3396719,0,0,22433,37,0.0,0.0,0.0,0.0,1.924,0.0
1784379808.4023669,0,0,22443,37,0.0,0.0,0.0,0.0,1.924,0.0
1784379808.4506702,0,0,22453,37,0.0,0.0,0.0,0.0,1.924,0.0
1784379808.5541186,0,0,22463,37,0.0,0.0,0.0,0.0,1.923,0.0
1784379808.6364803,0,0,22473,37,0.0,0.0,0.0,0.0,1.923,0.0
1784379808.6857388,0,0,22483,37,0.0,0.0,0.0,0.0,1.923,0.0
1784379808.7359655,0,0,22493,37,0.0,0.0,0.0,0.0,1.923,0.0
1784379808.805737,0,0,22503,37,0.0,0.0,0.0,0.0,1.923,0.0
1784379808.9140816,0,0,22513,37,0.0,0.0,0.0,0.0,1.923,0.0
1784379808.9729433,0,0,22523,37,0.0,0.0,0.0,0.0,1.923,0.0
1784379809.0964496,0,0,22533,37,0.0,0.0,0.0,0.0,1.923,0.0
1784379809.1645648,0,0,22543,37,0.0,0.0,0.0,0.0,1.923,0.0
1784379809.280204,0,0,22553,37,0.0,0.0,0.0,0.0,1.922,0.0
1784379809.435636,0,0,22563,37,0.0,0.0,0.0,0.0,1.922,0.0
1784379809.5239787,0,0,22573,37,0.0,0.0,0.0,0.0,1.922,0.0
1784379809.6301978,0,0,22583,37,0.0,0.0,0.0,0.0,1.922,0.0
1784379809.7076414,0,0,22593,37,0.0,0.0,0.0,0.0,1.922,0.0
1784379809.7646065,0,0,22603,37,0.0,0.0,0.0,0.0,1.922,0.0
1784379809.8479486,0,0,22613,37,0.0,0.0,0.0,0.0,1.922,0.0
1784379809.9381852,0,0,22623,37,0.0,0.0,0.0,0.0,1.922,0.0
1784379810.0099816,0,0,22633,37,0.0,0.0,0.0,0.0,1.922,0.0
1784379810.055071,0,0,22643,37,0.0,0.0,0.0,0.0,1.921,0.0
1784379810.1127508,0,0,22653,37,0.0,0.0,0.0,0.0,1.921,0.0
1784379810.2105289,0,0,22663,37,0.0,0.0,0.0,0.0,1.921,0.0
1784379810.3531442,0,0,22673,37,0.0,0.0,0.0,0.0,1.921,0.0
1784379810.4179618,0,0,22683,37,0.0,0.0,0.0,0.0,1.921,0.0
1784379810.4777982,0,0,22693,37,0.0,0.0,0.0,0.0,1.921,0.0
1784379810.5420928,0,0,22703,37,0.0,0.0,0.0,0.0,1.921,0.0
1784379810.6031606,0,0,22713,37,0.0,0.0,0.0,0.0,1.92,0.0
1784379810.6733556,0,0,22723,37,0.0,0.0,0.0,0.0,1.92,0.0
1784379810.7286198,0,0,22733,37,0.0,0.0,0.0,0.0,1.92,0.0
1784379810.7828507,0,0,22743,37,0.0,0.0,0.0,0.0,1.92,0.0
1784379810.8515546,0,0,22753,37,0.0,0.0,0.0,0.0,1.92,0.0
1784379810.9247413,0,0,22763,37,0.0,0.0,0.0,0.0,1.92,0.0
1784379810.9844012,0,0,22773,37,0.0,0.0,0.0,0.0,1.919,0.0
1784379811.0572145,0,0,22783,37,0.0,0.0,0.0,0.0,1.919,0.0
1784379811.1195476,0,0,22793,37,0.0,0.0,0.0,0.0,1.919,0.0
1784379811.1893358,0,0,22803,37,0.0,0.0,0.0,0.0,1.919,0.0
1784379811.260101,0,0,22813,37,0.0,0.0,0.0,0.0,1.919,0.0
1784379811.3277838,0,0,22823,37,0.0,0.0,0.0,0.0,1.919,0.0
1784379811.415647,0,0,22833,37,0.0,0.0,0.0,0.0,1.918,0.0
1784379811.4866195,0,0,22843,37,0.0,0.0,0.0,0.0,1.918,0.0
1784379811.578688,0,0,22853,37,0.0,0.0,0.0,0.0,1.918,0.0
1784379811.6855998,0,0,22863,37,0.0,0.0,0.0,0.0,1.918,0.0
1784379811.7948642,0,0,22873,37,0.0,0.0,0.0,0.0,1.917,0.0
1784379811.8615239,0,0,22883,37,0.0,0.0,0.0,0.0,1.917,0.0
1784379811.9580057,0,0,22893,37,0.0,0.0,0.0,0.0,1.917,0.0
1784379812.0227344,0,0,22903,37,0.0,0.0,0.0,0.0,1.917,0.0
1784379812.0788813,0,0,22913,37,0.0,0.0,0.0,0.0,1.916,0.0
1784379812.1457286,0,0,22923,37,0.0,0.0,0.0,0.0,1.916,0.0
1784379812.1992652,0,0,22933,37,0.0,0.0,0.0,0.0,1.916,0.0
1784379812.2722635,0,0,22943,37,0.0,0.0,0.0,0.0,1.916,0.0
1784379812.333364,0,0,22953,37,0.0,0.0,0.0,0.0,1.915,0.0
1784379812.4178858,0,0,22963,37,0.0,0.0,0.0,0.0,1.915,0.0
1784379812.473051,0,0,22973,37,0.0,0.0,0.0,0.0,1.915,0.0
1784379812.561673,0,0,22983,37,0.0,0.0,0.0,0.0,1.914,0.0
1784379812.6336799,0,0,22993,37,0.0,0.0,0.0,0.0,1.914,0.0
1784379812.7019737,0,0,23003,37,0.0,0.0,0.0,0.0,1.914,0.0
1784379812.798624,0,0,23013,37,0.0,0.0,0.0,0.0,1.913,0.0
1784379812.8714373,0,0,23023,37,0.0,0.0,0.0,0.0,1.913,0.0
1784379812.930139,0,0,23033,37,0.0,0.0,0.0,0.0,1.913,0.0
1784379812.9932876,0,0,23043,37,0.0,0.0,0.0,0.0,1.912,0.0
1784379813.0514312,0,0,23053,37,0.0,0.0,0.0,0.0,1.912,0.0
1784379813.1659894,0,0,23063,37,0.0,0.0,0.0,0.0,1.912,0.0
1784379813.2286098,0,0,23073,37,0.0,0.0,0.0,0.0,1.911,0.0
1784379813.292147,0,0,23083,37,0.0,0.0,0.0,0.0,1.911,0.0
1784379813.357197,0,0,23093,37,0.0,0.0,0.0,0.0,1.911,0.0
1784379813.4123428,0,0,23103,37,0.0,0.0,0.0,0.0,1.91,0.0
1784379813.460722,0,0,23113,37,0.0,0.0,0.0,0.0,1.91,0.0
1784379813.53078,0,0,23123,37,0.0,0.0,0.0,0.0,1.91,0.0
1784379813.5976512,0,0,23133,37,0.0,0.0,0.0,0.0,1.909,0.0
1784379813.6435692,0,0,23143,37,0.0,0.0,0.0,0.0,1.909,0.0
1784379813.713095,0,0,23153,37,0.0,0.0,0.0,0.0,1.908,0.0
1784379813.809165,0,0,23163,37,0.0,0.0,0.0,0.0,1.908,0.0
1784379813.8895407,0,0,23173,37,0.0,0.0,0.0,0.0,1.907,0.0
1784379813.9341047,0,0,23183,37,0.0,0.0,0.0,0.0,1.907,0.0
1784379814.0099432,0,0,23193,37,0.0,0.0,0.0,0.0,1.907,0.0
1784379814.0612953,0,0,23203,37,0.0,0.0,0.0,0.0,1.906,0.0
1784379814.1370165,0,0,23213,37,0.0,0.0,0.0,0.0,1.906,0.0
1784379814.2015042,0,0,23223,37,0.0,0.0,0.0,0.0,1.906,0.0
1784379814.2656178,0,0,23233,37,0.0,0.0,0.0,0.0,1.906,0.0
1784379814.3362217,0,0,23243,37,0.0,0.0,0.0,0.0,1.906,0.0
1784379814.4158962,0,0,23253,37,0.0,0.0,0.0,0.0,1.906,0.0
1784379814.4996624,0,0,23263,37,0.0,0.0,0.0,0.0,1.906,0.0
1784379814.6110275,0,0,23273,37,0.0,0.0,0.0,0.0,1.906,0.0
1784379814.6741326,0,0,23283,37,0.0,0.0,0.0,0.0,1.907,0.0
1784379814.7360878,0,0,23293,37,0.0,0.0,0.0,0.0,1.907,0.0
1784379814.8083317,0,0,23303,37,0.0,0.0,0.0,0.0,1.907,0.0
1784379814.887572,0,0,23313,37,0.0,0.0,0.0,0.0,1.907,0.0
1784379814.9760473,0,0,23323,37,0.0,0.0,0.0,0.0,1.907,0.0
1784379815.048487,0,0,23333,37,0.0,0.0,0.0,0.0,1.907,0.0
1784379815.1457884,0,0,23343,37,0.0,0.0,0.0,0.0,1.907,0.0
1784379815.1948183,0,0,23353,37,0.0,0.0,0.0,0.0,1.907,0.0
1784379815.2482426,0,0,23363,37,0.0,0.0,0.0,0.0,1.907,0.0
1784379815.292844,0,0,23373,37,0.0,0.0,0.0,0.0,1.907,0.0
1784379815.3682978,0,0,23383,37,0.0,0.0,0.0,0.0,1.907,0.0
1784379815.442632,0,0,23393,37,0.0,0.0,0.0,0.0,1.907,0.0
1784379815.5337152,0,0,23403,37,0.0,0.0,0.0,0.0,1.907,0.0
1784379815.5804663,0,0,23413,37,0.0,0.0,0.0,0.0,1.907,0.0
1784379815.650143,0,0,23423,37,0.0,0.0,0.0,0.0,1.908,0.0
1784379815.6818478,0,0,23433,37,0.0,0.0,0.0,0.0,1.908,0.0
1784379815.7219338,0,0,23443,37,0.0,0.0,0.0,0.0,1.908,0.0
1784379815.7868485,0,0,23453,37,0.0,0.0,0.0,0.0,1.908,0.0
1784379815.8921804,0,0,23463,37,0.0,0.0,0.0,0.0,1.908,0.0
1784379815.973705,0,0,23473,37,0.0,0.0,0.0,0.0,1.908,0.0
1784379816.047966,0,0,23483,37,0.0,0.0,0.0,0.0,1.908,0.0
1784379816.104727,0,0,23493,37,0.0,0.0,0.0,0.0,1.908,0.0
1784379816.176425,0,0,23503,37,0.0,0.0,0.0,0.0,1.908,0.0
1784379816.2397726,0,0,23513,37,0.0,0.0,0.0,0.0,1.908,0.0
1784379816.3211231,0,0,23523,37,0.0,0.0,0.0,0.0,1.909,0.0
1784379816.3861012,0,0,23533,37,0.0,0.0,0.0,0.0,1.909,0.0
1784379816.4368417,0,0,23543,37,0.0,0.0,0.0,0.0,1.909,0.0
1784379816.5130298,0,0,23553,37,0.0,0.0,0.0,0.0,1.909,0.0
1784379816.6097562,0,0,23563,37,0.0,0.0,0.0,0.0,1.909,0.0
1784379816.6701899,0,0,23573,37,0.0,0.0,0.0,0.0,1.909,0.0
1784379816.7228122,0,0,23583,37,0.0,0.0,0.0,0.0,1.909,0.0
1784379816.7953615,0,0,23593,37,0.0,0.0,0.0,0.0,1.909,0.0
1784379816.8731456,0,0,23603,37,0.0,0.0,0.0,0.0,1.909,0.0
1784379816.9304492,0,0,23613,37,0.0,0.0,0.0,0.0,1.909,0.0
1784379817.0035155,0,0,23623,37,0.0,0.0,0.0,0.0,1.91,0.0
1784379817.066474,0,0,23633,37,0.0,0.0,0.0,0.0,1.91,0.0
1784379817.1378684,0,0,23643,37,0.0,0.0,0.0,0.0,1.91,0.0
1784379817.1895444,0,0,23653,37,0.0,0.0,0.0,0.0,1.91,0.0
1784379817.2654045,0,0,23663,37,0.0,0.0,0.0,0.0,1.91,0.0
1784379817.3426797,0,0,23673,37,0.0,0.0,0.0,0.0,1.91,0.0
1784379817.411096,0,0,23683,37,0.0,0.0,0.0,0.0,1.91,0.0
1784379817.484965,0,0,23693,37,0.0,0.0,0.0,0.0,1.91,0.0
1784379817.5382621,0,0,23703,37,0.0,0.0,0.0,0.0,1.91,0.0
1784379817.5967288,0,0,23713,37,0.0,0.0,0.0,0.0,1.91,0.0
1784379817.6500835,0,0,23723,37,0.0,0.0,0.0,0.0,1.911,0.0
1784379817.7245436,0,0,23733,37,0.0,0.0,0.0,0.0,1.911,0.0
1784379817.8000467,0,0,23743,37,0.0,0.0,0.0,0.0,1.911,0.0
1784379817.8632383,0,0,23753,37,0.0,0.0,0.0,0.0,1.911,0.0
1784379817.9326863,0,0,23763,37,0.0,0.0,0.0,0.0,1.911,0.0
1784379818.0038173,0,0,23773,37,0.0,0.0,0.0,0.0,1.911,0.0
1784379818.0722535,0,0,23783,37,0.0,0.0,0.0,0.0,1.911,0.0
1784379818.1401434,0,0,23793,37,0.0,0.0,0.0,0.0,1.911,0.0
1784379818.195834,0,0,23803,37,0.0,0.0,0.0,0.0,1.911,0.0
1784379818.2617679,0,0,23813,37,0.0,0.0,0.0,0.0,1.911,0.0
1784379818.32305,0,0,23823,37,0.0,0.0,0.0,0.0,1.911,0.0
1784379818.4012032,0,0,23833,37,0.0,0.0,0.0,0.0,1.911,0.0
1784379818.4682775,0,0,23843,37,0.0,0.0,0.0,0.0,1.912,0.0
1784379818.5443602,0,0,23853,37,0.0,0.0,0.0,0.0,1.912,0.0
1784379818.602452,0,0,23863,37,0.0,0.0,0.0,0.0,1.912,0.0
1784379818.6482022,0,0,23873,37,0.0,0.0,0.0,0.0,1.912,0.0
1784379818.7162406,0,0,23883,37,0.0,0.0,0.0,0.0,1.912,0.0
1784379818.7828016,0,0,23893,37,0.0,0.0,0.0,0.0,1.912,0.0
1784379818.851306,0,0,23903,37,0.0,0.0,0.0,0.0,1.912,0.0
1784379818.9268732,0,0,23913,37,0.0,0.0,0.0,0.0,1.912,0.0
1784379818.996223,0,0,23923,37,0.0,0.0,0.0,0.0,1.912,0.0
1784379819.0684688,0,0,23933,37,0.0,0.0,0.0,0.0,1.912,0.0
1784379819.127972,0,0,23943,37,0.0,0.0,0.0,0.0,1.912,0.0
1784379819.1992013,0,0,23953,37,0.0,0.0,0.0,0.0,1.912,0.0
1784379819.26677,0,0,23963,37,0.0,0.0,0.0,0.0,1.912,0.0
1784379819.338985,0,0,23973,37,0.0,0.0,0.0,0.0,1.912,0.0
1784379819.4142346,0,0,23983,37,0.0,0.0,0.0,0.0,1.912,0.0
1784379819.47829,0,0,23993,37,0.0,0.0,0.0,0.0,1.912,0.0
1784379819.532302,0,0,24003,37,0.0,0.0,0.0,0.0,1.913,0.0
1784379819.6143079,0,0,24013,37,0.0,0.0,0.0,0.0,1.913,0.0
1784379819.689758,0,0,24023,37,0.0,0.0,0.0,0.0,1.912,0.0
1784379819.7610435,0,0,24033,37,0.0,0.0,0.0,0.0,1.912,0.0
1784379819.8477123,0,0,24043,37,0.0,0.0,0.0,0.0,1.912,0.0
1784379819.9120874,0,0,24053,37,0.0,0.0,0.0,0.0,1.912,0.0
1784379819.971924,0,0,24063,37,0.0,0.0,0.0,0.0,1.912,0.0
1784379820.0437446,0,0,24073,37,0.0,0.0,0.0,0.0,1.912,0.0
1784379820.093366,0,0,24083,37,0.0,0.0,0.0,0.0,1.912,0.0
1784379820.1626928,0,0,24093,37,0.0,0.0,0.0,0.0,1.912,0.0
1784379820.2293246,0,0,24103,37,0.0,0.0,0.0,0.0,1.912,0.0
1784379820.2894688,0,0,24113,37,0.0,0.0,0.0,0.0,1.912,0.0
1784379820.3857124,0,0,24123,37,0.0,0.0,0.0,0.0,1.912,0.0
1784379820.447177,0,0,24133,37,0.0,0.0,0.0,0.0,1.912,0.0
1784379820.528543,0,0,24143,37,0.0,0.0,0.0,0.0,1.911,0.0
1784379820.6278462,0,0,24153,37,0.0,0.0,0.0,0.0,1.911,0.0
1784379820.6985824,0,0,24163,37,0.0,0.0,0.0,0.0,1.911,0.0
1784379820.770278,0,0,24173,37,0.0,0.0,0.0,0.0,1.911,0.0
1784379820.8361511,0,0,24183,37,0.0,0.0,0.0,0.0,1.911,0.0
1784379820.8968701,0,0,24193,37,0.0,0.0,0.0,0.0,1.911,0.0
1784379820.976314,0,0,24203,37,0.0,0.0,0.0,0.0,1.911,0.0
1784379821.034864,0,0,24213,37,0.0,0.0,0.0,0.0,1.911,0.0
1784379821.1050847,0,0,24223,37,0.0,0.0,0.0,0.0,1.911,0.0
1784379821.1840312,0,0,24233,37,0.0,0.0,0.0,0.0,1.911,0.0
1784379821.2398844,0,0,24243,37,0.0,0.0,0.0,0.0,1.911,0.0
1784379821.3164911,0,0,24253,37,0.0,0.0,0.0,0.0,1.911,0.0
1784379821.3969882,0,0,24263,37,0.0,0.0,0.0,0.0,1.911,0.0
1784379821.4536278,0,0,24273,37,0.0,0.0,0.0,0.0,1.911,0.0
1784379821.5291243,0,0,24283,37,0.0,0.0,0.0,0.0,1.911,0.0
1784379821.5886145,0,0,24293,37,0.0,0.0,0.0,0.0,1.911,0.0
1784379821.665878,0,0,24303,37,0.0,0.0,0.0,0.0,1.911,0.0
1784379821.7481928,0,0,24313,37,0.0,0.0,0.0,0.0,1.911,0.0
1784379821.826103,0,0,24323,37,0.0,0.0,0.0,0.0,1.911,0.0
1784379821.9117124,0,0,24333,37,0.0,0.0,0.0,0.0,1.91,0.0
1784379821.9852169,0,0,24343,37,0.0,0.0,0.0,0.0,1.91,0.0
1784379822.028168,0,0,24353,37,0.0,0.0,0.0,0.0,1.91,0.0
1784379822.0907218,0,0,24363,37,0.0,0.0,0.0,0.0,1.91,0.0
1784379822.1599596,0,0,24373,37,0.0,0.0,0.0,0.0,1.91,0.0
1784379822.2339878,0,0,24383,37,0.0,0.0,0.0,0.0,1.91,0.0
1784379822.2889287,0,0,24393,37,0.0,0.0,0.0,0.0,1.91,0.0
1784379822.3532314,0,0,24403,37,0.0,0.0,0.0,0.0,1.91,0.0
1784379822.415791,0,0,24413,37,0.0,0.0,0.0,0.0,1.91,0.0
1784379822.4826152,0,0,24423,37,0.0,0.0,0.0,0.0,1.91,0.0
1784379822.5544662,0,0,24433,37,0.0,0.0,0.0,0.0,1.91,0.0
1784379822.6091077,0,0,24443,37,0.0,0.0,0.0,0.0,1.91,0.0
1784379822.6799445,0,0,24453,37,0.0,0.0,0.0,0.0,1.91,0.0
1784379822.7578063,0,0,24463,37,0.0,0.0,0.0,0.0,1.91,0.0
1784379822.8213968,0,0,24473,37,0.0,0.0,0.0,0.0,1.91,0.0
1784379822.8807263,0,0,24483,37,0.0,0.0,0.0,0.0,1.91,0.0
1784379822.9534316,0,0,24493,37,0.0,0.0,0.0,0.0,1.91,0.0
1784379823.014959,0,0,24503,37,0.0,0.0,0.0,0.0,1.91,0.0
1784379823.0728676,0,0,24513,37,0.0,0.0,0.0,0.0,1.91,0.0
1784379823.1379497,0,0,24523,37,0.0,0.0,0.0,0.0,1.91,0.0
1784379823.1912107,0,0,24533,37,0.0,0.0,0.0,0.0,1.91,0.0
1784379823.2491693,0,0,24543,37,0.0,0.0,0.0,0.0,1.91,0.0
1784379823.3141866,0,0,24553,37,0.0,0.0,0.0,0.0,1.91,0.0
1784379823.370147,0,0,24563,37,0.0,0.0,0.0,0.0,1.91,0.0
1784379823.4169502,0,0,24573,37,0.0,0.0,0.0,0.0,1.91,0.0
1784379823.4860804,0,0,24583,37,0.0,0.0,0.0,0.0,1.91,0.0
1784379823.5391595,0,0,24593,37,0.0,0.0,0.0,0.0,1.91,0.0
1784379823.6067889,0,0,24603,37,0.0,0.0,0.0,0.0,1.91,0.0
1784379823.6981413,0,0,24613,37,0.0,0.0,0.0,0.0,1.91,0.0
1784379823.7623618,0,0,24623,37,0.0,0.0,0.0,0.0,1.91,0.0
1784379823.831973,0,0,24633,37,0.0,0.0,0.0,0.0,1.91,0.0
1784379823.894031,0,0,24643,37,0.0,0.0,0.0,0.0,1.91,0.0
1784379823.9775598,0,0,24653,37,0.0,0.0,0.0,0.0,1.91,0.0
1784379824.0459855,0,0,24663,37,0.0,0.0,0.0,0.0,1.91,0.0
1784379824.1101873,0,0,24673,37,0.0,0.0,0.0,0.0,1.91,0.0
1784379824.184875,0,0,24683,37,0.0,0.0,0.0,0.0,1.91,0.0
1784379824.2756228,0,0,24693,37,0.0,0.0,0.0,0.0,1.91,0.0
1784379824.3270051,0,0,24703,37,0.0,0.0,0.0,0.0,1.911,0.0
1784379824.384723,0,0,24713,37,0.0,0.0,0.0,0.0,1.911,0.0
1784379824.449103,0,0,24723,37,0.0,0.0,0.0,0.0,1.911,0.0
1784379824.51778,0,0,24733,37,0.0,0.0,0.0,0.0,1.911,0.0
1784379824.6328814,0,0,24743,37,0.0,0.0,0.0,0.0,1.911,0.0
1784379824.7034981,0,0,24753,37,0.0,0.0,0.0,0.0,1.911,0.0
1784379824.7693074,0,0,24763,37,0.0,0.0,0.0,0.0,1.911,0.0
1784379824.8284392,0,0,24773,37,0.0,0.0,0.0,0.0,1.911,0.0
1784379824.9406352,0,0,24783,37,0.0,0.0,0.0,0.0,1.911,0.0
1784379825.0259902,0,0,24793,37,0.0,0.0,0.0,0.0,1.912,0.0
1784379825.1114504,0,0,24803,37,0.0,0.0,0.0,0.0,1.912,0.0
1784379825.1705525,0,0,24813,37,0.0,0.0,0.0,0.0,1.912,0.0
1784379825.2401614,0,0,24823,37,0.0,0.0,0.0,0.0,1.912,0.0
1784379825.3287814,0,0,24833,37,0.0,0.0,0.0,0.0,1.912,0.0
1784379825.4161723,0,0,24843,37,0.0,0.0,0.0,0.0,1.912,0.0
1784379825.4889596,0,0,24853,37,0.0,0.0,0.0,0.0,1.912,0.0
1784379825.5753634,0,0,24863,37,0.0,0.0,0.0,0.0,1.912,0.0
1784379825.6443563,0,0,24873,37,0.0,0.0,0.0,0.0,1.912,0.0
1784379825.7092745,0,0,24883,37,0.0,0.0,0.0,0.0,1.912,0.0
1784379825.7754695,0,0,24893,37,0.0,0.0,0.0,0.0,1.912,0.0
1784379825.832409,0,0,24903,37,0.0,0.0,0.0,0.0,1.912,0.0
1784379825.8869321,0,0,24913,37,0.0,0.0,0.0,0.0,1.912,0.0
1784379825.9549308,0,0,24923,37,0.0,0.0,0.0,0.0,1.912,0.0
1784379826.010424,0,0,24933,37,0.0,0.0,0.0,0.0,1.912,0.0
1784379826.0688262,0,0,24943,37,0.0,0.0,0.0,0.0,1.913,0.0
1784379826.1375792,0,0,24953,37,0.0,0.0,0.0,0.0,1.913,0.0
1784379826.1946838,0,0,24963,37,0.0,0.0,0.0,0.0,1.913,0.0
1784379826.2662141,0,0,24973,37,0.0,0.0,0.0,0.0,1.913,0.0
1784379826.3262572,0,0,24983,37,0.0,0.0,0.0,0.0,1.913,0.0
1784379826.3947167,0,0,24993,37,0.0,0.0,0.0,0.0,1.913,0.0
1784379826.453187,0,0,25003,37,0.0,0.0,0.0,0.0,1.913,0.0
1784379826.5157287,0,0,25013,37,0.0,0.0,0.0,0.0,1.913,0.0
1784379826.5778959,0,0,25023,37,0.0,0.0,0.0,0.0,1.913,0.0
1784379826.64968,0,0,25033,37,0.0,0.0,0.0,0.0,1.913,0.0
1784379826.715316,0,0,25043,37,0.0,0.0,0.0,0.0,1.913,0.0
1784379826.7881684,0,0,25053,37,0.0,0.0,0.0,0.0,1.913,0.0
1784379826.864528,0,0,25063,37,0.0,0.0,0.0,0.0,1.913,0.0
1784379826.9348714,0,0,25073,37,0.0,0.0,0.0,0.0,1.913,0.0
1784379827.0030158,0,0,25083,37,0.0,0.0,0.0,0.0,1.913,0.0
1784379827.0665216,0,0,25093,37,0.0,0.0,0.0,0.0,1.913,0.0
1784379827.1346889,0,0,25103,37,0.0,0.0,0.0,0.0,1.913,0.0
1784379827.2091691,0,0,25113,37,0.0,0.0,0.0,0.0,1.913,0.0
1784379827.2734501,0,0,25123,37,0.0,0.0,0.0,0.0,1.913,0.0
1784379827.3451786,0,0,25133,37,0.0,0.0,0.0,0.0,1.914,0.0
1784379827.4084313,0,0,25143,37,0.0,0.0,0.0,0.0,1.914,0.0
1784379827.482961,0,0,25153,37,0.0,0.0,0.0,0.0,1.914,0.0
1784379827.5438395,0,0,25163,37,0.0,0.0,0.0,0.0,1.914,0.0
1784379827.6205015,0,0,25173,37,0.0,0.0,0.0,0.0,1.914,0.0
1784379827.6778636,0,0,25183,37,0.0,0.0,0.0,0.0,1.914,0.0
1784379827.7578764,0,0,25193,37,0.0,0.0,0.0,0.0,1.914,0.0
1784379827.8295574,0,0,25203,37,0.0,0.0,0.0,0.0,1.914,0.0
1784379827.891466,0,0,25213,37,0.0,0.0,0.0,0.0,1.914,0.0
1784379827.9673216,0,0,25223,37,0.0,0.0,0.0,0.0,1.914,0.0
1784379828.0217552,0,0,25233,37,0.0,0.0,0.0,0.0,1.914,0.0
1784379828.0843077,0,0,25243,37,0.0,0.0,0.0,0.0,1.914,0.0
1784379828.1359098,0,0,25253,37,0.0,0.0,0.0,0.0,1.914,0.0
1784379828.2047164,0,0,25263,37,0.0,0.0,0.0,0.0,1.914,0.0
1784379828.2560236,0,0,25273,37,0.0,0.0,0.0,0.0,1.914,0.0
1784379828.3181329,0,0,25283,37,0.0,0.0,0.0,0.0,1.914,0.0
1784379828.3698053,0,0,25293,37,0.0,0.0,0.0,0.0,1.914,0.0
1784379828.4374712,0,0,25303,37,0.0,0.0,0.0,0.0,1.914,0.0
1784379828.4964724,0,0,25313,37,0.0,0.0,0.0,0.0,1.914,0.0
1784379828.5793555,0,0,25323,37,0.0,0.0,0.0,0.0,1.914,0.0
1784379828.64602,0,0,25333,37,0.0,0.0,0.0,0.0,1.914,0.0
1784379828.7207713,0,0,25343,37,0.0,0.0,0.0,0.0,1.914,0.0
1784379828.8004763,0,0,25353,37,0.0,0.0,0.0,0.0,1.914,0.0
1784379828.857287,0,0,25363,37,0.0,0.0,0.0,0.0,1.914,0.0
1784379828.9254525,0,0,25373,37,0.0,0.0,0.0,0.0,1.914,0.0
1784379828.987742,0,0,25383,37,0.0,0.0,0.0,0.0,1.914,0.0
1784379829.0447915,0,0,25393,37,0.0,0.0,0.0,0.0,1.914,0.0
1784379829.1087089,0,0,25403,37,0.0,0.0,0.0,0.0,1.914,0.0
1784379829.1899428,0,0,25413,37,0.0,0.0,0.0,0.0,1.914,0.0
1784379829.3022027,0,0,25423,37,0.0,0.0,0.0,0.0,1.914,0.0
1784379829.3717053,0,0,25433,37,0.0,0.0,0.0,0.0,1.914,0.0
1784379829.4285345,0,0,25443,37,0.0,0.0,0.0,0.0,1.914,0.0
1784379829.4875834,0,0,25453,37,0.0,0.0,0.0,0.0,1.915,0.0
1784379829.583297,0,0,25463,37,0.0,0.0,0.0,0.0,1.915,0.0
1784379829.6496336,0,0,25473,37,0.0,0.0,0.0,0.0,1.915,0.0
1784379829.7250736,0,0,25483,37,0.0,0.0,0.0,0.0,1.915,0.0
1784379829.7914672,0,0,25493,37,0.0,0.0,0.0,0.0,1.915,0.0
1784379829.8578527,0,0,25503,37,0.0,0.0,0.0,0.0,1.915,0.0
1784379829.9299135,0,0,25513,37,0.0,0.0,0.0,0.0,1.915,0.0
1784379829.983868,0,0,25523,37,0.0,0.0,0.0,0.0,1.915,0.0
1784379830.0425491,0,0,25533,37,0.0,0.0,0.0,0.0,1.915,0.0
1784379830.107827,0,0,25543,37,0.0,0.0,0.0,0.0,1.915,0.0
1784379830.1769354,0,0,25553,37,0.0,0.0,0.0,0.0,1.915,0.0
1784379830.2288413,0,0,25563,37,0.0,0.0,0.0,0.0,1.915,0.0
1784379830.298974,0,0,25573,37,0.0,0.0,0.0,0.0,1.915,0.0
1784379830.3877177,0,0,25583,37,0.0,0.0,0.0,0.0,1.915,0.0
1784379830.4450123,0,0,25593,37,0.0,0.0,0.0,0.0,1.915,0.0
1784379830.5132427,0,0,25603,37,0.0,0.0,0.0,0.0,1.915,0.0
1784379830.5785472,0,0,25613,37,0.0,0.0,0.0,0.0,1.915,0.0
1784379830.6500843,0,0,25623,37,0.0,0.0,0.0,0.0,1.915,0.0
1784379830.7226894,0,0,25633,37,0.0,0.0,0.0,0.0,1.915,0.0
1784379830.7966416,0,0,25643,37,0.0,0.0,0.0,0.0,1.915,0.0
1784379830.8810291,0,0,25653,37,0.0,0.0,0.0,0.0,1.915,0.0
1784379830.9629216,0,0,25663,37,0.0,0.0,0.0,0.0,1.915,0.0
1784379831.0299869,0,0,25673,37,0.0,0.0,0.0,0.0,1.915,0.0
1784379831.1043518,0,0,25683,37,0.0,0.0,0.0,0.0,1.915,0.0
1784379831.1838894,0,0,25693,37,0.0,0.0,0.0,0.0,1.915,0.0
1784379831.2473288,0,0,25703,37,0.0,0.0,0.0,0.0,1.915,0.0
1784379831.3070436,0,0,25713,37,0.0,0.0,0.0,0.0,1.915,0.0
1784379831.38235,0,0,25723,37,0.0,0.0,0.0,0.0,1.915,0.0
1784379831.4641986,0,0,25733,37,0.0,0.0,0.0,0.0,1.915,0.0
1784379831.5490634,0,0,25743,37,0.0,0.0,0.0,0.0,1.915,0.0
1784379831.61821,0,0,25753,37,0.0,0.0,0.0,0.0,1.915,0.0
1784379831.7074187,0,0,25763,37,0.0,0.0,0.0,0.0,1.915,0.0
1784379831.783245,0,0,25773,37,0.0,0.0,0.0,0.0,1.916,0.0
1784379831.8321066,0,0,25783,37,0.0,0.0,0.0,0.0,1.916,0.0
1784379831.8928742,0,0,25793,37,0.0,0.0,0.0,0.0,1.916,0.0
1784379831.977959,0,0,25803,37,0.0,0.0,0.0,0.0,1.916,0.0
1784379832.0402126,0,0,25813,37,0.0,0.0,0.0,0.0,1.916,0.0
1784379832.1034327,0,0,25823,37,0.0,0.0,0.0,0.0,1.916,0.0
1784379832.1618311,0,0,25833,37,0.0,0.0,0.0,0.0,1.916,0.0
1784379832.232975,0,0,25843,37,0.0,0.0,0.0,0.0,1.916,0.0
1784379832.3210313,0,0,25853,37,0.0,0.0,0.0,0.0,1.916,0.0
1784379832.4119132,0,0,25863,37,0.0,0.0,0.0,0.0,1.916,0.0
1784379832.481019,0,0,25873,37,0.0,0.0,0.0,0.0,1.916,0.0
1784379832.5493994,0,0,25883,37,0.0,0.0,0.0,0.0,1.916,0.0
1784379832.6002383,0,0,25893,37,0.0,0.0,0.0,0.0,1.916,0.0
1784379832.6457646,0,0,25903,37,0.0,0.0,0.0,0.0,1.916,0.0
1784379832.704409,0,0,25913,37,0.0,0.0,0.0,0.0,1.916,0.0
1784379832.7734444,0,0,25923,37,0.0,0.0,0.0,0.0,1.916,0.0
1784379832.8284721,0,0,25933,37,0.0,0.0,0.0,0.0,1.916,0.0
1784379832.9062347,0,0,25943,37,0.0,0.0,0.0,0.0,1.916,0.0
1784379832.9629066,0,0,25953,37,0.0,0.0,0.0,0.0,1.916,0.0
1784379833.023898,0,0,25963,37,0.0,0.0,0.0,0.0,1.916,0.0
1784379833.0784743,0,0,25973,37,0.0,0.0,0.0,0.0,1.916,0.0
1784379833.1423254,0,0,25983,37,0.0,0.0,0.0,0.0,1.916,0.0
1784379833.203105,0,0,25993,37,0.0,0.0,0.0,0.0,1.916,0.0
1784379833.2623265,0,0,26003,37,0.0,0.0,0.0,0.0,1.916,0.0
1784379833.3338187,0,0,26013,37,0.0,0.0,0.0,0.0,1.916,0.0
1784379833.3900287,0,0,26023,37,0.0,0.0,0.0,0.0,1.916,0.0
1784379833.462491,0,0,26033,37,0.0,0.0,0.0,0.0,1.916,0.0
1784379833.5334947,0,0,26043,37,0.0,0.0,0.0,0.0,1.916,0.0
1784379833.630751,0,0,26053,37,0.0,0.0,0.0,0.0,1.916,0.0
1784379833.6989582,0,0,26063,37,0.0,0.0,0.0,0.0,1.916,0.0
1784379833.7920938,0,0,26073,37,0.0,0.0,0.0,0.0,1.916,0.0
1784379833.8633554,0,0,26083,37,0.0,0.0,0.0,0.0,1.916,0.0
1784379833.9366474,0,0,26093,37,0.0,0.0,0.0,0.0,1.916,0.0
1784379833.9858122,0,0,26103,37,0.0,0.0,0.0,0.0,1.916,0.0
1784379834.0566742,0,0,26113,37,0.0,0.0,0.0,0.0,1.916,0.0
1784379834.1545396,0,0,26123,37,0.0,0.0,0.0,0.0,1.916,0.0
1784379834.2310553,0,0,26133,37,0.0,0.0,0.0,0.0,1.916,0.0
1784379834.2990746,0,0,26143,37,0.0,0.0,0.0,0.0,1.916,0.0
1784379834.372824,0,0,26153,37,0.0,0.0,0.0,0.0,1.916,0.0
1784379834.4603927,0,0,26163,37,0.0,0.0,0.0,0.0,1.916,0.0
1784379834.5318975,0,0,26173,37,0.0,0.0,0.0,0.0,1.916,0.0
1784379834.6104476,0,0,26183,37,0.0,0.0,0.0,0.0,1.915,0.0
1784379834.6898317,0,0,26193,37,0.0,0.0,0.0,0.0,1.915,0.0
1784379834.7612288,0,0,26203,37,0.0,0.0,0.0,0.0,1.915,0.0
1784379834.8255515,0,0,26213,37,0.0,0.0,0.0,0.0,1.915,0.0
1784379834.892858,0,0,26223,37,0.0,0.0,0.0,0.0,1.915,0.0
1784379834.9631312,0,0,26233,37,0.0,0.0,0.0,0.0,1.915,0.0
1784379835.0763197,0,0,26243,37,0.0,0.0,0.0,0.0,1.915,0.0
1784379835.1660004,0,0,26253,37,0.0,0.0,0.0,0.0,1.915,0.0
1784379835.227711,0,0,26263,37,0.0,0.0,0.0,0.0,1.915,0.0
1784379835.3053703,0,0,26273,37,0.0,0.0,0.0,0.0,1.915,0.0
1784379835.3806915,0,0,26283,37,0.0,0.0,0.0,0.0,1.915,0.0
1784379835.4661672,0,0,26293,37,0.0,0.0,0.0,0.0,1.914,0.0
1784379835.550055,0,0,26303,37,0.0,0.0,0.0,0.0,1.914,0.0
1784379835.6293015,0,0,26313,37,0.0,0.0,0.0,0.0,1.914,0.0
1784379835.7148907,0,0,26323,37,0.0,0.0,0.0,0.0,1.914,0.0
1784379835.7943542,0,0,26333,37,0.0,0.0,0.0,0.0,1.914,0.0
1784379835.8575997,0,0,26343,37,0.0,0.0,0.0,0.0,1.914,0.0
1784379835.9303477,0,0,26353,37,0.0,0.0,0.0,0.0,1.914,0.0
1784379836.0195029,0,0,26363,37,0.0,0.0,0.0,0.0,1.914,0.0
1784379836.0913622,0,0,26373,37,0.0,0.0,0.0,0.0,1.914,0.0
1784379836.1536055,0,0,26383,37,0.0,0.0,0.0,0.0,1.913,0.0
1784379836.2250314,0,0,26393,37,0.0,0.0,0.0,0.0,1.913,0.0
1784379836.2921045,0,0,26403,37,0.0,0.0,0.0,0.0,1.913,0.0
1784379836.355408,0,0,26413,37,0.0,0.0,0.0,0.0,1.913,0.0
1784379836.4431303,0,0,26423,37,0.0,0.0,0.0,0.0,1.913,0.0
1784379836.5217848,0,0,26433,37,0.0,0.0,0.0,0.0,1.913,0.0
1784379836.582869,0,0,26443,37,0.0,0.0,0.0,0.0,1.913,0.0
1784379836.6615312,0,0,26453,37,0.0,0.0,0.0,0.0,1.913,0.0
1784379836.7182086,0,0,26463,37,0.0,0.0,0.0,0.0,1.913,0.0
1784379836.785656,0,0,26473,37,0.0,0.0,0.0,0.0,1.912,0.0
1784379836.8555012,0,0,26483,37,0.0,0.0,0.0,0.0,1.912,0.0
1784379836.9151008,0,0,26493,37,0.0,0.0,0.0,0.0,1.912,0.0
1784379836.9791675,0,0,26503,37,0.0,0.0,0.0,0.0,1.912,0.0
1784379837.052978,0,0,26513,37,0.0,0.0,0.0,0.0,1.912,0.0
1784379837.1247358,0,0,26523,37,0.0,0.0,0.0,0.0,1.912,0.0
1784379837.1737595,0,0,26533,37,0.0,0.0,0.0,0.0,1.912,0.0
1784379837.220666,0,0,26543,37,0.0,0.0,0.0,0.0,1.912,0.0
1784379837.2846472,0,0,26553,37,0.0,0.0,0.0,0.0,1.912,0.0
1784379837.3506541,0,0,26563,37,0.0,0.0,0.0,0.0,1.912,0.0
1784379837.4010875,0,0,26573,37,0.0,0.0,0.0,0.0,1.912,0.0
1784379837.4719899,0,0,26583,37,0.0,0.0,0.0,0.0,1.912,0.0
1784379837.5205512,0,0,26593,37,0.0,0.0,0.0,0.0,1.912,0.0
1784379837.6138992,0,0,26603,37,0.0,0.0,0.0,0.0,1.912,0.0
1784379837.703286,0,0,26613,37,0.0,0.0,0.0,0.0,1.912,0.0
1784379837.7543945,0,0,26623,37,0.0,0.0,0.0,0.0,1.912,0.0
1784379837.8079536,0,0,26633,37,0.0,0.0,0.0,0.0,1.912,0.0
1784379837.875033,0,0,26643,37,0.0,0.0,0.0,0.0,1.912,0.0
1784379837.9649231,0,0,26653,37,0.0,0.0,0.0,0.0,1.912,0.0
1784379838.0782046,0,0,26663,37,0.0,0.0,0.0,0.0,1.912,0.0
1784379838.1682756,0,0,26673,37,0.0,0.0,0.0,0.0,1.912,0.0
1784379838.2690911,0,0,26683,37,0.0,0.0,0.0,0.0,1.912,0.0
1784379838.3461394,0,0,26693,37,0.0,0.0,0.0,0.0,1.913,0.0
1784379838.4102774,0,0,26703,37,0.0,0.0,0.0,0.0,1.913,0.0
1784379838.4932597,0,0,26713,37,0.0,0.0,0.0,0.0,1.913,0.0
1784379838.565556,0,0,26723,37,0.0,0.0,0.0,0.0,1.913,0.0
1784379838.6183283,0,0,26733,37,0.0,0.0,0.0,0.0,1.913,0.0
1784379838.686472,0,0,26743,37,0.0,0.0,0.0,0.0,1.913,0.0
1784379838.779725,0,0,26753,37,0.0,0.0,0.0,0.0,1.913,0.0
1784379838.8662305,0,0,26763,37,0.0,0.0,0.0,0.0,1.913,0.0
1784379838.93729,0,0,26773,37,0.0,0.0,0.0,0.0,1.913,0.0
1784379838.999168,0,0,26783,37,0.0,0.0,0.0,0.0,1.913,0.0
1784379839.0574484,0,0,26793,37,0.0,0.0,0.0,0.0,1.913,0.0
1784379839.1187942,0,0,26803,37,0.0,0.0,0.0,0.0,1.913,0.0
1784379839.1656249,0,0,26813,37,0.0,0.0,0.0,0.0,1.914,0.0
1784379839.2278068,0,0,26823,37,0.0,0.0,0.0,0.0,1.914,0.0
1784379839.282056,0,0,26833,37,0.0,0.0,0.0,0.0,1.914,0.0
1784379839.3407707,0,0,26843,37,0.0,0.0,0.0,0.0,1.914,0.0
1784379839.4020522,0,0,26853,37,0.0,0.0,0.0,0.0,1.914,0.0
1784379839.4677076,0,0,26863,37,0.0,0.0,0.0,0.0,1.914,0.0
1784379839.5407987,0,0,26873,37,0.0,0.0,0.0,0.0,1.914,0.0
1784379839.6163857,0,0,26883,37,0.0,0.0,0.0,0.0,1.914,0.0
1784379839.6638334,0,0,26893,37,0.0,0.0,0.0,0.0,1.914,0.0
1784379839.734307,0,0,26903,37,0.0,0.0,0.0,0.0,1.914,0.0
1784379839.7943811,0,0,26913,37,0.0,0.0,0.0,0.0,1.914,0.0
1784379839.8562899,0,0,26923,37,0.0,0.0,0.0,0.0,1.914,0.0
1784379839.9198544,0,0,26933,37,0.0,0.0,0.0,0.0,1.915,0.0
1784379839.9869905,0,0,26943,37,0.0,0.0,0.0,0.0,1.915,0.0
1784379840.0452025,0,0,26953,37,0.0,0.0,0.0,0.0,1.915,0.0
1784379840.1219504,0,0,26963,37,0.0,0.0,0.0,0.0,1.915,0.0
1784379840.1918783,0,0,26973,37,0.0,0.0,0.0,0.0,1.915,0.0
1784379840.2371562,0,0,26983,37,0.0,0.0,0.0,0.0,1.915,0.0
1784379840.2819378,0,0,26993,37,0.0,0.0,0.0,0.0,1.915,0.0
1784379840.332343,0,0,27003,37,0.0,0.0,0.0,0.0,1.915,0.0
1784379840.3856578,0,0,27013,37,0.0,0.0,0.0,0.0,1.915,0.0
1784379840.456156,0,0,27023,37,0.0,0.0,0.0,0.0,1.915,0.0
1784379840.5098927,0,0,27033,37,0.0,0.0,0.0,0.0,1.916,0.0
1784379840.5870767,0,0,27043,37,0.0,0.0,0.0,0.0,1.916,0.0
1784379840.6476388,0,0,27053,37,0.0,0.0,0.0,0.0,1.916,0.0
1784379840.7164934,0,0,27063,37,0.0,0.0,0.0,0.0,1.916,0.0
1784379840.7771153,0,0,27073,37,0.0,0.0,0.0,0.0,1.916,0.0
1784379840.8272345,0,0,27083,37,0.0,0.0,0.0,0.0,1.916,0.0
1784379840.9042485,0,0,27093,37,0.0,0.0,0.0,0.0,1.916,0.0
1784379840.9623554,0,0,27103,37,0.0,0.0,0.0,0.0,1.916,0.0
1784379841.033654,0,0,27113,37,0.0,0.0,0.0,0.0,1.916,0.0
1784379841.08636,0,0,27123,37,0.0,0.0,0.0,0.0,1.916,0.0
1784379841.154555,0,0,27133,37,0.0,0.0,0.0,0.0,1.916,0.0
1784379841.2217026,0,0,27143,37,0.0,0.0,0.0,0.0,1.917,0.0
1784379841.2832127,0,0,27153,37,0.0,0.0,0.0,0.0,1.917,0.0
1784379841.3531182,0,0,27163,37,0.0,0.0,0.0,0.0,1.917,0.0
1784379841.406097,0,0,27173,37,0.0,0.0,0.0,0.0,1.917,0.0
1784379841.4705048,0,0,27183,37,0.0,0.0,0.0,0.0,1.917,0.0
1784379841.54305,0,0,27193,37,0.0,0.0,0.0,0.0,1.917,0.0
1784379841.6337285,0,0,27203,37,0.0,0.0,0.0,0.0,1.917,0.0
1784379841.711399,0,0,27213,37,0.0,0.0,0.0,0.0,1.917,0.0
1784379841.7700512,0,0,27223,37,0.0,0.0,0.0,0.0,1.918,0.0
1784379841.8377624,0,0,27233,37,0.0,0.0,0.0,0.0,1.918,0.0
1784379841.9057772,0,0,27243,37,0.0,0.0,0.0,0.0,1.918,0.0
1784379841.9666605,0,0,27253,37,0.0,0.0,0.0,0.0,1.918,0.0
1784379842.0909033,0,0,27263,37,0.0,0.0,0.0,0.0,1.918,0.0
1784379842.217151,0,0,27273,37,0.0,0.0,0.0,0.0,1.918,0.0
1784379842.284292,0,0,27283,37,0.0,0.0,0.0,0.0,1.918,0.0
1784379842.3794832,0,0,27293,37,0.0,0.0,0.0,0.0,1.919,0.0
1784379842.4443374,0,0,27303,37,0.0,0.0,0.0,0.0,1.919,0.0
1784379842.508123,0,0,27313,37,0.0,0.0,0.0,0.0,1.919,0.0
1784379842.558281,0,0,27323,37,0.0,0.0,0.0,0.0,1.919,0.0
1784379842.6368918,0,0,27333,37,0.0,0.0,0.0,0.0,1.919,0.0
1784379842.6878006,0,0,27343,37,0.0,0.0,0.0,0.0,1.919,0.0
1784379842.7496152,0,0,27353,37,0.0,0.0,0.0,0.0,1.919,0.0
1784379842.8208034,0,0,27363,37,0.0,0.0,0.0,0.0,1.92,0.0
1784379842.8761008,0,0,27373,37,0.0,0.0,0.0,0.0,1.92,0.0
1784379842.950939,0,0,27383,37,0.0,0.0,0.0,0.0,1.92,0.0
1784379843.019013,0,0,27393,37,0.0,0.0,0.0,0.0,1.92,0.0
1784379843.082565,0,0,27403,37,0.0,0.0,0.0,0.0,1.92,0.0
1784379843.15545,0,0,27413,37,0.0,0.0,0.0,0.0,1.92,0.0
1784379843.2111864,0,0,27423,37,0.0,0.0,0.0,0.0,1.921,0.0
1784379843.2689285,0,0,27433,37,0.0,0.0,0.0,0.0,1.921,0.0
1784379843.331563,0,0,27443,37,0.0,0.0,0.0,0.0,1.921,0.0
1784379843.3797357,0,0,27453,37,0.0,0.0,0.0,0.0,1.921,0.0
1784379843.436825,0,0,27463,37,0.0,0.0,0.0,0.0,1.921,0.0
1784379843.4903944,0,0,27473,37,0.0,0.0,0.0,0.0,1.922,0.0
1784379843.5433931,0,0,27483,37,0.0,0.0,0.0,0.0,1.922,0.0
1784379843.6062207,0,0,27493,37,0.0,0.0,0.0,0.0,1.922,0.0
1784379843.6590278,0,0,27503,37,0.0,0.0,0.0,0.0,1.922,0.0
1784379843.7144947,0,0,27513,37,0.0,0.0,0.0,0.0,1.922,0.0
1784379843.7788515,0,0,27523,37,0.0,0.0,0.0,0.0,1.922,0.0
1784379843.838688,0,0,27533,37,0.0,0.0,0.0,0.0,1.923,0.0
1784379843.8962412,0,0,27543,37,0.0,0.0,0.0,0.0,1.923,0.0
1784379843.9823945,0,0,27553,37,0.0,0.0,0.0,0.0,1.923,0.0
1784379844.052101,0,0,27563,37,0.0,0.0,0.0,0.0,1.923,0.0
1784379844.104428,0,0,27573,37,0.0,0.0,0.0,0.0,1.923,0.0
1784379844.1674294,0,0,27583,37,0.0,0.0,0.0,0.0,1.924,0.0
1784379844.2367578,0,0,27593,37,0.0,0.0,0.0,0.0,1.924,0.0
1784379844.338091,0,0,27603,37,0.0,0.0,0.0,0.0,1.924,0.0
1784379844.3968053,0,0,27613,37,0.0,0.0,0.0,0.0,1.924,0.0
1784379844.4364645,0,0,27623,37,0.0,0.0,0.0,0.0,1.924,0.0
1784379844.5018148,0,0,27633,37,0.0,0.0,0.0,0.0,1.925,0.0
1784379844.55606,0,0,27643,37,0.0,0.0,0.0,0.0,1.925,0.0
1784379844.6418533,0,0,27653,37,0.0,0.0,0.0,0.0,1.925,0.0
1784379844.7018974,0,0,27663,37,0.0,0.0,0.0,0.0,1.925,0.0
1784379844.770974,0,0,27673,37,0.0,0.0,0.0,0.0,1.925,0.0
1784379844.8508801,0,0,27683,37,0.0,0.0,0.0,0.0,1.926,0.0
1784379844.900452,0,0,27693,37,0.0,0.0,0.0,0.0,1.926,0.0
1784379844.9630983,0,0,27703,37,0.0,0.0,0.0,0.0,1.926,0.0
1784379845.035042,0,0,27713,37,0.0,0.0,0.0,0.0,1.926,0.0
1784379845.0877597,0,0,27723,37,0.0,0.0,0.0,0.0,1.926,0.0
1784379845.1436281,0,0,27733,37,0.0,0.0,0.0,0.0,1.927,0.0
1784379845.2115843,0,0,27743,37,0.0,0.0,0.0,0.0,1.927,0.0
1784379845.2761621,0,0,27753,37,0.0,0.0,0.0,0.0,1.927,0.0
1784379845.3414865,0,0,27763,37,0.0,0.0,0.0,0.0,1.927,0.0
1784379845.4088178,0,0,27773,37,0.0,0.0,0.0,0.0,1.928,0.0
1784379845.4620247,0,0,27783,37,0.0,0.0,0.0,0.0,1.928,0.0
1784379845.52396,0,0,27793,37,0.0,0.0,0.0,0.0,1.928,0.0
1784379845.59332,0,0,27803,37,0.0,0.0,0.0,0.0,1.928,0.0
1784379845.6635368,0,0,27813,37,0.0,0.0,0.0,0.0,1.929,0.0
1784379845.7132626,0,0,27823,37,0.0,0.0,0.0,0.0,1.929,0.0
1784379845.7878418,0,0,27833,37,0.0,0.0,0.0,0.0,1.929,0.0
1784379845.8580976,0,0,27843,37,0.0,0.0,0.0,0.0,1.929,0.0
1784379845.914817,0,0,27853,37,0.0,0.0,0.0,0.0,1.93,0.0
1784379845.9889712,0,0,27863,37,0.0,0.0,0.0,0.0,1.93,0.0
1784379846.0483768,0,0,27873,37,0.0,0.0,0.0,0.0,1.93,0.0
1784379846.1088774,0,0,27883,37,0.0,0.0,0.0,0.0,1.93,0.0
1784379846.1781404,0,0,27893,37,0.0,0.0,0.0,0.0,1.931,0.0
1784379846.2448473,0,0,27903,37,0.0,0.0,0.0,0.0,1.931,0.0
1784379846.33201,0,0,27913,37,0.0,0.0,0.0,0.0,1.931,0.0
1784379846.3923318,0,0,27923,37,0.0,0.0,0.0,0.0,1.931,0.0
1784379846.4667792,0,0,27933,37,0.0,0.0,0.0,0.0,1.932,0.0
1784379846.5458174,0,0,27943,37,0.0,0.0,0.0,0.0,1.932,0.0
1784379846.6066225,0,0,27953,37,0.0,0.0,0.0,0.0,1.932,0.0
1784379846.6790943,0,0,27963,37,0.0,0.0,0.0,0.0,1.933,0.0
1784379846.7455103,0,0,27973,37,0.0,0.0,0.0,0.0,1.933,0.0
1784379846.796719,0,0,27983,37,0.0,0.0,0.0,0.0,1.933,0.0
1784379846.8575895,0,0,27993,37,0.0,0.0,0.0,0.0,1.933,0.0
1784379846.9254656,0,0,28003,37,0.0,0.0,0.0,0.0,1.934,0.0
1784379846.9875972,0,0,28013,37,0.0,0.0,0.0,0.0,1.934,0.0
1784379847.0407238,0,0,28023,37,0.0,0.0,0.0,0.0,1.934,0.0
1784379847.113537,0,0,28033,37,0.0,0.0,0.0,0.0,1.935,0.0
1784379847.174212,0,0,28043,37,0.0,0.0,0.0,0.0,1.935,0.0
1784379847.2344997,0,0,28053,37,0.0,0.0,0.0,0.0,1.935,0.0
1784379847.318905,0,0,28063,37,0.0,0.0,0.0,0.0,1.936,0.0
1784379847.386099,0,0,28073,37,0.0,0.0,0.0,0.0,1.936,0.0
1784379847.4521441,0,0,28083,37,0.0,0.0,0.0,0.0,1.936,0.0
1784379847.5076056,0,0,28093,37,0.0,0.0,0.0,0.0,1.937,0.0
1784379847.57262,0,0,28103,37,0.0,0.0,0.0,0.0,1.937,0.0
1784379847.6403115,0,0,28113,37,0.0,0.0,0.0,0.0,1.937,0.0
1784379847.71452,0,0,28123,37,0.0,0.0,0.0,0.0,1.937,0.0
1784379847.7644038,0,0,28133,37,0.0,0.0,0.0,0.0,1.938,0.0
1784379847.8392382,0,0,28143,37,0.0,0.0,0.0,0.0,1.938,0.0
1784379847.8834827,0,0,28153,37,0.0,0.0,0.0,0.0,1.938,0.0
1784379847.9618459,0,0,28163,37,0.0,0.0,0.0,0.0,1.938,0.0
1784379848.017152,0,0,28173,37,0.0,0.0,0.0,0.0,1.938,0.0
1784379848.0794015,0,0,28183,37,0.0,0.0,0.0,0.0,1.938,0.0
1784379848.129745,0,0,28193,37,0.0,0.0,0.0,0.0,1.938,0.0
1784379848.1998713,0,0,28203,37,0.0,0.0,0.0,0.0,1.938,0.0
1784379848.26594,0,0,28213,37,0.0,0.0,0.0,0.0,1.938,0.0
1784379848.3154562,0,0,28223,37,0.0,0.0,0.0,0.0,1.938,0.0
1784379848.396304,0,0,28233,37,0.0,0.0,0.0,0.0,1.938,0.0
1784379848.4632454,0,0,28243,37,0.0,0.0,0.0,0.0,1.938,0.0
1784379848.5339057,0,0,28253,37,0.0,0.0,0.0,0.0,1.938,0.0
1784379848.6255317,0,0,28263,37,0.0,0.0,0.0,0.0,1.938,0.0
1784379848.6820214,0,0,28273,37,0.0,0.0,0.0,0.0,1.938,0.0
1784379848.7415903,0,0,28283,37,0.0,0.0,0.0,0.0,1.938,0.0
1784379848.801267,0,0,28293,37,0.0,0.0,0.0,0.0,1.939,0.0
1784379848.8807805,0,0,28303,37,0.0,0.0,0.0,0.0,1.939,0.0
1784379848.9461727,0,0,28313,37,0.0,0.0,0.0,0.0,1.939,0.0
1784379849.0108378,0,0,28323,37,0.0,0.0,0.0,0.0,1.939,0.0
1784379849.0774229,0,0,28333,37,0.0,0.0,0.0,0.0,1.939,0.0
1784379849.1431231,0,0,28343,37,0.0,0.0,0.0,0.0,1.939,0.0
1784379849.212363,0,0,28353,37,0.0,0.0,0.0,0.0,1.939,0.0
1784379849.2790504,0,0,28363,37,0.0,0.0,0.0,0.0,1.939,0.0
1784379849.3336155,0,0,28373,37,0.0,0.0,0.0,0.0,1.939,0.0
1784379849.396067,0,0,28383,37,0.0,0.0,0.0,0.0,1.939,0.0
1784379849.4548519,0,0,28393,37,0.0,0.0,0.0,0.0,1.939,0.0
1784379849.50868,0,0,28403,37,0.0,0.0,0.0,0.0,1.939,0.0
1784379849.5900364,0,0,28413,37,0.0,0.0,0.0,0.0,1.939,0.0
1784379849.6736095,0,0,28423,37,0.0,0.0,0.0,0.0,1.939,0.0
1784379849.725007,0,0,28433,37,0.0,0.0,0.0,0.0,1.939,0.0
1784379849.7939656,0,0,28443,37,0.0,0.0,0.0,0.0,1.939,0.0
1784379849.8385735,0,0,28453,37,0.0,0.0,0.0,0.0,1.939,0.0
1784379849.919737,0,0,28463,37,0.0,0.0,0.0,0.0,1.939,0.0
1784379849.9886649,0,0,28473,37,0.0,0.0,0.0,0.0,1.939,0.0
1784379850.0451233,0,0,28483,37,0.0,0.0,0.0,0.0,1.939,0.0
1784379850.1181107,0,0,28493,37,0.0,0.0,0.0,0.0,1.939,0.0
1784379850.170176,0,0,28503,37,0.0,0.0,0.0,0.0,1.939,0.0
1784379850.2433262,0,0,28513,37,0.0,0.0,0.0,0.0,1.939,0.0
1784379850.292679,0,0,28523,37,0.0,0.0,0.0,0.0,1.939,0.0
1784379850.3711548,0,0,28533,37,0.0,0.0,0.0,0.0,1.939,0.0
1784379850.4476552,0,0,28543,37,0.0,0.0,0.0,0.0,1.939,0.0
1784379850.5170147,0,0,28553,37,0.0,0.0,0.0,0.0,1.939,0.0
1784379850.5795166,0,0,28563,37,0.0,0.0,0.0,0.0,1.939,0.0
1784379850.6513364,0,0,28573,37,0.0,0.0,0.0,0.0,1.939,0.0
1784379850.712451,0,0,28583,37,0.0,0.0,0.0,0.0,1.94,0.0
1784379850.7922604,0,0,28593,37,0.0,0.0,0.0,0.0,1.94,0.0
1784379850.8647447,0,0,28603,37,0.0,0.0,0.0,0.0,1.94,0.0
1784379850.9369097,0,0,28613,37,0.0,0.0,0.0,0.0,1.94,0.0
1784379850.9939096,0,0,28623,37,0.0,0.0,0.0,0.0,1.94,0.0
1784379851.0591412,0,0,28633,37,0.0,0.0,0.0,0.0,1.94,0.0
1784379851.1239703,0,0,28643,37,0.0,0.0,0.0,0.0,1.94,0.0
1784379851.1902132,0,0,28653,37,0.0,0.0,0.0,0.0,1.94,0.0
1784379851.2632074,0,0,28663,37,0.0,0.0,0.0,0.0,1.94,0.0
1784379851.3349798,0,0,28673,37,0.0,0.0,0.0,0.0,1.94,0.0
1784379851.3904555,0,0,28683,37,0.0,0.0,0.0,0.0,1.94,0.0
1784379851.461562,0,0,28693,37,0.0,0.0,0.0,0.0,1.94,0.0
1784379851.516823,0,0,28703,37,0.0,0.0,0.0,0.0,1.94,0.0
1784379851.5871427,0,0,28713,37,0.0,0.0,0.0,0.0,1.94,0.0
1784379851.6682522,0,0,28723,37,0.0,0.0,0.0,0.0,1.94,0.0
1784379851.735361,0,0,28733,37,0.0,0.0,0.0,0.0,1.94,0.0
1784379851.7885058,0,0,28743,37,0.0,0.0,0.0,0.0,1.94,0.0
1784379851.844922,0,0,28753,37,0.0,0.0,0.0,0.0,1.94,0.0
1784379851.9112897,0,0,28763,37,0.0,0.0,0.0,0.0,1.94,0.0
1784379851.980727,0,0,28773,37,0.0,0.0,0.0,0.0,1.94,0.0
1784379852.053764,0,0,28783,37,0.0,0.0,0.0,0.0,1.94,0.0
1784379852.1130333,0,0,28793,37,0.0,0.0,0.0,0.0,1.94,0.0
1784379852.176634,0,0,28803,37,0.0,0.0,0.0,0.0,1.941,0.0
1784379852.2442012,0,0,28813,37,0.0,0.0,0.0,0.0,1.941,0.0
1784379852.31684,0,0,28823,37,0.0,0.0,0.0,0.0,1.941,0.0
1784379852.3719172,0,0,28833,37,0.0,0.0,0.0,0.0,1.941,0.0
1784379852.4428227,0,0,28843,37,0.0,0.0,0.0,0.0,1.941,0.0
1784379852.5081973,0,0,28853,37,0.0,0.0,0.0,0.0,1.941,0.0
1784379852.576325,0,0,28863,37,0.0,0.0,0.0,0.0,1.94,0.0
1784379852.6405878,0,0,28873,37,0.0,0.0,0.0,0.0,1.94,0.0
1784379852.7088225,0,0,28883,37,0.0,0.0,0.0,0.0,1.94,0.0
1784379852.786209,0,0,28893,37,0.0,0.0,0.0,0.0,1.939,0.0
1784379852.857374,0,0,28903,37,0.0,0.0,0.0,0.0,1.939,0.0
1784379852.9323435,0,0,28913,37,0.0,0.0,0.0,0.0,1.939,0.0
1784379852.9967074,0,0,28923,37,0.0,0.0,0.0,0.0,1.938,0.0
1784379853.0665038,0,0,28933,37,0.0,0.0,0.0,0.0,1.938,0.0
1784379853.117318,0,0,28943,37,0.0,0.0,0.0,0.0,1.938,0.0
1784379853.1930342,0,0,28953,37,0.0,0.0,0.0,0.0,1.937,0.0
1784379853.2484963,0,0,28963,37,0.0,0.0,0.0,0.0,1.937,0.0
1784379853.3359933,0,0,28973,37,0.0,0.0,0.0,0.0,1.937,0.0
1784379853.417389,0,0,28983,37,0.0,0.0,0.0,0.0,1.936,0.0
1784379853.4688797,0,0,28993,37,0.0,0.0,0.0,0.0,1.936,0.0
1784379853.5312245,0,0,29003,37,0.0,0.0,0.0,0.0,1.935,0.0
1784379853.5992904,0,0,29013,37,0.0,0.0,0.0,0.0,1.935,0.0
1784379853.6745672,0,0,29023,37,0.0,0.0,0.0,0.0,1.934,0.0
1784379853.733529,0,0,29033,37,0.0,0.0,0.0,0.0,1.934,0.0
1784379853.8038132,0,0,29043,37,0.0,0.0,0.0,0.0,1.934,0.0
1784379853.866798,0,0,29053,37,0.0,0.0,0.0,0.0,1.934,0.0
1784379853.919398,0,0,29063,37,0.0,0.0,0.0,0.0,1.934,0.0
1784379853.9881132,0,0,29073,37,0.0,0.0,0.0,0.0,1.934,0.0
1784379854.0514107,0,0,29083,37,0.0,0.0,0.0,0.0,1.934,0.0
1784379854.109854,0,0,29093,37,0.0,0.0,0.0,0.0,1.934,0.0
1784379854.165356,0,0,29103,37,0.0,0.0,0.0,0.0,1.934,0.0
1784379854.2320316,0,0,29113,37,0.0,0.0,0.0,0.0,1.934,0.0
1784379854.2985744,0,0,29123,37,0.0,0.0,0.0,0.0,1.933,0.0
1784379854.3539975,0,0,29133,37,0.0,0.0,0.0,0.0,1.933,0.0
1784379854.4234035,0,0,29143,37,0.0,0.0,0.0,0.0,1.933,0.0
1784379854.494713,0,0,29153,37,0.0,0.0,0.0,0.0,1.933,0.0
1784379854.5639212,0,0,29163,37,0.0,0.0,0.0,0.0,1.932,0.0
1784379854.635758,0,0,29173,37,0.0,0.0,0.0,0.0,1.932,0.0
1784379854.7077951,0,0,29183,37,0.0,0.0,0.0,0.0,1.932,0.0
1784379854.7845147,0,0,29193,37,0.0,0.0,0.0,0.0,1.931,0.0
1784379854.8661473,0,0,29203,37,0.0,0.0,0.0,0.0,1.931,0.0
1784379854.9366884,0,0,29213,37,0.0,0.0,0.0,0.0,1.93,0.0
1784379855.0207672,0,0,29223,37,0.0,0.0,0.0,0.0,1.93,0.0
1784379855.1235886,0,0,29233,37,0.0,0.0,0.0,0.0,1.929,0.0
1784379855.1914835,0,0,29243,37,0.0,0.0,0.0,0.0,1.929,0.0
1784379855.245357,0,0,29253,37,0.0,0.0,0.0,0.0,1.929,0.0
1784379855.291564,0,0,29263,37,0.0,0.0,0.0,0.0,1.929,0.0
1784379855.353136,0,0,29273,37,0.0,0.0,0.0,0.0,1.929,0.0
1784379855.4213538,0,0,29283,37,0.0,0.0,0.0,0.0,1.929,0.0
1784379855.4964218,0,0,29293,37,0.0,0.0,0.0,0.0,1.929,0.0
1784379855.5696862,0,0,29303,37,0.0,0.0,0.0,0.0,1.928,0.0
1784379855.6192312,0,0,29313,37,0.0,0.0,0.0,0.0,1.928,0.0
1784379855.6846414,0,0,29323,37,0.0,0.0,0.0,0.0,1.928,0.0
1784379855.742622,0,0,29333,37,0.0,0.0,0.0,0.0,1.928,0.0
1784379855.8014982,0,0,29343,37,0.0,0.0,0.0,0.0,1.927,0.0
1784379855.8611825,0,0,29353,37,0.0,0.0,0.0,0.0,1.927,0.0
1784379855.9237723,0,0,29363,37,0.0,0.0,0.0,0.0,1.927,0.0
1784379855.9853718,0,0,29373,37,0.0,0.0,0.0,0.0,1.927,0.0
1784379856.0615945,0,0,29383,37,0.0,0.0,0.0,0.0,1.926,0.0
1784379856.1308846,0,0,29393,37,0.0,0.0,0.0,0.0,1.926,0.0
1784379856.1847036,0,0,29403,37,0.0,0.0,0.0,0.0,1.926,0.0
1784379856.2440805,0,0,29413,37,0.0,0.0,0.0,0.0,1.925,0.0
1784379856.3119104,0,0,29423,37,0.0,0.0,0.0,0.0,1.925,0.0
1784379856.3897505,0,0,29433,37,0.0,0.0,0.0,0.0,1.924,0.0
1784379856.4614024,0,0,29443,37,0.0,0.0,0.0,0.0,1.924,0.0
1784379856.5333896,0,0,29453,37,0.0,0.0,0.0,0.0,1.924,0.0
1784379856.6055737,0,0,29463,37,0.0,0.0,0.0,0.0,1.923,0.0
1784379856.6849246,0,0,29473,37,0.0,0.0,0.0,0.0,1.923,0.0
1784379856.747172,0,0,29483,37,0.0,0.0,0.0,0.0,1.923,0.0
1784379856.8033905,0,0,29493,37,0.0,0.0,0.0,0.0,1.922,0.0
1784379856.8643298,0,0,29503,37,0.0,0.0,0.0,0.0,1.922,0.0
1784379856.9305882,0,0,29513,37,0.0,0.0,0.0,0.0,1.921,0.0
1784379856.9938247,0,0,29523,37,0.0,0.0,0.0,0.0,1.921,0.0
1784379857.0679524,0,0,29533,37,0.0,0.0,0.0,0.0,1.921,0.0
1784379857.134665,0,0,29543,37,0.0,0.0,0.0,0.0,1.921,0.0
1784379857.2069364,0,0,29553,37,0.0,0.0,0.0,0.0,1.921,0.0
1784379857.2843244,0,0,29563,37,0.0,0.0,0.0,0.0,1.921,0.0
1784379857.3546357,0,0,29573,37,0.0,0.0,0.0,0.0,1.921,0.0
1784379857.4308298,0,0,29583,37,0.0,0.0,0.0,0.0,1.921,0.0
1784379857.4960542,0,0,29593,37,0.0,0.0,0.0,0.0,1.921,0.0
1784379857.5624037,0,0,29603,37,0.0,0.0,0.0,0.0,1.921,0.0
1784379857.6283574,0,0,29613,37,0.0,0.0,0.0,0.0,1.921,0.0
1784379857.717413,0,0,29623,37,0.0,0.0,0.0,0.0,1.921,0.0
1784379857.7930565,0,0,29633,37,0.0,0.0,0.0,0.0,1.921,0.0
1784379857.8681676,0,0,29643,37,0.0,0.0,0.0,0.0,1.92,0.0
1784379857.9390488,0,0,29653,37,0.0,0.0,0.0,0.0,1.92,0.0
1784379858.0033793,0,0,29663,37,0.0,0.0,0.0,0.0,1.92,0.0
1784379858.0693564,0,0,29673,37,0.0,0.0,0.0,0.0,1.92,0.0
1784379858.1326716,0,0,29683,37,0.0,0.0,0.0,0.0,1.92,0.0
1784379858.2026591,0,0,29693,37,0.0,0.0,0.0,0.0,1.92,0.0
1784379858.262938,0,0,29703,37,0.0,0.0,0.0,0.0,1.92,0.0
1784379858.3036244,0,0,29713,37,0.0,0.0,0.0,0.0,1.919,0.0
1784379858.3695354,0,0,29723,37,0.0,0.0,0.0,0.0,1.919,0.0
1784379858.4362762,0,0,29733,37,0.0,0.0,0.0,0.0,1.919,0.0
1784379858.4967282,0,0,29743,37,0.0,0.0,0.0,0.0,1.919,0.0
1784379858.558527,0,0,29753,37,0.0,0.0,0.0,0.0,1.919,0.0
1784379858.6326282,0,0,29763,37,0.0,0.0,0.0,0.0,1.918,0.0
1784379858.7012458,0,0,29773,37,0.0,0.0,0.0,0.0,1.918,0.0
1784379858.7794602,0,0,29783,37,0.0,0.0,0.0,0.0,1.918,0.0
1784379858.8401008,0,0,29793,37,0.0,0.0,0.0,0.0,1.918,0.0
1784379858.9112694,0,0,29803,37,0.0,0.0,0.0,0.0,1.918,0.0
1784379859.0052505,0,0,29813,37,0.0,0.0,0.0,0.0,1.917,0.0
1784379859.126993,0,0,29823,37,0.0,0.0,0.0,0.0,1.917,0.0
1784379859.2103517,0,0,29833,37,0.0,0.0,0.0,0.0,1.917,0.0
1784379859.2929657,0,0,29843,37,0.0,0.0,0.0,0.0,1.917,0.0
1784379859.3624496,0,0,29853,37,0.0,0.0,0.0,0.0,1.917,0.0
1784379859.4517953,0,0,29863,37,0.0,0.0,0.0,0.0,1.916,0.0
1784379859.5392122,0,0,29873,37,0.0,0.0,0.0,0.0,1.916,0.0
1784379859.6414764,0,0,29883,37,0.0,0.0,0.0,0.0,1.916,0.0
1784379859.7288074,0,0,29893,37,0.0,0.0,0.0,0.0,1.916,0.0
1784379859.795092,0,0,29903,37,0.0,0.0,0.0,0.0,1.916,0.0
1784379859.8701987,0,0,29913,37,0.0,0.0,0.0,0.0,1.916,0.0
1784379859.940687,0,0,29923,37,0.0,0.0,0.0,0.0,1.916,0.0
1784379860.0237677,0,0,29933,37,0.0,0.0,0.0,0.0,1.915,0.0
1784379860.0991192,0,0,29943,37,0.0,0.0,0.0,0.0,1.915,0.0
1784379860.163834,0,0,29953,37,0.0,0.0,0.0,0.0,1.915,0.0
1784379860.2341287,0,0,29963,37,0.0,0.0,0.0,0.0,1.915,0.0
1784379860.319267,0,0,29973,37,0.0,0.0,0.0,0.0,1.915,0.0
1784379860.3955698,0,0,29983,37,0.0,0.0,0.0,0.0,1.915,0.0
1784379860.4579806,0,0,29993,37,0.0,0.0,0.0,0.0,1.915,0.0
1784379860.5282295,0,0,30003,37,0.0,0.0,0.0,0.0,1.914,0.0
1784379860.6022017,0,0,30013,37,0.0,0.0,0.0,0.0,1.914,0.0
1784379860.663554,0,0,30023,37,0.0,0.0,0.0,0.0,1.914,0.0
1784379860.7272055,0,0,30033,37,0.0,0.0,0.0,0.0,1.914,0.0
1784379860.7923884,0,0,30043,37,0.0,0.0,0.0,0.0,1.914,0.0
1784379860.8648787,0,0,30053,37,0.0,0.0,0.0,0.0,1.914,0.0
1784379861.0055318,0,0,30063,37,0.0,0.0,0.0,0.0,1.914,0.0
1784379861.11365,0,0,30073,37,0.0,0.0,0.0,0.0,1.914,0.0
1784379861.1874378,0,0,30083,37,0.0,0.0,0.0,0.0,1.914,0.0
1784379861.2555401,0,0,30093,37,0.0,0.0,0.0,0.0,1.913,0.0
1784379861.3270106,0,0,30103,37,0.0,0.0,0.0,0.0,1.913,0.0
1784379861.4122722,0,0,30113,37,0.0,0.0,0.0,0.0,1.913,0.0
1784379861.468248,0,0,30123,37,0.0,0.0,0.0,0.0,1.913,0.0
1784379861.5454175,0,0,30133,37,0.0,0.0,0.0,0.0,1.913,0.0
1784379861.616266,0,0,30143,37,0.0,0.0,0.0,0.0,1.913,0.0
1784379861.6931615,0,0,30153,37,0.0,0.0,0.0,0.0,1.913,0.0
1784379861.7605515,0,0,30163,37,0.0,0.0,0.0,0.0,1.913,0.0
1784379861.8174467,0,0,30173,37,0.0,0.0,0.0,0.0,1.913,0.0
1784379861.8846176,0,0,30183,37,0.0,0.0,0.0,0.0,1.913,0.0
1784379861.976238,0,0,30193,37,0.0,0.0,0.0,0.0,1.913,0.0
1784379862.034146,0,0,30203,37,0.0,0.0,0.0,0.0,1.913,0.0
1784379862.0876772,0,0,30213,37,0.0,0.0,0.0,0.0,1.913,0.0
1784379862.1475656,0,0,30223,37,0.0,0.0,0.0,0.0,1.913,0.0
1784379862.217178,0,0,30233,37,0.0,0.0,0.0,0.0,1.913,0.0
1784379862.2752573,0,0,30243,37,0.0,0.0,0.0,0.0,1.913,0.0
1784379862.3381853,0,0,30253,37,0.0,0.0,0.0,0.0,1.913,0.0
1784379862.4232645,0,0,30263,37,0.0,0.0,0.0,0.0,1.913,0.0
1784379862.4780612,0,0,30273,37,0.0,0.0,0.0,0.0,1.912,0.0
1784379862.5461264,0,0,30283,37,0.0,0.0,0.0,0.0,1.912,0.0
1784379862.6057432,0,0,30293,37,0.0,0.0,0.0,0.0,1.912,0.0
1784379862.673192,0,0,30303,37,0.0,0.0,0.0,0.0,1.912,0.0
1784379862.7435966,0,0,30313,37,0.0,0.0,0.0,0.0,1.912,0.0
1784379862.79717,0,0,30323,37,0.0,0.0,0.0,0.0,1.912,0.0
1784379862.855423,0,0,30333,37,0.0,0.0,0.0,0.0,1.912,0.0
1784379862.921653,0,0,30343,37,0.0,0.0,0.0,0.0,1.912,0.0
1784379862.9972217,0,0,30353,37,0.0,0.0,0.0,0.0,1.911,0.0
1784379863.0526156,0,0,30363,37,0.0,0.0,0.0,0.0,1.911,0.0
1784379863.128579,0,0,30373,37,0.0,0.0,0.0,0.0,1.911,0.0
1784379863.178684,0,0,30383,37,0.0,0.0,0.0,0.0,1.91,0.0
1784379863.238503,0,0,30393,37,0.0,0.0,0.0,0.0,1.91,0.0
1784379863.290284,0,0,30403,37,0.0,0.0,0.0,0.0,1.91,0.0
1784379863.3391616,0,0,30413,37,0.0,0.0,0.0,0.0,1.909,0.0
1784379863.396272,0,0,30423,37,0.0,0.0,0.0,0.0,1.909,0.0
1784379863.47482,0,0,30433,37,0.0,0.0,0.0,0.0,1.909,0.0
1784379863.535144,0,0,30443,37,0.0,0.0,0.0,0.0,1.909,0.0
1784379863.5938795,0,0,30453,37,0.0,0.0,0.0,0.0,1.908,0.0
1784379863.6710353,0,0,30463,37,0.0,0.0,0.0,0.0,1.908,0.0
1784379863.7430067,0,0,30473,37,0.0,0.0,0.0,0.0,1.908,0.0
1784379863.8126695,0,0,30483,37,0.0,0.0,0.0,0.0,1.907,0.0
1784379863.8709235,0,0,30493,37,0.0,0.0,0.0,0.0,1.907,0.0
1784379863.9485023,0,0,30503,37,0.0,0.0,0.0,0.0,1.907,0.0
1784379864.004816,0,0,30513,37,0.0,0.0,0.0,0.0,1.906,0.0
1784379864.0603452,0,0,30523,37,0.0,0.0,0.0,0.0,1.906,0.0
1784379864.1172168,0,0,30533,37,0.0,0.0,0.0,0.0,1.906,0.0
1784379864.1879745,0,0,30543,37,0.0,0.0,0.0,0.0,1.905,0.0
1784379864.276091,0,0,30553,37,0.0,0.0,0.0,0.0,1.905,0.0
1784379864.341562,0,0,30563,37,0.0,0.0,0.0,0.0,1.904,0.0
1784379864.406398,0,0,30573,37,0.0,0.0,0.0,0.0,1.904,0.0
1784379864.4820971,0,0,30583,37,0.0,0.0,0.0,0.0,1.903,0.0
1784379864.552695,0,0,30593,37,0.0,0.0,0.0,0.0,1.903,0.0
1784379864.6175284,0,0,30603,37,0.0,0.0,0.0,0.0,1.91,0.0
1784379864.6851668,0,0,30613,37,0.0,0.0,0.0,0.0,1.921,0.0
1784379864.7656841,0,0,30623,37,0.0,0.0,0.0,0.0,1.933,0.0
1784379864.8408067,0,0,30633,37,0.0,0.0,0.0,0.0,1.944,0.0
1784379864.913345,0,0,30643,37,0.0,0.0,0.0,0.0,1.956,0.0
1784379864.9716635,0,0,30653,37,0.0,0.0,0.0,0.0,1.967,0.0
1784379865.0368304,0,0,30663,37,0.0,0.0,0.0,0.0,1.979,0.0
1784379865.1050663,0,0,30673,37,0.0,0.0,0.0,0.0,1.99,0.0
1784379865.1665063,0,0,30683,37,0.0,0.0,0.0,0.0,2.002,0.0
1784379865.2127974,0,0,30693,37,0.0,0.0,0.0,0.0,2.013,0.0
1784379865.2785335,0,0,30703,37,0.0,0.0,0.0,0.0,2.024,0.0
1784379865.338312,0,0,30713,37,0.0,0.0,0.0,0.0,2.036,0.0
1784379865.391827,0,0,30723,37,0.0,0.0,0.0,0.0,2.047,0.0
1784379865.4553337,0,0,30733,37,0.0,0.0,0.0,0.0,2.058,0.0
1784379865.5150526,0,0,30743,37,0.0,0.0,0.0,0.0,2.07,0.0
1784379865.5809853,0,0,30753,37,0.0,0.0,0.0,0.0,2.081,0.0
1784379865.6434383,0,0,30763,37,0.0,0.0,0.0,0.0,2.092,0.0
1784379865.7011032,0,0,30773,37,0.0,0.0,0.0,0.0,2.103,0.0
1784379865.7611396,0,0,30783,37,0.0,0.0,0.0,0.0,2.114,0.0
1784379865.83385,0,0,30793,37,0.0,0.0,0.0,0.0,2.126,0.0
1784379865.9094043,0,0,30803,37,0.0,0.0,0.0,0.0,2.137,0.0
1784379865.9972146,0,0,30813,37,0.0,0.0,0.0,0.0,2.14,0.0
1784379866.054246,0,0,30823,37,0.0,0.0,0.0,0.0,2.14,0.0
1784379866.1185725,0,0,30833,37,0.0,0.0,0.0,0.0,2.14,0.0
1784379866.1831777,0,0,30843,37,0.0,0.0,0.0,0.0,2.14,0.0
1784379866.2477493,0,0,30853,37,0.0,0.0,0.0,0.0,2.14,0.0
1784379866.3525615,0,0,30863,37,0.0,0.0,0.0,0.0,2.139,0.0
1784379866.4520915,0,0,30873,37,0.0,0.0,0.0,0.0,2.139,0.0
1784379866.5082164,0,0,30883,37,0.0,0.0,0.0,0.0,2.139,0.0
1784379866.5934467,0,0,30893,37,0.0,0.0,0.0,0.0,2.139,0.0
1784379866.6586106,0,0,30903,37,0.0,0.0,0.0,0.0,2.139,0.0
1784379866.7252846,0,0,30913,37,0.0,0.0,0.0,0.0,2.138,0.0
1784379866.8155448,0,0,30923,37,0.0,0.0,0.0,0.0,2.138,0.0
1784379866.8778658,0,0,30933,37,0.0,0.0,0.0,0.0,2.138,0.0
1784379866.9505115,0,0,30943,37,0.0,0.0,0.0,0.0,2.138,0.0
1784379866.9998875,0,0,30953,37,0.0,0.0,0.0,0.0,2.137,0.0
1784379867.0507,0,0,30963,37,0.0,0.0,0.0,0.0,2.137,0.0
1784379867.1210706,0,0,30973,37,0.0,0.0,0.0,0.0,2.137,0.0
1784379867.1616018,0,0,30983,37,0.0,0.0,0.0,0.0,2.136,0.0
1784379867.2244875,0,0,30993,37,0.0,0.0,0.0,0.0,2.136,0.0
1784379867.2732646,0,0,31003,37,0.0,0.0,0.0,0.0,2.135,0.0
1784379867.3310366,0,0,31013,37,0.0,0.0,0.0,0.0,2.135,0.0
1784379867.3939052,0,0,31023,37,0.0,0.0,0.0,0.0,2.135,0.0
1784379867.4496753,0,0,31033,37,0.0,0.0,0.0,0.0,2.134,0.0
1784379867.5155954,0,0,31043,37,0.0,0.0,0.0,0.0,2.134,0.0
1784379867.5865571,0,0,31053,37,0.0,0.0,0.0,0.0,2.134,0.0
1784379867.6448352,0,0,31063,37,0.0,0.0,0.0,0.0,2.134,0.0
1784379867.7130008,0,0,31073,37,0.0,0.0,0.0,0.0,2.134,0.0
1784379867.7790542,0,0,31083,37,0.0,0.0,0.0,0.0,2.134,0.0
1784379867.846979,0,0,31093,37,0.0,0.0,0.0,0.0,2.133,0.0
1784379867.9159534,0,0,31103,37,0.0,0.0,0.0,0.0,2.133,0.0
1784379867.985224,0,0,31113,37,0.0,0.0,0.0,0.0,2.133,0.0
1784379868.0623035,0,0,31123,37,0.0,0.0,0.0,0.0,2.133,0.0
1784379868.120672,0,0,31133,37,0.0,0.0,0.0,0.0,2.132,0.0
1784379868.1737454,0,0,31143,37,0.0,0.0,0.0,0.0,2.132,0.0
1784379868.2342622,0,0,31153,37,0.0,0.0,0.0,0.0,2.132,0.0
1784379868.2969394,0,0,31163,37,0.0,0.0,0.0,0.0,2.132,0.0
1784379868.3332531,0,0,31173,37,0.0,0.0,0.0,0.0,2.131,0.0
1784379868.3942163,0,0,31183,37,0.0,0.0,0.0,0.0,2.131,0.0
1784379868.4520893,0,0,31193,37,0.0,0.0,0.0,0.0,2.131,0.0
1784379868.526857,0,0,31203,37,0.0,0.0,0.0,0.0,2.13,0.0
1784379868.5822043,0,0,31213,37,0.0,0.0,0.0,0.0,2.13,0.0
1784379868.6542692,0,0,31223,37,0.0,0.0,0.0,0.0,2.129,0.0
1784379868.7237978,0,0,31233,37,0.0,0.0,0.0,0.0,2.129,0.0
1784379868.768999,0,0,31243,37,0.0,0.0,0.0,0.0,2.128,0.0
1784379868.8281229,0,0,31253,37,0.0,0.0,0.0,0.0,2.128,0.0
1784379868.9087634,0,0,31263,37,0.0,0.0,0.0,0.0,2.127,0.0
1784379868.978638,0,0,31273,37,0.0,0.0,0.0,0.0,2.126,0.0
1784379869.034988,0,0,31283,37,0.0,0.0,0.0,0.0,2.126,0.0
1784379869.095125,0,0,31293,37,0.0,0.0,0.0,0.0,2.126,0.0
1784379869.166223,0,0,31303,37,0.0,0.0,0.0,0.0,2.126,0.0
1784379869.233169,0,0,31313,37,0.0,0.0,0.0,0.0,2.126,0.0
1784379869.309333,0,0,31323,37,0.0,0.0,0.0,0.0,2.126,0.0
1784379869.3744855,0,0,31333,37,0.0,0.0,0.0,0.0,2.126,0.0
1784379869.433958,0,0,31343,37,0.0,0.0,0.0,0.0,2.126,0.0
1784379869.5034537,0,0,31353,37,0.0,0.0,0.0,0.0,2.126,0.0
1784379869.5839672,0,0,31363,37,0.0,0.0,0.0,0.0,2.126,0.0
1784379869.6420076,0,0,31373,37,0.0,0.0,0.0,0.0,2.126,0.0
1784379869.70735,0,0,31383,37,0.0,0.0,0.0,0.0,2.125,0.0
1784379869.7759576,0,0,31393,37,0.0,0.0,0.0,0.0,2.125,0.0
1784379869.8498073,0,0,31403,37,0.0,0.0,0.0,0.0,2.125,0.0
1784379869.9235263,0,0,31413,37,0.0,0.0,0.0,0.0,2.125,0.0
1784379869.9947565,0,0,31423,37,0.0,0.0,0.0,0.0,2.125,0.0
1784379870.0633185,0,0,31433,37,0.0,0.0,0.0,0.0,2.124,0.0
1784379870.121446,0,0,31443,37,0.0,0.0,0.0,0.0,2.124,0.0
1784379870.1971884,0,0,31453,37,0.0,0.0,0.0,0.0,2.124,0.0
1784379870.2600145,0,0,31463,37,0.0,0.0,0.0,0.0,2.123,0.0
1784379870.3198848,0,0,31473,37,0.0,0.0,0.0,0.0,2.123,0.0
1784379870.3677683,0,0,31483,37,0.0,0.0,0.0,0.0,2.123,0.0
1784379870.443329,0,0,31493,37,0.0,0.0,0.0,0.0,2.122,0.0
1784379870.4948094,0,0,31503,37,0.0,0.0,0.0,0.0,2.122,0.0
1784379870.5537608,0,0,31513,37,0.0,0.0,0.0,0.0,2.122,0.0
1784379870.6102226,0,0,31523,37,0.0,0.0,0.0,0.0,2.121,0.0
1784379870.6795754,0,0,31533,37,0.0,0.0,0.0,0.0,2.121,0.0
1784379870.758527,0,0,31543,37,0.0,0.0,0.0,0.0,2.12,0.0
1784379870.8247209,0,0,31553,37,0.0,0.0,0.0,0.0,2.12,0.0
1784379870.8871365,0,0,31563,37,0.0,0.0,0.0,0.0,2.12,0.0
1784379870.9506242,0,0,31573,37,0.0,0.0,0.0,0.0,2.12,0.0
1784379871.0151956,0,0,31583,37,0.0,0.0,0.0,0.0,2.12,0.0
1784379871.0722384,0,0,31593,37,0.0,0.0,0.0,0.0,2.119,0.0
1784379871.135417,0,0,31603,37,0.0,0.0,0.0,0.0,2.119,0.0
1784379871.1941166,0,0,31613,37,0.0,0.0,0.0,0.0,2.119,0.0
1784379871.2687573,0,0,31623,37,0.0,0.0,0.0,0.0,2.118,0.0
1784379871.3488312,0,0,31633,37,0.0,0.0,0.0,0.0,2.118,0.0
1784379871.4088821,0,0,31643,37,0.0,0.0,0.0,0.0,2.118,0.0
1784379871.4710805,0,0,31653,37,0.0,0.0,0.0,0.0,2.117,0.0
1784379871.5378966,0,0,31663,37,0.0,0.0,0.0,0.0,2.117,0.0
1784379871.5965352,0,0,31673,37,0.0,0.0,0.0,0.0,2.117,0.0
1784379871.6700883,0,0,31683,37,0.0,0.0,0.0,0.0,2.116,0.0
1784379871.7521207,0,0,31693,37,0.0,0.0,0.0,0.0,2.116,0.0
1784379871.823851,0,0,31703,37,0.0,0.0,0.0,0.0,2.115,0.0
1784379871.9036698,0,0,31713,37,0.0,0.0,0.0,0.0,2.115,0.0
1784379871.9717548,0,0,31723,37,0.0,0.0,0.0,0.0,2.115,0.0
1784379872.041211,0,0,31733,37,0.0,0.0,0.0,0.0,2.114,0.0
1784379872.1063979,0,0,31743,37,0.0,0.0,0.0,0.0,2.114,0.0
1784379872.1862733,0,0,31753,37,0.0,0.0,0.0,0.0,2.113,0.0
1784379872.2430022,0,0,31763,37,0.0,0.0,0.0,0.0,2.113,0.0
1784379872.3116987,0,0,31773,37,0.0,0.0,0.0,0.0,2.112,0.0
1784379872.383982,0,0,31783,37,0.0,0.0,0.0,0.0,2.112,0.0
1784379872.4299722,0,0,31793,37,0.0,0.0,0.0,0.0,2.111,0.0
1784379872.5207884,0,0,31803,37,0.0,0.0,0.0,0.0,2.111,0.0
1784379872.5941875,0,0,31813,37,0.0,0.0,0.0,0.0,2.111,0.0
1784379872.6722364,0,0,31823,37,0.0,0.0,0.0,0.0,2.11,0.0
1784379872.7519393,0,0,31833,37,0.0,0.0,0.0,0.0,2.11,0.0
1784379872.8195329,0,0,31843,37,0.0,0.0,0.0,0.0,2.109,0.0
1784379872.9012501,0,0,31853,37,0.0,0.0,0.0,0.0,2.109,0.0
1784379873.0131712,0,0,31863,37,0.0,0.0,0.0,0.0,2.108,0.0
1784379873.0912125,0,0,31873,37,0.0,0.0,0.0,0.0,2.108,0.0
1784379873.167679,0,0,31883,37,0.0,0.0,0.0,0.0,2.107,0.0
1784379873.2168424,0,0,31893,37,0.0,0.0,0.0,0.0,2.107,0.0
1784379873.2913718,0,0,31903,37,0.0,0.0,0.0,0.0,2.106,0.0
1784379873.358167,0,0,31913,37,0.0,0.0,0.0,0.0,2.106,0.0
1784379873.421118,0,0,31923,37,0.0,0.0,0.0,0.0,2.106,0.0
1784379873.4909678,0,0,31933,37,0.0,0.0,0.0,0.0,2.105,0.0
1784379873.5610075,0,0,31943,37,0.0,0.0,0.0,0.0,2.105,0.0
1784379873.6195538,0,0,31953,37,0.0,0.0,0.0,0.0,2.104,0.0
1784379873.678824,0,0,31963,37,0.0,0.0,0.0,0.0,2.104,0.0
1784379873.768164,0,0,31973,37,0.0,0.0,0.0,0.0,2.103,0.0
1784379873.8341665,0,0,31983,37,0.0,0.0,0.0,0.0,2.103,0.0
1784379873.8910162,0,0,31993,37,0.0,0.0,0.0,0.0,2.102,0.0
1784379873.9594214,0,0,32003,37,0.0,0.0,0.0,0.0,2.102,0.0
1784379874.0142274,0,0,32013,37,0.0,0.0,0.0,0.0,2.102,0.0
1784379874.0900621,0,0,32023,37,0.0,0.0,0.0,0.0,2.102,0.0
1784379874.1493087,0,0,32033,37,0.0,0.0,0.0,0.0,2.102,0.0
1784379874.2255476,0,0,32043,37,0.0,0.0,0.0,0.0,2.102,0.0
1784379874.2859435,0,0,32053,37,0.0,0.0,0.0,0.0,2.102,0.0
1784379874.3504922,0,0,32063,37,0.0,0.0,0.0,0.0,2.102,0.0
1784379874.4166203,0,0,32073,37,0.0,0.0,0.0,0.0,2.102,0.0
1784379874.5127678,0,0,32083,37,0.0,0.0,0.0,0.0,2.102,0.0
1784379874.5782988,0,0,32093,37,0.0,0.0,0.0,0.0,2.102,0.0
1784379874.643181,0,0,32103,37,0.0,0.0,0.0,0.0,2.102,0.0
1784379874.7052538,0,0,32113,37,0.0,0.0,0.0,0.0,2.102,0.0
1784379874.7926626,0,0,32123,37,0.0,0.0,0.0,0.0,2.102,0.0
1784379874.867521,0,0,32133,37,0.0,0.0,0.0,0.0,2.102,0.0
1784379874.9539602,0,0,32143,37,0.0,0.0,0.0,0.0,2.102,0.0
1784379875.0275095,0,0,32153,37,0.0,0.0,0.0,0.0,2.102,0.0
1784379875.1187496,0,0,32163,37,0.0,0.0,0.0,0.0,2.102,0.0
1784379875.18204,0,0,32173,37,0.0,0.0,0.0,0.0,2.102,0.0
1784379875.254101,0,0,32183,37,0.0,0.0,0.0,0.0,2.102,0.0
1784379875.3087075,0,0,32193,37,0.0,0.0,0.0,0.0,2.102,0.0
1784379875.3712707,0,0,32203,37,0.0,0.0,0.0,0.0,2.102,0.0
1784379875.444921,0,0,32213,37,0.0,0.0,0.0,0.0,2.102,0.0
1784379875.5090296,0,0,32223,37,0.0,0.0,0.0,0.0,2.102,0.0
1784379875.58969,0,0,32233,37,0.0,0.0,0.0,0.0,2.102,0.0
1784379875.6749094,0,0,32243,37,0.0,0.0,0.0,0.0,2.102,0.0
1784379875.74786,0,0,32253,37,0.0,0.0,0.0,0.0,2.102,0.0
1784379875.8158417,0,0,32263,37,0.0,0.0,0.0,0.0,2.102,0.0
1784379875.8888655,0,0,32273,37,0.0,0.0,0.0,0.0,2.102,0.0
1784379875.9767025,0,0,32283,37,0.0,0.0,0.0,0.0,2.102,0.0
1784379876.0537612,0,0,32293,37,0.0,0.0,0.0,0.0,2.102,0.0
1784379876.1214178,0,0,32303,37,0.0,0.0,0.0,0.0,2.102,0.0
1784379876.1806757,0,0,32313,37,0.0,0.0,0.0,0.0,2.102,0.0
1784379876.237099,0,0,32323,37,0.0,0.0,0.0,0.0,2.102,0.0
1784379876.297763,0,0,32333,37,0.0,0.0,0.0,0.0,2.102,0.0
1784379876.3715482,0,0,32343,37,0.0,0.0,0.0,0.0,2.102,0.0
1784379876.4421108,0,0,32353,37,0.0,0.0,0.0,0.0,2.102,0.0
1784379876.524189,0,0,32363,37,0.0,0.0,0.0,0.0,2.102,0.0
1784379876.5984373,0,0,32373,37,0.0,0.0,0.0,0.0,2.102,0.0
1784379876.709418,0,0,32383,37,0.0,0.0,0.0,0.0,2.102,0.0
1784379876.796327,0,0,32393,37,0.0,0.0,0.0,0.0,2.102,0.0
1784379876.8437147,0,0,32403,37,0.0,0.0,0.0,0.0,2.102,0.0
1784379876.9194043,0,0,32413,37,0.0,0.0,0.0,0.0,2.102,0.0
1784379876.9820085,0,0,32423,37,0.0,0.0,0.0,0.0,2.102,0.0
1784379877.0526996,0,0,32433,37,0.0,0.0,0.0,0.0,2.102,0.0
1784379877.1346679,0,0,32443,37,0.0,0.0,0.0,0.0,2.102,0.0
1784379877.1975534,0,0,32453,37,0.0,0.0,0.0,0.0,2.102,0.0
1784379877.2690911,0,0,32463,37,0.0,0.0,0.0,0.0,2.102,0.0
1784379877.3301778,0,0,32473,37,0.0,0.0,0.0,0.0,2.102,0.0
1784379877.412766,0,0,32483,37,0.0,0.0,0.0,0.0,2.102,0.0
1784379877.482153,0,0,32493,37,0.0,0.0,0.0,0.0,2.102,0.0
1784379877.546995,0,0,32503,37,0.0,0.0,0.0,0.0,2.102,0.0
1784379877.626568,0,0,32513,37,0.0,0.0,0.0,0.0,2.102,0.0
1784379877.7022772,0,0,32523,37,0.0,0.0,0.0,0.0,2.102,0.0
1784379877.7758892,0,0,32533,37,0.0,0.0,0.0,0.0,2.102,0.0
1784379877.8424456,0,0,32543,37,0.0,0.0,0.0,0.0,2.102,0.0
1784379877.9094021,0,0,32553,37,0.0,0.0,0.0,0.0,2.102,0.0
1784379877.9752488,0,0,32563,37,0.0,0.0,0.0,0.0,2.102,0.0
1784379878.051921,0,0,32573,37,0.0,0.0,0.0,0.0,2.102,0.0
1784379878.1094308,0,0,32583,37,0.0,0.0,0.0,0.0,2.102,0.0
1784379878.1501746,0,0,32593,37,0.0,0.0,0.0,0.0,2.102,0.0
1784379878.2135506,0,0,32603,37,0.0,0.0,0.0,0.0,2.102,0.0
1784379878.290234,0,0,32613,37,0.0,0.0,0.0,0.0,2.102,0.0
1784379878.3562818,0,0,32623,37,0.0,0.0,0.0,0.0,2.102,0.0
1784379878.4210923,0,0,32633,37,0.0,0.0,0.0,0.0,2.102,0.0
1784379878.4854078,0,0,32643,37,0.0,0.0,0.0,0.0,2.102,0.0
1784379878.5416827,0,0,32653,37,0.0,0.0,0.0,0.0,2.102,0.0
1784379878.6417956,0,0,32663,37,0.0,0.0,0.0,0.0,2.101,0.0
1784379878.6922858,0,0,32673,37,0.0,0.0,0.0,0.0,2.101,0.0
1784379878.7818415,0,0,32683,37,0.0,0.0,0.0,0.0,2.101,0.0
1784379878.8716025,0,0,32693,37,0.0,0.0,0.0,0.0,2.101,0.0
1784379878.9358182,0,0,32703,37,0.0,0.0,0.0,0.0,2.101,0.0
1784379878.9782162,0,0,32713,37,0.0,0.0,0.0,0.0,2.101,0.0
1784379879.024278,0,0,32723,37,0.0,0.0,0.0,0.0,2.101,0.0
1784379879.088886,0,0,32733,37,0.0,0.0,0.0,0.0,2.101,0.0
1784379879.167875,0,0,32743,37,0.0,0.0,0.0,0.0,2.101,0.0
1784379879.2351987,0,0,32753,37,0.0,0.0,0.0,0.0,2.101,0.0
1784379879.322639,0,0,32763,37,0.0,0.0,0.0,0.0,2.101,0.0
1784379879.3885853,0,0,32773,37,0.0,0.0,0.0,0.0,2.101,0.0
1784379879.46213,0,0,32783,37,0.0,0.0,0.0,0.0,2.101,0.0
1784379879.5312648,0,0,32793,37,0.0,0.0,0.0,0.0,2.101,0.0
1784379879.58899,0,0,32803,37,0.0,0.0,0.0,0.0,2.101,0.0
1784379879.6479027,0,0,32813,37,0.0,0.0,0.0,0.0,2.1,0.0
1784379879.7238448,0,0,32823,37,0.0,0.0,0.0,0.0,2.1,0.0
1784379879.8068998,0,0,32833,37,0.0,0.0,0.0,0.0,2.1,0.0
1784379879.8944836,0,0,32843,37,0.0,0.0,0.0,0.0,2.1,0.0
1784379879.9756048,0,0,32853,37,0.0,0.0,0.0,0.0,2.1,0.0
1784379880.049056,0,0,32863,37,0.0,0.0,0.0,0.0,2.1,0.0
1784379880.107414,0,0,32873,37,0.0,0.0,0.0,0.0,2.1,0.0
1784379880.187639,0,0,32883,37,0.0,0.0,0.0,0.0,2.1,0.0
1784379880.2578177,0,0,32893,37,0.0,0.0,0.0,0.0,2.1,0.0
1784379880.3268049,0,0,32903,37,0.0,0.0,0.0,0.0,2.099,0.0
1784379880.4319263,0,0,32913,37,0.0,0.0,0.0,0.0,2.099,0.0
1784379880.505727,0,0,32923,37,0.0,0.0,0.0,0.0,2.099,0.0
1784379880.5541828,0,0,32933,37,0.0,0.0,0.0,0.0,2.099,0.0
1784379880.6169055,0,0,32943,37,0.0,0.0,0.0,0.0,2.099,0.0
1784379880.683031,0,0,32953,37,0.0,0.0,0.0,0.0,2.099,0.0
1784379880.7422318,0,0,32963,37,0.0,0.0,0.0,0.0,2.099,0.0
1784379880.8206768,0,0,32973,37,0.0,0.0,0.0,0.0,2.099,0.0
1784379880.8870108,0,0,32983,37,0.0,0.0,0.0,0.0,2.098,0.0
1784379880.9631042,0,0,32993,37,0.0,0.0,0.0,0.0,2.098,0.0
1784379881.043219,0,0,33003,37,0.0,0.0,0.0,0.0,2.098,0.0
1784379881.1125824,0,0,33013,37,0.0,0.0,0.0,0.0,2.098,0.0
1784379881.163811,0,0,33023,37,0.0,0.0,0.0,0.0,2.098,0.0
1784379881.2218413,0,0,33033,37,0.0,0.0,0.0,0.0,2.098,0.0
1784379881.2967513,0,0,33043,37,0.0,0.0,0.0,0.0,2.097,0.0
1784379881.3550868,0,0,33053,37,0.0,0.0,0.0,0.0,2.097,0.0
1784379881.420536,0,0,33063,37,0.0,0.0,0.0,0.0,2.097,0.0
1784379881.4831486,0,0,33073,37,0.0,0.0,0.0,0.0,2.097,0.0
1784379881.549472,0,0,33083,37,0.0,0.0,0.0,0.0,2.097,0.0
1784379881.6155655,0,0,33093,37,0.0,0.0,0.0,0.0,2.097,0.0
1784379881.6831658,0,0,33103,37,0.0,0.0,0.0,0.0,2.096,0.0
1784379881.7787445,0,0,33113,37,0.0,0.0,0.0,0.0,2.096,0.0
1784379881.8631399,0,0,33123,37,0.0,0.0,0.0,0.0,2.096,0.0
1784379881.9370687,0,0,33133,37,0.0,0.0,0.0,0.0,2.096,0.0
1784379882.009265,0,0,33143,37,0.0,0.0,0.0,0.0,2.095,0.0
1784379882.08118,0,0,33153,37,0.0,0.0,0.0,0.0,2.095,0.0
1784379882.1501012,0,0,33163,37,0.0,0.0,0.0,0.0,2.095,0.0
1784379882.2161405,0,0,33173,37,0.0,0.0,0.0,0.0,2.095,0.0
1784379882.269345,0,0,33183,37,0.0,0.0,0.0,0.0,2.094,0.0
1784379882.3357453,0,0,33193,37,0.0,0.0,0.0,0.0,2.094,0.0
1784379882.40477,0,0,33203,37,0.0,0.0,0.0,0.0,2.094,0.0
1784379882.4684646,0,0,33213,37,0.0,0.0,0.0,0.0,2.093,0.0
1784379882.5264673,0,0,33223,37,0.0,0.0,0.0,0.0,2.093,0.0
1784379882.5797007,0,0,33233,37,0.0,0.0,0.0,0.0,2.093,0.0
1784379882.6593845,0,0,33243,37,0.0,0.0,0.0,0.0,2.092,0.0
1784379882.7114081,0,0,33253,37,0.0,0.0,0.0,0.0,2.092,0.0
1784379882.7931848,0,0,33263,37,0.0,0.0,0.0,0.0,2.091,0.0
1784379882.8521562,0,0,33273,37,0.0,0.0,0.0,0.0,2.091,0.0
1784379882.925886,0,0,33283,37,0.0,0.0,0.0,0.0,2.091,0.0
1784379882.9868472,0,0,33293,37,0.0,0.0,0.0,0.0,2.09,0.0
1784379883.0516086,0,0,33303,37,0.0,0.0,0.0,0.0,2.09,0.0
1784379883.146614,0,0,33313,37,0.0,0.0,0.0,0.0,2.089,0.0
1784379883.2200842,0,0,33323,37,0.0,0.0,0.0,0.0,2.089,0.0
1784379883.2834795,0,0,33333,37,0.0,0.0,0.0,0.0,2.088,0.0
1784379883.3370223,0,0,33343,37,0.0,0.0,0.0,0.0,2.088,0.0
1784379883.4196684,0,0,33353,37,0.0,0.0,0.0,0.0,2.088,0.0
1784379883.5007746,0,0,33363,37,0.0,0.0,0.0,0.0,2.088,0.0
1784379883.582025,0,0,33373,37,0.0,0.0,0.0,0.0,2.088,0.0
1784379883.6672673,0,0,33383,37,0.0,0.0,0.0,0.0,2.088,0.0
1784379883.7492468,0,0,33393,37,0.0,0.0,0.0,0.0,2.088,0.0
1784379883.8434203,0,0,33403,37,0.0,0.0,0.0,0.0,2.087,0.0
1784379883.9033468,0,0,33413,37,0.0,0.0,0.0,0.0,2.087,0.0
1784379883.987462,0,0,33423,37,0.0,0.0,0.0,0.0,2.087,0.0
1784379884.083846,0,0,33433,37,0.0,0.0,0.0,0.0,2.087,0.0
1784379884.1750412,0,0,33443,37,0.0,0.0,0.0,0.0,2.087,0.0
1784379884.2990332,0,0,33453,37,0.0,0.0,0.0,0.0,2.087,0.0
1784379884.4263198,0,0,33463,37,0.0,0.0,0.0,0.0,2.087,0.0
1784379884.514498,0,0,33473,37,0.0,0.0,0.0,0.0,2.087,0.0
1784379884.5876606,0,0,33483,37,0.0,0.0,0.0,0.0,2.087,0.0
1784379884.652383,0,0,33493,37,0.0,0.0,0.0,0.0,2.087,0.0
1784379884.7458951,0,0,33503,37,0.0,0.0,0.0,0.0,2.087,0.0
1784379884.8413935,0,0,33513,37,0.0,0.0,0.0,0.0,2.087,0.0
1784379884.9157205,0,0,33523,37,0.0,0.0,0.0,0.0,2.087,0.0
1784379885.0004528,0,0,33533,37,0.0,0.0,0.0,0.0,2.087,0.0
1784379885.0879083,0,0,33543,37,0.0,0.0,0.0,0.0,2.087,0.0
1784379885.1841254,0,0,33553,37,0.0,0.0,0.0,0.0,2.087,0.0
1784379885.279736,0,0,33563,37,0.0,0.0,0.0,0.0,2.087,0.0
1784379885.3670375,0,0,33573,37,0.0,0.0,0.0,0.0,2.086,0.0
1784379885.4325736,0,0,33583,37,0.0,0.0,0.0,0.0,2.086,0.0
1784379885.5084026,0,0,33593,37,0.0,0.0,0.0,0.0,2.086,0.0
1784379885.589489,0,0,33603,37,0.0,0.0,0.0,0.0,2.086,0.0
1784379885.6705284,0,0,33613,37,0.0,0.0,0.0,0.0,2.086,0.0
1784379885.7452357,0,0,33623,37,0.0,0.0,0.0,0.0,2.085,0.0
1784379885.8166778,0,0,33633,37,0.0,0.0,0.0,0.0,2.085,0.0
1784379885.8788886,0,0,33643,37,0.0,0.0,0.0,0.0,2.085,0.0
1784379885.958993,0,0,33653,37,0.0,0.0,0.0,0.0,2.085,0.0
1784379886.0276635,0,0,33663,37,0.0,0.0,0.0,0.0,2.084,0.0
1784379886.0791833,0,0,33673,37,0.0,0.0,0.0,0.0,2.084,0.0
1784379886.148381,0,0,33683,37,0.0,0.0,0.0,0.0,2.084,0.0
1784379886.2152197,0,0,33693,37,0.0,0.0,0.0,0.0,2.083,0.0
1784379886.2920017,0,0,33703,37,0.0,0.0,0.0,0.0,2.083,0.0
1784379886.3595924,0,0,33713,37,0.0,0.0,0.0,0.0,2.083,0.0
1784379886.435468,0,0,33723,37,0.0,0.0,0.0,0.0,2.082,0.0
1784379886.511009,0,0,33733,37,0.0,0.0,0.0,0.0,2.082,0.0
1784379886.5578396,0,0,33743,37,0.0,0.0,0.0,0.0,2.082,0.0
1784379886.6426923,0,0,33753,37,0.0,0.0,0.0,0.0,2.082,0.0
1784379886.7161884,0,0,33763,37,0.0,0.0,0.0,0.0,2.082,0.0
1784379886.7656317,0,0,33773,37,0.0,0.0,0.0,0.0,2.081,0.0
1784379886.83538,0,0,33783,37,0.0,0.0,0.0,0.0,2.081,0.0
1784379886.9092946,0,0,33793,37,0.0,0.0,0.0,0.0,2.081,0.0
1784379886.990362,0,0,33803,37,0.0,0.0,0.0,0.0,2.081,0.0
1784379887.0528438,0,0,33813,37,0.0,0.0,0.0,0.0,2.081,0.0
1784379887.114586,0,0,33823,37,0.0,0.0,0.0,0.0,2.081,0.0
1784379887.1967409,0,0,33833,37,0.0,0.0,0.0,0.0,2.081,0.0
1784379887.2777588,0,0,33843,37,0.0,0.0,0.0,0.0,2.081,0.0
1784379887.34586,0,0,33853,37,0.0,0.0,0.0,0.0,2.08,0.0
1784379887.440626,0,0,33863,37,0.0,0.0,0.0,0.0,2.08,0.0
1784379887.516199,0,0,33873,37,0.0,0.0,0.0,0.0,2.08,0.0
1784379887.5828981,0,0,33883,37,0.0,0.0,0.0,0.0,2.08,0.0
1784379887.6509485,0,0,33893,37,0.0,0.0,0.0,0.0,2.08,0.0
1784379887.7215943,0,0,33903,37,0.0,0.0,0.0,0.0,2.08,0.0
1784379887.7895184,0,0,33913,37,0.0,0.0,0.0,0.0,2.079,0.0
1784379887.8652709,0,0,33923,37,0.0,0.0,0.0,0.0,2.079,0.0
1784379887.9299932,0,0,33933,37,0.0,0.0,0.0,0.0,2.079,0.0
1784379888.020679,0,0,33943,37,0.0,0.0,0.0,0.0,2.079,0.0
1784379888.0927362,0,0,33953,37,0.0,0.0,0.0,0.0,2.078,0.0
1784379888.151184,0,0,33963,37,0.0,0.0,0.0,0.0,2.078,0.0
1784379888.2071433,0,0,33973,37,0.0,0.0,0.0,0.0,2.078,0.0
1784379888.2821662,0,0,33983,37,0.0,0.0,0.0,0.0,2.077,0.0
1784379888.332477,0,0,33993,37,0.0,0.0,0.0,0.0,2.077,0.0
1784379888.399314,0,0,34003,37,0.0,0.0,0.0,0.0,2.077,0.0
1784379888.4709146,0,0,34013,37,0.0,0.0,0.0,0.0,2.076,0.0
1784379888.5432792,0,0,34023,37,0.0,0.0,0.0,0.0,2.076,0.0
1784379888.5965142,0,0,34033,37,0.0,0.0,0.0,0.0,2.075,0.0
1784379888.7061281,0,0,34043,37,0.0,0.0,0.0,0.0,2.075,0.0
1784379888.7710133,0,0,34053,37,0.0,0.0,0.0,0.0,2.074,0.0
1784379888.847705,0,0,34063,37,0.0,0.0,0.0,0.0,2.074,0.0
1784379888.9091613,0,0,34073,37,0.0,0.0,0.0,0.0,2.073,0.0
1784379888.9879386,0,0,34083,37,0.0,0.0,0.0,0.0,2.073,0.0
1784379889.0592096,0,0,34093,37,0.0,0.0,0.0,0.0,2.073,0.0
1784379889.1347134,0,0,34103,37,0.0,0.0,0.0,0.0,2.073,0.0
1784379889.2038991,0,0,34113,37,0.0,0.0,0.0,0.0,2.073,0.0
1784379889.2724636,0,0,34123,37,0.0,0.0,0.0,0.0,2.073,0.0
1784379889.3575888,0,0,34133,37,0.0,0.0,0.0,0.0,2.073,0.0
1784379889.4548666,0,0,34143,37,0.0,0.0,0.0,0.0,2.073,0.0
1784379889.5553398,0,0,34153,37,0.0,0.0,0.0,0.0,2.073,0.0
1784379889.6554997,0,0,34163,37,0.0,0.0,0.0,0.0,2.072,0.0
1784379889.7371764,0,0,34173,37,0.0,0.0,0.0,0.0,2.072,0.0
1784379889.8317952,0,0,34183,37,0.0,0.0,0.0,0.0,2.072,0.0
1784379889.9115992,0,0,34193,37,0.0,0.0,0.0,0.0,2.072,0.0
1784379889.9906514,0,0,34203,37,0.0,0.0,0.0,0.0,2.071,0.0
1784379890.092,0,0,34213,37,0.0,0.0,0.0,0.0,2.071,0.0
1784379890.1784284,0,0,34223,37,0.0,0.0,0.0,0.0,2.071,0.0
1784379890.2740202,0,0,34233,37,0.0,0.0,0.0,0.0,2.071,0.0
1784379890.3817034,0,0,34243,37,0.0,0.0,0.0,0.0,2.07,0.0
1784379890.477296,0,0,34253,37,0.0,0.0,0.0,0.0,2.07,0.0
1784379890.5782864,0,0,34263,37,0.0,0.0,0.0,0.0,2.07,0.0
1784379890.710811,0,0,34273,37,0.0,0.0,0.0,0.0,2.07,0.0
1784379890.816465,0,0,34283,37,0.0,0.0,0.0,0.0,2.069,0.0
1784379890.954441,0,0,34293,37,0.0,0.0,0.0,0.0,2.069,0.0
1784379891.1223152,0,0,34303,37,0.0,0.0,0.0,0.0,2.069,0.0
1784379891.2147155,0,0,34313,37,0.0,0.0,0.0,0.0,2.068,0.0
1784379891.2951415,0,0,34323,37,0.0,0.0,0.0,0.0,2.068,0.0
1784379891.3840973,0,0,34333,37,0.0,0.0,0.0,0.0,2.068,0.0
1784379891.5020168,0,0,34343,37,0.0,0.0,0.0,0.0,2.068,0.0
1784379891.5894296,0,0,34353,37,0.0,0.0,0.0,0.0,2.068,0.0
1784379891.6537454,0,0,34363,37,0.0,0.0,0.0,0.0,2.068,0.0
1784379891.7524054,0,0,34373,37,0.0,0.0,0.0,0.0,2.067,0.0
1784379891.8675513,0,0,34383,37,0.0,0.0,0.0,0.0,2.067,0.0
1784379891.9576418,0,0,34393,37,0.0,0.0,0.0,0.0,2.067,0.0
1784379892.0472517,0,0,34403,37,0.0,0.0,0.0,0.0,2.067,0.0
1784379892.1299107,0,0,34413,37,0.0,0.0,0.0,0.0,2.067,0.0
1784379892.2658145,0,0,34423,37,0.0,0.0,0.0,0.0,2.066,0.0
1784379892.3580976,0,0,34433,37,0.0,0.0,0.0,0.0,2.066,0.0
1784379892.4782584,0,0,34443,37,0.0,0.0,0.0,0.0,2.066,0.0
1784379892.5613875,0,0,34453,37,0.0,0.0,0.0,0.0,2.066,0.0
1784379892.9710727,0,0,34463,37,0.0,0.0,0.0,0.0,2.065,0.0
1784379893.2901254,0,0,34473,37,0.0,0.0,0.0,0.0,2.065,0.0
1784379893.5167441,0,0,34483,37,0.0,0.0,0.0,0.0,2.065,0.0
1784379893.7390027,0,0,34493,37,0.0,0.0,0.0,0.0,2.064,0.0
1784379894.0833592,0,0,34503,37,0.0,0.0,0.0,0.0,2.064,0.0
1784379894.1924217,0,0,34513,37,0.0,0.0,0.0,0.0,2.064,0.0
1784379894.30406,0,0,34523,37,0.0,0.0,0.0,0.0,2.063,0.0
1784379894.5346014,0,0,34533,37,0.0,0.0,0.0,0.0,2.063,0.0
1784379894.6836703,0,0,34543,37,0.0,0.0,0.0,0.0,2.062,0.0
1784379894.8199332,0,0,34553,37,0.0,0.0,0.0,0.0,2.062,0.0
1784379894.9641986,0,0,34563,37,0.0,0.0,0.0,0.0,2.062,0.0
1784379895.1157782,0,0,34573,37,0.0,0.0,0.0,0.0,2.061,0.0
1784379895.247596,0,0,34583,37,0.0,0.0,0.0,0.0,2.061,0.0
1784379895.392906,0,0,34593,37,0.0,0.0,0.0,0.0,2.06,0.0
1784379895.5118952,0,0,34603,37,0.0,0.0,0.0,0.0,2.06,0.0
1784379895.6465588,0,0,34613,37,0.0,0.0,0.0,0.0,2.06,0.0
1784379895.8089046,0,0,34623,37,0.0,0.0,0.0,0.0,2.06,0.0
1784379895.9764042,0,0,34633,37,0.0,0.0,0.0,0.0,2.06,0.0
1784379896.2417483,0,0,34643,37,0.0,0.0,0.0,0.0,2.06,0.0
1784379896.573729,0,0,34653,37,0.0,0.0,0.0,0.0,2.06,0.0
1784379896.9788885,0,0,34663,37,0.0,0.0,0.0,0.0,2.06,0.0
1784379897.214675,0,0,34673,37,0.0,0.0,0.0,0.0,2.06,0.0
1784379897.397237,0,0,34683,37,0.0,0.0,0.0,0.0,2.06,0.0
1784379897.5878441,0,0,34693,37,0.0,0.0,0.0,0.0,2.059,0.0
1784379897.6917584,0,0,34703,37,0.0,0.0,0.0,0.0,2.059,0.0
1784379897.8021507,0,0,34713,37,0.0,0.0,0.0,0.0,2.059,0.0
1784379897.9395063,0,0,34723,37,0.0,0.0,0.0,0.0,2.059,0.0
1784379898.1173983,0,0,34733,37,0.0,0.0,0.0,0.0,2.059,0.0
1784379898.226302,0,0,34743,37,0.0,0.0,0.0,0.0,2.059,0.0
1784379898.3254423,0,0,34753,37,0.0,0.0,0.0,0.0,2.059,0.0
1784379898.4548225,0,0,34763,37,0.0,0.0,0.0,0.0,2.059,0.0
1784379898.5527792,0,0,34773,37,0.0,0.0,0.0,0.0,2.059,0.0
1784379898.6820781,0,0,34783,37,0.0,0.0,0.0,0.0,2.059,0.0
1784379898.7957704,0,0,34793,37,0.0,0.0,0.0,0.0,2.059,0.0
1784379898.9014428,0,0,34803,37,0.0,0.0,0.0,0.0,2.059,0.0
1784379898.9793904,0,0,34813,37,0.0,0.0,0.0,0.0,2.059,0.0
1784379899.0595381,0,0,34823,37,0.0,0.0,0.0,0.0,2.059,0.0
1784379899.182492,0,0,34833,37,0.0,0.0,0.0,0.0,2.059,0.0
1784379899.25983,0,0,34843,37,0.0,0.0,0.0,0.0,2.059,0.0
1784379899.3358057,0,0,34853,37,0.0,0.0,0.0,0.0,2.059,0.0
1784379899.4219759,0,0,34863,37,0.0,0.0,0.0,0.0,2.059,0.0
1784379899.5541654,0,0,34873,37,0.0,0.0,0.0,0.0,2.059,0.0
1784379899.660426,0,0,34883,37,0.0,0.0,0.0,0.0,2.059,0.0
1784379899.7431934,0,0,34893,37,0.0,0.0,0.0,0.0,2.059,0.0
1784379899.8629534,0,0,34903,37,0.0,0.0,0.0,0.0,2.059,0.0
1784379899.9435027,0,0,34913,37,0.0,0.0,0.0,0.0,2.059,0.0
1784379900.0365283,0,0,34923,37,0.0,0.0,0.0,0.0,2.059,0.0
1784379900.1211715,0,0,34933,37,0.0,0.0,0.0,0.0,2.059,0.0
1784379900.205997,0,0,34943,37,0.0,0.0,0.0,0.0,2.059,0.0
1784379900.2899368,0,0,34953,37,0.0,0.0,0.0,0.0,2.059,0.0
1784379900.369525,0,0,34963,37,0.0,0.0,0.0,0.0,2.059,0.0
1784379900.4502218,0,0,34973,37,0.0,0.0,0.0,0.0,2.059,0.0
1784379900.5487874,0,0,34983,37,0.0,0.0,0.0,0.0,2.059,0.0
1784379900.6324868,0,0,34993,37,0.0,0.0,0.0,0.0,2.059,0.0
1784379900.7184136,0,0,35003,37,0.0,0.0,0.0,0.0,2.059,0.0
1784379900.7940934,0,0,35013,37,0.0,0.0,0.0,0.0,2.059,0.0
1784379900.8966367,0,0,35023,37,0.0,0.0,0.0,0.0,2.059,0.0
1784379900.9597964,0,0,35033,37,0.0,0.0,0.0,0.0,2.059,0.0
1784379901.0158865,0,0,35043,37,0.0,0.0,0.0,0.0,2.059,0.0
1784379901.0830474,0,0,35053,37,0.0,0.0,0.0,0.0,2.059,0.0
1784379901.1794295,0,0,35063,37,0.0,0.0,0.0,0.0,2.059,0.0
1784379901.2645826,0,0,35073,37,0.0,0.0,0.0,0.0,2.059,0.0
1784379901.3605323,0,0,35083,37,0.0,0.0,0.0,0.0,2.06,0.0
1784379901.4576447,0,0,35093,37,0.0,0.0,0.0,0.0,2.06,0.0
1784379901.5382318,0,0,35103,37,0.0,0.0,0.0,0.0,2.06,0.0
1784379901.6391628,0,0,35113,37,0.0,0.0,0.0,0.0,2.06,0.0
1784379901.7148376,0,0,35123,37,0.0,0.0,0.0,0.0,2.06,0.0
1784379901.8235576,0,0,35133,37,0.0,0.0,0.0,0.0,2.06,0.0
1784379901.9317973,0,0,35143,37,0.0,0.0,0.0,0.0,2.06,0.0
1784379902.0123522,0,0,35153,37,0.0,0.0,0.0,0.0,2.06,0.0
1784379902.0792346,0,0,35163,37,0.0,0.0,0.0,0.0,2.06,0.0
1784379902.1686974,0,0,35173,37,0.0,0.0,0.0,0.0,2.06,0.0
1784379902.2410903,0,0,35183,37,0.0,0.0,0.0,0.0,2.06,0.0
1784379902.3164246,0,0,35193,37,0.0,0.0,0.0,0.0,2.06,0.0
1784379902.419974,0,0,35203,37,0.0,0.0,0.0,0.0,2.06,0.0
1784379902.4921672,0,0,35213,37,0.0,0.0,0.0,0.0,2.06,0.0
1784379902.5684104,0,0,35223,37,0.0,0.0,0.0,0.0,2.06,0.0
1784379902.6304073,0,0,35233,37,0.0,0.0,0.0,0.0,2.06,0.0
1784379902.713155,0,0,35243,37,0.0,0.0,0.0,0.0,2.06,0.0
1784379902.8145912,0,0,35253,37,0.0,0.0,0.0,0.0,2.06,0.0
1784379902.9126008,0,0,35263,37,0.0,0.0,0.0,0.0,2.06,0.0
1784379902.9950645,0,0,35273,37,0.0,0.0,0.0,0.0,2.06,0.0
1784379903.0732505,0,0,35283,37,0.0,0.0,0.0,0.0,2.059,0.0
1784379903.1464078,0,0,35293,37,0.0,0.0,0.0,0.0,2.059,0.0
1784379903.2242959,0,0,35303,37,0.0,0.0,0.0,0.0,2.059,0.0
1784379903.2739112,0,0,35313,37,0.0,0.0,0.0,0.0,2.059,0.0
1784379903.3657153,0,0,35323,37,0.0,0.0,0.0,0.0,2.059,0.0
1784379903.4538627,0,0,35333,37,0.0,0.0,0.0,0.0,2.059,0.0
1784379903.536435,0,0,35343,37,0.0,0.0,0.0,0.0,2.059,0.0
1784379903.6082275,0,0,35353,37,0.0,0.0,0.0,0.0,2.059,0.0
1784379903.6852474,0,0,35363,37,0.0,0.0,0.0,0.0,2.059,0.0
1784379903.749799,0,0,35373,37,0.0,0.0,0.0,0.0,2.059,0.0
1784379903.8232687,0,0,35383,37,0.0,0.0,0.0,0.0,2.059,0.0
1784379903.9056392,0,0,35393,37,0.0,0.0,0.0,0.0,2.058,0.0
1784379903.9478827,0,0,35403,37,0.0,0.0,0.0,0.0,2.058,0.0
1784379904.010341,0,0,35413,37,0.0,0.0,0.0,0.0,2.058,0.0
1784379904.0941124,0,0,35423,37,0.0,0.0,0.0,0.0,2.058,0.0
1784379904.165837,0,0,35433,37,0.0,0.0,0.0,0.0,2.058,0.0
1784379904.2571523,0,0,35443,37,0.0,0.0,0.0,0.0,2.058,0.0
1784379904.3211424,0,0,35453,37,0.0,0.0,0.0,0.0,2.058,0.0
1784379904.400415,0,0,35463,37,0.0,0.0,0.0,0.0,2.057,0.0
1784379904.4819918,0,0,35473,37,0.0,0.0,0.0,0.0,2.057,0.0
1784379904.564347,0,0,35483,37,0.0,0.0,0.0,0.0,2.057,0.0
1784379904.6428134,0,0,35493,37,0.0,0.0,0.0,0.0,2.057,0.0
1784379904.7025466,0,0,35503,37,0.0,0.0,0.0,0.0,2.057,0.0
1784379904.7607615,0,0,35513,37,0.0,0.0,0.0,0.0,2.057,0.0
1784379904.8372207,0,0,35523,37,0.0,0.0,0.0,0.0,2.056,0.0
1784379904.9063156,0,0,35533,37,0.0,0.0,0.0,0.0,2.056,0.0
1784379904.9743903,0,0,35543,37,0.0,0.0,0.0,0.0,2.056,0.0
1784379905.0367177,0,0,35553,37,0.0,0.0,0.0,0.0,2.056,0.0
1784379905.08992,0,0,35563,37,0.0,0.0,0.0,0.0,2.056,0.0
1784379905.172599,0,0,35573,37,0.0,0.0,0.0,0.0,2.055,0.0
1784379905.2281878,0,0,35583,37,0.0,0.0,0.0,0.0,2.055,0.0
1784379905.291971,0,0,35593,37,0.0,0.0,0.0,0.0,2.055,0.0
1784379905.3470094,0,0,35603,37,0.0,0.0,0.0,0.0,2.055,0.0
1784379905.4177377,0,0,35613,37,0.0,0.0,0.0,0.0,2.055,0.0
1784379905.4869046,0,0,35623,37,0.0,0.0,0.0,0.0,2.054,0.0
1784379905.5547297,0,0,35633,37,0.0,0.0,0.0,0.0,2.054,0.0
1784379905.6354022,0,0,35643,37,0.0,0.0,0.0,0.0,2.054,0.0
1784379905.693562,0,0,35653,37,0.0,0.0,0.0,0.0,2.054,0.0
1784379905.753982,0,0,35663,37,0.0,0.0,0.0,0.0,2.054,0.0
1784379905.8364072,0,0,35673,37,0.0,0.0,0.0,0.0,2.053,0.0
1784379905.9328678,0,0,35683,37,0.0,0.0,0.0,0.0,2.053,0.0
1784379905.9955382,0,0,35693,37,0.0,0.0,0.0,0.0,2.053,0.0
1784379906.0688884,0,0,35703,37,0.0,0.0,0.0,0.0,2.053,0.0
1784379906.1448681,0,0,35713,37,0.0,0.0,0.0,0.0,2.053,0.0
1784379906.2157478,0,0,35723,37,0.0,0.0,0.0,0.0,2.053,0.0
1784379906.3024738,0,0,35733,37,0.0,0.0,0.0,0.0,2.053,0.0
1784379906.380905,0,0,35743,37,0.0,0.0,0.0,0.0,2.053,0.0
1784379906.4401236,0,0,35753,37,0.0,0.0,0.0,0.0,2.053,0.0
1784379906.505011,0,0,35763,37,0.0,0.0,0.0,0.0,2.053,0.0
1784379906.5763097,0,0,35773,37,0.0,0.0,0.0,0.0,2.052,0.0
1784379906.6756988,0,0,35783,37,0.0,0.0,0.0,0.0,2.052,0.0
1784379906.7527316,0,0,35793,37,0.0,0.0,0.0,0.0,2.052,0.0
1784379906.8277698,0,0,35803,37,0.0,0.0,0.0,0.0,2.051,0.0
1784379906.8931947,0,0,35813,37,0.0,0.0,0.0,0.0,2.051,0.0
1784379906.981099,0,0,35823,37,0.0,0.0,0.0,0.0,2.051,0.0
1784379907.0499,0,0,35833,37,0.0,0.0,0.0,0.0,2.05,0.0
1784379907.1203568,0,0,35843,37,0.0,0.0,0.0,0.0,2.05,0.0
1784379907.1811297,0,0,35853,37,0.0,0.0,0.0,0.0,2.05,0.0
1784379907.2518477,0,0,35863,37,0.0,0.0,0.0,0.0,2.049,0.0
1784379907.3338416,0,0,35873,37,0.0,0.0,0.0,0.0,2.049,0.0
1784379907.3986316,0,0,35883,37,0.0,0.0,0.0,0.0,2.048,0.0
1784379907.4683008,0,0,35893,37,0.0,0.0,0.0,0.0,2.048,0.0
1784379907.52354,0,0,35903,37,0.0,0.0,0.0,0.0,2.048,0.0
1784379907.5936425,0,0,35913,37,0.0,0.0,0.0,0.0,2.048,0.0
1784379907.6490858,0,0,35923,37,0.0,0.0,0.0,0.0,2.048,0.0
1784379907.7260478,0,0,35933,37,0.0,0.0,0.0,0.0,2.048,0.0
1784379907.794585,0,0,35943,37,0.0,0.0,0.0,0.0,2.048,0.0
1784379907.8563783,0,0,35953,37,0.0,0.0,0.0,0.0,2.048,0.0
1784379907.9226944,0,0,35963,37,0.0,0.0,0.0,0.0,2.047,0.0
1784379907.9922814,0,0,35973,37,0.0,0.0,0.0,0.0,2.047,0.0
1784379908.0703282,0,0,35983,37,0.0,0.0,0.0,0.0,2.047,0.0
1784379908.1503212,0,0,35993,37,0.0,0.0,0.0,0.0,2.047,0.0
1784379908.227149,0,0,36003,37,0.0,0.0,0.0,0.0,2.047,0.0
1784379908.299728,0,0,36013,37,0.0,0.0,0.0,0.0,2.046,0.0
1784379908.3596158,0,0,36023,37,0.0,0.0,0.0,0.0,2.046,0.0
1784379908.4290407,0,0,36033,37,0.0,0.0,0.0,0.0,2.046,0.0
1784379908.4844065,0,0,36043,37,0.0,0.0,0.0,0.0,2.045,0.0
1784379908.5524237,0,0,36053,37,0.0,0.0,0.0,0.0,2.045,0.0
1784379908.6233888,0,0,36063,37,0.0,0.0,0.0,0.0,2.045,0.0
1784379908.6840348,0,0,36073,37,0.0,0.0,0.0,0.0,2.044,0.0
1784379908.7477927,0,0,36083,37,0.0,0.0,0.0,0.0,2.044,0.0
1784379908.8158123,0,0,36093,37,0.0,0.0,0.0,0.0,2.043,0.0
1784379908.867988,0,0,36103,37,0.0,0.0,0.0,0.0,2.043,0.0
1784379908.961404,0,0,36113,37,0.0,0.0,0.0,0.0,2.042,0.0
1784379909.0323608,0,0,36123,37,0.0,0.0,0.0,0.0,2.042,0.0
1784379909.100627,0,0,36133,37,0.0,0.0,0.0,0.0,2.041,0.0
1784379909.1701474,0,0,36143,37,0.0,0.0,0.0,0.0,2.041,0.0
1784379909.2575524,0,0,36153,37,0.0,0.0,0.0,0.0,2.041,0.0
1784379909.3305657,0,0,36163,37,0.0,0.0,0.0,0.0,2.041,0.0
1784379909.3957524,0,0,36173,37,0.0,0.0,0.0,0.0,2.041,0.0
1784379909.4779818,0,0,36183,37,0.0,0.0,0.0,0.0,2.04,0.0
1784379909.5378091,0,0,36193,37,0.0,0.0,0.0,0.0,2.04,0.0
1784379909.6047347,0,0,36203,37,0.0,0.0,0.0,0.0,2.04,0.0
1784379909.6711004,0,0,36213,37,0.0,0.0,0.0,0.0,2.04,0.0
1784379909.7343855,0,0,36223,37,0.0,0.0,0.0,0.0,2.039,0.0
1784379909.8007262,0,0,36233,37,0.0,0.0,0.0,0.0,2.039,0.0
1784379909.8750277,0,0,36243,37,0.0,0.0,0.0,0.0,2.039,0.0
1784379909.9537325,0,0,36253,37,0.0,0.0,0.0,0.0,2.039,0.0
1784379910.0064409,0,0,36263,37,0.0,0.0,0.0,0.0,2.038,0.0
1784379910.0830526,0,0,36273,37,0.0,0.0,0.0,0.0,2.038,0.0
1784379910.1521492,0,0,36283,37,0.0,0.0,0.0,0.0,2.038,0.0
1784379910.2167764,0,0,36293,37,0.0,0.0,0.0,0.0,2.037,0.0
1784379910.2943952,0,0,36303,37,0.0,0.0,0.0,0.0,2.037,0.0
1784379910.3532977,0,0,36313,37,0.0,0.0,0.0,0.0,2.037,0.0
1784379910.4130704,0,0,36323,37,0.0,0.0,0.0,0.0,2.037,0.0
1784379910.4880033,0,0,36333,37,0.0,0.0,0.0,0.0,2.036,0.0
1784379910.5507379,0,0,36343,37,0.0,0.0,0.0,0.0,2.036,0.0
1784379910.6007946,0,0,36353,37,0.0,0.0,0.0,0.0,2.035,0.0
1784379910.675167,0,0,36363,37,0.0,0.0,0.0,0.0,2.035,0.0
1784379910.7319615,0,0,36373,37,0.0,0.0,0.0,0.0,2.035,0.0
1784379910.810103,0,0,36383,37,0.0,0.0,0.0,0.0,2.035,0.0
1784379910.8991036,0,0,36393,37,0.0,0.0,0.0,0.0,2.035,0.0
1784379910.965403,0,0,36403,37,0.0,0.0,0.0,0.0,2.035,0.0
1784379911.0549786,0,0,36413,37,0.0,0.0,0.0,0.0,2.035,0.0
1784379911.156636,0,0,36423,37,0.0,0.0,0.0,0.0,2.034,0.0
1784379911.2366834,0,0,36433,37,0.0,0.0,0.0,0.0,2.034,0.0
1784379911.2997065,0,0,36443,37,0.0,0.0,0.0,0.0,2.034,0.0
1784379911.367095,0,0,36453,37,0.0,0.0,0.0,0.0,2.034,0.0
1784379911.4424648,0,0,36463,37,0.0,0.0,0.0,0.0,2.034,0.0
1784379911.5222418,0,0,36473,37,0.0,0.0,0.0,0.0,2.033,0.0
1784379911.5827801,0,0,36483,37,0.0,0.0,0.0,0.0,2.033,0.0
1784379911.6516793,0,0,36493,37,0.0,0.0,0.0,0.0,2.033,0.0
1784379911.7152846,0,0,36503,37,0.0,0.0,0.0,0.0,2.033,0.0
1784379911.8031137,0,0,36513,37,0.0,0.0,0.0,0.0,2.032,0.0
1784379911.8383214,0,0,36523,37,0.0,0.0,0.0,0.0,2.032,0.0
1784379911.933234,0,0,36533,37,0.0,0.0,0.0,0.0,2.032,0.0
1784379912.0109642,0,0,36543,37,0.0,0.0,0.0,0.0,2.031,0.0
1784379912.0798728,0,0,36553,37,0.0,0.0,0.0,0.0,2.031,0.0
1784379912.1481664,0,0,36563,37,0.0,0.0,0.0,0.0,2.031,0.0
1784379912.2148383,0,0,36573,37,0.0,0.0,0.0,0.0,2.03,0.0
1784379912.2730937,0,0,36583,37,0.0,0.0,0.0,0.0,2.03,0.0
1784379912.3417366,0,0,36593,37,0.0,0.0,0.0,0.0,2.029,0.0
1784379912.4227424,0,0,36603,37,0.0,0.0,0.0,0.0,2.029,0.0
1784379912.482851,0,0,36613,37,0.0,0.0,0.0,0.0,2.029,0.0
1784379912.562588,0,0,36623,37,0.0,0.0,0.0,0.0,2.028,0.0
1784379912.617328,0,0,36633,37,0.0,0.0,0.0,0.0,2.028,0.0
1784379912.6980338,0,0,36643,37,0.0,0.0,0.0,0.0,2.028,0.0
1784379912.7702107,0,0,36653,37,0.0,0.0,0.0,0.0,2.027,0.0
1784379912.8410406,0,0,36663,37,0.0,0.0,0.0,0.0,2.027,0.0
1784379912.9305282,0,0,36673,37,0.0,0.0,0.0,0.0,2.026,0.0
1784379913.0055897,0,0,36683,37,0.0,0.0,0.0,0.0,2.026,0.0
1784379913.0852666,0,0,36693,37,0.0,0.0,0.0,0.0,2.026,0.0
1784379913.152297,0,0,36703,37,0.0,0.0,0.0,0.0,2.026,0.0
1784379913.236412,0,0,36713,37,0.0,0.0,0.0,0.0,2.026,0.0
1784379913.3029208,0,0,36723,37,0.0,0.0,0.0,0.0,2.026,0.0
1784379913.3763256,0,0,36733,37,0.0,0.0,0.0,0.0,2.026,0.0
1784379913.4518154,0,0,36743,37,0.0,0.0,0.0,0.0,2.025,0.0
1784379913.5194016,0,0,36753,37,0.0,0.0,0.0,0.0,2.025,0.0
1784379913.6056552,0,0,36763,37,0.0,0.0,0.0,0.0,2.025,0.0
1784379913.660945,0,0,36773,37,0.0,0.0,0.0,0.0,2.025,0.0
1784379913.7388327,0,0,36783,37,0.0,0.0,0.0,0.0,2.025,0.0
1784379913.8352454,0,0,36793,37,0.0,0.0,0.0,0.0,2.025,0.0
1784379913.9094732,0,0,36803,37,0.0,0.0,0.0,0.0,2.025,0.0
1784379913.9781616,0,0,36813,37,0.0,0.0,0.0,0.0,2.024,0.0
1784379914.0479436,0,0,36823,37,0.0,0.0,0.0,0.0,2.024,0.0
1784379914.1114707,0,0,36833,37,0.0,0.0,0.0,0.0,2.024,0.0
1784379914.1893322,0,0,36843,37,0.0,0.0,0.0,0.0,2.024,0.0
1784379914.2611444,0,0,36853,37,0.0,0.0,0.0,0.0,2.023,0.0
1784379914.3311112,0,0,36863,37,0.0,0.0,0.0,0.0,2.023,0.0
1784379914.4565635,0,0,36873,37,0.0,0.0,0.0,0.0,2.023,0.0
1784379914.5368052,0,0,36883,37,0.0,0.0,0.0,0.0,2.022,0.0
1784379914.620753,0,0,36893,37,0.0,0.0,0.0,0.0,2.022,0.0
1784379914.7377248,0,0,36903,37,0.0,0.0,0.0,0.0,2.021,0.0
1784379914.8065584,0,0,36913,37,0.0,0.0,0.0,0.0,2.021,0.0
1784379914.8772216,0,0,36923,37,0.0,0.0,0.0,0.0,2.021,0.0
1784379914.96108,0,0,36933,37,0.0,0.0,0.0,0.0,2.02,0.0
1784379915.024273,0,0,36943,37,0.0,0.0,0.0,0.0,2.02,0.0
1784379915.0946121,0,0,36953,37,0.0,0.0,0.0,0.0,2.019,0.0
1784379915.1766744,0,0,36963,37,0.0,0.0,0.0,0.0,2.019,0.0
1784379915.245394,0,0,36973,37,0.0,0.0,0.0,0.0,2.019,0.0
1784379915.3038645,0,0,36983,37,0.0,0.0,0.0,0.0,2.019,0.0
1784379915.3602543,0,0,36993,37,0.0,0.0,0.0,0.0,2.019,0.0
1784379915.4198146,0,0,37003,37,0.0,0.0,0.0,0.0,2.019,0.0
1784379915.4634395,0,0,37013,37,0.0,0.0,0.0,0.0,2.019,0.0
1784379915.538582,0,0,37023,37,0.0,0.0,0.0,0.0,2.019,0.0
1784379915.6009676,0,0,37033,37,0.0,0.0,0.0,0.0,2.019,0.0
1784379915.658199,0,0,37043,37,0.0,0.0,0.0,0.0,2.019,0.0
1784379915.7404659,0,0,37053,37,0.0,0.0,0.0,0.0,2.019,0.0
1784379915.8023348,0,0,37063,37,0.0,0.0,0.0,0.0,2.018,0.0
1784379915.869374,0,0,37073,37,0.0,0.0,0.0,0.0,2.018,0.0
1784379915.9430285,0,0,37083,37,0.0,0.0,0.0,0.0,2.018,0.0
1784379916.0054138,0,0,37093,37,0.0,0.0,0.0,0.0,2.018,0.0
1784379916.0779574,0,0,37103,37,0.0,0.0,0.0,0.0,2.018,0.0
1784379916.1418548,0,0,37113,37,0.0,0.0,0.0,0.0,2.018,0.0
1784379916.218538,0,0,37123,37,0.0,0.0,0.0,0.0,2.017,0.0
1784379916.2827706,0,0,37133,37,0.0,0.0,0.0,0.0,2.017,0.0
1784379916.3400881,0,0,37143,37,0.0,0.0,0.0,0.0,2.017,0.0
1784379916.416967,0,0,37153,37,0.0,0.0,0.0,0.0,2.017,0.0
1784379916.4968817,0,0,37163,37,0.0,0.0,0.0,0.0,2.017,0.0
1784379916.5585332,0,0,37173,37,0.0,0.0,0.0,0.0,2.016,0.0
1784379916.6217854,0,0,37183,37,0.0,0.0,0.0,0.0,2.016,0.0
1784379916.694005,0,0,37193,37,0.0,0.0,0.0,0.0,2.016,0.0
1784379916.7567723,0,0,37203,37,0.0,0.0,0.0,0.0,2.015,0.0
1784379916.8057215,0,0,37213,37,0.0,0.0,0.0,0.0,2.015,0.0
1784379916.8656983,0,0,37223,37,0.0,0.0,0.0,0.0,2.015,0.0
1784379916.9473221,0,0,37233,37,0.0,0.0,0.0,0.0,2.014,0.0
1784379917.0320501,0,0,37243,37,0.0,0.0,0.0,0.0,2.014,0.0
1784379917.1098573,0,0,37253,37,0.0,0.0,0.0,0.0,2.014,0.0
1784379917.193578,0,0,37263,37,0.0,0.0,0.0,0.0,2.014,0.0
1784379917.2743263,0,0,37273,37,0.0,0.0,0.0,0.0,2.013,0.0
1784379917.3434703,0,0,37283,37,0.0,0.0,0.0,0.0,2.013,0.0
1784379917.412721,0,0,37293,37,0.0,0.0,0.0,0.0,2.012,0.0
1784379917.486624,0,0,37303,37,0.0,0.0,0.0,0.0,2.012,0.0
1784379917.5390544,0,0,37313,37,0.0,0.0,0.0,0.0,2.012,0.0
1784379917.6205418,0,0,37323,37,0.0,0.0,0.0,0.0,2.012,0.0
1784379917.6930676,0,0,37333,37,0.0,0.0,0.0,0.0,2.012,0.0
1784379917.7552052,0,0,37343,37,0.0,0.0,0.0,0.0,2.012,0.0
1784379917.862606,0,0,37353,37,0.0,0.0,0.0,0.0,2.012,0.0
1784379917.9174778,0,0,37363,37,0.0,0.0,0.0,0.0,2.012,0.0
1784379917.9958653,0,0,37373,37,0.0,0.0,0.0,0.0,2.012,0.0
1784379918.069674,0,0,37383,37,0.0,0.0,0.0,0.0,2.012,0.0
1784379918.1444378,0,0,37393,37,0.0,0.0,0.0,0.0,2.012,0.0
1784379918.2023575,0,0,37403,37,0.0,0.0,0.0,0.0,2.012,0.0
1784379918.2635653,0,0,37413,37,0.0,0.0,0.0,0.0,2.012,0.0
1784379918.3334482,0,0,37423,37,0.0,0.0,0.0,0.0,2.012,0.0
1784379918.3949306,0,0,37433,37,0.0,0.0,0.0,0.0,2.012,0.0
1784379918.4694736,0,0,37443,37,0.0,0.0,0.0,0.0,2.012,0.0
1784379918.5301466,0,0,37453,37,0.0,0.0,0.0,0.0,2.013,0.0
1784379918.59189,0,0,37463,37,0.0,0.0,0.0,0.0,2.013,0.0
1784379918.6702225,0,0,37473,37,0.0,0.0,0.0,0.0,2.013,0.0
1784379918.7281044,0,0,37483,37,0.0,0.0,0.0,0.0,2.013,0.0
1784379918.7887886,0,0,37493,37,0.0,0.0,0.0,0.0,2.013,0.0
1784379918.8701482,0,0,37503,37,0.0,0.0,0.0,0.0,2.013,0.0
1784379918.944082,0,0,37513,37,0.0,0.0,0.0,0.0,2.013,0.0
1784379919.0099905,0,0,37523,37,0.0,0.0,0.0,0.0,2.013,0.0
1784379919.080139,0,0,37533,37,0.0,0.0,0.0,0.0,2.013,0.0
1784379919.1575644,0,0,37543,37,0.0,0.0,0.0,0.0,2.013,0.0
1784379919.2288144,0,0,37553,37,0.0,0.0,0.0,0.0,2.013,0.0
1784379919.307896,0,0,37563,37,0.0,0.0,0.0,0.0,2.013,0.0
1784379919.3701944,0,0,37573,37,0.0,0.0,0.0,0.0,2.013,0.0
1784379919.4499364,0,0,37583,37,0.0,0.0,0.0,0.0,2.013,0.0
1784379919.5084953,0,0,37593,37,0.0,0.0,0.0,0.0,2.013,0.0
1784379919.578319,0,0,37603,37,0.0,0.0,0.0,0.0,2.013,0.0
1784379919.6260874,0,0,37613,37,0.0,0.0,0.0,0.0,2.013,0.0
1784379919.6922402,0,0,37623,37,0.0,0.0,0.0,0.0,2.013,0.0
1784379919.748729,0,0,37633,37,0.0,0.0,0.0,0.0,2.013,0.0
1784379919.814723,0,0,37643,37,0.0,0.0,0.0,0.0,2.013,0.0
1784379919.8875449,0,0,37653,37,0.0,0.0,0.0,0.0,2.013,0.0
1784379919.953749,0,0,37663,37,0.0,0.0,0.0,0.0,2.013,0.0
1784379920.041854,0,0,37673,37,0.0,0.0,0.0,0.0,2.013,0.0
1784379920.1171925,0,0,37683,37,0.0,0.0,0.0,0.0,2.013,0.0
1784379920.164317,0,0,37693,37,0.0,0.0,0.0,0.0,2.013,0.0
1784379920.2451582,0,0,37703,37,0.0,0.0,0.0,0.0,2.013,0.0
1784379920.3174129,0,0,37713,37,0.0,0.0,0.0,0.0,2.013,0.0
1784379920.381073,0,0,37723,37,0.0,0.0,0.0,0.0,2.013,0.0
1784379920.4585948,0,0,37733,37,0.0,0.0,0.0,0.0,2.013,0.0
1784379920.5353765,0,0,37743,37,0.0,0.0,0.0,0.0,2.013,0.0
1784379920.5966725,0,0,37753,37,0.0,0.0,0.0,0.0,2.013,0.0
1784379920.6778405,0,0,37763,37,0.0,0.0,0.0,0.0,2.013,0.0
1784379920.7605028,0,0,37773,37,0.0,0.0,0.0,0.0,2.013,0.0
1784379920.838563,0,0,37783,37,0.0,0.0,0.0,0.0,2.013,0.0
1784379920.913021,0,0,37793,37,0.0,0.0,0.0,0.0,2.013,0.0
1784379920.9945354,0,0,37803,37,0.0,0.0,0.0,0.0,2.013,0.0
1784379921.0671525,0,0,37813,37,0.0,0.0,0.0,0.0,2.013,0.0
1784379921.1498046,0,0,37823,37,0.0,0.0,0.0,0.0,2.013,0.0
1784379921.2437062,0,0,37833,37,0.0,0.0,0.0,0.0,2.013,0.0
1784379921.3149722,0,0,37843,37,0.0,0.0,0.0,0.0,2.013,0.0
1784379921.3657658,0,0,37853,37,0.0,0.0,0.0,0.0,2.013,0.0
1784379921.4479809,0,0,37863,37,0.0,0.0,0.0,0.0,2.013,0.0
1784379921.5269616,0,0,37873,37,0.0,0.0,0.0,0.0,2.013,0.0
1784379921.5942178,0,0,37883,37,0.0,0.0,0.0,0.0,2.013,0.0
1784379921.6603074,0,0,37893,37,0.0,0.0,0.0,0.0,2.013,0.0
1784379921.7217557,0,0,37903,37,0.0,0.0,0.0,0.0,2.013,0.0
1784379921.795437,0,0,37913,37,0.0,0.0,0.0,0.0,2.013,0.0
1784379921.8514352,0,0,37923,37,0.0,0.0,0.0,0.0,2.013,0.0
1784379921.9322863,0,0,37933,37,0.0,0.0,0.0,0.0,2.013,0.0
1784379922.0088458,0,0,37943,37,0.0,0.0,0.0,0.0,2.013,0.0
1784379922.0855367,0,0,37953,37,0.0,0.0,0.0,0.0,2.013,0.0
1784379922.1617754,0,0,37963,37,0.0,0.0,0.0,0.0,2.013,0.0
1784379922.2403905,0,0,37973,37,0.0,0.0,0.0,0.0,2.013,0.0
1784379922.3070352,0,0,37983,37,0.0,0.0,0.0,0.0,2.013,0.0
1784379922.3698869,0,0,37993,37,0.0,0.0,0.0,0.0,2.013,0.0
1784379922.4548707,0,0,38003,37,0.0,0.0,0.0,0.0,2.013,0.0
1784379922.5152113,0,0,38013,37,0.0,0.0,0.0,0.0,2.013,0.0
1784379922.5779924,0,0,38023,37,0.0,0.0,0.0,0.0,2.013,0.0
1784379922.6439452,0,0,38033,37,0.0,0.0,0.0,0.0,2.013,0.0
1784379922.7181659,0,0,38043,37,0.0,0.0,0.0,0.0,2.013,0.0
1784379922.7848155,0,0,38053,37,0.0,0.0,0.0,0.0,2.013,0.0
1784379922.844407,0,0,38063,37,0.0,0.0,0.0,0.0,2.013,0.0
1784379923.040532,0,0,38073,37,0.0,0.0,0.0,0.0,2.013,0.0
1784379923.0854595,0,0,38083,37,0.0,0.0,0.0,0.0,2.013,0.0
1784379923.1485066,0,0,38093,37,0.0,0.0,0.0,0.0,2.013,0.0
1784379923.265906,0,0,38103,37,0.0,0.0,0.0,0.0,2.013,0.0
1784379923.3336344,0,0,38113,37,0.0,0.0,0.0,0.0,2.013,0.0
1784379923.406522,0,0,38123,37,0.0,0.0,0.0,0.0,2.013,0.0
1784379923.492007,0,0,38133,37,0.0,0.0,0.0,0.0,2.013,0.0
1784379923.551334,0,0,38143,37,0.0,0.0,0.0,0.0,2.013,0.0
1784379923.6162302,0,0,38153,37,0.0,0.0,0.0,0.0,2.013,0.0
1784379923.6855333,0,0,38163,37,0.0,0.0,0.0,0.0,2.013,0.0
1784379923.7733476,0,0,38173,37,0.0,0.0,0.0,0.0,2.013,0.0
1784379923.8529334,0,0,38183,37,0.0,0.0,0.0,0.0,2.012,0.0
1784379924.1881466,0,0,38193,37,0.0,0.0,0.0,0.0,2.012,0.0
1784379924.258062,0,0,38203,37,0.0,0.0,0.0,0.0,2.012,0.0
1784379924.335088,0,0,38213,37,0.0,0.0,0.0,0.0,2.012,0.0
1784379924.4097717,0,0,38223,37,0.0,0.0,0.0,0.0,2.012,0.0
1784379924.479427,0,0,38233,37,0.0,0.0,0.0,0.0,2.012,0.0
1784379924.5354085,0,0,38243,37,0.0,0.0,0.0,0.0,2.012,0.0
1784379924.6076734,0,0,38253,37,0.0,0.0,0.0,0.0,2.012,0.0
1784379924.6619835,0,0,38263,37,0.0,0.0,0.0,0.0,2.012,0.0
1784379924.7334166,0,0,38273,37,0.0,0.0,0.0,0.0,2.011,0.0
1784379924.7866626,0,0,38283,37,0.0,0.0,0.0,0.0,2.011,0.0
1784379924.8343546,0,0,38293,37,0.0,0.0,0.0,0.0,2.011,0.0
1784379924.9000952,0,0,38303,37,0.0,0.0,0.0,0.0,2.011,0.0
1784379924.991362,0,0,38313,37,0.0,0.0,0.0,0.0,2.011,0.0
1784379925.0473247,0,0,38323,37,0.0,0.0,0.0,0.0,2.01,0.0
1784379925.1189556,0,0,38333,37,0.0,0.0,0.0,0.0,2.01,0.0
1784379925.1873045,0,0,38343,37,0.0,0.0,0.0,0.0,2.01,0.0
1784379925.2387023,0,0,38353,37,0.0,0.0,0.0,0.0,2.01,0.0
1784379925.3024478,0,0,38363,37,0.0,0.0,0.0,0.0,2.009,0.0
1784379925.3588343,0,0,38373,37,0.0,0.0,0.0,0.0,2.009,0.0
1784379925.427579,0,0,38383,37,0.0,0.0,0.0,0.0,2.009,0.0
1784379925.4930305,0,0,38393,37,0.0,0.0,0.0,0.0,2.008,0.0
1784379925.570675,0,0,38403,37,0.0,0.0,0.0,0.0,2.008,0.0
1784379925.6766512,0,0,38413,37,0.0,0.0,0.0,0.0,2.008,0.0
1784379925.7383747,0,0,38423,37,0.0,0.0,0.0,0.0,2.008,0.0
1784379925.8032537,0,0,38433,37,0.0,0.0,0.0,0.0,2.007,0.0
1784379925.873112,0,0,38443,37,0.0,0.0,0.0,0.0,2.007,0.0
1784379925.9522986,0,0,38453,37,0.0,0.0,0.0,0.0,2.007,0.0
1784379926.0352476,0,0,38463,37,0.0,0.0,0.0,0.0,2.006,0.0
1784379926.1146889,0,0,38473,37,0.0,0.0,0.0,0.0,2.006,0.0
1784379926.2037525,0,0,38483,37,0.0,0.0,0.0,0.0,2.006,0.0
1784379926.290043,0,0,38493,37,0.0,0.0,0.0,0.0,2.006,0.0
1784379926.3467643,0,0,38503,37,0.0,0.0,0.0,0.0,2.006,0.0
1784379926.4315648,0,0,38513,37,0.0,0.0,0.0,0.0,2.006,0.0
1784379926.509776,0,0,38523,37,0.0,0.0,0.0,0.0,2.006,0.0
1784379926.605369,0,0,38533,37,0.0,0.0,0.0,0.0,2.006,0.0
1784379926.6797106,0,0,38543,37,0.0,0.0,0.0,0.0,2.005,0.0
1784379926.7385614,0,0,38553,37,0.0,0.0,0.0,0.0,2.005,0.0
1784379926.8092582,0,0,38563,37,0.0,0.0,0.0,0.0,2.005,0.0
1784379926.8851585,0,0,38573,37,0.0,0.0,0.0,0.0,2.005,0.0
1784379926.9515557,0,0,38583,37,0.0,0.0,0.0,0.0,2.004,0.0
1784379927.0113485,0,0,38593,37,0.0,0.0,0.0,0.0,2.004,0.0
1784379927.088206,0,0,38603,37,0.0,0.0,0.0,0.0,2.004,0.0
1784379927.147778,0,0,38613,37,0.0,0.0,0.0,0.0,2.003,0.0
1784379927.2203739,0,0,38623,37,0.0,0.0,0.0,0.0,2.003,0.0
1784379927.2888172,0,0,38633,37,0.0,0.0,0.0,0.0,2.002,0.0
1784379927.350883,0,0,38643,37,0.0,0.0,0.0,0.0,2.002,0.0
1784379927.4284842,0,0,38653,37,0.0,0.0,0.0,0.0,2.002,0.0
1784379927.4872944,0,0,38663,37,0.0,0.0,0.0,0.0,2.001,0.0
1784379927.5602314,0,0,38673,37,0.0,0.0,0.0,0.0,2.001,0.0
1784379927.6246362,0,0,38683,37,0.0,0.0,0.0,0.0,2.001,0.0
1784379927.681238,0,0,38693,37,0.0,0.0,0.0,0.0,2.001,0.0
1784379927.7544868,0,0,38703,37,0.0,0.0,0.0,0.0,2.001,0.0
1784379927.8119345,0,0,38713,37,0.0,0.0,0.0,0.0,2.001,0.0
1784379927.8693545,0,0,38723,37,0.0,0.0,0.0,0.0,2.001,0.0
1784379927.9250457,0,0,38733,37,0.0,0.0,0.0,0.0,2.001,0.0
1784379927.9920526,0,0,38743,37,0.0,0.0,0.0,0.0,2.001,0.0
1784379928.0519402,0,0,38753,37,0.0,0.0,0.0,0.0,2.0,0.0
1784379928.110254,0,0,38763,37,0.0,0.0,0.0,0.0,2.0,0.0
1784379928.169445,0,0,38773,37,0.0,0.0,0.0,0.0,1.999,0.0
1784379928.2259126,0,0,38783,37,0.0,0.0,0.0,0.0,1.999,0.0
1784379928.2910001,0,0,38793,37,0.0,0.0,0.0,0.0,1.999,0.0
1784379928.347696,0,0,38803,37,0.0,0.0,0.0,0.0,1.998,0.0
1784379928.4166613,0,0,38813,37,0.0,0.0,0.0,0.0,1.998,0.0
1784379928.468212,0,0,38823,37,0.0,0.0,0.0,0.0,1.998,0.0
1784379928.5246305,0,0,38833,37,0.0,0.0,0.0,0.0,1.998,0.0
1784379928.590544,0,0,38843,37,0.0,0.0,0.0,0.0,1.998,0.0
1784379928.70232,0,0,38853,37,0.0,0.0,0.0,0.0,1.998,0.0
1784379928.7896984,0,0,38863,37,0.0,0.0,0.0,0.0,1.998,0.0
1784379928.847141,0,0,38873,37,0.0,0.0,0.0,0.0,1.998,0.0
1784379928.9194224,0,0,38883,37,0.0,0.0,0.0,0.0,1.998,0.0
1784379928.9837303,0,0,38893,37,0.0,0.0,0.0,0.0,1.997,0.0
1784379929.0582173,0,0,38903,37,0.0,0.0,0.0,0.0,1.997,0.0
1784379929.1160867,0,0,38913,37,0.0,0.0,0.0,0.0,1.997,0.0
1784379929.161187,0,0,38923,37,0.0,0.0,0.0,0.0,1.997,0.0
1784379929.2255588,0,0,38933,37,0.0,0.0,0.0,0.0,1.997,0.0
1784379929.3024747,0,0,38943,37,0.0,0.0,0.0,0.0,1.997,0.0
1784379929.35868,0,0,38953,37,0.0,0.0,0.0,0.0,1.996,0.0
1784379929.4288027,0,0,38963,37,0.0,0.0,0.0,0.0,1.996,0.0
1784379929.5115278,0,0,38973,37,0.0,0.0,0.0,0.0,1.996,0.0
1784379929.5686913,0,0,38983,37,0.0,0.0,0.0,0.0,1.996,0.0
1784379929.6411793,0,0,38993,37,0.0,0.0,0.0,0.0,1.996,0.0
1784379929.6985815,0,0,39003,37,0.0,0.0,0.0,0.0,1.995,0.0
1784379929.7530358,0,0,39013,37,0.0,0.0,0.0,0.0,1.995,0.0
1784379929.9016354,0,0,39023,37,0.0,0.0,0.0,0.0,1.995,0.0
1784379929.955392,0,0,39033,37,0.0,0.0,0.0,0.0,1.995,0.0
1784379930.077632,0,0,39043,37,0.0,0.0,0.0,0.0,1.994,0.0
1784379930.1286602,0,0,39053,37,0.0,0.0,0.0,0.0,1.994,0.0
1784379930.199587,0,0,39063,37,0.0,0.0,0.0,0.0,1.994,0.0
1784379930.260898,0,0,39073,37,0.0,0.0,0.0,0.0,1.993,0.0
1784379930.325416,0,0,39083,37,0.0,0.0,0.0,0.0,1.993,0.0
1784379930.3872924,0,0,39093,37,0.0,0.0,0.0,0.0,1.993,0.0
1784379930.433359,0,0,39103,37,0.0,0.0,0.0,0.0,1.992,0.0
1784379930.5031972,0,0,39113,37,0.0,0.0,0.0,0.0,1.992,0.0
1784379930.5623212,0,0,39123,37,0.0,0.0,0.0,0.0,1.992,0.0
1784379930.6160562,0,0,39133,37,0.0,0.0,0.0,0.0,1.992,0.0
1784379930.6682463,0,0,39143,37,0.0,0.0,0.0,0.0,1.992,0.0
1784379930.7333987,0,0,39153,37,0.0,0.0,0.0,0.0,1.992,0.0
1784379930.8064783,0,0,39163,37,0.0,0.0,0.0,0.0,1.992,0.0
1784379930.8817508,0,0,39173,37,0.0,0.0,0.0,0.0,1.991,0.0
1784379930.962449,0,0,39183,37,0.0,0.0,0.0,0.0,1.991,0.0
1784379931.0341368,0,0,39193,37,0.0,0.0,0.0,0.0,1.991,0.0
1784379931.1062508,0,0,39203,37,0.0,0.0,0.0,0.0,1.991,0.0
1784379931.1688592,0,0,39213,37,0.0,0.0,0.0,0.0,1.991,0.0
1784379931.2347145,0,0,39223,37,0.0,0.0,0.0,0.0,1.991,0.0
1784379931.296177,0,0,39233,37,0.0,0.0,0.0,0.0,1.99,0.0
1784379931.3572304,0,0,39243,37,0.0,0.0,0.0,0.0,1.99,0.0
1784379931.427513,0,0,39253,37,0.0,0.0,0.0,0.0,1.99,0.0
1784379931.5031648,0,0,39263,37,0.0,0.0,0.0,0.0,1.989,0.0
1784379931.5580175,0,0,39273,37,0.0,0.0,0.0,0.0,1.989,0.0
1784379931.624371,0,0,39283,37,0.0,0.0,0.0,0.0,1.989,0.0
1784379931.70065,0,0,39293,37,0.0,0.0,0.0,0.0,1.989,0.0
1784379931.773029,0,0,39303,37,0.0,0.0,0.0,0.0,1.988,0.0
1784379931.846901,0,0,39313,37,0.0,0.0,0.0,0.0,1.988,0.0
1784379931.910884,0,0,39323,37,0.0,0.0,0.0,0.0,1.988,0.0
1784379931.9769092,0,0,39333,37,0.0,0.0,0.0,0.0,1.987,0.0
1784379932.0518467,0,0,39343,37,0.0,0.0,0.0,0.0,1.987,0.0
1784379932.119649,0,0,39353,37,0.0,0.0,0.0,0.0,1.987,0.0
1784379932.1921778,0,0,39363,37,0.0,0.0,0.0,0.0,1.986,0.0
1784379932.2563684,0,0,39373,37,0.0,0.0,0.0,0.0,1.986,0.0
1784379932.32509,0,0,39383,37,0.0,0.0,0.0,0.0,1.986,0.0
1784379932.4103951,0,0,39393,37,0.0,0.0,0.0,0.0,1.985,0.0
1784379932.4757996,0,0,39403,37,0.0,0.0,0.0,0.0,1.985,0.0
1784379932.5455415,0,0,39413,37,0.0,0.0,0.0,0.0,1.985,0.0
1784379932.620478,0,0,39423,37,0.0,0.0,0.0,0.0,1.984,0.0
1784379932.6803572,0,0,39433,37,0.0,0.0,0.0,0.0,1.984,0.0
1784379932.7436352,0,0,39443,37,0.0,0.0,0.0,0.0,1.984,0.0
1784379932.8221416,0,0,39453,37,0.0,0.0,0.0,0.0,1.984,0.0
1784379932.8839045,0,0,39463,37,0.0,0.0,0.0,0.0,1.984,0.0
1784379932.951192,0,0,39473,37,0.0,0.0,0.0,0.0,1.984,0.0
1784379933.0503473,0,0,39483,37,0.0,0.0,0.0,0.0,1.984,0.0
1784379933.1562188,0,0,39493,37,0.0,0.0,0.0,0.0,1.984,0.0
1784379933.2299275,0,0,39503,37,0.0,0.0,0.0,0.0,1.984,0.0
1784379933.286869,0,0,39513,37,0.0,0.0,0.0,0.0,1.984,0.0
1784379933.354938,0,0,39523,37,0.0,0.0,0.0,0.0,1.984,0.0
1784379933.419281,0,0,39533,37,0.0,0.0,0.0,0.0,1.983,0.0
1784379933.474559,0,0,39543,37,0.0,0.0,0.0,0.0,1.983,0.0
1784379933.541425,0,0,39553,37,0.0,0.0,0.0,0.0,1.983,0.0
1784379933.6323214,0,0,39563,37,0.0,0.0,0.0,0.0,1.982,0.0
1784379933.7089381,0,0,39573,37,0.0,0.0,0.0,0.0,1.982,0.0
1784379933.7684472,0,0,39583,37,0.0,0.0,0.0,0.0,1.982,0.0
1784379933.8572042,0,0,39593,37,0.0,0.0,0.0,0.0,1.981,0.0
1784379933.9173496,0,0,39603,37,0.0,0.0,0.0,0.0,1.981,0.0
1784379933.9921508,0,0,39613,37,0.0,0.0,0.0,0.0,1.981,0.0
1784379934.0681949,0,0,39623,37,0.0,0.0,0.0,0.0,1.981,0.0
1784379934.120836,0,0,39633,37,0.0,0.0,0.0,0.0,1.981,0.0
1784379934.2066119,0,0,39643,37,0.0,0.0,0.0,0.0,1.981,0.0
1784379934.2624047,0,0,39653,37,0.0,0.0,0.0,0.0,1.981,0.0
1784379934.323904,0,0,39663,37,0.0,0.0,0.0,0.0,1.981,0.0
1784379934.405309,0,0,39673,37,0.0,0.0,0.0,0.0,1.981,0.0
1784379934.4723535,0,0,39683,37,0.0,0.0,0.0,0.0,1.981,0.0
1784379934.5405846,0,0,39693,37,0.0,0.0,0.0,0.0,1.98,0.0
1784379934.61098,0,0,39703,37,0.0,0.0,0.0,0.0,1.98,0.0
1784379934.6671462,0,0,39713,37,0.0,0.0,0.0,0.0,1.98,0.0
1784379934.7318156,0,0,39723,37,0.0,0.0,0.0,0.0,1.98,0.0
1784379934.8059685,0,0,39733,37,0.0,0.0,0.0,0.0,1.98,0.0
1784379934.875651,0,0,39743,37,0.0,0.0,0.0,0.0,1.98,0.0
1784379934.9351711,0,0,39753,37,0.0,0.0,0.0,0.0,1.98,0.0
1784379934.9936495,0,0,39763,37,0.0,0.0,0.0,0.0,1.98,0.0
1784379935.066909,0,0,39773,37,0.0,0.0,0.0,0.0,1.98,0.0
1784379935.1222074,0,0,39783,37,0.0,0.0,0.0,0.0,1.98,0.0
1784379935.1952877,0,0,39793,37,0.0,0.0,0.0,0.0,1.98,0.0
1784379935.244934,0,0,39803,37,0.0,0.0,0.0,0.0,1.98,0.0
1784379935.3057494,0,0,39813,37,0.0,0.0,0.0,0.0,1.98,0.0
1784379935.3656116,0,0,39823,37,0.0,0.0,0.0,0.0,1.979,0.0
1784379935.422865,0,0,39833,37,0.0,0.0,0.0,0.0,1.979,0.0
1784379935.4841754,0,0,39843,37,0.0,0.0,0.0,0.0,1.979,0.0
1784379935.5692103,0,0,39853,37,0.0,0.0,0.0,0.0,1.979,0.0
1784379935.6586757,0,0,39863,37,0.0,0.0,0.0,0.0,1.979,0.0
1784379935.735716,0,0,39873,37,0.0,0.0,0.0,0.0,1.979,0.0
1784379935.7828698,0,0,39883,37,0.0,0.0,0.0,0.0,1.979,0.0
1784379935.873038,0,0,39893,37,0.0,0.0,0.0,0.0,1.979,0.0
1784379935.933138,0,0,39903,37,0.0,0.0,0.0,0.0,1.979,0.0
1784379936.0048707,0,0,39913,37,0.0,0.0,0.0,0.0,1.979,0.0
1784379936.0850644,0,0,39923,37,0.0,0.0,0.0,0.0,1.979,0.0
1784379936.1596239,0,0,39933,37,0.0,0.0,0.0,0.0,1.979,0.0
1784379936.2271793,0,0,39943,37,0.0,0.0,0.0,0.0,1.978,0.0
1784379936.297442,0,0,39953,37,0.0,0.0,0.0,0.0,1.978,0.0
1784379936.3530977,0,0,39963,37,0.0,0.0,0.0,0.0,1.978,0.0
1784379936.4242861,0,0,39973,37,0.0,0.0,0.0,0.0,1.978,0.0
1784379936.4725168,0,0,39983,37,0.0,0.0,0.0,0.0,1.978,0.0
1784379936.5396683,0,0,39993,37,0.0,0.0,0.0,0.0,1.978,0.0
1784379936.6257272,0,0,40003,37,0.0,0.0,0.0,0.0,1.978,0.0
1784379936.6816418,0,0,40013,37,0.0,0.0,0.0,0.0,1.978,0.0
1784379936.7804182,0,0,40018,42,0.0,0.0,0.0,0.0,1.977,0.0
1784379936.8294241,0,0,40018,52,0.0,0.0,0.0,0.0,1.977,0.0
1784379936.8869338,0,0,40018,62,0.0,0.0,0.0,0.0,1.977,0.0
1784379936.9492917,0,0,40018,72,0.0,0.0,0.0,0.0,1.976,0.0
1784379937.0087862,0,0,40018,82,0.0,0.0,0.0,0.0,1.976,0.0
1784379937.0822926,0,0,40018,92,0.0,0.0,0.0,0.0,1.975,0.0
1784379937.1607862,0,0,40018,102,0.0,0.0,0.0,0.0,1.975,0.0
1784379937.2247517,0,0,40018,112,0.0,0.0,0.0,0.0,1.974,0.0
1784379937.287789,0,0,40018,122,0.0,0.0,0.0,0.0,1.974,0.0
1784379937.3417208,0,0,40018,132,0.0,0.0,0.0,0.0,1.974,0.0
1784379937.4084156,0,0,40018,142,0.0,0.0,0.0,0.0,1.973,0.0
1784379937.4515307,0,0,40018,152,0.0,0.0,0.0,0.0,1.973,0.0
1784379937.493443,0,0,40018,162,0.0,0.0,0.0,0.0,1.972,0.0
1784379937.5398152,0,0,40018,172,0.0,0.0,0.0,0.0,1.972,0.0
1784379937.601633,0,0,40018,182,0.0,0.0,0.0,0.0,1.971,0.0
1784379937.6524131,0,0,40018,192,0.0,0.0,0.0,0.0,1.971,0.0
1784379937.7117078,0,0,40018,202,0.0,0.0,0.0,0.0,1.97,0.0
1784379937.7546055,0,0,40018,212,0.0,0.0,0.0,0.0,1.97,0.0
1784379937.7967153,0,0,40018,222,0.0,0.0,0.0,0.0,1.969,0.0
1784379937.8430617,0,0,40018,232,0.0,0.0,0.0,0.0,1.969,0.0
1784379937.9126127,0,0,40018,242,0.0,0.0,0.0,0.0,1.968,0.0
1784379937.9669788,0,0,40018,252,0.0,0.0,0.0,0.0,1.968,0.0
1784379938.025008,0,0,40018,262,0.0,0.0,0.0,0.0,1.967,0.0
1784379938.0960474,0,0,40018,272,0.0,0.0,0.0,0.0,1.967,0.0
1784379938.1726103,0,0,40018,282,0.0,0.0,0.0,0.0,1.966,0.0
1784379938.2236044,0,0,40018,292,0.0,0.0,0.0,0.0,1.966,0.0
1784379938.267604,0,0,40018,302,0.0,0.0,0.0,0.0,1.965,0.0
1784379938.3295062,0,0,40018,312,0.0,0.0,0.0,0.0,1.965,0.0
1784379938.3571503,0,0,40018,322,0.0,0.0,0.0,0.0,1.964,0.0
1784379938.4157639,0,0,40018,332,0.0,0.0,0.0,0.0,1.964,0.0
1784379938.4625661,0,0,40018,342,0.0,0.0,0.0,0.0,1.963,0.0
1784379938.5091207,0,0,40018,352,0.0,0.0,0.0,0.0,1.963,0.0
1784379938.6012254,0,0,40018,362,0.0,0.0,0.0,0.0,1.962,0.0
1784379938.6776443,0,0,40018,372,0.0,0.0,0.0,0.0,1.962,0.0
1784379938.735605,0,0,40018,382,0.0,0.0,0.0,0.0,1.961,0.0
1784379938.802297,0,0,40018,392,0.0,0.0,0.0,0.0,1.961,0.0
1784379938.8547866,0,0,40018,402,0.0,0.0,0.0,0.0,1.961,0.0
1784379938.9151855,0,0,40018,412,0.0,0.0,0.0,0.0,1.96,0.0
1784379938.9850092,0,0,40018,422,0.0,0.0,0.0,0.0,1.96,0.0
1784379939.0513678,0,0,40018,432,0.0,0.0,0.0,0.0,1.959,0.0
1784379939.138543,0,0,40018,442,0.0,0.0,0.0,0.0,1.959,0.0
1784379939.1823847,0,0,40018,452,0.0,0.0,0.0,0.0,1.958,0.0
1784379939.241568,0,0,40018,462,0.0,0.0,0.0,0.0,1.958,0.0
1784379939.2968066,0,0,40018,472,0.0,0.0,0.0,0.0,1.957,0.0
1784379939.362551,0,0,40018,482,0.0,0.0,0.0,0.0,1.957,0.0
1784379939.4428434,0,0,40018,492,0.0,0.0,0.0,0.0,1.956,0.0
1784379939.5358777,0,0,40018,502,0.0,0.0,0.0,0.0,1.956,0.0
1784379939.604672,0,0,40018,512,0.0,0.0,0.0,0.0,1.955,0.0
1784379939.6737676,0,0,40018,522,0.0,0.0,0.0,0.0,1.955,0.0
1784379939.7521138,0,0,40018,532,0.0,0.0,0.0,0.0,1.954,0.0
1784379939.8012402,0,0,40018,542,0.0,0.0,0.0,0.0,1.954,0.0
1784379939.8675642,0,0,40018,552,0.0,0.0,0.0,0.0,1.953,0.0
1784379939.9461122,0,0,40018,562,0.0,0.0,0.0,0.0,1.953,0.0
1784379940.0072834,0,0,40018,572,0.0,0.0,0.0,0.0,1.952,0.0
1784379940.0789344,0,0,40018,582,0.0,0.0,0.0,0.0,1.952,0.0
1784379940.1293821,0,0,40018,592,0.0,0.0,0.0,0.0,1.951,0.0
1784379940.196923,0,0,40018,602,0.0,0.0,0.0,0.0,1.951,0.0
1784379940.2561908,0,0,40018,612,0.0,0.0,0.0,0.0,1.95,0.0
1784379940.331118,0,0,40018,622,0.0,0.0,0.0,0.0,1.95,0.0
1784379940.382344,0,0,40018,632,0.0,0.0,0.0,0.0,1.949,0.0
1784379940.4577582,0,0,40018,642,0.0,0.0,0.0,0.0,1.949,0.0
1784379940.5065122,0,0,40018,652,0.0,0.0,0.0,0.0,1.948,0.0
1784379940.5777237,0,0,40018,662,0.0,0.0,0.0,0.0,1.948,0.0
1784379940.6476457,0,0,40018,672,0.0,0.0,0.0,0.0,1.948,0.0
1784379940.7110305,0,0,40018,682,0.0,0.0,0.0,0.0,1.948,0.0
1784379940.7736278,0,0,40018,692,0.0,0.0,0.0,0.0,1.948,0.0
1784379940.8394892,0,0,40018,702,0.0,0.0,0.0,0.0,1.948,0.0
1784379940.919067,0,0,40018,712,0.0,0.0,0.0,0.0,1.948,0.0
1784379940.9858892,0,0,40018,722,0.0,0.0,0.0,0.0,1.947,0.0
1784379941.0487752,0,0,40018,732,0.0,0.0,0.0,0.0,1.947,0.0
1784379941.1187477,0,0,40018,742,0.0,0.0,0.0,0.0,1.946,0.0
1784379941.1754436,0,0,40018,752,0.0,0.0,0.0,0.0,1.946,0.0
1784379941.2476587,0,0,40018,762,0.0,0.0,0.0,0.0,1.945,0.0
1784379941.3087335,0,0,40018,772,0.0,0.0,0.0,0.0,1.945,0.0
1784379941.3668845,0,0,40018,782,0.0,0.0,0.0,0.0,1.944,0.0
1784379941.4566686,0,0,40018,792,0.0,0.0,0.0,0.0,1.944,0.0
1784379941.5397182,0,0,40018,802,0.0,0.0,0.0,0.0,1.943,0.0
1784379941.6186574,0,0,40018,812,0.0,0.0,0.0,0.0,1.943,0.0
1784379941.6750672,0,0,40018,822,0.0,0.0,0.0,0.0,1.942,0.0
1784379941.7453895,0,0,40018,832,0.0,0.0,0.0,0.0,1.942,0.0
1784379941.8325593,0,0,40018,842,0.0,0.0,0.0,0.0,1.941,0.0
1784379941.9132502,0,0,40018,852,0.0,0.0,0.0,0.0,1.941,0.0
1784379941.9817858,0,0,40018,862,0.0,0.0,0.0,0.0,1.94,0.0
1784379942.0415819,0,0,40018,872,0.0,0.0,0.0,0.0,1.94,0.0
1784379942.1018593,0,0,40018,882,0.0,0.0,0.0,0.0,1.94,0.0
1784379942.1868608,0,0,40018,892,0.0,0.0,0.0,0.0,1.939,0.0
1784379942.2492468,0,0,40018,902,0.0,0.0,0.0,0.0,1.939,0.0
1784379942.3026135,0,0,40018,912,0.0,0.0,0.0,0.0,1.938,0.0
1784379942.3483465,0,0,40018,922,0.0,0.0,0.0,0.0,1.938,0.0
1784379942.4087129,0,0,40018,932,0.0,0.0,0.0,0.0,1.937,0.0
1784379942.4723115,0,0,40018,942,0.0,0.0,0.0,0.0,1.937,0.0
1784379942.531752,0,0,40018,952,0.0,0.0,0.0,0.0,1.936,0.0
1784379942.5751128,0,0,40018,962,0.0,0.0,0.0,0.0,1.936,0.0
1784379942.646872,0,0,40018,972,0.0,0.0,0.0,0.0,1.935,0.0
1784379942.7129772,0,0,40018,982,0.0,0.0,0.0,0.0,1.935,0.0
1784379942.7623787,0,0,40018,992,0.0,0.0,0.0,0.0,1.934,0.0
1784379942.81776,0,0,40018,1002,0.0,0.0,0.0,0.0,1.934,0.0
1784379942.8732288,0,0,40018,1012,0.0,0.0,0.0,0.0,1.933,0.0
1784379942.966445,0,0,40018,1022,0.0,0.0,0.0,0.0,1.933,0.0
1784379943.0336256,0,0,40018,1032,0.0,0.0,0.0,0.0,1.932,0.0
1784379943.084619,0,0,40018,1042,0.0,0.0,0.0,0.0,1.932,0.0
1784379943.1452277,0,0,40018,1052,0.0,0.0,0.0,0.0,1.931,0.0
1784379943.2206078,0,0,40018,1062,0.0,0.0,0.0,0.0,1.931,0.0
1784379943.2796435,0,0,40018,1072,0.0,0.0,0.0,0.0,1.931,0.0
1784379943.3335664,0,0,40018,1082,0.0,0.0,0.0,0.0,1.93,0.0
1784379943.4050746,0,0,40018,1092,0.0,0.0,0.0,0.0,1.93,0.0
1784379943.494789,0,0,40018,1102,0.0,0.0,0.0,0.0,1.929,0.0
1784379943.5587428,0,0,40018,1112,0.0,0.0,0.0,0.0,1.929,0.0
1784379943.6195261,0,0,40018,1122,0.0,0.0,0.0,0.0,1.928,0.0
1784379943.6924524,0,0,40018,1132,0.0,0.0,0.0,0.0,1.928,0.0
1784379943.7911596,0,0,40018,1142,0.0,0.0,0.0,0.0,1.927,0.0
1784379943.8932884,0,0,40018,1152,0.0,0.0,0.0,0.0,1.927,0.0
1784379943.9690537,0,0,40018,1162,0.0,0.0,0.0,0.0,1.926,0.0
1784379944.0224705,0,0,40018,1172,0.0,0.0,0.0,0.0,1.926,0.0
1784379944.091715,0,0,40018,1182,0.0,0.0,0.0,0.0,1.925,0.0
1784379944.1811545,0,0,40018,1192,0.0,0.0,0.0,0.0,1.925,0.0
1784379944.2596192,0,0,40018,1202,0.0,0.0,0.0,0.0,1.924,0.0
1784379944.3281991,0,0,40018,1212,0.0,0.0,0.0,0.0,1.924,0.0
1784379944.3967376,0,0,40018,1222,0.0,0.0,0.0,0.0,1.924,0.0
1784379944.4587955,0,0,40018,1232,0.0,0.0,0.0,0.0,1.923,0.0
1784379944.5263915,0,0,40018,1242,0.0,0.0,0.0,0.0,1.923,0.0
1784379944.5733774,0,0,40018,1252,0.0,0.0,0.0,0.0,1.922,0.0
1784379944.645761,0,0,40018,1262,0.0,0.0,0.0,0.0,1.922,0.0
1784379944.6999524,0,0,40018,1272,0.0,0.0,0.0,0.0,1.921,0.0
1784379944.766286,0,0,40018,1282,0.0,0.0,0.0,0.0,1.921,0.0
1784379944.848378,0,0,40018,1292,0.0,0.0,0.0,0.0,1.92,0.0
1784379944.91835,0,0,40018,1302,0.0,0.0,0.0,0.0,1.92,0.0
1784379944.9794998,0,0,40018,1312,0.0,0.0,0.0,0.0,1.919,0.0
1784379945.042226,0,0,40018,1322,0.0,0.0,0.0,0.0,1.919,0.0
1784379945.1170385,0,0,40018,1332,0.0,0.0,0.0,0.0,1.918,0.0
1784379945.195464,0,0,40018,1342,0.0,0.0,0.0,0.0,1.918,0.0
1784379945.2541053,0,0,40018,1352,0.0,0.0,0.0,0.0,1.917,0.0
1784379945.327626,0,0,40018,1362,0.0,0.0,0.0,0.0,1.917,0.0
1784379945.3975513,0,0,40018,1372,0.0,0.0,0.0,0.0,1.917,0.0
1784379945.4670212,0,0,40018,1382,0.0,0.0,0.0,0.0,1.916,0.0
1784379945.5315294,0,0,40018,1392,0.0,0.0,0.0,0.0,1.916,0.0
1784379945.5853426,0,0,40018,1402,0.0,0.0,0.0,0.0,1.915,0.0
1784379945.6470156,0,0,40018,1412,0.0,0.0,0.0,0.0,1.915,0.0
1784379945.715998,0,0,40018,1422,0.0,0.0,0.0,0.0,1.914,0.0
1784379945.7994134,0,0,40018,1432,0.0,0.0,0.0,0.0,1.914,0.0
1784379945.8894656,0,0,40018,1442,0.0,0.0,0.0,0.0,1.913,0.0
1784379945.9594436,0,0,40018,1452,0.0,0.0,0.0,0.0,1.913,0.0
1784379946.024771,0,0,40018,1462,0.0,0.0,0.0,0.0,1.912,0.0
1784379946.0990653,0,0,40018,1472,0.0,0.0,0.0,0.0,1.912,0.0
1784379946.200416,0,0,40018,1482,0.0,0.0,0.0,0.0,1.911,0.0
1784379946.271177,0,0,40018,1492,0.0,0.0,0.0,0.0,1.911,0.0
1784379946.3395472,0,0,40018,1502,0.0,0.0,0.0,0.0,1.911,0.0
1784379946.4181368,0,0,40018,1512,0.0,0.0,0.0,0.0,1.91,0.0
1784379946.483393,0,0,40018,1522,0.0,0.0,0.0,0.0,1.91,0.0
1784379946.5738633,0,0,40018,1532,0.0,0.0,0.0,0.0,1.909,0.0
1784379946.6376987,0,0,40018,1542,0.0,0.0,0.0,0.0,1.909,0.0
1784379946.716082,0,0,40018,1552,0.0,0.0,0.0,0.0,1.908,0.0
1784379946.771699,0,0,40018,1562,0.0,0.0,0.0,0.0,1.908,0.0
1784379946.8620052,0,0,40018,1572,0.0,0.0,0.0,0.0,1.907,0.0
1784379946.9259055,0,0,40018,1582,0.0,0.0,0.0,0.0,1.907,0.0
1784379946.9728284,0,0,40018,1592,0.0,0.0,0.0,0.0,1.906,0.0
1784379947.0375297,0,0,40018,1602,0.0,0.0,0.0,0.0,1.906,0.0
1784379947.085378,0,0,40018,1612,0.0,0.0,0.0,0.0,1.906,0.0
1784379947.153554,0,0,40018,1622,0.0,0.0,0.0,0.0,1.905,0.0
1784379947.2167256,0,0,40018,1632,0.0,0.0,0.0,0.0,1.905,0.0
1784379947.2616682,0,0,40018,1642,0.0,0.0,0.0,0.0,1.904,0.0
1784379947.3409767,0,0,40018,1652,0.0,0.0,0.0,0.0,1.904,0.0
1784379947.4045835,0,0,40018,1662,0.0,0.0,0.0,0.0,1.903,0.0
1784379947.471886,0,0,40018,1672,0.0,0.0,0.0,0.0,1.903,0.0
1784379947.52329,0,0,40018,1682,0.0,0.0,0.0,0.0,1.902,0.0
1784379947.5918841,0,0,40018,1692,0.0,0.0,0.0,0.0,1.902,0.0
1784379947.6619399,0,0,40018,1702,0.0,0.0,0.0,0.0,1.901,0.0
1784379947.72408,0,0,40018,1712,0.0,0.0,0.0,0.0,1.901,0.0
1784379947.801184,0,0,40018,1722,0.0,0.0,0.0,0.0,1.9,0.0
1784379947.8692434,0,0,40018,1732,0.0,0.0,0.0,0.0,1.9,0.0
1784379947.9301562,0,0,40018,1742,0.0,0.0,0.0,0.0,1.9,0.0
1784379948.007405,0,0,40018,1752,0.0,0.0,0.0,0.0,1.899,0.0
1784379948.0691848,0,0,40018,1762,0.0,0.0,0.0,0.0,1.899,0.0
1784379948.132657,0,0,40018,1772,0.0,0.0,0.0,0.0,1.898,0.0
1784379948.223759,0,0,40018,1782,0.0,0.0,0.0,0.0,1.898,0.0
1784379948.3053837,0,0,40018,1792,0.0,0.0,0.0,0.0,1.897,0.0
1784379948.3647969,0,0,40018,1802,0.0,0.0,0.0,0.0,1.897,0.0
1784379948.4207377,0,0,40018,1812,0.0,0.0,0.0,0.0,1.896,0.0
1784379948.4959917,0,0,40018,1822,0.0,0.0,0.0,0.0,1.896,0.0
1784379948.565808,0,0,40018,1832,0.0,0.0,0.0,0.0,1.895,0.0
1784379948.6197894,0,0,40018,1842,0.0,0.0,0.0,0.0,1.895,0.0
1784379948.6765695,0,0,40018,1852,0.0,0.0,0.0,0.0,1.895,0.0
1784379948.7427292,0,0,40018,1862,0.0,0.0,0.0,0.0,1.894,0.0
1784379948.8367872,0,0,40018,1872,0.0,0.0,0.0,0.0,1.894,0.0
1784379948.90594,0,0,40018,1882,0.0,0.0,0.0,0.0,1.893,0.0
1784379948.9660199,0,0,40018,1892,0.0,0.0,0.0,0.0,1.893,0.0
1784379949.0093126,0,0,40018,1902,0.0,0.0,0.0,0.0,1.892,0.0
1784379949.044437,0,0,40018,1912,0.0,0.0,0.0,0.0,1.892,0.0
1784379949.1028857,0,0,40018,1922,0.0,0.0,0.0,0.0,1.891,0.0
1784379949.1738472,0,0,40018,1932,0.0,0.0,0.0,0.0,1.891,0.0
1784379949.2361512,0,0,40018,1942,0.0,0.0,0.0,0.0,1.891,0.0
1784379949.286366,0,0,40018,1952,0.0,0.0,0.0,0.0,1.89,0.0
1784379949.336785,0,0,40018,1962,0.0,0.0,0.0,0.0,1.89,0.0
1784379949.3960624,0,0,40018,1972,0.0,0.0,0.0,0.0,1.889,0.0
1784379949.4499795,0,0,40018,1982,0.0,0.0,0.0,0.0,1.889,0.0
1784379949.4915652,0,0,40018,1992,0.0,0.0,0.0,0.0,1.888,0.0
1784379949.539376,0,0,40018,2002,0.0,0.0,0.0,0.0,1.888,0.0
1784379949.5828876,0,0,40018,2012,0.0,0.0,0.0,0.0,1.887,0.0
1784379949.6498237,0,0,40018,2022,0.0,0.0,0.0,0.0,1.887,0.0
1784379949.6865764,0,0,40018,2032,0.0,0.0,0.0,0.0,1.886,0.0
1784379949.7337377,0,0,40018,2042,0.0,0.0,0.0,0.0,1.886,0.0
1784379949.7965124,0,0,40018,2052,0.0,0.0,0.0,0.0,1.886,0.0
1784379949.8467808,0,0,40018,2062,0.0,0.0,0.0,0.0,1.885,0.0
1784379949.9078207,0,0,40018,2072,0.0,0.0,0.0,0.0,1.885,0.0
1784379949.9432743,0,0,40018,2082,0.0,0.0,0.0,0.0,1.884,0.0
1784379949.9815936,0,0,40018,2092,0.0,0.0,0.0,0.0,1.884,0.0
1784379950.0228398,0,0,40018,2102,0.0,0.0,0.0,0.0,1.883,0.0
1784379950.0679288,0,0,40018,2112,0.0,0.0,0.0,0.0,1.883,0.0
1784379950.115385,0,0,40018,2122,0.0,0.0,0.0,0.0,1.882,0.0
1784379950.167082,0,0,40018,2132,0.0,0.0,0.0,0.0,1.882,0.0
1784379950.2374687,0,0,40018,2142,0.0,0.0,0.0,0.0,1.882,0.0
1784379950.2806604,0,0,40018,2152,0.0,0.0,0.0,0.0,1.881,0.0
1784379950.3263593,0,0,40018,2162,0.0,0.0,0.0,0.0,1.881,0.0
1784379950.3625202,0,0,40018,2172,0.0,0.0,0.0,0.0,1.88,0.0
1784379950.4131734,0,0,40018,2182,0.0,0.0,0.0,0.0,1.88,0.0
1784379950.4658966,0,0,40018,2192,0.0,0.0,0.0,0.0,1.88,0.0
1784379950.5303206,0,0,40018,2202,0.0,0.0,0.0,0.0,1.88,0.0
1784379950.5876412,0,0,40018,2212,0.0,0.0,0.0,0.0,1.88,0.0
1784379950.6497788,0,0,40018,2222,0.0,0.0,0.0,0.0,1.88,0.0
1784379950.7009144,0,0,40018,2232,0.0,0.0,0.0,0.0,1.88,0.0
1784379950.751337,0,0,40018,2242,0.0,0.0,0.0,0.0,1.88,0.0
1784379950.801007,0,0,40018,2252,0.0,0.0,0.0,0.0,1.88,0.0
1784379950.8633125,0,0,40018,2262,0.0,0.0,0.0,0.0,1.88,0.0
1784379950.918266,0,0,40018,2272,0.0,0.0,0.0,0.0,1.88,0.0
1784379950.986629,0,0,40018,2282,0.0,0.0,0.0,0.0,1.88,0.0
1784379951.0377796,0,0,40018,2292,0.0,0.0,0.0,0.0,1.88,0.0
1784379951.0857081,0,0,40018,2302,0.0,0.0,0.0,0.0,1.88,0.0
1784379951.1381474,0,0,40018,2312,0.0,0.0,0.0,0.0,1.881,0.0
1784379951.1940136,0,0,40018,2322,0.0,0.0,0.0,0.0,1.881,0.0
1784379951.2990496,0,0,40018,2332,0.0,0.0,0.0,0.0,1.881,0.0
1784379951.3711011,0,0,40018,2342,0.0,0.0,0.0,0.0,1.881,0.0
1784379951.425251,0,0,40018,2352,0.0,0.0,0.0,0.0,1.881,0.0
1784379951.4774525,0,0,40018,2362,0.0,0.0,0.0,0.0,1.881,0.0
1784379951.5444267,0,0,40018,2372,0.0,0.0,0.0,0.0,1.881,0.0
1784379951.6026008,0,0,40018,2382,0.0,0.0,0.0,0.0,1.88,0.0
1784379951.651261,0,0,40018,2392,0.0,0.0,0.0,0.0,1.88,0.0
1784379951.7138627,0,0,40018,2402,0.0,0.0,0.0,0.0,1.88,0.0
1784379951.7523422,0,0,40018,2412,0.0,0.0,0.0,0.0,1.879,0.0
1784379951.8057065,0,0,40018,2422,0.0,0.0,0.0,0.0,1.879,0.0
1784379951.8586578,0,0,40018,2432,0.0,0.0,0.0,0.0,1.878,0.0
1784379951.932064,0,0,40018,2442,0.0,0.0,0.0,0.0,1.878,0.0
1784379951.9715009,0,0,40018,2452,0.0,0.0,0.0,0.0,1.877,0.0
1784379952.0380352,0,0,40018,2462,0.0,0.0,0.0,0.0,1.877,0.0
1784379952.081503,0,0,40018,2472,0.0,0.0,0.0,0.0,1.876,0.0
1784379952.1490738,0,0,40018,2482,0.0,0.0,0.0,0.0,1.876,0.0
1784379952.2113247,0,0,40018,2492,0.0,0.0,0.0,0.0,1.876,0.0
1784379952.2726505,0,0,40018,2502,0.0,0.0,0.0,0.0,1.875,0.0
1784379952.3295944,0,0,40018,2512,0.0,0.0,0.0,0.0,1.875,0.0
1784379952.3917902,0,0,40018,2522,0.0,0.0,0.0,0.0,1.874,0.0
1784379952.4374273,0,0,40018,2532,0.0,0.0,0.0,0.0,1.874,0.0
1784379952.5122604,0,0,40018,2542,0.0,0.0,0.0,0.0,1.874,0.0
1784379952.5706964,0,0,40018,2552,0.0,0.0,0.0,0.0,1.874,0.0
1784379952.6325822,0,0,40018,2562,0.0,0.0,0.0,0.0,1.874,0.0
1784379952.6903698,0,0,40018,2572,0.0,0.0,0.0,0.0,1.874,0.0
1784379952.7526157,0,0,40018,2582,0.0,0.0,0.0,0.0,1.874,0.0
1784379952.8169444,0,0,40018,2592,0.0,0.0,0.0,0.0,1.874,0.0
1784379952.8639293,0,0,40018,2602,0.0,0.0,0.0,0.0,1.873,0.0
1784379952.936285,0,0,40018,2612,0.0,0.0,0.0,0.0,1.873,0.0
1784379952.9905295,0,0,40018,2622,0.0,0.0,0.0,0.0,1.872,0.0
1784379953.0426393,0,0,40018,2632,0.0,0.0,0.0,0.0,1.872,0.0
1784379953.0781078,0,0,40018,2642,0.0,0.0,0.0,0.0,1.871,0.0
1784379953.1249847,0,0,40018,2652,0.0,0.0,0.0,0.0,1.871,0.0
1784379953.1809928,0,0,40018,2662,0.0,0.0,0.0,0.0,1.87,0.0
1784379953.2444434,0,0,40018,2672,0.0,0.0,0.0,0.0,1.87,0.0
1784379953.3261745,0,0,40018,2682,0.0,0.0,0.0,0.0,1.87,0.0
1784379953.376076,0,0,40018,2692,0.0,0.0,0.0,0.0,1.869,0.0
1784379953.4183893,0,0,40018,2702,0.0,0.0,0.0,0.0,1.869,0.0
1784379953.461615,0,0,40018,2712,0.0,0.0,0.0,0.0,1.868,0.0
1784379953.4948285,0,0,40018,2722,0.0,0.0,0.0,0.0,1.868,0.0
1784379953.5361867,0,0,40018,2732,0.0,0.0,0.0,0.0,1.867,0.0
1784379953.6027532,0,0,40018,2742,0.0,0.0,0.0,0.0,1.867,0.0
1784379953.6598153,0,0,40018,2752,0.0,0.0,0.0,0.0,1.867,0.0
1784379953.72084,0,0,40018,2762,0.0,0.0,0.0,0.0,1.866,0.0
1784379953.7786098,0,0,40018,2772,0.0,0.0,0.0,0.0,1.866,0.0
1784379953.827494,0,0,40018,2782,0.0,0.0,0.0,0.0,1.865,0.0
1784379953.8985476,0,0,40018,2792,0.0,0.0,0.0,0.0,1.865,0.0
1784379953.9426737,0,0,40018,2802,0.0,0.0,0.0,0.0,1.864,0.0
1784379953.9959621,0,0,40018,2812,0.0,0.0,0.0,0.0,1.864,0.0
1784379954.056717,0,0,40018,2822,0.0,0.0,0.0,0.0,1.863,0.0
1784379954.1636827,0,0,40018,2832,0.0,0.0,0.0,0.0,1.863,0.0
1784379954.2231712,0,0,40018,2842,0.0,0.0,0.0,0.0,1.863,0.0
1784379954.3053935,0,0,40018,2852,0.0,0.0,0.0,0.0,1.863,0.0
1784379954.3791468,0,0,40018,2862,0.0,0.0,0.0,0.0,1.863,0.0
1784379954.4311366,0,0,40018,2872,0.0,0.0,0.0,0.0,1.863,0.0
1784379954.4899485,0,0,40018,2882,0.0,0.0,0.0,0.0,1.863,0.0
1784379954.552418,0,0,40018,2892,0.0,0.0,0.0,0.0,1.862,0.0
1784379954.6122153,0,0,40018,2902,0.0,0.0,0.0,0.0,1.862,0.0
1784379954.65945,0,0,40018,2912,0.0,0.0,0.0,0.0,1.861,0.0
1784379954.7048173,0,0,40018,2922,0.0,0.0,0.0,0.0,1.861,0.0
1784379954.7743695,0,0,40018,2932,0.0,0.0,0.0,0.0,1.86,0.0
1784379954.815983,0,0,40018,2942,0.0,0.0,0.0,0.0,1.86,0.0
1784379954.8659523,0,0,40018,2952,0.0,0.0,0.0,0.0,1.86,0.0
1784379954.9314256,0,0,40018,2962,0.0,0.0,0.0,0.0,1.859,0.0
1784379954.9945347,0,0,40018,2972,0.0,0.0,0.0,0.0,1.859,0.0
1784379955.0573306,0,0,40018,2982,0.0,0.0,0.0,0.0,1.858,0.0
1784379955.1018286,0,0,40018,2992,0.0,0.0,0.0,0.0,1.858,0.0
1784379955.1589153,0,0,40018,3002,0.0,0.0,0.0,0.0,1.857,0.0
1784379955.2250001,0,0,40018,3012,0.0,0.0,0.0,0.0,1.857,0.0
1784379955.2975225,0,0,40018,3022,0.0,0.0,0.0,0.0,1.857,0.0
1784379955.3501642,0,0,40018,3032,0.0,0.0,0.0,0.0,1.856,0.0
1784379955.3983846,0,0,40018,3042,0.0,0.0,0.0,0.0,1.856,0.0
1784379955.4589367,0,0,40018,3052,0.0,0.0,0.0,0.0,1.855,0.0
1784379955.5033104,0,0,40018,3062,0.0,0.0,0.0,0.0,1.855,0.0
1784379955.572999,0,0,40018,3072,0.0,0.0,0.0,0.0,1.854,0.0
1784379955.6329033,0,0,40018,3082,0.0,0.0,0.0,0.0,1.854,0.0
1784379955.704865,0,0,40018,3092,0.0,0.0,0.0,0.0,1.854,0.0
1784379955.7429628,0,0,40018,3102,0.0,0.0,0.0,0.0,1.853,0.0
1784379955.8111005,0,0,40018,3112,0.0,0.0,0.0,0.0,1.853,0.0
1784379955.914053,0,0,40018,3122,0.0,0.0,0.0,0.0,1.852,0.0
1784379955.9758434,0,0,40018,3132,0.0,0.0,0.0,0.0,1.852,0.0
1784379956.0360987,0,0,40018,3142,0.0,0.0,0.0,0.0,1.851,0.0
1784379956.0813262,0,0,40018,3152,0.0,0.0,0.0,0.0,1.851,0.0
1784379956.1179104,0,0,40018,3162,0.0,0.0,0.0,0.0,1.851,0.0
1784379956.157393,0,0,40018,3172,0.0,0.0,0.0,0.0,1.85,0.0
1784379956.2099345,0,0,40018,3182,0.0,0.0,0.0,0.0,1.85,0.0
1784379956.2633467,0,0,40018,3192,0.0,0.0,0.0,0.0,1.849,0.0
1784379956.3258224,0,0,40018,3202,0.0,0.0,0.0,0.0,1.849,0.0
1784379956.3968933,0,0,40018,3212,0.0,0.0,0.0,0.0,1.848,0.0
1784379956.4650543,0,0,40018,3222,0.0,0.0,0.0,0.0,1.848,0.0
1784379956.5275748,0,0,40018,3232,0.0,0.0,0.0,0.0,1.848,0.0
1784379956.5751565,0,0,40018,3242,0.0,0.0,0.0,0.0,1.847,0.0
1784379956.6443865,0,0,40018,3252,0.0,0.0,0.0,0.0,1.847,0.0
1784379956.7259765,0,0,40018,3262,0.0,0.0,0.0,0.0,1.846,0.0
1784379956.777991,0,0,40018,3272,0.0,0.0,0.0,0.0,1.846,0.0
1784379956.8449042,0,0,40018,3282,0.0,0.0,0.0,0.0,1.845,0.0
1784379956.9187236,0,0,40018,3292,0.0,0.0,0.0,0.0,1.845,0.0
1784379956.957398,0,0,40018,3302,0.0,0.0,0.0,0.0,1.845,0.0
1784379957.0111556,0,0,40018,3312,0.0,0.0,0.0,0.0,1.844,0.0
1784379957.0779655,0,0,40018,3322,0.0,0.0,0.0,0.0,1.844,0.0
1784379957.137668,0,0,40018,3332,0.0,0.0,0.0,0.0,1.843,0.0
1784379957.1978722,0,0,40018,3342,0.0,0.0,0.0,0.0,1.843,0.0
1784379957.2490644,0,0,40018,3352,0.0,0.0,0.0,0.0,1.842,0.0
1784379957.3132749,0,0,40018,3362,0.0,0.0,0.0,0.0,1.842,0.0
1784379957.3860455,0,0,40018,3372,0.0,0.0,0.0,0.0,1.842,0.0
1784379957.496818,0,0,40018,3382,0.0,0.0,0.0,0.0,1.841,0.0
1784379957.572349,0,0,40018,3392,0.0,0.0,0.0,0.0,1.841,0.0
1784379957.6392376,0,0,40018,3402,0.0,0.0,0.0,0.0,1.84,0.0
1784379957.692614,0,0,40018,3412,0.0,0.0,0.0,0.0,1.84,0.0
1784379957.728524,0,0,40018,3422,0.0,0.0,0.0,0.0,1.839,0.0
1784379957.7848136,0,0,40018,3432,0.0,0.0,0.0,0.0,1.839,0.0
1784379957.833987,0,0,40018,3442,0.0,0.0,0.0,0.0,1.839,0.0
1784379957.8846543,0,0,40018,3452,0.0,0.0,0.0,0.0,1.838,0.0
1784379957.9474308,0,0,40018,3462,0.0,0.0,0.0,0.0,1.838,0.0
1784379957.9867911,0,0,40018,3472,0.0,0.0,0.0,0.0,1.837,0.0
1784379958.0398595,0,0,40018,3482,0.0,0.0,0.0,0.0,1.837,0.0
1784379958.0890741,0,0,40018,3492,0.0,0.0,0.0,0.0,1.837,0.0
1784379958.1584036,0,0,40018,3502,0.0,0.0,0.0,0.0,1.836,0.0
1784379958.218218,0,0,40018,3512,0.0,0.0,0.0,0.0,1.836,0.0
1784379958.2985032,0,0,40018,3522,0.0,0.0,0.0,0.0,1.835,0.0
1784379958.3596718,0,0,40018,3532,0.0,0.0,0.0,0.0,1.835,0.0
1784379958.425883,0,0,40018,3542,0.0,0.0,0.0,0.0,1.834,0.0
1784379958.485306,0,0,40018,3552,0.0,0.0,0.0,0.0,1.834,0.0
1784379958.5427039,0,0,40018,3562,0.0,0.0,0.0,0.0,1.834,0.0
1784379958.590263,0,0,40018,3572,0.0,0.0,0.0,0.0,1.833,0.0
1784379958.6340418,0,0,40018,3582,0.0,0.0,0.0,0.0,1.833,0.0
1784379958.7013435,0,0,40018,3592,0.0,0.0,0.0,0.0,1.832,0.0
1784379958.7546217,0,0,40018,3602,0.0,0.0,0.0,0.0,1.832,0.0
1784379958.8359401,0,0,40018,3612,0.0,0.0,0.0,0.0,1.831,0.0
1784379958.8997538,0,0,40018,3622,0.0,0.0,0.0,0.0,1.831,0.0
1784379958.960916,0,0,40018,3632,0.0,0.0,0.0,0.0,1.831,0.0
1784379959.0061793,0,0,40018,3642,0.0,0.0,0.0,0.0,1.83,0.0
1784379959.0480797,0,0,40018,3652,0.0,0.0,0.0,0.0,1.83,0.0
1784379959.1344469,0,0,40018,3662,0.0,0.0,0.0,0.0,1.829,0.0
1784379959.2032328,0,0,40018,3672,0.0,0.0,0.0,0.0,1.829,0.0
1784379959.2448654,0,0,40018,3682,0.0,0.0,0.0,0.0,1.829,0.0
1784379959.3013477,0,0,40018,3692,0.0,0.0,0.0,0.0,1.828,0.0
1784379959.3609807,0,0,40018,3702,0.0,0.0,0.0,0.0,1.828,0.0
1784379959.4226022,0,0,40018,3712,0.0,0.0,0.0,0.0,1.827,0.0
1784379959.469346,0,0,40018,3722,0.0,0.0,0.0,0.0,1.827,0.0
1784379959.5097396,0,0,40018,3732,0.0,0.0,0.0,0.0,1.826,0.0
1784379959.5539892,0,0,40018,3742,0.0,0.0,0.0,0.0,1.826,0.0
1784379959.6583953,0,0,40018,3752,0.0,0.0,0.0,0.0,1.826,0.0
1784379959.708162,0,0,40018,3762,0.0,0.0,0.0,0.0,1.825,0.0
1784379959.7581632,0,0,40018,3772,0.0,0.0,0.0,0.0,1.825,0.0
1784379959.8170438,0,0,40018,3782,0.0,0.0,0.0,0.0,1.824,0.0
1784379959.8659134,0,0,40018,3792,0.0,0.0,0.0,0.0,1.824,0.0
1784379959.9134305,0,0,40018,3802,0.0,0.0,0.0,0.0,1.824,0.0
1784379959.9612179,0,0,40018,3812,0.0,0.0,0.0,0.0,1.823,0.0
1784379960.0192854,0,0,40018,3822,0.0,0.0,0.0,0.0,1.823,0.0
1784379960.0776844,0,0,40018,3832,0.0,0.0,0.0,0.0,1.823,0.0
1784379960.1350198,0,0,40018,3842,0.0,0.0,0.0,0.0,1.823,0.0
1784379960.1913612,0,0,40018,3852,0.0,0.0,0.0,0.0,1.822,0.0
1784379960.2452593,0,0,40018,3862,0.0,0.0,0.0,0.0,1.822,0.0
1784379960.2982752,0,0,40018,3872,0.0,0.0,0.0,0.0,1.822,0.0
1784379960.3682983,0,0,40018,3882,0.0,0.0,0.0,0.0,1.821,0.0
1784379960.438731,0,0,40018,3892,0.0,0.0,0.0,0.0,1.821,0.0
1784379960.4962122,0,0,40018,3902,0.0,0.0,0.0,0.0,1.82,0.0
1784379960.5540023,0,0,40018,3912,0.0,0.0,0.0,0.0,1.82,0.0
1784379960.6082132,0,0,40018,3922,0.0,0.0,0.0,0.0,1.82,0.0
1784379960.6722062,0,0,40018,3932,0.0,0.0,0.0,0.0,1.819,0.0
1784379960.7243724,0,0,40018,3942,0.0,0.0,0.0,0.0,1.819,0.0
1784379960.7698388,0,0,40018,3952,0.0,0.0,0.0,0.0,1.818,0.0
1784379960.8293505,0,0,40018,3962,0.0,0.0,0.0,0.0,1.818,0.0
1784379960.906043,0,0,40018,3972,0.0,0.0,0.0,0.0,1.818,0.0
1784379960.9674456,0,0,40018,3982,0.0,0.0,0.0,0.0,1.817,0.0
1784379961.0220766,0,0,40018,3992,0.0,0.0,0.0,0.0,1.817,0.0
1784379961.0695696,0,0,40018,4002,0.0,0.0,0.0,0.0,1.816,0.0
1784379961.1453748,0,0,40018,4012,0.0,0.0,0.0,0.0,1.816,0.0
1784379961.2034504,0,0,40018,4022,0.0,0.0,0.0,0.0,1.816,0.0
1784379961.2714956,0,0,40018,4032,0.0,0.0,0.0,0.0,1.815,0.0
1784379961.33432,0,0,40018,4042,0.0,0.0,0.0,0.0,1.815,0.0
1784379961.397201,0,0,40018,4052,0.0,0.0,0.0,0.0,1.814,0.0
1784379961.4870176,0,0,40018,4062,0.0,0.0,0.0,0.0,1.814,0.0
1784379961.5469587,0,0,40018,4072,0.0,0.0,0.0,0.0,1.813,0.0
1784379961.6158648,0,0,40018,4082,0.0,0.0,0.0,0.0,1.813,0.0
1784379961.695916,0,0,40018,4092,0.0,0.0,0.0,0.0,1.813,0.0
1784379961.7603571,0,0,40018,4102,0.0,0.0,0.0,0.0,1.812,0.0
1784379961.805799,0,0,40018,4112,0.0,0.0,0.0,0.0,1.812,0.0
1784379961.855498,0,0,40018,4122,0.0,0.0,0.0,0.0,1.811,0.0
1784379961.9219084,0,0,40018,4132,0.0,0.0,0.0,0.0,1.811,0.0
1784379961.986537,0,0,40018,4142,0.0,0.0,0.0,0.0,1.811,0.0
1784379962.0313852,0,0,40018,4152,0.0,0.0,0.0,0.0,1.81,0.0
1784379962.073819,0,0,40018,4162,0.0,0.0,0.0,0.0,1.81,0.0
1784379962.1268451,0,0,40018,4172,0.0,0.0,0.0,0.0,1.809,0.0
1784379962.1987767,0,0,40018,4182,0.0,0.0,0.0,0.0,1.809,0.0
1784379962.252819,0,0,40018,4192,0.0,0.0,0.0,0.0,1.809,0.0
1784379962.3091264,0,0,40018,4202,0.0,0.0,0.0,0.0,1.809,0.0
1784379962.365025,0,0,40018,4212,0.0,0.0,0.0,0.0,1.809,0.0
1784379962.4255564,0,0,40018,4222,0.0,0.0,0.0,0.0,1.809,0.0
1784379962.4662275,0,0,40018,4232,0.0,0.0,0.0,0.0,1.809,0.0
1784379962.5179605,0,0,40018,4242,0.0,0.0,0.0,0.0,1.809,0.0
1784379962.5838683,0,0,40018,4252,0.0,0.0,0.0,0.0,1.808,0.0
1784379962.6303256,0,0,40018,4262,0.0,0.0,0.0,0.0,1.808,0.0
1784379962.6828935,0,0,40018,4272,0.0,0.0,0.0,0.0,1.807,0.0
1784379962.7409632,0,0,40018,4282,0.0,0.0,0.0,0.0,1.807,0.0
1784379962.7948015,0,0,40018,4292,0.0,0.0,0.0,0.0,1.807,0.0
1784379962.8608654,0,0,40018,4302,0.0,0.0,0.0,0.0,1.806,0.0
1784379962.9193332,0,0,40018,4312,0.0,0.0,0.0,0.0,1.806,0.0
1784379962.9805577,0,0,40018,4322,0.0,0.0,0.0,0.0,1.805,0.0
1784379963.0230951,0,0,40018,4332,0.0,0.0,0.0,0.0,1.805,0.0
1784379963.0651155,0,0,40018,4342,0.0,0.0,0.0,0.0,1.805,0.0
1784379963.1380289,0,0,40018,4352,0.0,0.0,0.0,0.0,1.804,0.0
1784379963.2060854,0,0,40018,4362,0.0,0.0,0.0,0.0,1.804,0.0
1784379963.2604783,0,0,40018,4372,0.0,0.0,0.0,0.0,1.803,0.0
1784379963.3058739,0,0,40018,4382,0.0,0.0,0.0,0.0,1.803,0.0
1784379963.3704286,0,0,40018,4392,0.0,0.0,0.0,0.0,1.803,0.0
1784379963.4399002,0,0,40018,4402,0.0,0.0,0.0,0.0,1.802,0.0
1784379963.5079496,0,0,40018,4412,0.0,0.0,0.0,0.0,1.802,0.0
1784379963.5580912,0,0,40018,4422,0.0,0.0,0.0,0.0,1.801,0.0
1784379963.6161227,0,0,40018,4432,0.0,0.0,0.0,0.0,1.801,0.0
1784379963.6674883,0,0,40018,4442,0.0,0.0,0.0,0.0,1.801,0.0
1784379963.721273,0,0,40018,4452,0.0,0.0,0.0,0.0,1.8,0.0
1784379963.7739482,0,0,40018,4462,0.0,0.0,0.0,0.0,1.8,0.0
1784379963.8360653,0,0,40018,4472,0.0,0.0,0.0,0.0,1.799,0.0
1784379963.8832996,0,0,40018,4482,0.0,0.0,0.0,0.0,1.799,0.0
1784379963.9533722,0,0,40018,4492,0.0,0.0,0.0,0.0,1.799,0.0
1784379964.0191824,0,0,40018,4502,0.0,0.0,0.0,0.0,1.798,0.0
1784379964.0757728,0,0,40018,4512,0.0,0.0,0.0,0.0,1.798,0.0
1784379964.120339,0,0,40018,4522,0.0,0.0,0.0,0.0,1.797,0.0
1784379964.1648061,0,0,40018,4532,0.0,0.0,0.0,0.0,1.797,0.0
1784379964.2215478,0,0,40018,4542,0.0,0.0,0.0,0.0,1.796,0.0
1784379964.2644126,0,0,40018,4552,0.0,0.0,0.0,0.0,1.796,0.0
1784379964.3272212,0,0,40018,4562,0.0,0.0,0.0,0.0,1.796,0.0
1784379964.415524,0,0,40018,4572,0.0,0.0,0.0,0.0,1.795,0.0
1784379964.504691,0,0,40018,4582,0.0,0.0,0.0,0.0,1.795,0.0
1784379964.576841,0,0,40018,4592,0.0,0.0,0.0,0.0,1.794,0.0
1784379964.628283,0,0,40018,4602,0.0,0.0,0.0,0.0,1.794,0.0
1784379964.6664052,0,0,40018,4612,0.0,0.0,0.0,0.0,1.794,0.0
1784379964.725159,0,0,40018,4622,0.0,0.0,0.0,0.0,1.793,0.0
1784379964.7602866,0,0,40018,4632,0.0,0.0,0.0,0.0,1.793,0.0
1784379964.8067691,0,0,40018,4642,0.0,0.0,0.0,0.0,1.792,0.0
1784379964.8622372,0,0,40018,4652,0.0,0.0,0.0,0.0,1.792,0.0
1784379964.9262843,0,0,40018,4662,0.0,0.0,0.0,0.0,1.792,0.0
1784379964.972529,0,0,40018,4672,0.0,0.0,0.0,0.0,1.791,0.0
1784379965.0201638,0,0,40018,4682,0.0,0.0,0.0,0.0,1.791,0.0
1784379965.0533059,0,0,40018,4692,0.0,0.0,0.0,0.0,1.79,0.0
1784379965.13295,0,0,40018,4702,0.0,0.0,0.0,0.0,1.79,0.0
1784379965.195883,0,0,40018,4712,0.0,0.0,0.0,0.0,1.79,0.0
1784379965.2832606,0,0,40018,4722,0.0,0.0,0.0,0.0,1.789,0.0
1784379965.3463008,0,0,40018,4732,0.0,0.0,0.0,0.0,1.789,0.0
1784379965.4069817,0,0,40018,4742,0.0,0.0,0.0,0.0,1.788,0.0
1784379965.5181675,0,0,40018,4752,0.0,0.0,0.0,0.0,1.788,0.0
1784379965.5741065,0,0,40018,4762,0.0,0.0,0.0,0.0,1.788,0.0
1784379965.623127,0,0,40018,4772,0.0,0.0,0.0,0.0,1.787,0.0
1784379965.7122836,0,0,40018,4782,0.0,0.0,0.0,0.0,1.787,0.0
1784379965.7783961,0,0,40018,4792,0.0,0.0,0.0,0.0,1.786,0.0
1784379965.8380544,0,0,40018,4802,0.0,0.0,0.0,0.0,1.786,0.0
1784379965.8959684,0,0,40018,4812,0.0,0.0,0.0,0.0,1.786,0.0
1784379966.0008032,0,0,40018,4822,0.0,0.0,0.0,0.0,1.785,0.0
1784379966.0983472,0,0,40018,4832,0.0,0.0,0.0,0.0,1.785,0.0
1784379966.143691,0,0,40018,4842,0.0,0.0,0.0,0.0,1.784,0.0
1784379966.193697,0,0,40018,4852,0.0,0.0,0.0,0.0,1.784,0.0
1784379966.2525437,0,0,40018,4862,0.0,0.0,0.0,0.0,1.784,0.0
1784379966.3074865,0,0,40018,4872,0.0,0.0,0.0,0.0,1.783,0.0
1784379966.372747,0,0,40018,4882,0.0,0.0,0.0,0.0,1.783,0.0
1784379966.4386091,0,0,40018,4892,0.0,0.0,0.0,0.0,1.783,0.0
1784379966.482901,0,0,40018,4902,0.0,0.0,0.0,0.0,1.782,0.0
1784379966.52486,0,0,40018,4912,0.0,0.0,0.0,0.0,1.782,0.0
1784379966.5741935,0,0,40018,4922,0.0,0.0,0.0,0.0,1.781,0.0
1784379966.6691945,0,0,40018,4932,0.0,0.0,0.0,0.0,1.781,0.0
1784379966.741009,0,0,40018,4942,0.0,0.0,0.0,0.0,1.781,0.0
1784379966.8213713,0,0,40018,4952,0.0,0.0,0.0,0.0,1.78,0.0
1784379966.8701043,0,0,40018,4962,0.0,0.0,0.0,0.0,1.78,0.0
1784379966.930857,0,0,40018,4972,0.0,0.0,0.0,0.0,1.779,0.0
1784379966.9801908,0,0,40018,4982,0.0,0.0,0.0,0.0,1.779,0.0
1784379967.0406675,0,0,40018,4992,0.0,0.0,0.0,0.0,1.779,0.0
1784379967.1040478,0,0,40018,5002,0.0,0.0,0.0,0.0,1.778,0.0
1784379967.1467013,0,0,40018,5012,0.0,0.0,0.0,0.0,1.778,0.0
1784379967.2122717,0,0,40018,5022,0.0,0.0,0.0,0.0,1.777,0.0
1784379967.266897,0,0,40018,5032,0.0,0.0,0.0,0.0,1.777,0.0
1784379967.3555512,0,0,40018,5042,0.0,0.0,0.0,0.0,1.777,0.0
1784379967.4538777,0,0,40018,5052,0.0,0.0,0.0,0.0,1.776,0.0
1784379967.5226417,0,0,40018,5062,0.0,0.0,0.0,0.0,1.776,0.0
1784379967.5936692,0,0,40018,5072,0.0,0.0,0.0,0.0,1.775,0.0
1784379967.6685846,0,0,40018,5082,0.0,0.0,0.0,0.0,1.775,0.0
1784379967.7489555,0,0,40018,5092,0.0,0.0,0.0,0.0,1.775,0.0
1784379967.8135874,0,0,40018,5102,0.0,0.0,0.0,0.0,1.774,0.0
1784379967.8658485,0,0,40018,5112,0.0,0.0,0.0,0.0,1.774,0.0
1784379967.9274755,0,0,40018,5122,0.0,0.0,0.0,0.0,1.773,0.0
1784379967.9954793,0,0,40018,5132,0.0,0.0,0.0,0.0,1.773,0.0
1784379968.047976,0,0,40018,5142,0.0,0.0,0.0,0.0,1.773,0.0
1784379968.1122682,0,0,40018,5152,0.0,0.0,0.0,0.0,1.772,0.0
1784379968.1656108,0,0,40018,5162,0.0,0.0,0.0,0.0,1.772,0.0
1784379968.2186167,0,0,40018,5172,0.0,0.0,0.0,0.0,1.771,0.0
1784379968.2778392,0,0,40018,5182,0.0,0.0,0.0,0.0,1.771,0.0
1784379968.3237038,0,0,40018,5192,0.0,0.0,0.0,0.0,1.771,0.0
1784379968.3896997,0,0,40018,5202,0.0,0.0,0.0,0.0,1.77,0.0
1784379968.4609685,0,0,40018,5212,0.0,0.0,0.0,0.0,1.77,0.0
1784379968.5169997,0,0,40018,5222,0.0,0.0,0.0,0.0,1.77,0.0
1784379968.6073043,0,0,40018,5232,0.0,0.0,0.0,0.0,1.769,0.0
1784379968.6579316,0,0,40018,5242,0.0,0.0,0.0,0.0,1.769,0.0
1784379968.7045553,0,0,40018,5252,0.0,0.0,0.0,0.0,1.768,0.0
1784379968.7474236,0,0,40018,5262,0.0,0.0,0.0,0.0,1.768,0.0
1784379968.809934,0,0,40018,5272,0.0,0.0,0.0,0.0,1.768,0.0
1784379968.8756592,0,0,40018,5282,0.0,0.0,0.0,0.0,1.767,0.0
1784379968.9319568,0,0,40018,5292,0.0,0.0,0.0,0.0,1.767,0.0
1784379969.0043008,0,0,40018,5302,0.0,0.0,0.0,0.0,1.766,0.0
1784379969.06619,0,0,40018,5312,0.0,0.0,0.0,0.0,1.766,0.0
1784379969.116424,0,0,40018,5322,0.0,0.0,0.0,0.0,1.766,0.0
1784379969.1800935,0,0,40018,5332,0.0,0.0,0.0,0.0,1.765,0.0
1784379969.2502294,0,0,40018,5342,0.0,0.0,0.0,0.0,1.765,0.0
1784379969.296007,0,0,40018,5352,0.0,0.0,0.0,0.0,1.764,0.0
1784379969.3443263,0,0,40018,5362,0.0,0.0,0.0,0.0,1.764,0.0
1784379969.4235444,0,0,40018,5372,0.0,0.0,0.0,0.0,1.764,0.0
1784379969.494738,0,0,40018,5382,0.0,0.0,0.0,0.0,1.763,0.0
1784379969.5685005,0,0,40018,5392,0.0,0.0,0.0,0.0,1.763,0.0
1784379969.6508904,0,0,40018,5402,0.0,0.0,0.0,0.0,1.763,0.0
1784379969.7127845,0,0,40018,5412,0.0,0.0,0.0,0.0,1.762,0.0
1784379969.7815971,0,0,40018,5422,0.0,0.0,0.0,0.0,1.762,0.0
1784379969.856882,0,0,40018,5432,0.0,0.0,0.0,0.0,1.761,0.0
1784379969.9090285,0,0,40018,5442,0.0,0.0,0.0,0.0,1.761,0.0
1784379969.9821036,0,0,40018,5452,0.0,0.0,0.0,0.0,1.761,0.0
1784379970.0420983,0,0,40018,5462,0.0,0.0,0.0,0.0,1.76,0.0
1784379970.117881,0,0,40018,5472,0.0,0.0,0.0,0.0,1.76,0.0
1784379970.166688,0,0,40018,5482,0.0,0.0,0.0,0.0,1.759,0.0
1784379970.220336,0,0,40018,5492,0.0,0.0,0.0,0.0,1.759,0.0
1784379970.2804377,0,0,40018,5502,0.0,0.0,0.0,0.0,1.759,0.0
1784379970.3449676,0,0,40018,5512,0.0,0.0,0.0,0.0,1.758,0.0
1784379970.404625,0,0,40018,5522,0.0,0.0,0.0,0.0,1.758,0.0
1784379970.468379,0,0,40018,5532,0.0,0.0,0.0,0.0,1.757,0.0
1784379970.5071547,0,0,40018,5542,0.0,0.0,0.0,0.0,1.757,0.0
1784379970.5527675,0,0,40018,5552,0.0,0.0,0.0,0.0,1.757,0.0
1784379970.6131082,0,0,40018,5562,0.0,0.0,0.0,0.0,1.756,0.0
1784379970.6570013,0,0,40018,5572,0.0,0.0,0.0,0.0,1.756,0.0
1784379970.71525,0,0,40018,5582,0.0,0.0,0.0,0.0,1.756,0.0
1784379970.758809,0,0,40018,5592,0.0,0.0,0.0,0.0,1.755,0.0
1784379970.8166783,0,0,40018,5602,0.0,0.0,0.0,0.0,1.755,0.0
1784379970.8656857,0,0,40018,5612,0.0,0.0,0.0,0.0,1.754,0.0
1784379970.9081666,0,0,40018,5622,0.0,0.0,0.0,0.0,1.754,0.0
1784379970.9611635,0,0,40018,5632,0.0,0.0,0.0,0.0,1.754,0.0
1784379971.009822,0,0,40018,5642,0.0,0.0,0.0,0.0,1.753,0.0
1784379971.0802984,0,0,40018,5652,0.0,0.0,0.0,0.0,1.753,0.0
1784379971.1379814,0,0,40018,5662,0.0,0.0,0.0,0.0,1.752,0.0
1784379971.1838229,0,0,40018,5672,0.0,0.0,0.0,0.0,1.752,0.0
1784379971.2311046,0,0,40018,5682,0.0,0.0,0.0,0.0,1.752,0.0
1784379971.2815838,0,0,40018,5692,0.0,0.0,0.0,0.0,1.751,0.0
1784379971.343301,0,0,40018,5702,0.0,0.0,0.0,0.0,1.751,0.0
1784379971.405163,0,0,40018,5712,0.0,0.0,0.0,0.0,1.751,0.0
1784379971.485268,0,0,40018,5722,0.0,0.0,0.0,0.0,1.75,0.0
1784379971.5362864,0,0,40018,5732,0.0,0.0,0.0,0.0,1.75,0.0
1784379971.5923655,0,0,40018,5742,0.0,0.0,0.0,0.0,1.749,0.0
1784379971.6649754,0,0,40018,5752,0.0,0.0,0.0,0.0,1.749,0.0
1784379971.7240899,0,0,40018,5762,0.0,0.0,0.0,0.0,1.749,0.0
1784379971.791559,0,0,40018,5772,0.0,0.0,0.0,0.0,1.748,0.0
1784379971.838199,0,0,40018,5782,0.0,0.0,0.0,0.0,1.748,0.0
1784379971.8915238,0,0,40018,5792,0.0,0.0,0.0,0.0,1.748,0.0
1784379971.9531684,0,0,40018,5802,0.0,0.0,0.0,0.0,1.747,0.0
1784379972.0134547,0,0,40018,5812,0.0,0.0,0.0,0.0,1.747,0.0
1784379972.0583937,0,0,40018,5822,0.0,0.0,0.0,0.0,1.746,0.0
1784379972.1004684,0,0,40018,5832,0.0,0.0,0.0,0.0,1.746,0.0
1784379972.1398523,0,0,40018,5842,0.0,0.0,0.0,0.0,1.746,0.0
1784379972.2034287,0,0,40018,5852,0.0,0.0,0.0,0.0,1.745,0.0
1784379972.2574208,0,0,40018,5862,0.0,0.0,0.0,0.0,1.745,0.0
1784379972.3229072,0,0,40018,5872,0.0,0.0,0.0,0.0,1.744,0.0
1784379972.3810794,0,0,40018,5882,0.0,0.0,0.0,0.0,1.744,0.0
1784379972.4331958,0,0,40018,5892,0.0,0.0,0.0,0.0,1.744,0.0
1784379972.4960513,0,0,40018,5902,0.0,0.0,0.0,0.0,1.743,0.0
1784379972.5562809,0,0,40018,5912,0.0,0.0,0.0,0.0,1.743,0.0
1784379972.6108463,0,0,40018,5922,0.0,0.0,0.0,0.0,1.743,0.0
1784379972.6826823,0,0,40018,5932,0.0,0.0,0.0,0.0,1.742,0.0
1784379972.7460854,0,0,40018,5942,0.0,0.0,0.0,0.0,1.742,0.0
1784379972.808334,0,0,40018,5952,0.0,0.0,0.0,0.0,1.741,0.0
1784379972.8598037,0,0,40018,5962,0.0,0.0,0.0,0.0,1.741,0.0
1784379972.9202428,0,0,40018,5972,0.0,0.0,0.0,0.0,1.741,0.0
1784379972.9611645,0,0,40018,5982,0.0,0.0,0.0,0.0,1.74,0.0
1784379972.9932263,0,0,40018,5992,0.0,0.0,0.0,0.0,1.74,0.0
1784379973.0448272,0,0,40018,6002,0.0,0.0,0.0,0.0,1.74,0.0
1784379973.084265,0,0,40018,6012,0.0,0.0,0.0,0.0,1.739,0.0
1784379973.1247761,0,0,40018,6022,0.0,0.0,0.0,0.0,1.739,0.0
1784379973.1816897,0,0,40018,6032,0.0,0.0,0.0,0.0,1.738,0.0
1784379973.2489936,0,0,40018,6042,0.0,0.0,0.0,0.0,1.738,0.0
1784379973.2859783,0,0,40018,6052,0.0,0.0,0.0,0.0,1.738,0.0
1784379973.3333335,0,0,40018,6062,0.0,0.0,0.0,0.0,1.737,0.0
1784379973.4039764,0,0,40018,6072,0.0,0.0,0.0,0.0,1.737,0.0
1784379973.464097,0,0,40018,6082,0.0,0.0,0.0,0.0,1.737,0.0
1784379973.507648,0,0,40018,6092,0.0,0.0,0.0,0.0,1.736,0.0
1784379973.565927,0,0,40018,6102,0.0,0.0,0.0,0.0,1.736,0.0
1784379973.6041899,0,0,40018,6112,0.0,0.0,0.0,0.0,1.735,0.0
1784379973.6549795,0,0,40018,6122,0.0,0.0,0.0,0.0,1.735,0.0
1784379973.699977,0,0,40018,6132,0.0,0.0,0.0,0.0,1.735,0.0
1784379973.7440345,0,0,40018,6142,0.0,0.0,0.0,0.0,1.734,0.0
1784379973.8044808,0,0,40018,6152,0.0,0.0,0.0,0.0,1.734,0.0
1784379973.8520374,0,0,40018,6162,0.0,0.0,0.0,0.0,1.734,0.0
1784379973.9075692,0,0,40018,6172,0.0,0.0,0.0,0.0,1.733,0.0
1784379973.9573767,0,0,40018,6182,0.0,0.0,0.0,0.0,1.733,0.0
1784379974.0113657,0,0,40018,6192,0.0,0.0,0.0,0.0,1.732,0.0
1784379974.072664,0,0,40018,6202,0.0,0.0,0.0,0.0,1.732,0.0
1784379974.1357765,0,0,40018,6212,0.0,0.0,0.0,0.0,1.732,0.0
1784379974.194071,0,0,40018,6222,0.0,0.0,0.0,0.0,1.731,0.0
1784379974.248851,0,0,40018,6232,0.0,0.0,0.0,0.0,1.731,0.0
1784379974.297183,0,0,40018,6242,0.0,0.0,0.0,0.0,1.731,0.0
1784379974.3444023,0,0,40018,6252,0.0,0.0,0.0,0.0,1.73,0.0
1784379974.3929584,0,0,40018,6262,0.0,0.0,0.0,0.0,1.73,0.0
1784379974.451283,0,0,40018,6272,0.0,0.0,0.0,0.0,1.729,0.0
1784379974.4966536,0,0,40018,6282,0.0,0.0,0.0,0.0,1.729,0.0
1784379974.536559,0,0,40018,6292,0.0,0.0,0.0,0.0,1.729,0.0
1784379974.5856154,0,0,40018,6302,0.0,0.0,0.0,0.0,1.728,0.0
1784379974.6481173,0,0,40018,6312,0.0,0.0,0.0,0.0,1.728,0.0
1784379974.691098,0,0,40018,6322,0.0,0.0,0.0,0.0,1.728,0.0
1784379974.7542095,0,0,40018,6332,0.0,0.0,0.0,0.0,1.727,0.0
1784379974.7993467,0,0,40018,6342,0.0,0.0,0.0,0.0,1.727,0.0
1784379974.860876,0,0,40018,6352,0.0,0.0,0.0,0.0,1.726,0.0
1784379974.9150631,0,0,40018,6362,0.0,0.0,0.0,0.0,1.726,0.0
1784379974.975833,0,0,40018,6372,0.0,0.0,0.0,0.0,1.726,0.0
1784379975.0318892,0,0,40018,6382,0.0,0.0,0.0,0.0,1.725,0.0
1784379975.0955875,0,0,40018,6392,0.0,0.0,0.0,0.0,1.725,0.0
1784379975.1648657,0,0,40018,6402,0.0,0.0,0.0,0.0,1.725,0.0
1784379975.2416198,0,0,40018,6412,0.0,0.0,0.0,0.0,1.724,0.0
1784379975.2750034,0,0,40018,6422,0.0,0.0,0.0,0.0,1.724,0.0
1784379975.3244164,0,0,40018,6432,0.0,0.0,0.0,0.0,1.723,0.0
1784379975.3919854,0,0,40018,6442,0.0,0.0,0.0,0.0,1.723,0.0
1784379975.4625602,0,0,40018,6452,0.0,0.0,0.0,0.0,1.723,0.0
1784379975.5208561,0,0,40018,6462,0.0,0.0,0.0,0.0,1.722,0.0
1784379975.5710137,0,0,40018,6472,0.0,0.0,0.0,0.0,1.722,0.0
1784379975.6295877,0,0,40018,6482,0.0,0.0,0.0,0.0,1.722,0.0
1784379975.6885128,0,0,40018,6492,0.0,0.0,0.0,0.0,1.721,0.0
1784379975.7589493,0,0,40018,6502,0.0,0.0,0.0,0.0,1.721,0.0
1784379975.799966,0,0,40018,6512,0.0,0.0,0.0,0.0,1.72,0.0
1784379975.8569741,0,0,40018,6522,0.0,0.0,0.0,0.0,1.72,0.0
1784379975.9103591,0,0,40018,6532,0.0,0.0,0.0,0.0,1.72,0.0
1784379975.9635935,0,0,40018,6542,0.0,0.0,0.0,0.0,1.719,0.0
1784379976.0378375,0,0,40018,6552,0.0,0.0,0.0,0.0,1.719,0.0
1784379976.102014,0,0,40018,6562,0.0,0.0,0.0,0.0,1.719,0.0
1784379976.1468267,0,0,40018,6572,0.0,0.0,0.0,0.0,1.718,0.0
1784379976.2406106,0,0,40018,6582,0.0,0.0,0.0,0.0,1.718,0.0
1784379976.2897794,0,0,40018,6592,0.0,0.0,0.0,0.0,1.718,0.0
1784379976.336098,0,0,40018,6602,0.0,0.0,0.0,0.0,1.717,0.0
1784379976.4118156,0,0,40018,6612,0.0,0.0,0.0,0.0,1.717,0.0
1784379976.5136302,0,0,40018,6622,0.0,0.0,0.0,0.0,1.716,0.0
1784379976.5713077,0,0,40018,6632,0.0,0.0,0.0,0.0,1.716,0.0
1784379976.632026,0,0,40018,6642,0.0,0.0,0.0,0.0,1.716,0.0
1784379976.6741102,0,0,40018,6652,0.0,0.0,0.0,0.0,1.715,0.0
1784379976.709964,0,0,40018,6662,0.0,0.0,0.0,0.0,1.715,0.0
1784379976.769044,0,0,40018,6672,0.0,0.0,0.0,0.0,1.715,0.0
1784379976.8229773,0,0,40018,6682,0.0,0.0,0.0,0.0,1.714,0.0
1784379976.8714533,0,0,40018,6692,0.0,0.0,0.0,0.0,1.714,0.0
1784379976.9253259,0,0,40018,6702,0.0,0.0,0.0,0.0,1.713,0.0
1784379976.9828374,0,0,40018,6712,0.0,0.0,0.0,0.0,1.713,0.0
1784379977.0438054,0,0,40018,6722,0.0,0.0,0.0,0.0,1.713,0.0
1784379977.08665,0,0,40018,6732,0.0,0.0,0.0,0.0,1.712,0.0
1784379977.1382318,0,0,40018,6742,0.0,0.0,0.0,0.0,1.712,0.0
1784379977.179938,0,0,40018,6752,0.0,0.0,0.0,0.0,1.712,0.0
1784379977.2279048,0,0,40018,6762,0.0,0.0,0.0,0.0,1.711,0.0
1784379977.278045,0,0,40018,6772,0.0,0.0,0.0,0.0,1.711,0.0
1784379977.339301,0,0,40018,6782,0.0,0.0,0.0,0.0,1.711,0.0
1784379977.3948293,0,0,40018,6792,0.0,0.0,0.0,0.0,1.71,0.0
1784379977.4362886,0,0,40018,6802,0.0,0.0,0.0,0.0,1.71,0.0
1784379977.5042207,0,0,40018,6812,0.0,0.0,0.0,0.0,1.709,0.0
1784379977.5570617,0,0,40018,6822,0.0,0.0,0.0,0.0,1.709,0.0
1784379977.6005015,0,0,40018,6832,0.0,0.0,0.0,0.0,1.709,0.0
1784379977.6565936,0,0,40018,6842,0.0,0.0,0.0,0.0,1.708,0.0
1784379977.711586,0,0,40018,6852,0.0,0.0,0.0,0.0,1.708,0.0
1784379977.7732606,0,0,40018,6862,0.0,0.0,0.0,0.0,1.708,0.0
1784379977.8270974,0,0,40018,6872,0.0,0.0,0.0,0.0,1.707,0.0
1784379977.8880334,0,0,40018,6882,0.0,0.0,0.0,0.0,1.707,0.0
1784379977.9459596,0,0,40018,6892,0.0,0.0,0.0,0.0,1.707,0.0
1784379978.0059807,0,0,40018,6902,0.0,0.0,0.0,0.0,1.706,0.0
1784379978.056061,0,0,40018,6912,0.0,0.0,0.0,0.0,1.706,0.0
1784379978.1087787,0,0,40018,6922,0.0,0.0,0.0,0.0,1.705,0.0
1784379978.1623085,0,0,40018,6932,0.0,0.0,0.0,0.0,1.705,0.0
1784379978.2193604,0,0,40018,6942,0.0,0.0,0.0,0.0,1.705,0.0
1784379978.3217196,0,0,40018,6952,0.0,0.0,0.0,0.0,1.704,0.0
1784379978.382561,0,0,40018,6962,0.0,0.0,0.0,0.0,1.704,0.0
1784379978.4305847,0,0,40018,6972,0.0,0.0,0.0,0.0,1.704,0.0
1784379978.488642,0,0,40018,6982,0.0,0.0,0.0,0.0,1.703,0.0
1784379978.5556657,0,0,40018,6992,0.0,0.0,0.0,0.0,1.703,0.0
1784379978.6174228,0,0,40018,7002,0.0,0.0,0.0,0.0,1.703,0.0
1784379978.6952405,0,0,40018,7012,0.0,0.0,0.0,0.0,1.702,0.0
1784379978.737337,0,0,40018,7022,0.0,0.0,0.0,0.0,1.702,0.0
1784379978.7870362,0,0,40018,7032,0.0,0.0,0.0,0.0,1.701,0.0
1784379978.838191,0,0,40018,7042,0.0,0.0,0.0,0.0,1.701,0.0
1784379978.8981502,0,0,40018,7052,0.0,0.0,0.0,0.0,1.701,0.0
1784379978.9741194,0,0,40018,7062,0.0,0.0,0.0,0.0,1.7,0.0
1784379979.0305986,0,0,40018,7072,0.0,0.0,0.0,0.0,1.7,0.0
1784379979.0918853,0,0,40018,7082,0.0,0.0,0.0,0.0,1.7,0.0
1784379979.1457644,0,0,40018,7092,0.0,0.0,0.0,0.0,1.699,0.0
1784379979.1940324,0,0,40018,7102,0.0,0.0,0.0,0.0,1.699,0.0
1784379979.2366939,0,0,40018,7112,0.0,0.0,0.0,0.0,1.699,0.0
1784379979.3198173,0,0,40018,7122,0.0,0.0,0.0,0.0,1.698,0.0
1784379979.4060674,0,0,40018,7132,0.0,0.0,0.0,0.0,1.698,0.0
1784379979.5086732,0,0,40018,7142,0.0,0.0,0.0,0.0,1.698,0.0
1784379979.580186,0,0,40018,7152,0.0,0.0,0.0,0.0,1.697,0.0
1784379979.6387029,0,0,40018,7162,0.0,0.0,0.0,0.0,1.697,0.0
1784379979.6786058,0,0,40018,7172,0.0,0.0,0.0,0.0,1.696,0.0
1784379979.722123,0,0,40018,7182,0.0,0.0,0.0,0.0,1.696,0.0
1784379979.783936,0,0,40018,7192,0.0,0.0,0.0,0.0,1.696,0.0
1784379979.8357425,0,0,40018,7202,0.0,0.0,0.0,0.0,1.695,0.0
1784379979.8951623,0,0,40018,7212,0.0,0.0,0.0,0.0,1.695,0.0
1784379979.947591,0,0,40018,7222,0.0,0.0,0.0,0.0,1.695,0.0
1784379980.0069516,0,0,40018,7232,0.0,0.0,0.0,0.0,1.694,0.0
1784379980.067731,0,0,40018,7242,0.0,0.0,0.0,0.0,1.694,0.0
1784379980.1135423,0,0,40018,7252,0.0,0.0,0.0,0.0,1.694,0.0
1784379980.1636693,0,0,40018,7262,0.0,0.0,0.0,0.0,1.693,0.0
1784379980.2312057,0,0,40018,7272,0.0,0.0,0.0,0.0,1.693,0.0
1784379980.2763996,0,0,40018,7282,0.0,0.0,0.0,0.0,1.692,0.0
1784379980.3321888,0,0,40018,7292,0.0,0.0,0.0,0.0,1.692,0.0
1784379980.4139829,0,0,40018,7302,0.0,0.0,0.0,0.0,1.692,0.0
1784379980.471556,0,0,40018,7312,0.0,0.0,0.0,0.0,1.691,0.0
1784379980.5289693,0,0,40018,7322,0.0,0.0,0.0,0.0,1.691,0.0
1784379980.580151,0,0,40018,7332,0.0,0.0,0.0,0.0,1.691,0.0
1784379980.6307719,0,0,40018,7342,0.0,0.0,0.0,0.0,1.69,0.0
1784379980.6775374,0,0,40018,7352,0.0,0.0,0.0,0.0,1.69,0.0
1784379980.7149522,0,0,40018,7362,0.0,0.0,0.0,0.0,1.69,0.0
1784379980.7503724,0,0,40018,7372,0.0,0.0,0.0,0.0,1.689,0.0
1784379980.8021405,0,0,40018,7382,0.0,0.0,0.0,0.0,1.689,0.0
1784379980.859231,0,0,40018,7392,0.0,0.0,0.0,0.0,1.689,0.0
1784379980.9143422,0,0,40018,7402,0.0,0.0,0.0,0.0,1.688,0.0
1784379980.9617927,0,0,40018,7412,0.0,0.0,0.0,0.0,1.688,0.0
1784379981.0103903,0,0,40018,7422,0.0,0.0,0.0,0.0,1.687,0.0
1784379981.061358,0,0,40018,7432,0.0,0.0,0.0,0.0,1.687,0.0
1784379981.1172416,0,0,40018,7442,0.0,0.0,0.0,0.0,1.687,0.0
1784379981.1775653,0,0,40018,7452,0.0,0.0,0.0,0.0,1.686,0.0
1784379981.2647865,0,0,40018,7462,0.0,0.0,0.0,0.0,1.686,0.0
1784379981.3117769,0,0,40018,7472,0.0,0.0,0.0,0.0,1.686,0.0
1784379981.349237,0,0,40018,7482,0.0,0.0,0.0,0.0,1.685,0.0
1784379981.3999321,0,0,40018,7492,0.0,0.0,0.0,0.0,1.685,0.0
1784379981.4482672,0,0,40018,7502,0.0,0.0,0.0,0.0,1.685,0.0
1784379981.525367,0,0,40018,7512,0.0,0.0,0.0,0.0,1.684,0.0
1784379981.5673282,0,0,40018,7522,0.0,0.0,0.0,0.0,1.684,0.0
1784379981.6274004,0,0,40018,7532,0.0,0.0,0.0,0.0,1.684,0.0
1784379981.6849356,0,0,40018,7542,0.0,0.0,0.0,0.0,1.683,0.0
1784379981.731593,0,0,40018,7552,0.0,0.0,0.0,0.0,1.683,0.0
1784379981.7850573,0,0,40018,7562,0.0,0.0,0.0,0.0,1.683,0.0
1784379981.8323872,0,0,40018,7572,0.0,0.0,0.0,0.0,1.682,0.0
1784379981.8801513,0,0,40018,7582,0.0,0.0,0.0,0.0,1.682,0.0
1784379981.941968,0,0,40018,7592,0.0,0.0,0.0,0.0,1.681,0.0
1784379981.992138,0,0,40018,7602,0.0,0.0,0.0,0.0,1.681,0.0
1784379982.0492823,0,0,40018,7612,0.0,0.0,0.0,0.0,1.681,0.0
1784379982.1099327,0,0,40018,7622,0.0,0.0,0.0,0.0,1.68,0.0
1784379982.171662,0,0,40018,7632,0.0,0.0,0.0,0.0,1.68,0.0
1784379982.237764,0,0,40018,7642,0.0,0.0,0.0,0.0,1.68,0.0
1784379982.3113708,0,0,40018,7652,0.0,0.0,0.0,0.0,1.679,0.0
1784379982.4085367,0,0,40018,7662,0.0,0.0,0.0,0.0,1.679,0.0
1784379982.4708097,0,0,40018,7672,0.0,0.0,0.0,0.0,1.679,0.0
1784379982.5424893,0,0,40018,7682,0.0,0.0,0.0,0.0,1.678,0.0
1784379982.5947766,0,0,40018,7692,0.0,0.0,0.0,0.0,1.678,0.0
1784379982.6342795,0,0,40018,7702,0.0,0.0,0.0,0.0,1.678,0.0
1784379982.6849341,0,0,40018,7712,0.0,0.0,0.0,0.0,1.677,0.0
1784379982.7380426,0,0,40018,7722,0.0,0.0,0.0,0.0,1.677,0.0
1784379982.7916787,0,0,40018,7732,0.0,0.0,0.0,0.0,1.677,0.0
1784379982.843673,0,0,40018,7742,0.0,0.0,0.0,0.0,1.676,0.0
1784379982.91344,0,0,40018,7752,0.0,0.0,0.0,0.0,1.676,0.0
1784379982.9763858,0,0,40018,7762,0.0,0.0,0.0,0.0,1.675,0.0
1784379983.0230126,0,0,40018,7772,0.0,0.0,0.0,0.0,1.675,0.0
1784379983.085041,0,0,40018,7782,0.0,0.0,0.0,0.0,1.675,0.0
1784379983.1470084,0,0,40018,7792,0.0,0.0,0.0,0.0,1.674,0.0
1784379983.2089708,0,0,40018,7802,0.0,0.0,0.0,0.0,1.674,0.0
1784379983.2643986,0,0,40018,7812,0.0,0.0,0.0,0.0,1.674,0.0
1784379983.3389683,0,0,40018,7822,0.0,0.0,0.0,0.0,1.673,0.0
1784379983.3983605,0,0,40018,7832,0.0,0.0,0.0,0.0,1.673,0.0
1784379983.4653864,0,0,40018,7842,0.0,0.0,0.0,0.0,1.673,0.0
1784379983.516503,0,0,40018,7852,0.0,0.0,0.0,0.0,1.672,0.0
1784379983.5887406,0,0,40018,7862,0.0,0.0,0.0,0.0,1.672,0.0
1784379983.6486847,0,0,40018,7872,0.0,0.0,0.0,0.0,1.672,0.0
1784379983.70363,0,0,40018,7882,0.0,0.0,0.0,0.0,1.671,0.0
1784379983.7534063,0,0,40018,7892,0.0,0.0,0.0,0.0,1.671,0.0
1784379983.8011658,0,0,40018,7902,0.0,0.0,0.0,0.0,1.671,0.0
1784379983.8599095,0,0,40018,7912,0.0,0.0,0.0,0.0,1.67,0.0
1784379983.9141448,0,0,40018,7922,0.0,0.0,0.0,0.0,1.67,0.0
1784379983.9805677,0,0,40018,7932,0.0,0.0,0.0,0.0,1.67,0.0
1784379984.0380163,0,0,40018,7942,0.0,0.0,0.0,0.0,1.669,0.0
1784379984.1071663,0,0,40018,7952,0.0,0.0,0.0,0.0,1.669,0.0
1784379984.1452193,0,0,40018,7962,0.0,0.0,0.0,0.0,1.669,0.0
1784379984.220378,0,0,40018,7972,0.0,0.0,0.0,0.0,1.668,0.0
1784379984.2672172,0,0,40018,7982,0.0,0.0,0.0,0.0,1.668,0.0
1784379984.3285296,0,0,40018,7992,0.0,0.0,0.0,0.0,1.667,0.0
1784379984.3853958,0,0,40018,8002,0.0,0.0,0.0,0.0,1.667,0.0
1784379984.4480593,0,0,40018,8012,0.0,0.0,0.0,0.0,1.667,0.0
1784379984.532164,0,0,40018,8022,0.0,0.0,0.0,0.0,1.666,0.0
1784379984.5800982,0,0,40018,8032,0.0,0.0,0.0,0.0,1.666,0.0
1784379984.6530058,0,0,40018,8042,0.0,0.0,0.0,0.0,1.666,0.0
1784379984.6877482,0,0,40018,8052,0.0,0.0,0.0,0.0,1.665,0.0
1784379984.7705452,0,0,40018,8062,0.0,0.0,0.0,0.0,1.665,0.0
1784379984.8128145,0,0,40018,8072,0.0,0.0,0.0,0.0,1.665,0.0
1784379984.8716075,0,0,40018,8082,0.0,0.0,0.0,0.0,1.664,0.0
1784379984.9202797,0,0,40018,8092,0.0,0.0,0.0,0.0,1.664,0.0
1784379984.9728358,0,0,40018,8102,0.0,0.0,0.0,0.0,1.664,0.0
1784379985.0270376,0,0,40018,8112,0.0,0.0,0.0,0.0,1.663,0.0
1784379985.08809,0,0,40018,8122,0.0,0.0,0.0,0.0,1.663,0.0
1784379985.1577468,0,0,40018,8132,0.0,0.0,0.0,0.0,1.663,0.0
1784379985.2005706,0,0,40018,8142,0.0,0.0,0.0,0.0,1.662,0.0
1784379985.2968276,0,0,40018,8152,0.0,0.0,0.0,0.0,1.662,0.0
1784379985.369279,0,0,40018,8162,0.0,0.0,0.0,0.0,1.662,0.0
1784379985.4110558,0,0,40018,8172,0.0,0.0,0.0,0.0,1.661,0.0
1784379985.4660244,0,0,40018,8182,0.0,0.0,0.0,0.0,1.661,0.0
1784379985.537597,0,0,40018,8192,0.0,0.0,0.0,0.0,1.661,0.0
1784379985.594454,0,0,40018,8202,0.0,0.0,0.0,0.0,1.66,0.0
1784379985.6504514,0,0,40018,8212,0.0,0.0,0.0,0.0,1.66,0.0
1784379985.7179348,0,0,40018,8222,0.0,0.0,0.0,0.0,1.66,0.0
1784379985.7713737,0,0,40018,8232,0.0,0.0,0.0,0.0,1.659,0.0
1784379985.814921,0,0,40018,8242,0.0,0.0,0.0,0.0,1.659,0.0
1784379985.8856213,0,0,40018,8252,0.0,0.0,0.0,0.0,1.659,0.0
1784379985.924544,0,0,40018,8262,0.0,0.0,0.0,0.0,1.658,0.0
1784379985.9849434,0,0,40018,8272,0.0,0.0,0.0,0.0,1.658,0.0
1784379986.0389898,0,0,40018,8282,0.0,0.0,0.0,0.0,1.657,0.0
1784379986.099699,0,0,40018,8292,0.0,0.0,0.0,0.0,1.657,0.0
1784379986.1492522,0,0,40018,8302,0.0,0.0,0.0,0.0,1.657,0.0
1784379986.1997755,0,0,40018,8312,0.0,0.0,0.0,0.0,1.656,0.0
1784379986.2629082,0,0,40018,8322,0.0,0.0,0.0,0.0,1.656,0.0
1784379986.32695,0,0,40018,8332,0.0,0.0,0.0,0.0,1.656,0.0
1784379986.366978,0,0,40018,8342,0.0,0.0,0.0,0.0,1.655,0.0
1784379986.4027653,0,0,40018,8352,0.0,0.0,0.0,0.0,1.655,0.0
1784379986.4500554,0,0,40018,8362,0.0,0.0,0.0,0.0,1.655,0.0
1784379986.5045292,0,0,40018,8372,0.0,0.0,0.0,0.0,1.654,0.0
1784379986.5513813,0,0,40018,8382,0.0,0.0,0.0,0.0,1.654,0.0
1784379986.6057096,0,0,40018,8392,0.0,0.0,0.0,0.0,1.654,0.0
1784379986.6567504,0,0,40018,8402,0.0,0.0,0.0,0.0,1.653,0.0
1784379986.7226605,0,0,40018,8412,0.0,0.0,0.0,0.0,1.653,0.0
1784379986.763498,0,0,40018,8422,0.0,0.0,0.0,0.0,1.653,0.0
1784379986.8214922,0,0,40018,8432,0.0,0.0,0.0,0.0,1.652,0.0
1784379986.9074488,0,0,40018,8442,0.0,0.0,0.0,0.0,1.652,0.0
1784379986.9635403,0,0,40018,8452,0.0,0.0,0.0,0.0,1.652,0.0
1784379987.0083034,0,0,40018,8462,0.0,0.0,0.0,0.0,1.651,0.0
1784379987.0738347,0,0,40018,8472,0.0,0.0,0.0,0.0,1.651,0.0
1784379987.1559703,0,0,40018,8482,0.0,0.0,0.0,0.0,1.651,0.0
1784379987.2340024,0,0,40018,8492,0.0,0.0,0.0,0.0,1.65,0.0
1784379987.2851877,0,0,40018,8502,0.0,0.0,0.0,0.0,1.65,0.0
1784379987.3487103,0,0,40018,8512,0.0,0.0,0.0,0.0,1.65,0.0
1784379987.4140377,0,0,40018,8522,0.0,0.0,0.0,0.0,1.649,0.0
1784379987.4791708,0,0,40018,8532,0.0,0.0,0.0,0.0,1.649,0.0
1784379987.5468116,0,0,40018,8542,0.0,0.0,0.0,0.0,1.649,0.0
1784379987.6021576,0,0,40018,8552,0.0,0.0,0.0,0.0,1.648,0.0
1784379987.652659,0,0,40018,8562,0.0,0.0,0.0,0.0,1.648,0.0
1784379987.71962,0,0,40018,8572,0.0,0.0,0.0,0.0,1.648,0.0
1784379987.7758894,0,0,40018,8582,0.0,0.0,0.0,0.0,1.647,0.0
1784379987.825145,0,0,40018,8592,0.0,0.0,0.0,0.0,1.647,0.0
1784379987.8921125,0,0,40018,8602,0.0,0.0,0.0,0.0,1.647,0.0
1784379987.9541159,0,0,40018,8612,0.0,0.0,0.0,0.0,1.646,0.0
1784379988.0009618,0,0,40018,8622,0.0,0.0,0.0,0.0,1.646,0.0
1784379988.068026,0,0,40018,8632,0.0,0.0,0.0,0.0,1.646,0.0
1784379988.1254025,0,0,40018,8642,0.0,0.0,0.0,0.0,1.645,0.0
1784379988.181262,0,0,40018,8652,0.0,0.0,0.0,0.0,1.645,0.0
1784379988.243623,0,0,40018,8662,0.0,0.0,0.0,0.0,1.645,0.0
1784379988.3046944,0,0,40018,8672,0.0,0.0,0.0,0.0,1.644,0.0
1784379988.3681197,0,0,40018,8682,0.0,0.0,0.0,0.0,1.644,0.0
1784379988.4383948,0,0,40018,8692,0.0,0.0,0.0,0.0,1.644,0.0
1784379988.4885156,0,0,40018,8702,0.0,0.0,0.0,0.0,1.643,0.0
1784379988.5496233,0,0,40018,8712,0.0,0.0,0.0,0.0,1.643,0.0
1784379988.6088698,0,0,40018,8722,0.0,0.0,0.0,0.0,1.643,0.0
1784379988.6708014,0,0,40018,8732,0.0,0.0,0.0,0.0,1.642,0.0
1784379988.7312992,0,0,40018,8742,0.0,0.0,0.0,0.0,1.642,0.0
1784379988.7919383,0,0,40018,8752,0.0,0.0,0.0,0.0,1.642,0.0
1784379988.852756,0,0,40018,8762,0.0,0.0,0.0,0.0,1.641,0.0
1784379988.925146,0,0,40018,8772,0.0,0.0,0.0,0.0,1.641,0.0
1784379989.0138574,0,0,40018,8782,0.0,0.0,0.0,0.0,1.641,0.0
1784379989.071918,0,0,40018,8792,0.0,0.0,0.0,0.0,1.64,0.0
1784379989.1438184,0,0,40018,8802,0.0,0.0,0.0,0.0,1.64,0.0
1784379989.1978106,0,0,40018,8812,0.0,0.0,0.0,0.0,1.639,0.0
1784379989.2453337,0,0,40018,8822,0.0,0.0,0.0,0.0,1.639,0.0
1784379989.3023317,0,0,40018,8832,0.0,0.0,0.0,0.0,1.639,0.0
1784379989.3592408,0,0,40018,8842,0.0,0.0,0.0,0.0,1.638,0.0
1784379989.408936,0,0,40018,8852,0.0,0.0,0.0,0.0,1.638,0.0
1784379989.4750762,0,0,40018,8862,0.0,0.0,0.0,0.0,1.638,0.0
1784379989.5526843,0,0,40018,8872,0.0,0.0,0.0,0.0,1.637,0.0
1784379989.6132972,0,0,40018,8882,0.0,0.0,0.0,0.0,1.637,0.0
1784379989.6685703,0,0,40018,8892,0.0,0.0,0.0,0.0,1.637,0.0
1784379989.7166324,0,0,40018,8902,0.0,0.0,0.0,0.0,1.636,0.0
1784379989.7614715,0,0,40018,8912,0.0,0.0,0.0,0.0,1.636,0.0
1784379989.8102279,0,0,40018,8922,0.0,0.0,0.0,0.0,1.636,0.0
1784379989.8780081,0,0,40018,8932,0.0,0.0,0.0,0.0,1.635,0.0
1784379989.9416993,0,0,40018,8942,0.0,0.0,0.0,0.0,1.635,0.0
1784379989.9823837,0,0,40018,8952,0.0,0.0,0.0,0.0,1.635,0.0
1784379990.0511973,0,0,40018,8962,0.0,0.0,0.0,0.0,1.634,0.0
1784379990.104738,0,0,40018,8972,0.0,0.0,0.0,0.0,1.634,0.0
1784379990.1932704,0,0,40018,8982,0.0,0.0,0.0,0.0,1.634,0.0
1784379990.2634463,0,0,40018,8992,0.0,0.0,0.0,0.0,1.633,0.0
1784379990.3546069,0,0,40018,9002,0.0,0.0,0.0,0.0,1.633,0.0
1784379990.3870509,0,0,40018,9012,0.0,0.0,0.0,0.0,1.633,0.0
1784379990.4357176,0,0,40018,9022,0.0,0.0,0.0,0.0,1.632,0.0
1784379990.4888465,0,0,40018,9032,0.0,0.0,0.0,0.0,1.632,0.0
1784379990.5508718,0,0,40018,9042,0.0,0.0,0.0,0.0,1.632,0.0
1784379990.6122043,0,0,40018,9052,0.0,0.0,0.0,0.0,1.631,0.0
1784379990.6506736,0,0,40018,9062,0.0,0.0,0.0,0.0,1.631,0.0
1784379990.7125263,0,0,40018,9072,0.0,0.0,0.0,0.0,1.631,0.0
1784379990.7673883,0,0,40018,9082,0.0,0.0,0.0,0.0,1.63,0.0
1784379990.8200989,0,0,40018,9092,0.0,0.0,0.0,0.0,1.63,0.0
1784379990.8704054,0,0,40018,9102,0.0,0.0,0.0,0.0,1.63,0.0
1784379990.940575,0,0,40018,9112,0.0,0.0,0.0,0.0,1.629,0.0
1784379990.9792728,0,0,40018,9122,0.0,0.0,0.0,0.0,1.629,0.0
1784379991.0320961,0,0,40018,9132,0.0,0.0,0.0,0.0,1.629,0.0
1784379991.0683236,0,0,40018,9142,0.0,0.0,0.0,0.0,1.628,0.0
1784379991.115243,0,0,40018,9152,0.0,0.0,0.0,0.0,1.628,0.0
1784379991.1777065,0,0,40018,9162,0.0,0.0,0.0,0.0,1.628,0.0
1784379991.2533793,0,0,40018,9172,0.0,0.0,0.0,0.0,1.628,0.0
1784379991.329899,0,0,40018,9182,0.0,0.0,0.0,0.0,1.627,0.0
1784379991.4120462,0,0,40018,9192,0.0,0.0,0.0,0.0,1.627,0.0
1784379991.499241,0,0,40018,9202,0.0,0.0,0.0,0.0,1.627,0.0
1784379991.5869064,0,0,40018,9212,0.0,0.0,0.0,0.0,1.626,0.0
1784379991.6453855,0,0,40018,9222,0.0,0.0,0.0,0.0,1.626,0.0
1784379991.7085724,0,0,40018,9232,0.0,0.0,0.0,0.0,1.626,0.0
1784379991.7816179,0,0,40018,9242,0.0,0.0,0.0,0.0,1.625,0.0
1784379991.8307686,0,0,40018,9252,0.0,0.0,0.0,0.0,1.625,0.0
1784379991.8948636,0,0,40018,9262,0.0,0.0,0.0,0.0,1.625,0.0
1784379991.9594505,0,0,40018,9272,0.0,0.0,0.0,0.0,1.624,0.0
1784379992.0115573,0,0,40018,9282,0.0,0.0,0.0,0.0,1.624,0.0
1784379992.063562,0,0,40018,9292,0.0,0.0,0.0,0.0,1.624,0.0
1784379992.1473331,0,0,40018,9302,0.0,0.0,0.0,0.0,1.623,0.0
1784379992.2421134,0,0,40018,9312,0.0,0.0,0.0,0.0,1.623,0.0
1784379992.3476515,0,0,40018,9322,0.0,0.0,0.0,0.0,1.623,0.0
1784379992.4629998,0,0,40018,9332,0.0,0.0,0.0,0.0,1.622,0.0
1784379992.5572157,0,0,40018,9342,0.0,0.0,0.0,0.0,1.622,0.0
1784379992.683105,0,0,40018,9352,0.0,0.0,0.0,0.0,1.622,0.0
1784379992.7599525,0,0,40018,9362,0.0,0.0,0.0,0.0,1.621,0.0
1784379992.845285,0,0,40018,9372,0.0,0.0,0.0,0.0,1.621,0.0
1784379992.9122052,0,0,40018,9382,0.0,0.0,0.0,0.0,1.621,0.0
1784379993.06227,0,0,40018,9392,0.0,0.0,0.0,0.0,1.62,0.0
1784379993.1088264,0,0,40018,9402,0.0,0.0,0.0,0.0,1.62,0.0
1784379993.1805413,0,0,40018,9412,0.0,0.0,0.0,0.0,1.62,0.0
1784379993.2527146,0,0,40018,9422,0.0,0.0,0.0,0.0,1.619,0.0
1784379993.32899,0,0,40018,9432,0.0,0.0,0.0,0.0,1.619,0.0
1784379993.370266,0,0,40018,9442,0.0,0.0,0.0,0.0,1.619,0.0
1784379993.4502397,0,0,40018,9452,0.0,0.0,0.0,0.0,1.618,0.0
1784379993.5027874,0,0,40018,9462,0.0,0.0,0.0,0.0,1.618,0.0
1784379993.608774,0,0,40018,9472,0.0,0.0,0.0,0.0,1.618,0.0
1784379993.6580064,0,0,40018,9482,0.0,0.0,0.0,0.0,1.617,0.0
1784379993.7283137,0,0,40018,9492,0.0,0.0,0.0,0.0,1.617,0.0
1784379993.7935727,0,0,40018,9502,0.0,0.0,0.0,0.0,1.617,0.0
1784379993.8509974,0,0,40018,9512,0.0,0.0,0.0,0.0,1.616,0.0
1784379993.9364717,0,0,40018,9522,0.0,0.0,0.0,0.0,1.616,0.0
1784379993.997876,0,0,40018,9532,0.0,0.0,0.0,0.0,1.616,0.0
1784379994.0405345,0,0,40018,9542,0.0,0.0,0.0,0.0,1.615,0.0
1784379994.0805116,0,0,40018,9552,0.0,0.0,0.0,0.0,1.615,0.0
1784379994.129784,0,0,40018,9562,0.0,0.0,0.0,0.0,1.615,0.0
1784379994.1932125,0,0,40018,9572,0.0,0.0,0.0,0.0,1.614,0.0
1784379994.2447793,0,0,40018,9582,0.0,0.0,0.0,0.0,1.614,0.0
1784379994.3100529,0,0,40018,9592,0.0,0.0,0.0,0.0,1.614,0.0
1784379994.367881,0,0,40018,9602,0.0,0.0,0.0,0.0,1.613,0.0
1784379994.427262,0,0,40018,9612,0.0,0.0,0.0,0.0,1.613,0.0
1784379994.489427,0,0,40018,9622,0.0,0.0,0.0,0.0,1.613,0.0
1784379994.527891,0,0,40018,9632,0.0,0.0,0.0,0.0,1.612,0.0
1784379994.6235974,0,0,40018,9642,0.0,0.0,0.0,0.0,1.612,0.0
1784379994.6940072,0,0,40018,9652,0.0,0.0,0.0,0.0,1.612,0.0
1784379994.7400148,0,0,40018,9662,0.0,0.0,0.0,0.0,1.611,0.0
1784379994.8072245,0,0,40018,9672,0.0,0.0,0.0,0.0,1.611,0.0
1784379994.8772683,0,0,40018,9682,0.0,0.0,0.0,0.0,1.611,0.0
1784379994.933325,0,0,40018,9692,0.0,0.0,0.0,0.0,1.61,0.0
1784379994.9928145,0,0,40018,9702,0.0,0.0,0.0,0.0,1.61,0.0
1784379995.04547,0,0,40018,9712,0.0,0.0,0.0,0.0,1.61,0.0
1784379995.0915573,0,0,40018,9722,0.0,0.0,0.0,0.0,1.61,0.0
1784379995.1416407,0,0,40018,9732,0.0,0.0,0.0,0.0,1.609,0.0
1784379995.2149584,0,0,40018,9742,0.0,0.0,0.0,0.0,1.609,0.0
1784379995.2617497,0,0,40018,9752,0.0,0.0,0.0,0.0,1.609,0.0
1784379995.3216178,0,0,40018,9762,0.0,0.0,0.0,0.0,1.608,0.0
1784379995.3770306,0,0,40018,9772,0.0,0.0,0.0,0.0,1.608,0.0
1784379995.4240737,0,0,40018,9782,0.0,0.0,0.0,0.0,1.608,0.0
1784379995.4886155,0,0,40018,9792,0.0,0.0,0.0,0.0,1.607,0.0
1784379995.5483294,0,0,40018,9802,0.0,0.0,0.0,0.0,1.607,0.0
1784379995.6104286,0,0,40018,9812,0.0,0.0,0.0,0.0,1.607,0.0
1784379995.680922,0,0,40018,9822,0.0,0.0,0.0,0.0,1.606,0.0
1784379995.7249591,0,0,40018,9832,0.0,0.0,0.0,0.0,1.606,0.0
1784379995.798094,0,0,40018,9842,0.0,0.0,0.0,0.0,1.606,0.0
1784379995.9263623,0,0,40018,9852,0.0,0.0,0.0,0.0,1.605,0.0
1784379995.9700522,0,0,40018,9862,0.0,0.0,0.0,0.0,1.605,0.0
1784379996.0221822,0,0,40018,9872,0.0,0.0,0.0,0.0,1.605,0.0
1784379996.096905,0,0,40018,9882,0.0,0.0,0.0,0.0,1.604,0.0
1784379996.1711435,0,0,40018,9892,0.0,0.0,0.0,0.0,1.604,0.0
1784379996.2393758,0,0,40018,9902,0.0,0.0,0.0,0.0,1.604,0.0
1784379996.2910924,0,0,40018,9912,0.0,0.0,0.0,0.0,1.603,0.0
1784379996.343532,0,0,40018,9922,0.0,0.0,0.0,0.0,1.603,0.0
1784379996.4112246,0,0,40018,9932,0.0,0.0,0.0,0.0,1.603,0.0
1784379996.481201,0,0,40018,9942,0.0,0.0,0.0,0.0,1.602,0.0
1784379996.5467346,0,0,40018,9952,0.0,0.0,0.0,0.0,1.602,0.0
1784379996.5859807,0,0,40018,9962,0.0,0.0,0.0,0.0,1.602,0.0
1784379996.6306875,0,0,40018,9972,0.0,0.0,0.0,0.0,1.601,0.0
1784379996.6739652,0,0,40018,9982,0.0,0.0,0.0,0.0,1.601,0.0
1784379996.717873,0,0,40018,9992,0.0,0.0,0.0,0.0,1.601,0.0
1784379996.754056,0,0,40018,10002,0.0,0.0,0.0,0.0,1.601,0.0
1784379996.813913,0,0,40018,10012,0.0,0.0,0.0,0.0,1.6,0.0
1784379996.888674,0,0,40018,10022,0.0,0.0,0.0,0.0,1.6,0.0
1784379996.9457214,0,0,40018,10032,0.0,0.0,0.0,0.0,1.6,0.0
1784379996.9939878,0,0,40018,10042,0.0,0.0,0.0,0.0,1.599,0.0
1784379997.0618274,0,0,40018,10052,0.0,0.0,0.0,0.0,1.599,0.0
1784379997.1128092,0,0,40018,10062,0.0,0.0,0.0,0.0,1.599,0.0
1784379997.179855,0,0,40018,10072,0.0,0.0,0.0,0.0,1.598,0.0
1784379997.2414234,0,0,40018,10082,0.0,0.0,0.0,0.0,1.598,0.0
1784379997.3111012,0,0,40018,10092,0.0,0.0,0.0,0.0,1.598,0.0
1784379997.3722563,0,0,40018,10102,0.0,0.0,0.0,0.0,1.597,0.0
1784379997.4145043,0,0,40018,10112,0.0,0.0,0.0,0.0,1.597,0.0
1784379997.4547038,0,0,40018,10122,0.0,0.0,0.0,0.0,1.597,0.0
1784379997.5113707,0,0,40018,10132,0.0,0.0,0.0,0.0,1.596,0.0
1784379997.560133,0,0,40018,10142,0.0,0.0,0.0,0.0,1.596,0.0
1784379997.7805755,0,9,40018,10143,0.0,0.0,0.0,0.001,1.596,0.0
1784379997.8480225,0,14,40018,10148,0.0,0.0,0.0,0.001,1.595,0.0
1784379997.9188755,0,17,40018,10155,0.0,0.0,0.0,0.002,1.595,0.0
1784379998.044996,0,27,40018,10155,0.0,0.0,0.0,0.003,1.595,0.0
1784379998.1650176,0,37,40018,10155,0.0,0.0,0.0,0.004,1.594,0.0
1784379998.2667713,0,47,40018,10155,0.0,0.0,0.0,0.005,1.594,0.0
1784379998.3682077,0,57,40018,10155,0.0,0.0,0.0,0.006,1.594,0.0
1784379998.46285,0,67,40018,10155,0.0,0.0,0.0,0.007,1.594,0.0
1784379998.5511787,0,77,40018,10155,0.0,0.0,0.0,0.008,1.593,0.0
1784379998.6714888,0,87,40018,10155,0.0,0.0,0.0,0.008,1.593,0.0
1784379998.8945024,0,97,40018,10155,0.0,0.0,0.0,0.009,1.593,0.0
1784379999.0076141,0,107,40018,10155,0.0,0.0,0.0,0.01,1.592,0.0
1784379999.2439764,0,117,40018,10155,0.0,0.0,0.0,0.011,1.592,0.0
1784379999.3510199,0,127,40018,10155,0.0,0.0,0.0,0.012,1.592,0.0
1784379999.4456077,0,137,40018,10155,0.0,0.0,0.0,0.013,1.591,0.0
1784379999.5311768,0,147,40018,10155,0.0,0.0,0.0,0.014,1.591,0.0
1784379999.6546235,0,157,40018,10155,0.0,0.0,0.0,0.015,1.591,0.0
1784379999.738463,0,167,40018,10155,0.0,0.0,0.0,0.016,1.59,0.0
1784379999.83377,0,177,40018,10155,0.0,0.0,0.0,0.017,1.59,0.0
1784379999.9510357,0,187,40018,10155,0.0,0.0,0.0,0.018,1.59,0.0
1784380000.0485947,0,197,40018,10155,0.0,0.0,0.0,0.019,1.589,0.0
1784380000.1582477,0,207,40018,10155,0.0,0.0,0.0,0.02,1.589,0.0
1784380000.2782004,0,217,40018,10155,0.0,0.0,0.0,0.021,1.589,0.0
1784380000.3977554,0,227,40018,10155,0.0,0.0,0.0,0.022,1.588,0.0
1784380000.5181572,0,237,40018,10155,0.0,0.0,0.0,0.023,1.588,0.0
1784380000.6142623,0,247,40018,10155,0.0,0.0,0.0,0.024,1.588,0.0
1784380000.748309,0,257,40018,10155,0.0,0.0,0.0,0.025,1.588,0.0
1784380000.8508568,0,267,40018,10155,0.0,0.0,0.0,0.026,1.587,0.0
1784380000.97076,0,277,40018,10155,0.0,0.0,0.0,0.027,1.587,0.0
1784380001.0529828,0,287,40018,10155,0.0,0.0,0.0,0.027,1.587,0.0
1784380001.1456842,0,297,40018,10155,0.0,0.0,0.0,0.028,1.586,0.0
1784380001.2536316,0,307,40018,10155,0.0,0.0,0.0,0.029,1.586,0.0
1784380001.4021997,0,317,40018,10155,0.0,0.0,0.0,0.03,1.586,0.0
1784380001.513703,0,327,40018,10155,0.0,0.0,0.0,0.031,1.585,0.0
1784380001.6282284,0,337,40018,10155,0.0,0.0,0.0,0.032,1.585,0.0
1784380001.7298074,0,347,40018,10155,0.0,0.0,0.0,0.033,1.585,0.0
1784380001.8261597,0,357,40018,10155,0.0,0.0,0.0,0.034,1.584,0.0
1784380001.9322205,0,367,40018,10155,0.0,0.0,0.0,0.035,1.584,0.0
1784380002.0334136,0,377,40018,10155,0.0,0.0,0.0,0.036,1.584,0.0
1784380002.1224108,0,387,40018,10155,0.0,0.0,0.0,0.037,1.583,0.0
1784380002.2173684,0,397,40018,10155,0.0,0.0,0.0,0.038,1.583,0.0
1784380002.3184743,0,407,40018,10155,0.0,0.0,0.0,0.039,1.583,0.0
1784380002.4232213,0,417,40018,10155,0.0,0.0,0.0,0.039,1.583,0.0
1784380002.5239844,0,427,40018,10155,0.0,0.0,0.0,0.04,1.582,0.0
1784380002.607976,0,437,40018,10155,0.0,0.0,0.0,0.041,1.582,0.0
1784380002.7131734,0,447,40018,10155,0.0,0.0,0.0,0.042,1.582,0.0
1784380002.8034565,0,457,40018,10155,0.0,0.0,0.0,0.043,1.581,0.0
1784380002.9152005,0,467,40018,10155,0.0,0.0,0.0,0.044,1.581,0.0
1784380003.036022,0,477,40018,10155,0.0,0.0,0.0,0.045,1.581,0.0
1784380003.1503143,0,487,40018,10155,0.0,0.0,0.0,0.046,1.58,0.0
1784380003.327873,0,497,40018,10155,0.0,0.0,0.0,0.047,1.58,0.0
1784380003.4407325,0,507,40018,10155,0.0,0.0,0.0,0.048,1.58,0.0
1784380003.5918465,0,517,40018,10155,0.0,0.0,0.0,0.048,1.579,0.0
1784380003.7170348,0,527,40018,10155,0.0,0.0,0.0,0.049,1.579,0.0
1784380003.799419,0,537,40018,10155,0.0,0.0,0.0,0.05,1.579,0.0
1784380003.8976579,0,547,40018,10155,0.0,0.0,0.0,0.051,1.578,0.0
1784380004.025139,0,557,40018,10155,0.0,0.0,0.0,0.052,1.578,0.0
1784380004.1029282,0,567,40018,10155,0.0,0.0,0.0,0.053,1.578,0.0
1784380004.2086055,0,577,40018,10155,0.0,0.0,0.0,0.054,1.578,0.0
1784380004.2985134,0,587,40018,10155,0.0,0.0,0.0,0.055,1.577,0.0
1784380004.408562,0,597,40018,10155,0.0,0.0,0.0,0.056,1.577,0.0
1784380004.5173533,0,607,40018,10155,0.0,0.0,0.0,0.056,1.577,0.0
1784380004.6371245,0,617,40018,10155,0.0,0.0,0.0,0.057,1.576,0.0
1784380004.7590137,0,627,40018,10155,0.0,0.0,0.0,0.058,1.576,0.0
1784380004.8612094,0,637,40018,10155,0.0,0.0,0.0,0.059,1.576,0.0
1784380004.955413,0,647,40018,10155,0.0,0.0,0.0,0.06,1.575,0.0
1784380005.052446,0,657,40018,10155,0.0,0.0,0.0,0.061,1.575,0.0
1784380005.15786,0,667,40018,10155,0.0,0.0,0.0,0.062,1.575,0.0
1784380005.2800493,0,677,40018,10155,0.0,0.0,0.0,0.062,1.574,0.0
1784380005.3707469,0,687,40018,10155,0.0,0.0,0.0,0.063,1.574,0.0
1784380005.5063558,0,697,40018,10155,0.0,0.0,0.0,0.064,1.574,0.0
1784380005.6394393,0,707,40018,10155,0.0,0.0,0.0,0.065,1.573,0.0
1784380005.7958472,0,717,40018,10155,0.0,0.0,0.0,0.066,1.573,0.0
1784380005.8811953,0,727,40018,10155,0.0,0.0,0.0,0.067,1.573,0.0
1784380005.9854102,0,737,40018,10155,0.0,0.0,0.0,0.068,1.573,0.0
1784380006.08541,0,747,40018,10155,0.0,0.0,0.0,0.069,1.572,0.0
1784380006.172895,0,757,40018,10155,0.0,0.0,0.0,0.069,1.572,0.0
1784380006.2923863,0,767,40018,10155,0.0,0.0,0.0,0.07,1.572,0.0
1784380006.4023964,0,777,40018,10155,0.0,0.0,0.0,0.071,1.571,0.0
1784380006.5610933,0,787,40018,10155,0.0,0.0,0.0,0.072,1.571,0.0
1784380006.7138963,0,797,40018,10155,0.0,0.0,0.0,0.073,1.571,0.0
1784380006.8079698,0,807,40018,10155,0.0,0.0,0.0,0.074,1.57,0.0
1784380006.9055114,0,817,40018,10155,0.0,0.0,0.0,0.074,1.57,0.0
1784380007.016761,0,827,40018,10155,0.0,0.0,0.0,0.075,1.57,0.0
1784380007.0885909,0,837,40018,10155,0.0,0.0,0.0,0.076,1.569,0.0
1784380007.167555,0,847,40018,10155,0.0,0.0,0.0,0.077,1.569,0.0
1784380007.2689238,0,857,40018,10155,0.0,0.0,0.0,0.078,1.569,0.0
1784380007.3672373,0,867,40018,10155,0.0,0.0,0.0,0.079,1.569,0.0
1784380007.4648526,0,877,40018,10155,0.0,0.0,0.0,0.079,1.568,0.0
1784380007.5748205,0,887,40018,10155,0.0,0.0,0.0,0.08,1.568,0.0
1784380007.7368364,0,897,40018,10155,0.0,0.0,0.0,0.081,1.568,0.0
1784380007.8103862,0,907,40018,10155,0.0,0.0,0.0,0.082,1.567,0.0
1784380007.936187,0,917,40018,10155,0.0,0.0,0.0,0.083,1.567,0.0
1784380008.029575,0,927,40018,10155,0.0,0.0,0.0,0.084,1.567,0.0
1784380008.1099045,0,937,40018,10155,0.0,0.0,0.0,0.084,1.566,0.0
1784380008.2253218,0,947,40018,10155,0.0,0.0,0.0,0.085,1.566,0.0
1784380008.3424554,0,957,40018,10155,0.0,0.0,0.0,0.086,1.566,0.0
1784380008.4497905,0,967,40018,10155,0.0,0.0,0.0,0.087,1.566,0.0
1784380008.5824084,0,977,40018,10155,0.0,0.0,0.0,0.088,1.565,0.0
1784380008.7236216,0,987,40018,10155,0.0,0.0,0.0,0.089,1.565,0.0
1784380008.8254774,0,997,40018,10155,0.0,0.0,0.0,0.089,1.565,0.0
1784380008.9394197,0,1007,40018,10155,0.0,0.0,0.0,0.09,1.564,0.0
1784380009.0490687,0,1017,40018,10155,0.0,0.0,0.0,0.091,1.564,0.0
1784380009.1630588,0,1027,40018,10155,0.0,0.0,0.0,0.092,1.564,0.0
1784380009.2567308,0,1037,40018,10155,0.0,0.0,0.0,0.093,1.563,0.0
1784380009.358786,0,1047,40018,10155,0.0,0.0,0.0,0.093,1.563,0.0
1784380009.4780173,0,1057,40018,10155,0.0,0.0,0.0,0.094,1.563,0.0
1784380009.5803587,0,1067,40018,10155,0.0,0.0,0.0,0.095,1.562,0.0
1784380009.765419,0,1077,40018,10155,0.0,0.0,0.0,0.096,1.562,0.0
1784380009.8737166,0,1087,40018,10155,0.0,0.0,0.0,0.097,1.562,0.0
1784380009.9699788,0,1097,40018,10155,0.0,0.0,0.0,0.097,1.562,0.0
1784380010.063923,0,1107,40018,10155,0.0,0.0,0.0,0.098,1.561,0.0
1784380010.1997206,0,1117,40018,10155,0.0,0.0,0.0,0.099,1.561,0.0
1784380010.2967796,0,1127,40018,10155,0.0,0.0,0.0,0.1,1.561,0.0
1784380010.4087613,0,1137,40018,10155,0.0,0.0,0.0,0.101,1.56,0.0
1784380010.5281575,0,1147,40018,10155,0.0,0.0,0.0,0.101,1.56,0.0
1784380010.6501293,0,1157,40018,10155,0.0,0.0,0.0,0.102,1.56,0.0
1784380010.7926357,0,1167,40018,10155,0.0,0.0,0.0,0.103,1.559,0.0
1784380010.8952017,0,1177,40018,10155,0.0,0.0,0.0,0.104,1.559,0.0
1784380010.9935417,0,1187,40018,10155,0.0,0.0,0.0,0.105,1.559,0.0
1784380011.0880482,0,1197,40018,10155,0.0,0.0,0.0,0.105,1.559,0.0
1784380011.1770592,0,1207,40018,10155,0.0,0.0,0.0,0.106,1.558,0.0
1784380011.2942872,0,1217,40018,10155,0.0,0.0,0.0,0.107,1.558,0.0
1784380011.3909867,0,1227,40018,10155,0.0,0.0,0.0,0.108,1.558,0.0
1784380011.5069609,0,1237,40018,10155,0.0,0.0,0.0,0.109,1.557,0.0
1784380011.6500897,0,1247,40018,10155,0.0,0.0,0.0,0.109,1.557,0.0
1784380011.7940083,0,1257,40018,10155,0.0,0.0,0.0,0.11,1.557,0.0
1784380011.8966162,0,1267,40018,10155,0.0,0.0,0.0,0.111,1.556,0.0
1784380011.9946296,0,1277,40018,10155,0.0,0.0,0.0,0.112,1.556,0.0
1784380012.0831566,0,1287,40018,10155,0.0,0.0,0.0,0.112,1.556,0.0
1784380012.175688,0,1297,40018,10155,0.0,0.0,0.0,0.113,1.555,0.0
1784380012.298074,0,1307,40018,10155,0.0,0.0,0.0,0.114,1.555,0.0
1784380012.4936724,0,1317,40018,10155,0.0,0.0,0.0,0.115,1.555,0.0
1784380012.5936298,0,1327,40018,10155,0.0,0.0,0.0,0.116,1.555,0.0
1784380012.7564256,0,1337,40018,10155,0.0,0.0,0.0,0.116,1.554,0.0
1784380012.847562,0,1347,40018,10155,0.0,0.0,0.0,0.117,1.554,0.0
1784380012.9323602,0,1357,40018,10155,0.0,0.0,0.0,0.118,1.554,0.0
1784380013.0535815,0,1367,40018,10155,0.0,0.0,0.0,0.119,1.553,0.0
1784380013.1596973,0,1377,40018,10155,0.0,0.0,0.0,0.119,1.553,0.0
1784380013.2621095,0,1387,40018,10155,0.0,0.0,0.0,0.12,1.553,0.0
1784380013.3841815,0,1397,40018,10155,0.0,0.0,0.0,0.121,1.552,0.0
1784380013.485475,0,1407,40018,10155,0.0,0.0,0.0,0.122,1.552,0.0
1784380013.5955787,0,1417,40018,10155,0.0,0.0,0.0,0.122,1.552,0.0
1784380013.7835438,0,1427,40018,10155,0.0,0.0,0.0,0.123,1.552,0.0
1784380013.9404626,0,1437,40018,10155,0.0,0.0,0.0,0.124,1.551,0.0
1784380014.039211,0,1447,40018,10155,0.0,0.0,0.0,0.125,1.551,0.0
1784380014.165577,0,1457,40018,10155,0.0,0.0,0.0,0.125,1.551,0.0
1784380014.2744963,0,1467,40018,10155,0.0,0.0,0.0,0.126,1.55,0.0
1784380014.380425,0,1477,40018,10155,0.0,0.0,0.0,0.127,1.55,0.0
1784380014.4916997,0,1487,40018,10155,0.0,0.0,0.0,0.128,1.55,0.0
1784380014.5957448,0,1497,40018,10155,0.0,0.0,0.0,0.128,1.549,0.0
1784380014.7420268,0,1507,40018,10155,0.0,0.0,0.0,0.129,1.549,0.0
1784380014.865481,0,1517,40018,10155,0.0,0.0,0.0,0.13,1.549,0.0
1784380014.9999707,0,1527,40018,10155,0.0,0.0,0.0,0.131,1.549,0.0
1784380015.0981314,0,1537,40018,10155,0.0,0.0,0.0,0.131,1.548,0.0
1784380015.1992018,0,1547,40018,10155,0.0,0.0,0.0,0.132,1.548,0.0
1784380015.3127947,0,1557,40018,10155,0.0,0.0,0.0,0.133,1.548,0.0
1784380015.4218447,0,1567,40018,10155,0.0,0.0,0.0,0.134,1.547,0.0
1784380015.537493,0,1577,40018,10155,0.0,0.0,0.0,0.134,1.547,0.0
1784380015.6620405,0,1587,40018,10155,0.0,0.0,0.0,0.135,1.547,0.0
1784380015.7758567,0,1597,40018,10155,0.0,0.0,0.0,0.136,1.546,0.0
1784380015.8680837,0,1607,40018,10155,0.0,0.0,0.0,0.137,1.546,0.0
1784380015.9818704,0,1617,40018,10155,0.0,0.0,0.0,0.137,1.546,0.0
1784380016.0829835,0,1627,40018,10155,0.0,0.0,0.0,0.138,1.546,0.0
1784380016.1912212,0,1637,40018,10155,0.0,0.0,0.0,0.139,1.545,0.0
1784380016.294897,0,1647,40018,10155,0.0,0.0,0.0,0.14,1.545,0.0
1784380016.401781,0,1657,40018,10155,0.0,0.0,0.0,0.14,1.545,0.0
1784380016.5127437,0,1667,40018,10155,0.0,0.0,0.0,0.141,1.544,0.0
1784380016.6274924,0,1677,40018,10155,0.0,0.0,0.0,0.142,1.544,0.0
1784380016.7200146,0,1687,40018,10155,0.0,0.0,0.0,0.142,1.544,0.0
1784380016.810998,0,1697,40018,10155,0.0,0.0,0.0,0.143,1.543,0.0
1784380016.8954337,0,1707,40018,10155,0.0,0.0,0.0,0.144,1.543,0.0
1784380017.0142155,0,1717,40018,10155,0.0,0.0,0.0,0.145,1.543,0.0
1784380017.14264,0,1727,40018,10155,0.0,0.0,0.0,0.145,1.543,0.0
1784380017.2463953,0,1737,40018,10155,0.0,0.0,0.0,0.146,1.542,0.0
1784380017.3627596,0,1747,40018,10155,0.0,0.0,0.0,0.147,1.542,0.0
1784380017.4798827,0,1757,40018,10155,0.0,0.0,0.0,0.147,1.542,0.0
1784380017.5531795,0,1762,40018,10160,0.0,0.0,0.0,0.148,1.541,0.0
1784380017.6615708,0,1772,40018,10160,0.0,0.0,0.0,0.149,1.541,0.0
1784380017.7990918,0,1782,40018,10160,0.0,0.0,0.0,0.149,1.541,0.0
1784380017.928828,0,1792,40018,10160,0.0,0.0,0.0,0.15,1.541,0.0
1784380018.0300376,0,1802,40018,10160,0.0,0.0,0.0,0.151,1.54,0.0
1784380018.1363895,0,1812,40018,10160,0.0,0.0,0.0,0.151,1.54,0.0
1784380018.2283397,0,1822,40018,10160,0.0,0.0,0.0,0.152,1.54,0.0
1784380018.34455,0,1832,40018,10160,0.0,0.0,0.0,0.153,1.539,0.0
1784380018.4570358,0,1842,40018,10160,0.0,0.0,0.0,0.153,1.539,0.0
1784380018.5737634,0,1852,40018,10160,0.0,0.0,0.0,0.154,1.539,0.0
1784380018.6990263,0,1862,40018,10160,0.0,0.0,0.0,0.155,1.538,0.0
1784380018.820235,0,1872,40018,10160,0.0,0.0,0.0,0.156,1.538,0.0
1784380018.905784,0,1882,40018,10160,0.0,0.0,0.0,0.156,1.538,0.0
1784380019.0100012,0,1892,40018,10160,0.0,0.0,0.0,0.157,1.538,0.0
1784380019.133274,0,1902,40018,10160,0.0,0.0,0.0,0.158,1.537,0.0
1784380019.2605371,0,1912,40018,10160,0.0,0.0,0.0,0.158,1.537,0.0
1784380019.3618279,0,1922,40018,10160,0.0,0.0,0.0,0.159,1.537,0.0
1784380019.4563663,0,1932,40018,10160,0.0,0.0,0.0,0.16,1.536,0.0
1784380019.5483105,0,1942,40018,10160,0.0,0.0,0.0,0.16,1.536,0.0
1784380019.6696465,0,1952,40018,10160,0.0,0.0,0.0,0.161,1.536,0.0
1784380019.7740462,0,1962,40018,10160,0.0,0.0,0.0,0.162,1.536,0.0
1784380019.8900583,0,1972,40018,10160,0.0,0.0,0.0,0.163,1.535,0.0
1784380020.0000193,0,1982,40018,10160,0.0,0.0,0.0,0.163,1.535,0.0
1784380020.1053886,0,1992,40018,10160,0.0,0.0,0.0,0.164,1.535,0.0
1784380020.2166874,0,2002,40018,10160,0.0,0.0,0.0,0.165,1.534,0.0
1784380020.3383648,0,2012,40018,10160,0.0,0.0,0.0,0.165,1.534,0.0
1784380020.4418955,0,2022,40018,10160,0.0,0.0,0.0,0.166,1.534,0.0
1784380020.551647,0,2032,40018,10160,0.0,0.0,0.0,0.167,1.533,0.0
1784380020.6488304,0,2042,40018,10160,0.0,0.0,0.0,0.167,1.533,0.0
1784380020.7528574,0,2052,40018,10160,0.0,0.0,0.0,0.168,1.533,0.0
1784380020.852336,0,2062,40018,10160,0.0,0.0,0.0,0.169,1.533,0.0
1784380020.9500897,0,2071,40018,10161,0.0,0.0,0.0,0.169,1.532,0.0
1784380021.0450501,0,2078,40018,10164,0.0,0.0,0.0,0.17,1.532,0.0
1784380021.1629555,0,2088,40018,10164,0.0,0.0,0.0,0.17,1.532,0.0
1784380021.2487185,0,2098,40018,10164,0.0,0.0,0.0,0.171,1.531,0.0
1784380021.3781517,0,2108,40018,10164,0.0,0.0,0.0,0.172,1.531,0.0
1784380021.5119395,0,2118,40018,10164,0.0,0.0,0.0,0.172,1.531,0.0
1784380021.6282864,0,2128,40018,10164,0.0,0.0,0.0,0.173,1.531,0.0
1784380021.7496314,0,2138,40018,10164,0.0,0.0,0.0,0.174,1.53,0.0
1784380021.8710473,0,2148,40018,10164,0.0,0.0,0.0,0.174,1.53,0.0
1784380022.018872,0,2158,40018,10164,0.0,0.0,0.0,0.175,1.53,0.0
1784380022.1392524,0,2168,40018,10164,0.0,0.0,0.0,0.176,1.529,0.0
1784380022.245872,0,2178,40018,10164,0.0,0.0,0.0,0.176,1.529,0.0
1784380022.352799,0,2188,40018,10164,0.0,0.0,0.0,0.177,1.529,0.0
1784380022.4453795,0,2198,40018,10164,0.0,0.0,0.0,0.178,1.528,0.0
1784380022.547095,0,2208,40018,10164,0.0,0.0,0.0,0.178,1.528,0.0
1784380022.658297,0,2218,40018,10164,0.0,0.0,0.0,0.179,1.528,0.0
1784380022.7660592,0,2228,40018,10164,0.0,0.0,0.0,0.18,1.528,0.0
1784380022.8605616,0,2238,40018,10164,0.0,0.0,0.0,0.18,1.527,0.0
1784380022.9568715,0,2248,40018,10164,0.0,0.0,0.0,0.181,1.527,0.0
1784380023.1134787,0,2258,40018,10164,0.0,0.0,0.0,0.182,1.527,0.0
1784380023.229489,0,2268,40018,10164,0.0,0.0,0.0,0.182,1.526,0.0
1784380023.3475776,0,2278,40018,10164,0.0,0.0,0.0,0.183,1.526,0.0
1784380023.4498537,0,2288,40018,10164,0.0,0.0,0.0,0.184,1.526,0.0
1784380023.6030114,0,2298,40018,10164,0.0,0.0,0.0,0.184,1.526,0.0
1784380023.7256036,0,2308,40018,10164,0.0,0.0,0.0,0.185,1.525,0.0
1784380023.848071,0,2318,40018,10164,0.0,0.0,0.0,0.186,1.525,0.0
1784380023.9530416,0,2328,40018,10164,0.0,0.0,0.0,0.186,1.525,0.0
1784380024.059055,0,2338,40018,10164,0.0,0.0,0.0,0.187,1.524,0.0
1784380024.1640399,0,2348,40018,10164,0.0,0.0,0.0,0.188,1.524,0.0
1784380024.2770896,0,2358,40018,10164,0.0,0.0,0.0,0.188,1.524,0.0
1784380024.405734,0,2368,40018,10164,0.0,0.0,0.0,0.189,1.524,0.0
1784380024.509839,0,2378,40018,10164,0.0,0.0,0.0,0.19,1.523,0.0
1784380024.629856,0,2388,40018,10164,0.0,0.0,0.0,0.19,1.523,0.0
1784380024.75705,0,2398,40018,10164,0.0,0.0,0.0,0.191,1.523,0.0
1784380024.877575,0,2408,40018,10164,0.0,0.0,0.0,0.192,1.522,0.0
1784380024.9714286,0,2418,40018,10164,0.0,0.0,0.0,0.192,1.522,0.0
1784380025.064726,0,2428,40018,10164,0.0,0.0,0.0,0.193,1.522,0.0
1784380025.1613295,0,2438,40018,10164,0.0,0.0,0.0,0.193,1.522,0.0
1784380025.2668347,0,2448,40018,10164,0.0,0.0,0.0,0.194,1.521,0.0
1784380025.364705,0,2458,40018,10164,0.0,0.0,0.0,0.195,1.521,0.0
1784380025.476165,0,2468,40018,10164,0.0,0.0,0.0,0.195,1.521,0.0
1784380025.5721807,0,2478,40018,10164,0.0,0.0,0.0,0.196,1.52,0.0
1784380025.6656356,0,2488,40018,10164,0.0,0.0,0.0,0.197,1.52,0.0
1784380025.7631762,0,2498,40018,10164,0.0,0.0,0.0,0.197,1.52,0.0
1784380025.8569376,0,2508,40018,10164,0.0,0.0,0.0,0.198,1.52,0.0
1784380025.9620225,0,2518,40018,10164,0.0,0.0,0.0,0.199,1.519,0.0
1784380026.0698628,0,2528,40018,10164,0.0,0.0,0.0,0.199,1.519,0.0
1784380026.1639574,0,2538,40018,10164,0.0,0.0,0.0,0.2,1.519,0.0
1784380026.2794688,0,2548,40018,10164,0.0,0.0,0.0,0.2,1.518,0.0
1784380026.375383,0,2558,40018,10164,0.0,0.0,0.0,0.201,1.518,0.0
1784380026.4852712,0,2568,40018,10164,0.0,0.0,0.0,0.202,1.518,0.0
1784380026.5791636,0,2578,40018,10164,0.0,0.0,0.0,0.202,1.517,0.0
1784380026.72727,0,2588,40018,10164,0.0,0.0,0.0,0.203,1.517,0.0
1784380026.8051662,0,2598,40018,10164,0.0,0.0,0.0,0.204,1.517,0.0
1784380026.884253,0,2608,40018,10164,0.0,0.0,0.0,0.204,1.517,0.0
1784380026.9722466,0,2618,40018,10164,0.0,0.0,0.0,0.205,1.516,0.0
1784380027.0789583,0,2628,40018,10164,0.0,0.0,0.0,0.205,1.516,0.0
1784380027.1690757,0,2638,40018,10164,0.0,0.0,0.0,0.206,1.516,0.0
1784380027.267374,0,2648,40018,10164,0.0,0.0,0.0,0.207,1.515,0.0
1784380027.364877,0,2658,40018,10164,0.0,0.0,0.0,0.207,1.515,0.0
1784380027.4591599,0,2668,40018,10164,0.0,0.0,0.0,0.208,1.515,0.0
1784380027.5499172,0,2678,40018,10164,0.0,0.0,0.0,0.209,1.515,0.0
1784380027.6555583,0,2688,40018,10164,0.0,0.0,0.0,0.209,1.514,0.0
1784380027.7583444,0,2698,40018,10164,0.0,0.0,0.0,0.21,1.514,0.0
1784380027.8523748,0,2708,40018,10164,0.0,0.0,0.0,0.21,1.514,0.0
1784380027.9389772,0,2718,40018,10164,0.0,0.0,0.0,0.211,1.513,0.0
1784380028.0388517,0,2728,40018,10164,0.0,0.0,0.0,0.212,1.513,0.0
1784380028.1354976,0,2738,40018,10164,0.0,0.0,0.0,0.212,1.513,0.0
1784380028.2403204,0,2748,40018,10164,0.0,0.0,0.0,0.213,1.513,0.0
1784380028.328791,0,2758,40018,10164,0.0,0.0,0.0,0.213,1.512,0.0
1784380028.4277313,0,2768,40018,10164,0.0,0.0,0.0,0.214,1.512,0.0
1784380028.5285192,0,2778,40018,10164,0.0,0.0,0.0,0.215,1.512,0.0
1784380028.6253881,0,2788,40018,10164,0.0,0.0,0.0,0.215,1.511,0.0
1784380028.7180247,0,2798,40018,10164,0.0,0.0,0.0,0.216,1.511,0.0
1784380028.7976165,0,2808,40018,10164,0.0,0.0,0.0,0.216,1.511,0.0
1784380028.8896384,0,2818,40018,10164,0.0,0.0,0.0,0.217,1.511,0.0
1784380028.974483,0,2828,40018,10164,0.0,0.0,0.0,0.218,1.51,0.0
1784380029.0844064,0,2838,40018,10164,0.0,0.0,0.0,0.218,1.51,0.0
1784380029.1678798,0,2848,40018,10164,0.0,0.0,0.0,0.219,1.51,0.0
1784380029.2453277,0,2858,40018,10164,0.0,0.0,0.0,0.219,1.509,0.0
1784380029.3063567,0,2868,40018,10164,0.0,0.0,0.0,0.22,1.509,0.0
1784380029.3864958,0,2878,40018,10164,0.0,0.0,0.0,0.221,1.509,0.0
1784380029.452156,0,2888,40018,10164,0.0,0.0,0.0,0.221,1.509,0.0
1784380029.5252445,0,2898,40018,10164,0.0,0.0,0.0,0.222,1.508,0.0
1784380029.5773447,0,2908,40018,10164,0.0,0.0,0.0,0.222,1.508,0.0
1784380029.6334462,0,2918,40018,10164,0.0,0.0,0.0,0.223,1.508,0.0
1784380029.7055123,0,2928,40018,10164,0.0,0.0,0.0,0.224,1.507,0.0
1784380029.754557,0,2938,40018,10164,0.0,0.0,0.0,0.224,1.507,0.0
1784380029.8172889,0,2948,40018,10164,0.0,0.0,0.0,0.225,1.507,0.0
1784380029.874268,0,2958,40018,10164,0.0,0.0,0.0,0.225,1.507,0.0
1784380029.9430096,0,2968,40018,10164,0.0,0.0,0.0,0.226,1.506,0.0
1784380030.000886,0,2978,40018,10164,0.0,0.0,0.0,0.227,1.506,0.0
1784380030.0632446,0,2988,40018,10164,0.0,0.0,0.0,0.227,1.506,0.0
1784380030.1247919,0,2998,40018,10164,0.0,0.0,0.0,0.228,1.506,0.0
1784380030.186633,0,3008,40018,10164,0.0,0.0,0.0,0.228,1.505,0.0
1784380030.2402942,0,3018,40018,10164,0.0,0.0,0.0,0.229,1.505,0.0
1784380030.3182793,0,3028,40018,10164,0.0,0.0,0.0,0.23,1.505,0.0
1784380030.4030695,0,3038,40018,10164,0.0,0.0,0.0,0.23,1.504,0.0
1784380030.472739,0,3048,40018,10164,0.0,0.0,0.0,0.231,1.504,0.0
1784380030.5493262,0,3058,40018,10164,0.0,0.0,0.0,0.231,1.504,0.0
1784380030.6153088,0,3068,40018,10164,0.0,0.0,0.0,0.232,1.504,0.0
1784380030.686587,0,3078,40018,10164,0.0,0.0,0.0,0.232,1.503,0.0
1784380030.7587216,0,3088,40018,10164,0.0,0.0,0.0,0.233,1.503,0.0
1784380030.816194,0,3098,40018,10164,0.0,0.0,0.0,0.234,1.503,0.0
1784380030.8779917,0,3108,40018,10164,0.0,0.0,0.0,0.234,1.502,0.0
1784380030.9418347,0,3118,40018,10164,0.0,0.0,0.0,0.235,1.502,0.0
1784380030.9948075,0,3128,40018,10164,0.0,0.0,0.0,0.235,1.502,0.0
1784380031.073677,0,3138,40018,10164,0.0,0.0,0.0,0.236,1.502,0.0
1784380031.1354442,0,3148,40018,10164,0.0,0.0,0.0,0.236,1.501,0.0
1784380031.204773,0,3158,40018,10164,0.0,0.0,0.0,0.237,1.501,0.0
1784380031.2750478,0,3168,40018,10164,0.0,0.0,0.0,0.238,1.501,0.0
1784380031.3536775,0,3178,40018,10164,0.0,0.0,0.0,0.238,1.5,0.0
1784380031.4261112,0,3188,40018,10164,0.0,0.0,0.0,0.239,1.5,0.0
1784380031.5088084,0,3198,40018,10164,0.0,0.0,0.0,0.239,1.5,0.0
1784380031.5804822,0,3208,40018,10164,0.0,0.0,0.0,0.24,1.5,0.0
1784380031.6402278,0,3218,40018,10164,0.0,0.0,0.0,0.24,1.499,0.0
1784380031.7267601,0,3228,40018,10164,0.0,0.0,0.0,0.241,1.499,0.0
1784380031.8031473,0,3238,40018,10164,0.0,0.0,0.0,0.242,1.499,0.0
1784380031.8723686,0,3248,40018,10164,0.0,0.0,0.0,0.242,1.498,0.0
1784380031.9490392,0,3258,40018,10164,0.0,0.0,0.0,0.243,1.498,0.0
1784380032.040428,0,3268,40018,10164,0.0,0.0,0.0,0.243,1.498,0.0
1784380032.113198,0,3278,40018,10164,0.0,0.0,0.0,0.244,1.498,0.0
1784380032.1811182,0,3288,40018,10164,0.0,0.0,0.0,0.244,1.497,0.0
1784380032.2584872,0,3298,40018,10164,0.0,0.0,0.0,0.245,1.497,0.0
1784380032.3523748,0,3308,40018,10164,0.0,0.0,0.0,0.246,1.497,0.0
1784380032.4111774,0,3318,40018,10164,0.0,0.0,0.0,0.246,1.497,0.0
1784380032.4750404,0,3328,40018,10164,0.0,0.0,0.0,0.247,1.496,0.0
1784380032.5467877,0,3338,40018,10164,0.0,0.0,0.0,0.247,1.496,0.0
1784380032.6198938,0,3348,40018,10164,0.0,0.0,0.0,0.248,1.496,0.0
1784380032.6972136,0,3358,40018,10164,0.0,0.0,0.0,0.248,1.495,0.0
1784380032.7654908,0,3368,40018,10164,0.0,0.0,0.0,0.249,1.495,0.0
1784380032.836221,0,3378,40018,10164,0.0,0.0,0.0,0.249,1.495,0.0
1784380032.904889,0,3388,40018,10164,0.0,0.0,0.0,0.25,1.495,0.0
1784380032.9821696,0,3398,40018,10164,0.0,0.0,0.0,0.251,1.494,0.0
1784380033.0462773,0,3408,40018,10164,0.0,0.0,0.0,0.251,1.494,0.0
1784380033.1140275,0,3418,40018,10164,0.0,0.0,0.0,0.252,1.494,0.0
1784380033.1721878,0,3428,40018,10164,0.0,0.0,0.0,0.252,1.493,0.0
1784380033.238549,0,3438,40018,10164,0.0,0.0,0.0,0.253,1.493,0.0
1784380033.3041224,0,3448,40018,10164,0.0,0.0,0.0,0.253,1.493,0.0
1784380033.3771,0,3458,40018,10164,0.0,0.0,0.0,0.254,1.493,0.0
1784380033.4549415,0,3468,40018,10164,0.0,0.0,0.0,0.254,1.492,0.0
1784380033.5278494,0,3478,40018,10164,0.0,0.0,0.0,0.255,1.492,0.0
1784380033.6088376,0,3488,40018,10164,0.0,0.0,0.0,0.255,1.492,0.0
1784380033.6764903,0,3498,40018,10164,0.0,0.0,0.0,0.256,1.492,0.0
1784380033.7466538,0,3508,40018,10164,0.0,0.0,0.0,0.257,1.491,0.0
1784380033.8197513,0,3518,40018,10164,0.0,0.0,0.0,0.257,1.491,0.0
1784380033.8960345,0,3528,40018,10164,0.0,0.0,0.0,0.258,1.491,0.0
1784380033.9876456,0,3538,40018,10164,0.0,0.0,0.0,0.258,1.49,0.0
1784380034.0581527,0,3548,40018,10164,0.0,0.0,0.0,0.259,1.49,0.0
1784380034.116205,0,3558,40018,10164,0.0,0.0,0.0,0.259,1.49,0.0
1784380034.1907434,0,3568,40018,10164,0.0,0.0,0.0,0.26,1.49,0.0
1784380034.2578514,0,3578,40018,10164,0.0,0.0,0.0,0.26,1.489,0.0
1784380034.320963,0,3588,40018,10164,0.0,0.0,0.0,0.261,1.489,0.0
1784380034.3834598,0,3593,40018,10169,0.0,0.0,0.0,0.261,1.489,0.0
1784380034.4429936,0,3601,40018,10171,0.0,0.0,0.0,0.261,1.488,0.0
1784380034.5093524,0,3611,40018,10171,0.0,0.0,0.0,0.262,1.488,0.0
1784380034.569925,0,3621,40018,10171,0.0,0.0,0.0,0.263,1.488,0.0
1784380034.658817,0,3631,40018,10171,0.0,0.0,0.0,0.263,1.488,0.0
1784380034.7238424,0,3641,40018,10171,0.0,0.0,0.0,0.264,1.487,0.0
1784380034.7803392,0,3651,40018,10171,0.0,0.0,0.0,0.264,1.487,0.0
1784380034.8403976,0,3661,40018,10171,0.0,0.0,0.0,0.265,1.487,0.0
1784380034.9153965,0,3671,40018,10171,0.0,0.0,0.0,0.265,1.487,0.0
1784380034.980735,0,3681,40018,10171,0.0,0.0,0.0,0.266,1.486,0.0
1784380035.0281644,0,3691,40018,10171,0.0,0.0,0.0,0.266,1.486,0.0
1784380035.0832598,0,3701,40018,10171,0.0,0.0,0.0,0.267,1.486,0.0
1784380035.1509013,0,3711,40018,10171,0.0,0.0,0.0,0.267,1.485,0.0
1784380035.2275565,0,3721,40018,10171,0.0,0.0,0.0,0.268,1.485,0.0
1784380035.3027556,0,3731,40018,10171,0.0,0.0,0.0,0.268,1.485,0.0
1784380035.3955495,0,3741,40018,10171,0.0,0.0,0.0,0.269,1.485,0.0
1784380035.436275,0,3751,40018,10171,0.0,0.0,0.0,0.269,1.484,0.0
1784380035.4952626,0,3761,40018,10171,0.0,0.0,0.0,0.27,1.484,0.0
1784380035.5429676,0,3771,40018,10171,0.0,0.0,0.0,0.27,1.484,0.0
1784380035.608545,0,3781,40018,10171,0.0,0.0,0.0,0.271,1.484,0.0
1784380035.6848083,0,3791,40018,10171,0.0,0.0,0.0,0.272,1.483,0.0
1784380035.7527752,0,3801,40018,10171,0.0,0.0,0.0,0.272,1.483,0.0
1784380035.8273494,0,3811,40018,10171,0.0,0.0,0.0,0.273,1.483,0.0
1784380035.895293,0,3821,40018,10171,0.0,0.0,0.0,0.273,1.482,0.0
1784380035.9659874,0,3831,40018,10171,0.0,0.0,0.0,0.274,1.482,0.0
1784380036.0216937,0,3841,40018,10171,0.0,0.0,0.0,0.274,1.482,0.0
1784380036.0802598,0,3851,40018,10171,0.0,0.0,0.0,0.275,1.482,0.0
1784380036.1662686,0,3861,40018,10171,0.0,0.0,0.0,0.275,1.481,0.0
1784380036.229133,0,3871,40018,10171,0.0,0.0,0.0,0.276,1.481,0.0
1784380036.287511,0,3881,40018,10171,0.0,0.0,0.0,0.276,1.481,0.0
1784380036.354664,0,3891,40018,10171,0.0,0.0,0.0,0.277,1.48,0.0
1784380036.4129333,0,3901,40018,10171,0.0,0.0,0.0,0.277,1.48,0.0
1784380036.4795914,0,3911,40018,10171,0.0,0.0,0.0,0.278,1.48,0.0
1784380036.5582125,0,3921,40018,10171,0.0,0.0,0.0,0.278,1.48,0.0
1784380036.6289766,0,3931,40018,10171,0.0,0.0,0.0,0.279,1.479,0.0
1784380036.6812925,0,3941,40018,10171,0.0,0.0,0.0,0.279,1.479,0.0
1784380036.749489,0,3951,40018,10171,0.0,0.0,0.0,0.28,1.479,0.0
1784380036.8135245,0,3961,40018,10171,0.0,0.0,0.0,0.28,1.479,0.0
1784380036.8877661,0,3971,40018,10171,0.0,0.0,0.0,0.281,1.478,0.0
1784380036.9482589,0,3981,40018,10171,0.0,0.0,0.0,0.281,1.478,0.0
1784380037.021185,0,3991,40018,10171,0.0,0.0,0.0,0.282,1.478,0.0
1784380037.0671911,0,3998,40018,10174,0.0,0.0,0.0,0.282,1.477,0.0
1784380037.1049364,0,3998,40018,10184,0.0,0.0,0.0,0.282,1.477,0.0
1784380037.1652474,0,4003,40018,10189,0.0,0.0,0.0,0.282,1.477,0.0
1784380037.235511,0,4013,40018,10189,0.0,0.0,0.0,0.283,1.477,0.0
1784380037.2945044,0,4023,40018,10189,0.0,0.0,0.0,0.283,1.476,0.0
1784380037.3567443,0,4033,40018,10189,0.0,0.0,0.0,0.284,1.476,0.0
1784380037.430668,0,4043,40018,10189,0.0,0.0,0.0,0.284,1.476,0.0
1784380037.4961767,0,4053,40018,10189,0.0,0.0,0.0,0.285,1.476,0.0
1784380037.5614944,0,4063,40018,10189,0.0,0.0,0.0,0.285,1.475,0.0
1784380037.61125,0,4073,40018,10189,0.0,0.0,0.0,0.286,1.475,0.0
1784380037.6897106,0,4083,40018,10189,0.0,0.0,0.0,0.286,1.475,0.0
1784380037.7539248,0,4093,40018,10189,0.0,0.0,0.0,0.287,1.474,0.0
1784380037.8075995,0,4103,40018,10189,0.0,0.0,0.0,0.287,1.474,0.0
1784380037.8849347,0,4113,40018,10189,0.0,0.0,0.0,0.288,1.474,0.0
1784380037.9435067,0,4123,40018,10189,0.0,0.0,0.0,0.288,1.474,0.0
1784380038.0125234,0,4133,40018,10189,0.0,0.0,0.0,0.289,1.473,0.0
1784380038.0808187,0,4143,40018,10189,0.0,0.0,0.0,0.289,1.473,0.0
1784380038.1476886,0,4153,40018,10189,0.0,0.0,0.0,0.29,1.473,0.0
1784380038.2094476,0,4163,40018,10189,0.0,0.0,0.0,0.29,1.473,0.0
1784380038.279225,0,4173,40018,10189,0.0,0.0,0.0,0.291,1.472,0.0
1784380038.3530228,0,4183,40018,10189,0.0,0.0,0.0,0.291,1.472,0.0
1784380038.4194102,0,4193,40018,10189,0.0,0.0,0.0,0.292,1.472,0.0
1784380038.504946,0,4203,40018,10189,0.0,0.0,0.0,0.292,1.472,0.0
1784380038.5763402,0,4213,40018,10189,0.0,0.0,0.0,0.293,1.471,0.0
1784380038.6571505,0,4223,40018,10189,0.0,0.0,0.0,0.293,1.471,0.0
1784380038.735921,0,4233,40018,10189,0.0,0.0,0.0,0.294,1.471,0.0
1784380038.794791,0,4243,40018,10189,0.0,0.0,0.0,0.294,1.47,0.0
1784380038.857136,0,4253,40018,10189,0.0,0.0,0.0,0.294,1.47,0.0
1784380038.9094079,0,4263,40018,10189,0.0,0.0,0.0,0.295,1.47,0.0
1784380038.9808285,0,4273,40018,10189,0.0,0.0,0.0,0.295,1.47,0.0
1784380039.0691593,0,4283,40018,10189,0.0,0.0,0.0,0.296,1.469,0.0
1784380039.1340802,0,4293,40018,10189,0.0,0.0,0.0,0.296,1.469,0.0
1784380039.202756,0,4303,40018,10189,0.0,0.0,0.0,0.297,1.469,0.0
1784380039.2551608,0,4313,40018,10189,0.0,0.0,0.0,0.297,1.469,0.0
1784380039.3184824,0,4323,40018,10189,0.0,0.0,0.0,0.298,1.468,0.0
1784380039.3773715,0,4333,40018,10189,0.0,0.0,0.0,0.298,1.468,0.0
1784380039.4558768,0,4343,40018,10189,0.0,0.0,0.0,0.299,1.468,0.0
1784380039.514232,0,4353,40018,10189,0.0,0.0,0.0,0.299,1.467,0.0
1784380039.573406,0,4363,40018,10189,0.0,0.0,0.0,0.3,1.467,0.0
1784380039.661852,0,4373,40018,10189,0.0,0.0,0.0,0.3,1.467,0.0
1784380039.7327888,0,4383,40018,10189,0.0,0.0,0.0,0.301,1.467,0.0
1784380039.7846491,0,4393,40018,10189,0.0,0.0,0.0,0.301,1.466,0.0
1784380039.8486874,0,4403,40018,10189,0.0,0.0,0.0,0.302,1.466,0.0
1784380039.901084,0,4413,40018,10189,0.0,0.0,0.0,0.302,1.466,0.0
1784380039.9618208,0,4423,40018,10189,0.0,0.0,0.0,0.303,1.466,0.0
1784380040.0189056,0,4433,40018,10189,0.0,0.0,0.0,0.303,1.465,0.0
1784380040.0833778,0,4443,40018,10189,0.0,0.0,0.0,0.304,1.465,0.0
1784380040.1395023,0,4453,40018,10189,0.0,0.0,0.0,0.304,1.465,0.0
1784380040.1926343,0,4463,40018,10189,0.0,0.0,0.0,0.305,1.465,0.0
1784380040.2603793,0,4473,40018,10189,0.0,0.0,0.0,0.305,1.464,0.0
1784380040.315697,0,4483,40018,10189,0.0,0.0,0.0,0.306,1.464,0.0
1784380040.390812,0,4493,40018,10189,0.0,0.0,0.0,0.306,1.464,0.0
1784380040.4570246,0,4503,40018,10189,0.0,0.0,0.0,0.306,1.463,0.0
1784380040.5216775,0,4513,40018,10189,0.0,0.0,0.0,0.307,1.463,0.0
1784380040.5787065,0,4523,40018,10189,0.0,0.0,0.0,0.307,1.463,0.0
1784380040.6397579,0,4533,40018,10189,0.0,0.0,0.0,0.308,1.463,0.0
1784380040.7085214,0,4543,40018,10189,0.0,0.0,0.0,0.308,1.462,0.0
1784380040.7671578,0,4553,40018,10189,0.0,0.0,0.0,0.309,1.462,0.0
1784380040.852121,0,4563,40018,10189,0.0,0.0,0.0,0.309,1.462,0.0
1784380040.9229581,0,4573,40018,10189,0.0,0.0,0.0,0.31,1.462,0.0
1784380040.9865997,0,4583,40018,10189,0.0,0.0,0.0,0.31,1.461,0.0
1784380041.031102,0,4593,40018,10189,0.0,0.0,0.0,0.311,1.461,0.0
1784380041.086917,0,4603,40018,10189,0.0,0.0,0.0,0.311,1.461,0.0
1784380041.1435962,0,4613,40018,10189,0.0,0.0,0.0,0.312,1.461,0.0
1784380041.2093055,0,4623,40018,10189,0.0,0.0,0.0,0.312,1.46,0.0
1784380041.2651691,0,4633,40018,10189,0.0,0.0,0.0,0.313,1.46,0.0
1784380041.3160915,0,4643,40018,10189,0.0,0.0,0.0,0.313,1.46,0.0
1784380041.3745196,0,4653,40018,10189,0.0,0.0,0.0,0.314,1.459,0.0
1784380041.4247155,0,4663,40018,10189,0.0,0.0,0.0,0.314,1.459,0.0
1784380041.489645,0,4673,40018,10189,0.0,0.0,0.0,0.314,1.459,0.0
1784380041.570582,0,4683,40018,10189,0.0,0.0,0.0,0.315,1.459,0.0
1784380041.6426048,0,4693,40018,10189,0.0,0.0,0.0,0.315,1.458,0.0
1784380041.7098804,0,4703,40018,10189,0.0,0.0,0.0,0.316,1.458,0.0
1784380041.773973,0,4713,40018,10189,0.0,0.0,0.0,0.316,1.458,0.0
1784380041.8466148,0,4723,40018,10189,0.0,0.0,0.0,0.317,1.458,0.0
1784380041.9008012,0,4733,40018,10189,0.0,0.0,0.0,0.317,1.457,0.0
1784380041.9473336,0,4743,40018,10189,0.0,0.0,0.0,0.318,1.457,0.0
1784380042.0119803,0,4753,40018,10189,0.0,0.0,0.0,0.318,1.457,0.0
1784380042.0647027,0,4763,40018,10189,0.0,0.0,0.0,0.319,1.457,0.0
1784380042.1276731,0,4773,40018,10189,0.0,0.0,0.0,0.319,1.456,0.0
1784380042.183066,0,4783,40018,10189,0.0,0.0,0.0,0.319,1.456,0.0
1784380042.2395427,0,4793,40018,10189,0.0,0.0,0.0,0.32,1.456,0.0
1784380042.305815,0,4803,40018,10189,0.0,0.0,0.0,0.32,1.455,0.0
1784380042.3626986,0,4813,40018,10189,0.0,0.0,0.0,0.321,1.455,0.0
1784380042.4189305,0,4823,40018,10189,0.0,0.0,0.0,0.321,1.455,0.0
1784380042.4636304,0,4833,40018,10189,0.0,0.0,0.0,0.322,1.455,0.0
1784380042.51521,0,4843,40018,10189,0.0,0.0,0.0,0.322,1.454,0.0
1784380042.5701244,0,4853,40018,10189,0.0,0.0,0.0,0.323,1.454,0.0
1784380042.63073,0,4863,40018,10189,0.0,0.0,0.0,0.323,1.454,0.0
1784380042.6779456,0,4873,40018,10189,0.0,0.0,0.0,0.324,1.454,0.0
1784380042.7428408,0,4883,40018,10189,0.0,0.0,0.0,0.324,1.453,0.0
1784380042.813691,0,4893,40018,10189,0.0,0.0,0.0,0.324,1.453,0.0
1784380042.8720622,0,4903,40018,10189,0.0,0.0,0.0,0.325,1.453,0.0
1784380042.9236493,0,4913,40018,10189,0.0,0.0,0.0,0.325,1.453,0.0
1784380042.9961908,0,4923,40018,10189,0.0,0.0,0.0,0.326,1.452,0.0
1784380043.0984516,0,4933,40018,10189,0.0,0.0,0.0,0.326,1.452,0.0
1784380043.1886485,0,4943,40018,10189,0.0,0.0,0.0,0.327,1.452,0.0
1784380043.2592535,0,4953,40018,10189,0.0,0.0,0.0,0.327,1.452,0.0
1784380043.32503,0,4963,40018,10189,0.0,0.0,0.0,0.328,1.451,0.0
1784380043.4159846,0,4973,40018,10189,0.0,0.0,0.0,0.328,1.451,0.0
1784380043.4826028,0,4983,40018,10189,0.0,0.0,0.0,0.328,1.451,0.0
1784380043.5310197,0,4993,40018,10189,0.0,0.0,0.0,0.329,1.45,0.0
1784380043.5847926,0,5003,40018,10189,0.0,0.0,0.0,0.329,1.45,0.0
1784380043.6373107,0,5013,40018,10189,0.0,0.0,0.0,0.33,1.45,0.0
1784380043.702501,0,5023,40018,10189,0.0,0.0,0.0,0.33,1.45,0.0
1784380043.7524178,0,5033,40018,10189,0.0,0.0,0.0,0.331,1.449,0.0
1784380043.8193476,0,5043,40018,10189,0.0,0.0,0.0,0.331,1.449,0.0
1784380043.878532,0,5053,40018,10189,0.0,0.0,0.0,0.332,1.449,0.0
1784380043.9409332,0,5063,40018,10189,0.0,0.0,0.0,0.332,1.449,0.0
1784380044.0024061,0,5073,40018,10189,0.0,0.0,0.0,0.332,1.448,0.0
1784380044.076281,0,5083,40018,10189,0.0,0.0,0.0,0.333,1.448,0.0
1784380044.1280582,0,5093,40018,10189,0.0,0.0,0.0,0.333,1.448,0.0
1784380044.1803272,0,5103,40018,10189,0.0,0.0,0.0,0.334,1.448,0.0
1784380044.2382202,0,5113,40018,10189,0.0,0.0,0.0,0.334,1.447,0.0
1784380044.3091362,0,5123,40018,10189,0.0,0.0,0.0,0.335,1.447,0.0
1784380044.3706472,0,5133,40018,10189,0.0,0.0,0.0,0.335,1.447,0.0
1784380044.4311318,0,5143,40018,10189,0.0,0.0,0.0,0.335,1.447,0.0
1784380044.496238,0,5153,40018,10189,0.0,0.0,0.0,0.336,1.446,0.0
1784380044.5478961,0,5163,40018,10189,0.0,0.0,0.0,0.336,1.446,0.0
1784380044.6033688,0,5173,40018,10189,0.0,0.0,0.0,0.337,1.446,0.0
1784380044.6634543,0,5183,40018,10189,0.0,0.0,0.0,0.337,1.446,0.0
1784380044.7205355,0,5193,40018,10189,0.0,0.0,0.0,0.338,1.445,0.0
1784380044.772696,0,5203,40018,10189,0.0,0.0,0.0,0.338,1.445,0.0
1784380044.8285923,0,5213,40018,10189,0.0,0.0,0.0,0.338,1.445,0.0
1784380044.8790019,0,5223,40018,10189,0.0,0.0,0.0,0.339,1.444,0.0
1784380044.937568,0,5233,40018,10189,0.0,0.0,0.0,0.339,1.444,0.0
1784380045.0005267,0,5243,40018,10189,0.0,0.0,0.0,0.34,1.444,0.0
1784380045.075266,0,5253,40018,10189,0.0,0.0,0.0,0.34,1.444,0.0
1784380045.1388597,0,5263,40018,10189,0.0,0.0,0.0,0.341,1.443,0.0
1784380045.1981456,0,5273,40018,10189,0.0,0.0,0.0,0.341,1.443,0.0
1784380045.284587,0,5283,40018,10189,0.0,0.0,0.0,0.341,1.443,0.0
1784380045.3468573,0,5293,40018,10189,0.0,0.0,0.0,0.342,1.443,0.0
1784380045.392928,0,5303,40018,10189,0.0,0.0,0.0,0.342,1.442,0.0
1784380045.436431,0,5313,40018,10189,0.0,0.0,0.0,0.343,1.442,0.0
1784380045.4886236,0,5323,40018,10189,0.0,0.0,0.0,0.343,1.442,0.0
1784380045.5553916,0,5333,40018,10189,0.0,0.0,0.0,0.344,1.442,0.0
1784380045.6239843,0,5343,40018,10189,0.0,0.0,0.0,0.344,1.441,0.0
1784380045.6953104,0,5353,40018,10189,0.0,0.0,0.0,0.344,1.441,0.0
1784380045.7464674,0,5363,40018,10189,0.0,0.0,0.0,0.345,1.441,0.0
1784380045.8069363,0,5373,40018,10189,0.0,0.0,0.0,0.345,1.441,0.0
1784380045.8706276,0,5383,40018,10189,0.0,0.0,0.0,0.346,1.44,0.0
1784380045.9253054,0,5393,40018,10189,0.0,0.0,0.0,0.346,1.44,0.0
1784380045.9803808,0,5403,40018,10189,0.0,0.0,0.0,0.347,1.44,0.0
1784380046.0449584,0,5413,40018,10189,0.0,0.0,0.0,0.347,1.44,0.0
1784380046.085867,0,5418,40018,10194,0.0,0.0,0.0,0.347,1.439,0.0
1784380046.1613402,0,5426,40018,10196,0.0,0.0,0.0,0.347,1.439,0.0
1784380046.2398865,0,5436,40018,10196,0.0,0.0,0.0,0.348,1.439,0.0
1784380046.3127906,0,5446,40018,10196,0.0,0.0,0.0,0.348,1.439,0.0
1784380046.3637934,0,5456,40018,10196,0.0,0.0,0.0,0.349,1.438,0.0
1784380046.4212914,0,5466,40018,10196,0.0,0.0,0.0,0.349,1.438,0.0
1784380046.4740605,0,5476,40018,10196,0.0,0.0,0.0,0.349,1.438,0.0
1784380046.5251405,0,5486,40018,10196,0.0,0.0,0.0,0.35,1.437,0.0
1784380046.5904043,0,5496,40018,10196,0.0,0.0,0.0,0.35,1.437,0.0
1784380046.6482804,0,5506,40018,10196,0.0,0.0,0.0,0.351,1.437,0.0
1784380046.724645,0,5516,40018,10196,0.0,0.0,0.0,0.351,1.437,0.0
1784380046.7851317,0,5526,40018,10196,0.0,0.0,0.0,0.351,1.436,0.0
1784380046.8274744,0,5536,40018,10196,0.0,0.0,0.0,0.352,1.436,0.0
1784380046.8799088,0,5546,40018,10196,0.0,0.0,0.0,0.352,1.436,0.0
1784380046.9243054,0,5556,40018,10196,0.0,0.0,0.0,0.353,1.436,0.0
1784380046.9716637,0,5566,40018,10196,0.0,0.0,0.0,0.353,1.435,0.0
1784380047.0337253,0,5576,40018,10196,0.0,0.0,0.0,0.354,1.435,0.0
1784380047.0775962,0,5586,40018,10196,0.0,0.0,0.0,0.354,1.435,0.0
1784380047.1343763,0,5596,40018,10196,0.0,0.0,0.0,0.354,1.435,0.0
1784380047.1973507,0,5606,40018,10196,0.0,0.0,0.0,0.355,1.434,0.0
1784380047.2640512,0,5616,40018,10196,0.0,0.0,0.0,0.355,1.434,0.0
1784380047.3324912,0,5626,40018,10196,0.0,0.0,0.0,0.356,1.434,0.0
1784380047.4132879,0,5636,40018,10196,0.0,0.0,0.0,0.356,1.434,0.0
1784380047.482305,0,5646,40018,10196,0.0,0.0,0.0,0.356,1.433,0.0
1784380047.5382843,0,5656,40018,10196,0.0,0.0,0.0,0.357,1.433,0.0
1784380047.5887532,0,5666,40018,10196,0.0,0.0,0.0,0.357,1.433,0.0
1784380047.6373277,0,5676,40018,10196,0.0,0.0,0.0,0.358,1.433,0.0
1784380047.7000294,0,5686,40018,10196,0.0,0.0,0.0,0.358,1.432,0.0
1784380047.7543356,0,5696,40018,10196,0.0,0.0,0.0,0.358,1.432,0.0
1784380047.814686,0,5706,40018,10196,0.0,0.0,0.0,0.359,1.432,0.0
1784380047.8788245,0,5716,40018,10196,0.0,0.0,0.0,0.359,1.432,0.0
1784380047.9362164,0,5726,40018,10196,0.0,0.0,0.0,0.36,1.431,0.0
1784380047.986612,0,5736,40018,10196,0.0,0.0,0.0,0.36,1.431,0.0
1784380048.0410695,0,5746,40018,10196,0.0,0.0,0.0,0.36,1.431,0.0
1784380048.1022089,0,5756,40018,10196,0.0,0.0,0.0,0.361,1.431,0.0
1784380048.1582599,0,5766,40018,10196,0.0,0.0,0.0,0.361,1.43,0.0
1784380048.2140644,0,5776,40018,10196,0.0,0.0,0.0,0.362,1.43,0.0
1784380048.2779229,0,5786,40018,10196,0.0,0.0,0.0,0.362,1.43,0.0
1784380048.3245118,0,5796,40018,10196,0.0,0.0,0.0,0.362,1.43,0.0
1784380048.377454,0,5806,40018,10196,0.0,0.0,0.0,0.363,1.429,0.0
1784380048.4249625,0,5816,40018,10196,0.0,0.0,0.0,0.363,1.429,0.0
1784380048.4766884,0,5826,40018,10196,0.0,0.0,0.0,0.364,1.429,0.0
1784380048.5333898,0,5836,40018,10196,0.0,0.0,0.0,0.364,1.429,0.0
1784380048.598617,0,5846,40018,10196,0.0,0.0,0.0,0.364,1.428,0.0
1784380048.654285,0,5856,40018,10196,0.0,0.0,0.0,0.365,1.428,0.0
1784380048.7017317,0,5866,40018,10196,0.0,0.0,0.0,0.365,1.428,0.0
1784380048.7562814,0,5876,40018,10196,0.0,0.0,0.0,0.366,1.427,0.0
1784380048.8093746,0,5886,40018,10196,0.0,0.0,0.0,0.366,1.427,0.0
1784380048.8778582,0,5896,40018,10196,0.0,0.0,0.0,0.366,1.427,0.0
1784380048.9235764,0,5906,40018,10196,0.0,0.0,0.0,0.367,1.427,0.0
1784380048.977529,0,5916,40018,10196,0.0,0.0,0.0,0.367,1.426,0.0
1784380049.0353336,0,5926,40018,10196,0.0,0.0,0.0,0.368,1.426,0.0
1784380049.1045725,0,5936,40018,10196,0.0,0.0,0.0,0.368,1.426,0.0
1784380049.1532545,0,5946,40018,10196,0.0,0.0,0.0,0.368,1.426,0.0
1784380049.214047,0,5956,40018,10196,0.0,0.0,0.0,0.369,1.425,0.0
1784380049.2728305,0,5966,40018,10196,0.0,0.0,0.0,0.369,1.425,0.0
1784380049.32599,0,5976,40018,10196,0.0,0.0,0.0,0.37,1.425,0.0
1784380049.3838756,0,5986,40018,10196,0.0,0.0,0.0,0.37,1.425,0.0
1784380049.4445395,0,5996,40018,10196,0.0,0.0,0.0,0.37,1.424,0.0
1784380049.5047665,0,6006,40018,10196,0.0,0.0,0.0,0.371,1.424,0.0
1784380049.5721016,0,6016,40018,10196,0.0,0.0,0.0,0.371,1.424,0.0
1784380049.6425917,0,6026,40018,10196,0.0,0.0,0.0,0.371,1.424,0.0
1784380049.6921642,0,6036,40018,10196,0.0,0.0,0.0,0.372,1.423,0.0
1784380049.7576804,0,6046,40018,10196,0.0,0.0,0.0,0.372,1.423,0.0
1784380049.8138547,0,6056,40018,10196,0.0,0.0,0.0,0.373,1.423,0.0
1784380049.8589754,0,6057,40018,10205,0.0,0.0,0.0,0.372,1.423,0.0
1784380049.8983378,0,6057,40018,10215,0.0,0.0,0.0,0.372,1.422,0.0
1784380049.9611273,0,6062,40018,10220,0.0,0.0,0.0,0.372,1.422,0.0
1784380050.0179024,0,6072,40018,10220,0.0,0.0,0.0,0.373,1.422,0.0
1784380050.0777595,0,6082,40018,10220,0.0,0.0,0.0,0.373,1.422,0.0
1784380050.1396554,0,6092,40018,10220,0.0,0.0,0.0,0.373,1.421,0.0
1784380050.2088394,0,6102,40018,10220,0.0,0.0,0.0,0.374,1.421,0.0
1784380050.3042142,0,6112,40018,10220,0.0,0.0,0.0,0.374,1.421,0.0
1784380050.397657,0,6122,40018,10220,0.0,0.0,0.0,0.375,1.421,0.0
1784380050.4457276,0,6132,40018,10220,0.0,0.0,0.0,0.375,1.42,0.0
1784380050.5163522,0,6142,40018,10220,0.0,0.0,0.0,0.375,1.42,0.0
1784380050.571312,0,6152,40018,10220,0.0,0.0,0.0,0.376,1.42,0.0
1784380050.643931,0,6162,40018,10220,0.0,0.0,0.0,0.376,1.42,0.0
1784380050.7000906,0,6172,40018,10220,0.0,0.0,0.0,0.377,1.419,0.0
1784380050.7507343,0,6182,40018,10220,0.0,0.0,0.0,0.377,1.419,0.0
1784380050.8143857,0,6192,40018,10220,0.0,0.0,0.0,0.377,1.419,0.0
1784380050.859853,0,6202,40018,10220,0.0,0.0,0.0,0.378,1.419,0.0
1784380050.9224145,0,6212,40018,10220,0.0,0.0,0.0,0.378,1.418,0.0
1784380050.9679222,0,6222,40018,10220,0.0,0.0,0.0,0.378,1.418,0.0
1784380051.0211773,0,6232,40018,10220,0.0,0.0,0.0,0.379,1.418,0.0
1784380051.074673,0,6242,40018,10220,0.0,0.0,0.0,0.379,1.418,0.0
1784380051.1256917,0,6252,40018,10220,0.0,0.0,0.0,0.38,1.417,0.0
1784380051.1795232,0,6262,40018,10220,0.0,0.0,0.0,0.38,1.417,0.0
1784380051.2427795,0,6272,40018,10220,0.0,0.0,0.0,0.38,1.417,0.0
1784380051.2927287,0,6282,40018,10220,0.0,0.0,0.0,0.381,1.417,0.0
1784380051.360048,0,6292,40018,10220,0.0,0.0,0.0,0.381,1.416,0.0
1784380051.4265673,0,6302,40018,10220,0.0,0.0,0.0,0.381,1.416,0.0
1784380051.4809053,0,6312,40018,10220,0.0,0.0,0.0,0.382,1.416,0.0
1784380051.5393944,0,6322,40018,10220,0.0,0.0,0.0,0.382,1.416,0.0
1784380051.5953476,0,6332,40018,10220,0.0,0.0,0.0,0.383,1.415,0.0
1784380051.6666446,0,6342,40018,10220,0.0,0.0,0.0,0.383,1.415,0.0
1784380051.7454262,0,6352,40018,10220,0.0,0.0,0.0,0.383,1.415,0.0
1784380051.7940757,0,6362,40018,10220,0.0,0.0,0.0,0.384,1.415,0.0
1784380051.847986,0,6372,40018,10220,0.0,0.0,0.0,0.384,1.414,0.0
1784380051.9054582,0,6382,40018,10220,0.0,0.0,0.0,0.384,1.414,0.0
1784380051.9506173,0,6392,40018,10220,0.0,0.0,0.0,0.385,1.414,0.0
1784380052.002401,0,6402,40018,10220,0.0,0.0,0.0,0.385,1.414,0.0
1784380052.0626268,0,6412,40018,10220,0.0,0.0,0.0,0.386,1.413,0.0
1784380052.1270812,0,6422,40018,10220,0.0,0.0,0.0,0.386,1.413,0.0
1784380052.1884966,0,6432,40018,10220,0.0,0.0,0.0,0.386,1.413,0.0
1784380052.242932,0,6442,40018,10220,0.0,0.0,0.0,0.387,1.413,0.0
1784380052.3087611,0,6452,40018,10220,0.0,0.0,0.0,0.387,1.412,0.0
1784380052.376428,0,6462,40018,10220,0.0,0.0,0.0,0.387,1.412,0.0
1784380052.4384458,0,6472,40018,10220,0.0,0.0,0.0,0.388,1.412,0.0
1784380052.482189,0,6482,40018,10220,0.0,0.0,0.0,0.388,1.412,0.0
1784380052.5343194,0,6492,40018,10220,0.0,0.0,0.0,0.388,1.411,0.0
1784380052.5944366,0,6502,40018,10220,0.0,0.0,0.0,0.389,1.411,0.0
1784380052.6469283,0,6512,40018,10220,0.0,0.0,0.0,0.389,1.411,0.0
1784380052.697707,0,6522,40018,10220,0.0,0.0,0.0,0.39,1.411,0.0
1784380052.75943,0,6532,40018,10220,0.0,0.0,0.0,0.39,1.41,0.0
1784380052.8210258,0,6542,40018,10220,0.0,0.0,0.0,0.39,1.41,0.0
1784380052.878019,0,6552,40018,10220,0.0,0.0,0.0,0.391,1.41,0.0
1784380052.9418821,0,6562,40018,10220,0.0,0.0,0.0,0.391,1.41,0.0
1784380053.0203314,0,6572,40018,10220,0.0,0.0,0.0,0.391,1.409,0.0
1784380053.0885258,0,6582,40018,10220,0.0,0.0,0.0,0.392,1.409,0.0
1784380053.1420617,0,6592,40018,10220,0.0,0.0,0.0,0.392,1.409,0.0
1784380053.2061093,0,6602,40018,10220,0.0,0.0,0.0,0.392,1.409,0.0
1784380053.2753115,0,6612,40018,10220,0.0,0.0,0.0,0.393,1.408,0.0
1784380053.3375683,0,6622,40018,10220,0.0,0.0,0.0,0.393,1.408,0.0
1784380053.4046435,0,6632,40018,10220,0.0,0.0,0.0,0.394,1.408,0.0
1784380053.4656177,0,6642,40018,10220,0.0,0.0,0.0,0.394,1.408,0.0
1784380053.5238197,0,6652,40018,10220,0.0,0.0,0.0,0.394,1.407,0.0
1784380053.5886266,0,6662,40018,10220,0.0,0.0,0.0,0.395,1.407,0.0
1784380053.6519966,0,6672,40018,10220,0.0,0.0,0.0,0.395,1.407,0.0
1784380053.708202,0,6682,40018,10220,0.0,0.0,0.0,0.395,1.407,0.0
1784380053.7697177,0,6692,40018,10220,0.0,0.0,0.0,0.396,1.406,0.0
1784380053.837825,0,6702,40018,10220,0.0,0.0,0.0,0.396,1.406,0.0
1784380053.8843505,0,6712,40018,10220,0.0,0.0,0.0,0.396,1.406,0.0
1784380053.9441977,0,6722,40018,10220,0.0,0.0,0.0,0.397,1.406,0.0
1784380053.9947364,0,6732,40018,10220,0.0,0.0,0.0,0.397,1.405,0.0
1784380054.0559852,0,6742,40018,10220,0.0,0.0,0.0,0.397,1.405,0.0
1784380054.1521227,0,6752,40018,10220,0.0,0.0,0.0,0.398,1.405,0.0
1784380054.2177517,0,6762,40018,10220,0.0,0.0,0.0,0.398,1.405,0.0
1784380054.2850633,0,6772,40018,10220,0.0,0.0,0.0,0.399,1.405,0.0
1784380054.345605,0,6782,40018,10220,0.0,0.0,0.0,0.399,1.404,0.0
1784380054.4072225,0,6792,40018,10220,0.0,0.0,0.0,0.399,1.404,0.0
1784380054.4527063,0,6802,40018,10220,0.0,0.0,0.0,0.4,1.404,0.0
1784380054.5045822,0,6812,40018,10220,0.0,0.0,0.0,0.4,1.404,0.0
1784380054.5598905,0,6822,40018,10220,0.0,0.0,0.0,0.4,1.403,0.0
1784380054.6396172,0,6832,40018,10220,0.0,0.0,0.0,0.401,1.403,0.0
1784380054.6971786,0,6842,40018,10220,0.0,0.0,0.0,0.401,1.403,0.0
1784380054.7398944,0,6852,40018,10220,0.0,0.0,0.0,0.401,1.403,0.0
1784380054.7915487,0,6862,40018,10220,0.0,0.0,0.0,0.402,1.402,0.0
1784380054.8539333,0,6872,40018,10220,0.0,0.0,0.0,0.402,1.402,0.0
1784380054.9291008,0,6882,40018,10220,0.0,0.0,0.0,0.402,1.402,0.0
1784380054.9917629,0,6892,40018,10220,0.0,0.0,0.0,0.403,1.402,0.0
1784380055.047624,0,6902,40018,10220,0.0,0.0,0.0,0.403,1.401,0.0
1784380055.103372,0,6912,40018,10220,0.0,0.0,0.0,0.403,1.401,0.0
1784380055.161998,0,6922,40018,10220,0.0,0.0,0.0,0.404,1.401,0.0
1784380055.212033,0,6932,40018,10220,0.0,0.0,0.0,0.404,1.401,0.0
1784380055.2625458,0,6942,40018,10220,0.0,0.0,0.0,0.404,1.4,0.0
1784380055.316365,0,6952,40018,10220,0.0,0.0,0.0,0.405,1.4,0.0
1784380055.3800888,0,6962,40018,10220,0.0,0.0,0.0,0.405,1.4,0.0
1784380055.440231,0,6972,40018,10220,0.0,0.0,0.0,0.406,1.4,0.0
1784380055.5032363,0,6982,40018,10220,0.0,0.0,0.0,0.406,1.399,0.0
1784380055.558663,0,6992,40018,10220,0.0,0.0,0.0,0.406,1.399,0.0
1784380055.629765,0,7002,40018,10220,0.0,0.0,0.0,0.407,1.399,0.0
1784380055.6918662,0,7012,40018,10220,0.0,0.0,0.0,0.407,1.399,0.0
1784380055.7599232,0,7022,40018,10220,0.0,0.0,0.0,0.407,1.398,0.0
1784380055.829682,0,7032,40018,10220,0.0,0.0,0.0,0.408,1.398,0.0
1784380055.905709,0,7042,40018,10220,0.0,0.0,0.0,0.408,1.398,0.0
1784380056.0083818,0,7052,40018,10220,0.0,0.0,0.0,0.408,1.398,0.0
1784380056.06622,0,7062,40018,10220,0.0,0.0,0.0,0.409,1.397,0.0
1784380056.1211042,0,7072,40018,10220,0.0,0.0,0.0,0.409,1.397,0.0
1784380056.1779497,0,7082,40018,10220,0.0,0.0,0.0,0.409,1.397,0.0
1784380056.2334714,0,7092,40018,10220,0.0,0.0,0.0,0.41,1.397,0.0
1784380056.2958968,0,7102,40018,10220,0.0,0.0,0.0,0.41,1.396,0.0
1784380056.347729,0,7112,40018,10220,0.0,0.0,0.0,0.41,1.396,0.0
1784380056.3970318,0,7122,40018,10220,0.0,0.0,0.0,0.411,1.396,0.0
1784380056.4509,0,7132,40018,10220,0.0,0.0,0.0,0.411,1.396,0.0
1784380056.4965038,0,7142,40018,10220,0.0,0.0,0.0,0.411,1.395,0.0
1784380056.5460553,0,7152,40018,10220,0.0,0.0,0.0,0.412,1.395,0.0
1784380056.5876281,0,7162,40018,10220,0.0,0.0,0.0,0.412,1.395,0.0
1784380056.63936,0,7172,40018,10220,0.0,0.0,0.0,0.412,1.395,0.0
1784380056.6922042,0,7182,40018,10220,0.0,0.0,0.0,0.413,1.394,0.0
1784380056.7548676,0,7192,40018,10220,0.0,0.0,0.0,0.413,1.394,0.0
1784380056.8010907,0,7202,40018,10220,0.0,0.0,0.0,0.413,1.394,0.0
1784380056.8787735,0,7212,40018,10220,0.0,0.0,0.0,0.414,1.394,0.0
1784380056.9417856,0,7222,40018,10220,0.0,0.0,0.0,0.414,1.394,0.0
1784380057.0037851,0,7232,40018,10220,0.0,0.0,0.0,0.414,1.393,0.0
1784380057.0775158,0,7242,40018,10220,0.0,0.0,0.0,0.415,1.393,0.0
1784380057.13922,0,7252,40018,10220,0.0,0.0,0.0,0.415,1.393,0.0
1784380057.1833436,0,7262,40018,10220,0.0,0.0,0.0,0.415,1.393,0.0
1784380057.242106,0,7272,40018,10220,0.0,0.0,0.0,0.416,1.392,0.0
1784380057.3014808,0,7282,40018,10220,0.0,0.0,0.0,0.416,1.392,0.0
1784380057.3652182,0,7292,40018,10220,0.0,0.0,0.0,0.416,1.392,0.0
1784380057.4213073,0,7302,40018,10220,0.0,0.0,0.0,0.417,1.392,0.0
1784380057.492359,0,7312,40018,10220,0.0,0.0,0.0,0.417,1.391,0.0
1784380057.5514603,0,7322,40018,10220,0.0,0.0,0.0,0.417,1.391,0.0
1784380057.6223083,0,7332,40018,10220,0.0,0.0,0.0,0.418,1.391,0.0
1784380057.6794071,0,7342,40018,10220,0.0,0.0,0.0,0.418,1.391,0.0
1784380057.7269216,0,7352,40018,10220,0.0,0.0,0.0,0.418,1.39,0.0
1784380057.7765896,0,7362,40018,10220,0.0,0.0,0.0,0.419,1.39,0.0
1784380057.8272312,0,7372,40018,10220,0.0,0.0,0.0,0.419,1.39,0.0
1784380057.8787742,0,7382,40018,10220,0.0,0.0,0.0,0.419,1.39,0.0
1784380057.9402435,0,7392,40018,10220,0.0,0.0,0.0,0.42,1.389,0.0
1784380057.991307,0,7402,40018,10220,0.0,0.0,0.0,0.42,1.389,0.0
1784380058.0610814,0,7412,40018,10220,0.0,0.0,0.0,0.42,1.389,0.0
1784380058.118449,0,7422,40018,10220,0.0,0.0,0.0,0.421,1.389,0.0
1784380058.192489,0,7432,40018,10220,0.0,0.0,0.0,0.421,1.388,0.0
1784380058.264467,0,7442,40018,10220,0.0,0.0,0.0,0.421,1.388,0.0
1784380058.3150897,0,7452,40018,10220,0.0,0.0,0.0,0.422,1.388,0.0
1784380058.3765347,0,7462,40018,10220,0.0,0.0,0.0,0.422,1.388,0.0
1784380058.4479625,0,7472,40018,10220,0.0,0.0,0.0,0.422,1.387,0.0
1784380058.516839,0,7482,40018,10220,0.0,0.0,0.0,0.423,1.387,0.0
1784380058.5960488,0,7492,40018,10220,0.0,0.0,0.0,0.423,1.387,0.0
1784380058.657519,0,7502,40018,10220,0.0,0.0,0.0,0.423,1.387,0.0
1784380058.705834,0,7512,40018,10220,0.0,0.0,0.0,0.424,1.387,0.0
1784380058.7608206,0,7522,40018,10220,0.0,0.0,0.0,0.424,1.386,0.0
1784380058.8295448,0,7532,40018,10220,0.0,0.0,0.0,0.424,1.386,0.0
1784380058.9021246,0,7542,40018,10220,0.0,0.0,0.0,0.425,1.386,0.0
1784380058.9681919,0,7552,40018,10220,0.0,0.0,0.0,0.425,1.386,0.0
1784380059.017376,0,7562,40018,10220,0.0,0.0,0.0,0.425,1.385,0.0
1784380059.0854053,0,7572,40018,10220,0.0,0.0,0.0,0.426,1.385,0.0
1784380059.137474,0,7582,40018,10220,0.0,0.0,0.0,0.426,1.385,0.0
1784380059.1922593,0,7592,40018,10220,0.0,0.0,0.0,0.426,1.385,0.0
1784380059.2436066,0,7602,40018,10220,0.0,0.0,0.0,0.427,1.384,0.0
1784380059.3023808,0,7612,40018,10220,0.0,0.0,0.0,0.427,1.384,0.0
1784380059.3518713,0,7622,40018,10220,0.0,0.0,0.0,0.427,1.384,0.0
1784380059.4055648,0,7632,40018,10220,0.0,0.0,0.0,0.428,1.384,0.0
1784380059.4524505,0,7642,40018,10220,0.0,0.0,0.0,0.428,1.383,0.0
1784380059.514372,0,7652,40018,10220,0.0,0.0,0.0,0.428,1.383,0.0
1784380059.5655239,0,7662,40018,10220,0.0,0.0,0.0,0.428,1.383,0.0
1784380059.6171536,0,7672,40018,10220,0.0,0.0,0.0,0.429,1.383,0.0
1784380059.6833422,0,7682,40018,10220,0.0,0.0,0.0,0.429,1.382,0.0
1784380059.7509246,0,7692,40018,10220,0.0,0.0,0.0,0.429,1.382,0.0
1784380059.8085938,0,7702,40018,10220,0.0,0.0,0.0,0.43,1.382,0.0
1784380059.8907633,0,7712,40018,10220,0.0,0.0,0.0,0.43,1.382,0.0
1784380059.9718714,0,7722,40018,10220,0.0,0.0,0.0,0.43,1.382,0.0
1784380060.0339825,0,7728,40018,10224,0.0,0.0,0.0,0.43,1.381,0.0
1784380060.1239223,0,7738,40018,10224,0.0,0.0,0.0,0.431,1.381,0.0
1784380060.1849744,0,7748,40018,10224,0.0,0.0,0.0,0.431,1.381,0.0
1784380060.2456057,0,7758,40018,10224,0.0,0.0,0.0,0.431,1.381,0.0
1784380060.316945,0,7768,40018,10224,0.0,0.0,0.0,0.432,1.38,0.0
1784380060.3856618,0,7778,40018,10224,0.0,0.0,0.0,0.432,1.38,0.0
1784380060.442218,0,7788,40018,10224,0.0,0.0,0.0,0.432,1.38,0.0
1784380060.5025735,0,7798,40018,10224,0.0,0.0,0.0,0.433,1.38,0.0
1784380060.5551453,0,7808,40018,10224,0.0,0.0,0.0,0.433,1.379,0.0
1784380060.6270652,0,7818,40018,10224,0.0,0.0,0.0,0.433,1.379,0.0
1784380060.6823304,0,7828,40018,10224,0.0,0.0,0.0,0.434,1.379,0.0
1784380060.7568245,0,7838,40018,10224,0.0,0.0,0.0,0.434,1.379,0.0
1784380060.8425596,0,7848,40018,10224,0.0,0.0,0.0,0.434,1.378,0.0
1784380060.897605,0,7858,40018,10224,0.0,0.0,0.0,0.435,1.378,0.0
1784380060.9620502,0,7868,40018,10224,0.0,0.0,0.0,0.435,1.378,0.0
1784380061.0074859,0,7878,40018,10224,0.0,0.0,0.0,0.435,1.378,0.0
1784380061.061402,0,7888,40018,10224,0.0,0.0,0.0,0.436,1.377,0.0
1784380061.126208,0,7898,40018,10224,0.0,0.0,0.0,0.436,1.377,0.0
1784380061.1779,0,7908,40018,10224,0.0,0.0,0.0,0.436,1.377,0.0
1784380061.2425725,0,7918,40018,10224,0.0,0.0,0.0,0.436,1.377,0.0
1784380061.3042724,0,7928,40018,10224,0.0,0.0,0.0,0.437,1.377,0.0
1784380061.3561628,0,7938,40018,10224,0.0,0.0,0.0,0.437,1.376,0.0
1784380061.4180493,0,7948,40018,10224,0.0,0.0,0.0,0.437,1.376,0.0
1784380061.4837542,0,7958,40018,10224,0.0,0.0,0.0,0.438,1.376,0.0
1784380061.5377312,0,7968,40018,10224,0.0,0.0,0.0,0.438,1.376,0.0
1784380061.585844,0,7978,40018,10224,0.0,0.0,0.0,0.438,1.375,0.0
1784380061.643002,0,7988,40018,10224,0.0,0.0,0.0,0.439,1.375,0.0
1784380061.7049873,0,7998,40018,10224,0.0,0.0,0.0,0.439,1.375,0.0
1784380061.7619882,0,8008,40018,10224,0.0,0.0,0.0,0.439,1.375,0.0
1784380061.814403,0,8018,40018,10224,0.0,0.0,0.0,0.44,1.374,0.0
1784380061.883202,0,8028,40018,10224,0.0,0.0,0.0,0.44,1.374,0.0
1784380061.9509094,0,8038,40018,10224,0.0,0.0,0.0,0.44,1.374,0.0
1784380062.0070124,0,8048,40018,10224,0.0,0.0,0.0,0.44,1.374,0.0
1784380062.0624402,0,8058,40018,10224,0.0,0.0,0.0,0.441,1.373,0.0
1784380062.1416552,0,8068,40018,10224,0.0,0.0,0.0,0.441,1.373,0.0
1784380062.2051783,0,8078,40018,10224,0.0,0.0,0.0,0.441,1.373,0.0
1784380062.284593,0,8088,40018,10224,0.0,0.0,0.0,0.442,1.373,0.0
1784380062.3586366,0,8098,40018,10224,0.0,0.0,0.0,0.442,1.373,0.0
1784380062.4308302,0,8108,40018,10224,0.0,0.0,0.0,0.442,1.372,0.0
1784380062.505904,0,8118,40018,10224,0.0,0.0,0.0,0.443,1.372,0.0
1784380062.5690665,0,8128,40018,10224,0.0,0.0,0.0,0.443,1.372,0.0
1784380062.639878,0,8138,40018,10224,0.0,0.0,0.0,0.443,1.372,0.0
1784380062.7026439,0,8148,40018,10224,0.0,0.0,0.0,0.444,1.371,0.0
1784380062.7614245,0,8158,40018,10224,0.0,0.0,0.0,0.444,1.371,0.0
1784380062.8145454,0,8168,40018,10224,0.0,0.0,0.0,0.444,1.371,0.0
1784380062.868177,0,8178,40018,10224,0.0,0.0,0.0,0.444,1.371,0.0
1784380062.917839,0,8188,40018,10224,0.0,0.0,0.0,0.445,1.37,0.0
1784380062.968373,0,8198,40018,10224,0.0,0.0,0.0,0.445,1.37,0.0
1784380063.0199828,0,8208,40018,10224,0.0,0.0,0.0,0.445,1.37,0.0
1784380063.0658603,0,8218,40018,10224,0.0,0.0,0.0,0.446,1.37,0.0
1784380063.12513,0,8228,40018,10224,0.0,0.0,0.0,0.446,1.369,0.0
1784380063.17609,0,8238,40018,10224,0.0,0.0,0.0,0.446,1.369,0.0
1784380063.2256327,0,8248,40018,10224,0.0,0.0,0.0,0.447,1.369,0.0
1784380063.2748473,0,8258,40018,10224,0.0,0.0,0.0,0.447,1.369,0.0
1784380063.328497,0,8268,40018,10224,0.0,0.0,0.0,0.447,1.369,0.0
1784380063.3830953,0,8278,40018,10224,0.0,0.0,0.0,0.447,1.368,0.0
1784380063.4293637,0,8288,40018,10224,0.0,0.0,0.0,0.448,1.368,0.0
1784380063.5077126,0,8298,40018,10224,0.0,0.0,0.0,0.448,1.368,0.0
1784380063.5570762,0,8308,40018,10224,0.0,0.0,0.0,0.448,1.368,0.0
1784380063.6056633,0,8318,40018,10224,0.0,0.0,0.0,0.449,1.367,0.0
1784380063.689184,0,8328,40018,10224,0.0,0.0,0.0,0.449,1.367,0.0
1784380063.7394278,0,8338,40018,10224,0.0,0.0,0.0,0.449,1.367,0.0
1784380063.7888258,0,8348,40018,10224,0.0,0.0,0.0,0.449,1.367,0.0
1784380063.8473203,0,8358,40018,10224,0.0,0.0,0.0,0.45,1.366,0.0
1784380063.899622,0,8368,40018,10224,0.0,0.0,0.0,0.45,1.366,0.0
1784380063.9729059,0,8378,40018,10224,0.0,0.0,0.0,0.45,1.366,0.0
1784380064.018456,0,8388,40018,10224,0.0,0.0,0.0,0.451,1.366,0.0
1784380064.0817556,0,8398,40018,10224,0.0,0.0,0.0,0.451,1.366,0.0
1784380064.1426022,0,8408,40018,10224,0.0,0.0,0.0,0.451,1.365,0.0
1784380064.203627,0,8418,40018,10224,0.0,0.0,0.0,0.452,1.365,0.0
1784380064.2480717,0,8428,40018,10224,0.0,0.0,0.0,0.452,1.365,0.0
1784380064.2925575,0,8438,40018,10224,0.0,0.0,0.0,0.452,1.365,0.0
1784380064.3482263,0,8448,40018,10224,0.0,0.0,0.0,0.452,1.364,0.0
1784380064.412772,0,8458,40018,10224,0.0,0.0,0.0,0.453,1.364,0.0
1784380064.4646912,0,8468,40018,10224,0.0,0.0,0.0,0.453,1.364,0.0
1784380064.5159056,0,8478,40018,10224,0.0,0.0,0.0,0.453,1.364,0.0
1784380064.5777247,0,8488,40018,10224,0.0,0.0,0.0,0.454,1.363,0.0
1784380064.6458547,0,8498,40018,10224,0.0,0.0,0.0,0.454,1.363,0.0
1784380064.7136137,0,8508,40018,10224,0.0,0.0,0.0,0.454,1.363,0.0
1784380064.7639494,0,8518,40018,10224,0.0,0.0,0.0,0.454,1.363,0.0
1784380064.8375795,0,8528,40018,10224,0.0,0.0,0.0,0.455,1.363,0.0
1784380064.8785224,0,8538,40018,10224,0.0,0.0,0.0,0.455,1.362,0.0
1784380064.91184,0,8539,40018,10233,0.0,0.0,0.0,0.455,1.362,0.0
1784380064.96538,0,8549,40018,10233,0.0,0.0,0.0,0.455,1.362,0.0
1784380065.012119,0,8559,40018,10233,0.0,0.0,0.0,0.455,1.362,0.0
1784380065.0685422,0,8569,40018,10233,0.0,0.0,0.0,0.456,1.361,0.0
1784380065.1324968,0,8579,40018,10233,0.0,0.0,0.0,0.456,1.361,0.0
1784380065.1913362,0,8589,40018,10233,0.0,0.0,0.0,0.456,1.361,0.0
1784380065.2455022,0,8599,40018,10233,0.0,0.0,0.0,0.457,1.361,0.0
1784380065.3003109,0,8609,40018,10233,0.0,0.0,0.0,0.457,1.36,0.0
1784380065.3557448,0,8619,40018,10233,0.0,0.0,0.0,0.457,1.36,0.0
1784380065.413817,0,8629,40018,10233,0.0,0.0,0.0,0.457,1.36,0.0
1784380065.4733393,0,8639,40018,10233,0.0,0.0,0.0,0.458,1.36,0.0
1784380065.5322564,0,8649,40018,10233,0.0,0.0,0.0,0.458,1.36,0.0
1784380065.598186,0,8659,40018,10233,0.0,0.0,0.0,0.458,1.359,0.0
1784380065.655993,0,8669,40018,10233,0.0,0.0,0.0,0.459,1.359,0.0
1784380065.7169652,0,8679,40018,10233,0.0,0.0,0.0,0.459,1.359,0.0
1784380065.7673721,0,8689,40018,10233,0.0,0.0,0.0,0.459,1.359,0.0
1784380065.8237655,0,8699,40018,10233,0.0,0.0,0.0,0.459,1.358,0.0
1784380065.8747442,0,8709,40018,10233,0.0,0.0,0.0,0.46,1.358,0.0
1784380065.9311516,0,8719,40018,10233,0.0,0.0,0.0,0.46,1.358,0.0
1784380065.9972014,0,8729,40018,10233,0.0,0.0,0.0,0.46,1.358,0.0
1784380066.0571795,0,8739,40018,10233,0.0,0.0,0.0,0.461,1.357,0.0
1784380066.1104188,0,8749,40018,10233,0.0,0.0,0.0,0.461,1.357,0.0
1784380066.1578696,0,8759,40018,10233,0.0,0.0,0.0,0.461,1.357,0.0
1784380066.2107913,0,8769,40018,10233,0.0,0.0,0.0,0.461,1.357,0.0
1784380066.274703,0,8779,40018,10233,0.0,0.0,0.0,0.462,1.357,0.0
1784380066.338159,0,8789,40018,10233,0.0,0.0,0.0,0.462,1.356,0.0
1784380066.3982759,0,8799,40018,10233,0.0,0.0,0.0,0.462,1.356,0.0
1784380066.470248,0,8809,40018,10233,0.0,0.0,0.0,0.463,1.356,0.0
1784380066.529918,0,8819,40018,10233,0.0,0.0,0.0,0.463,1.356,0.0
1784380066.5889359,0,8829,40018,10233,0.0,0.0,0.0,0.463,1.355,0.0
1784380066.6459074,0,8839,40018,10233,0.0,0.0,0.0,0.463,1.355,0.0
1784380066.6989012,0,8849,40018,10233,0.0,0.0,0.0,0.464,1.355,0.0
1784380066.7547524,0,8859,40018,10233,0.0,0.0,0.0,0.464,1.355,0.0
1784380066.8166,0,8869,40018,10233,0.0,0.0,0.0,0.464,1.354,0.0
1784380066.8858123,0,8879,40018,10233,0.0,0.0,0.0,0.465,1.354,0.0
1784380066.9360483,0,8889,40018,10233,0.0,0.0,0.0,0.465,1.354,0.0
1784380066.9932597,0,8899,40018,10233,0.0,0.0,0.0,0.465,1.354,0.0
1784380067.0441122,0,8909,40018,10233,0.0,0.0,0.0,0.465,1.354,0.0
1784380067.100301,0,8919,40018,10233,0.0,0.0,0.0,0.466,1.353,0.0
1784380067.1640072,0,8929,40018,10233,0.0,0.0,0.0,0.466,1.353,0.0
1784380067.209639,0,8939,40018,10233,0.0,0.0,0.0,0.466,1.353,0.0
1784380067.2797122,0,8949,40018,10233,0.0,0.0,0.0,0.467,1.353,0.0
1784380067.3361628,0,8959,40018,10233,0.0,0.0,0.0,0.467,1.352,0.0
1784380067.3947172,0,8969,40018,10233,0.0,0.0,0.0,0.467,1.352,0.0
1784380067.4570365,0,8979,40018,10233,0.0,0.0,0.0,0.467,1.352,0.0
1784380067.5171573,0,8989,40018,10233,0.0,0.0,0.0,0.468,1.352,0.0
1784380067.567296,0,8999,40018,10233,0.0,0.0,0.0,0.468,1.351,0.0
1784380067.6254475,0,9009,40018,10233,0.0,0.0,0.0,0.468,1.351,0.0
1784380067.6752403,0,9019,40018,10233,0.0,0.0,0.0,0.468,1.351,0.0
1784380067.735148,0,9029,40018,10233,0.0,0.0,0.0,0.469,1.351,0.0
1784380067.797719,0,9039,40018,10233,0.0,0.0,0.0,0.469,1.351,0.0
1784380067.8652332,0,9049,40018,10233,0.0,0.0,0.0,0.469,1.35,0.0
1784380067.9202027,0,9059,40018,10233,0.0,0.0,0.0,0.47,1.35,0.0
1784380067.9721496,0,9069,40018,10233,0.0,0.0,0.0,0.47,1.35,0.0
1784380068.0230134,0,9079,40018,10233,0.0,0.0,0.0,0.47,1.35,0.0
1784380068.0797503,0,9089,40018,10233,0.0,0.0,0.0,0.47,1.349,0.0
1784380068.1474695,0,9099,40018,10233,0.0,0.0,0.0,0.471,1.349,0.0
1784380068.2001696,0,9109,40018,10233,0.0,0.0,0.0,0.471,1.349,0.0
1784380068.2592623,0,9119,40018,10233,0.0,0.0,0.0,0.471,1.349,0.0
1784380068.3036556,0,9129,40018,10233,0.0,0.0,0.0,0.471,1.349,0.0
1784380068.3674102,0,9139,40018,10233,0.0,0.0,0.0,0.472,1.348,0.0
1784380068.4181035,0,9149,40018,10233,0.0,0.0,0.0,0.472,1.348,0.0
1784380068.4767504,0,9159,40018,10233,0.0,0.0,0.0,0.472,1.348,0.0
1784380068.5299122,0,9169,40018,10233,0.0,0.0,0.0,0.473,1.348,0.0
1784380068.5863783,0,9179,40018,10233,0.0,0.0,0.0,0.473,1.347,0.0
1784380068.6479695,0,9189,40018,10233,0.0,0.0,0.0,0.473,1.347,0.0
1784380068.6989255,0,9199,40018,10233,0.0,0.0,0.0,0.473,1.347,0.0
1784380068.7491207,0,9209,40018,10233,0.0,0.0,0.0,0.474,1.347,0.0
1784380068.7957864,0,9219,40018,10233,0.0,0.0,0.0,0.474,1.346,0.0
1784380068.8533297,0,9229,40018,10233,0.0,0.0,0.0,0.474,1.346,0.0
1784380068.9141288,0,9239,40018,10233,0.0,0.0,0.0,0.474,1.346,0.0
1784380068.9768753,0,9249,40018,10233,0.0,0.0,0.0,0.475,1.346,0.0
1784380069.0271657,0,9259,40018,10233,0.0,0.0,0.0,0.475,1.346,0.0
1784380069.0687194,0,9269,40018,10233,0.0,0.0,0.0,0.475,1.345,0.0
1784380069.1144652,0,9279,40018,10233,0.0,0.0,0.0,0.476,1.345,0.0
1784380069.1770494,0,9289,40018,10233,0.0,0.0,0.0,0.476,1.345,0.0
1784380069.2287202,0,9299,40018,10233,0.0,0.0,0.0,0.476,1.345,0.0
1784380069.2783687,0,9309,40018,10233,0.0,0.0,0.0,0.476,1.344,0.0
1784380069.3272643,0,9319,40018,10233,0.0,0.0,0.0,0.477,1.344,0.0
1784380069.3829262,0,9329,40018,10233,0.0,0.0,0.0,0.477,1.344,0.0
1784380069.4280875,0,9339,40018,10233,0.0,0.0,0.0,0.477,1.344,0.0
1784380069.483966,0,9349,40018,10233,0.0,0.0,0.0,0.477,1.344,0.0
1784380069.530828,0,9359,40018,10233,0.0,0.0,0.0,0.478,1.343,0.0
1784380069.5824678,0,9369,40018,10233,0.0,0.0,0.0,0.478,1.343,0.0
1784380069.6549358,0,9379,40018,10233,0.0,0.0,0.0,0.478,1.343,0.0
1784380069.7167737,0,9389,40018,10233,0.0,0.0,0.0,0.478,1.343,0.0
1784380069.7588954,0,9399,40018,10233,0.0,0.0,0.0,0.479,1.342,0.0
1784380069.8221421,0,9409,40018,10233,0.0,0.0,0.0,0.479,1.342,0.0
1784380069.8689444,0,9419,40018,10233,0.0,0.0,0.0,0.479,1.342,0.0
1784380069.9347174,0,9429,40018,10233,0.0,0.0,0.0,0.48,1.342,0.0
1784380070.0041518,0,9439,40018,10233,0.0,0.0,0.0,0.48,1.342,0.0
1784380070.0664265,0,9449,40018,10233,0.0,0.0,0.0,0.48,1.341,0.0
1784380070.133821,0,9459,40018,10233,0.0,0.0,0.0,0.48,1.341,0.0
1784380070.1870599,0,9469,40018,10233,0.0,0.0,0.0,0.481,1.341,0.0
1784380070.2398293,0,9479,40018,10233,0.0,0.0,0.0,0.481,1.341,0.0
1784380070.2940354,0,9489,40018,10233,0.0,0.0,0.0,0.481,1.34,0.0
1784380070.354847,0,9499,40018,10233,0.0,0.0,0.0,0.481,1.34,0.0
1784380070.397022,0,9509,40018,10233,0.0,0.0,0.0,0.482,1.34,0.0
1784380070.4567873,0,9519,40018,10233,0.0,0.0,0.0,0.482,1.34,0.0
1784380070.5053842,0,9529,40018,10233,0.0,0.0,0.0,0.482,1.34,0.0
1784380070.5537987,0,9539,40018,10233,0.0,0.0,0.0,0.482,1.339,0.0
1784380070.6061523,0,9549,40018,10233,0.0,0.0,0.0,0.483,1.339,0.0
1784380070.6605716,0,9559,40018,10233,0.0,0.0,0.0,0.483,1.339,0.0
1784380070.7282288,0,9569,40018,10233,0.0,0.0,0.0,0.483,1.339,0.0
1784380070.78472,0,9579,40018,10233,0.0,0.0,0.0,0.483,1.338,0.0
1784380070.8430934,0,9589,40018,10233,0.0,0.0,0.0,0.484,1.338,0.0
1784380070.8958259,0,9599,40018,10233,0.0,0.0,0.0,0.484,1.338,0.0
1784380070.9490125,0,9609,40018,10233,0.0,0.0,0.0,0.484,1.338,0.0
1784380071.0136435,0,9619,40018,10233,0.0,0.0,0.0,0.485,1.338,0.0
1784380071.0644846,0,9627,40018,10235,0.0,0.0,0.0,0.485,1.337,0.0
1784380071.102203,0,9627,40018,10245,0.0,0.0,0.0,0.484,1.337,0.0
1784380071.1448667,0,9627,40018,10255,0.0,0.0,0.0,0.484,1.337,0.0
1784380071.1912494,0,9627,40018,10265,0.0,0.0,0.0,0.484,1.337,0.0
1784380071.2305422,0,9627,40018,10275,0.0,0.0,0.0,0.484,1.336,0.0
1784380071.2686648,0,9627,40018,10285,0.0,0.0,0.0,0.483,1.336,0.0
1784380071.3049722,0,9627,40018,10295,0.0,0.0,0.0,0.483,1.336,0.0
1784380071.34365,0,9627,40018,10305,0.0,0.0,0.0,0.483,1.336,0.0
1784380071.3836987,0,9627,40018,10315,0.0,0.0,0.0,0.483,1.335,0.0
1784380071.4127226,0,9627,40018,10325,0.0,0.0,0.0,0.483,1.335,0.0
1784380071.447469,0,9627,40018,10335,0.0,0.0,0.0,0.482,1.335,0.0
1784380071.4817348,0,9627,40018,10345,0.0,0.0,0.0,0.482,1.335,0.0
1784380071.5236878,0,9627,40018,10355,0.0,0.0,0.0,0.482,1.335,0.0
1784380071.5612695,0,9627,40018,10365,0.0,0.0,0.0,0.482,1.334,0.0
1784380071.6073217,0,9627,40018,10375,0.0,0.0,0.0,0.481,1.334,0.0
1784380071.6511974,0,9627,40018,10385,0.0,0.0,0.0,0.481,1.334,0.0
1784380071.69551,0,9627,40018,10395,0.0,0.0,0.0,0.481,1.334,0.0
1784380071.7315965,0,9627,40018,10405,0.0,0.0,0.0,0.481,1.333,0.0
1784380071.7635024,0,9627,40018,10415,0.0,0.0,0.0,0.48,1.333,0.0
1784380071.8017318,0,9627,40018,10425,0.0,0.0,0.0,0.48,1.333,0.0
1784380071.8363602,0,9627,40018,10435,0.0,0.0,0.0,0.48,1.333,0.0
1784380071.8873672,0,9627,40018,10445,0.0,0.0,0.0,0.48,1.333,0.0
1784380071.9328687,0,9627,40018,10455,0.0,0.0,0.0,0.479,1.332,0.0
1784380071.971636,0,9627,40018,10465,0.0,0.0,0.0,0.479,1.332,0.0
1784380072.0162055,0,9627,40018,10475,0.0,0.0,0.0,0.479,1.332,0.0
1784380072.0523882,0,9627,40018,10485,0.0,0.0,0.0,0.479,1.332,0.0
1784380072.0861988,0,9627,40018,10495,0.0,0.0,0.0,0.478,1.332,0.0
1784380072.1197302,0,9627,40018,10505,0.0,0.0,0.0,0.478,1.331,0.0
1784380072.1632335,0,9627,40018,10515,0.0,0.0,0.0,0.478,1.331,0.0
1784380072.2036483,0,9627,40018,10525,0.0,0.0,0.0,0.478,1.331,0.0
1784380072.235109,0,9627,40018,10535,0.0,0.0,0.0,0.477,1.331,0.0
1784380072.2707505,0,9627,40018,10545,0.0,0.0,0.0,0.477,1.33,0.0
1784380072.3138692,0,9627,40018,10555,0.0,0.0,0.0,0.477,1.33,0.0
1784380072.3498244,0,9627,40018,10565,0.0,0.0,0.0,0.477,1.33,0.0
1784380072.3923907,0,9627,40018,10575,0.0,0.0,0.0,0.477,1.33,0.0
1784380072.4215155,0,9627,40018,10585,0.0,0.0,0.0,0.476,1.33,0.0
1784380072.4632459,0,9627,40018,10595,0.0,0.0,0.0,0.476,1.329,0.0
1784380072.506298,0,9627,40018,10605,0.0,0.0,0.0,0.476,1.329,0.0
1784380072.5456903,0,9627,40018,10615,0.0,0.0,0.0,0.476,1.329,0.0
1784380072.586768,0,9627,40018,10625,0.0,0.0,0.0,0.475,1.329,0.0
1784380072.6274562,0,9627,40018,10635,0.0,0.0,0.0,0.475,1.328,0.0
1784380072.6631265,0,9627,40018,10645,0.0,0.0,0.0,0.475,1.328,0.0
1784380072.6930928,0,9627,40018,10655,0.0,0.0,0.0,0.475,1.328,0.0
1784380072.7362432,0,9627,40018,10665,0.0,0.0,0.0,0.474,1.328,0.0
1784380072.7710855,0,9627,40018,10675,0.0,0.0,0.0,0.474,1.328,0.0
1784380072.8122067,0,9627,40018,10685,0.0,0.0,0.0,0.474,1.327,0.0
1784380072.8527071,0,9627,40018,10695,0.0,0.0,0.0,0.474,1.327,0.0
1784380072.8900454,0,9627,40018,10705,0.0,0.0,0.0,0.473,1.327,0.0
1784380072.9275742,0,9627,40018,10715,0.0,0.0,0.0,0.473,1.327,0.0
1784380072.9715927,0,9627,40018,10725,0.0,0.0,0.0,0.473,1.326,0.0
1784380073.017203,0,9627,40018,10735,0.0,0.0,0.0,0.473,1.326,0.0
1784380073.0698524,0,9627,40018,10745,0.0,0.0,0.0,0.473,1.326,0.0
1784380073.111046,0,9627,40018,10755,0.0,0.0,0.0,0.472,1.326,0.0
1784380073.1521924,0,9627,40018,10765,0.0,0.0,0.0,0.472,1.326,0.0
1784380073.1982253,0,9627,40018,10775,0.0,0.0,0.0,0.472,1.325,0.0
1784380073.248798,0,9627,40018,10785,0.0,0.0,0.0,0.472,1.325,0.0
1784380073.2885072,0,9627,40018,10795,0.0,0.0,0.0,0.471,1.325,0.0
1784380073.3287692,0,9627,40018,10805,0.0,0.0,0.0,0.471,1.325,0.0
1784380073.370346,0,9627,40018,10815,0.0,0.0,0.0,0.471,1.324,0.0
1784380073.4148345,0,9627,40018,10825,0.0,0.0,0.0,0.471,1.324,0.0
1784380073.4465044,0,9627,40018,10835,0.0,0.0,0.0,0.47,1.324,0.0
1784380073.487654,0,9627,40018,10845,0.0,0.0,0.0,0.47,1.324,0.0
1784380073.519077,0,9627,40018,10855,0.0,0.0,0.0,0.47,1.324,0.0
1784380073.5608437,0,9627,40018,10865,0.0,0.0,0.0,0.47,1.323,0.0
1784380073.5851092,0,9627,40018,10875,0.0,0.0,0.0,0.47,1.323,0.0
1784380073.6339586,0,9627,40018,10885,0.0,0.0,0.0,0.469,1.323,0.0
1784380073.6706626,0,9627,40018,10895,0.0,0.0,0.0,0.469,1.323,0.0
1784380073.7112427,0,9627,40018,10905,0.0,0.0,0.0,0.469,1.323,0.0
1784380073.7435143,0,9627,40018,10915,0.0,0.0,0.0,0.469,1.322,0.0
1784380073.790648,0,9627,40018,10925,0.0,0.0,0.0,0.468,1.322,0.0
1784380073.8276877,0,9627,40018,10935,0.0,0.0,0.0,0.468,1.322,0.0
1784380073.868118,0,9627,40018,10945,0.0,0.0,0.0,0.468,1.322,0.0
1784380073.9076688,0,9627,40018,10955,0.0,0.0,0.0,0.468,1.321,0.0
1784380073.9462864,0,9627,40018,10965,0.0,0.0,0.0,0.468,1.321,0.0
1784380074.0075378,0,9627,40018,10975,0.0,0.0,0.0,0.467,1.321,0.0
1784380074.047827,0,9627,40018,10985,0.0,0.0,0.0,0.467,1.321,0.0
1784380074.0887043,0,9627,40018,10995,0.0,0.0,0.0,0.467,1.321,0.0
1784380074.1325414,0,9627,40018,11005,0.0,0.0,0.0,0.467,1.32,0.0
1784380074.165689,0,9627,40018,11015,0.0,0.0,0.0,0.466,1.32,0.0
1784380074.2030718,0,9627,40018,11025,0.0,0.0,0.0,0.466,1.32,0.0
1784380074.23661,0,9627,40018,11035,0.0,0.0,0.0,0.466,1.32,0.0
1784380074.2818503,0,9627,40018,11045,0.0,0.0,0.0,0.466,1.319,0.0
1784380074.3118768,0,9627,40018,11055,0.0,0.0,0.0,0.465,1.319,0.0
1784380074.3460035,0,9627,40018,11065,0.0,0.0,0.0,0.465,1.319,0.0
1784380074.382056,0,9627,40018,11075,0.0,0.0,0.0,0.465,1.319,0.0
1784380074.4221401,0,9627,40018,11085,0.0,0.0,0.0,0.465,1.319,0.0
1784380074.4574082,0,9627,40018,11095,0.0,0.0,0.0,0.465,1.318,0.0
1784380074.499229,0,9627,40018,11105,0.0,0.0,0.0,0.464,1.318,0.0
1784380074.5352657,0,9627,40018,11115,0.0,0.0,0.0,0.464,1.318,0.0
1784380074.5783553,0,9627,40018,11125,0.0,0.0,0.0,0.464,1.318,0.0
1784380074.6301847,0,9627,40018,11135,0.0,0.0,0.0,0.464,1.318,0.0
1784380074.6757972,0,9627,40018,11145,0.0,0.0,0.0,0.463,1.317,0.0
1784380074.7050152,0,9627,40018,11155,0.0,0.0,0.0,0.463,1.317,0.0
1784380074.7405872,0,9627,40018,11165,0.0,0.0,0.0,0.463,1.317,0.0
1784380074.7703166,0,9627,40018,11175,0.0,0.0,0.0,0.463,1.317,0.0
1784380074.8082938,0,9627,40018,11185,0.0,0.0,0.0,0.463,1.316,0.0
1784380074.844148,0,9627,40018,11195,0.0,0.0,0.0,0.462,1.316,0.0
1784380074.8798308,0,9627,40018,11205,0.0,0.0,0.0,0.462,1.316,0.0
1784380074.9163818,0,9627,40018,11215,0.0,0.0,0.0,0.462,1.316,0.0
1784380074.9620898,0,9627,40018,11225,0.0,0.0,0.0,0.462,1.316,0.0
1784380075.0001805,0,9627,40018,11235,0.0,0.0,0.0,0.461,1.315,0.0
1784380075.0371811,0,9627,40018,11245,0.0,0.0,0.0,0.461,1.315,0.0
1784380075.0740316,0,9627,40018,11255,0.0,0.0,0.0,0.461,1.315,0.0
1784380075.110262,0,9627,40018,11265,0.0,0.0,0.0,0.461,1.315,0.0
1784380075.1499884,0,9627,40018,11275,0.0,0.0,0.0,0.461,1.314,0.0
1784380075.1848063,0,9627,40018,11285,0.0,0.0,0.0,0.46,1.314,0.0
1784380075.221272,0,9627,40018,11295,0.0,0.0,0.0,0.46,1.314,0.0
1784380075.2539709,0,9627,40018,11305,0.0,0.0,0.0,0.46,1.314,0.0
1784380075.2936068,0,9627,40018,11315,0.0,0.0,0.0,0.46,1.314,0.0
1784380075.3371007,0,9627,40018,11325,0.0,0.0,0.0,0.459,1.313,0.0
1784380075.3755958,0,9627,40018,11335,0.0,0.0,0.0,0.459,1.313,0.0
1784380075.423158,0,9627,40018,11345,0.0,0.0,0.0,0.459,1.313,0.0
1784380075.4589388,0,9627,40018,11355,0.0,0.0,0.0,0.459,1.313,0.0
1784380075.4891806,0,9627,40018,11365,0.0,0.0,0.0,0.459,1.313,0.0
1784380075.526264,0,9627,40018,11375,0.0,0.0,0.0,0.458,1.312,0.0
1784380075.5570128,0,9627,40018,11385,0.0,0.0,0.0,0.458,1.312,0.0
1784380075.5903387,0,9627,40018,11395,0.0,0.0,0.0,0.458,1.312,0.0
1784380075.6198814,0,9627,40018,11405,0.0,0.0,0.0,0.458,1.312,0.0
1784380075.6616182,0,9627,40018,11415,0.0,0.0,0.0,0.458,1.311,0.0
1784380075.6986597,0,9627,40018,11425,0.0,0.0,0.0,0.457,1.311,0.0
1784380075.7362394,0,9627,40018,11435,0.0,0.0,0.0,0.457,1.311,0.0
1784380075.7723129,0,9627,40018,11445,0.0,0.0,0.0,0.457,1.311,0.0
1784380075.811418,0,9627,40018,11455,0.0,0.0,0.0,0.457,1.311,0.0
1784380075.8443236,0,9627,40018,11465,0.0,0.0,0.0,0.456,1.31,0.0
1784380075.8831742,0,9627,40018,11475,0.0,0.0,0.0,0.456,1.31,0.0
1784380075.9261045,0,9627,40018,11485,0.0,0.0,0.0,0.456,1.31,0.0
1784380075.9685888,0,9627,40018,11495,0.0,0.0,0.0,0.456,1.31,0.0
1784380076.0035877,0,9627,40018,11505,0.0,0.0,0.0,0.456,1.31,0.0
1784380076.044028,0,9627,40018,11515,0.0,0.0,0.0,0.455,1.309,0.0
1784380076.083045,0,9627,40018,11525,0.0,0.0,0.0,0.455,1.309,0.0
1784380076.1220834,0,9627,40018,11535,0.0,0.0,0.0,0.455,1.309,0.0
1784380076.163908,0,9627,40018,11545,0.0,0.0,0.0,0.455,1.309,0.0
1784380076.2069955,0,9627,40018,11555,0.0,0.0,0.0,0.454,1.308,0.0
1784380076.2620175,0,9627,40018,11565,0.0,0.0,0.0,0.454,1.308,0.0
1784380076.2929506,0,9627,40018,11575,0.0,0.0,0.0,0.454,1.308,0.0
1784380076.330119,0,9627,40018,11585,0.0,0.0,0.0,0.454,1.308,0.0
1784380076.3666477,0,9627,40018,11595,0.0,0.0,0.0,0.454,1.308,0.0
1784380076.4032173,0,9627,40018,11605,0.0,0.0,0.0,0.453,1.307,0.0
1784380076.4395294,0,9627,40018,11615,0.0,0.0,0.0,0.453,1.307,0.0
1784380076.477185,0,9627,40018,11625,0.0,0.0,0.0,0.453,1.307,0.0
1784380076.518537,0,9627,40018,11635,0.0,0.0,0.0,0.453,1.307,0.0
1784380076.550196,0,9627,40018,11645,0.0,0.0,0.0,0.453,1.307,0.0
1784380076.5897443,0,9627,40018,11655,0.0,0.0,0.0,0.452,1.306,0.0
1784380076.629433,0,9627,40018,11665,0.0,0.0,0.0,0.452,1.306,0.0
1784380076.6681561,0,9627,40018,11675,0.0,0.0,0.0,0.452,1.306,0.0
1784380076.7088969,0,9627,40018,11685,0.0,0.0,0.0,0.452,1.306,0.0
1784380076.7437434,0,9627,40018,11695,0.0,0.0,0.0,0.452,1.306,0.0
1784380076.772906,0,9627,40018,11705,0.0,0.0,0.0,0.451,1.305,0.0
1784380076.808206,0,9627,40018,11715,0.0,0.0,0.0,0.451,1.305,0.0
1784380076.8433774,0,9627,40018,11725,0.0,0.0,0.0,0.451,1.305,0.0
1784380076.8766437,0,9627,40018,11735,0.0,0.0,0.0,0.451,1.305,0.0
1784380076.9099135,0,9627,40018,11745,0.0,0.0,0.0,0.45,1.304,0.0
1784380076.9415457,0,9627,40018,11755,0.0,0.0,0.0,0.45,1.304,0.0
1784380076.9792428,0,9627,40018,11765,0.0,0.0,0.0,0.45,1.304,0.0
1784380077.0089934,0,9627,40018,11775,0.0,0.0,0.0,0.45,1.304,0.0
1784380077.0472844,0,9627,40018,11785,0.0,0.0,0.0,0.45,1.304,0.0
1784380077.0851576,0,9627,40018,11795,0.0,0.0,0.0,0.449,1.303,0.0
1784380077.1268733,0,9627,40018,11805,0.0,0.0,0.0,0.449,1.303,0.0
1784380077.1659243,0,9627,40018,11815,0.0,0.0,0.0,0.449,1.303,0.0
1784380077.2045255,0,9627,40018,11825,0.0,0.0,0.0,0.449,1.303,0.0
1784380077.247925,0,9627,40018,11835,0.0,0.0,0.0,0.449,1.303,0.0
1784380077.2683787,0,9627,40018,11845,0.0,0.0,0.0,0.448,1.302,0.0
1784380077.3118975,0,9627,40018,11855,0.0,0.0,0.0,0.448,1.302,0.0
1784380077.3481925,0,9627,40018,11865,0.0,0.0,0.0,0.448,1.302,0.0
1784380077.3887022,0,9627,40018,11875,0.0,0.0,0.0,0.448,1.302,0.0
1784380077.4319537,0,9627,40018,11885,0.0,0.0,0.0,0.448,1.301,0.0
1784380077.476642,0,9627,40018,11895,0.0,0.0,0.0,0.447,1.301,0.0
1784380077.5134835,0,9627,40018,11905,0.0,0.0,0.0,0.447,1.301,0.0
1784380077.5503333,0,9627,40018,11915,0.0,0.0,0.0,0.447,1.301,0.0
1784380077.5948117,0,9627,40018,11925,0.0,0.0,0.0,0.447,1.301,0.0
1784380077.63097,0,9627,40018,11935,0.0,0.0,0.0,0.446,1.3,0.0
1784380077.6681392,0,9627,40018,11945,0.0,0.0,0.0,0.446,1.3,0.0
1784380077.7071433,0,9627,40018,11955,0.0,0.0,0.0,0.446,1.3,0.0
1784380077.7343175,0,9627,40018,11965,0.0,0.0,0.0,0.446,1.3,0.0
1784380077.767416,0,9627,40018,11975,0.0,0.0,0.0,0.446,1.3,0.0
1784380077.801512,0,9627,40018,11985,0.0,0.0,0.0,0.445,1.299,0.0
1784380077.8398888,0,9627,40018,11995,0.0,0.0,0.0,0.445,1.299,0.0
1784380077.8758733,0,9627,40018,12005,0.0,0.0,0.0,0.445,1.299,0.0
1784380077.9079022,0,9627,40018,12015,0.0,0.0,0.0,0.445,1.299,0.0
1784380077.9432275,0,9627,40018,12025,0.0,0.0,0.0,0.445,1.299,0.0
1784380077.9795072,0,9627,40018,12035,0.0,0.0,0.0,0.444,1.298,0.0
1784380078.015036,0,9627,40018,12045,0.0,0.0,0.0,0.444,1.298,0.0
1784380078.0521564,0,9627,40018,12055,0.0,0.0,0.0,0.444,1.298,0.0
1784380078.0802972,0,9627,40018,12065,0.0,0.0,0.0,0.444,1.298,0.0
1784380078.1133544,0,9627,40018,12075,0.0,0.0,0.0,0.444,1.297,0.0
1784380078.151927,0,9627,40018,12085,0.0,0.0,0.0,0.443,1.297,0.0
1784380078.1944406,0,9627,40018,12095,0.0,0.0,0.0,0.443,1.297,0.0
1784380078.2346563,0,9627,40018,12105,0.0,0.0,0.0,0.443,1.297,0.0
1784380078.2659893,0,9627,40018,12115,0.0,0.0,0.0,0.443,1.297,0.0
1784380078.3014197,0,9627,40018,12125,0.0,0.0,0.0,0.443,1.296,0.0
1784380078.33627,0,9627,40018,12135,0.0,0.0,0.0,0.442,1.296,0.0
1784380078.3704078,0,9627,40018,12145,0.0,0.0,0.0,0.442,1.296,0.0
1784380078.4080882,0,9627,40018,12155,0.0,0.0,0.0,0.442,1.296,0.0
1784380078.44325,0,9627,40018,12165,0.0,0.0,0.0,0.442,1.296,0.0
1784380078.4735436,0,9627,40018,12175,0.0,0.0,0.0,0.442,1.295,0.0
1784380078.515457,0,9627,40018,12185,0.0,0.0,0.0,0.441,1.295,0.0
1784380078.5483541,0,9627,40018,12195,0.0,0.0,0.0,0.441,1.295,0.0
1784380078.577951,0,9627,40018,12205,0.0,0.0,0.0,0.441,1.295,0.0
1784380078.6194005,0,9627,40018,12215,0.0,0.0,0.0,0.441,1.295,0.0
1784380078.660722,0,9627,40018,12225,0.0,0.0,0.0,0.441,1.294,0.0
1784380078.6928637,0,9627,40018,12235,0.0,0.0,0.0,0.44,1.294,0.0
1784380078.7282624,0,9627,40018,12245,0.0,0.0,0.0,0.44,1.294,0.0
1784380078.7594936,0,9627,40018,12255,0.0,0.0,0.0,0.44,1.294,0.0
1784380078.801373,0,9627,40018,12265,0.0,0.0,0.0,0.44,1.294,0.0
1784380078.844929,0,9627,40018,12275,0.0,0.0,0.0,0.44,1.293,0.0
1784380078.8787735,0,9627,40018,12285,0.0,0.0,0.0,0.439,1.293,0.0
1784380078.9092898,0,9627,40018,12295,0.0,0.0,0.0,0.439,1.293,0.0
1784380078.9468443,0,9627,40018,12305,0.0,0.0,0.0,0.439,1.293,0.0
1784380078.9809556,0,9627,40018,12315,0.0,0.0,0.0,0.439,1.292,0.0
1784380079.0133727,0,9627,40018,12325,0.0,0.0,0.0,0.439,1.292,0.0
1784380079.0431635,0,9627,40018,12335,0.0,0.0,0.0,0.438,1.292,0.0
1784380079.0738614,0,9627,40018,12345,0.0,0.0,0.0,0.438,1.292,0.0
1784380079.1134503,0,9627,40018,12355,0.0,0.0,0.0,0.438,1.292,0.0
1784380079.1515508,0,9627,40018,12365,0.0,0.0,0.0,0.438,1.291,0.0
1784380079.190326,0,9627,40018,12375,0.0,0.0,0.0,0.438,1.291,0.0
1784380079.2251217,0,9627,40018,12385,0.0,0.0,0.0,0.437,1.291,0.0
1784380079.276224,0,9627,40018,12395,0.0,0.0,0.0,0.437,1.291,0.0
1784380079.3142571,0,9627,40018,12405,0.0,0.0,0.0,0.437,1.291,0.0
1784380079.3389344,0,9627,40018,12415,0.0,0.0,0.0,0.437,1.29,0.0
1784380079.382174,0,9627,40018,12425,0.0,0.0,0.0,0.437,1.29,0.0
1784380079.427353,0,9627,40018,12435,0.0,0.0,0.0,0.436,1.29,0.0
1784380079.4682934,0,9627,40018,12445,0.0,0.0,0.0,0.436,1.29,0.0
1784380079.5100615,0,9627,40018,12455,0.0,0.0,0.0,0.436,1.29,0.0
1784380079.5470405,0,9627,40018,12465,0.0,0.0,0.0,0.436,1.289,0.0
1784380079.5909631,0,9627,40018,12475,0.0,0.0,0.0,0.436,1.289,0.0
1784380079.6379735,0,9627,40018,12485,0.0,0.0,0.0,0.435,1.289,0.0
1784380079.6937647,0,9627,40018,12495,0.0,0.0,0.0,0.435,1.289,0.0
1784380079.7353165,0,9627,40018,12505,0.0,0.0,0.0,0.435,1.289,0.0
1784380079.7715435,0,9627,40018,12515,0.0,0.0,0.0,0.435,1.288,0.0
1784380079.806135,0,9627,40018,12525,0.0,0.0,0.0,0.435,1.288,0.0
1784380079.8361733,0,9627,40018,12535,0.0,0.0,0.0,0.434,1.288,0.0
1784380079.8711858,0,9627,40018,12545,0.0,0.0,0.0,0.434,1.288,0.0
1784380079.9170468,0,9627,40018,12555,0.0,0.0,0.0,0.434,1.287,0.0
1784380079.9514089,0,9627,40018,12565,0.0,0.0,0.0,0.434,1.287,0.0
1784380079.98833,0,9627,40018,12575,0.0,0.0,0.0,0.434,1.287,0.0
1784380080.0225523,0,9627,40018,12585,0.0,0.0,0.0,0.433,1.287,0.0
1784380080.058741,0,9627,40018,12595,0.0,0.0,0.0,0.433,1.287,0.0
1784380080.096146,0,9627,40018,12605,0.0,0.0,0.0,0.433,1.286,0.0
1784380080.1337068,0,9627,40018,12615,0.0,0.0,0.0,0.433,1.286,0.0
1784380080.1661716,0,9627,40018,12625,0.0,0.0,0.0,0.433,1.286,0.0
1784380080.2054863,0,9627,40018,12635,0.0,0.0,0.0,0.432,1.286,0.0
1784380080.2390137,0,9627,40018,12645,0.0,0.0,0.0,0.432,1.286,0.0
1784380080.2817438,0,9627,40018,12655,0.0,0.0,0.0,0.432,1.285,0.0
1784380080.3144386,0,9627,40018,12665,0.0,0.0,0.0,0.432,1.285,0.0
1784380080.353941,0,9627,40018,12675,0.0,0.0,0.0,0.432,1.285,0.0
1784380080.38358,0,9627,40018,12685,0.0,0.0,0.0,0.431,1.285,0.0
1784380080.4183948,0,9627,40018,12695,0.0,0.0,0.0,0.431,1.285,0.0
1784380080.4524164,0,9627,40018,12705,0.0,0.0,0.0,0.431,1.284,0.0
1784380080.4897888,0,9627,40018,12715,0.0,0.0,0.0,0.431,1.284,0.0
1784380080.5314748,0,9627,40018,12725,0.0,0.0,0.0,0.431,1.284,0.0
1784380080.5684931,0,9627,40018,12735,0.0,0.0,0.0,0.431,1.284,0.0
1784380080.6029043,0,9627,40018,12745,0.0,0.0,0.0,0.43,1.284,0.0
1784380080.641238,0,9627,40018,12755,0.0,0.0,0.0,0.43,1.283,0.0
1784380080.685698,0,9627,40018,12765,0.0,0.0,0.0,0.43,1.283,0.0
1784380080.7264771,0,9627,40018,12775,0.0,0.0,0.0,0.43,1.283,0.0
1784380080.7658818,0,9627,40018,12785,0.0,0.0,0.0,0.43,1.283,0.0
1784380080.7966933,0,9627,40018,12795,0.0,0.0,0.0,0.429,1.283,0.0
1784380080.833855,0,9627,40018,12805,0.0,0.0,0.0,0.429,1.282,0.0
1784380080.881476,0,9627,40018,12815,0.0,0.0,0.0,0.429,1.282,0.0
1784380080.9157677,0,9627,40018,12825,0.0,0.0,0.0,0.429,1.282,0.0
1784380080.9585822,0,9627,40018,12835,0.0,0.0,0.0,0.429,1.282,0.0
1784380080.996165,0,9627,40018,12845,0.0,0.0,0.0,0.428,1.282,0.0
1784380081.0312693,0,9627,40018,12855,0.0,0.0,0.0,0.428,1.281,0.0
1784380081.0684876,0,9627,40018,12865,0.0,0.0,0.0,0.428,1.281,0.0
1784380081.1030438,0,9627,40018,12875,0.0,0.0,0.0,0.428,1.281,0.0
1784380081.1425705,0,9627,40018,12885,0.0,0.0,0.0,0.428,1.281,0.0
1784380081.1799867,0,9627,40018,12895,0.0,0.0,0.0,0.427,1.28,0.0
1784380081.213744,0,9627,40018,12905,0.0,0.0,0.0,0.427,1.28,0.0
1784380081.250526,0,9627,40018,12915,0.0,0.0,0.0,0.427,1.28,0.0
1784380081.2931132,0,9627,40018,12925,0.0,0.0,0.0,0.427,1.28,0.0
1784380081.325128,0,9627,40018,12935,0.0,0.0,0.0,0.427,1.28,0.0
1784380081.362436,0,9627,40018,12945,0.0,0.0,0.0,0.427,1.279,0.0
1784380081.3965669,0,9627,40018,12955,0.0,0.0,0.0,0.426,1.279,0.0
1784380081.4367578,0,9627,40018,12965,0.0,0.0,0.0,0.426,1.279,0.0
1784380081.4752357,0,9627,40018,12975,0.0,0.0,0.0,0.426,1.279,0.0
1784380081.5096588,0,9627,40018,12985,0.0,0.0,0.0,0.426,1.279,0.0
1784380081.5442214,0,9627,40018,12995,0.0,0.0,0.0,0.426,1.278,0.0
1784380081.5824814,0,9627,40018,13005,0.0,0.0,0.0,0.425,1.278,0.0
1784380081.626017,0,9627,40018,13015,0.0,0.0,0.0,0.425,1.278,0.0
1784380081.663559,0,9627,40018,13025,0.0,0.0,0.0,0.425,1.278,0.0
1784380081.700735,0,9627,40018,13035,0.0,0.0,0.0,0.425,1.278,0.0
1784380081.7366,0,9627,40018,13045,0.0,0.0,0.0,0.425,1.277,0.0
1784380081.7735345,0,9627,40018,13055,0.0,0.0,0.0,0.424,1.277,0.0
1784380081.8127062,0,9627,40018,13065,0.0,0.0,0.0,0.424,1.277,0.0
1784380081.8609934,0,9627,40018,13075,0.0,0.0,0.0,0.424,1.277,0.0
1784380081.8978314,0,9627,40018,13085,0.0,0.0,0.0,0.424,1.277,0.0
1784380081.93784,0,9627,40018,13095,0.0,0.0,0.0,0.424,1.276,0.0
1784380081.9747481,0,9627,40018,13105,0.0,0.0,0.0,0.423,1.276,0.0
1784380082.007071,0,9627,40018,13115,0.0,0.0,0.0,0.423,1.276,0.0
1784380082.0408943,0,9627,40018,13125,0.0,0.0,0.0,0.423,1.276,0.0
1784380082.0804996,0,9627,40018,13135,0.0,0.0,0.0,0.423,1.276,0.0
1784380082.1150699,0,9627,40018,13145,0.0,0.0,0.0,0.423,1.275,0.0
1784380082.1509395,0,9627,40018,13155,0.0,0.0,0.0,0.423,1.275,0.0
1784380082.1868677,0,9627,40018,13165,0.0,0.0,0.0,0.422,1.275,0.0
1784380082.2190292,0,9627,40018,13175,0.0,0.0,0.0,0.422,1.275,0.0
1784380082.264326,0,9627,40018,13185,0.0,0.0,0.0,0.422,1.275,0.0
1784380082.3151712,0,9627,40018,13195,0.0,0.0,0.0,0.422,1.274,0.0
1784380082.3500931,0,9627,40018,13205,0.0,0.0,0.0,0.422,1.274,0.0
1784380082.37962,0,9627,40018,13215,0.0,0.0,0.0,0.421,1.274,0.0
1784380082.4140692,0,9627,40018,13225,0.0,0.0,0.0,0.421,1.274,0.0
1784380082.4460368,0,9627,40018,13235,0.0,0.0,0.0,0.421,1.274,0.0
1784380082.4812384,0,9627,40018,13245,0.0,0.0,0.0,0.421,1.273,0.0
1784380082.5108843,0,9627,40018,13255,0.0,0.0,0.0,0.421,1.273,0.0
1784380082.548306,0,9627,40018,13265,0.0,0.0,0.0,0.421,1.273,0.0
1784380082.5934966,0,9627,40018,13275,0.0,0.0,0.0,0.42,1.273,0.0
1784380082.633363,0,9627,40018,13285,0.0,0.0,0.0,0.42,1.273,0.0
1784380082.673721,0,9627,40018,13295,0.0,0.0,0.0,0.42,1.272,0.0
1784380082.714575,0,9627,40018,13305,0.0,0.0,0.0,0.42,1.272,0.0
1784380082.7515078,0,9627,40018,13315,0.0,0.0,0.0,0.42,1.272,0.0
1784380082.7908254,0,9627,40018,13325,0.0,0.0,0.0,0.419,1.272,0.0
1784380082.826948,0,9627,40018,13335,0.0,0.0,0.0,0.419,1.272,0.0
1784380082.8579304,0,9627,40018,13345,0.0,0.0,0.0,0.419,1.271,0.0
1784380082.8963234,0,9627,40018,13355,0.0,0.0,0.0,0.419,1.271,0.0
1784380082.9297166,0,9627,40018,13365,0.0,0.0,0.0,0.419,1.271,0.0
1784380082.9703417,0,9627,40018,13375,0.0,0.0,0.0,0.419,1.271,0.0
1784380083.001471,0,9627,40018,13385,0.0,0.0,0.0,0.418,1.271,0.0
1784380083.0370486,0,9627,40018,13395,0.0,0.0,0.0,0.418,1.27,0.0
1784380083.0736632,0,9627,40018,13405,0.0,0.0,0.0,0.418,1.27,0.0
1784380083.1131594,0,9627,40018,13415,0.0,0.0,0.0,0.418,1.27,0.0
1784380083.1561515,0,9627,40018,13425,0.0,0.0,0.0,0.418,1.27,0.0
1784380083.187506,0,9627,40018,13435,0.0,0.0,0.0,0.417,1.27,0.0
1784380083.2204506,0,9627,40018,13445,0.0,0.0,0.0,0.417,1.269,0.0
1784380083.252872,0,9627,40018,13455,0.0,0.0,0.0,0.417,1.269,0.0
1784380083.2965472,0,9627,40018,13465,0.0,0.0,0.0,0.417,1.269,0.0
1784380083.3261778,0,9627,40018,13475,0.0,0.0,0.0,0.417,1.269,0.0
1784380083.360443,0,9627,40018,13485,0.0,0.0,0.0,0.417,1.269,0.0
1784380083.3949304,0,9627,40018,13495,0.0,0.0,0.0,0.416,1.268,0.0
1784380083.435453,0,9627,40018,13505,0.0,0.0,0.0,0.416,1.268,0.0
1784380083.4691317,0,9627,40018,13515,0.0,0.0,0.0,0.416,1.268,0.0
1784380083.5075204,0,9627,40018,13525,0.0,0.0,0.0,0.416,1.268,0.0
1784380083.545478,0,9627,40018,13535,0.0,0.0,0.0,0.416,1.268,0.0
1784380083.5821407,0,9627,40018,13545,0.0,0.0,0.0,0.415,1.267,0.0
1784380083.6255088,0,9627,40018,13555,0.0,0.0,0.0,0.415,1.267,0.0
1784380083.6623256,0,9627,40018,13565,0.0,0.0,0.0,0.415,1.267,0.0
1784380083.6991427,0,9627,40018,13575,0.0,0.0,0.0,0.415,1.267,0.0
1784380083.7423017,0,9627,40018,13585,0.0,0.0,0.0,0.415,1.267,0.0
1784380083.78017,0,9627,40018,13595,0.0,0.0,0.0,0.415,1.266,0.0
1784380083.8172562,0,9627,40018,13605,0.0,0.0,0.0,0.414,1.266,0.0
1784380083.8627071,0,9627,40018,13615,0.0,0.0,0.0,0.414,1.266,0.0
1784380083.8997748,0,9627,40018,13625,0.0,0.0,0.0,0.414,1.266,0.0
1784380083.9489374,0,9627,40018,13635,0.0,0.0,0.0,0.414,1.266,0.0
1784380084.0044005,0,9627,40018,13645,0.0,0.0,0.0,0.414,1.265,0.0
1784380084.0395243,0,9627,40018,13655,0.0,0.0,0.0,0.413,1.265,0.0
1784380084.0775347,0,9627,40018,13665,0.0,0.0,0.0,0.413,1.265,0.0
1784380084.1167717,0,9627,40018,13675,0.0,0.0,0.0,0.413,1.265,0.0
1784380084.1464052,0,9627,40018,13685,0.0,0.0,0.0,0.413,1.265,0.0
1784380084.179894,0,9627,40018,13695,0.0,0.0,0.0,0.413,1.264,0.0
1784380084.210389,0,9627,40018,13705,0.0,0.0,0.0,0.413,1.264,0.0
1784380084.2530184,0,9627,40018,13715,0.0,0.0,0.0,0.412,1.264,0.0
1784380084.299351,0,9627,40018,13725,0.0,0.0,0.0,0.412,1.264,0.0
1784380084.3418365,0,9627,40018,13735,0.0,0.0,0.0,0.412,1.264,0.0
1784380084.3824222,0,9627,40018,13745,0.0,0.0,0.0,0.412,1.263,0.0
1784380084.4223664,0,9627,40018,13755,0.0,0.0,0.0,0.412,1.263,0.0
1784380084.4645574,0,9627,40018,13765,0.0,0.0,0.0,0.412,1.263,0.0
1784380084.505167,0,9627,40018,13775,0.0,0.0,0.0,0.411,1.263,0.0
1784380084.5338898,0,9627,40018,13785,0.0,0.0,0.0,0.411,1.263,0.0
1784380084.5705135,0,9627,40018,13795,0.0,0.0,0.0,0.411,1.262,0.0
1784380084.6122754,0,9627,40018,13805,0.0,0.0,0.0,0.411,1.262,0.0
1784380084.6470253,0,9627,40018,13815,0.0,0.0,0.0,0.411,1.262,0.0
1784380084.6880088,0,9627,40018,13825,0.0,0.0,0.0,0.41,1.262,0.0
1784380084.7168565,0,9627,40018,13835,0.0,0.0,0.0,0.41,1.262,0.0
1784380084.7458105,0,9627,40018,13845,0.0,0.0,0.0,0.41,1.261,0.0
1784380084.7844572,0,9627,40018,13855,0.0,0.0,0.0,0.41,1.261,0.0
1784380084.823337,0,9627,40018,13865,0.0,0.0,0.0,0.41,1.261,0.0
1784380084.8623493,0,9627,40018,13875,0.0,0.0,0.0,0.41,1.261,0.0
1784380084.896749,0,9627,40018,13885,0.0,0.0,0.0,0.409,1.261,0.0
1784380084.9425223,0,9627,40018,13895,0.0,0.0,0.0,0.409,1.26,0.0
1784380084.9866192,0,9627,40018,13905,0.0,0.0,0.0,0.409,1.26,0.0
1784380085.0317264,0,9627,40018,13915,0.0,0.0,0.0,0.409,1.26,0.0
1784380085.0842457,0,9627,40018,13925,0.0,0.0,0.0,0.409,1.26,0.0
1784380085.1255531,0,9627,40018,13935,0.0,0.0,0.0,0.409,1.26,0.0
1784380085.1608334,0,9627,40018,13945,0.0,0.0,0.0,0.408,1.259,0.0
1784380085.197953,0,9627,40018,13955,0.0,0.0,0.0,0.408,1.259,0.0
1784380085.232345,0,9627,40018,13965,0.0,0.0,0.0,0.408,1.259,0.0
1784380085.2750852,0,9627,40018,13975,0.0,0.0,0.0,0.408,1.259,0.0
1784380085.317941,0,9627,40018,13985,0.0,0.0,0.0,0.408,1.259,0.0
1784380085.3548641,0,9627,40018,13995,0.0,0.0,0.0,0.408,1.258,0.0
1784380085.3937206,0,9627,40018,14005,0.0,0.0,0.0,0.407,1.258,0.0
1784380085.4359016,0,9627,40018,14015,0.0,0.0,0.0,0.407,1.258,0.0
1784380085.4697618,0,9627,40018,14025,0.0,0.0,0.0,0.407,1.258,0.0
1784380085.5029957,0,9627,40018,14035,0.0,0.0,0.0,0.407,1.258,0.0
1784380085.5416992,0,9627,40018,14045,0.0,0.0,0.0,0.407,1.257,0.0
1784380085.5693355,0,9627,40018,14055,0.0,0.0,0.0,0.407,1.257,0.0
1784380085.6030562,0,9627,40018,14065,0.0,0.0,0.0,0.406,1.257,0.0
1784380085.6448498,0,9627,40018,14075,0.0,0.0,0.0,0.406,1.257,0.0
1784380085.688355,0,9627,40018,14085,0.0,0.0,0.0,0.406,1.257,0.0
1784380085.7293324,0,9627,40018,14095,0.0,0.0,0.0,0.406,1.256,0.0
1784380085.7696836,0,9627,40018,14105,0.0,0.0,0.0,0.406,1.256,0.0
1784380085.8062277,0,9627,40018,14115,0.0,0.0,0.0,0.405,1.256,0.0
1784380085.8313465,0,9627,40018,14125,0.0,0.0,0.0,0.405,1.256,0.0
1784380085.8743842,0,9627,40018,14135,0.0,0.0,0.0,0.405,1.256,0.0
1784380085.907871,0,9627,40018,14145,0.0,0.0,0.0,0.405,1.255,0.0
1784380085.9418354,0,9627,40018,14155,0.0,0.0,0.0,0.405,1.255,0.0
1784380085.9792686,0,9627,40018,14165,0.0,0.0,0.0,0.405,1.255,0.0
1784380086.0138159,0,9627,40018,14175,0.0,0.0,0.0,0.404,1.255,0.0
1784380086.051287,0,9627,40018,14185,0.0,0.0,0.0,0.404,1.255,0.0
1784380086.0994282,0,9627,40018,14195,0.0,0.0,0.0,0.404,1.254,0.0
1784380086.1531262,0,9627,40018,14205,0.0,0.0,0.0,0.404,1.254,0.0
1784380086.18766,0,9627,40018,14215,0.0,0.0,0.0,0.404,1.254,0.0
1784380086.2225485,0,9627,40018,14225,0.0,0.0,0.0,0.404,1.254,0.0
1784380086.2456725,0,9627,40018,14235,0.0,0.0,0.0,0.403,1.254,0.0
1784380086.2915056,0,9627,40018,14245,0.0,0.0,0.0,0.403,1.253,0.0
1784380086.327649,0,9627,40018,14255,0.0,0.0,0.0,0.403,1.253,0.0
1784380086.364625,0,9627,40018,14265,0.0,0.0,0.0,0.403,1.253,0.0
1784380086.4044662,0,9627,40018,14275,0.0,0.0,0.0,0.403,1.253,0.0
1784380086.4450705,0,9627,40018,14285,0.0,0.0,0.0,0.403,1.253,0.0
1784380086.4841585,0,9627,40018,14295,0.0,0.0,0.0,0.402,1.253,0.0
1784380086.508613,0,9627,40018,14305,0.0,0.0,0.0,0.402,1.252,0.0
1784380086.543729,0,9627,40018,14315,0.0,0.0,0.0,0.402,1.252,0.0
1784380086.576292,0,9627,40018,14325,0.0,0.0,0.0,0.402,1.252,0.0
1784380086.6168334,0,9627,40018,14335,0.0,0.0,0.0,0.402,1.252,0.0
1784380086.6596434,0,9627,40018,14345,0.0,0.0,0.0,0.402,1.252,0.0
1784380086.698913,0,9627,40018,14355,0.0,0.0,0.0,0.401,1.251,0.0
1784380086.7393208,0,9627,40018,14365,0.0,0.0,0.0,0.401,1.251,0.0
1784380086.7792866,0,9627,40018,14375,0.0,0.0,0.0,0.401,1.251,0.0
1784380086.8180797,0,9627,40018,14385,0.0,0.0,0.0,0.401,1.251,0.0
1784380086.8470435,0,9627,40018,14395,0.0,0.0,0.0,0.401,1.251,0.0
1784380086.885684,0,9627,40018,14405,0.0,0.0,0.0,0.401,1.25,0.0
1784380086.921114,0,9627,40018,14415,0.0,0.0,0.0,0.4,1.25,0.0
1784380086.9573526,0,9627,40018,14425,0.0,0.0,0.0,0.4,1.25,0.0
1784380086.9895473,0,9627,40018,14435,0.0,0.0,0.0,0.4,1.25,0.0
1784380087.031294,0,9627,40018,14445,0.0,0.0,0.0,0.4,1.25,0.0
1784380087.0656126,0,9627,40018,14455,0.0,0.0,0.0,0.4,1.249,0.0
1784380087.0887272,0,9627,40018,14465,0.0,0.0,0.0,0.4,1.249,0.0
1784380087.1270895,0,9627,40018,14475,0.0,0.0,0.0,0.399,1.249,0.0
1784380087.1657133,0,9627,40018,14485,0.0,0.0,0.0,0.399,1.249,0.0
1784380087.2007122,0,9627,40018,14495,0.0,0.0,0.0,0.399,1.249,0.0
1784380087.2405658,0,9627,40018,14505,0.0,0.0,0.0,0.399,1.248,0.0
1784380087.2753386,0,9627,40018,14515,0.0,0.0,0.0,0.399,1.248,0.0
1784380087.311633,0,9627,40018,14525,0.0,0.0,0.0,0.399,1.248,0.0
1784380087.3331528,0,9627,40018,14535,0.0,0.0,0.0,0.398,1.248,0.0
1784380087.3718336,0,9627,40018,14545,0.0,0.0,0.0,0.398,1.248,0.0
1784380087.408968,0,9627,40018,14555,0.0,0.0,0.0,0.398,1.247,0.0
1784380087.4426386,0,9627,40018,14565,0.0,0.0,0.0,0.398,1.247,0.0
1784380087.4776478,0,9627,40018,14575,0.0,0.0,0.0,0.398,1.247,0.0
1784380087.5190656,0,9627,40018,14585,0.0,0.0,0.0,0.398,1.247,0.0
1784380087.5663648,0,9627,40018,14595,0.0,0.0,0.0,0.397,1.247,0.0
1784380087.6069827,0,9627,40018,14605,0.0,0.0,0.0,0.397,1.246,0.0
1784380087.6413321,0,9627,40018,14615,0.0,0.0,0.0,0.397,1.246,0.0
1784380087.6797228,0,9627,40018,14625,0.0,0.0,0.0,0.397,1.246,0.0
1784380087.7103887,0,9627,40018,14635,0.0,0.0,0.0,0.397,1.246,0.0
1784380087.7518404,0,9627,40018,14645,0.0,0.0,0.0,0.397,1.246,0.0
1784380087.785184,0,9627,40018,14655,0.0,0.0,0.0,0.396,1.246,0.0
1784380087.8224154,0,9627,40018,14665,0.0,0.0,0.0,0.396,1.245,0.0
1784380087.8605645,0,9627,40018,14675,0.0,0.0,0.0,0.396,1.245,0.0
1784380087.8966393,0,9627,40018,14685,0.0,0.0,0.0,0.396,1.245,0.0
1784380087.9330842,0,9627,40018,14695,0.0,0.0,0.0,0.396,1.245,0.0
1784380087.9680793,0,9627,40018,14705,0.0,0.0,0.0,0.396,1.245,0.0
1784380088.0107439,0,9627,40018,14715,0.0,0.0,0.0,0.395,1.244,0.0
1784380088.0451727,0,9627,40018,14725,0.0,0.0,0.0,0.395,1.244,0.0
1784380088.0806286,0,9627,40018,14735,0.0,0.0,0.0,0.395,1.244,0.0
1784380088.1212025,0,9627,40018,14745,0.0,0.0,0.0,0.395,1.244,0.0
1784380088.1499124,0,9627,40018,14755,0.0,0.0,0.0,0.395,1.244,0.0
1784380088.1859906,0,9627,40018,14765,0.0,0.0,0.0,0.395,1.243,0.0
1784380088.2281203,0,9627,40018,14775,0.0,0.0,0.0,0.395,1.243,0.0
1784380088.2665014,0,9627,40018,14785,0.0,0.0,0.0,0.394,1.243,0.0
1784380088.3149796,0,9627,40018,14795,0.0,0.0,0.0,0.394,1.243,0.0
1784380088.342085,0,9627,40018,14805,0.0,0.0,0.0,0.394,1.243,0.0
1784380088.372938,0,9627,40018,14815,0.0,0.0,0.0,0.394,1.242,0.0
1784380088.4169228,0,9627,40018,14825,0.0,0.0,0.0,0.394,1.242,0.0
1784380088.4494474,0,9627,40018,14835,0.0,0.0,0.0,0.394,1.242,0.0
1784380088.4825907,0,9627,40018,14845,0.0,0.0,0.0,0.393,1.242,0.0
1784380088.5203228,0,9627,40018,14855,0.0,0.0,0.0,0.393,1.242,0.0
1784380088.556145,0,9627,40018,14865,0.0,0.0,0.0,0.393,1.241,0.0
1784380088.5950897,0,9627,40018,14875,0.0,0.0,0.0,0.393,1.241,0.0
1784380088.6304576,0,9627,40018,14885,0.0,0.0,0.0,0.393,1.241,0.0
1784380088.6582284,0,9627,40018,14895,0.0,0.0,0.0,0.393,1.241,0.0
1784380088.6968734,0,9627,40018,14905,0.0,0.0,0.0,0.392,1.241,0.0
1784380088.733633,0,9627,40018,14915,0.0,0.0,0.0,0.392,1.24,0.0
1784380088.7666883,0,9627,40018,14925,0.0,0.0,0.0,0.392,1.24,0.0
1784380088.802973,0,9627,40018,14935,0.0,0.0,0.0,0.392,1.24,0.0
1784380088.8421707,0,9627,40018,14945,0.0,0.0,0.0,0.392,1.24,0.0
1784380088.873987,0,9627,40018,14955,0.0,0.0,0.0,0.392,1.24,0.0
1784380088.9080617,0,9627,40018,14965,0.0,0.0,0.0,0.391,1.24,0.0
1784380088.9464636,0,9627,40018,14975,0.0,0.0,0.0,0.391,1.239,0.0
1784380088.984954,0,9627,40018,14985,0.0,0.0,0.0,0.391,1.239,0.0
1784380089.0185564,0,9627,40018,14995,0.0,0.0,0.0,0.391,1.239,0.0
1784380089.0537398,0,9627,40018,15005,0.0,0.0,0.0,0.391,1.239,0.0
1784380089.0916944,0,9627,40018,15015,0.0,0.0,0.0,0.391,1.239,0.0
1784380089.1292782,0,9627,40018,15025,0.0,0.0,0.0,0.391,1.238,0.0
1784380089.162069,0,9627,40018,15035,0.0,0.0,0.0,0.39,1.238,0.0
1784380089.1941438,0,9627,40018,15045,0.0,0.0,0.0,0.39,1.238,0.0
1784380089.2345889,0,9627,40018,15055,0.0,0.0,0.0,0.39,1.238,0.0
1784380089.2700334,0,9627,40018,15065,0.0,0.0,0.0,0.39,1.238,0.0
1784380089.3190901,0,9627,40018,15075,0.0,0.0,0.0,0.39,1.237,0.0
1784380089.3537242,0,9627,40018,15085,0.0,0.0,0.0,0.39,1.237,0.0
1784380089.39066,0,9627,40018,15095,0.0,0.0,0.0,0.389,1.237,0.0
1784380089.4270341,0,9627,40018,15105,0.0,0.0,0.0,0.389,1.237,0.0
1784380089.4669666,0,9627,40018,15115,0.0,0.0,0.0,0.389,1.237,0.0
1784380089.5089977,0,9627,40018,15125,0.0,0.0,0.0,0.389,1.236,0.0
1784380089.541679,0,9627,40018,15135,0.0,0.0,0.0,0.389,1.236,0.0
1784380089.5732546,0,9627,40018,15145,0.0,0.0,0.0,0.389,1.236,0.0
1784380089.6097307,0,9627,40018,15155,0.0,0.0,0.0,0.388,1.236,0.0
1784380089.6462772,0,9627,40018,15165,0.0,0.0,0.0,0.388,1.236,0.0
1784380089.673884,0,9627,40018,15175,0.0,0.0,0.0,0.388,1.236,0.0
1784380089.702272,0,9627,40018,15185,0.0,0.0,0.0,0.388,1.235,0.0
1784380089.742876,0,9627,40018,15195,0.0,0.0,0.0,0.388,1.235,0.0
1784380089.7807257,0,9627,40018,15205,0.0,0.0,0.0,0.388,1.235,0.0
1784380089.8182395,0,9627,40018,15215,0.0,0.0,0.0,0.388,1.235,0.0
1784380089.8562338,0,9627,40018,15225,0.0,0.0,0.0,0.387,1.235,0.0
1784380089.8907516,0,9627,40018,15235,0.0,0.0,0.0,0.387,1.234,0.0
1784380089.9289026,0,9627,40018,15245,0.0,0.0,0.0,0.387,1.234,0.0
1784380089.9710374,0,9627,40018,15255,0.0,0.0,0.0,0.387,1.234,0.0
1784380090.0125463,0,9627,40018,15265,0.0,0.0,0.0,0.387,1.234,0.0
1784380090.0493162,0,9627,40018,15275,0.0,0.0,0.0,0.387,1.234,0.0
1784380090.0895622,0,9627,40018,15285,0.0,0.0,0.0,0.386,1.233,0.0
1784380090.124042,0,9627,40018,15295,0.0,0.0,0.0,0.386,1.233,0.0
1784380090.1611078,0,9627,40018,15305,0.0,0.0,0.0,0.386,1.233,0.0
1784380090.20027,0,9627,40018,15315,0.0,0.0,0.0,0.386,1.233,0.0
1784380090.2360837,0,9627,40018,15325,0.0,0.0,0.0,0.386,1.233,0.0
1784380090.2681844,0,9627,40018,15335,0.0,0.0,0.0,0.386,1.232,0.0
1784380090.3083477,0,9627,40018,15345,0.0,0.0,0.0,0.386,1.232,0.0
1784380090.3467882,0,9627,40018,15355,0.0,0.0,0.0,0.385,1.232,0.0
1784380090.3857675,0,9627,40018,15365,0.0,0.0,0.0,0.385,1.232,0.0
1784380090.4221315,0,9627,40018,15375,0.0,0.0,0.0,0.385,1.232,0.0
1784380090.473993,0,9627,40018,15385,0.0,0.0,0.0,0.385,1.232,0.0
1784380090.5139773,0,9627,40018,15395,0.0,0.0,0.0,0.385,1.231,0.0
1784380090.543853,0,9627,40018,15405,0.0,0.0,0.0,0.385,1.231,0.0
1784380090.585224,0,9627,40018,15415,0.0,0.0,0.0,0.384,1.231,0.0
1784380090.615811,0,9627,40018,15425,0.0,0.0,0.0,0.384,1.231,0.0
1784380090.6549335,0,9627,40018,15435,0.0,0.0,0.0,0.384,1.231,0.0
1784380090.6967547,0,9627,40018,15445,0.0,0.0,0.0,0.384,1.23,0.0
1784380090.7344663,0,9627,40018,15455,0.0,0.0,0.0,0.384,1.23,0.0
1784380090.7753246,0,9627,40018,15465,0.0,0.0,0.0,0.384,1.23,0.0
1784380090.8170798,0,9627,40018,15475,0.0,0.0,0.0,0.384,1.23,0.0
1784380090.859956,0,9627,40018,15485,0.0,0.0,0.0,0.383,1.23,0.0
1784380090.8905475,0,9627,40018,15495,0.0,0.0,0.0,0.383,1.229,0.0
1784380090.9357946,0,9627,40018,15505,0.0,0.0,0.0,0.383,1.229,0.0
1784380090.975398,0,9627,40018,15515,0.0,0.0,0.0,0.383,1.229,0.0
1784380091.0123463,0,9627,40018,15525,0.0,0.0,0.0,0.383,1.229,0.0
1784380091.0532255,0,9627,40018,15535,0.0,0.0,0.0,0.383,1.229,0.0
1784380091.0932755,0,9627,40018,15545,0.0,0.0,0.0,0.382,1.229,0.0
1784380091.1284077,0,9627,40018,15555,0.0,0.0,0.0,0.382,1.228,0.0
1784380091.1631627,0,9627,40018,15565,0.0,0.0,0.0,0.382,1.228,0.0
1784380091.2013457,0,9627,40018,15575,0.0,0.0,0.0,0.382,1.228,0.0
1784380091.238014,0,9627,40018,15585,0.0,0.0,0.0,0.382,1.228,0.0
1784380091.274389,0,9627,40018,15595,0.0,0.0,0.0,0.382,1.228,0.0
1784380091.3350906,0,9627,40018,15605,0.0,0.0,0.0,0.382,1.227,0.0
1784380091.3674614,0,9627,40018,15615,0.0,0.0,0.0,0.381,1.227,0.0
1784380091.395102,0,9627,40018,15625,0.0,0.0,0.0,0.381,1.227,0.0
1784380091.4365716,0,9627,40018,15635,0.0,0.0,0.0,0.381,1.227,0.0
1784380091.476403,0,9627,40018,15645,0.0,0.0,0.0,0.381,1.227,0.0
1784380091.5144982,0,9627,40018,15655,0.0,0.0,0.0,0.381,1.226,0.0
1784380091.552393,0,9627,40018,15665,0.0,0.0,0.0,0.381,1.226,0.0
1784380091.5890849,0,9627,40018,15675,0.0,0.0,0.0,0.38,1.226,0.0
1784380091.6232574,0,9627,40018,15685,0.0,0.0,0.0,0.38,1.226,0.0
1784380091.6629858,0,9627,40018,15695,0.0,0.0,0.0,0.38,1.226,0.0
1784380091.700137,0,9627,40018,15705,0.0,0.0,0.0,0.38,1.226,0.0
1784380091.739805,0,9627,40018,15715,0.0,0.0,0.0,0.38,1.225,0.0
1784380091.7788951,0,9627,40018,15725,0.0,0.0,0.0,0.38,1.225,0.0
1784380091.8191288,0,9627,40018,15735,0.0,0.0,0.0,0.38,1.225,0.0
1784380091.8585258,0,9627,40018,15745,0.0,0.0,0.0,0.379,1.225,0.0
1784380091.8953042,0,9627,40018,15755,0.0,0.0,0.0,0.379,1.225,0.0
1784380091.933904,0,9627,40018,15765,0.0,0.0,0.0,0.379,1.224,0.0
1784380091.9676733,0,9627,40018,15775,0.0,0.0,0.0,0.379,1.224,0.0
1784380091.9954684,0,9627,40018,15785,0.0,0.0,0.0,0.379,1.224,0.0
1784380092.0334172,0,9627,40018,15795,0.0,0.0,0.0,0.379,1.224,0.0
1784380092.0713656,0,9627,40018,15805,0.0,0.0,0.0,0.379,1.224,0.0
1784380092.1064756,0,9627,40018,15815,0.0,0.0,0.0,0.378,1.223,0.0
1784380092.1433272,0,9627,40018,15825,0.0,0.0,0.0,0.378,1.223,0.0
1784380092.1831172,0,9627,40018,15835,0.0,0.0,0.0,0.378,1.223,0.0
1784380092.21977,0,9627,40018,15845,0.0,0.0,0.0,0.378,1.223,0.0
1784380092.252783,0,9627,40018,15855,0.0,0.0,0.0,0.378,1.223,0.0
1784380092.2918825,0,9627,40018,15865,0.0,0.0,0.0,0.378,1.223,0.0
1784380092.3332868,0,9627,40018,15875,0.0,0.0,0.0,0.377,1.222,0.0
1784380092.367985,0,9627,40018,15885,0.0,0.0,0.0,0.377,1.222,0.0
1784380092.4039805,0,9627,40018,15895,0.0,0.0,0.0,0.377,1.222,0.0
1784380092.4441035,0,9627,40018,15905,0.0,0.0,0.0,0.377,1.222,0.0
1784380092.4797516,0,9627,40018,15915,0.0,0.0,0.0,0.377,1.222,0.0
1784380092.5158036,0,9627,40018,15925,0.0,0.0,0.0,0.377,1.221,0.0
1784380092.5613468,0,9627,40018,15935,0.0,0.0,0.0,0.377,1.221,0.0
1784380092.6073205,0,9627,40018,15945,0.0,0.0,0.0,0.376,1.221,0.0
1784380092.6506732,0,9627,40018,15955,0.0,0.0,0.0,0.376,1.221,0.0
1784380092.683854,0,9627,40018,15965,0.0,0.0,0.0,0.376,1.221,0.0
1784380092.7196417,0,9627,40018,15975,0.0,0.0,0.0,0.376,1.22,0.0
1784380092.760899,0,9627,40018,15985,0.0,0.0,0.0,0.376,1.22,0.0
1784380092.7942693,0,9627,40018,15995,0.0,0.0,0.0,0.376,1.22,0.0
1784380092.8254187,0,9627,40018,16005,0.0,0.0,0.0,0.376,1.22,0.0
1784380092.862007,0,9627,40018,16015,0.0,0.0,0.0,0.375,1.22,0.0
1784380092.9046066,0,9627,40018,16025,0.0,0.0,0.0,0.375,1.22,0.0
1784380092.9425077,0,9627,40018,16035,0.0,0.0,0.0,0.375,1.219,0.0
1784380092.979909,0,9627,40018,16045,0.0,0.0,0.0,0.375,1.219,0.0
1784380093.0085127,0,9627,40018,16055,0.0,0.0,0.0,0.375,1.219,0.0
1784380093.0497487,0,9627,40018,16065,0.0,0.0,0.0,0.375,1.219,0.0
1784380093.08706,0,9627,40018,16075,0.0,0.0,0.0,0.375,1.219,0.0
1784380093.120186,0,9627,40018,16085,0.0,0.0,0.0,0.374,1.218,0.0
1784380093.1610417,0,9627,40018,16095,0.0,0.0,0.0,0.374,1.218,0.0
1784380093.1965997,0,9627,40018,16105,0.0,0.0,0.0,0.374,1.218,0.0
1784380093.2321517,0,9627,40018,16115,0.0,0.0,0.0,0.374,1.218,0.0
1784380093.2681258,0,9627,40018,16125,0.0,0.0,0.0,0.374,1.218,0.0
1784380093.318789,0,9627,40018,16135,0.0,0.0,0.0,0.374,1.218,0.0
1784380093.3525698,0,9627,40018,16145,0.0,0.0,0.0,0.374,1.217,0.0
1784380093.38835,0,9627,40018,16155,0.0,0.0,0.0,0.373,1.217,0.0
1784380093.4276328,0,9627,40018,16165,0.0,0.0,0.0,0.373,1.217,0.0
1784380093.463183,0,9627,40018,16175,0.0,0.0,0.0,0.373,1.217,0.0
1784380093.4949088,0,9627,40018,16185,0.0,0.0,0.0,0.373,1.217,0.0
1784380093.5314565,0,9627,40018,16195,0.0,0.0,0.0,0.373,1.216,0.0
1784380093.5675497,0,9627,40018,16205,0.0,0.0,0.0,0.373,1.216,0.0
1784380093.6071415,0,9627,40018,16215,0.0,0.0,0.0,0.373,1.216,0.0
1784380093.6428337,0,9627,40018,16225,0.0,0.0,0.0,0.372,1.216,0.0
1784380093.6766925,0,9627,40018,16235,0.0,0.0,0.0,0.372,1.216,0.0
1784380093.7097423,0,9627,40018,16245,0.0,0.0,0.0,0.372,1.215,0.0
1784380093.7473023,0,9627,40018,16255,0.0,0.0,0.0,0.372,1.215,0.0
1784380093.788813,0,9627,40018,16265,0.0,0.0,0.0,0.372,1.215,0.0
1784380093.826895,0,9627,40018,16275,0.0,0.0,0.0,0.372,1.215,0.0
1784380093.8627121,0,9627,40018,16285,0.0,0.0,0.0,0.372,1.215,0.0
1784380093.90229,0,9627,40018,16295,0.0,0.0,0.0,0.371,1.215,0.0
1784380093.9420097,0,9627,40018,16305,0.0,0.0,0.0,0.371,1.214,0.0
1784380093.9793413,0,9627,40018,16315,0.0,0.0,0.0,0.371,1.214,0.0
1784380094.03794,0,9627,40018,16325,0.0,0.0,0.0,0.371,1.214,0.0
1784380094.0669785,0,9627,40018,16335,0.0,0.0,0.0,0.371,1.214,0.0
1784380094.1065047,0,9627,40018,16345,0.0,0.0,0.0,0.371,1.214,0.0
1784380094.1389842,0,9627,40018,16355,0.0,0.0,0.0,0.371,1.213,0.0
1784380094.1718912,0,9627,40018,16365,0.0,0.0,0.0,0.37,1.213,0.0
1784380094.206426,0,9627,40018,16375,0.0,0.0,0.0,0.37,1.213,0.0
1784380094.2443595,0,9627,40018,16385,0.0,0.0,0.0,0.37,1.213,0.0
1784380094.2809396,0,9627,40018,16395,0.0,0.0,0.0,0.37,1.213,0.0
1784380094.3277173,0,9627,40018,16405,0.0,0.0,0.0,0.37,1.213,0.0
1784380094.3636694,0,9627,40018,16415,0.0,0.0,0.0,0.37,1.212,0.0
1784380094.4046617,0,9627,40018,16425,0.0,0.0,0.0,0.37,1.212,0.0
1784380094.4436731,0,9627,40018,16435,0.0,0.0,0.0,0.369,1.212,0.0
1784380094.4798546,0,9627,40018,16445,0.0,0.0,0.0,0.369,1.212,0.0
1784380094.5184524,0,9627,40018,16455,0.0,0.0,0.0,0.369,1.212,0.0
1784380094.5612812,0,9627,40018,16465,0.0,0.0,0.0,0.369,1.211,0.0
1784380094.6121614,0,9627,40018,16475,0.0,0.0,0.0,0.369,1.211,0.0
1784380094.6537378,0,9627,40018,16485,0.0,0.0,0.0,0.369,1.211,0.0
1784380094.6863728,0,9627,40018,16495,0.0,0.0,0.0,0.369,1.211,0.0
1784380094.7373896,0,9627,40018,16505,0.0,0.0,0.0,0.368,1.211,0.0
1784380094.796005,0,9627,40018,16515,0.0,0.0,0.0,0.368,1.211,0.0
1784380094.8496764,0,9627,40018,16525,0.0,0.0,0.0,0.368,1.21,0.0
1784380094.8867805,0,9627,40018,16535,0.0,0.0,0.0,0.368,1.21,0.0
1784380094.9382434,0,9627,40018,16545,0.0,0.0,0.0,0.368,1.21,0.0
1784380094.9728138,0,9627,40018,16555,0.0,0.0,0.0,0.368,1.21,0.0
1784380095.0087168,0,9627,40018,16565,0.0,0.0,0.0,0.368,1.21,0.0
1784380095.0455854,0,9627,40018,16575,0.0,0.0,0.0,0.367,1.209,0.0
1784380095.083683,0,9627,40018,16585,0.0,0.0,0.0,0.367,1.209,0.0
1784380095.1339843,0,9627,40018,16595,0.0,0.0,0.0,0.367,1.209,0.0
1784380095.1712792,0,9627,40018,16605,0.0,0.0,0.0,0.367,1.209,0.0
1784380095.2100883,0,9627,40018,16615,0.0,0.0,0.0,0.367,1.209,0.0
1784380095.2551913,0,9627,40018,16625,0.0,0.0,0.0,0.367,1.209,0.0
1784380095.2927303,0,9627,40018,16635,0.0,0.0,0.0,0.367,1.208,0.0
1784380095.3415601,0,9627,40018,16645,0.0,0.0,0.0,0.366,1.208,0.0
1784380095.3796415,0,9627,40018,16655,0.0,0.0,0.0,0.366,1.208,0.0
1784380095.4182692,0,9627,40018,16665,0.0,0.0,0.0,0.366,1.208,0.0
1784380095.4555006,0,9627,40018,16675,0.0,0.0,0.0,0.366,1.208,0.0
1784380095.4927776,0,9627,40018,16685,0.0,0.0,0.0,0.366,1.207,0.0
1784380095.5200965,0,9627,40018,16695,0.0,0.0,0.0,0.366,1.207,0.0
1784380095.5609815,0,9627,40018,16705,0.0,0.0,0.0,0.366,1.207,0.0
1784380095.59731,0,9627,40018,16715,0.0,0.0,0.0,0.365,1.207,0.0
1784380095.6353517,0,9627,40018,16725,0.0,0.0,0.0,0.365,1.207,0.0
1784380095.6681585,0,9627,40018,16735,0.0,0.0,0.0,0.365,1.207,0.0
1784380095.7080646,0,9627,40018,16745,0.0,0.0,0.0,0.365,1.206,0.0
1784380095.747187,0,9627,40018,16755,0.0,0.0,0.0,0.365,1.206,0.0
1784380095.7847238,0,9627,40018,16765,0.0,0.0,0.0,0.365,1.206,0.0
1784380095.8231893,0,9627,40018,16775,0.0,0.0,0.0,0.365,1.206,0.0
1784380095.854506,0,9627,40018,16785,0.0,0.0,0.0,0.364,1.206,0.0
1784380095.893267,0,9627,40018,16795,0.0,0.0,0.0,0.364,1.205,0.0
1784380095.9423692,0,9627,40018,16805,0.0,0.0,0.0,0.364,1.205,0.0
1784380095.9761114,0,9627,40018,16815,0.0,0.0,0.0,0.364,1.205,0.0
1784380096.0097547,0,9627,40018,16825,0.0,0.0,0.0,0.364,1.205,0.0
1784380096.0503027,0,9627,40018,16835,0.0,0.0,0.0,0.364,1.205,0.0
1784380096.0762584,0,9627,40018,16845,0.0,0.0,0.0,0.364,1.205,0.0
1784380096.1175034,0,9627,40018,16855,0.0,0.0,0.0,0.364,1.204,0.0
1784380096.1657758,0,9627,40018,16865,0.0,0.0,0.0,0.363,1.204,0.0
1784380096.2022476,0,9627,40018,16875,0.0,0.0,0.0,0.363,1.204,0.0
1784380096.2408998,0,9627,40018,16885,0.0,0.0,0.0,0.363,1.204,0.0
1784380096.2755337,0,9627,40018,16895,0.0,0.0,0.0,0.363,1.204,0.0
1784380096.3094552,0,9627,40018,16905,0.0,0.0,0.0,0.363,1.203,0.0
1784380096.3577054,0,9627,40018,16915,0.0,0.0,0.0,0.363,1.203,0.0
1784380096.3897572,0,9627,40018,16925,0.0,0.0,0.0,0.363,1.203,0.0
1784380096.4234517,0,9627,40018,16935,0.0,0.0,0.0,0.362,1.203,0.0
1784380096.4535234,0,9627,40018,16945,0.0,0.0,0.0,0.362,1.203,0.0
1784380096.4942102,0,9627,40018,16955,0.0,0.0,0.0,0.362,1.203,0.0
1784380096.5297604,0,9627,40018,16965,0.0,0.0,0.0,0.362,1.202,0.0
1784380096.5700445,0,9627,40018,16975,0.0,0.0,0.0,0.362,1.202,0.0
1784380096.6161206,0,9627,40018,16985,0.0,0.0,0.0,0.362,1.202,0.0
1784380096.651984,0,9627,40018,16995,0.0,0.0,0.0,0.362,1.202,0.0
1784380096.6932058,0,9627,40018,17005,0.0,0.0,0.0,0.361,1.202,0.0
1784380096.741109,0,9627,40018,17015,0.0,0.0,0.0,0.361,1.201,0.0
1784380096.7876532,0,9627,40018,17025,0.0,0.0,0.0,0.361,1.201,0.0
1784380096.8295603,0,9627,40018,17035,0.0,0.0,0.0,0.361,1.201,0.0
1784380096.8848565,0,9627,40018,17045,0.0,0.0,0.0,0.361,1.201,0.0
1784380096.940927,0,9627,40018,17055,0.0,0.0,0.0,0.361,1.201,0.0
1784380096.9716847,0,9627,40018,17065,0.0,0.0,0.0,0.361,1.201,0.0
1784380097.0076349,0,9627,40018,17075,0.0,0.0,0.0,0.361,1.2,0.0
1784380097.0494561,0,9627,40018,17085,0.0,0.0,0.0,0.36,1.2,0.0
1784380097.0913165,0,9627,40018,17095,0.0,0.0,0.0,0.36,1.2,0.0
1784380097.1250608,0,9627,40018,17105,0.0,0.0,0.0,0.36,1.2,0.0
1784380097.1719081,0,9627,40018,17115,0.0,0.0,0.0,0.36,1.2,0.0
1784380097.2037017,0,9627,40018,17125,0.0,0.0,0.0,0.36,1.2,0.0
1784380097.2475443,0,9627,40018,17135,0.0,0.0,0.0,0.36,1.199,0.0
1784380097.2951853,0,9627,40018,17145,0.0,0.0,0.0,0.36,1.199,0.0
1784380097.3363633,0,9627,40018,17155,0.0,0.0,0.0,0.359,1.199,0.0
1784380097.3896499,0,9627,40018,17165,0.0,0.0,0.0,0.359,1.199,0.0
1784380097.433376,0,9627,40018,17175,0.0,0.0,0.0,0.359,1.199,0.0
1784380097.4655726,0,9627,40018,17185,0.0,0.0,0.0,0.359,1.198,0.0
1784380097.50646,0,9627,40018,17195,0.0,0.0,0.0,0.359,1.198,0.0
1784380097.5508683,0,9627,40018,17205,0.0,0.0,0.0,0.359,1.198,0.0
1784380097.5945613,0,9627,40018,17215,0.0,0.0,0.0,0.359,1.198,0.0
1784380097.6393344,0,9627,40018,17225,0.0,0.0,0.0,0.359,1.198,0.0
1784380097.675682,0,9627,40018,17235,0.0,0.0,0.0,0.358,1.198,0.0
1784380097.7162511,0,9627,40018,17245,0.0,0.0,0.0,0.358,1.197,0.0
1784380097.751037,0,9627,40018,17255,0.0,0.0,0.0,0.358,1.197,0.0
1784380097.7927294,0,9627,40018,17265,0.0,0.0,0.0,0.358,1.197,0.0
1784380097.8268874,0,9627,40018,17275,0.0,0.0,0.0,0.358,1.197,0.0
1784380097.8550758,0,9627,40018,17285,0.0,0.0,0.0,0.358,1.197,0.0
1784380097.8976336,0,9627,40018,17295,0.0,0.0,0.0,0.358,1.196,0.0
1784380097.9454985,0,9627,40018,17305,0.0,0.0,0.0,0.357,1.196,0.0
1784380098.0068324,0,9627,40018,17315,0.0,0.0,0.0,0.357,1.196,0.0
1784380098.051651,0,9627,40018,17325,0.0,0.0,0.0,0.357,1.196,0.0
1784380098.0900078,0,9627,40018,17335,0.0,0.0,0.0,0.357,1.196,0.0
1784380098.124707,0,9627,40018,17345,0.0,0.0,0.0,0.357,1.196,0.0
1784380098.167168,0,9627,40018,17355,0.0,0.0,0.0,0.357,1.195,0.0
1784380098.2050025,0,9627,40018,17365,0.0,0.0,0.0,0.357,1.195,0.0
1784380098.2419753,0,9627,40018,17375,0.0,0.0,0.0,0.357,1.195,0.0
1784380098.285194,0,9627,40018,17385,0.0,0.0,0.0,0.356,1.195,0.0
1784380098.318223,0,9627,40018,17395,0.0,0.0,0.0,0.356,1.195,0.0
1784380098.4986665,0,9627,40025,17398,0.0,0.0,0.0,0.356,1.195,0.0
1784380098.5596533,0,9627,40035,17398,0.0,0.0,0.0,0.356,1.194,0.0
1784380098.612942,0,9627,40045,17398,0.0,0.0,0.0,0.356,1.194,0.0
1784380098.6851847,0,9627,40055,17398,0.0,0.0,0.0,0.356,1.194,0.0
1784380098.7483957,0,9627,40065,17398,0.0,0.0,0.0,0.356,1.194,0.0
1784380098.815774,0,9627,40075,17398,0.0,0.0,0.0,0.356,1.194,0.0
1784380098.8642037,0,9627,40085,17398,0.0,0.0,0.0,0.356,1.193,0.0
1784380098.9316106,0,9627,40095,17398,0.0,0.0,0.0,0.356,1.193,0.0
1784380098.986754,0,9627,40105,17398,0.0,0.0,0.0,0.356,1.193,0.0
1784380099.0637062,0,9627,40115,17398,0.0,0.0,0.0,0.356,1.193,0.0
1784380099.1616645,0,9627,40125,17398,0.0,0.0,0.0,0.356,1.193,0.0
1784380099.2050793,0,9627,40135,17398,0.0,0.0,0.0,0.356,1.193,0.0
1784380099.262605,0,9627,40145,17398,0.0,0.0,0.0,0.356,1.192,0.0
1784380099.3197773,0,9627,40155,17398,0.0,0.0,0.0,0.356,1.192,0.0
1784380099.382163,0,9627,40165,17398,0.0,0.0,0.0,0.356,1.192,0.0
1784380099.4542263,0,9627,40175,17398,0.0,0.0,0.0,0.356,1.192,0.0
1784380099.5238974,0,9627,40185,17398,0.0,0.0,0.0,0.356,1.192,0.0
1784380099.58703,0,9627,40195,17398,0.0,0.0,0.0,0.356,1.192,0.0
1784380099.6425006,0,9627,40205,17398,0.0,0.0,0.0,0.356,1.191,0.0
1784380099.7175152,0,9627,40215,17398,0.0,0.0,0.0,0.356,1.191,0.0
1784380099.773069,0,9627,40225,17398,0.0,0.0,0.0,0.356,1.191,0.0
1784380099.8269637,0,9627,40235,17398,0.0,0.0,0.0,0.356,1.191,0.0
1784380099.880232,0,9627,40245,17398,0.0,0.0,0.0,0.356,1.191,0.0
1784380099.9509625,0,9627,40255,17398,0.0,0.0,0.0,0.356,1.19,0.0
1784380100.0009305,0,9627,40265,17398,0.0,0.0,0.0,0.356,1.19,0.0
1784380100.0757759,0,9627,40275,17398,0.0,0.0,0.0,0.356,1.19,0.0
1784380100.1244202,0,9627,40285,17398,0.0,0.0,0.0,0.356,1.19,0.0
1784380100.2023573,0,9627,40295,17398,0.0,0.0,0.0,0.356,1.19,0.0
1784380100.2827218,0,9627,40305,17398,0.0,0.0,0.0,0.356,1.19,0.0
1784380100.330425,0,9627,40315,17398,0.0,0.0,0.0,0.356,1.189,0.0
1784380100.389033,0,9627,40325,17398,0.0,0.0,0.0,0.356,1.189,0.0
1784380100.4477644,0,9627,40335,17398,0.0,0.0,0.0,0.356,1.189,0.0
1784380100.5177474,0,9627,40345,17398,0.0,0.0,0.0,0.356,1.189,0.0
1784380100.5938063,0,9627,40355,17398,0.0,0.0,0.0,0.356,1.189,0.0
1784380100.6589463,0,9627,40365,17398,0.0,0.0,0.0,0.356,1.189,0.0
1784380100.7134318,0,9627,40375,17398,0.0,0.0,0.0,0.356,1.188,0.0
1784380100.7672384,0,9627,40385,17398,0.0,0.0,0.0,0.356,1.188,0.0
1784380100.8163428,0,9627,40395,17398,0.0,0.0,0.0,0.356,1.188,0.0
1784380100.8699095,0,9627,40405,17398,0.0,0.0,0.0,0.356,1.188,0.0
1784380100.9405951,0,9627,40415,17398,0.0,0.0,0.0,0.356,1.188,0.0
1784380100.988153,0,9627,40425,17398,0.0,0.0,0.0,0.356,1.187,0.0
1784380101.0442436,0,9627,40435,17398,0.0,0.0,0.0,0.356,1.187,0.0
1784380101.0991316,0,9627,40445,17398,0.0,0.0,0.0,0.356,1.187,0.0
1784380101.1510198,0,9627,40455,17398,0.0,0.0,0.0,0.356,1.187,0.0
1784380101.2166038,0,9627,40465,17398,0.0,0.0,0.0,0.356,1.187,0.0
1784380101.2751234,0,9627,40475,17398,0.0,0.0,0.0,0.356,1.187,0.0
1784380101.3472905,0,9627,40485,17398,0.0,0.0,0.0,0.356,1.186,0.0
1784380101.4135916,0,9627,40495,17398,0.0,0.0,0.0,0.356,1.186,0.0
1784380101.4756262,0,9627,40505,17398,0.0,0.0,0.0,0.356,1.186,0.0
1784380101.5315,0,9627,40515,17398,0.0,0.0,0.0,0.356,1.186,0.0
1784380101.5772884,0,9627,40525,17398,0.0,0.0,0.0,0.356,1.186,0.0
1784380101.623094,0,9627,40535,17398,0.0,0.0,0.0,0.356,1.186,0.0
1784380101.6683662,0,9627,40545,17398,0.0,0.0,0.0,0.356,1.185,0.0
1784380101.7234936,0,9627,40555,17398,0.0,0.0,0.0,0.356,1.185,0.0
1784380101.7725155,0,9627,40565,17398,0.0,0.0,0.0,0.356,1.185,0.0
1784380101.8347855,0,9627,40575,17398,0.0,0.0,0.0,0.356,1.185,0.0
1784380101.8782837,0,9627,40585,17398,0.0,0.0,0.0,0.356,1.185,0.0
1784380101.9325116,0,9627,40595,17398,0.0,0.0,0.0,0.356,1.184,0.0
1784380101.9810658,0,9627,40605,17398,0.0,0.0,0.0,0.356,1.184,0.0
1784380102.0370939,0,9627,40615,17398,0.0,0.0,0.0,0.356,1.184,0.0
1784380102.0946565,0,9627,40625,17398,0.0,0.0,0.0,0.356,1.184,0.0
1784380102.1355598,0,9627,40635,17398,0.0,0.0,0.0,0.356,1.184,0.0
1784380102.1842766,0,9627,40645,17398,0.0,0.0,0.0,0.356,1.184,0.0
1784380102.2296236,0,9627,40655,17398,0.0,0.0,0.0,0.356,1.183,0.0
1784380102.2874181,0,9627,40665,17398,0.0,0.0,0.0,0.356,1.183,0.0
1784380102.3360653,0,9627,40675,17398,0.0,0.0,0.0,0.356,1.183,0.0
1784380102.4026153,0,9627,40685,17398,0.0,0.0,0.0,0.356,1.183,0.0
1784380102.456774,0,9627,40695,17398,0.0,0.0,0.0,0.356,1.183,0.0
1784380102.5057032,0,9627,40705,17398,0.0,0.0,0.0,0.356,1.183,0.0
1784380102.560571,0,9627,40715,17398,0.0,0.0,0.0,0.356,1.182,0.0
1784380102.60223,0,9627,40725,17398,0.0,0.0,0.0,0.356,1.182,0.0
1784380102.653835,0,9627,40735,17398,0.0,0.0,0.0,0.356,1.182,0.0
1784380102.7018383,0,9627,40745,17398,0.0,0.0,0.0,0.356,1.182,0.0
1784380102.7479384,0,9627,40755,17398,0.0,0.0,0.0,0.356,1.182,0.0
1784380102.798628,0,9627,40765,17398,0.0,0.0,0.0,0.356,1.182,0.0
1784380102.8509703,0,9627,40775,17398,0.0,0.0,0.0,0.356,1.181,0.0
1784380102.9095469,0,9627,40785,17398,0.0,0.0,0.0,0.356,1.181,0.0
1784380102.9589257,0,9627,40795,17398,0.0,0.0,0.0,0.356,1.181,0.0
1784380103.005823,0,9627,40805,17398,0.0,0.0,0.0,0.356,1.181,0.0
1784380103.0538118,0,9627,40815,17398,0.0,0.0,0.0,0.356,1.181,0.0
1784380103.098295,0,9627,40825,17398,0.0,0.0,0.0,0.356,1.18,0.0
1784380103.1362727,0,9627,40835,17398,0.0,0.0,0.0,0.356,1.18,0.0
1784380103.187257,0,9627,40845,17398,0.0,0.0,0.0,0.356,1.18,0.0
1784380103.2386346,0,9627,40855,17398,0.0,0.0,0.0,0.356,1.18,0.0
1784380103.310921,0,9627,40865,17398,0.0,0.0,0.0,0.356,1.18,0.0
1784380103.3728058,0,9627,40875,17398,0.0,0.0,0.0,0.356,1.18,0.0
1784380103.4362614,0,9627,40885,17398,0.0,0.0,0.0,0.356,1.179,0.0
1784380103.4876335,0,9627,40895,17398,0.0,0.0,0.0,0.356,1.179,0.0
1784380103.530414,0,9627,40905,17398,0.0,0.0,0.0,0.356,1.179,0.0
1784380103.5726657,0,9627,40915,17398,0.0,0.0,0.0,0.356,1.179,0.0
1784380103.6293657,0,9627,40925,17398,0.0,0.0,0.0,0.356,1.179,0.0
1784380103.6821074,0,9627,40935,17398,0.0,0.0,0.0,0.356,1.179,0.0
1784380103.730008,0,9627,40945,17398,0.0,0.0,0.0,0.356,1.178,0.0
1784380103.7934647,0,9627,40955,17398,0.0,0.0,0.0,0.356,1.178,0.0
1784380103.8402174,0,9627,40965,17398,0.0,0.0,0.0,0.356,1.178,0.0
1784380103.8912084,0,9627,40975,17398,0.0,0.0,0.0,0.356,1.178,0.0
1784380103.9469717,0,9627,40985,17398,0.0,0.0,0.0,0.356,1.178,0.0
1784380104.003244,0,9627,40995,17398,0.0,0.0,0.0,0.356,1.178,0.0
1784380104.056176,0,9627,41005,17398,0.0,0.0,0.0,0.356,1.177,0.0
1784380104.1002946,0,9627,41015,17398,0.0,0.0,0.0,0.356,1.177,0.0
1784380104.1505544,0,9627,41025,17398,0.0,0.0,0.0,0.356,1.177,0.0
1784380104.204232,0,9627,41035,17398,0.0,0.0,0.0,0.356,1.177,0.0
1784380104.256121,0,9627,41045,17398,0.0,0.0,0.0,0.356,1.177,0.0
1784380104.3110392,0,9627,41055,17398,0.0,0.0,0.0,0.356,1.176,0.0
1784380104.3546758,0,9627,41065,17398,0.0,0.0,0.0,0.356,1.176,0.0
1784380104.411218,0,9627,41075,17398,0.0,0.0,0.0,0.356,1.176,0.0
1784380104.4499974,0,9627,41085,17398,0.0,0.0,0.0,0.356,1.176,0.0
1784380104.495554,0,9627,41095,17398,0.0,0.0,0.0,0.356,1.176,0.0
1784380104.5579379,0,9627,41105,17398,0.0,0.0,0.0,0.356,1.176,0.0
1784380104.6034966,0,9627,41115,17398,0.0,0.0,0.0,0.356,1.175,0.0
1784380104.6756094,0,9627,41125,17398,0.0,0.0,0.0,0.356,1.175,0.0
1784380104.716074,0,9627,41135,17398,0.0,0.0,0.0,0.356,1.175,0.0
1784380104.7707772,0,9627,41145,17398,0.0,0.0,0.0,0.356,1.175,0.0
1784380104.8157146,0,9627,41155,17398,0.0,0.0,0.0,0.356,1.175,0.0
1784380104.853608,0,9627,41165,17398,0.0,0.0,0.0,0.356,1.175,0.0
1784380104.910973,0,9627,41175,17398,0.0,0.0,0.0,0.356,1.174,0.0
1784380104.9568717,0,9627,41185,17398,0.0,0.0,0.0,0.356,1.174,0.0
1784380105.0105329,0,9627,41195,17398,0.0,0.0,0.0,0.356,1.174,0.0
1784380105.0499406,0,9627,41205,17398,0.0,0.0,0.0,0.356,1.174,0.0
1784380105.0974345,0,9627,41215,17398,0.0,0.0,0.0,0.356,1.174,0.0
1784380105.153884,0,9627,41225,17398,0.0,0.0,0.0,0.356,1.174,0.0
1784380105.2095582,0,9627,41235,17398,0.0,0.0,0.0,0.356,1.173,0.0
1784380105.2568984,0,9627,41245,17398,0.0,0.0,0.0,0.356,1.173,0.0
1784380105.3118958,0,9627,41255,17398,0.0,0.0,0.0,0.356,1.173,0.0
1784380105.3592288,0,9627,41265,17398,0.0,0.0,0.0,0.356,1.173,0.0
1784380105.422287,0,9627,41275,17398,0.0,0.0,0.0,0.356,1.173,0.0
1784380105.472557,0,9627,41285,17398,0.0,0.0,0.0,0.356,1.173,0.0
1784380105.538566,0,9627,41295,17398,0.0,0.0,0.0,0.356,1.172,0.0
1784380105.5887341,0,9627,41305,17398,0.0,0.0,0.0,0.356,1.172,0.0
1784380105.637593,0,9627,41315,17398,0.0,0.0,0.0,0.356,1.172,0.0
1784380105.68636,0,9627,41325,17398,0.0,0.0,0.0,0.356,1.172,0.0
1784380105.7336996,0,9627,41335,17398,0.0,0.0,0.0,0.356,1.172,0.0
1784380105.7820435,0,9627,41345,17398,0.0,0.0,0.0,0.356,1.172,0.0
1784380105.8238697,0,9627,41355,17398,0.0,0.0,0.0,0.356,1.171,0.0
1784380105.8587315,0,9627,41365,17398,0.0,0.0,0.0,0.356,1.171,0.0
1784380105.9186974,0,9627,41375,17398,0.0,0.0,0.0,0.356,1.171,0.0
1784380105.966777,0,9627,41385,17398,0.0,0.0,0.0,0.356,1.171,0.0
1784380106.0202663,0,9627,41395,17398,0.0,0.0,0.0,0.356,1.171,0.0
1784380106.0762386,0,9627,41405,17398,0.0,0.0,0.0,0.356,1.17,0.0
1784380106.126005,0,9627,41415,17398,0.0,0.0,0.0,0.356,1.17,0.0
1784380106.1839137,0,9627,41425,17398,0.0,0.0,0.0,0.356,1.17,0.0
1784380106.2359815,0,9627,41435,17398,0.0,0.0,0.0,0.356,1.17,0.0
1784380106.2911682,0,9627,41445,17398,0.0,0.0,0.0,0.356,1.17,0.0
1784380106.3339543,0,9627,41455,17398,0.0,0.0,0.0,0.356,1.17,0.0
1784380106.382765,0,9627,41465,17398,0.0,0.0,0.0,0.356,1.169,0.0
1784380106.440016,0,9627,41475,17398,0.0,0.0,0.0,0.356,1.169,0.0
1784380106.4809134,0,9627,41485,17398,0.0,0.0,0.0,0.356,1.169,0.0
1784380106.5147967,0,9627,41495,17398,0.0,0.0,0.0,0.356,1.169,0.0
1784380106.5670128,0,9627,41505,17398,0.0,0.0,0.0,0.356,1.169,0.0
1784380106.6075213,0,9627,41515,17398,0.0,0.0,0.0,0.356,1.169,0.0
1784380106.6598136,0,9627,41525,17398,0.0,0.0,0.0,0.356,1.168,0.0
1784380106.7116024,0,9627,41535,17398,0.0,0.0,0.0,0.356,1.168,0.0
1784380106.75475,0,9627,41545,17398,0.0,0.0,0.0,0.356,1.168,0.0
1784380106.814976,0,9627,41555,17398,0.0,0.0,0.0,0.356,1.168,0.0
1784380106.8685257,0,9627,41565,17398,0.0,0.0,0.0,0.356,1.168,0.0
1784380106.931101,0,9627,41575,17398,0.0,0.0,0.0,0.356,1.168,0.0
1784380106.9787664,0,9627,41585,17398,0.0,0.0,0.0,0.356,1.167,0.0
1784380107.0284665,0,9627,41595,17398,0.0,0.0,0.0,0.356,1.167,0.0
1784380107.0925481,0,9627,41605,17398,0.0,0.0,0.0,0.356,1.167,0.0
1784380107.1458933,0,9627,41615,17398,0.0,0.0,0.0,0.356,1.167,0.0
1784380107.1988945,0,9627,41625,17398,0.0,0.0,0.0,0.356,1.167,0.0
1784380107.2484398,0,9627,41635,17398,0.0,0.0,0.0,0.356,1.167,0.0
1784380107.2929964,0,9627,41645,17398,0.0,0.0,0.0,0.356,1.166,0.0
1784380107.3438284,0,9627,41655,17398,0.0,0.0,0.0,0.356,1.166,0.0
1784380107.3881478,0,9627,41665,17398,0.0,0.0,0.0,0.356,1.166,0.0
1784380107.4484904,0,9627,41675,17398,0.0,0.0,0.0,0.356,1.166,0.0
1784380107.4855888,0,9627,41685,17398,0.0,0.0,0.0,0.356,1.166,0.0
1784380107.5186942,0,9627,41695,17398,0.0,0.0,0.0,0.356,1.166,0.0
1784380107.5770097,0,9627,41705,17398,0.0,0.0,0.0,0.356,1.165,0.0
1784380107.6309092,0,9627,41715,17398,0.0,0.0,0.0,0.356,1.165,0.0
1784380107.682687,0,9627,41725,17398,0.0,0.0,0.0,0.356,1.165,0.0
1784380107.747327,0,9627,41735,17398,0.0,0.0,0.0,0.356,1.165,0.0
1784380107.794227,0,9627,41745,17398,0.0,0.0,0.0,0.356,1.165,0.0
1784380107.8508081,0,9627,41755,17398,0.0,0.0,0.0,0.356,1.165,0.0
1784380107.8979368,0,9627,41765,17398,0.0,0.0,0.0,0.356,1.164,0.0
1784380107.9529295,0,9627,41775,17398,0.0,0.0,0.0,0.356,1.164,0.0
1784380107.998577,0,9627,41785,17398,0.0,0.0,0.0,0.356,1.164,0.0
1784380108.0505629,0,9627,41795,17398,0.0,0.0,0.0,0.356,1.164,0.0
1784380108.1107628,0,9627,41805,17398,0.0,0.0,0.0,0.356,1.164,0.0
1784380108.1685953,0,9627,41815,17398,0.0,0.0,0.0,0.356,1.164,0.0
1784380108.2219493,0,9627,41825,17398,0.0,0.0,0.0,0.356,1.163,0.0
1784380108.269305,0,9627,41835,17398,0.0,0.0,0.0,0.356,1.163,0.0
1784380108.3231597,0,9627,41845,17398,0.0,0.0,0.0,0.356,1.163,0.0
1784380108.3730376,0,9627,41855,17398,0.0,0.0,0.0,0.356,1.163,0.0
1784380108.4181836,0,9627,41865,17398,0.0,0.0,0.0,0.356,1.163,0.0
1784380108.4780388,0,9627,41875,17398,0.0,0.0,0.0,0.356,1.163,0.0
1784380108.536565,0,9627,41885,17398,0.0,0.0,0.0,0.356,1.162,0.0
1784380108.582057,0,9627,41895,17398,0.0,0.0,0.0,0.356,1.162,0.0
1784380108.6464715,0,9627,41905,17398,0.0,0.0,0.0,0.356,1.162,0.0
1784380108.6993668,0,9627,41915,17398,0.0,0.0,0.0,0.356,1.162,0.0
1784380108.7505245,0,9627,41925,17398,0.0,0.0,0.0,0.356,1.162,0.0
1784380108.805667,0,9627,41935,17398,0.0,0.0,0.0,0.356,1.161,0.0
1784380108.8432038,0,9627,41945,17398,0.0,0.0,0.0,0.356,1.161,0.0
1784380108.8831797,0,9627,41955,17398,0.0,0.0,0.0,0.356,1.161,0.0
1784380108.9439764,0,9627,41965,17398,0.0,0.0,0.0,0.356,1.161,0.0
1784380108.9917138,0,9627,41975,17398,0.0,0.0,0.0,0.356,1.161,0.0
1784380109.0458832,0,9627,41985,17398,0.0,0.0,0.0,0.356,1.161,0.0
1784380109.0956554,0,9627,41995,17398,0.0,0.0,0.0,0.356,1.16,0.0
1784380109.143887,0,9627,42005,17398,0.0,0.0,0.0,0.356,1.16,0.0
1784380109.1991177,0,9627,42015,17398,0.0,0.0,0.0,0.356,1.16,0.0
1784380109.2467163,0,9627,42025,17398,0.0,0.0,0.0,0.356,1.16,0.0
1784380109.287858,0,9627,42035,17398,0.0,0.0,0.0,0.356,1.16,0.0
1784380109.3362625,0,9627,42045,17398,0.0,0.0,0.0,0.356,1.16,0.0
1784380109.3788245,0,9627,42055,17398,0.0,0.0,0.0,0.356,1.159,0.0
1784380109.4216974,0,9627,42065,17398,0.0,0.0,0.0,0.356,1.159,0.0
1784380109.4799924,0,9627,42075,17398,0.0,0.0,0.0,0.356,1.159,0.0
1784380109.5250175,0,9627,42085,17398,0.0,0.0,0.0,0.356,1.159,0.0
1784380109.5762634,0,9627,42095,17398,0.0,0.0,0.0,0.356,1.159,0.0
1784380109.6347928,0,9627,42105,17398,0.0,0.0,0.0,0.356,1.159,0.0
1784380109.6927047,0,9627,42115,17398,0.0,0.0,0.0,0.356,1.158,0.0
1784380109.7382956,0,9627,42125,17398,0.0,0.0,0.0,0.356,1.158,0.0
1784380109.7739437,0,9627,42135,17398,0.0,0.0,0.0,0.356,1.158,0.0
1784380109.8234801,0,9627,42145,17398,0.0,0.0,0.0,0.356,1.158,0.0
1784380109.8770738,0,9627,42155,17398,0.0,0.0,0.0,0.356,1.158,0.0
1784380109.929296,0,9627,42165,17398,0.0,0.0,0.0,0.356,1.158,0.0
1784380109.9757807,0,9627,42175,17398,0.0,0.0,0.0,0.356,1.157,0.0
1784380110.023439,0,9627,42185,17398,0.0,0.0,0.0,0.356,1.157,0.0
1784380110.0727441,0,9627,42195,17398,0.0,0.0,0.0,0.356,1.157,0.0
1784380110.1356773,0,9627,42205,17398,0.0,0.0,0.0,0.356,1.157,0.0
1784380110.1867359,0,9627,42215,17398,0.0,0.0,0.0,0.356,1.157,0.0
1784380110.2413704,0,9627,42225,17398,0.0,0.0,0.0,0.356,1.157,0.0
1784380110.2939858,0,9627,42235,17398,0.0,0.0,0.0,0.356,1.156,0.0
1784380110.3420224,0,9627,42245,17398,0.0,0.0,0.0,0.356,1.156,0.0
1784380110.3878794,0,9627,42255,17398,0.0,0.0,0.0,0.356,1.156,0.0
1784380110.4405396,0,9627,42265,17398,0.0,0.0,0.0,0.356,1.156,0.0
1784380110.5021737,0,9627,42275,17398,0.0,0.0,0.0,0.356,1.156,0.0
1784380110.547162,0,9627,42285,17398,0.0,0.0,0.0,0.356,1.156,0.0
1784380110.6037283,0,9627,42295,17398,0.0,0.0,0.0,0.356,1.155,0.0
1784380110.6440423,0,9627,42305,17398,0.0,0.0,0.0,0.356,1.155,0.0
1784380110.709239,0,9627,42315,17398,0.0,0.0,0.0,0.356,1.155,0.0
1784380110.7614176,0,9627,42325,17398,0.0,0.0,0.0,0.356,1.155,0.0
1784380110.8208218,0,9627,42335,17398,0.0,0.0,0.0,0.356,1.155,0.0
1784380110.8744757,0,9627,42345,17398,0.0,0.0,0.0,0.356,1.155,0.0
1784380110.9250267,0,9627,42355,17398,0.0,0.0,0.0,0.356,1.154,0.0
1784380110.9803302,0,9627,42365,17398,0.0,0.0,0.0,0.356,1.154,0.0
1784380111.0302203,0,9627,42375,17398,0.0,0.0,0.0,0.356,1.154,0.0
1784380111.0799634,0,9627,42385,17398,0.0,0.0,0.0,0.356,1.154,0.0
1784380111.125113,0,9627,42395,17398,0.0,0.0,0.0,0.356,1.154,0.0
1784380111.1804557,0,9627,42405,17398,0.0,0.0,0.0,0.356,1.154,0.0
1784380111.225643,0,9627,42415,17398,0.0,0.0,0.0,0.356,1.153,0.0
1784380111.2665691,0,9627,42425,17398,0.0,0.0,0.0,0.356,1.153,0.0
1784380111.3184018,0,9627,42435,17398,0.0,0.0,0.0,0.356,1.153,0.0
1784380111.3694377,0,9627,42445,17398,0.0,0.0,0.0,0.356,1.153,0.0
1784380111.4173503,0,9627,42455,17398,0.0,0.0,0.0,0.356,1.153,0.0
1784380111.467308,0,9627,42465,17398,0.0,0.0,0.0,0.356,1.153,0.0
1784380111.5215876,0,9627,42475,17398,0.0,0.0,0.0,0.356,1.152,0.0
1784380111.5718122,0,9627,42485,17398,0.0,0.0,0.0,0.356,1.152,0.0
1784380111.6238353,0,9627,42495,17398,0.0,0.0,0.0,0.356,1.152,0.0
1784380111.6732507,0,9627,42505,17398,0.0,0.0,0.0,0.356,1.152,0.0
1784380111.7315922,0,9627,42515,17398,0.0,0.0,0.0,0.356,1.152,0.0
1784380111.7795508,0,9627,42525,17398,0.0,0.0,0.0,0.356,1.152,0.0
1784380111.839454,0,9627,42535,17398,0.0,0.0,0.0,0.356,1.151,0.0
1784380111.8861613,0,9627,42545,17398,0.0,0.0,0.0,0.356,1.151,0.0
1784380111.9368744,0,9627,42555,17398,0.0,0.0,0.0,0.356,1.151,0.0
1784380112.0030437,0,9627,42565,17398,0.0,0.0,0.0,0.356,1.151,0.0
1784380112.0547297,0,9627,42575,17398,0.0,0.0,0.0,0.356,1.151,0.0
1784380112.1066213,0,9627,42585,17398,0.0,0.0,0.0,0.356,1.151,0.0
1784380112.1580598,0,9627,42595,17398,0.0,0.0,0.0,0.356,1.15,0.0
1784380112.2065115,0,9627,42605,17398,0.0,0.0,0.0,0.356,1.15,0.0
1784380112.2631776,0,9627,42615,17398,0.0,0.0,0.0,0.356,1.15,0.0
1784380112.320155,1,9627,42624,17398,0.0,0.0,0.0,0.356,1.15,0.0
1784380112.3654287,11,9627,42624,17398,0.001,0.0,0.0,0.356,1.15,0.0
1784380112.4295228,15,9627,42630,17398,0.002,0.0,0.001,0.356,1.15,0.0
1784380112.4772048,15,9627,42640,17398,0.002,0.0,0.001,0.356,1.15,0.0
1784380112.533515,15,9627,42650,17398,0.002,0.0,0.001,0.356,1.149,0.0
1784380112.5803924,15,9627,42660,17398,0.002,0.0,0.001,0.356,1.149,0.0
1784380112.6262188,15,9627,42670,17398,0.002,0.0,0.001,0.356,1.149,0.0
1784380112.6855214,15,9627,42680,17398,0.002,0.0,0.001,0.356,1.149,0.0
1784380112.727052,15,9627,42690,17398,0.002,0.0,0.001,0.356,1.149,0.0
1784380112.780033,15,9627,42700,17398,0.002,0.0,0.001,0.356,1.149,0.0
1784380112.8237104,15,9627,42710,17398,0.002,0.0,0.001,0.356,1.148,0.0
1784380112.869641,15,9627,42720,17398,0.002,0.0,0.001,0.356,1.148,0.0
1784380112.9234123,15,9627,42730,17398,0.002,0.0,0.001,0.356,1.148,0.0
1784380112.9692433,15,9627,42740,17398,0.002,0.0,0.001,0.356,1.148,0.0
1784380113.0216012,15,9627,42750,17398,0.002,0.0,0.001,0.356,1.148,0.0
1784380113.0687962,15,9627,42760,17398,0.002,0.0,0.001,0.356,1.148,0.0
1784380113.1216614,15,9627,42770,17398,0.002,0.0,0.001,0.356,1.147,0.0
1784380113.1798694,15,9627,42780,17398,0.002,0.0,0.001,0.356,1.147,0.0
1784380113.2238858,15,9627,42790,17398,0.002,0.0,0.001,0.356,1.147,0.0
1784380113.2775877,15,9627,42800,17398,0.002,0.0,0.001,0.356,1.147,0.0
1784380113.3278735,15,9627,42810,17398,0.002,0.0,0.001,0.356,1.147,0.0
1784380113.3920295,15,9627,42820,17398,0.002,0.0,0.001,0.356,1.147,0.0
1784380113.4398015,15,9627,42830,17398,0.002,0.0,0.001,0.356,1.146,0.0
1784380113.495744,15,9627,42840,17398,0.002,0.0,0.001,0.356,1.146,0.0
1784380113.5532193,15,9627,42850,17398,0.002,0.0,0.001,0.356,1.146,0.0
1784380113.5989892,15,9627,42860,17398,0.002,0.0,0.001,0.356,1.146,0.0
1784380113.6500487,15,9627,42870,17398,0.002,0.0,0.001,0.356,1.146,0.0
1784380113.6995385,15,9627,42880,17398,0.002,0.0,0.001,0.356,1.146,0.0
1784380113.7530544,15,9627,42890,17398,0.002,0.0,0.001,0.356,1.145,0.0
1784380113.8039958,15,9627,42900,17398,0.002,0.0,0.001,0.356,1.145,0.0
1784380113.8480315,15,9627,42910,17398,0.002,0.0,0.001,0.356,1.145,0.0
1784380113.8895166,15,9627,42920,17398,0.002,0.0,0.001,0.356,1.145,0.0
1784380113.938176,15,9627,42930,17398,0.002,0.0,0.001,0.356,1.145,0.0
1784380113.980426,15,9627,42940,17398,0.002,0.0,0.001,0.356,1.145,0.0
1784380114.0329235,15,9627,42950,17398,0.002,0.0,0.001,0.356,1.144,0.0
1784380114.0879211,15,9627,42960,17398,0.002,0.0,0.001,0.356,1.144,0.0
1784380114.150451,15,9627,42970,17398,0.002,0.0,0.001,0.356,1.144,0.0
1784380114.221075,15,9627,42980,17398,0.002,0.0,0.001,0.356,1.144,0.0
1784380114.286652,15,9627,42990,17398,0.002,0.0,0.001,0.356,1.144,0.0
1784380114.3393137,15,9627,43000,17398,0.002,0.0,0.001,0.356,1.144,0.0
1784380114.3903043,15,9627,43010,17398,0.002,0.0,0.001,0.356,1.143,0.0
1784380114.440659,15,9627,43020,17398,0.002,0.0,0.001,0.356,1.143,0.0
1784380114.4888775,15,9627,43030,17398,0.002,0.0,0.001,0.356,1.143,0.0
1784380114.5372567,15,9627,43040,17398,0.002,0.0,0.001,0.356,1.143,0.0
1784380114.5825229,15,9627,43050,17398,0.002,0.0,0.001,0.356,1.143,0.0
1784380114.6406643,15,9627,43060,17398,0.002,0.0,0.001,0.356,1.143,0.0
1784380114.6957552,15,9627,43070,17398,0.002,0.0,0.001,0.356,1.142,0.0
1784380114.754123,15,9627,43080,17398,0.002,0.0,0.001,0.356,1.142,0.0
1784380114.8018734,15,9627,43090,17398,0.002,0.0,0.001,0.356,1.142,0.0
1784380114.8529854,15,9627,43100,17398,0.002,0.0,0.001,0.356,1.142,0.0
1784380114.899937,15,9627,43110,17398,0.002,0.0,0.001,0.356,1.142,0.0
1784380114.9513254,15,9627,43120,17398,0.002,0.0,0.001,0.356,1.142,0.0
1784380114.9936311,15,9627,43130,17398,0.002,0.0,0.001,0.356,1.141,0.0
1784380115.044701,15,9627,43140,17398,0.002,0.0,0.001,0.356,1.141,0.0
1784380115.0948195,15,9627,43150,17398,0.002,0.0,0.001,0.356,1.141,0.0
1784380115.1566756,15,9627,43160,17398,0.002,0.0,0.001,0.356,1.141,0.0
1784380115.2189624,15,9627,43170,17398,0.002,0.0,0.001,0.356,1.141,0.0
1784380115.2687716,15,9627,43180,17398,0.002,0.0,0.001,0.356,1.141,0.0
1784380115.3236656,15,9627,43190,17398,0.002,0.0,0.001,0.356,1.141,0.0
1784380115.3708334,15,9627,43200,17398,0.002,0.0,0.001,0.356,1.14,0.0
1784380115.420014,15,9627,43210,17398,0.002,0.0,0.001,0.356,1.14,0.0
1784380115.5012414,15,9627,43220,17398,0.002,0.0,0.001,0.356,1.14,0.0
1784380115.5430496,15,9627,43230,17398,0.002,0.0,0.001,0.356,1.14,0.0
1784380115.5795016,15,9627,43240,17398,0.002,0.0,0.001,0.356,1.14,0.0
1784380115.623656,15,9627,43250,17398,0.002,0.0,0.001,0.356,1.14,0.0
1784380115.6746302,15,9627,43260,17398,0.002,0.0,0.001,0.356,1.139,0.0
1784380115.727986,15,9627,43270,17398,0.002,0.0,0.001,0.356,1.139,0.0
1784380115.7821116,15,9627,43280,17398,0.002,0.0,0.001,0.356,1.139,0.0
1784380115.8307433,15,9627,43290,17398,0.002,0.0,0.001,0.356,1.139,0.0
1784380115.8855698,15,9627,43300,17398,0.002,0.0,0.001,0.356,1.139,0.0
1784380115.934589,15,9627,43310,17398,0.002,0.0,0.001,0.356,1.139,0.0
1784380115.978994,15,9627,43320,17398,0.002,0.0,0.001,0.356,1.138,0.0
1784380116.0263038,15,9627,43330,17398,0.002,0.0,0.001,0.356,1.138,0.0
1784380116.0642672,15,9627,43340,17398,0.002,0.0,0.001,0.356,1.138,0.0
1784380116.1107824,15,9627,43350,17398,0.002,0.0,0.001,0.356,1.138,0.0
1784380116.1583335,15,9627,43360,17398,0.002,0.0,0.001,0.356,1.138,0.0
1784380116.2031097,15,9627,43370,17398,0.002,0.0,0.001,0.356,1.138,0.0
1784380116.2516556,15,9627,43380,17398,0.002,0.0,0.001,0.356,1.137,0.0
1784380116.3082309,15,9627,43390,17398,0.002,0.0,0.001,0.356,1.137,0.0
1784380116.358263,15,9627,43400,17398,0.002,0.0,0.001,0.356,1.137,0.0
1784380116.41084,15,9627,43410,17398,0.002,0.0,0.001,0.356,1.137,0.0
1784380116.4625273,15,9627,43420,17398,0.002,0.0,0.001,0.356,1.137,0.0
1784380116.512721,15,9627,43430,17398,0.002,0.0,0.001,0.356,1.137,0.0
1784380116.5681682,15,9627,43440,17398,0.002,0.0,0.001,0.356,1.136,0.0
1784380116.6085145,15,9627,43450,17398,0.002,0.0,0.001,0.356,1.136,0.0
1784380116.6626906,15,9627,43460,17398,0.002,0.0,0.001,0.356,1.136,0.0
1784380116.7109516,15,9627,43470,17398,0.002,0.0,0.001,0.356,1.136,0.0
1784380116.7640476,15,9627,43480,17398,0.002,0.0,0.001,0.356,1.136,0.0
1784380116.8082411,15,9627,43490,17398,0.002,0.0,0.001,0.356,1.136,0.0
1784380116.8425422,15,9627,43500,17398,0.002,0.0,0.001,0.356,1.136,0.0
1784380116.894184,15,9627,43510,17398,0.002,0.0,0.001,0.356,1.135,0.0
1784380116.9458787,15,9627,43520,17398,0.002,0.0,0.001,0.356,1.135,0.0
1784380117.0112693,15,9627,43530,17398,0.002,0.0,0.001,0.356,1.135,0.0
1784380117.0593474,15,9627,43540,17398,0.002,0.0,0.001,0.356,1.135,0.0
1784380117.1107593,15,9627,43550,17398,0.002,0.0,0.001,0.356,1.135,0.0
1784380117.1625416,15,9627,43560,17398,0.002,0.0,0.001,0.356,1.135,0.0
1784380117.213242,15,9627,43570,17398,0.002,0.0,0.001,0.356,1.134,0.0
1784380117.2536724,15,9627,43580,17398,0.002,0.0,0.001,0.356,1.134,0.0
1784380117.3113067,15,9627,43590,17398,0.002,0.0,0.001,0.356,1.134,0.0
1784380117.3581834,15,9627,43600,17398,0.002,0.0,0.001,0.356,1.134,0.0
1784380117.4124067,15,9627,43610,17398,0.002,0.0,0.001,0.356,1.134,0.0
1784380117.454891,15,9627,43620,17398,0.002,0.0,0.001,0.356,1.134,0.0
1784380117.5085254,15,9627,43630,17398,0.002,0.0,0.001,0.356,1.133,0.0
1784380117.5560386,15,9627,43640,17398,0.002,0.0,0.001,0.356,1.133,0.0
1784380117.604056,15,9627,43650,17398,0.002,0.0,0.001,0.356,1.133,0.0
1784380117.6480603,15,9627,43660,17398,0.002,0.0,0.001,0.356,1.133,0.0
1784380117.7094083,15,9627,43670,17398,0.002,0.0,0.001,0.356,1.133,0.0
1784380117.752064,15,9627,43680,17398,0.002,0.0,0.001,0.356,1.133,0.0
1784380117.8048952,15,9627,43690,17398,0.002,0.0,0.001,0.356,1.132,0.0
1784380117.8470201,15,9627,43700,17398,0.002,0.0,0.001,0.356,1.132,0.0
1784380117.8928802,15,9627,43710,17398,0.002,0.0,0.001,0.356,1.132,0.0
1784380117.9394774,15,9627,43720,17398,0.002,0.0,0.001,0.356,1.132,0.0
1784380117.9842968,15,9627,43730,17398,0.002,0.0,0.001,0.356,1.132,0.0
1784380118.0351627,15,9627,43740,17398,0.002,0.0,0.001,0.356,1.132,0.0
1784380118.0815144,15,9627,43750,17398,0.002,0.0,0.001,0.356,1.132,0.0
1784380118.1336505,15,9627,43760,17398,0.002,0.0,0.001,0.356,1.131,0.0
1784380118.1847005,15,9627,43770,17398,0.002,0.0,0.001,0.356,1.131,0.0
1784380118.2313023,15,9627,43780,17398,0.002,0.0,0.001,0.356,1.131,0.0
1784380118.278488,15,9627,43790,17398,0.002,0.0,0.001,0.356,1.131,0.0
1784380118.3340447,15,9627,43800,17398,0.002,0.0,0.001,0.356,1.131,0.0
1784380118.3852139,15,9627,43810,17398,0.002,0.0,0.001,0.356,1.131,0.0
1784380118.4307492,15,9627,43820,17398,0.002,0.0,0.001,0.356,1.13,0.0
1784380118.4932876,15,9627,43830,17398,0.002,0.0,0.001,0.356,1.13,0.0
1784380118.55459,15,9627,43840,17398,0.002,0.0,0.001,0.356,1.13,0.0
1784380118.6164315,15,9627,43850,17398,0.002,0.0,0.001,0.356,1.13,0.0
1784380118.667007,15,9627,43860,17398,0.002,0.0,0.001,0.356,1.13,0.0
1784380118.719592,15,9627,43870,17398,0.002,0.0,0.001,0.356,1.13,0.0
1784380118.7627745,15,9627,43880,17398,0.002,0.0,0.001,0.356,1.129,0.0
1784380118.806745,15,9627,43890,17398,0.002,0.0,0.001,0.356,1.129,0.0
1784380118.8613105,15,9627,43900,17398,0.002,0.0,0.001,0.356,1.129,0.0
1784380118.9152544,15,9627,43910,17398,0.002,0.0,0.001,0.356,1.129,0.0
1784380118.9745512,15,9627,43920,17398,0.002,0.0,0.001,0.356,1.129,0.0
1784380119.0227191,15,9627,43930,17398,0.002,0.0,0.001,0.356,1.129,0.0
1784380119.0721412,15,9627,43940,17398,0.002,0.0,0.001,0.356,1.128,0.0
1784380119.1196213,15,9627,43950,17398,0.002,0.0,0.001,0.356,1.128,0.0
1784380119.1668174,15,9627,43960,17398,0.002,0.0,0.001,0.356,1.128,0.0
1784380119.2152858,15,9627,43970,17398,0.002,0.0,0.001,0.356,1.128,0.0
1784380119.2589655,15,9627,43980,17398,0.002,0.0,0.001,0.356,1.128,0.0
1784380119.3119972,15,9627,43990,17398,0.002,0.0,0.001,0.356,1.128,0.0
1784380119.367548,15,9627,44000,17398,0.002,0.0,0.001,0.356,1.128,0.0
1784380119.4203515,15,9627,44010,17398,0.002,0.0,0.001,0.356,1.127,0.0
1784380119.4775484,15,9627,44020,17398,0.002,0.0,0.001,0.356,1.127,0.0
1784380119.5288286,15,9627,44030,17398,0.002,0.0,0.001,0.356,1.127,0.0
1784380119.5783458,15,9627,44040,17398,0.002,0.0,0.001,0.356,1.127,0.0
1784380119.6269827,15,9627,44050,17398,0.002,0.0,0.001,0.356,1.127,0.0
1784380119.6833105,15,9627,44060,17398,0.002,0.0,0.001,0.356,1.127,0.0
1784380119.7282903,15,9627,44070,17398,0.002,0.0,0.001,0.356,1.126,0.0
1784380119.7765155,15,9627,44080,17398,0.002,0.0,0.001,0.356,1.126,0.0
1784380119.8215578,15,9627,44090,17398,0.002,0.0,0.001,0.356,1.126,0.0
1784380119.8681114,15,9627,44100,17398,0.002,0.0,0.001,0.356,1.126,0.0
1784380119.9235113,15,9627,44110,17398,0.002,0.0,0.001,0.356,1.126,0.0
1784380119.9728184,15,9627,44120,17398,0.002,0.0,0.001,0.356,1.126,0.0
1784380120.0194054,15,9627,44130,17398,0.002,0.0,0.001,0.356,1.125,0.0
1784380120.0585227,15,9627,44140,17398,0.002,0.0,0.001,0.356,1.125,0.0
1784380120.1084418,15,9627,44150,17398,0.002,0.0,0.001,0.356,1.125,0.0
1784380120.151709,15,9627,44160,17398,0.002,0.0,0.001,0.356,1.125,0.0
1784380120.207387,15,9627,44170,17398,0.002,0.0,0.001,0.356,1.125,0.0
1784380120.2575107,15,9627,44180,17398,0.002,0.0,0.001,0.356,1.125,0.0
1784380120.310955,15,9627,44190,17398,0.002,0.0,0.001,0.356,1.125,0.0
1784380120.356183,15,9627,44200,17398,0.002,0.0,0.001,0.356,1.124,0.0
1784380120.4093404,15,9627,44210,17398,0.002,0.0,0.001,0.356,1.124,0.0
1784380120.4523444,15,9627,44220,17398,0.002,0.0,0.001,0.356,1.124,0.0
1784380120.499891,15,9627,44230,17398,0.002,0.0,0.001,0.356,1.124,0.0
1784380120.556787,15,9627,44240,17398,0.002,0.0,0.001,0.356,1.124,0.0
1784380120.6237233,15,9627,44250,17398,0.002,0.0,0.001,0.356,1.124,0.0
1784380120.6822853,15,9627,44260,17398,0.002,0.0,0.001,0.356,1.123,0.0
1784380120.7331147,15,9627,44270,17398,0.002,0.0,0.001,0.356,1.123,0.0
1784380120.7939165,15,9627,44280,17398,0.002,0.0,0.001,0.356,1.123,0.0
1784380120.8487635,15,9627,44290,17398,0.002,0.0,0.001,0.356,1.123,0.0
1784380120.8986323,15,9627,44300,17398,0.002,0.0,0.001,0.356,1.123,0.0
1784380120.9469726,15,9627,44310,17398,0.002,0.0,0.001,0.356,1.123,0.0
1784380120.9936297,15,9627,44320,17398,0.002,0.0,0.001,0.356,1.122,0.0
1784380121.0424418,15,9627,44330,17398,0.002,0.0,0.001,0.356,1.122,0.0
1784380121.0971637,15,9627,44340,17398,0.002,0.0,0.001,0.356,1.122,0.0
1784380121.1525097,15,9627,44350,17398,0.002,0.0,0.001,0.356,1.122,0.0
1784380121.20656,15,9627,44360,17398,0.002,0.0,0.001,0.356,1.122,0.0
1784380121.2619038,15,9627,44370,17398,0.002,0.0,0.001,0.356,1.122,0.0
1784380121.3108318,15,9627,44380,17398,0.002,0.0,0.001,0.356,1.122,0.0
1784380121.35787,15,9627,44390,17398,0.002,0.0,0.001,0.356,1.121,0.0
1784380121.4089768,15,9627,44400,17398,0.002,0.0,0.001,0.356,1.121,0.0
1784380121.455132,15,9627,44410,17398,0.002,0.0,0.001,0.356,1.121,0.0
1784380121.5132558,15,9627,44420,17398,0.002,0.0,0.001,0.356,1.121,0.0
1784380121.575342,15,9627,44430,17398,0.002,0.0,0.001,0.356,1.121,0.0
1784380121.618214,15,9627,44440,17398,0.002,0.0,0.001,0.356,1.121,0.0
1784380121.6703064,15,9627,44450,17398,0.002,0.0,0.001,0.356,1.12,0.0
1784380121.7329175,15,9627,44460,17398,0.002,0.0,0.001,0.356,1.12,0.0
1784380121.7844665,15,9627,44470,17398,0.002,0.0,0.001,0.356,1.12,0.0
1784380121.8336596,15,9627,44480,17398,0.002,0.0,0.001,0.356,1.12,0.0
1784380121.884876,15,9627,44490,17398,0.002,0.0,0.001,0.356,1.12,0.0
1784380121.9254053,15,9627,44500,17398,0.002,0.0,0.001,0.356,1.12,0.0
1784380121.9674642,15,9627,44510,17398,0.002,0.0,0.001,0.356,1.12,0.0
1784380122.0207784,15,9627,44520,17398,0.002,0.0,0.001,0.356,1.119,0.0
1784380122.0723345,15,9627,44530,17398,0.002,0.0,0.001,0.356,1.119,0.0
1784380122.1307166,15,9627,44540,17398,0.002,0.0,0.001,0.356,1.119,0.0
1784380122.1686296,15,9627,44550,17398,0.002,0.0,0.001,0.356,1.119,0.0
1784380122.2162266,15,9627,44560,17398,0.002,0.0,0.001,0.356,1.119,0.0
1784380122.2561617,15,9627,44570,17398,0.002,0.0,0.001,0.356,1.119,0.0
1784380122.2977357,15,9627,44580,17398,0.002,0.0,0.001,0.356,1.118,0.0
1784380122.3454072,15,9627,44590,17398,0.002,0.0,0.001,0.356,1.118,0.0
1784380122.3910482,15,9627,44600,17398,0.002,0.0,0.001,0.356,1.118,0.0
1784380122.4412215,15,9627,44610,17398,0.002,0.0,0.001,0.356,1.118,0.0
1784380122.484329,15,9627,44620,17398,0.002,0.0,0.001,0.356,1.118,0.0
1784380122.5391915,15,9627,44630,17398,0.002,0.0,0.001,0.356,1.118,0.0
1784380122.5870404,15,9627,44640,17398,0.002,0.0,0.001,0.356,1.117,0.0
1784380122.6382868,15,9627,44650,17398,0.002,0.0,0.001,0.356,1.117,0.0
1784380122.695256,15,9627,44660,17398,0.002,0.0,0.001,0.356,1.117,0.0
1784380122.7510219,15,9627,44670,17398,0.002,0.0,0.001,0.356,1.117,0.0
1784380122.8199775,15,9627,44680,17398,0.002,0.0,0.001,0.356,1.117,0.0
1784380122.8763204,15,9627,44690,17398,0.002,0.0,0.001,0.356,1.117,0.0
1784380122.924178,15,9627,44700,17398,0.002,0.0,0.001,0.356,1.117,0.0
1784380122.970711,15,9627,44710,17398,0.002,0.0,0.001,0.356,1.116,0.0
1784380123.0168643,15,9627,44720,17398,0.002,0.0,0.001,0.356,1.116,0.0
1784380123.0623078,15,9627,44730,17398,0.002,0.0,0.001,0.356,1.116,0.0
1784380123.1079679,15,9627,44740,17398,0.002,0.0,0.001,0.356,1.116,0.0
1784380123.155286,15,9627,44750,17398,0.002,0.0,0.001,0.356,1.116,0.0
1784380123.2031388,15,9627,44760,17398,0.002,0.0,0.001,0.356,1.116,0.0
1784380123.254685,15,9627,44770,17398,0.002,0.0,0.001,0.356,1.115,0.0
1784380123.2995493,15,9627,44780,17398,0.002,0.0,0.001,0.356,1.115,0.0
1784380123.3495696,15,9627,44790,17398,0.002,0.0,0.001,0.356,1.115,0.0
1784380123.396843,15,9627,44800,17398,0.002,0.0,0.001,0.356,1.115,0.0
1784380123.4433393,15,9627,44810,17398,0.002,0.0,0.001,0.356,1.115,0.0
1784380123.4990954,15,9627,44820,17398,0.002,0.0,0.001,0.356,1.115,0.0
1784380123.5400634,15,9627,44830,17398,0.002,0.0,0.001,0.356,1.115,0.0
1784380123.599872,15,9627,44840,17398,0.002,0.0,0.001,0.356,1.114,0.0
1784380123.643455,15,9627,44850,17398,0.002,0.0,0.001,0.356,1.114,0.0
1784380123.6964657,15,9627,44860,17398,0.002,0.0,0.001,0.356,1.114,0.0
1784380123.7461507,15,9627,44870,17398,0.002,0.0,0.001,0.356,1.114,0.0
1784380123.809253,15,9627,44880,17398,0.002,0.0,0.001,0.356,1.114,0.0
1784380123.8586128,15,9627,44890,17398,0.002,0.0,0.001,0.356,1.114,0.0
1784380123.907077,15,9627,44900,17398,0.002,0.0,0.001,0.356,1.113,0.0
1784380123.954578,15,9627,44910,17398,0.002,0.0,0.001,0.356,1.113,0.0
1784380124.008814,15,9627,44920,17398,0.002,0.0,0.001,0.356,1.113,0.0
1784380124.0510051,15,9627,44930,17398,0.002,0.0,0.001,0.356,1.113,0.0
1784380124.107166,15,9627,44940,17398,0.002,0.0,0.001,0.356,1.113,0.0
1784380124.1479864,15,9627,44950,17398,0.002,0.0,0.001,0.356,1.113,0.0
1784380124.1882973,15,9627,44960,17398,0.002,0.0,0.001,0.356,1.113,0.0
1784380124.2433882,15,9627,44970,17398,0.002,0.0,0.001,0.356,1.112,0.0
1784380124.284276,15,9627,44980,17398,0.002,0.0,0.001,0.356,1.112,0.0
1784380124.3384748,15,9627,44990,17398,0.002,0.0,0.001,0.356,1.112,0.0
1784380124.382724,15,9627,45000,17398,0.002,0.0,0.001,0.356,1.112,0.0
1784380124.4397955,15,9627,45010,17398,0.002,0.0,0.001,0.356,1.112,0.0
1784380124.4886627,15,9627,45020,17398,0.002,0.0,0.001,0.356,1.112,0.0
1784380124.5392156,15,9627,45030,17398,0.002,0.0,0.001,0.356,1.111,0.0
1784380124.5974598,15,9627,45040,17398,0.002,0.0,0.001,0.356,1.111,0.0
1784380124.6533601,15,9627,45050,17398,0.002,0.0,0.001,0.356,1.111,0.0
1784380124.7097356,15,9627,45060,17398,0.002,0.0,0.001,0.356,1.111,0.0
1784380124.748112,15,9627,45070,17398,0.002,0.0,0.001,0.356,1.111,0.0
1784380124.804908,15,9627,45080,17398,0.002,0.0,0.001,0.356,1.111,0.0
1784380124.8562865,15,9627,45090,17398,0.002,0.0,0.001,0.356,1.111,0.0
1784380124.9070277,15,9627,45100,17398,0.002,0.0,0.001,0.356,1.11,0.0
1784380124.9629145,15,9627,45110,17398,0.002,0.0,0.001,0.356,1.11,0.0
1784380125.0084455,15,9627,45120,17398,0.002,0.0,0.001,0.356,1.11,0.0
1784380125.0662923,15,9627,45130,17398,0.002,0.0,0.001,0.356,1.11,0.0
1784380125.1099179,15,9627,45140,17398,0.002,0.0,0.001,0.356,1.11,0.0
1784380125.1403928,15,9627,45150,17398,0.002,0.0,0.001,0.356,1.11,0.0
1784380125.1883326,15,9627,45160,17398,0.002,0.0,0.001,0.356,1.109,0.0
1784380125.231962,15,9627,45170,17398,0.002,0.0,0.001,0.356,1.109,0.0
1784380125.2951303,15,9627,45180,17398,0.002,0.0,0.001,0.356,1.109,0.0
1784380125.3419576,15,9627,45190,17398,0.002,0.0,0.001,0.356,1.109,0.0
1784380125.390048,15,9627,45200,17398,0.002,0.0,0.001,0.356,1.109,0.0
1784380125.4479294,15,9627,45210,17398,0.002,0.0,0.001,0.356,1.109,0.0
1784380125.491214,15,9627,45220,17398,0.002,0.0,0.001,0.356,1.109,0.0
1784380125.5448265,15,9627,45230,17398,0.002,0.0,0.001,0.356,1.108,0.0
1784380125.6011307,15,9627,45240,17398,0.002,0.0,0.001,0.356,1.108,0.0
1784380125.660704,15,9627,45250,17398,0.002,0.0,0.001,0.356,1.108,0.0
1784380125.7059186,15,9627,45260,17398,0.002,0.0,0.001,0.356,1.108,0.0
1784380125.7441103,15,9627,45270,17398,0.002,0.0,0.001,0.356,1.108,0.0
1784380125.7987669,15,9627,45280,17398,0.002,0.0,0.001,0.356,1.108,0.0
1784380125.8420792,15,9627,45290,17398,0.002,0.0,0.001,0.356,1.107,0.0
1784380125.890585,15,9627,45300,17398,0.002,0.0,0.001,0.356,1.107,0.0
1784380125.940852,15,9627,45310,17398,0.002,0.0,0.001,0.356,1.107,0.0
1784380125.983883,15,9627,45320,17398,0.002,0.0,0.001,0.356,1.107,0.0
1784380126.0369732,15,9627,45330,17398,0.002,0.0,0.001,0.356,1.107,0.0
1784380126.0769265,15,9627,45340,17398,0.002,0.0,0.001,0.356,1.107,0.0
1784380126.1216917,15,9627,45350,17398,0.002,0.0,0.001,0.356,1.107,0.0
1784380126.1715999,15,9627,45360,17398,0.002,0.0,0.001,0.356,1.106,0.0
1784380126.2124324,15,9627,45370,17398,0.002,0.0,0.001,0.356,1.106,0.0
1784380126.2560937,15,9627,45380,17398,0.002,0.0,0.001,0.356,1.106,0.0
1784381067.8237734,0,0,0,10,0.0,0.0,0.0,0.0,0.798,0.0
1784381077.8286736,0,0,0,20,0.0,0.0,0.0,0.0,0.899,0.0
1784381085.926361,0,0,0,30,0.0,0.0,0.0,0.0,0.982,0.0
1784381087.2138808,9,0,0,31,1.0,1.0,1.0,0.0,0.881,0.0
1784381087.298334,19,0,0,31,1.0,1.0,1.0,0.0,0.705,0.0
1784381087.3800683,29,0,0,31,1.0,1.0,1.0,0.0,0.587,0.0
1784381087.4633079,39,0,0,31,1.0,1.0,1.0,0.0,0.503,0.0
1784381087.5977364,49,0,0,31,1.0,1.0,1.0,0.0,0.44,0.0
1784381087.6860285,59,0,0,31,1.0,1.0,1.0,0.0,0.392,0.0
1784381087.8706305,69,0,0,31,1.0,1.0,1.0,0.0,0.352,0.0
1784381087.9938354,79,0,0,31,1.0,1.0,1.0,0.0,0.32,0.0
1784381088.21867,89,0,0,31,1.0,1.0,1.0,0.0,0.39,0.0
1784381088.416708,99,0,0,31,1.0,1.0,1.0,0.0,0.507,0.0
1784381088.6442678,109,0,0,31,1.0,1.0,1.0,0.0,0.606,0.0
1784381088.7121801,119,0,0,31,1.0,1.0,1.0,0.0,0.692,0.0
1784381088.8093522,129,0,0,31,1.0,1.0,1.0,0.0,0.767,0.0
1784381088.8962069,139,0,0,31,1.0,1.0,1.0,0.0,0.832,0.0
1784381089.0024848,149,0,0,31,1.0,1.0,1.0,0.0,0.888,0.0
1784381089.0793781,159,0,0,31,1.0,1.0,1.0,0.0,0.938,0.0
1784381089.1640878,169,0,0,31,1.0,1.0,1.0,0.0,0.983,0.0
1784381089.2470438,179,0,0,31,1.0,1.0,1.0,0.0,1.024,0.0
1784381089.3105888,189,0,0,31,1.0,1.0,1.0,0.0,1.058,0.0
1784381089.3875968,199,0,0,31,1.0,1.0,1.0,0.0,1.088,0.0
1784381089.4592206,209,0,0,31,1.0,1.0,1.0,0.0,1.114,0.0
1784381089.5476117,219,0,0,31,1.0,1.0,1.0,0.0,1.139,0.0
1784381089.6036577,229,0,0,31,1.0,1.0,1.0,0.0,1.161,0.0
1784381089.697557,239,0,0,31,1.0,1.0,1.0,0.0,1.181,0.0
1784381089.7852945,249,0,0,31,1.0,1.0,1.0,0.0,1.199,0.0
1784381089.8707395,259,0,0,31,1.0,1.0,1.0,0.0,1.215,0.0
1784381090.1768215,269,0,0,31,1.0,1.0,1.0,0.0,1.229,0.0
1784381090.259493,279,0,0,31,1.0,1.0,1.0,0.0,1.241,0.0
1784381090.3437073,289,0,0,31,1.0,1.0,1.0,0.0,1.252,0.0
1784381090.4195037,299,0,0,31,1.0,1.0,1.0,0.0,1.262,0.0
1784381090.495555,309,0,0,31,1.0,1.0,1.0,0.0,1.269,0.0
1784381090.5578482,319,0,0,31,1.0,1.0,1.0,0.0,1.275,0.0
1784381090.6851242,329,0,0,31,1.0,1.0,1.0,0.0,1.279,0.0
1784381090.9117513,339,0,0,31,1.0,1.0,1.0,0.0,1.283,0.0
1784381091.1782162,349,0,0,31,1.0,1.0,1.0,0.0,1.285,0.0
1784381091.3481376,359,0,0,31,1.0,1.0,1.0,0.0,1.286,0.0
1784381091.5514357,369,0,0,31,1.0,1.0,1.0,0.0,1.288,0.0
1784381091.772599,379,0,0,31,1.0,1.0,1.0,0.0,1.29,0.0
1784381091.8762028,389,0,0,31,1.0,1.0,1.0,0.0,1.291,0.0
1784381092.0655816,399,0,0,31,1.0,1.0,1.0,0.0,1.29,0.0
1784381092.1704981,409,0,0,31,1.0,1.0,1.0,0.0,1.286,0.0
1784381092.2388902,419,0,0,31,1.0,1.0,1.0,0.0,1.282,0.0
1784381092.3300085,429,0,0,31,1.0,1.0,1.0,0.0,1.278,0.0
1784381092.4459708,439,0,0,31,1.0,1.0,1.0,0.0,1.274,0.0
1784381092.5195084,449,0,0,31,1.0,1.0,1.0,0.0,1.27,0.0
1784381092.624742,459,0,0,31,1.0,1.0,1.0,0.0,1.266,0.0
1784381092.81095,469,0,0,31,1.0,1.0,1.0,0.0,1.262,0.0
1784381092.9278893,479,0,0,31,1.0,1.0,1.0,0.0,1.258,0.0
1784381093.038867,489,0,0,31,1.0,1.0,1.0,0.0,1.254,0.0
1784381093.1370344,499,0,0,31,1.0,1.0,1.0,0.0,1.25,0.0
1784381093.2216642,509,0,0,31,1.0,1.0,1.0,0.0,1.246,0.0
1784381093.2989068,519,0,0,31,1.0,1.0,1.0,0.0,1.242,0.0
1784381093.3659897,529,0,0,31,1.0,1.0,1.0,0.0,1.238,0.0
1784381093.4434457,539,0,0,31,1.0,1.0,1.0,0.0,1.234,0.0
1784381093.5203753,549,0,0,31,1.0,1.0,1.0,0.0,1.23,0.0
1784381093.6200464,559,0,0,31,1.0,1.0,1.0,0.0,1.225,0.0
1784381093.6859603,569,0,0,31,1.0,1.0,1.0,0.0,1.22,0.0
1784381093.744121,579,0,0,31,1.0,1.0,1.0,0.0,1.215,0.0
1784381093.8044808,589,0,0,31,1.0,1.0,1.0,0.0,1.21,0.0
1784381093.8750873,599,0,0,31,1.0,1.0,1.0,0.0,1.204,0.0
1784381093.957425,609,0,0,31,1.0,1.0,1.0,0.0,1.199,0.0
1784381094.0795102,619,0,0,31,1.0,1.0,1.0,0.0,1.193,0.0
1784381094.3367295,629,0,0,31,1.0,1.0,1.0,0.0,1.187,0.0
1784381094.5584788,639,0,0,31,1.0,1.0,1.0,0.0,1.181,0.0
1784381094.6302097,649,0,0,31,1.0,1.0,1.0,0.0,1.175,0.0
1784381094.7025673,659,0,0,31,1.0,1.0,1.0,0.0,1.168,0.0
1784381094.7992728,669,0,0,31,1.0,1.0,1.0,0.0,1.162,0.0
1784381094.8675797,679,0,0,31,1.0,1.0,1.0,0.0,1.17,0.0
1784381094.9814239,689,0,0,31,1.0,1.0,1.0,0.0,1.182,0.0
1784381095.0493207,699,0,0,31,1.0,1.0,1.0,0.0,1.192,0.0
1784381095.1568985,709,0,0,31,1.0,1.0,1.0,0.0,1.203,0.0
1784381095.2482612,719,0,0,31,1.0,1.0,1.0,0.0,1.213,0.0
1784381095.351239,729,0,0,31,1.0,1.0,1.0,0.0,1.222,0.0
1784381095.4357555,739,0,0,31,1.0,1.0,1.0,0.0,1.232,0.0
1784381095.5153883,749,0,0,31,1.0,1.0,1.0,0.0,1.241,0.0
1784381095.633994,759,0,0,31,1.0,1.0,1.0,0.0,1.25,0.0
1784381095.7076128,769,0,0,31,1.0,1.0,1.0,0.0,1.258,0.0
1784381095.7852044,779,0,0,31,1.0,1.0,1.0,0.0,1.266,0.0
1784381095.8420277,789,0,0,31,1.0,1.0,1.0,0.0,1.275,0.0
1784381095.9403713,799,0,0,31,1.0,1.0,1.0,0.0,1.282,0.0
1784381096.0255485,809,0,0,31,1.0,1.0,1.0,0.0,1.289,0.0
1784381096.1182587,819,0,0,31,1.0,1.0,1.0,0.0,1.296,0.0
1784381096.2376819,829,0,0,31,1.0,1.0,1.0,0.0,1.303,0.0
1784381096.3191986,839,0,0,31,1.0,1.0,1.0,0.0,1.309,0.0
1784381096.3900757,849,0,0,31,1.0,1.0,1.0,0.0,1.315,0.0
1784381096.4846592,859,0,0,31,1.0,1.0,1.0,0.0,1.321,0.0
1784381096.6190164,869,0,0,31,1.0,1.0,1.0,0.0,1.326,0.0
1784381096.7680519,879,0,0,31,1.0,1.0,1.0,0.0,1.331,0.0
1784381097.0167677,889,0,0,31,1.0,1.0,1.0,0.0,1.336,0.0
1784381097.2491007,899,0,0,31,1.0,1.0,1.0,0.0,1.341,0.0
1784381097.437474,909,0,0,31,1.0,1.0,1.0,0.0,1.346,0.0
1784381097.6936188,919,0,0,31,1.0,1.0,1.0,0.0,1.35,0.0
1784381097.8217857,929,0,0,31,1.0,1.0,1.0,0.0,1.354,0.0
1784381097.8874786,939,0,0,31,1.0,1.0,1.0,0.0,1.358,0.0
1784381097.980892,949,0,0,31,1.0,1.0,1.0,0.0,1.362,0.0
1784381098.0523372,959,0,0,31,1.0,1.0,1.0,0.0,1.366,0.0
1784381098.1074622,969,0,0,31,1.0,1.0,1.0,0.0,1.369,0.0
1784381098.2010758,979,0,0,31,1.0,1.0,1.0,0.0,1.373,0.0
1784381098.2725875,989,0,0,31,1.0,1.0,1.0,0.0,1.376,0.0
1784381098.3693533,999,0,0,31,1.0,1.0,1.0,0.0,1.379,0.0
1784381098.4278498,1009,0,0,31,1.0,1.0,1.0,0.0,1.382,0.0
1784381098.4882364,1019,0,0,31,1.0,1.0,1.0,0.0,1.385,0.0
1784381098.5476398,1029,0,0,31,1.0,1.0,1.0,0.0,1.388,0.0
1784381098.6220365,1039,0,0,31,1.0,1.0,1.0,0.0,1.391,0.0
1784381098.6829007,1049,0,0,31,1.0,1.0,1.0,0.0,1.393,0.0
1784381098.73286,1059,0,0,31,1.0,1.0,1.0,0.0,1.396,0.0
1784381098.8494024,1069,0,0,31,1.0,1.0,1.0,0.0,1.398,0.0
1784381098.9276447,1079,0,0,31,1.0,1.0,1.0,0.0,1.401,0.0
1784381099.0119793,1089,0,0,31,1.0,1.0,1.0,0.0,1.403,0.0
1784381099.103839,1099,0,0,31,1.0,1.0,1.0,0.0,1.406,0.0
1784381099.2046664,1109,0,0,31,1.0,1.0,1.0,0.0,1.409,0.0
1784381099.3130744,1119,0,0,31,1.0,1.0,1.0,0.0,1.412,0.0
1784381099.435046,1129,0,0,31,1.0,1.0,1.0,0.0,1.415,0.0
1784381099.5494144,1139,0,0,31,1.0,1.0,1.0,0.0,1.418,0.0
1784381099.6515117,1149,0,0,31,1.0,1.0,1.0,0.0,1.421,0.0
1784381099.7342901,1159,0,0,31,1.0,1.0,1.0,0.0,1.424,0.0
1784381099.8737237,1169,0,0,31,1.0,1.0,1.0,0.0,1.427,0.0
1784381100.12649,1179,0,0,31,1.0,1.0,1.0,0.0,1.43,0.0
1784381100.4291756,1189,0,0,31,1.0,1.0,1.0,0.0,1.433,0.0
1784381100.6029668,1199,0,0,31,1.0,1.0,1.0,0.0,1.436,0.0
1784381100.8549442,1209,0,0,31,1.0,1.0,1.0,0.0,1.439,0.0
1784381101.0974393,1219,0,0,31,1.0,1.0,1.0,0.0,1.442,0.0
1784381101.3433278,1229,0,0,31,1.0,1.0,1.0,0.0,1.445,0.0
1784381101.5202339,1239,0,0,31,1.0,1.0,1.0,0.0,1.448,0.0
1784381101.6070955,1249,0,0,31,1.0,1.0,1.0,0.0,1.451,0.0
1784381101.6857147,1259,0,0,31,1.0,1.0,1.0,0.0,1.455,0.0
1784381101.8295202,1269,0,0,31,1.0,1.0,1.0,0.0,1.458,0.0
1784381101.9180188,1279,0,0,31,1.0,1.0,1.0,0.0,1.461,0.0
1784381101.980224,1289,0,0,31,1.0,1.0,1.0,0.0,1.465,0.0
1784381102.060281,1299,0,0,31,1.0,1.0,1.0,0.0,1.468,0.0
1784381102.1391184,1309,0,0,31,1.0,1.0,1.0,0.0,1.472,0.0
1784381102.237201,1319,0,0,31,1.0,1.0,1.0,0.0,1.475,0.0
1784381102.3110352,1329,0,0,31,1.0,1.0,1.0,0.0,1.479,0.0
1784381102.3860326,1339,0,0,31,1.0,1.0,1.0,0.0,1.483,0.0
1784381102.474647,1349,0,0,31,1.0,1.0,1.0,0.0,1.486,0.0
1784381102.537815,1359,0,0,31,1.0,1.0,1.0,0.0,1.49,0.0
1784381102.5973413,1369,0,0,31,1.0,1.0,1.0,0.0,1.494,0.0
1784381102.6540897,1379,0,0,31,1.0,1.0,1.0,0.0,1.497,0.0
1784381102.7323406,1389,0,0,31,1.0,1.0,1.0,0.0,1.501,0.0
1784381102.805785,1399,0,0,31,1.0,1.0,1.0,0.0,1.504,0.0
1784381102.8775117,1409,0,0,31,1.0,1.0,1.0,0.0,1.508,0.0
1784381102.9692543,1419,0,0,31,1.0,1.0,1.0,0.0,1.512,0.0
1784381103.0482354,1429,0,0,31,1.0,1.0,1.0,0.0,1.515,0.0
1784381103.1150467,1439,0,0,31,1.0,1.0,1.0,0.0,1.519,0.0
1784381103.1940372,1449,0,0,31,1.0,1.0,1.0,0.0,1.523,0.0
1784381103.2943182,1459,0,0,31,1.0,1.0,1.0,0.0,1.526,0.0
1784381103.404484,1469,0,0,31,1.0,1.0,1.0,0.0,1.53,0.0
1784381103.5280175,1479,0,0,31,1.0,1.0,1.0,0.0,1.533,0.0
1784381103.758427,1489,0,0,31,1.0,1.0,1.0,0.0,1.536,0.0
1784381104.02974,1499,0,0,31,1.0,1.0,1.0,0.0,1.539,0.0
1784381104.1572063,1509,0,0,31,1.0,1.0,1.0,0.0,1.541,0.0
1784381104.2298713,1519,0,0,31,1.0,1.0,1.0,0.0,1.544,0.0
1784381104.341493,1529,0,0,31,1.0,1.0,1.0,0.0,1.546,0.0
1784381104.4058175,1539,0,0,31,1.0,1.0,1.0,0.0,1.548,0.0
1784381104.4861326,1549,0,0,31,1.0,1.0,1.0,0.0,1.55,0.0
1784381104.547103,1559,0,0,31,1.0,1.0,1.0,0.0,1.552,0.0
1784381104.6190746,1569,0,0,31,1.0,1.0,1.0,0.0,1.553,0.0
1784381104.69382,1579,0,0,31,1.0,1.0,1.0,0.0,1.554,0.0
1784381104.7542777,1589,0,0,31,1.0,1.0,1.0,0.0,1.556,0.0
1784381104.814196,1599,0,0,31,1.0,1.0,1.0,0.0,1.557,0.0
1784381104.8939033,1609,0,0,31,1.0,1.0,1.0,0.0,1.557,0.0
1784381104.9701424,1619,0,0,31,1.0,1.0,1.0,0.0,1.557,0.0
1784381105.0532413,1629,0,0,31,1.0,1.0,1.0,0.0,1.558,0.0
1784381105.1373038,1639,0,0,31,1.0,1.0,1.0,0.0,1.558,0.0
1784381105.2033505,1649,0,0,31,1.0,1.0,1.0,0.0,1.558,0.0
1784381105.272373,1659,0,0,31,1.0,1.0,1.0,0.0,1.558,0.0
1784381105.4235272,1669,0,0,31,1.0,1.0,1.0,0.0,1.558,0.0
1784381105.5077446,1679,0,0,31,1.0,1.0,1.0,0.0,1.558,0.0
1784381105.5958872,1689,0,0,31,1.0,1.0,1.0,0.0,1.558,0.0
1784381105.6770537,1699,0,0,31,1.0,1.0,1.0,0.0,1.558,0.0
1784381105.7405953,1709,0,0,31,1.0,1.0,1.0,0.0,1.558,0.0
1784381105.8260872,1719,0,0,31,1.0,1.0,1.0,0.0,1.558,0.0
1784381105.8918126,1729,0,0,31,1.0,1.0,1.0,0.0,1.558,0.0
1784381105.9660006,1739,0,0,31,1.0,1.0,1.0,0.0,1.558,0.0
1784381106.0468032,1749,0,0,31,1.0,1.0,1.0,0.0,1.557,0.0
1784381106.1621637,1759,0,0,31,1.0,1.0,1.0,0.0,1.557,0.0
1784381106.3629334,1769,0,0,31,1.0,1.0,1.0,0.0,1.556,0.0
1784381106.5965536,1779,0,0,31,1.0,1.0,1.0,0.0,1.557,0.0
1784381106.863084,1789,0,0,31,1.0,1.0,1.0,0.0,1.559,0.0
1784381107.0927074,1799,0,0,31,1.0,1.0,1.0,0.0,1.562,0.0
1784381107.1807714,1809,0,0,31,1.0,1.0,1.0,0.0,1.564,0.0
1784381107.2513785,1819,0,0,31,1.0,1.0,1.0,0.0,1.567,0.0
1784381107.3200998,1829,0,0,31,1.0,1.0,1.0,0.0,1.569,0.0
1784381107.3945823,1839,0,0,31,1.0,1.0,1.0,0.0,1.572,0.0
1784381107.4565275,1849,0,0,31,1.0,1.0,1.0,0.0,1.574,0.0
1784381107.5373714,1859,0,0,31,1.0,1.0,1.0,0.0,1.576,0.0
1784381107.6300695,1869,0,0,31,1.0,1.0,1.0,0.0,1.579,0.0
1784381107.7045574,1879,0,0,31,1.0,1.0,1.0,0.0,1.581,0.0
1784381107.7727017,1889,0,0,31,1.0,1.0,1.0,0.0,1.583,0.0
1784381107.8523617,1899,0,0,31,1.0,1.0,1.0,0.0,1.584,0.0
1784381107.9269333,1909,0,0,31,1.0,1.0,1.0,0.0,1.586,0.0
1784381108.005686,1919,0,0,31,1.0,1.0,1.0,0.0,1.588,0.0
1784381108.0922704,1929,0,0,31,1.0,1.0,1.0,0.0,1.589,0.0
1784381108.169785,1939,0,0,31,1.0,1.0,1.0,0.0,1.591,0.0
1784381108.2616425,1949,0,0,31,1.0,1.0,1.0,0.0,1.592,0.0
1784381108.3511674,1959,0,0,31,1.0,1.0,1.0,0.0,1.593,0.0
1784381108.4661026,1969,0,0,31,1.0,1.0,1.0,0.0,1.594,0.0
1784381108.5488307,1979,0,0,31,1.0,1.0,1.0,0.0,1.595,0.0
1784381108.6354969,1989,0,0,31,1.0,1.0,1.0,0.0,1.596,0.0
1784381108.7306094,1999,0,0,31,1.0,1.0,1.0,0.0,1.596,0.0
1784381108.806627,2009,0,0,31,1.0,1.0,1.0,0.0,1.596,0.0
1784381108.885025,2019,0,0,31,1.0,1.0,1.0,0.0,1.595,0.0
1784381108.9643276,2029,0,0,31,1.0,1.0,1.0,0.0,1.595,0.0
1784381109.0408916,2039,0,0,31,1.0,1.0,1.0,0.0,1.593,0.0
1784381109.221169,2049,0,0,31,1.0,1.0,1.0,0.0,1.592,0.0
1784381109.3999383,2059,0,0,31,1.0,1.0,1.0,0.0,1.59,0.0
1784381109.5321999,2069,0,0,31,1.0,1.0,1.0,0.0,1.587,0.0
1784381109.6115973,2079,0,0,31,1.0,1.0,1.0,0.0,1.584,0.0
1784381109.7093384,2089,0,0,31,1.0,1.0,1.0,0.0,1.582,0.0
1784381109.7608385,2099,0,0,31,1.0,1.0,1.0,0.0,1.579,0.0
1784381109.8279622,2109,0,0,31,1.0,1.0,1.0,0.0,1.575,0.0
1784381109.9168913,2119,0,0,31,1.0,1.0,1.0,0.0,1.572,0.0
1784381110.009224,2129,0,0,31,1.0,1.0,1.0,0.0,1.567,0.0
1784381110.0974932,2139,0,0,31,1.0,1.0,1.0,0.0,1.563,0.0
1784381110.1996725,2149,0,0,31,1.0,1.0,1.0,0.0,1.559,0.0
1784381110.2733955,2159,0,0,31,1.0,1.0,1.0,0.0,1.554,0.0
1784381110.3345227,2169,0,0,31,1.0,1.0,1.0,0.0,1.55,0.0
1784381110.403879,2179,0,0,31,1.0,1.0,1.0,0.0,1.546,0.0
1784381110.545859,2189,0,0,31,1.0,1.0,1.0,0.0,1.541,0.0
1784381110.6057367,2199,0,0,31,1.0,1.0,1.0,0.0,1.537,0.0
1784381110.6989603,2209,0,0,31,1.0,1.0,1.0,0.0,1.533,0.0
1784381110.7879956,2219,0,0,31,1.0,1.0,1.0,0.0,1.529,0.0
1784381110.8633356,2229,0,0,31,1.0,1.0,1.0,0.0,1.524,0.0
1784381110.933827,2239,0,0,31,1.0,1.0,1.0,0.0,1.524,0.0
1784381111.0110612,2249,0,0,31,1.0,1.0,1.0,0.0,1.527,0.0
1784381111.0919235,2259,0,0,31,1.0,1.0,1.0,0.0,1.529,0.0
1784381111.2172189,2269,0,0,31,1.0,1.0,1.0,0.0,1.531,0.0
1784381111.2983525,2279,0,0,31,1.0,1.0,1.0,0.0,1.533,0.0
1784381111.3957274,2289,0,0,31,1.0,1.0,1.0,0.0,1.534,0.0
1784381111.677987,2299,0,0,31,1.0,1.0,1.0,0.0,1.536,0.0
1784381111.9187539,2309,0,0,31,1.0,1.0,1.0,0.0,1.538,0.0
1784381112.1331449,2319,0,0,31,1.0,1.0,1.0,0.0,1.539,0.0
1784381112.2786515,2329,0,0,31,1.0,1.0,1.0,0.0,1.54,0.0
1784381112.3565338,2339,0,0,31,1.0,1.0,1.0,0.0,1.542,0.0
1784381112.4261549,2349,0,0,31,1.0,1.0,1.0,0.0,1.543,0.0
1784381112.4930809,2359,0,0,31,1.0,1.0,1.0,0.0,1.544,0.0
1784381112.599032,2369,0,0,31,1.0,1.0,1.0,0.0,1.545,0.0
1784381112.706468,2379,0,0,31,1.0,1.0,1.0,0.0,1.546,0.0
1784381112.7712493,2389,0,0,31,1.0,1.0,1.0,0.0,1.547,0.0
1784381112.832916,2399,0,0,31,1.0,1.0,1.0,0.0,1.548,0.0
1784381112.916802,2409,0,0,31,1.0,1.0,1.0,0.0,1.548,0.0
1784381112.9936388,2419,0,0,31,1.0,1.0,1.0,0.0,1.549,0.0
1784381113.0635238,2429,0,0,31,1.0,1.0,1.0,0.0,1.55,0.0
1784381113.14449,2439,0,0,31,1.0,1.0,1.0,0.0,1.551,0.0
1784381113.2397566,2449,0,0,31,1.0,1.0,1.0,0.0,1.551,0.0
1784381113.3315015,2459,0,0,31,1.0,1.0,1.0,0.0,1.552,0.0
1784381113.424577,2469,0,0,31,1.0,1.0,1.0,0.0,1.553,0.0
1784381113.4915116,2479,0,0,31,1.0,1.0,1.0,0.0,1.553,0.0
1784381113.5869527,2489,0,0,31,1.0,1.0,1.0,0.0,1.554,0.0
1784381113.663976,2499,0,0,31,1.0,1.0,1.0,0.0,1.554,0.0
1784381113.7485518,2509,0,0,31,1.0,1.0,1.0,0.0,1.554,0.0
1784381113.813399,2519,0,0,31,1.0,1.0,1.0,0.0,1.555,0.0
1784381113.9016187,2529,0,0,31,1.0,1.0,1.0,0.0,1.555,0.0
1784381113.9843097,2539,0,0,31,1.0,1.0,1.0,0.0,1.556,0.0
1784381114.0517418,2549,0,0,31,1.0,1.0,1.0,0.0,1.556,0.0
1784381114.1264207,2559,0,0,31,1.0,1.0,1.0,0.0,1.557,0.0
1784381114.2153041,2569,0,0,31,1.0,1.0,1.0,0.0,1.557,0.0
1784381114.3518267,2579,0,0,31,1.0,1.0,1.0,0.0,1.557,0.0
1784381114.4930108,2589,0,0,31,1.0,1.0,1.0,0.0,1.558,0.0
1784381114.765477,2599,0,0,31,1.0,1.0,1.0,0.0,1.558,0.0
1784381115.0227087,2609,0,0,31,1.0,1.0,1.0,0.0,1.559,0.0
1784381115.2386363,2619,0,0,31,1.0,1.0,1.0,0.0,1.559,0.0
1784381115.4000583,2629,0,0,31,1.0,1.0,1.0,0.0,1.56,0.0
1784381115.512176,2639,0,0,31,1.0,1.0,1.0,0.0,1.56,0.0
1784381115.5849366,2649,0,0,31,1.0,1.0,1.0,0.0,1.561,0.0
1784381115.6668198,2659,0,0,31,1.0,1.0,1.0,0.0,1.561,0.0
1784381115.784186,2669,0,0,31,1.0,1.0,1.0,0.0,1.561,0.0
1784381115.8643255,2679,0,0,31,1.0,1.0,1.0,0.0,1.562,0.0
1784381115.9457166,2689,0,0,31,1.0,1.0,1.0,0.0,1.562,0.0
1784381116.0303297,2699,0,0,31,1.0,1.0,1.0,0.0,1.562,0.0
1784381116.1074789,2709,0,0,31,1.0,1.0,1.0,0.0,1.562,0.0
1784381116.1733034,2719,0,0,31,1.0,1.0,1.0,0.0,1.563,0.0
1784381116.2470305,2729,0,0,31,1.0,1.0,1.0,0.0,1.563,0.0
1784381116.320767,2739,0,0,31,1.0,1.0,1.0,0.0,1.563,0.0
1784381116.3885252,2749,0,0,31,1.0,1.0,1.0,0.0,1.563,0.0
1784381116.473236,2759,0,0,31,1.0,1.0,1.0,0.0,1.563,0.0
1784381116.5520284,2769,0,0,31,1.0,1.0,1.0,0.0,1.562,0.0
1784381116.6139066,2779,0,0,31,1.0,1.0,1.0,0.0,1.562,0.0
1784381116.692519,2789,0,0,31,1.0,1.0,1.0,0.0,1.562,0.0
1784381116.7827933,2799,0,0,31,1.0,1.0,1.0,0.0,1.562,0.0
1784381116.8721783,2809,0,0,31,1.0,1.0,1.0,0.0,1.562,0.0
1784381116.9789546,2819,0,0,31,1.0,1.0,1.0,0.0,1.562,0.0
1784381117.0683768,2829,0,0,31,1.0,1.0,1.0,0.0,1.562,0.0
1784381117.1530192,2839,0,0,31,1.0,1.0,1.0,0.0,1.562,0.0
1784381117.242279,2849,0,0,31,1.0,1.0,1.0,0.0,1.562,0.0
1784381117.3396711,2859,0,0,31,1.0,1.0,1.0,0.0,1.561,0.0
1784381117.4620264,2869,0,0,31,1.0,1.0,1.0,0.0,1.561,0.0
1784381117.555855,2879,0,0,31,1.0,1.0,1.0,0.0,1.561,0.0
1784381117.624795,2889,0,0,31,1.0,1.0,1.0,0.0,1.56,0.0
1784381117.699906,2899,0,0,31,1.0,1.0,1.0,0.0,1.56,0.0
1784381117.793692,2909,0,0,31,1.0,1.0,1.0,0.0,1.559,0.0
1784381117.872142,2919,0,0,31,1.0,1.0,1.0,0.0,1.559,0.0
1784381117.952593,2929,0,0,31,1.0,1.0,1.0,0.0,1.558,0.0
1784381118.0271635,2939,0,0,31,1.0,1.0,1.0,0.0,1.557,0.0
1784381118.092679,2949,0,0,31,1.0,1.0,1.0,0.0,1.556,0.0
1784381118.18507,2959,0,0,31,1.0,1.0,1.0,0.0,1.556,0.0
1784381118.2666035,2969,0,0,31,1.0,1.0,1.0,0.0,1.554,0.0
1784381118.3496346,2979,0,0,31,1.0,1.0,1.0,0.0,1.553,0.0
1784381118.4326243,2989,0,0,31,1.0,1.0,1.0,0.0,1.552,0.0
1784381118.4990487,2999,0,0,31,1.0,1.0,1.0,0.0,1.551,0.0
1784381118.5817204,3009,0,0,31,1.0,1.0,1.0,0.0,1.549,0.0
1784381118.6522624,3019,0,0,31,1.0,1.0,1.0,0.0,1.548,0.0
1784381118.7226002,3029,0,0,31,1.0,1.0,1.0,0.0,1.546,0.0
1784381118.8028195,3039,0,0,31,1.0,1.0,1.0,0.0,1.545,0.0
1784381118.9056523,3049,0,0,31,1.0,1.0,1.0,0.0,1.544,0.0
1784381118.9730065,3059,0,0,31,1.0,1.0,1.0,0.0,1.542,0.0
1784381119.1491385,3069,0,0,31,1.0,1.0,1.0,0.0,1.541,0.0
1784381119.263096,3079,0,0,31,1.0,1.0,1.0,0.0,1.54,0.0
1784381119.3432724,3089,0,0,31,1.0,1.0,1.0,0.0,1.539,0.0
1784381119.4327025,3099,0,0,31,1.0,1.0,1.0,0.0,1.537,0.0
1784381119.5110862,3109,0,0,31,1.0,1.0,1.0,0.0,1.536,0.0
1784381119.6207175,3119,0,0,31,1.0,1.0,1.0,0.0,1.535,0.0
1784381119.7015686,3129,0,0,31,1.0,1.0,1.0,0.0,1.534,0.0
1784381119.765248,3139,0,0,31,1.0,1.0,1.0,0.0,1.533,0.0
1784381119.8443499,3149,0,0,31,1.0,1.0,1.0,0.0,1.532,0.0
1784381119.9566963,3159,0,0,31,1.0,1.0,1.0,0.0,1.531,0.0
1784381120.0654984,3169,0,0,31,1.0,1.0,1.0,0.0,1.532,0.0
1784381120.1543136,3179,0,0,31,1.0,1.0,1.0,0.0,1.533,0.0
1784381120.2590606,3189,0,0,31,1.0,1.0,1.0,0.0,1.535,0.0
1784381120.3476536,3199,0,0,31,1.0,1.0,1.0,0.0,1.536,0.0
1784381120.4605072,3209,0,0,31,1.0,1.0,1.0,0.0,1.537,0.0
1784381120.551943,3219,0,0,31,1.0,1.0,1.0,0.0,1.539,0.0
1784381120.6396513,3229,0,0,31,1.0,1.0,1.0,0.0,1.54,0.0
1784381120.7661736,3239,0,0,31,1.0,1.0,1.0,0.0,1.542,0.0
1784381120.8616045,3249,0,0,31,1.0,1.0,1.0,0.0,1.543,0.0
1784381120.9369009,3259,0,0,31,1.0,1.0,1.0,0.0,1.544,0.0
1784381121.0963223,3269,0,0,31,1.0,1.0,1.0,0.0,1.546,0.0
1784381121.2159088,3279,0,0,31,1.0,1.0,1.0,0.0,1.547,0.0
1784381121.322968,3289,0,0,31,1.0,1.0,1.0,0.0,1.548,0.0
1784381121.4070663,3299,0,0,31,1.0,1.0,1.0,0.0,1.55,0.0
1784381121.509884,3309,0,0,31,1.0,1.0,1.0,0.0,1.551,0.0
1784381121.5927908,3319,0,0,31,1.0,1.0,1.0,0.0,1.552,0.0
1784381121.697259,3329,0,0,31,1.0,1.0,1.0,0.0,1.554,0.0
1784381121.8002117,3339,0,0,31,1.0,1.0,1.0,0.0,1.555,0.0
1784381121.8906224,3349,0,0,31,1.0,1.0,1.0,0.0,1.556,0.0
1784381121.9965906,3359,0,0,31,1.0,1.0,1.0,0.0,1.557,0.0
1784381122.0657892,3369,0,0,31,1.0,1.0,1.0,0.0,1.559,0.0
1784381122.151862,3379,0,0,31,1.0,1.0,1.0,0.0,1.56,0.0
1784381122.2488704,3389,0,0,31,1.0,1.0,1.0,0.0,1.561,0.0
1784381122.3516276,3399,0,0,31,1.0,1.0,1.0,0.0,1.563,0.0
1784381122.464849,3409,0,0,31,1.0,1.0,1.0,0.0,1.564,0.0
1784381122.5590007,3419,0,0,31,1.0,1.0,1.0,0.0,1.565,0.0
1784381122.644198,3429,0,0,31,1.0,1.0,1.0,0.0,1.566,0.0
1784381122.753424,3439,0,0,31,1.0,1.0,1.0,0.0,1.567,0.0
1784381122.8432167,3449,0,0,31,1.0,1.0,1.0,0.0,1.568,0.0
1784381122.9313793,3459,0,0,31,1.0,1.0,1.0,0.0,1.569,0.0
1784381123.1106255,3469,0,0,31,1.0,1.0,1.0,0.0,1.57,0.0
1784381123.2370355,3479,0,0,31,1.0,1.0,1.0,0.0,1.571,0.0
1784381123.3727221,3489,0,0,31,1.0,1.0,1.0,0.0,1.572,0.0
1784381123.4577878,3499,0,0,31,1.0,1.0,1.0,0.0,1.573,0.0
1784381123.5566187,3509,0,0,31,1.0,1.0,1.0,0.0,1.574,0.0
1784381123.6341991,3519,0,0,31,1.0,1.0,1.0,0.0,1.575,0.0
1784381123.7258325,3529,0,0,31,1.0,1.0,1.0,0.0,1.576,0.0
1784381123.8239448,3539,0,0,31,1.0,1.0,1.0,0.0,1.577,0.0
1784381123.917785,3549,0,0,31,1.0,1.0,1.0,0.0,1.578,0.0
1784381124.0005,3559,0,0,31,1.0,1.0,1.0,0.0,1.579,0.0
1784381124.0820506,3569,0,0,31,1.0,1.0,1.0,0.0,1.58,0.0
1784381124.1624978,3579,0,0,31,1.0,1.0,1.0,0.0,1.581,0.0
1784381124.281488,3589,0,0,31,1.0,1.0,1.0,0.0,1.582,0.0
1784381124.405245,3599,0,0,31,1.0,1.0,1.0,0.0,1.583,0.0
1784381124.518446,3609,0,0,31,1.0,1.0,1.0,0.0,1.585,0.0
1784381124.6077354,3619,0,0,31,1.0,1.0,1.0,0.0,1.586,0.0
1784381124.7027133,3629,0,0,31,1.0,1.0,1.0,0.0,1.587,0.0
1784381124.7993307,3639,0,0,31,1.0,1.0,1.0,0.0,1.588,0.0
1784381124.8811393,3649,0,0,31,1.0,1.0,1.0,0.0,1.59,0.0
1784381124.9691308,3659,0,0,31,1.0,1.0,1.0,0.0,1.591,0.0
1784381125.100619,3669,0,0,31,1.0,1.0,1.0,0.0,1.592,0.0
1784381125.1955204,3679,0,0,31,1.0,1.0,1.0,0.0,1.594,0.0
1784381125.2991667,3689,0,0,31,1.0,1.0,1.0,0.0,1.595,0.0
1784381125.4022818,3699,0,0,31,1.0,1.0,1.0,0.0,1.596,0.0
1784381125.485539,3709,0,0,31,1.0,1.0,1.0,0.0,1.598,0.0
1784381125.5849168,3719,0,0,31,1.0,1.0,1.0,0.0,1.599,0.0
1784381125.686867,3729,0,0,31,1.0,1.0,1.0,0.0,1.6,0.0
1784381125.7987049,3739,0,0,31,1.0,1.0,1.0,0.0,1.602,0.0
1784381125.89499,3749,0,0,31,1.0,1.0,1.0,0.0,1.603,0.0
1784381125.9810696,3759,0,0,31,1.0,1.0,1.0,0.0,1.604,0.0
1784381126.091329,3769,0,0,31,1.0,1.0,1.0,0.0,1.606,0.0
1784381126.1742873,3779,0,0,31,1.0,1.0,1.0,0.0,1.607,0.0
1784381126.2869904,3789,0,0,31,1.0,1.0,1.0,0.0,1.608,0.0
1784381126.3650434,3799,0,0,31,1.0,1.0,1.0,0.0,1.609,0.0
1784381126.476727,3809,0,0,31,1.0,1.0,1.0,0.0,1.611,0.0
1784381126.5631866,3819,0,0,31,1.0,1.0,1.0,0.0,1.612,0.0
1784381126.6594071,3829,0,0,31,1.0,1.0,1.0,0.0,1.613,0.0
1784381126.7471616,3839,0,0,31,1.0,1.0,1.0,0.0,1.614,0.0
1784381126.8481712,3849,0,0,31,1.0,1.0,1.0,0.0,1.615,0.0
1784381126.9616811,3859,0,0,31,1.0,1.0,1.0,0.0,1.616,0.0
1784381127.0976722,3869,0,0,31,1.0,1.0,1.0,0.0,1.617,0.0
1784381127.1901522,3879,0,0,31,1.0,1.0,1.0,0.0,1.618,0.0
1784381127.2817945,3889,0,0,31,1.0,1.0,1.0,0.0,1.62,0.0
1784381127.3858013,3899,0,0,31,1.0,1.0,1.0,0.0,1.621,0.0
1784381127.5005696,3909,0,0,31,1.0,1.0,1.0,0.0,1.622,0.0
1784381127.6033263,3919,0,0,31,1.0,1.0,1.0,0.0,1.623,0.0
1784381127.6930737,3929,0,0,31,1.0,1.0,1.0,0.0,1.623,0.0
1784381127.770018,3939,0,0,31,1.0,1.0,1.0,0.0,1.624,0.0
1784381127.83822,3949,0,0,31,1.0,1.0,1.0,0.0,1.625,0.0
1784381127.9203598,3959,0,0,31,1.0,1.0,1.0,0.0,1.626,0.0
1784381128.0188532,3969,0,0,31,1.0,1.0,1.0,0.0,1.627,0.0
1784381128.1268296,3979,0,0,31,1.0,1.0,1.0,0.0,1.628,0.0
1784381128.2080276,3989,0,0,31,1.0,1.0,1.0,0.0,1.629,0.0
1784381128.3335984,3999,0,0,31,1.0,1.0,1.0,0.0,1.63,0.0
1784381128.4185815,4009,0,0,31,1.0,1.0,1.0,0.0,1.631,0.0
1784381128.5203376,4019,0,0,31,1.0,1.0,1.0,0.0,1.632,0.0
1784381128.6259792,4029,0,0,31,1.0,1.0,1.0,0.0,1.633,0.0
1784381128.7101004,4039,0,0,31,1.0,1.0,1.0,0.0,1.634,0.0
1784381128.7958848,4049,0,0,31,1.0,1.0,1.0,0.0,1.635,0.0
1784381128.8846338,4059,0,0,31,1.0,1.0,1.0,0.0,1.636,0.0
1784381129.0144427,4069,0,0,31,1.0,1.0,1.0,0.0,1.637,0.0
1784381129.1529806,4079,0,0,31,1.0,1.0,1.0,0.0,1.639,0.0
1784381129.251797,4089,0,0,31,1.0,1.0,1.0,0.0,1.64,0.0
1784381129.365977,4099,0,0,31,1.0,1.0,1.0,0.0,1.641,0.0
1784381129.446633,4109,0,0,31,1.0,1.0,1.0,0.0,1.642,0.0
1784381129.5499814,4119,0,0,31,1.0,1.0,1.0,0.0,1.643,0.0
1784381129.657991,4129,0,0,31,1.0,1.0,1.0,0.0,1.644,0.0
1784381129.7505848,4139,0,0,31,1.0,1.0,1.0,0.0,1.645,0.0
1784381129.8778205,4149,0,0,31,1.0,1.0,1.0,0.0,1.646,0.0
1784381129.9796913,4159,0,0,31,1.0,1.0,1.0,0.0,1.647,0.0
1784381130.0858834,4169,0,0,31,1.0,1.0,1.0,0.0,1.648,0.0
1784381130.172232,4179,0,0,31,1.0,1.0,1.0,0.0,1.649,0.0
1784381130.263593,4189,0,0,31,1.0,1.0,1.0,0.0,1.65,0.0
1784381130.3726234,4199,0,0,31,1.0,1.0,1.0,0.0,1.652,0.0
1784381130.485695,4209,0,0,31,1.0,1.0,1.0,0.0,1.653,0.0
1784381130.5976875,4219,0,0,31,1.0,1.0,1.0,0.0,1.654,0.0
1784381130.6705618,4229,0,0,31,1.0,1.0,1.0,0.0,1.655,0.0
1784381130.7649274,4239,0,0,31,1.0,1.0,1.0,0.0,1.656,0.0
1784381130.874261,4249,0,0,31,1.0,1.0,1.0,0.0,1.657,0.0
1784381130.9639766,4259,0,0,31,1.0,1.0,1.0,0.0,1.659,0.0
1784381131.0998988,4269,0,0,31,1.0,1.0,1.0,0.0,1.66,0.0
1784381131.1763504,4279,0,0,31,1.0,1.0,1.0,0.0,1.661,0.0
1784381131.2728806,4289,0,0,31,1.0,1.0,1.0,0.0,1.662,0.0
1784381131.3709245,4299,0,0,31,1.0,1.0,1.0,0.0,1.664,0.0
1784381131.4348269,4309,0,0,31,1.0,1.0,1.0,0.0,1.665,0.0
1784381131.528107,4319,0,0,31,1.0,1.0,1.0,0.0,1.666,0.0
1784381131.5911758,4329,0,0,31,1.0,1.0,1.0,0.0,1.667,0.0
1784381131.686284,4339,0,0,31,1.0,1.0,1.0,0.0,1.668,0.0
1784381131.7967305,4349,0,0,31,1.0,1.0,1.0,0.0,1.67,0.0
1784381131.905445,4359,0,0,31,1.0,1.0,1.0,0.0,1.671,0.0
1784381132.0084467,4369,0,0,31,1.0,1.0,1.0,0.0,1.672,0.0
1784381132.0783303,4379,0,0,31,1.0,1.0,1.0,0.0,1.673,0.0
1784381132.1474357,4389,0,0,31,1.0,1.0,1.0,0.0,1.674,0.0
1784381132.2283454,4399,0,0,31,1.0,1.0,1.0,0.0,1.676,0.0
1784381132.3297968,4409,0,0,31,1.0,1.0,1.0,0.0,1.677,0.0
1784381132.4242387,4419,0,0,31,1.0,1.0,1.0,0.0,1.678,0.0
1784381132.49659,4429,0,0,31,1.0,1.0,1.0,0.0,1.679,0.0
1784381132.5724318,4439,0,0,31,1.0,1.0,1.0,0.0,1.68,0.0
1784381132.6672199,4449,0,0,31,1.0,1.0,1.0,0.0,1.681,0.0
1784381132.746969,4459,0,0,31,1.0,1.0,1.0,0.0,1.683,0.0
1784381132.8854203,4469,0,0,31,1.0,1.0,1.0,0.0,1.684,0.0
1784381132.9809577,4479,0,0,31,1.0,1.0,1.0,0.0,1.685,0.0
1784381133.0571766,4489,0,0,31,1.0,1.0,1.0,0.0,1.686,0.0
1784381133.1627166,4499,0,0,31,1.0,1.0,1.0,0.0,1.687,0.0
1784381133.2746997,4509,0,0,31,1.0,1.0,1.0,0.0,1.688,0.0
1784381133.3671074,4519,0,0,31,1.0,1.0,1.0,0.0,1.689,0.0
1784381133.456344,4529,0,0,31,1.0,1.0,1.0,0.0,1.69,0.0
1784381133.5587132,4539,0,0,31,1.0,1.0,1.0,0.0,1.691,0.0
1784381133.6588202,4549,0,0,31,1.0,1.0,1.0,0.0,1.692,0.0
1784381133.739971,4559,0,0,31,1.0,1.0,1.0,0.0,1.693,0.0
1784381133.8699746,4569,0,0,31,1.0,1.0,1.0,0.0,1.693,0.0
1784381133.9762478,4579,0,0,31,1.0,1.0,1.0,0.0,1.693,0.0
1784381134.079092,4589,0,0,31,1.0,1.0,1.0,0.0,1.693,0.0
1784381134.2084515,4599,0,0,31,1.0,1.0,1.0,0.0,1.692,0.0
1784381134.2921703,4609,0,0,31,1.0,1.0,1.0,0.0,1.69,0.0
1784381134.3841493,4619,0,0,31,1.0,1.0,1.0,0.0,1.689,0.0
1784381134.4762278,4629,0,0,31,1.0,1.0,1.0,0.0,1.688,0.0
1784381134.5568132,4639,0,0,31,1.0,1.0,1.0,0.0,1.687,0.0
1784381134.6381438,4649,0,0,31,1.0,1.0,1.0,0.0,1.685,0.0
1784381134.7360795,4659,0,0,31,1.0,1.0,1.0,0.0,1.684,0.0
1784381134.8804545,4669,0,0,31,1.0,1.0,1.0,0.0,1.682,0.0
1784381134.9646418,4679,0,0,31,1.0,1.0,1.0,0.0,1.681,0.0
1784381135.0607796,4689,0,0,31,1.0,1.0,1.0,0.0,1.679,0.0
1784381135.1377296,4699,0,0,31,1.0,1.0,1.0,0.0,1.678,0.0
1784381135.2248473,4709,0,0,31,1.0,1.0,1.0,0.0,1.676,0.0
1784381135.296051,4719,0,0,31,1.0,1.0,1.0,0.0,1.674,0.0
1784381135.3564026,4729,0,0,31,1.0,1.0,1.0,0.0,1.673,0.0
1784381135.4211168,4739,0,0,31,1.0,1.0,1.0,0.0,1.671,0.0
1784381135.5066302,4749,0,0,31,1.0,1.0,1.0,0.0,1.67,0.0
1784381135.697976,4759,0,0,31,1.0,1.0,1.0,0.0,1.668,0.0
1784381135.8783228,4769,0,0,31,1.0,1.0,1.0,0.0,1.666,0.0
1784381136.2147245,4779,0,0,31,1.0,1.0,1.0,0.0,1.665,0.0
1784381136.3808465,4789,0,0,31,1.0,1.0,1.0,0.0,1.663,0.0
1784381136.467545,4799,0,0,31,1.0,1.0,1.0,0.0,1.661,0.0
1784381136.539638,4809,0,0,31,1.0,1.0,1.0,0.0,1.66,0.0
1784381136.6061363,4819,0,0,31,1.0,1.0,1.0,0.0,1.658,0.0
1784381136.6728902,4829,0,0,31,1.0,1.0,1.0,0.0,1.656,0.0
1784381136.7666676,4839,0,0,31,1.0,1.0,1.0,0.0,1.655,0.0
1784381136.84841,4849,0,0,31,1.0,1.0,1.0,0.0,1.653,0.0
1784381136.9215605,4859,0,0,31,1.0,1.0,1.0,0.0,1.651,0.0
1784381137.0316567,4869,0,0,31,1.0,1.0,1.0,0.0,1.649,0.0
1784381137.1763601,4879,0,0,31,1.0,1.0,1.0,0.0,1.647,0.0
1784381137.3109298,4889,0,0,31,1.0,1.0,1.0,0.0,1.646,0.0
1784381137.3874218,4899,0,0,31,1.0,1.0,1.0,0.0,1.644,0.0
1784381137.4543865,4909,0,0,31,1.0,1.0,1.0,0.0,1.642,0.0
1784381137.532115,4919,0,0,31,1.0,1.0,1.0,0.0,1.64,0.0
1784381137.6010606,4929,0,0,31,1.0,1.0,1.0,0.0,1.638,0.0
1784381137.6602693,4939,0,0,31,1.0,1.0,1.0,0.0,1.636,0.0
1784381137.7553685,4949,0,0,31,1.0,1.0,1.0,0.0,1.634,0.0
1784381137.8525004,4959,0,0,31,1.0,1.0,1.0,0.0,1.633,0.0
1784381137.9207034,4969,0,0,31,1.0,1.0,1.0,0.0,1.631,0.0
1784381137.9904113,4979,0,0,31,1.0,1.0,1.0,0.0,1.629,0.0
1784381138.0932765,4989,0,0,31,1.0,1.0,1.0,0.0,1.627,0.0
1784381138.3034945,4999,0,0,31,1.0,1.0,1.0,0.0,1.625,0.0
1784381138.666322,5009,0,0,31,1.0,1.0,1.0,0.0,1.623,0.0
1784381138.8674414,5019,0,0,31,1.0,1.0,1.0,0.0,1.621,0.0
1784381139.0812354,5029,0,0,31,1.0,1.0,1.0,0.0,1.619,0.0
1784381139.3692882,5039,0,0,31,1.0,1.0,1.0,0.0,1.617,0.0
1784381139.5473418,5049,0,0,31,1.0,1.0,1.0,0.0,1.615,0.0
1784381139.7883234,5059,0,0,31,1.0,1.0,1.0,0.0,1.613,0.0
1784381140.4331172,5069,0,0,31,1.0,1.0,1.0,0.0,1.611,0.0
1784381140.6812482,5079,0,0,31,1.0,1.0,1.0,0.0,1.61,0.0
1784381140.993095,5089,0,0,31,1.0,1.0,1.0,0.0,1.608,0.0
1784381141.1226716,5099,0,0,31,1.0,1.0,1.0,0.0,1.606,0.0
1784381141.2143798,5109,0,0,31,1.0,1.0,1.0,0.0,1.604,0.0
1784381141.2935216,5119,0,0,31,1.0,1.0,1.0,0.0,1.602,0.0
1784381141.3772168,5129,0,0,31,1.0,1.0,1.0,0.0,1.6,0.0
1784381141.4557414,5139,0,0,31,1.0,1.0,1.0,0.0,1.599,0.0
1784381141.5373147,5149,0,0,31,1.0,1.0,1.0,0.0,1.6,0.0
1784381141.6129954,5159,0,0,31,1.0,1.0,1.0,0.0,1.601,0.0
1784381141.7071,5169,0,0,31,1.0,1.0,1.0,0.0,1.601,0.0
1784381141.7934875,5179,0,0,31,1.0,1.0,1.0,0.0,1.602,0.0
1784381141.874779,5189,0,0,31,1.0,1.0,1.0,0.0,1.603,0.0
1784381141.9470816,5199,0,0,31,1.0,1.0,1.0,0.0,1.603,0.0
1784381142.0252454,5209,0,0,31,1.0,1.0,1.0,0.0,1.604,0.0
1784381142.0994687,5219,0,0,31,1.0,1.0,1.0,0.0,1.604,0.0
1784381142.2224581,5229,0,0,31,1.0,1.0,1.0,0.0,1.605,0.0
1784381142.4000952,5239,0,0,31,1.0,1.0,1.0,0.0,1.605,0.0
1784381142.4841833,5249,0,0,31,1.0,1.0,1.0,0.0,1.605,0.0
1784381142.558917,5259,0,0,31,1.0,1.0,1.0,0.0,1.605,0.0
1784381142.6896527,5269,0,0,31,1.0,1.0,1.0,0.0,1.605,0.0
1784381142.7787337,5279,0,0,31,1.0,1.0,1.0,0.0,1.605,0.0
1784381142.8547273,5289,0,0,31,1.0,1.0,1.0,0.0,1.604,0.0
1784381142.9488113,5299,0,0,31,1.0,1.0,1.0,0.0,1.604,0.0
1784381143.0312734,5309,0,0,31,1.0,1.0,1.0,0.0,1.604,0.0
1784381143.339487,5319,0,0,31,1.0,1.0,1.0,0.0,1.604,0.0
1784381143.5799015,5329,0,0,31,1.0,1.0,1.0,0.0,1.603,0.0
1784381143.8359494,5339,0,0,31,1.0,1.0,1.0,0.0,1.603,0.0
1784381144.0834959,5349,0,0,31,1.0,1.0,1.0,0.0,1.603,0.0
1784381144.3212798,5359,0,0,31,1.0,1.0,1.0,0.0,1.603,0.0
1784381144.6228673,5369,0,0,31,1.0,1.0,1.0,0.0,1.603,0.0
1784381144.9287014,5379,0,0,31,1.0,1.0,1.0,0.0,1.602,0.0
1784381145.2180812,5389,0,0,31,1.0,1.0,1.0,0.0,1.602,0.0
1784381145.4696052,5399,0,0,31,1.0,1.0,1.0,0.0,1.602,0.0
1784381145.6131322,5409,0,0,31,1.0,1.0,1.0,0.0,1.602,0.0
1784381145.686187,5419,0,0,31,1.0,1.0,1.0,0.0,1.602,0.0
1784381145.770725,5429,0,0,31,1.0,1.0,1.0,0.0,1.602,0.0
1784381145.8409686,5439,0,0,31,1.0,1.0,1.0,0.0,1.602,0.0
1784381145.91724,5449,0,0,31,1.0,1.0,1.0,0.0,1.602,0.0
1784381146.0132205,5459,0,0,31,1.0,1.0,1.0,0.0,1.602,0.0
1784381146.1403062,5469,0,0,31,1.0,1.0,1.0,0.0,1.602,0.0
1784381146.2558928,5479,0,0,31,1.0,1.0,1.0,0.0,1.602,0.0
1784381146.4007401,5489,0,0,31,1.0,1.0,1.0,0.0,1.602,0.0
1784381146.5106823,5499,0,0,31,1.0,1.0,1.0,0.0,1.602,0.0
1784381146.5889306,5509,0,0,31,1.0,1.0,1.0,0.0,1.602,0.0
1784381146.6891034,5519,0,0,31,1.0,1.0,1.0,0.0,1.602,0.0
1784381146.7726598,5529,0,0,31,1.0,1.0,1.0,0.0,1.602,0.0
1784381146.8678482,5539,0,0,31,1.0,1.0,1.0,0.0,1.602,0.0
1784381146.947757,5549,0,0,31,1.0,1.0,1.0,0.0,1.602,0.0
1784381147.0217078,5559,0,0,31,1.0,1.0,1.0,0.0,1.602,0.0
1784381147.1163604,5569,0,0,31,1.0,1.0,1.0,0.0,1.602,0.0
1784381147.1916378,5579,0,0,31,1.0,1.0,1.0,0.0,1.602,0.0
1784381147.333983,5589,0,0,31,1.0,1.0,1.0,0.0,1.602,0.0
1784381147.488565,5599,0,0,31,1.0,1.0,1.0,0.0,1.602,0.0
1784381147.6252844,5609,0,0,31,1.0,1.0,1.0,0.0,1.602,0.0
1784381147.8833263,5619,0,0,31,1.0,1.0,1.0,0.0,1.603,0.0
1784381148.1515362,5629,0,0,31,1.0,1.0,1.0,0.0,1.603,0.0
1784381148.4650784,5639,0,0,31,1.0,1.0,1.0,0.0,1.603,0.0
1784381148.711293,5649,0,0,31,1.0,1.0,1.0,0.0,1.603,0.0
1784381149.0464115,5659,0,0,31,1.0,1.0,1.0,0.0,1.603,0.0
1784381149.7475855,5669,0,0,31,1.0,1.0,1.0,0.0,1.603,0.0
1784381150.007412,5679,0,0,31,1.0,1.0,1.0,0.0,1.602,0.0
1784381150.2271156,5689,0,0,31,1.0,1.0,1.0,0.0,1.602,0.0
1784381150.3421466,5699,0,0,31,1.0,1.0,1.0,0.0,1.602,0.0
1784381150.4220743,5709,0,0,31,1.0,1.0,1.0,0.0,1.602,0.0
1784381150.5001087,5719,0,0,31,1.0,1.0,1.0,0.0,1.601,0.0
1784381150.5663772,5729,0,0,31,1.0,1.0,1.0,0.0,1.601,0.0
1784381150.6240454,5739,0,0,31,1.0,1.0,1.0,0.0,1.601,0.0
1784381150.696692,5749,0,0,31,1.0,1.0,1.0,0.0,1.6,0.0
1784381150.7649143,5759,0,0,31,1.0,1.0,1.0,0.0,1.6,0.0
1784381150.8446112,5769,0,0,31,1.0,1.0,1.0,0.0,1.599,0.0
1784381150.9358768,5779,0,0,31,1.0,1.0,1.0,0.0,1.599,0.0
1784381151.0353272,5789,0,0,31,1.0,1.0,1.0,0.0,1.598,0.0
1784381151.0933514,5799,0,0,31,1.0,1.0,1.0,0.0,1.597,0.0
1784381151.188953,5809,0,0,31,1.0,1.0,1.0,0.0,1.596,0.0
1784381151.2992795,5819,0,0,31,1.0,1.0,1.0,0.0,1.596,0.0
1784381151.454919,5829,0,0,31,1.0,1.0,1.0,0.0,1.595,0.0
1784381151.5654888,5839,0,0,31,1.0,1.0,1.0,0.0,1.594,0.0
1784381151.7032504,5849,0,0,31,1.0,1.0,1.0,0.0,1.593,0.0
1784381151.8028255,5859,0,0,31,1.0,1.0,1.0,0.0,1.592,0.0
1784381151.9436543,5869,0,0,31,1.0,1.0,1.0,0.0,1.591,0.0
1784381152.0206742,5879,0,0,31,1.0,1.0,1.0,0.0,1.59,0.0
1784381152.0928206,5889,0,0,31,1.0,1.0,1.0,0.0,1.589,0.0
1784381152.1654854,5899,0,0,31,1.0,1.0,1.0,0.0,1.589,0.0
1784381152.2433765,5909,0,0,31,1.0,1.0,1.0,0.0,1.588,0.0
1784381152.5431998,5919,0,0,31,1.0,1.0,1.0,0.0,1.587,0.0
1784381152.8410194,5929,0,0,31,1.0,1.0,1.0,0.0,1.586,0.0
1784381153.0585957,5939,0,0,31,1.0,1.0,1.0,0.0,1.587,0.0
1784381153.3482058,5949,0,0,31,1.0,1.0,1.0,0.0,1.587,0.0
1784381153.5932367,5959,0,0,31,1.0,1.0,1.0,0.0,1.588,0.0
1784381153.7925334,5969,0,0,31,1.0,1.0,1.0,0.0,1.588,0.0
1784381153.9426417,5979,0,0,31,1.0,1.0,1.0,0.0,1.589,0.0
1784381154.165557,5989,0,0,31,1.0,1.0,1.0,0.0,1.589,0.0
1784381154.445502,5999,0,0,31,1.0,1.0,1.0,0.0,1.589,0.0
1784381154.68957,6009,0,0,31,1.0,1.0,1.0,0.0,1.589,0.0
1784381154.877275,6019,0,0,31,1.0,1.0,1.0,0.0,1.589,0.0
1784381155.0310698,6029,0,0,31,1.0,1.0,1.0,0.0,1.589,0.0
1784381155.107027,6039,0,0,31,1.0,1.0,1.0,0.0,1.589,0.0
1784381155.191944,6049,0,0,31,1.0,1.0,1.0,0.0,1.589,0.0
1784381155.2830124,6059,0,0,31,1.0,1.0,1.0,0.0,1.589,0.0
1784381155.421563,6069,0,0,31,1.0,1.0,1.0,0.0,1.589,0.0
1784381155.5011742,6079,0,0,31,1.0,1.0,1.0,0.0,1.589,0.0
1784381155.557678,6089,0,0,31,1.0,1.0,1.0,0.0,1.588,0.0
1784381155.629407,6099,0,0,31,1.0,1.0,1.0,0.0,1.588,0.0
1784381155.6885972,6109,0,0,31,1.0,1.0,1.0,0.0,1.588,0.0
1784381155.7722316,6119,0,0,31,1.0,1.0,1.0,0.0,1.587,0.0
1784381155.856351,6129,0,0,31,1.0,1.0,1.0,0.0,1.586,0.0
1784381155.913894,6139,0,0,31,1.0,1.0,1.0,0.0,1.585,0.0
1784381155.9966986,6149,0,0,31,1.0,1.0,1.0,0.0,1.584,0.0
1784381156.0639513,6159,0,0,31,1.0,1.0,1.0,0.0,1.583,0.0
1784381156.1520023,6169,0,0,31,1.0,1.0,1.0,0.0,1.582,0.0
1784381156.239251,6179,0,0,31,1.0,1.0,1.0,0.0,1.58,0.0
1784381156.327469,6189,0,0,31,1.0,1.0,1.0,0.0,1.578,0.0
1784381156.4073293,6199,0,0,31,1.0,1.0,1.0,0.0,1.576,0.0
1784381156.5016868,6209,0,0,31,1.0,1.0,1.0,0.0,1.574,0.0
1784381156.5715883,6219,0,0,31,1.0,1.0,1.0,0.0,1.573,0.0
1784381156.656067,6229,0,0,31,1.0,1.0,1.0,0.0,1.571,0.0
1784381156.7340267,6239,0,0,31,1.0,1.0,1.0,0.0,1.571,0.0
1784381156.8148887,6249,0,0,31,1.0,1.0,1.0,0.0,1.572,0.0
1784381156.8910546,6259,0,0,31,1.0,1.0,1.0,0.0,1.572,0.0
1784381157.0534406,6269,0,0,31,1.0,1.0,1.0,0.0,1.573,0.0
1784381157.2152247,6279,0,0,31,1.0,1.0,1.0,0.0,1.573,0.0
1784381157.3097658,6289,0,0,31,1.0,1.0,1.0,0.0,1.574,0.0
1784381157.3876297,6299,0,0,31,1.0,1.0,1.0,0.0,1.574,0.0
1784381157.470141,6309,0,0,31,1.0,1.0,1.0,0.0,1.575,0.0
1784381157.5660625,6319,0,0,31,1.0,1.0,1.0,0.0,1.575,0.0
1784381157.651965,6329,0,0,31,1.0,1.0,1.0,0.0,1.576,0.0
1784381157.7290492,6339,0,0,31,1.0,1.0,1.0,0.0,1.576,0.0
1784381157.8234851,6349,0,0,31,1.0,1.0,1.0,0.0,1.577,0.0
1784381157.9206045,6359,0,0,31,1.0,1.0,1.0,0.0,1.577,0.0
1784381158.01441,6369,0,0,31,1.0,1.0,1.0,0.0,1.578,0.0
1784381158.097177,6379,0,0,31,1.0,1.0,1.0,0.0,1.578,0.0
1784381158.187887,6389,0,0,31,1.0,1.0,1.0,0.0,1.578,0.0
1784381158.273771,6399,0,0,31,1.0,1.0,1.0,0.0,1.579,0.0
1784381158.3578908,6409,0,0,31,1.0,1.0,1.0,0.0,1.579,0.0
1784381158.451194,6419,0,0,31,1.0,1.0,1.0,0.0,1.579,0.0
1784381158.5694802,6429,0,0,31,1.0,1.0,1.0,0.0,1.579,0.0
1784381158.6951032,6439,0,0,31,1.0,1.0,1.0,0.0,1.579,0.0
1784381158.7688253,6449,0,0,31,1.0,1.0,1.0,0.0,1.58,0.0
1784381158.844615,6459,0,0,31,1.0,1.0,1.0,0.0,1.58,0.0
1784381158.9658074,6469,0,0,31,1.0,1.0,1.0,0.0,1.58,0.0
1784381159.048481,6479,0,0,31,1.0,1.0,1.0,0.0,1.58,0.0
1784381159.1200292,6489,0,0,31,1.0,1.0,1.0,0.0,1.58,0.0
1784381159.2806518,6499,0,0,31,1.0,1.0,1.0,0.0,1.58,0.0
1784381159.50818,6509,0,0,31,1.0,1.0,1.0,0.0,1.58,0.0
1784381159.7402709,6519,0,0,31,1.0,1.0,1.0,0.0,1.58,0.0
1784381159.9173255,6529,0,0,31,1.0,1.0,1.0,0.0,1.579,0.0
1784381160.0104752,6539,0,0,31,1.0,1.0,1.0,0.0,1.579,0.0
1784381160.083895,6549,0,0,31,1.0,1.0,1.0,0.0,1.579,0.0
1784381160.152501,6559,0,0,31,1.0,1.0,1.0,0.0,1.578,0.0
1784381160.2328444,6569,0,0,31,1.0,1.0,1.0,0.0,1.578,0.0
1784381160.3129444,6579,0,0,31,1.0,1.0,1.0,0.0,1.577,0.0
1784381160.4004629,6589,0,0,31,1.0,1.0,1.0,0.0,1.577,0.0
1784381160.4912102,6599,0,0,31,1.0,1.0,1.0,0.0,1.577,0.0
1784381160.5902655,6609,0,0,31,1.0,1.0,1.0,0.0,1.576,0.0
1784381160.6698213,6619,0,0,31,1.0,1.0,1.0,0.0,1.575,0.0
1784381160.7541075,6629,0,0,31,1.0,1.0,1.0,0.0,1.575,0.0
1784381160.8549938,6639,0,0,31,1.0,1.0,1.0,0.0,1.574,0.0
1784381160.9415355,6649,0,0,31,1.0,1.0,1.0,0.0,1.574,0.0
1784381161.0153925,6659,0,0,31,1.0,1.0,1.0,0.0,1.573,0.0
1784381161.1645525,6669,0,0,31,1.0,1.0,1.0,0.0,1.572,0.0
1784381161.2323167,6679,0,0,31,1.0,1.0,1.0,0.0,1.571,0.0
1784381161.3255801,6689,0,0,31,1.0,1.0,1.0,0.0,1.571,0.0
1784381161.4404035,6699,0,0,31,1.0,1.0,1.0,0.0,1.57,0.0
1784381161.5182903,6709,0,0,31,1.0,1.0,1.0,0.0,1.569,0.0
1784381161.6042924,6719,0,0,31,1.0,1.0,1.0,0.0,1.568,0.0
1784381161.7046568,6729,0,0,31,1.0,1.0,1.0,0.0,1.568,0.0
1784381161.771183,6739,0,0,31,1.0,1.0,1.0,0.0,1.567,0.0
1784381161.8439214,6749,0,0,31,1.0,1.0,1.0,0.0,1.566,0.0
1784381161.9892216,6759,0,0,31,1.0,1.0,1.0,0.0,1.565,0.0
1784381162.2155466,6769,0,0,31,1.0,1.0,1.0,0.0,1.565,0.0
1784381162.3215702,6779,0,0,31,1.0,1.0,1.0,0.0,1.564,0.0
1784381162.384773,6789,0,0,31,1.0,1.0,1.0,0.0,1.563,0.0
1784381162.48618,6799,0,0,31,1.0,1.0,1.0,0.0,1.562,0.0
1784381162.577252,6809,0,0,31,1.0,1.0,1.0,0.0,1.561,0.0
1784381162.663715,6819,0,0,31,1.0,1.0,1.0,0.0,1.56,0.0
1784381162.754996,6829,0,0,31,1.0,1.0,1.0,0.0,1.559,0.0
1784381162.8297417,6839,0,0,31,1.0,1.0,1.0,0.0,1.558,0.0
1784381162.9197373,6849,0,0,31,1.0,1.0,1.0,0.0,1.557,0.0
1784381163.0035243,6859,0,0,31,1.0,1.0,1.0,0.0,1.556,0.0
1784381163.150978,6869,0,0,31,1.0,1.0,1.0,0.0,1.555,0.0
1784381163.2311337,6879,0,0,31,1.0,1.0,1.0,0.0,1.555,0.0
1784381163.320402,6889,0,0,31,1.0,1.0,1.0,0.0,1.554,0.0
1784381163.403714,6899,0,0,31,1.0,1.0,1.0,0.0,1.553,0.0
1784381163.4899514,6909,0,0,31,1.0,1.0,1.0,0.0,1.552,0.0
1784381163.5729146,6919,0,0,31,1.0,1.0,1.0,0.0,1.551,0.0
1784381163.6551769,6929,0,0,31,1.0,1.0,1.0,0.0,1.55,0.0
1784381163.76212,6939,0,0,31,1.0,1.0,1.0,0.0,1.549,0.0
1784381163.8374574,6949,0,0,31,1.0,1.0,1.0,0.0,1.548,0.0
1784381163.9369705,6959,0,0,31,1.0,1.0,1.0,0.0,1.548,0.0
1784381164.0006115,6969,0,0,31,1.0,1.0,1.0,0.0,1.549,0.0
1784381164.0734472,6979,0,0,31,1.0,1.0,1.0,0.0,1.549,0.0
1784381164.169649,6989,0,0,31,1.0,1.0,1.0,0.0,1.55,0.0
1784381164.4104435,6999,0,0,31,1.0,1.0,1.0,0.0,1.55,0.0
1784381164.5315115,7009,0,0,31,1.0,1.0,1.0,0.0,1.551,0.0
1784381164.6380472,7019,0,0,31,1.0,1.0,1.0,0.0,1.551,0.0
1784381164.7712774,7029,0,0,31,1.0,1.0,1.0,0.0,1.552,0.0
1784381164.8552172,7039,0,0,31,1.0,1.0,1.0,0.0,1.552,0.0
1784381164.9400077,7049,0,0,31,1.0,1.0,1.0,0.0,1.552,0.0
1784381165.0081627,7059,0,0,31,1.0,1.0,1.0,0.0,1.553,0.0
1784381165.146564,7069,0,0,31,1.0,1.0,1.0,0.0,1.553,0.0
1784381165.2301898,7079,0,0,31,1.0,1.0,1.0,0.0,1.553,0.0
1784381165.316326,7089,0,0,31,1.0,1.0,1.0,0.0,1.553,0.0
1784381165.3971558,7099,0,0,31,1.0,1.0,1.0,0.0,1.552,0.0
1784381165.484736,7109,0,0,31,1.0,1.0,1.0,0.0,1.552,0.0
1784381165.5595088,7119,0,0,31,1.0,1.0,1.0,0.0,1.552,0.0
1784381165.6492693,7129,0,0,31,1.0,1.0,1.0,0.0,1.551,0.0
1784381165.757501,7139,0,0,31,1.0,1.0,1.0,0.0,1.55,0.0
1784381165.8496282,7149,0,0,31,1.0,1.0,1.0,0.0,1.549,0.0
1784381165.9438937,7159,0,0,31,1.0,1.0,1.0,0.0,1.549,0.0
1784381166.0441468,7169,0,0,31,1.0,1.0,1.0,0.0,1.548,0.0
1784381166.1326165,7179,0,0,31,1.0,1.0,1.0,0.0,1.547,0.0
1784381166.2232685,7189,0,0,31,1.0,1.0,1.0,0.0,1.546,0.0
1784381166.3098316,7199,0,0,31,1.0,1.0,1.0,0.0,1.546,0.0
1784381166.3727229,7209,0,0,31,1.0,1.0,1.0,0.0,1.545,0.0
1784381166.6480093,7219,0,0,31,1.0,1.0,1.0,0.0,1.544,0.0
1784381166.7446525,7229,0,0,31,1.0,1.0,1.0,0.0,1.543,0.0
1784381166.8478832,7239,0,0,31,1.0,1.0,1.0,0.0,1.543,0.0
1784381166.9308925,7249,0,0,31,1.0,1.0,1.0,0.0,1.542,0.0
1784381166.9988434,7259,0,0,31,1.0,1.0,1.0,0.0,1.541,0.0
1784381167.133322,7269,0,0,31,1.0,1.0,1.0,0.0,1.541,0.0
1784381167.2018676,7279,0,0,31,1.0,1.0,1.0,0.0,1.54,0.0
1784381167.2795265,7289,0,0,31,1.0,1.0,1.0,0.0,1.539,0.0
1784381167.3610406,7299,0,0,31,1.0,1.0,1.0,0.0,1.539,0.0
1784381167.467826,7309,0,0,31,1.0,1.0,1.0,0.0,1.538,0.0
1784381167.559774,7319,0,0,31,1.0,1.0,1.0,0.0,1.538,0.0
1784381167.648996,7329,0,0,31,1.0,1.0,1.0,0.0,1.537,0.0
1784381167.7312584,7339,0,0,31,1.0,1.0,1.0,0.0,1.537,0.0
1784381167.8186285,7349,0,0,31,1.0,1.0,1.0,0.0,1.536,0.0
1784381167.9097526,7359,0,0,31,1.0,1.0,1.0,0.0,1.536,0.0
1784381168.0251243,7369,0,0,31,1.0,1.0,1.0,0.0,1.535,0.0
1784381168.1253629,7379,0,0,31,1.0,1.0,1.0,0.0,1.535,0.0
1784381168.203299,7389,0,0,31,1.0,1.0,1.0,0.0,1.534,0.0
1784381168.302497,7399,0,0,31,1.0,1.0,1.0,0.0,1.534,0.0
1784381168.392213,7409,0,0,31,1.0,1.0,1.0,0.0,1.533,0.0
1784381168.481459,7419,0,0,31,1.0,1.0,1.0,0.0,1.533,0.0
1784381168.542238,7429,0,0,31,1.0,1.0,1.0,0.0,1.532,0.0
1784381168.6204326,7439,0,0,31,1.0,1.0,1.0,0.0,1.532,0.0
1784381168.8007624,7449,0,0,31,1.0,1.0,1.0,0.0,1.531,0.0
1784381168.9688303,7459,0,0,31,1.0,1.0,1.0,0.0,1.531,0.0
1784381169.1118803,7469,0,0,31,1.0,1.0,1.0,0.0,1.53,0.0
1784381169.2161424,7479,0,0,31,1.0,1.0,1.0,0.0,1.53,0.0
1784381169.3006313,7489,0,0,31,1.0,1.0,1.0,0.0,1.53,0.0
1784381169.3738368,7499,0,0,31,1.0,1.0,1.0,0.0,1.529,0.0
1784381169.4599125,7509,0,0,31,1.0,1.0,1.0,0.0,1.529,0.0
1784381169.5518534,7519,0,0,31,1.0,1.0,1.0,0.0,1.528,0.0
1784381169.638592,7529,0,0,31,1.0,1.0,1.0,0.0,1.528,0.0
1784381169.7178404,7539,0,0,31,1.0,1.0,1.0,0.0,1.527,0.0
1784381169.8695753,7549,0,0,31,1.0,1.0,1.0,0.0,1.527,0.0
1784381169.9776478,7559,0,0,31,1.0,1.0,1.0,0.0,1.527,0.0
1784381170.0647624,7569,0,0,31,1.0,1.0,1.0,0.0,1.526,0.0
1784381170.1529346,7579,0,0,31,1.0,1.0,1.0,0.0,1.526,0.0
1784381170.2448752,7589,0,0,31,1.0,1.0,1.0,0.0,1.526,0.0
1784381170.3314025,7599,0,0,31,1.0,1.0,1.0,0.0,1.526,0.0
1784381170.40108,7609,0,0,31,1.0,1.0,1.0,0.0,1.525,0.0
1784381170.497908,7619,0,0,31,1.0,1.0,1.0,0.0,1.525,0.0
1784381170.5800917,7629,0,0,31,1.0,1.0,1.0,0.0,1.525,0.0
1784381170.6878903,7639,0,0,31,1.0,1.0,1.0,0.0,1.524,0.0
1784381170.7900436,7649,0,0,31,1.0,1.0,1.0,0.0,1.524,0.0
1784381170.933964,7659,0,0,31,1.0,1.0,1.0,0.0,1.524,0.0
1784381171.2376015,7669,0,0,31,1.0,1.0,1.0,0.0,1.523,0.0
1784381171.3414595,7679,0,0,31,1.0,1.0,1.0,0.0,1.523,0.0
1784381171.4239345,7689,0,0,31,1.0,1.0,1.0,0.0,1.523,0.0
1784381171.514037,7699,0,0,31,1.0,1.0,1.0,0.0,1.523,0.0
1784381171.6106472,7709,0,0,31,1.0,1.0,1.0,0.0,1.522,0.0
1784381171.687061,7719,0,0,31,1.0,1.0,1.0,0.0,1.522,0.0
1784381171.7728467,7729,0,0,31,1.0,1.0,1.0,0.0,1.522,0.0
1784381171.866391,7739,0,0,31,1.0,1.0,1.0,0.0,1.522,0.0
1784381171.9562867,7749,0,0,31,1.0,1.0,1.0,0.0,1.522,0.0
1784381172.0370545,7759,0,0,31,1.0,1.0,1.0,0.0,1.522,0.0
1784381172.1345558,7769,0,0,31,1.0,1.0,1.0,0.0,1.521,0.0
1784381172.231339,7779,0,0,31,1.0,1.0,1.0,0.0,1.521,0.0
1784381172.3026593,7789,0,0,31,1.0,1.0,1.0,0.0,1.521,0.0
1784381172.3757465,7799,0,0,31,1.0,1.0,1.0,0.0,1.521,0.0
1784381172.4799597,7809,0,0,31,1.0,1.0,1.0,0.0,1.521,0.0
1784381172.573441,7819,0,0,31,1.0,1.0,1.0,0.0,1.519,0.0
1784381172.6613958,7829,0,0,31,1.0,1.0,1.0,0.0,1.518,0.0
1784381172.739657,7839,0,0,31,1.0,1.0,1.0,0.0,1.517,0.0
1784381172.8403714,7849,0,0,31,1.0,1.0,1.0,0.0,1.516,0.0
1784381173.0148132,7859,0,0,31,1.0,1.0,1.0,0.0,1.514,0.0
1784381173.2606833,7869,0,0,31,1.0,1.0,1.0,0.0,1.513,0.0
1784381173.4586427,7879,0,0,31,1.0,1.0,1.0,0.0,1.512,0.0
1784381173.662497,7889,0,0,31,1.0,1.0,1.0,0.0,1.511,0.0
1784381173.9206405,7899,0,0,31,1.0,1.0,1.0,0.0,1.51,0.0
1784381174.1096191,7909,0,0,31,1.0,1.0,1.0,0.0,1.508,0.0
1784381174.3796918,7919,0,0,31,1.0,1.0,1.0,0.0,1.507,0.0
1784381174.6998837,7929,0,0,31,1.0,1.0,1.0,0.0,1.506,0.0
1784381175.001791,7939,0,0,31,1.0,1.0,1.0,0.0,1.505,0.0
1784381175.268032,7949,0,0,31,1.0,1.0,1.0,0.0,1.504,0.0
1784381175.3731492,7959,0,0,31,1.0,1.0,1.0,0.0,1.502,0.0
1784381175.4425502,7969,0,0,31,1.0,1.0,1.0,0.0,1.501,0.0
1784381175.5046353,7979,0,0,31,1.0,1.0,1.0,0.0,1.5,0.0
1784381175.5906,7989,0,0,31,1.0,1.0,1.0,0.0,1.499,0.0
1784381175.6844344,7999,0,0,31,1.0,1.0,1.0,0.0,1.497,0.0
1784381175.7684948,8009,0,0,31,1.0,1.0,1.0,0.0,1.496,0.0
1784381175.8535867,8019,0,0,31,1.0,1.0,1.0,0.0,1.495,0.0
1784381175.95878,8029,0,0,31,1.0,1.0,1.0,0.0,1.494,0.0
1784381176.0867305,8039,0,0,31,1.0,1.0,1.0,0.0,1.492,0.0
1784381176.1834965,8049,0,0,31,1.0,1.0,1.0,0.0,1.491,0.0
1784381176.26727,8059,0,0,31,1.0,1.0,1.0,0.0,1.49,0.0
1784381176.3950071,8069,0,0,31,1.0,1.0,1.0,0.0,1.489,0.0
1784381176.4881697,8079,0,0,31,1.0,1.0,1.0,0.0,1.488,0.0
1784381176.5731485,8089,0,0,31,1.0,1.0,1.0,0.0,1.486,0.0
1784381176.653353,8099,0,0,31,1.0,1.0,1.0,0.0,1.485,0.0
1784381176.7428184,8109,0,0,31,1.0,1.0,1.0,0.0,1.484,0.0
1784381176.8222525,8119,0,0,31,1.0,1.0,1.0,0.0,1.483,0.0
1784381176.9092736,8129,0,0,31,1.0,1.0,1.0,0.0,1.482,0.0
1784381177.0061696,8139,0,0,31,1.0,1.0,1.0,0.0,1.481,0.0
1784381177.1227212,8149,0,0,31,1.0,1.0,1.0,0.0,1.479,0.0
1784381177.206593,8159,0,0,31,1.0,1.0,1.0,0.0,1.478,0.0
1784381177.3251562,8169,0,0,31,1.0,1.0,1.0,0.0,1.477,0.0
1784381177.5756423,8179,0,0,31,1.0,1.0,1.0,0.0,1.476,0.0
1784381177.8184333,8189,0,0,31,1.0,1.0,1.0,0.0,1.475,0.0
1784381177.9276536,8199,0,0,31,1.0,1.0,1.0,0.0,1.474,0.0
1784381178.035545,8209,0,0,31,1.0,1.0,1.0,0.0,1.473,0.0
1784381178.1149895,8219,0,0,31,1.0,1.0,1.0,0.0,1.471,0.0
1784381178.19816,8229,0,0,31,1.0,1.0,1.0,0.0,1.47,0.0
1784381178.2987797,8239,0,0,31,1.0,1.0,1.0,0.0,1.469,0.0
1784381178.3909714,8249,0,0,31,1.0,1.0,1.0,0.0,1.468,0.0
1784381178.4729319,8259,0,0,31,1.0,1.0,1.0,0.0,1.467,0.0
1784381178.60279,8269,0,0,31,1.0,1.0,1.0,0.0,1.466,0.0
1784381178.698854,8279,0,0,31,1.0,1.0,1.0,0.0,1.465,0.0
1784381178.8038988,8289,0,0,31,1.0,1.0,1.0,0.0,1.464,0.0
1784381178.8904898,8299,0,0,31,1.0,1.0,1.0,0.0,1.463,0.0
1784381178.9707327,8309,0,0,31,1.0,1.0,1.0,0.0,1.462,0.0
1784381179.056292,8319,0,0,31,1.0,1.0,1.0,0.0,1.461,0.0
1784381179.1700573,8329,0,0,31,1.0,1.0,1.0,0.0,1.46,0.0
1784381179.2441502,8339,0,0,31,1.0,1.0,1.0,0.0,1.461,0.0
1784381179.3294575,8349,0,0,31,1.0,1.0,1.0,0.0,1.462,0.0
1784381179.4289823,8359,0,0,31,1.0,1.0,1.0,0.0,1.462,0.0
1784381179.5213804,8369,0,0,31,1.0,1.0,1.0,0.0,1.463,0.0
1784381179.6272392,8379,0,0,31,1.0,1.0,1.0,0.0,1.464,0.0
1784381179.7264092,8389,0,0,31,1.0,1.0,1.0,0.0,1.464,0.0
1784381179.8085637,8399,0,0,31,1.0,1.0,1.0,0.0,1.465,0.0
1784381180.0043771,8409,0,0,31,1.0,1.0,1.0,0.0,1.466,0.0
1784381180.289837,8419,0,0,31,1.0,1.0,1.0,0.0,1.467,0.0
1784381180.392359,8429,0,0,31,1.0,1.0,1.0,0.0,1.467,0.0
1784381180.4726555,8439,0,0,31,1.0,1.0,1.0,0.0,1.468,0.0
1784381180.5717447,8449,0,0,31,1.0,1.0,1.0,0.0,1.469,0.0
1784381180.6661844,8459,0,0,31,1.0,1.0,1.0,0.0,1.47,0.0
1784381180.7740884,8469,0,0,31,1.0,1.0,1.0,0.0,1.471,0.0
1784381180.8896306,8479,0,0,31,1.0,1.0,1.0,0.0,1.472,0.0
1784381180.9621305,8489,0,0,31,1.0,1.0,1.0,0.0,1.472,0.0
1784381181.0427752,8499,0,0,31,1.0,1.0,1.0,0.0,1.473,0.0
1784381181.1704502,8509,0,0,31,1.0,1.0,1.0,0.0,1.474,0.0
1784381181.2642493,8519,0,0,31,1.0,1.0,1.0,0.0,1.475,0.0
1784381181.3716476,8529,0,0,31,1.0,1.0,1.0,0.0,1.475,0.0
1784381181.4509656,8539,0,0,31,1.0,1.0,1.0,0.0,1.476,0.0
1784381181.5549436,8549,0,0,31,1.0,1.0,1.0,0.0,1.477,0.0
1784381181.643957,8559,0,0,31,1.0,1.0,1.0,0.0,1.478,0.0
1784381181.7487533,8569,0,0,31,1.0,1.0,1.0,0.0,1.479,0.0
1784381181.8372326,8579,0,0,31,1.0,1.0,1.0,0.0,1.479,0.0
1784381181.914645,8589,0,0,31,1.0,1.0,1.0,0.0,1.48,0.0
1784381181.9938393,8599,0,0,31,1.0,1.0,1.0,0.0,1.481,0.0
1784381182.069933,8609,0,0,31,1.0,1.0,1.0,0.0,1.482,0.0
1784381182.2216341,8619,0,0,31,1.0,1.0,1.0,0.0,1.482,0.0
1784381182.3842478,8629,0,0,31,1.0,1.0,1.0,0.0,1.483,0.0
1784381182.6147738,8639,0,0,31,1.0,1.0,1.0,0.0,1.484,0.0
1784381182.7413054,8649,0,0,31,1.0,1.0,1.0,0.0,1.485,0.0
1784381182.8162968,8659,0,0,31,1.0,1.0,1.0,0.0,1.486,0.0
1784381182.9273388,8669,0,0,31,1.0,1.0,1.0,0.0,1.486,0.0
1784381183.0260608,8679,0,0,31,1.0,1.0,1.0,0.0,1.487,0.0
1784381183.1062067,8689,0,0,31,1.0,1.0,1.0,0.0,1.488,0.0
1784381183.2311106,8699,0,0,31,1.0,1.0,1.0,0.0,1.489,0.0
1784381183.305209,8709,0,0,31,1.0,1.0,1.0,0.0,1.49,0.0
1784381183.3879597,8719,0,0,31,1.0,1.0,1.0,0.0,1.491,0.0
1784381183.4682865,8729,0,0,31,1.0,1.0,1.0,0.0,1.491,0.0
1784381183.546798,8739,0,0,31,1.0,1.0,1.0,0.0,1.492,0.0
1784381183.61743,8749,0,0,31,1.0,1.0,1.0,0.0,1.493,0.0
1784381183.7100418,8759,0,0,31,1.0,1.0,1.0,0.0,1.494,0.0
1784381183.7935302,8769,0,0,31,1.0,1.0,1.0,0.0,1.495,0.0
1784381183.922143,8779,0,0,31,1.0,1.0,1.0,0.0,1.496,0.0
1784381184.0010197,8789,0,0,31,1.0,1.0,1.0,0.0,1.497,0.0
1784381184.07705,8799,0,0,31,1.0,1.0,1.0,0.0,1.498,0.0
1784381184.2029326,8809,0,0,31,1.0,1.0,1.0,0.0,1.499,0.0
1784381184.2967722,8819,0,0,31,1.0,1.0,1.0,0.0,1.5,0.0
1784381184.3806021,8829,0,0,31,1.0,1.0,1.0,0.0,1.501,0.0
1784381184.485983,8839,0,0,31,1.0,1.0,1.0,0.0,1.502,0.0
1784381184.5786598,8849,0,0,31,1.0,1.0,1.0,0.0,1.503,0.0
1784381184.7360554,8859,0,0,31,1.0,1.0,1.0,0.0,1.504,0.0
1784381185.0105705,8869,0,0,31,1.0,1.0,1.0,0.0,1.505,0.0
1784381185.1126707,8879,0,0,31,1.0,1.0,1.0,0.0,1.506,0.0
1784381185.255057,8889,0,0,31,1.0,1.0,1.0,0.0,1.507,0.0
1784381185.3437583,8899,0,0,31,1.0,1.0,1.0,0.0,1.508,0.0
1784381185.4208438,8909,0,0,31,1.0,1.0,1.0,0.0,1.509,0.0
1784381185.4961286,8919,0,0,31,1.0,1.0,1.0,0.0,1.51,0.0
1784381185.5864062,8929,0,0,31,1.0,1.0,1.0,0.0,1.511,0.0
1784381185.6804106,8939,0,0,31,1.0,1.0,1.0,0.0,1.512,0.0
1784381185.7866616,8949,0,0,31,1.0,1.0,1.0,0.0,1.513,0.0
1784381185.887407,8959,0,0,31,1.0,1.0,1.0,0.0,1.514,0.0
1784381185.9726267,8969,0,0,31,1.0,1.0,1.0,0.0,1.515,0.0
1784381186.080775,8979,0,0,31,1.0,1.0,1.0,0.0,1.517,0.0
1784381186.1808906,8989,0,0,31,1.0,1.0,1.0,0.0,1.518,0.0
1784381186.273445,8999,0,0,31,1.0,1.0,1.0,0.0,1.519,0.0
1784381186.3598716,9009,0,0,31,1.0,1.0,1.0,0.0,1.52,0.0
1784381186.4579556,9019,0,0,31,1.0,1.0,1.0,0.0,1.521,0.0
1784381186.5379133,9029,0,0,31,1.0,1.0,1.0,0.0,1.522,0.0
1784381186.6180887,9039,0,0,31,1.0,1.0,1.0,0.0,1.523,0.0
1784381186.7150958,9049,0,0,31,1.0,1.0,1.0,0.0,1.524,0.0
1784381186.7738426,9059,0,0,31,1.0,1.0,1.0,0.0,1.525,0.0
1784381186.8901718,9069,0,0,31,1.0,1.0,1.0,0.0,1.526,0.0
1784381187.0985725,9079,0,0,31,1.0,1.0,1.0,0.0,1.528,0.0
1784381187.3251612,9089,0,0,31,1.0,1.0,1.0,0.0,1.529,0.0
1784381187.4482894,9099,0,0,31,1.0,1.0,1.0,0.0,1.53,0.0
1784381187.5005856,9109,0,0,31,1.0,1.0,1.0,0.0,1.531,0.0
1784381187.5706186,9119,0,0,31,1.0,1.0,1.0,0.0,1.532,0.0
1784381187.6310968,9129,0,0,31,1.0,1.0,1.0,0.0,1.533,0.0
1784381187.7090032,9139,0,0,31,1.0,1.0,1.0,0.0,1.534,0.0
1784381187.7662933,9149,0,0,31,1.0,1.0,1.0,0.0,1.535,0.0
1784381187.8367023,9159,0,0,31,1.0,1.0,1.0,0.0,1.537,0.0
1784381187.9261105,9169,0,0,31,1.0,1.0,1.0,0.0,1.538,0.0
1784381187.9821424,9179,0,0,31,1.0,1.0,1.0,0.0,1.539,0.0
1784381188.0534365,9189,0,0,31,1.0,1.0,1.0,0.0,1.54,0.0
1784381188.30774,9199,0,0,31,1.0,1.0,1.0,0.0,1.541,0.0
1784381188.4612129,9209,0,0,31,1.0,1.0,1.0,0.0,1.542,0.0
1784381188.5502105,9219,0,0,31,1.0,1.0,1.0,0.0,1.543,0.0
1784381188.6417587,9229,0,0,31,1.0,1.0,1.0,0.0,1.545,0.0
1784381188.7197053,9239,0,0,31,1.0,1.0,1.0,0.0,1.546,0.0
1784381188.8012848,9249,0,0,31,1.0,1.0,1.0,0.0,1.547,0.0
1784381188.8866084,9259,0,0,31,1.0,1.0,1.0,0.0,1.548,0.0
1784381188.989945,9269,0,0,31,1.0,1.0,1.0,0.0,1.549,0.0
1784381189.0616457,9279,0,0,31,1.0,1.0,1.0,0.0,1.55,0.0
1784381189.1343293,9289,0,0,31,1.0,1.0,1.0,0.0,1.551,0.0
1784381189.2093208,9299,0,0,31,1.0,1.0,1.0,0.0,1.552,0.0
1784381189.3410869,9309,0,0,31,1.0,1.0,1.0,0.0,1.553,0.0
1784381189.5748286,9319,0,0,31,1.0,1.0,1.0,0.0,1.554,0.0
1784381189.8171747,9329,0,0,31,1.0,1.0,1.0,0.0,1.556,0.0
1784381190.0978296,9339,0,0,31,1.0,1.0,1.0,0.0,1.557,0.0
1784381190.3520868,9349,0,0,31,1.0,1.0,1.0,0.0,1.558,0.0
1784381190.5835109,9359,0,0,31,1.0,1.0,1.0,0.0,1.559,0.0
1784381190.8773377,9369,0,0,31,1.0,1.0,1.0,0.0,1.56,0.0
1784381191.132273,9379,0,0,31,1.0,1.0,1.0,0.0,1.561,0.0
1784381191.326428,9389,0,0,31,1.0,1.0,1.0,0.0,1.562,0.0
1784381191.406853,9399,0,0,31,1.0,1.0,1.0,0.0,1.563,0.0
1784381191.479811,9409,0,0,31,1.0,1.0,1.0,0.0,1.564,0.0
1784381191.5524023,9419,0,0,31,1.0,1.0,1.0,0.0,1.566,0.0
1784381191.6203477,9429,0,0,31,1.0,1.0,1.0,0.0,1.567,0.0
1784381191.7170043,9439,0,0,31,1.0,1.0,1.0,0.0,1.568,0.0
1784381191.7837071,9449,0,0,31,1.0,1.0,1.0,0.0,1.569,0.0
1784381191.87056,9459,0,0,31,1.0,1.0,1.0,0.0,1.57,0.0
1784381191.98093,9469,0,0,31,1.0,1.0,1.0,0.0,1.571,0.0
1784381192.0400257,9479,0,0,31,1.0,1.0,1.0,0.0,1.572,0.0
1784381192.1136665,9489,0,0,31,1.0,1.0,1.0,0.0,1.574,0.0
1784381192.1838036,9499,0,0,31,1.0,1.0,1.0,0.0,1.575,0.0
1784381192.260139,9509,0,0,31,1.0,1.0,1.0,0.0,1.576,0.0
1784381192.3572178,9519,0,0,31,1.0,1.0,1.0,0.0,1.577,0.0
1784381192.4466817,9529,0,0,31,1.0,1.0,1.0,0.0,1.578,0.0
1784381192.5189784,9539,0,0,31,1.0,1.0,1.0,0.0,1.579,0.0
1784381192.628181,9549,0,0,31,1.0,1.0,1.0,0.0,1.58,0.0
1784381192.6871617,9559,0,0,31,1.0,1.0,1.0,0.0,1.582,0.0
1784381192.7704668,9569,0,0,31,1.0,1.0,1.0,0.0,1.583,0.0
1784381192.842296,9579,0,0,31,1.0,1.0,1.0,0.0,1.584,0.0
1784381192.9222298,9589,0,0,31,1.0,1.0,1.0,0.0,1.585,0.0
1784381193.0138898,9599,0,0,31,1.0,1.0,1.0,0.0,1.586,0.0
1784381193.0989814,9609,0,0,31,1.0,1.0,1.0,0.0,1.587,0.0
1784381193.1770847,9619,0,0,31,1.0,1.0,1.0,0.0,1.588,0.0
1784381193.2436757,9629,0,0,31,1.0,1.0,1.0,0.0,1.589,0.0
1784381193.45604,9639,0,0,31,1.0,1.0,1.0,0.0,1.59,0.0
1784381193.571603,9649,0,0,31,1.0,1.0,1.0,0.0,1.591,0.0
1784381193.6298323,9659,0,0,31,1.0,1.0,1.0,0.0,1.593,0.0
1784381193.7813065,9669,0,0,31,1.0,1.0,1.0,0.0,1.594,0.0
1784381193.8814783,9679,0,0,31,1.0,1.0,1.0,0.0,1.595,0.0
1784381193.9500055,9689,0,0,31,1.0,1.0,1.0,0.0,1.596,0.0
1784381194.0366037,9699,0,0,31,1.0,1.0,1.0,0.0,1.597,0.0
1784381194.1168578,9709,0,0,31,1.0,1.0,1.0,0.0,1.598,0.0
1784381194.1791873,9719,0,0,31,1.0,1.0,1.0,0.0,1.599,0.0
1784381194.2644713,9729,0,0,31,1.0,1.0,1.0,0.0,1.6,0.0
1784381194.3560624,9739,0,0,31,1.0,1.0,1.0,0.0,1.601,0.0
1784381194.4442194,9749,0,0,31,1.0,1.0,1.0,0.0,1.602,0.0
1784381194.5400107,9759,0,0,31,1.0,1.0,1.0,0.0,1.603,0.0
1784381194.6115103,9769,0,0,31,1.0,1.0,1.0,0.0,1.604,0.0
1784381194.69294,9779,0,0,31,1.0,1.0,1.0,0.0,1.605,0.0
1784381194.7687387,9789,0,0,31,1.0,1.0,1.0,0.0,1.606,0.0
1784381194.8443491,9799,0,0,31,1.0,1.0,1.0,0.0,1.607,0.0
1784381194.9233983,9809,0,0,31,1.0,1.0,1.0,0.0,1.608,0.0
1784381195.0240817,9819,0,0,31,1.0,1.0,1.0,0.0,1.609,0.0
1784381195.1279728,9829,0,0,31,1.0,1.0,1.0,0.0,1.61,0.0
1784381195.2694795,9839,0,0,31,1.0,1.0,1.0,0.0,1.611,0.0
1784381195.371687,9849,0,0,31,1.0,1.0,1.0,0.0,1.612,0.0
1784381195.4552083,9859,0,0,31,1.0,1.0,1.0,0.0,1.613,0.0
1784381195.5886629,9869,0,0,31,1.0,1.0,1.0,0.0,1.614,0.0
1784381195.6724076,9879,0,0,31,1.0,1.0,1.0,0.0,1.615,0.0
1784381195.7492583,9889,0,0,31,1.0,1.0,1.0,0.0,1.616,0.0
1784381195.8475652,9899,0,0,31,1.0,1.0,1.0,0.0,1.617,0.0
1784381195.9415703,9909,0,0,31,1.0,1.0,1.0,0.0,1.618,0.0
1784381196.0194068,9919,0,0,31,1.0,1.0,1.0,0.0,1.619,0.0
1784381196.1017706,9929,0,0,31,1.0,1.0,1.0,0.0,1.62,0.0
1784381196.1776764,9939,0,0,31,1.0,1.0,1.0,0.0,1.621,0.0
1784381196.2822216,9949,0,0,31,1.0,1.0,1.0,0.0,1.622,0.0
1784381196.4041805,9959,0,0,31,1.0,1.0,1.0,0.0,1.623,0.0
1784381196.5153036,9969,0,0,31,1.0,1.0,1.0,0.0,1.624,0.0
1784381196.5975628,9979,0,0,31,1.0,1.0,1.0,0.0,1.624,0.0
1784381196.7221694,9989,0,0,31,1.0,1.0,1.0,0.0,1.625,0.0
1784381196.8148527,9999,0,0,31,1.0,1.0,1.0,0.0,1.626,0.0
1784381196.8892753,10009,0,0,31,1.0,1.0,1.0,0.0,1.627,0.0
1784381196.9919028,10019,0,0,31,1.0,1.0,1.0,0.0,1.628,0.0
1784381197.089498,10029,0,0,31,1.0,1.0,1.0,0.0,1.629,0.0
1784381197.1833928,10039,0,0,31,1.0,1.0,1.0,0.0,1.63,0.0
1784381197.2684216,10049,0,0,31,1.0,1.0,1.0,0.0,1.631,0.0
1784381197.3776395,10059,0,0,31,1.0,1.0,1.0,0.0,1.632,0.0
1784381197.5149724,10069,0,0,31,1.0,1.0,1.0,0.0,1.633,0.0
1784381197.6130688,10079,0,0,31,1.0,1.0,1.0,0.0,1.634,0.0
1784381197.703921,10089,0,0,31,1.0,1.0,1.0,0.0,1.635,0.0
1784381197.7788146,10099,0,0,31,1.0,1.0,1.0,0.0,1.636,0.0
1784381197.852122,10109,0,0,31,1.0,1.0,1.0,0.0,1.636,0.0
1784381197.9432764,10119,0,0,31,1.0,1.0,1.0,0.0,1.637,0.0
1784381198.0405798,10129,0,0,31,1.0,1.0,1.0,0.0,1.638,0.0
1784381198.1193423,10139,0,0,31,1.0,1.0,1.0,0.0,1.639,0.0
1784381198.2186334,10149,0,0,31,1.0,1.0,1.0,0.0,1.64,0.0
1784381198.2955902,10159,0,0,31,1.0,1.0,1.0,0.0,1.641,0.0
1784381198.392777,10169,0,0,31,1.0,1.0,1.0,0.0,1.642,0.0
1784381198.4840245,10179,0,0,31,1.0,1.0,1.0,0.0,1.643,0.0
1784381198.5761666,10189,0,0,31,1.0,1.0,1.0,0.0,1.644,0.0
1784381198.6699402,10199,0,0,31,1.0,1.0,1.0,0.0,1.645,0.0
1784381198.755939,10209,0,0,31,1.0,1.0,1.0,0.0,1.646,0.0
1784381198.8551178,10219,0,0,31,1.0,1.0,1.0,0.0,1.646,0.0
1784381198.9483404,10229,0,0,31,1.0,1.0,1.0,0.0,1.647,0.0
1784381199.014025,10239,0,0,31,1.0,1.0,1.0,0.0,1.648,0.0
1784381199.0970993,10249,0,0,31,1.0,1.0,1.0,0.0,1.649,0.0
1784381199.1829433,10259,0,0,31,1.0,1.0,1.0,0.0,1.65,0.0
1784381199.4112835,10269,0,0,31,1.0,1.0,1.0,0.0,1.651,0.0
1784381199.48692,10279,0,0,31,1.0,1.0,1.0,0.0,1.652,0.0
1784381199.5731223,10289,0,0,31,1.0,1.0,1.0,0.0,1.653,0.0
1784381199.6691425,10299,0,0,31,1.0,1.0,1.0,0.0,1.654,0.0
1784381199.7577784,10309,0,0,31,1.0,1.0,1.0,0.0,1.655,0.0
1784381199.8335578,10319,0,0,31,1.0,1.0,1.0,0.0,1.656,0.0
1784381199.938487,10329,0,0,31,1.0,1.0,1.0,0.0,1.657,0.0
1784381200.0310876,10339,0,0,31,1.0,1.0,1.0,0.0,1.658,0.0
1784381200.131685,10349,0,0,31,1.0,1.0,1.0,0.0,1.659,0.0
1784381200.2175398,10359,0,0,31,1.0,1.0,1.0,0.0,1.66,0.0
1784381200.2754357,10369,0,0,31,1.0,1.0,1.0,0.0,1.661,0.0
1784381200.3743474,10379,0,0,31,1.0,1.0,1.0,0.0,1.662,0.0
1784381200.4566915,10389,0,0,31,1.0,1.0,1.0,0.0,1.663,0.0
1784381200.54088,10399,0,0,31,1.0,1.0,1.0,0.0,1.664,0.0
1784381200.6239188,10409,0,0,31,1.0,1.0,1.0,0.0,1.665,0.0
1784381200.7029426,10419,0,0,31,1.0,1.0,1.0,0.0,1.666,0.0
1784381200.7764895,10429,0,0,31,1.0,1.0,1.0,0.0,1.667,0.0
1784381200.858294,10439,0,0,31,1.0,1.0,1.0,0.0,1.668,0.0
1784381200.9419534,10449,0,0,31,1.0,1.0,1.0,0.0,1.669,0.0
1784381201.037374,10459,0,0,31,1.0,1.0,1.0,0.0,1.67,0.0
1784381201.1808815,10469,0,0,31,1.0,1.0,1.0,0.0,1.671,0.0
1784381201.2701743,10479,0,0,31,1.0,1.0,1.0,0.0,1.672,0.0
1784381201.375574,10489,0,0,31,1.0,1.0,1.0,0.0,1.673,0.0
1784381201.482011,10499,0,0,31,1.0,1.0,1.0,0.0,1.675,0.0
1784381201.6007948,10509,0,0,31,1.0,1.0,1.0,0.0,1.676,0.0
1784381201.7239704,10519,0,0,31,1.0,1.0,1.0,0.0,1.677,0.0
1784381201.805769,10529,0,0,31,1.0,1.0,1.0,0.0,1.678,0.0
1784381201.900292,10539,0,0,31,1.0,1.0,1.0,0.0,1.679,0.0
1784381201.9951026,10549,0,0,31,1.0,1.0,1.0,0.0,1.68,0.0
1784381202.0965402,10559,0,0,31,1.0,1.0,1.0,0.0,1.681,0.0
1784381202.1818535,10569,0,0,31,1.0,1.0,1.0,0.0,1.681,0.0
1784381202.2886062,10579,0,0,31,1.0,1.0,1.0,0.0,1.682,0.0
1784381202.4308062,10589,0,0,31,1.0,1.0,1.0,0.0,1.682,0.0
1784381202.4906824,10599,0,0,31,1.0,1.0,1.0,0.0,1.682,0.0
1784381202.5735488,10609,0,0,31,1.0,1.0,1.0,0.0,1.682,0.0
1784381202.6512847,10619,0,0,31,1.0,1.0,1.0,0.0,1.683,0.0
1784381202.7571661,10629,0,0,31,1.0,1.0,1.0,0.0,1.683,0.0
1784381202.8419921,10639,0,0,31,1.0,1.0,1.0,0.0,1.683,0.0
1784381202.938847,10649,0,0,31,1.0,1.0,1.0,0.0,1.684,0.0
1784381203.0407593,10659,0,0,31,1.0,1.0,1.0,0.0,1.684,0.0
1784381203.1985438,10669,0,0,31,1.0,1.0,1.0,0.0,1.685,0.0
1784381203.298605,10679,0,0,31,1.0,1.0,1.0,0.0,1.685,0.0
1784381203.3871405,10689,0,0,31,1.0,1.0,1.0,0.0,1.685,0.0
1784381203.4869409,10699,0,0,31,1.0,1.0,1.0,0.0,1.686,0.0
1784381203.5821414,10709,0,0,31,1.0,1.0,1.0,0.0,1.686,0.0
1784381203.6450214,10719,0,0,31,1.0,1.0,1.0,0.0,1.687,0.0
1784381203.737874,10729,0,0,31,1.0,1.0,1.0,0.0,1.687,0.0
1784381203.8379834,10739,0,0,31,1.0,1.0,1.0,0.0,1.688,0.0
1784381203.8979692,10749,0,0,31,1.0,1.0,1.0,0.0,1.688,0.0
1784381203.9776475,10759,0,0,31,1.0,1.0,1.0,0.0,1.689,0.0
1784381204.066269,10769,0,0,31,1.0,1.0,1.0,0.0,1.689,0.0
1784381204.1566155,10779,0,0,31,1.0,1.0,1.0,0.0,1.69,0.0
1784381204.2465243,10789,0,0,31,1.0,1.0,1.0,0.0,1.69,0.0
1784381204.3587627,10799,0,0,31,1.0,1.0,1.0,0.0,1.691,0.0
1784381204.4786649,10809,0,0,31,1.0,1.0,1.0,0.0,1.691,0.0
1784381204.5753372,10819,0,0,31,1.0,1.0,1.0,0.0,1.691,0.0
1784381204.667947,10829,0,0,31,1.0,1.0,1.0,0.0,1.692,0.0
1784381204.767695,10839,0,0,31,1.0,1.0,1.0,0.0,1.692,0.0
1784381204.8549798,10849,0,0,31,1.0,1.0,1.0,0.0,1.693,0.0
1784381204.926773,10859,0,0,31,1.0,1.0,1.0,0.0,1.693,0.0
1784381205.0899181,10869,0,0,31,1.0,1.0,1.0,0.0,1.694,0.0
1784381205.1795714,10879,0,0,31,1.0,1.0,1.0,0.0,1.694,0.0
1784381205.260851,10889,0,0,31,1.0,1.0,1.0,0.0,1.695,0.0
1784381205.3708527,10899,0,0,31,1.0,1.0,1.0,0.0,1.695,0.0
1784381205.4594345,10909,0,0,31,1.0,1.0,1.0,0.0,1.696,0.0
1784381205.5556333,10919,0,0,31,1.0,1.0,1.0,0.0,1.696,0.0
1784381205.650517,10929,0,0,31,1.0,1.0,1.0,0.0,1.697,0.0
1784381205.7453961,10939,0,0,31,1.0,1.0,1.0,0.0,1.697,0.0
1784381205.8445618,10949,0,0,31,1.0,1.0,1.0,0.0,1.697,0.0
1784381205.9162066,10959,0,0,31,1.0,1.0,1.0,0.0,1.698,0.0
1784381205.994135,10969,0,0,31,1.0,1.0,1.0,0.0,1.698,0.0
1784381206.0790408,10979,0,0,31,1.0,1.0,1.0,0.0,1.699,0.0
1784381206.1942413,10989,0,0,31,1.0,1.0,1.0,0.0,1.699,0.0
1784381206.2933986,10999,0,0,31,1.0,1.0,1.0,0.0,1.7,0.0
1784381206.403767,11009,0,0,31,1.0,1.0,1.0,0.0,1.7,0.0
1784381206.5122178,11019,0,0,31,1.0,1.0,1.0,0.0,1.701,0.0
1784381206.5872421,11029,0,0,31,1.0,1.0,1.0,0.0,1.701,0.0
1784381206.7056317,11039,0,0,31,1.0,1.0,1.0,0.0,1.702,0.0
1784381206.8050528,11049,0,0,31,1.0,1.0,1.0,0.0,1.702,0.0
1784381206.88173,11059,0,0,31,1.0,1.0,1.0,0.0,1.702,0.0
1784381207.0195856,11069,0,0,31,1.0,1.0,1.0,0.0,1.703,0.0
1784381207.1143277,11079,0,0,31,1.0,1.0,1.0,0.0,1.703,0.0
1784381207.2069983,11089,0,0,31,1.0,1.0,1.0,0.0,1.704,0.0
1784381207.291792,11099,0,0,31,1.0,1.0,1.0,0.0,1.704,0.0
1784381207.3864589,11109,0,0,31,1.0,1.0,1.0,0.0,1.705,0.0
1784381207.5032663,11119,0,0,31,1.0,1.0,1.0,0.0,1.705,0.0
1784381207.5994272,11129,0,0,31,1.0,1.0,1.0,0.0,1.706,0.0
1784381207.6926794,11139,0,0,31,1.0,1.0,1.0,0.0,1.706,0.0
1784381207.7904487,11149,0,0,31,1.0,1.0,1.0,0.0,1.707,0.0
1784381207.8812706,11159,0,0,31,1.0,1.0,1.0,0.0,1.707,0.0
1784381207.9720893,11169,0,0,31,1.0,1.0,1.0,0.0,1.708,0.0
1784381208.0440693,11179,0,0,31,1.0,1.0,1.0,0.0,1.708,0.0
1784381208.216046,11189,0,0,31,1.0,1.0,1.0,0.0,1.708,0.0
1784381208.3911822,11199,0,0,31,1.0,1.0,1.0,0.0,1.709,0.0
1784381208.5078855,11209,0,0,31,1.0,1.0,1.0,0.0,1.709,0.0
1784381208.640167,11219,0,0,31,1.0,1.0,1.0,0.0,1.71,0.0
1784381208.7114959,11229,0,0,31,1.0,1.0,1.0,0.0,1.71,0.0
1784381208.7950768,11239,0,0,31,1.0,1.0,1.0,0.0,1.711,0.0
1784381208.8881652,11249,0,0,31,1.0,1.0,1.0,0.0,1.711,0.0
1784381208.9641767,11259,0,0,31,1.0,1.0,1.0,0.0,1.712,0.0
1784381209.096712,11269,0,0,31,1.0,1.0,1.0,0.0,1.712,0.0
1784381209.209729,11279,0,0,31,1.0,1.0,1.0,0.0,1.712,0.0
1784381209.3180826,11289,0,0,31,1.0,1.0,1.0,0.0,1.713,0.0
1784381209.449904,11299,0,0,31,1.0,1.0,1.0,0.0,1.713,0.0
1784381209.5231657,11309,0,0,31,1.0,1.0,1.0,0.0,1.714,0.0
1784381209.6035223,11319,0,0,31,1.0,1.0,1.0,0.0,1.714,0.0
1784381209.7117312,11329,0,0,31,1.0,1.0,1.0,0.0,1.715,0.0
1784381209.8216376,11339,0,0,31,1.0,1.0,1.0,0.0,1.715,0.0
1784381209.9157417,11349,0,0,31,1.0,1.0,1.0,0.0,1.715,0.0
1784381209.994936,11359,0,0,31,1.0,1.0,1.0,0.0,1.716,0.0
1784381210.0884125,11369,0,0,31,1.0,1.0,1.0,0.0,1.716,0.0
1784381210.1946995,11379,0,0,31,1.0,1.0,1.0,0.0,1.717,0.0
1784381210.2810206,11389,0,0,31,1.0,1.0,1.0,0.0,1.717,0.0
1784381210.3745782,11399,0,0,31,1.0,1.0,1.0,0.0,1.718,0.0
1784381210.4803727,11409,0,0,31,1.0,1.0,1.0,0.0,1.718,0.0
1784381210.5726535,11419,0,0,31,1.0,1.0,1.0,0.0,1.719,0.0
1784381210.6653218,11429,0,0,31,1.0,1.0,1.0,0.0,1.719,0.0
1784381210.7428641,11439,0,0,31,1.0,1.0,1.0,0.0,1.719,0.0
1784381210.8289642,11449,0,0,31,1.0,1.0,1.0,0.0,1.72,0.0
1784381210.9148316,11459,0,0,31,1.0,1.0,1.0,0.0,1.72,0.0
1784381211.0974398,11469,0,0,31,1.0,1.0,1.0,0.0,1.721,0.0
1784381211.2025628,11479,0,0,31,1.0,1.0,1.0,0.0,1.721,0.0
1784381211.3044739,11489,0,0,31,1.0,1.0,1.0,0.0,1.722,0.0
1784381211.3952568,11499,0,0,31,1.0,1.0,1.0,0.0,1.722,0.0
1784381211.4937398,11509,0,0,31,1.0,1.0,1.0,0.0,1.723,0.0
1784381211.5973265,11519,0,0,31,1.0,1.0,1.0,0.0,1.723,0.0
1784381211.6833382,11529,0,0,31,1.0,1.0,1.0,0.0,1.724,0.0
1784381211.7592957,11539,0,0,31,1.0,1.0,1.0,0.0,1.724,0.0
1784381211.8482447,11549,0,0,31,1.0,1.0,1.0,0.0,1.725,0.0
1784381211.9458096,11559,0,0,31,1.0,1.0,1.0,0.0,1.725,0.0
1784381212.022526,11569,0,0,31,1.0,1.0,1.0,0.0,1.725,0.0
1784381212.104201,11579,0,0,31,1.0,1.0,1.0,0.0,1.726,0.0
1784381212.202461,11589,0,0,31,1.0,1.0,1.0,0.0,1.726,0.0
1784381212.306616,11599,0,0,31,1.0,1.0,1.0,0.0,1.727,0.0
1784381212.3986652,11609,0,0,31,1.0,1.0,1.0,0.0,1.727,0.0
1784381212.4948542,11619,0,0,31,1.0,1.0,1.0,0.0,1.727,0.0
1784381212.5695713,11629,0,0,31,1.0,1.0,1.0,0.0,1.728,0.0
1784381212.6404076,11639,0,0,31,1.0,1.0,1.0,0.0,1.728,0.0
1784381212.7296247,11649,0,0,31,1.0,1.0,1.0,0.0,1.728,0.0
1784381212.842759,11659,0,0,31,1.0,1.0,1.0,0.0,1.729,0.0
1784381213.0068479,11669,0,0,31,1.0,1.0,1.0,0.0,1.729,0.0
1784381213.0833094,11679,0,0,31,1.0,1.0,1.0,0.0,1.729,0.0
1784381213.1575928,11689,0,0,31,1.0,1.0,1.0,0.0,1.73,0.0
1784381213.2552547,11699,0,0,31,1.0,1.0,1.0,0.0,1.73,0.0
1784381213.3615105,11709,0,0,31,1.0,1.0,1.0,0.0,1.73,0.0
1784381213.461334,11719,0,0,31,1.0,1.0,1.0,0.0,1.731,0.0
1784381213.5203598,11729,0,0,31,1.0,1.0,1.0,0.0,1.731,0.0
1784381213.6218338,11739,0,0,31,1.0,1.0,1.0,0.0,1.731,0.0
1784381213.718667,11749,0,0,31,1.0,1.0,1.0,0.0,1.732,0.0
1784381213.8064692,11759,0,0,31,1.0,1.0,1.0,0.0,1.732,0.0
1784381213.884602,11769,0,0,31,1.0,1.0,1.0,0.0,1.733,0.0
1784381213.9767683,11779,0,0,31,1.0,1.0,1.0,0.0,1.733,0.0
1784381214.0725605,11789,0,0,31,1.0,1.0,1.0,0.0,1.733,0.0
1784381214.172693,11799,0,0,31,1.0,1.0,1.0,0.0,1.734,0.0
1784381214.2564442,11809,0,0,31,1.0,1.0,1.0,0.0,1.734,0.0
1784381214.3603148,11819,0,0,31,1.0,1.0,1.0,0.0,1.734,0.0
1784381214.4661257,11829,0,0,31,1.0,1.0,1.0,0.0,1.735,0.0
1784381214.555718,11839,0,0,31,1.0,1.0,1.0,0.0,1.735,0.0
1784381214.6618867,11849,0,0,31,1.0,1.0,1.0,0.0,1.735,0.0
1784381214.7627935,11859,0,0,31,1.0,1.0,1.0,0.0,1.736,0.0
1784381214.965127,11869,0,0,31,1.0,1.0,1.0,0.0,1.736,0.0
1784381215.0630913,11879,0,0,31,1.0,1.0,1.0,0.0,1.737,0.0
1784381215.1844823,11889,0,0,31,1.0,1.0,1.0,0.0,1.737,0.0
1784381215.2938519,11899,0,0,31,1.0,1.0,1.0,0.0,1.737,0.0
1784381215.3577178,11909,0,0,31,1.0,1.0,1.0,0.0,1.738,0.0
1784381215.4861767,11919,0,0,31,1.0,1.0,1.0,0.0,1.738,0.0
1784381215.5934763,11929,0,0,31,1.0,1.0,1.0,0.0,1.739,0.0
1784381215.6813953,11939,0,0,31,1.0,1.0,1.0,0.0,1.739,0.0
1784381215.7713494,11949,0,0,31,1.0,1.0,1.0,0.0,1.74,0.0
1784381215.892286,11959,0,0,31,1.0,1.0,1.0,0.0,1.74,0.0
1784381216.0137935,11969,0,0,31,1.0,1.0,1.0,0.0,1.741,0.0
1784381216.0936081,11979,0,0,31,1.0,1.0,1.0,0.0,1.741,0.0
1784381216.1869385,11989,0,0,31,1.0,1.0,1.0,0.0,1.741,0.0
1784381216.2923336,11999,0,0,31,1.0,1.0,1.0,0.0,1.742,0.0
1784381216.3860373,12009,0,0,31,1.0,1.0,1.0,0.0,1.742,0.0
1784381216.5003233,12019,0,0,31,1.0,1.0,1.0,0.0,1.743,0.0
1784381216.5906303,12029,0,0,31,1.0,1.0,1.0,0.0,1.743,0.0
1784381216.6664116,12039,0,0,31,1.0,1.0,1.0,0.0,1.744,0.0
1784381216.756157,12049,0,0,31,1.0,1.0,1.0,0.0,1.744,0.0
1784381216.8394592,12059,0,0,31,1.0,1.0,1.0,0.0,1.745,0.0
1784381217.0098796,12069,0,0,31,1.0,1.0,1.0,0.0,1.745,0.0
1784381217.1067166,12079,0,0,31,1.0,1.0,1.0,0.0,1.746,0.0
1784381217.1990104,12089,0,0,31,1.0,1.0,1.0,0.0,1.746,0.0
1784381217.2830024,12099,0,0,31,1.0,1.0,1.0,0.0,1.747,0.0
1784381217.3670099,12109,0,0,31,1.0,1.0,1.0,0.0,1.747,0.0
1784381217.5049484,12119,0,0,31,1.0,1.0,1.0,0.0,1.748,0.0
1784381217.5970936,12129,0,0,31,1.0,1.0,1.0,0.0,1.748,0.0
1784381217.6800776,12139,0,0,31,1.0,1.0,1.0,0.0,1.749,0.0
1784381217.778264,12149,0,0,31,1.0,1.0,1.0,0.0,1.749,0.0
1784381217.8447726,12159,0,0,31,1.0,1.0,1.0,0.0,1.75,0.0
1784381217.9244452,12169,0,0,31,1.0,1.0,1.0,0.0,1.751,0.0
1784381218.0086052,12179,0,0,31,1.0,1.0,1.0,0.0,1.751,0.0
1784381218.119435,12189,0,0,31,1.0,1.0,1.0,0.0,1.752,0.0
1784381218.2273676,12199,0,0,31,1.0,1.0,1.0,0.0,1.752,0.0
1784381218.3557818,12209,0,0,31,1.0,1.0,1.0,0.0,1.753,0.0
1784381218.4546828,12219,0,0,31,1.0,1.0,1.0,0.0,1.753,0.0
1784381218.5414343,12229,0,0,31,1.0,1.0,1.0,0.0,1.754,0.0
1784381218.6384463,12239,0,0,31,1.0,1.0,1.0,0.0,1.754,0.0
1784381218.7941837,12249,0,0,31,1.0,1.0,1.0,0.0,1.755,0.0
1784381218.9009151,12259,0,0,31,1.0,1.0,1.0,0.0,1.756,0.0
1784381219.0560384,12269,0,0,31,1.0,1.0,1.0,0.0,1.756,0.0
1784381219.1719398,12279,0,0,31,1.0,1.0,1.0,0.0,1.757,0.0
1784381219.2713935,12289,0,0,31,1.0,1.0,1.0,0.0,1.757,0.0
1784381219.382443,12299,0,0,31,1.0,1.0,1.0,0.0,1.758,0.0
1784381219.500062,12309,0,0,31,1.0,1.0,1.0,0.0,1.759,0.0
1784381219.590406,12319,0,0,31,1.0,1.0,1.0,0.0,1.759,0.0
1784381219.6503098,12329,0,0,31,1.0,1.0,1.0,0.0,1.76,0.0
1784381219.7399654,12339,0,0,31,1.0,1.0,1.0,0.0,1.76,0.0
1784381219.8255064,12349,0,0,31,1.0,1.0,1.0,0.0,1.761,0.0
1784381219.9012284,12359,0,0,31,1.0,1.0,1.0,0.0,1.762,0.0
1784381219.9878075,12369,0,0,31,1.0,1.0,1.0,0.0,1.762,0.0
1784381220.063188,12379,0,0,31,1.0,1.0,1.0,0.0,1.762,0.0
1784381220.154278,12389,0,0,31,1.0,1.0,1.0,0.0,1.762,0.0
1784381220.2677495,12399,0,0,31,1.0,1.0,1.0,0.0,1.763,0.0
1784381220.3496351,12409,0,0,31,1.0,1.0,1.0,0.0,1.763,0.0
1784381220.474473,12419,0,0,31,1.0,1.0,1.0,0.0,1.763,0.0
1784381220.5868924,12429,0,0,31,1.0,1.0,1.0,0.0,1.763,0.0
1784381220.6900723,12439,0,0,31,1.0,1.0,1.0,0.0,1.763,0.0
1784381220.7588701,12449,0,0,31,1.0,1.0,1.0,0.0,1.764,0.0
1784381220.857222,12459,0,0,31,1.0,1.0,1.0,0.0,1.764,0.0
1784381220.977484,12469,0,0,31,1.0,1.0,1.0,0.0,1.764,0.0
1784381221.0631607,12479,0,0,31,1.0,1.0,1.0,0.0,1.764,0.0
1784381221.137399,12489,0,0,31,1.0,1.0,1.0,0.0,1.765,0.0
1784381221.2348824,12499,0,0,31,1.0,1.0,1.0,0.0,1.765,0.0
1784381221.3227596,12509,0,0,31,1.0,1.0,1.0,0.0,1.765,0.0
1784381221.383767,12519,0,0,31,1.0,1.0,1.0,0.0,1.765,0.0
1784381221.4773982,12529,0,0,31,1.0,1.0,1.0,0.0,1.766,0.0
1784381221.5896442,12539,0,0,31,1.0,1.0,1.0,0.0,1.766,0.0
1784381221.6963854,12549,0,0,31,1.0,1.0,1.0,0.0,1.766,0.0
1784381221.7870018,12559,0,0,31,1.0,1.0,1.0,0.0,1.766,0.0
1784381221.8886273,12569,0,0,31,1.0,1.0,1.0,0.0,1.767,0.0
1784381221.9834626,12579,0,0,31,1.0,1.0,1.0,0.0,1.767,0.0
1784381222.075014,12589,0,0,31,1.0,1.0,1.0,0.0,1.767,0.0
1784381222.166725,12599,0,0,31,1.0,1.0,1.0,0.0,1.768,0.0
1784381222.2605388,12609,0,0,31,1.0,1.0,1.0,0.0,1.768,0.0
1784381222.363476,12619,0,0,31,1.0,1.0,1.0,0.0,1.768,0.0
1784381222.451327,12629,0,0,31,1.0,1.0,1.0,0.0,1.769,0.0
1784381222.5370142,12639,0,0,31,1.0,1.0,1.0,0.0,1.769,0.0
1784381222.6381474,12649,0,0,31,1.0,1.0,1.0,0.0,1.769,0.0
1784381222.7588058,12659,0,0,31,1.0,1.0,1.0,0.0,1.769,0.0
1784381222.9120848,12669,0,0,31,1.0,1.0,1.0,0.0,1.77,0.0
1784381223.0023022,12679,0,0,31,1.0,1.0,1.0,0.0,1.77,0.0
1784381223.0979946,12689,0,0,31,1.0,1.0,1.0,0.0,1.77,0.0
1784381223.1988807,12699,0,0,31,1.0,1.0,1.0,0.0,1.771,0.0
1784381223.3087618,12709,0,0,31,1.0,1.0,1.0,0.0,1.771,0.0
1784381223.4086401,12719,0,0,31,1.0,1.0,1.0,0.0,1.771,0.0
1784381223.5128236,12729,0,0,31,1.0,1.0,1.0,0.0,1.771,0.0
1784381223.6052818,12739,0,0,31,1.0,1.0,1.0,0.0,1.772,0.0
1784381223.6896043,12749,0,0,31,1.0,1.0,1.0,0.0,1.772,0.0
1784381223.771074,12759,0,0,31,1.0,1.0,1.0,0.0,1.772,0.0
1784381223.8559117,12769,0,0,31,1.0,1.0,1.0,0.0,1.773,0.0
1784381223.94717,12779,0,0,31,1.0,1.0,1.0,0.0,1.773,0.0
1784381224.0558116,12789,0,0,31,1.0,1.0,1.0,0.0,1.773,0.0
1784381224.151165,12799,0,0,31,1.0,1.0,1.0,0.0,1.774,0.0
1784381224.2435887,12809,0,0,31,1.0,1.0,1.0,0.0,1.774,0.0
1784381224.3153849,12819,0,0,31,1.0,1.0,1.0,0.0,1.774,0.0
1784381224.4022658,12829,0,0,31,1.0,1.0,1.0,0.0,1.774,0.0
1784381224.496861,12839,0,0,31,1.0,1.0,1.0,0.0,1.775,0.0
1784381224.594331,12849,0,0,31,1.0,1.0,1.0,0.0,1.775,0.0
1784381224.6744473,12859,0,0,31,1.0,1.0,1.0,0.0,1.775,0.0
1784381224.8303413,12869,0,0,31,1.0,1.0,1.0,0.0,1.776,0.0
1784381224.9343145,12879,0,0,31,1.0,1.0,1.0,0.0,1.776,0.0
1784381225.0314622,12889,0,0,31,1.0,1.0,1.0,0.0,1.776,0.0
1784381225.1319568,12899,0,0,31,1.0,1.0,1.0,0.0,1.776,0.0
1784381225.2305555,12909,0,0,31,1.0,1.0,1.0,0.0,1.777,0.0
1784381225.3329327,12919,0,0,31,1.0,1.0,1.0,0.0,1.777,0.0
1784381225.4104967,12929,0,0,31,1.0,1.0,1.0,0.0,1.777,0.0
1784381225.494596,12939,0,0,31,1.0,1.0,1.0,0.0,1.778,0.0
1784381225.5981526,12949,0,0,31,1.0,1.0,1.0,0.0,1.778,0.0
1784381225.6985958,12959,0,0,31,1.0,1.0,1.0,0.0,1.779,0.0
1784381225.7844892,12969,0,0,31,1.0,1.0,1.0,0.0,1.779,0.0
1784381225.8746216,12979,0,0,31,1.0,1.0,1.0,0.0,1.779,0.0
1784381225.9593236,12989,0,0,31,1.0,1.0,1.0,0.0,1.78,0.0
1784381226.0677483,12999,0,0,31,1.0,1.0,1.0,0.0,1.78,0.0
1784381226.1625113,13009,0,0,31,1.0,1.0,1.0,0.0,1.781,0.0
1784381226.2531888,13019,0,0,31,1.0,1.0,1.0,0.0,1.781,0.0
1784381226.356749,13029,0,0,31,1.0,1.0,1.0,0.0,1.782,0.0
1784381226.4478323,13039,0,0,31,1.0,1.0,1.0,0.0,1.782,0.0
1784381226.5388284,13049,0,0,31,1.0,1.0,1.0,0.0,1.782,0.0
1784381226.6335104,13059,0,0,31,1.0,1.0,1.0,0.0,1.783,0.0
1784381226.7444103,13069,0,0,31,1.0,1.0,1.0,0.0,1.783,0.0
1784381226.8367245,13079,0,0,31,1.0,1.0,1.0,0.0,1.784,0.0
1784381226.9243999,13089,0,0,31,1.0,1.0,1.0,0.0,1.784,0.0
1784381227.0256696,13099,0,0,31,1.0,1.0,1.0,0.0,1.785,0.0
1784381227.107253,13109,0,0,31,1.0,1.0,1.0,0.0,1.785,0.0
1784381227.1802146,13119,0,0,31,1.0,1.0,1.0,0.0,1.785,0.0
1784381227.2550147,13129,0,0,31,1.0,1.0,1.0,0.0,1.786,0.0
1784381227.3684669,13139,0,0,31,1.0,1.0,1.0,0.0,1.786,0.0
1784381227.4631438,13149,0,0,31,1.0,1.0,1.0,0.0,1.787,0.0
1784381227.568353,13159,0,0,31,1.0,1.0,1.0,0.0,1.787,0.0
1784381227.6585596,13169,0,0,31,1.0,1.0,1.0,0.0,1.788,0.0
1784381227.7491603,13179,0,0,31,1.0,1.0,1.0,0.0,1.788,0.0
1784381227.836013,13189,0,0,31,1.0,1.0,1.0,0.0,1.788,0.0
1784381227.92686,13199,0,0,31,1.0,1.0,1.0,0.0,1.789,0.0
1784381228.0070908,13209,0,0,31,1.0,1.0,1.0,0.0,1.789,0.0
1784381228.0990129,13219,0,0,31,1.0,1.0,1.0,0.0,1.789,0.0
1784381228.1806931,13229,0,0,31,1.0,1.0,1.0,0.0,1.79,0.0
1784381228.270347,13239,0,0,31,1.0,1.0,1.0,0.0,1.79,0.0
1784381228.3830523,13249,0,0,31,1.0,1.0,1.0,0.0,1.791,0.0
1784381228.4946043,13259,0,0,31,1.0,1.0,1.0,0.0,1.791,0.0
1784381228.6224916,13269,0,0,31,1.0,1.0,1.0,0.0,1.791,0.0
1784381228.7321038,13279,0,0,31,1.0,1.0,1.0,0.0,1.792,0.0
1784381228.8152032,13289,0,0,31,1.0,1.0,1.0,0.0,1.792,0.0
1784381228.9257593,13299,0,0,31,1.0,1.0,1.0,0.0,1.792,0.0
1784381229.0220342,13309,0,0,31,1.0,1.0,1.0,0.0,1.793,0.0
1784381229.11818,13319,0,0,31,1.0,1.0,1.0,0.0,1.793,0.0
1784381229.1950731,13329,0,0,31,1.0,1.0,1.0,0.0,1.793,0.0
1784381229.2895782,13339,0,0,31,1.0,1.0,1.0,0.0,1.794,0.0
1784381229.39175,13349,0,0,31,1.0,1.0,1.0,0.0,1.794,0.0
1784381229.5041394,13359,0,0,31,1.0,1.0,1.0,0.0,1.795,0.0
1784381229.6075096,13369,0,0,31,1.0,1.0,1.0,0.0,1.795,0.0
1784381229.6928167,13379,0,0,31,1.0,1.0,1.0,0.0,1.795,0.0
1784381229.8085525,13389,0,0,31,1.0,1.0,1.0,0.0,1.796,0.0
1784381229.8956492,13399,0,0,31,1.0,1.0,1.0,0.0,1.796,0.0
1784381229.993166,13409,0,0,31,1.0,1.0,1.0,0.0,1.797,0.0
1784381230.065424,13419,0,0,31,1.0,1.0,1.0,0.0,1.797,0.0
1784381230.1511889,13429,0,0,31,1.0,1.0,1.0,0.0,1.798,0.0
1784381230.2579103,13439,0,0,31,1.0,1.0,1.0,0.0,1.798,0.0
1784381230.3481896,13449,0,0,31,1.0,1.0,1.0,0.0,1.798,0.0
1784381230.4332945,13459,0,0,31,1.0,1.0,1.0,0.0,1.799,0.0
1784381230.5860705,13469,0,0,31,1.0,1.0,1.0,0.0,1.799,0.0
1784381230.6772146,13479,0,0,31,1.0,1.0,1.0,0.0,1.8,0.0
1784381230.7746665,13489,0,0,31,1.0,1.0,1.0,0.0,1.8,0.0
1784381230.8576303,13499,0,0,31,1.0,1.0,1.0,0.0,1.801,0.0
1784381230.9449155,13509,0,0,31,1.0,1.0,1.0,0.0,1.801,0.0
1784381231.0245066,13519,0,0,31,1.0,1.0,1.0,0.0,1.802,0.0
1784381231.115679,13529,0,0,31,1.0,1.0,1.0,0.0,1.802,0.0
1784381231.1772435,13539,0,0,31,1.0,1.0,1.0,0.0,1.803,0.0
1784381231.2908354,13549,0,0,31,1.0,1.0,1.0,0.0,1.803,0.0
1784381231.427404,13559,0,0,31,1.0,1.0,1.0,0.0,1.804,0.0
1784381231.514721,13569,0,0,31,1.0,1.0,1.0,0.0,1.804,0.0
1784381231.6241708,13579,0,0,31,1.0,1.0,1.0,0.0,1.805,0.0
1784381231.7378976,13589,0,0,31,1.0,1.0,1.0,0.0,1.805,0.0
1784381231.8444145,13599,0,0,31,1.0,1.0,1.0,0.0,1.806,0.0
1784381231.9283571,13609,0,0,31,1.0,1.0,1.0,0.0,1.807,0.0
1784381232.0115695,13619,0,0,31,1.0,1.0,1.0,0.0,1.807,0.0
1784381232.100155,13629,0,0,31,1.0,1.0,1.0,0.0,1.808,0.0
1784381232.1955628,13639,0,0,31,1.0,1.0,1.0,0.0,1.808,0.0
1784381232.2727232,13649,0,0,31,1.0,1.0,1.0,0.0,1.809,0.0
1784381232.340143,13659,0,0,31,1.0,1.0,1.0,0.0,1.809,0.0
1784381232.5035696,13669,0,0,31,1.0,1.0,1.0,0.0,1.81,0.0
1784381232.5851727,13679,0,0,31,1.0,1.0,1.0,0.0,1.81,0.0
1784381232.6701696,13689,0,0,31,1.0,1.0,1.0,0.0,1.811,0.0
1784381232.7665162,13699,0,0,31,1.0,1.0,1.0,0.0,1.812,0.0
1784381232.8612146,13709,0,0,31,1.0,1.0,1.0,0.0,1.812,0.0
1784381232.9424503,13719,0,0,31,1.0,1.0,1.0,0.0,1.813,0.0
1784381233.0201435,13729,0,0,31,1.0,1.0,1.0,0.0,1.813,0.0
1784381233.1069872,13739,0,0,31,1.0,1.0,1.0,0.0,1.814,0.0
1784381233.203058,13749,0,0,31,1.0,1.0,1.0,0.0,1.814,0.0
1784381233.3027766,13759,0,0,31,1.0,1.0,1.0,0.0,1.815,0.0
1784381233.4477394,13769,0,0,31,1.0,1.0,1.0,0.0,1.815,0.0
1784381233.5339391,13779,0,0,31,1.0,1.0,1.0,0.0,1.816,0.0
1784381233.6169195,13789,0,0,31,1.0,1.0,1.0,0.0,1.817,0.0
1784381233.718781,13799,0,0,31,1.0,1.0,1.0,0.0,1.817,0.0
1784381233.8007107,13809,0,0,31,1.0,1.0,1.0,0.0,1.818,0.0
1784381233.8973157,13819,0,0,31,1.0,1.0,1.0,0.0,1.818,0.0
1784381233.9725697,13829,0,0,31,1.0,1.0,1.0,0.0,1.819,0.0
1784381234.048868,13839,0,0,31,1.0,1.0,1.0,0.0,1.819,0.0
1784381234.1304238,13849,0,0,31,1.0,1.0,1.0,0.0,1.82,0.0
1784381234.210949,13859,0,0,31,1.0,1.0,1.0,0.0,1.82,0.0
1784381234.356674,13869,0,0,31,1.0,1.0,1.0,0.0,1.821,0.0
1784381234.4474707,13879,0,0,31,1.0,1.0,1.0,0.0,1.821,0.0
1784381234.5426545,13889,0,0,31,1.0,1.0,1.0,0.0,1.822,0.0
1784381234.6127274,13899,0,0,31,1.0,1.0,1.0,0.0,1.823,0.0
1784381234.7040186,13909,0,0,31,1.0,1.0,1.0,0.0,1.823,0.0
1784381234.797572,13919,0,0,31,1.0,1.0,1.0,0.0,1.824,0.0
1784381234.8800669,13929,0,0,31,1.0,1.0,1.0,0.0,1.824,0.0
1784381234.9688962,13939,0,0,31,1.0,1.0,1.0,0.0,1.825,0.0
1784381235.0650742,13949,0,0,31,1.0,1.0,1.0,0.0,1.825,0.0
1784381235.1626608,13959,0,0,31,1.0,1.0,1.0,0.0,1.826,0.0
1784381235.2568781,13969,0,0,31,1.0,1.0,1.0,0.0,1.826,0.0
1784381235.3625288,13979,0,0,31,1.0,1.0,1.0,0.0,1.827,0.0
1784381235.460432,13989,0,0,31,1.0,1.0,1.0,0.0,1.827,0.0
1784381235.5515165,13999,0,0,31,1.0,1.0,1.0,0.0,1.828,0.0
1784381235.6237068,14009,0,0,31,1.0,1.0,1.0,0.0,1.828,0.0
1784381235.7473683,14019,0,0,31,1.0,1.0,1.0,0.0,1.829,0.0
1784381235.8318698,14029,0,0,31,1.0,1.0,1.0,0.0,1.829,0.0
1784381235.9231691,14039,0,0,31,1.0,1.0,1.0,0.0,1.83,0.0
1784381236.01852,14049,0,0,31,1.0,1.0,1.0,0.0,1.83,0.0
1784381236.1046264,14059,0,0,31,1.0,1.0,1.0,0.0,1.831,0.0
1784381236.2701097,14069,0,0,31,1.0,1.0,1.0,0.0,1.831,0.0
1784381236.369719,14079,0,0,31,1.0,1.0,1.0,0.0,1.832,0.0
1784381236.4763515,14089,0,0,31,1.0,1.0,1.0,0.0,1.832,0.0
1784381236.5912042,14099,0,0,31,1.0,1.0,1.0,0.0,1.833,0.0
1784381236.7238162,14109,0,0,31,1.0,1.0,1.0,0.0,1.833,0.0
1784381236.8101945,14119,0,0,31,1.0,1.0,1.0,0.0,1.834,0.0
1784381236.922443,14129,0,0,31,1.0,1.0,1.0,0.0,1.834,0.0
1784381237.028171,14139,0,0,31,1.0,1.0,1.0,0.0,1.835,0.0
1784381237.1482608,14149,0,0,31,1.0,1.0,1.0,0.0,1.835,0.0
1784381237.2707422,14159,0,0,31,1.0,1.0,1.0,0.0,1.836,0.0
1784381237.3875215,14169,0,0,31,1.0,1.0,1.0,0.0,1.836,0.0
1784381237.4946966,14179,0,0,31,1.0,1.0,1.0,0.0,1.837,0.0
1784381237.5667691,14189,0,0,31,1.0,1.0,1.0,0.0,1.837,0.0
1784381237.643331,14199,0,0,31,1.0,1.0,1.0,0.0,1.838,0.0
1784381237.7480607,14209,0,0,31,1.0,1.0,1.0,0.0,1.839,0.0
1784381237.846434,14219,0,0,31,1.0,1.0,1.0,0.0,1.839,0.0
1784381237.9316192,14229,0,0,31,1.0,1.0,1.0,0.0,1.84,0.0
1784381238.0228453,14239,0,0,31,1.0,1.0,1.0,0.0,1.84,0.0
1784381238.1175094,14249,0,0,31,1.0,1.0,1.0,0.0,1.841,0.0
1784381238.2043734,14259,0,0,31,1.0,1.0,1.0,0.0,1.841,0.0
1784381238.6355817,14269,0,0,31,1.0,1.0,1.0,0.0,1.842,0.0
1784381238.7617385,14279,0,0,31,1.0,1.0,1.0,0.0,1.843,0.0
1784381238.8496907,14289,0,0,31,1.0,1.0,1.0,0.0,1.843,0.0
1784381238.9541302,14299,0,0,31,1.0,1.0,1.0,0.0,1.844,0.0
1784381239.050271,14309,0,0,31,1.0,1.0,1.0,0.0,1.844,0.0
1784381239.1578643,14319,0,0,31,1.0,1.0,1.0,0.0,1.845,0.0
1784381239.256094,14329,0,0,31,1.0,1.0,1.0,0.0,1.845,0.0
1784381239.3401952,14339,0,0,31,1.0,1.0,1.0,0.0,1.846,0.0
1784381239.4433627,14349,0,0,31,1.0,1.0,1.0,0.0,1.847,0.0
1784381239.5886178,14359,0,0,31,1.0,1.0,1.0,0.0,1.847,0.0
1784381239.6974874,14369,0,0,31,1.0,1.0,1.0,0.0,1.848,0.0
1784381239.8173778,14379,0,0,31,1.0,1.0,1.0,0.0,1.848,0.0
1784381239.9053345,14389,0,0,31,1.0,1.0,1.0,0.0,1.849,0.0
1784381240.0080829,14399,0,0,31,1.0,1.0,1.0,0.0,1.849,0.0
1784381240.0958972,14409,0,0,31,1.0,1.0,1.0,0.0,1.85,0.0
1784381240.2096415,14419,0,0,31,1.0,1.0,1.0,0.0,1.85,0.0
1784381240.2921953,14429,0,0,31,1.0,1.0,1.0,0.0,1.851,0.0
1784381240.3745117,14439,0,0,31,1.0,1.0,1.0,0.0,1.852,0.0
1784381240.4583905,14449,0,0,31,1.0,1.0,1.0,0.0,1.852,0.0
1784381240.632677,14459,0,0,31,1.0,1.0,1.0,0.0,1.853,0.0
1784381240.8104377,14469,0,0,31,1.0,1.0,1.0,0.0,1.853,0.0
1784381240.9215288,14479,0,0,31,1.0,1.0,1.0,0.0,1.853,0.0
1784381241.0140154,14489,0,0,31,1.0,1.0,1.0,0.0,1.853,0.0
1784381241.1218588,14499,0,0,31,1.0,1.0,1.0,0.0,1.853,0.0
1784381241.2103703,14509,0,0,31,1.0,1.0,1.0,0.0,1.854,0.0
1784381241.3085148,14519,0,0,31,1.0,1.0,1.0,0.0,1.854,0.0
1784381241.4058256,14529,0,0,31,1.0,1.0,1.0,0.0,1.854,0.0
1784381241.4931915,14539,0,0,31,1.0,1.0,1.0,0.0,1.854,0.0
1784381241.6388705,14549,0,0,31,1.0,1.0,1.0,0.0,1.854,0.0
1784381241.7740226,14559,0,0,31,1.0,1.0,1.0,0.0,1.854,0.0
1784381241.8661902,14569,0,0,31,1.0,1.0,1.0,0.0,1.855,0.0
1784381241.95674,14579,0,0,31,1.0,1.0,1.0,0.0,1.855,0.0
1784381242.0526807,14589,0,0,31,1.0,1.0,1.0,0.0,1.855,0.0
1784381242.133576,14599,0,0,31,1.0,1.0,1.0,0.0,1.855,0.0
1784381242.2200344,14609,0,0,31,1.0,1.0,1.0,0.0,1.856,0.0
1784381242.3006792,14619,0,0,31,1.0,1.0,1.0,0.0,1.856,0.0
1784381242.4008079,14629,0,0,31,1.0,1.0,1.0,0.0,1.856,0.0
1784381242.4864206,14639,0,0,31,1.0,1.0,1.0,0.0,1.856,0.0
1784381242.6111455,14649,0,0,31,1.0,1.0,1.0,0.0,1.857,0.0
1784381242.774658,14659,0,0,31,1.0,1.0,1.0,0.0,1.857,0.0
1784381242.9746351,14669,0,0,31,1.0,1.0,1.0,0.0,1.857,0.0
1784381243.0587707,14679,0,0,31,1.0,1.0,1.0,0.0,1.857,0.0
1784381243.1369498,14689,0,0,31,1.0,1.0,1.0,0.0,1.857,0.0
1784381243.204792,14699,0,0,31,1.0,1.0,1.0,0.0,1.858,0.0
1784381243.2813501,14709,0,0,31,1.0,1.0,1.0,0.0,1.858,0.0
1784381243.3772814,14719,0,0,31,1.0,1.0,1.0,0.0,1.858,0.0
1784381243.457256,14729,0,0,31,1.0,1.0,1.0,0.0,1.858,0.0
1784381243.6177657,14739,0,0,31,1.0,1.0,1.0,0.0,1.858,0.0
1784381243.787128,14749,0,0,31,1.0,1.0,1.0,0.0,1.859,0.0
1784381243.9156046,14759,0,0,31,1.0,1.0,1.0,0.0,1.859,0.0
1784381244.0118783,14769,0,0,31,1.0,1.0,1.0,0.0,1.859,0.0
1784381244.1106102,14779,0,0,31,1.0,1.0,1.0,0.0,1.859,0.0
1784381244.2331853,14789,0,0,31,1.0,1.0,1.0,0.0,1.859,0.0
1784381244.3078098,14799,0,0,31,1.0,1.0,1.0,0.0,1.86,0.0
1784381244.4112563,14809,0,0,31,1.0,1.0,1.0,0.0,1.86,0.0
1784381244.4984608,14819,0,0,31,1.0,1.0,1.0,0.0,1.86,0.0
1784381244.6311545,14829,0,0,31,1.0,1.0,1.0,0.0,1.86,0.0
1784381244.7441409,14839,0,0,31,1.0,1.0,1.0,0.0,1.86,0.0
1784381244.829949,14849,0,0,31,1.0,1.0,1.0,0.0,1.86,0.0
1784381244.946709,14859,0,0,31,1.0,1.0,1.0,0.0,1.86,0.0
1784381245.0988705,14869,0,0,31,1.0,1.0,1.0,0.0,1.861,0.0
1784381245.1960666,14879,0,0,31,1.0,1.0,1.0,0.0,1.861,0.0
1784381245.2805543,14889,0,0,31,1.0,1.0,1.0,0.0,1.861,0.0
1784381245.376001,14899,0,0,31,1.0,1.0,1.0,0.0,1.861,0.0
1784381245.4501474,14909,0,0,31,1.0,1.0,1.0,0.0,1.861,0.0
1784381245.5524025,14919,0,0,31,1.0,1.0,1.0,0.0,1.861,0.0
1784381245.7254581,14929,0,0,31,1.0,1.0,1.0,0.0,1.862,0.0
1784381245.860864,14939,0,0,31,1.0,1.0,1.0,0.0,1.862,0.0
1784381245.968734,14949,0,0,31,1.0,1.0,1.0,0.0,1.862,0.0
1784381246.0535648,14959,0,0,31,1.0,1.0,1.0,0.0,1.862,0.0
1784381246.132777,14969,0,0,31,1.0,1.0,1.0,0.0,1.862,0.0
1784381246.2259808,14979,0,0,31,1.0,1.0,1.0,0.0,1.863,0.0
1784381246.3189323,14989,0,0,31,1.0,1.0,1.0,0.0,1.863,0.0
1784381246.4066918,14999,0,0,31,1.0,1.0,1.0,0.0,1.863,0.0
1784381246.4882617,15009,0,0,31,1.0,1.0,1.0,0.0,1.863,0.0
1784381246.57662,15019,0,0,31,1.0,1.0,1.0,0.0,1.864,0.0
1784381246.6804345,15029,0,0,31,1.0,1.0,1.0,0.0,1.864,0.0
1784381246.8122494,15039,0,0,31,1.0,1.0,1.0,0.0,1.864,0.0
1784381246.91275,15049,0,0,31,1.0,1.0,1.0,0.0,1.864,0.0
1784381247.0127785,15059,0,0,31,1.0,1.0,1.0,0.0,1.864,0.0
1784381247.1433644,15069,0,0,31,1.0,1.0,1.0,0.0,1.865,0.0
1784381247.2324545,15079,0,0,31,1.0,1.0,1.0,0.0,1.865,0.0
1784381247.3351362,15089,0,0,31,1.0,1.0,1.0,0.0,1.865,0.0
1784381247.4005055,15099,0,0,31,1.0,1.0,1.0,0.0,1.865,0.0
1784381247.487466,15109,0,0,31,1.0,1.0,1.0,0.0,1.866,0.0
1784381247.5954692,15119,0,0,31,1.0,1.0,1.0,0.0,1.866,0.0
1784381247.6916916,15129,0,0,31,1.0,1.0,1.0,0.0,1.866,0.0
1784381247.893629,15139,0,0,31,1.0,1.0,1.0,0.0,1.867,0.0
1784381248.0075066,15149,0,0,31,1.0,1.0,1.0,0.0,1.867,0.0
1784381248.1144056,15159,0,0,31,1.0,1.0,1.0,0.0,1.867,0.0
1784381248.1823373,15169,0,0,31,1.0,1.0,1.0,0.0,1.867,0.0
1784381248.2631314,15179,0,0,31,1.0,1.0,1.0,0.0,1.868,0.0
1784381248.3339875,15189,0,0,31,1.0,1.0,1.0,0.0,1.868,0.0
1784381248.4505537,15199,0,0,31,1.0,1.0,1.0,0.0,1.868,0.0
1784381248.5543714,15209,0,0,31,1.0,1.0,1.0,0.0,1.869,0.0
1784381248.6471808,15219,0,0,31,1.0,1.0,1.0,0.0,1.869,0.0
1784381248.7760625,15229,0,0,31,1.0,1.0,1.0,0.0,1.869,0.0
1784381248.9117262,15239,0,0,31,1.0,1.0,1.0,0.0,1.87,0.0
1784381249.021067,15249,0,0,31,1.0,1.0,1.0,0.0,1.87,0.0
1784381249.1210692,15259,0,0,31,1.0,1.0,1.0,0.0,1.87,0.0
1784381249.3061714,15269,0,0,31,1.0,1.0,1.0,0.0,1.871,0.0
1784381249.3948724,15279,0,0,31,1.0,1.0,1.0,0.0,1.871,0.0
1784381249.4904776,15289,0,0,31,1.0,1.0,1.0,0.0,1.871,0.0
1784381249.5694892,15299,0,0,31,1.0,1.0,1.0,0.0,1.872,0.0
1784381249.6643825,15309,0,0,31,1.0,1.0,1.0,0.0,1.872,0.0
1784381249.7714174,15319,0,0,31,1.0,1.0,1.0,0.0,1.872,0.0
1784381249.8878756,15329,0,0,31,1.0,1.0,1.0,0.0,1.873,0.0
1784381249.9641435,15339,0,0,31,1.0,1.0,1.0,0.0,1.873,0.0
1784381250.0605803,15349,0,0,31,1.0,1.0,1.0,0.0,1.873,0.0
1784381250.1596432,15359,0,0,31,1.0,1.0,1.0,0.0,1.874,0.0
1784381250.2660534,15369,0,0,31,1.0,1.0,1.0,0.0,1.874,0.0
1784381250.3651998,15379,0,0,31,1.0,1.0,1.0,0.0,1.874,0.0
1784381250.4607155,15389,0,0,31,1.0,1.0,1.0,0.0,1.875,0.0
1784381250.5467358,15399,0,0,31,1.0,1.0,1.0,0.0,1.875,0.0
1784381250.6402934,15409,0,0,31,1.0,1.0,1.0,0.0,1.876,0.0
1784381250.7995164,15419,0,0,31,1.0,1.0,1.0,0.0,1.876,0.0
1784381250.9368777,15429,0,0,31,1.0,1.0,1.0,0.0,1.876,0.0
1784381251.039791,15439,0,0,31,1.0,1.0,1.0,0.0,1.877,0.0
1784381251.1307323,15449,0,0,31,1.0,1.0,1.0,0.0,1.877,0.0
1784381251.2300918,15459,0,0,31,1.0,1.0,1.0,0.0,1.878,0.0
1784381251.3724997,15469,0,0,31,1.0,1.0,1.0,0.0,1.878,0.0
1784381251.4679356,15479,0,0,31,1.0,1.0,1.0,0.0,1.879,0.0
1784381251.5430071,15489,0,0,31,1.0,1.0,1.0,0.0,1.879,0.0
1784381251.6357617,15499,0,0,31,1.0,1.0,1.0,0.0,1.879,0.0
1784381251.737374,15509,0,0,31,1.0,1.0,1.0,0.0,1.88,0.0
1784381251.8796384,15519,0,0,31,1.0,1.0,1.0,0.0,1.88,0.0
1784381251.9499192,15529,0,0,31,1.0,1.0,1.0,0.0,1.881,0.0
1784381252.0230484,15539,0,0,31,1.0,1.0,1.0,0.0,1.881,0.0
1784381252.0977008,15549,0,0,31,1.0,1.0,1.0,0.0,1.882,0.0
1784381252.1765532,15559,0,0,31,1.0,1.0,1.0,0.0,1.882,0.0
1784381252.257202,15569,0,0,31,1.0,1.0,1.0,0.0,1.883,0.0
1784381252.3532696,15579,0,0,31,1.0,1.0,1.0,0.0,1.883,0.0
1784381252.4337666,15589,0,0,31,1.0,1.0,1.0,0.0,1.883,0.0
1784381252.5348723,15599,0,0,31,1.0,1.0,1.0,0.0,1.884,0.0
1784381252.6214924,15609,0,0,31,1.0,1.0,1.0,0.0,1.884,0.0
1784381252.7062993,15619,0,0,31,1.0,1.0,1.0,0.0,1.885,0.0
1784381252.975996,15629,0,0,31,1.0,1.0,1.0,0.0,1.885,0.0
1784381253.0671058,15639,0,0,31,1.0,1.0,1.0,0.0,1.886,0.0
1784381253.1427014,15649,0,0,31,1.0,1.0,1.0,0.0,1.886,0.0
1784381253.2343874,15659,0,0,31,1.0,1.0,1.0,0.0,1.887,0.0
1784381253.3617036,15669,0,0,31,1.0,1.0,1.0,0.0,1.887,0.0
1784381253.4574523,15679,0,0,31,1.0,1.0,1.0,0.0,1.888,0.0
1784381253.5743022,15689,0,0,31,1.0,1.0,1.0,0.0,1.888,0.0
1784381253.6595938,15699,0,0,31,1.0,1.0,1.0,0.0,1.888,0.0
1784381253.7461774,15709,0,0,31,1.0,1.0,1.0,0.0,1.889,0.0
1784381253.9466798,15719,0,0,31,1.0,1.0,1.0,0.0,1.889,0.0
1784381254.065039,15729,0,0,31,1.0,1.0,1.0,0.0,1.89,0.0
1784381254.1686137,15739,0,0,31,1.0,1.0,1.0,0.0,1.89,0.0
1784381254.2606714,15749,0,0,31,1.0,1.0,1.0,0.0,1.891,0.0
1784381254.3490171,15759,0,0,31,1.0,1.0,1.0,0.0,1.891,0.0
1784381254.4209375,15769,0,0,31,1.0,1.0,1.0,0.0,1.892,0.0
1784381254.5119467,15779,0,0,31,1.0,1.0,1.0,0.0,1.892,0.0
1784381254.5926669,15789,0,0,31,1.0,1.0,1.0,0.0,1.893,0.0
1784381254.6654758,15799,0,0,31,1.0,1.0,1.0,0.0,1.893,0.0
1784381254.7906783,15809,0,0,31,1.0,1.0,1.0,0.0,1.894,0.0
1784381254.9906244,15819,0,0,31,1.0,1.0,1.0,0.0,1.894,0.0
1784381255.1182024,15829,0,0,31,1.0,1.0,1.0,0.0,1.895,0.0
1784381255.1898704,15839,0,0,31,1.0,1.0,1.0,0.0,1.895,0.0
1784381255.2655344,15849,0,0,31,1.0,1.0,1.0,0.0,1.896,0.0
1784381255.3544667,15859,0,0,31,1.0,1.0,1.0,0.0,1.896,0.0
1784381255.499119,15869,0,0,31,1.0,1.0,1.0,0.0,1.896,0.0
1784381255.586047,15879,0,0,31,1.0,1.0,1.0,0.0,1.897,0.0
1784381255.6789865,15889,0,0,31,1.0,1.0,1.0,0.0,1.897,0.0
1784381255.7656138,15899,0,0,31,1.0,1.0,1.0,0.0,1.898,0.0
1784381255.9001188,15909,0,0,31,1.0,1.0,1.0,0.0,1.898,0.0
1784381256.0548685,15919,0,0,31,1.0,1.0,1.0,0.0,1.899,0.0
1784381256.162932,15929,0,0,31,1.0,1.0,1.0,0.0,1.899,0.0
1784381256.254441,15939,0,0,31,1.0,1.0,1.0,0.0,1.9,0.0
1784381256.3520331,15949,0,0,31,1.0,1.0,1.0,0.0,1.9,0.0
1784381256.4488838,15959,0,0,31,1.0,1.0,1.0,0.0,1.901,0.0
1784381256.5416093,15969,0,0,31,1.0,1.0,1.0,0.0,1.901,0.0
1784381256.6203601,15979,0,0,31,1.0,1.0,1.0,0.0,1.902,0.0
1784381256.7339616,15989,0,0,31,1.0,1.0,1.0,0.0,1.902,0.0
1784381256.8325982,15999,0,0,31,1.0,1.0,1.0,0.0,1.903,0.0
1784381256.9718318,16009,0,0,31,1.0,1.0,1.0,0.0,1.903,0.0
1784381257.1230028,16019,0,0,31,1.0,1.0,1.0,0.0,1.903,0.0
1784381257.246357,16029,0,0,31,1.0,1.0,1.0,0.0,1.904,0.0
1784381257.355532,16039,0,0,31,1.0,1.0,1.0,0.0,1.904,0.0
1784381257.4582636,16049,0,0,31,1.0,1.0,1.0,0.0,1.905,0.0
1784381257.5339327,16059,0,0,31,1.0,1.0,1.0,0.0,1.905,0.0
1784381257.742422,16069,0,0,31,1.0,1.0,1.0,0.0,1.906,0.0
1784381257.8220232,16079,0,0,31,1.0,1.0,1.0,0.0,1.907,0.0
1784381257.9568717,16089,0,0,31,1.0,1.0,1.0,0.0,1.907,0.0
1784381258.0877008,16099,0,0,31,1.0,1.0,1.0,0.0,1.908,0.0
1784381258.1934052,16109,0,0,31,1.0,1.0,1.0,0.0,1.908,0.0
1784381258.3096313,16119,0,0,31,1.0,1.0,1.0,0.0,1.909,0.0
1784381258.3742185,16129,0,0,31,1.0,1.0,1.0,0.0,1.909,0.0
1784381258.463325,16139,0,0,31,1.0,1.0,1.0,0.0,1.91,0.0
1784381258.544587,16149,0,0,31,1.0,1.0,1.0,0.0,1.91,0.0
1784381258.6330857,16159,0,0,31,1.0,1.0,1.0,0.0,1.911,0.0
1784381258.7163017,16169,0,0,31,1.0,1.0,1.0,0.0,1.911,0.0
1784381258.8230994,16179,0,0,31,1.0,1.0,1.0,0.0,1.912,0.0
1784381258.9035141,16189,0,0,31,1.0,1.0,1.0,0.0,1.912,0.0
1784381259.0428526,16199,0,0,31,1.0,1.0,1.0,0.0,1.913,0.0
1784381259.1490018,16209,0,0,31,1.0,1.0,1.0,0.0,1.913,0.0
1784381259.2541478,16219,0,0,31,1.0,1.0,1.0,0.0,1.914,0.0
1784381259.3732007,16229,0,0,31,1.0,1.0,1.0,0.0,1.914,0.0
1784381259.4615738,16239,0,0,31,1.0,1.0,1.0,0.0,1.915,0.0
1784381259.5578597,16249,0,0,31,1.0,1.0,1.0,0.0,1.915,0.0
1784381259.663089,16259,0,0,31,1.0,1.0,1.0,0.0,1.916,0.0
1784381259.809502,16269,0,0,31,1.0,1.0,1.0,0.0,1.917,0.0
1784381259.904324,16279,0,0,31,1.0,1.0,1.0,0.0,1.917,0.0
1784381260.0683632,16289,0,0,31,1.0,1.0,1.0,0.0,1.918,0.0
1784381260.1602862,16299,0,0,31,1.0,1.0,1.0,0.0,1.918,0.0
1784381260.245677,16309,0,0,31,1.0,1.0,1.0,0.0,1.919,0.0
1784381260.3610682,16319,0,0,31,1.0,1.0,1.0,0.0,1.919,0.0
1784381260.4677167,16329,0,0,31,1.0,1.0,1.0,0.0,1.92,0.0
1784381260.5549536,16339,0,0,31,1.0,1.0,1.0,0.0,1.92,0.0
1784381260.665486,16349,0,0,31,1.0,1.0,1.0,0.0,1.921,0.0
1784381260.7737315,16359,0,0,31,1.0,1.0,1.0,0.0,1.921,0.0
1784381260.861011,16369,0,0,31,1.0,1.0,1.0,0.0,1.922,0.0
1784381260.954088,16379,0,0,31,1.0,1.0,1.0,0.0,1.923,0.0
1784381261.1428046,16389,0,0,31,1.0,1.0,1.0,0.0,1.923,0.0
1784381261.2369552,16399,0,0,31,1.0,1.0,1.0,0.0,1.923,0.0
1784381261.3491974,16409,0,0,31,1.0,1.0,1.0,0.0,1.923,0.0
1784381261.448025,16419,0,0,31,1.0,1.0,1.0,0.0,1.922,0.0
1784381261.5525763,16429,0,0,31,1.0,1.0,1.0,0.0,1.922,0.0
1784381261.628616,16439,0,0,31,1.0,1.0,1.0,0.0,1.921,0.0
1784381261.7129638,16449,0,0,31,1.0,1.0,1.0,0.0,1.92,0.0
1784381261.77547,16459,0,0,31,1.0,1.0,1.0,0.0,1.92,0.0
1784381261.9186473,16469,0,0,31,1.0,1.0,1.0,0.0,1.919,0.0
1784381262.0612166,16479,0,0,31,1.0,1.0,1.0,0.0,1.918,0.0
1784381262.184312,16489,0,0,31,1.0,1.0,1.0,0.0,1.918,0.0
1784381262.2734754,16499,0,0,31,1.0,1.0,1.0,0.0,1.917,0.0
1784381262.3622677,16509,0,0,31,1.0,1.0,1.0,0.0,1.916,0.0
1784381262.463347,16519,0,0,31,1.0,1.0,1.0,0.0,1.916,0.0
1784381262.5647833,16529,0,0,31,1.0,1.0,1.0,0.0,1.915,0.0
1784381262.6592784,16539,0,0,31,1.0,1.0,1.0,0.0,1.914,0.0
1784381262.7401004,16549,0,0,31,1.0,1.0,1.0,0.0,1.913,0.0
1784381262.826973,16559,0,0,31,1.0,1.0,1.0,0.0,1.913,0.0
1784381262.9403136,16569,0,0,31,1.0,1.0,1.0,0.0,1.913,0.0
1784381263.0272486,16579,0,0,31,1.0,1.0,1.0,0.0,1.913,0.0
1784381263.1753047,16589,0,0,31,1.0,1.0,1.0,0.0,1.913,0.0
1784381263.2963755,16599,0,0,31,1.0,1.0,1.0,0.0,1.913,0.0
1784381263.4092357,16609,0,0,31,1.0,1.0,1.0,0.0,1.913,0.0
1784381263.5064611,16619,0,0,31,1.0,1.0,1.0,0.0,1.913,0.0
1784381263.6344354,16629,0,0,31,1.0,1.0,1.0,0.0,1.913,0.0
1784381263.7180715,16639,0,0,31,1.0,1.0,1.0,0.0,1.913,0.0
1784381263.793751,16649,0,0,31,1.0,1.0,1.0,0.0,1.912,0.0
1784381263.8837724,16659,0,0,31,1.0,1.0,1.0,0.0,1.912,0.0
1784381264.0583787,16669,0,0,31,1.0,1.0,1.0,0.0,1.912,0.0
1784381264.1876464,16679,0,0,31,1.0,1.0,1.0,0.0,1.911,0.0
1784381264.3000505,16689,0,0,31,1.0,1.0,1.0,0.0,1.911,0.0
1784381264.3677845,16699,0,0,31,1.0,1.0,1.0,0.0,1.911,0.0
1784381264.4527807,16709,0,0,31,1.0,1.0,1.0,0.0,1.91,0.0
1784381264.5560987,16719,0,0,31,1.0,1.0,1.0,0.0,1.91,0.0
1784381264.6466613,16729,0,0,31,1.0,1.0,1.0,0.0,1.909,0.0
1784381264.728058,16739,0,0,31,1.0,1.0,1.0,0.0,1.909,0.0
1784381264.8150299,16749,0,0,31,1.0,1.0,1.0,0.0,1.908,0.0
1784381264.9108245,16759,0,0,31,1.0,1.0,1.0,0.0,1.908,0.0
1784381265.0019186,16769,0,0,31,1.0,1.0,1.0,0.0,1.907,0.0
1784381265.14467,16779,0,0,31,1.0,1.0,1.0,0.0,1.906,0.0
1784381265.3075957,16789,0,0,31,1.0,1.0,1.0,0.0,1.906,0.0
1784381265.429837,16799,0,0,31,1.0,1.0,1.0,0.0,1.905,0.0
1784381265.5453172,16809,0,0,31,1.0,1.0,1.0,0.0,1.905,0.0
1784381265.6182177,16819,0,0,31,1.0,1.0,1.0,0.0,1.904,0.0
1784381265.7025685,16829,0,0,31,1.0,1.0,1.0,0.0,1.904,0.0
1784381265.789082,16839,0,0,31,1.0,1.0,1.0,0.0,1.903,0.0
1784381265.8787253,16849,0,0,31,1.0,1.0,1.0,0.0,1.903,0.0
1784381265.9708982,16859,0,0,31,1.0,1.0,1.0,0.0,1.902,0.0
1784381266.1160245,16869,0,0,31,1.0,1.0,1.0,0.0,1.902,0.0
1784381266.2436547,16879,0,0,31,1.0,1.0,1.0,0.0,1.901,0.0
1784381266.3268006,16889,0,0,31,1.0,1.0,1.0,0.0,1.901,0.0
1784381266.4208922,16899,0,0,31,1.0,1.0,1.0,0.0,1.9,0.0
1784381266.5072896,16909,0,0,31,1.0,1.0,1.0,0.0,1.9,0.0
1784381266.6033401,16919,0,0,31,1.0,1.0,1.0,0.0,1.899,0.0
1784381266.7025778,16929,0,0,31,1.0,1.0,1.0,0.0,1.899,0.0
1784381266.7829535,16939,0,0,31,1.0,1.0,1.0,0.0,1.898,0.0
1784381266.8576062,16949,0,0,31,1.0,1.0,1.0,0.0,1.898,0.0
1784381266.950509,16959,0,0,31,1.0,1.0,1.0,0.0,1.897,0.0
1784381267.0354915,16969,0,0,31,1.0,1.0,1.0,0.0,1.897,0.0
1784381267.1277115,16979,0,0,31,1.0,1.0,1.0,0.0,1.896,0.0
1784381267.3172991,16989,0,0,31,1.0,1.0,1.0,0.0,1.896,0.0
1784381267.4425933,16999,0,0,31,1.0,1.0,1.0,0.0,1.895,0.0
1784381267.5201535,17009,0,0,31,1.0,1.0,1.0,0.0,1.895,0.0
1784381267.6232245,17019,0,0,31,1.0,1.0,1.0,0.0,1.895,0.0
1784381267.7347596,17029,0,0,31,1.0,1.0,1.0,0.0,1.894,0.0
1784381267.8274093,17039,0,0,31,1.0,1.0,1.0,0.0,1.894,0.0
1784381267.931942,17049,0,0,31,1.0,1.0,1.0,0.0,1.893,0.0
1784381268.0525825,17059,0,0,31,1.0,1.0,1.0,0.0,1.893,0.0
1784381268.2449317,17069,0,0,31,1.0,1.0,1.0,0.0,1.893,0.0
1784381268.3565679,17079,0,0,31,1.0,1.0,1.0,0.0,1.892,0.0
1784381268.4471056,17089,0,0,31,1.0,1.0,1.0,0.0,1.892,0.0
1784381268.517557,17099,0,0,31,1.0,1.0,1.0,0.0,1.891,0.0
1784381268.588861,17109,0,0,31,1.0,1.0,1.0,0.0,1.891,0.0
1784381268.6832159,17119,0,0,31,1.0,1.0,1.0,0.0,1.891,0.0
1784381268.7788136,17129,0,0,31,1.0,1.0,1.0,0.0,1.89,0.0
1784381268.8824496,17139,0,0,31,1.0,1.0,1.0,0.0,1.89,0.0
1784381268.9862862,17149,0,0,31,1.0,1.0,1.0,0.0,1.889,0.0
1784381269.0804918,17159,0,0,31,1.0,1.0,1.0,0.0,1.889,0.0
1784381269.1670213,17169,0,0,31,1.0,1.0,1.0,0.0,1.888,0.0
1784381269.3031833,17179,0,0,31,1.0,1.0,1.0,0.0,1.888,0.0
1784381269.4076564,17189,0,0,31,1.0,1.0,1.0,0.0,1.887,0.0
1784381269.4936378,17199,0,0,31,1.0,1.0,1.0,0.0,1.887,0.0
1784381269.5731332,17209,0,0,31,1.0,1.0,1.0,0.0,1.887,0.0
1784381269.6648421,17219,0,0,31,1.0,1.0,1.0,0.0,1.887,0.0
1784381269.7845373,17229,0,0,31,1.0,1.0,1.0,0.0,1.887,0.0
1784381269.8853223,17239,0,0,31,1.0,1.0,1.0,0.0,1.887,0.0
1784381269.9990063,17249,0,0,31,1.0,1.0,1.0,0.0,1.887,0.0
1784381270.1572695,17259,0,0,31,1.0,1.0,1.0,0.0,1.886,0.0
1784381270.413309,17269,0,0,31,1.0,1.0,1.0,0.0,1.886,0.0
1784381270.526736,17279,0,0,31,1.0,1.0,1.0,0.0,1.886,0.0
1784381270.6149702,17289,0,0,31,1.0,1.0,1.0,0.0,1.886,0.0
1784381270.6964517,17299,0,0,31,1.0,1.0,1.0,0.0,1.885,0.0
1784381270.7780528,17309,0,0,31,1.0,1.0,1.0,0.0,1.885,0.0
1784381270.865959,17319,0,0,31,1.0,1.0,1.0,0.0,1.885,0.0
1784381270.9606566,17329,0,0,31,1.0,1.0,1.0,0.0,1.885,0.0
1784381271.0339365,17339,0,0,31,1.0,1.0,1.0,0.0,1.884,0.0
1784381271.1134193,17349,0,0,31,1.0,1.0,1.0,0.0,1.884,0.0
1784381271.2271912,17359,0,0,31,1.0,1.0,1.0,0.0,1.883,0.0
1784381271.3742924,17369,0,0,31,1.0,1.0,1.0,0.0,1.883,0.0
1784381271.5082076,17379,0,0,31,1.0,1.0,1.0,0.0,1.882,0.0
1784381271.586145,17389,0,0,31,1.0,1.0,1.0,0.0,1.881,0.0
1784381271.6808808,17399,0,0,31,1.0,1.0,1.0,0.0,1.881,0.0
1784381271.7740152,17409,0,0,31,1.0,1.0,1.0,0.0,1.88,0.0
1784381271.8723779,17419,0,0,31,1.0,1.0,1.0,0.0,1.879,0.0
1784381271.9636188,17429,0,0,31,1.0,1.0,1.0,0.0,1.879,0.0
1784381272.0518095,17439,0,0,31,1.0,1.0,1.0,0.0,1.878,0.0
1784381272.1238942,17449,0,0,31,1.0,1.0,1.0,0.0,1.877,0.0
1784381272.2292957,17459,0,0,31,1.0,1.0,1.0,0.0,1.876,0.0
1784381272.4193559,17469,0,0,31,1.0,1.0,1.0,0.0,1.876,0.0
1784381272.5192938,17479,0,0,31,1.0,1.0,1.0,0.0,1.876,0.0
1784381272.5998597,17489,0,0,31,1.0,1.0,1.0,0.0,1.875,0.0
1784381272.673591,17499,0,0,31,1.0,1.0,1.0,0.0,1.875,0.0
1784381272.7431142,17509,0,0,31,1.0,1.0,1.0,0.0,1.875,0.0
1784381272.8328574,17519,0,0,31,1.0,1.0,1.0,0.0,1.875,0.0
1784381272.935646,17529,0,0,31,1.0,1.0,1.0,0.0,1.874,0.0
1784381273.0253694,17539,0,0,31,1.0,1.0,1.0,0.0,1.874,0.0
1784381273.1128876,17549,0,0,31,1.0,1.0,1.0,0.0,1.874,0.0
1784381273.2030525,17559,0,0,31,1.0,1.0,1.0,0.0,1.873,0.0
1784381273.327882,17569,0,0,31,1.0,1.0,1.0,0.0,1.873,0.0
1784381273.4095058,17579,0,0,31,1.0,1.0,1.0,0.0,1.872,0.0
1784381273.5013535,17589,0,0,31,1.0,1.0,1.0,0.0,1.872,0.0
1784381273.587685,17599,0,0,31,1.0,1.0,1.0,0.0,1.871,0.0
1784381273.7002013,17609,0,0,31,1.0,1.0,1.0,0.0,1.871,0.0
1784381273.7848995,17619,0,0,31,1.0,1.0,1.0,0.0,1.87,0.0
1784381273.8800476,17629,0,0,31,1.0,1.0,1.0,0.0,1.87,0.0
1784381273.9846263,17639,0,0,31,1.0,1.0,1.0,0.0,1.869,0.0
1784381274.0757692,17649,0,0,31,1.0,1.0,1.0,0.0,1.868,0.0
1784381274.1523004,17659,0,0,31,1.0,1.0,1.0,0.0,1.868,0.0
1784381274.3812172,17669,0,0,31,1.0,1.0,1.0,0.0,1.867,0.0
1784381274.5033653,17679,0,0,31,1.0,1.0,1.0,0.0,1.866,0.0
1784381274.6096928,17689,0,0,31,1.0,1.0,1.0,0.0,1.865,0.0
1784381274.7039664,17699,0,0,31,1.0,1.0,1.0,0.0,1.864,0.0
1784381274.7886097,17709,0,0,31,1.0,1.0,1.0,0.0,1.864,0.0
1784381274.8988311,17719,0,0,31,1.0,1.0,1.0,0.0,1.864,0.0
1784381275.006506,17729,0,0,31,1.0,1.0,1.0,0.0,1.864,0.0
1784381275.0677857,17739,0,0,31,1.0,1.0,1.0,0.0,1.864,0.0
1784381275.156508,17749,0,0,31,1.0,1.0,1.0,0.0,1.864,0.0
1784381275.2154567,17759,0,0,31,1.0,1.0,1.0,0.0,1.864,0.0
1784381275.3628464,17769,0,0,31,1.0,1.0,1.0,0.0,1.864,0.0
1784381275.5186243,17779,0,0,31,1.0,1.0,1.0,0.0,1.864,0.0
1784381275.6133869,17789,0,0,31,1.0,1.0,1.0,0.0,1.864,0.0
1784381275.7001698,17799,0,0,31,1.0,1.0,1.0,0.0,1.864,0.0
1784381275.8178883,17809,0,0,31,1.0,1.0,1.0,0.0,1.864,0.0
1784381275.8989515,17819,0,0,31,1.0,1.0,1.0,0.0,1.863,0.0
1784381275.9894562,17829,0,0,31,1.0,1.0,1.0,0.0,1.863,0.0
1784381276.0844119,17839,0,0,31,1.0,1.0,1.0,0.0,1.863,0.0
1784381276.170153,17849,0,0,31,1.0,1.0,1.0,0.0,1.863,0.0
1784381276.2751293,17859,0,0,31,1.0,1.0,1.0,0.0,1.862,0.0
1784381276.4808686,17869,0,0,31,1.0,1.0,1.0,0.0,1.862,0.0
1784381276.5856843,17879,0,0,31,1.0,1.0,1.0,0.0,1.861,0.0
1784381276.6723533,17889,0,0,31,1.0,1.0,1.0,0.0,1.861,0.0
1784381276.7585404,17899,0,0,31,1.0,1.0,1.0,0.0,1.86,0.0
1784381276.8550603,17909,0,0,31,1.0,1.0,1.0,0.0,1.859,0.0
1784381276.9530742,17919,0,0,31,1.0,1.0,1.0,0.0,1.859,0.0
1784381277.0356126,17929,0,0,31,1.0,1.0,1.0,0.0,1.858,0.0
1784381277.1119702,17939,0,0,31,1.0,1.0,1.0,0.0,1.857,0.0
1784381277.182367,17949,0,0,31,1.0,1.0,1.0,0.0,1.856,0.0
1784381277.2835326,17959,0,0,31,1.0,1.0,1.0,0.0,1.855,0.0
1784381277.4233015,17969,0,0,31,1.0,1.0,1.0,0.0,1.855,0.0
1784381277.5202572,17979,0,0,31,1.0,1.0,1.0,0.0,1.854,0.0
1784381277.6115844,17989,0,0,31,1.0,1.0,1.0,0.0,1.854,0.0
1784381277.7023332,17999,0,0,31,1.0,1.0,1.0,0.0,1.854,0.0
1784381277.7882059,18009,0,0,31,1.0,1.0,1.0,0.0,1.854,0.0
1784381277.8782256,18019,0,0,31,1.0,1.0,1.0,0.0,1.854,0.0
1784381277.9548368,18029,0,0,31,1.0,1.0,1.0,0.0,1.854,0.0
1784381278.0601974,18039,0,0,31,1.0,1.0,1.0,0.0,1.854,0.0
1784381278.1419878,18049,0,0,31,1.0,1.0,1.0,0.0,1.853,0.0
1784381278.2279744,18059,0,0,31,1.0,1.0,1.0,0.0,1.853,0.0
1784381278.3591638,18069,0,0,31,1.0,1.0,1.0,0.0,1.853,0.0
1784381278.4919758,18079,0,0,31,1.0,1.0,1.0,0.0,1.852,0.0
1784381278.6152642,18089,0,0,31,1.0,1.0,1.0,0.0,1.852,0.0
1784381278.7197373,18099,0,0,31,1.0,1.0,1.0,0.0,1.851,0.0
1784381278.7994792,18109,0,0,31,1.0,1.0,1.0,0.0,1.851,0.0
1784381278.8795898,18119,0,0,31,1.0,1.0,1.0,0.0,1.85,0.0
1784381278.9767833,18129,0,0,31,1.0,1.0,1.0,0.0,1.849,0.0
1784381279.0605612,18139,0,0,31,1.0,1.0,1.0,0.0,1.849,0.0
1784381279.1794722,18149,0,0,31,1.0,1.0,1.0,0.0,1.848,0.0
1784381279.2985644,18159,0,0,31,1.0,1.0,1.0,0.0,1.847,0.0
1784381279.3981357,18169,0,0,31,1.0,1.0,1.0,0.0,1.847,0.0
1784381279.5583563,18179,0,0,31,1.0,1.0,1.0,0.0,1.846,0.0
1784381279.6755977,18189,0,0,31,1.0,1.0,1.0,0.0,1.845,0.0
1784381279.7957041,18199,0,0,31,1.0,1.0,1.0,0.0,1.845,0.0
1784381279.902821,18209,0,0,31,1.0,1.0,1.0,0.0,1.844,0.0
1784381280.015714,18219,0,0,31,1.0,1.0,1.0,0.0,1.843,0.0
1784381280.1016996,18229,0,0,31,1.0,1.0,1.0,0.0,1.843,0.0
1784381280.1662073,18239,0,0,31,1.0,1.0,1.0,0.0,1.843,0.0
1784381280.2601175,18249,0,0,31,1.0,1.0,1.0,0.0,1.843,0.0
1784381280.3652883,18259,0,0,31,1.0,1.0,1.0,0.0,1.843,0.0
1784381280.5253284,18269,0,0,31,1.0,1.0,1.0,0.0,1.842,0.0
1784381280.6853166,18279,0,0,31,1.0,1.0,1.0,0.0,1.842,0.0
1784381280.7777083,18289,0,0,31,1.0,1.0,1.0,0.0,1.842,0.0
1784381280.8901358,18299,0,0,31,1.0,1.0,1.0,0.0,1.842,0.0
1784381281.0052047,18309,0,0,31,1.0,1.0,1.0,0.0,1.842,0.0
1784381281.1021855,18319,0,0,31,1.0,1.0,1.0,0.0,1.842,0.0
1784381281.1858253,18329,0,0,31,1.0,1.0,1.0,0.0,1.841,0.0
1784381281.3024995,18339,0,0,31,1.0,1.0,1.0,0.0,1.841,0.0
1784381281.452497,18349,0,0,31,1.0,1.0,1.0,0.0,1.841,0.0
1784381281.5660253,18359,0,0,31,1.0,1.0,1.0,0.0,1.84,0.0
1784381281.665737,18369,0,0,31,1.0,1.0,1.0,0.0,1.84,0.0
1784381281.7575953,18379,0,0,31,1.0,1.0,1.0,0.0,1.84,0.0
1784381281.8502722,18389,0,0,31,1.0,1.0,1.0,0.0,1.839,0.0
1784381281.9581947,18399,0,0,31,1.0,1.0,1.0,0.0,1.839,0.0
1784381282.0641856,18409,0,0,31,1.0,1.0,1.0,0.0,1.838,0.0
1784381282.148477,18419,0,0,31,1.0,1.0,1.0,0.0,1.838,0.0
1784381282.2409117,18429,0,0,31,1.0,1.0,1.0,0.0,1.837,0.0
1784381282.324203,18439,0,0,31,1.0,1.0,1.0,0.0,1.837,0.0
1784381282.4212751,18449,0,0,31,1.0,1.0,1.0,0.0,1.836,0.0
1784381282.5407217,18459,0,0,31,1.0,1.0,1.0,0.0,1.836,0.0
1784381282.7433567,18469,0,0,31,1.0,1.0,1.0,0.0,1.835,0.0
1784381282.8300524,18479,0,0,31,1.0,1.0,1.0,0.0,1.834,0.0
1784381282.9000652,18489,0,0,31,1.0,1.0,1.0,0.0,1.834,0.0
1784381282.9966414,18499,0,0,31,1.0,1.0,1.0,0.0,1.834,0.0
1784381283.0910378,18509,0,0,31,1.0,1.0,1.0,0.0,1.834,0.0
1784381283.191425,18519,0,0,31,1.0,1.0,1.0,0.0,1.834,0.0
1784381283.2875838,18529,0,0,31,1.0,1.0,1.0,0.0,1.834,0.0
1784381283.3870573,18539,0,0,31,1.0,1.0,1.0,0.0,1.834,0.0
1784381283.4908109,18549,0,0,31,1.0,1.0,1.0,0.0,1.834,0.0
1784381283.6684825,18559,0,0,31,1.0,1.0,1.0,0.0,1.834,0.0
1784381283.7649662,18569,0,0,31,1.0,1.0,1.0,0.0,1.834,0.0
1784381283.8459053,18579,0,0,31,1.0,1.0,1.0,0.0,1.834,0.0
1784381283.9783905,18589,0,0,31,1.0,1.0,1.0,0.0,1.834,0.0
1784381284.0699992,18599,0,0,31,1.0,1.0,1.0,0.0,1.834,0.0
1784381284.175863,18609,0,0,31,1.0,1.0,1.0,0.0,1.834,0.0
1784381284.285897,18619,0,0,31,1.0,1.0,1.0,0.0,1.833,0.0
1784381284.382343,18629,0,0,31,1.0,1.0,1.0,0.0,1.833,0.0
1784381284.52582,18639,0,0,31,1.0,1.0,1.0,0.0,1.833,0.0
1784381284.7172089,18649,0,0,31,1.0,1.0,1.0,0.0,1.833,0.0
1784381284.8085492,18659,0,0,31,1.0,1.0,1.0,0.0,1.833,0.0
1784381284.9222605,18669,0,0,31,1.0,1.0,1.0,0.0,1.832,0.0
1784381285.0446637,18679,0,0,31,1.0,1.0,1.0,0.0,1.832,0.0
1784381285.1382377,18689,0,0,31,1.0,1.0,1.0,0.0,1.832,0.0
1784381285.2638535,18699,0,0,31,1.0,1.0,1.0,0.0,1.832,0.0
1784381285.3548927,18709,0,0,31,1.0,1.0,1.0,0.0,1.832,0.0
1784381285.4261875,18719,0,0,31,1.0,1.0,1.0,0.0,1.831,0.0
1784381285.574688,18729,0,0,31,1.0,1.0,1.0,0.0,1.831,0.0
1784381285.7235236,18739,0,0,31,1.0,1.0,1.0,0.0,1.831,0.0
1784381285.8519626,18749,0,0,31,1.0,1.0,1.0,0.0,1.831,0.0
1784381285.956005,18759,0,0,31,1.0,1.0,1.0,0.0,1.831,0.0
1784381286.0413294,18769,0,0,31,1.0,1.0,1.0,0.0,1.831,0.0
1784381286.1143317,18779,0,0,31,1.0,1.0,1.0,0.0,1.83,0.0
1784381286.2239687,18789,0,0,31,1.0,1.0,1.0,0.0,1.83,0.0
1784381286.3123138,18799,0,0,31,1.0,1.0,1.0,0.0,1.83,0.0
1784381286.3951542,18809,0,0,31,1.0,1.0,1.0,0.0,1.83,0.0
1784381286.4871101,18819,0,0,31,1.0,1.0,1.0,0.0,1.83,0.0
1784381286.6943004,18829,0,0,31,1.0,1.0,1.0,0.0,1.83,0.0
1784381286.8205621,18839,0,0,31,1.0,1.0,1.0,0.0,1.83,0.0
1784381286.8994703,18849,0,0,31,1.0,1.0,1.0,0.0,1.829,0.0
1784381287.0081644,18859,0,0,31,1.0,1.0,1.0,0.0,1.829,0.0
1784381287.1223392,18869,0,0,31,1.0,1.0,1.0,0.0,1.829,0.0
1784381287.2048285,18879,0,0,31,1.0,1.0,1.0,0.0,1.829,0.0
1784381287.3015316,18889,0,0,31,1.0,1.0,1.0,0.0,1.829,0.0
1784381287.3890593,18899,0,0,31,1.0,1.0,1.0,0.0,1.829,0.0
1784381287.4674792,18909,0,0,31,1.0,1.0,1.0,0.0,1.829,0.0
1784381287.5689962,18919,0,0,31,1.0,1.0,1.0,0.0,1.829,0.0
1784381287.8875067,18929,0,0,31,1.0,1.0,1.0,0.0,1.828,0.0
1784381287.9965594,18939,0,0,31,1.0,1.0,1.0,0.0,1.828,0.0
1784381288.1021898,18949,0,0,31,1.0,1.0,1.0,0.0,1.828,0.0
1784381288.2198365,18959,0,0,31,1.0,1.0,1.0,0.0,1.828,0.0
1784381288.2958372,18969,0,0,31,1.0,1.0,1.0,0.0,1.828,0.0
1784381288.382992,18979,0,0,31,1.0,1.0,1.0,0.0,1.828,0.0
1784381288.471474,18989,0,0,31,1.0,1.0,1.0,0.0,1.828,0.0
1784381288.5494573,18999,0,0,31,1.0,1.0,1.0,0.0,1.828,0.0
1784381288.6760113,19009,0,0,31,1.0,1.0,1.0,0.0,1.828,0.0
1784381288.814432,19019,0,0,31,1.0,1.0,1.0,0.0,1.828,0.0
1784381288.9024582,19029,0,0,31,1.0,1.0,1.0,0.0,1.828,0.0
1784381289.0064726,19039,0,0,31,1.0,1.0,1.0,0.0,1.827,0.0
1784381289.1146452,19049,0,0,31,1.0,1.0,1.0,0.0,1.827,0.0
1784381289.2030935,19059,0,0,31,1.0,1.0,1.0,0.0,1.827,0.0
1784381289.3308902,19069,0,0,31,1.0,1.0,1.0,0.0,1.827,0.0
1784381289.4005778,19079,0,0,31,1.0,1.0,1.0,0.0,1.827,0.0
1784381289.489975,19089,0,0,31,1.0,1.0,1.0,0.0,1.827,0.0
1784381289.6134548,19099,0,0,31,1.0,1.0,1.0,0.0,1.827,0.0
1784381289.7705867,19109,0,0,31,1.0,1.0,1.0,0.0,1.827,0.0
1784381289.9116788,19119,0,0,31,1.0,1.0,1.0,0.0,1.827,0.0
1784381290.0159724,19129,0,0,31,1.0,1.0,1.0,0.0,1.827,0.0
1784381290.1280317,19139,0,0,31,1.0,1.0,1.0,0.0,1.827,0.0
1784381290.2074633,19149,0,0,31,1.0,1.0,1.0,0.0,1.827,0.0
1784381290.285419,19159,0,0,31,1.0,1.0,1.0,0.0,1.827,0.0
1784381290.3628278,19169,0,0,31,1.0,1.0,1.0,0.0,1.827,0.0
1784381290.4442852,19179,0,0,31,1.0,1.0,1.0,0.0,1.827,0.0
1784381290.5414786,19189,0,0,31,1.0,1.0,1.0,0.0,1.827,0.0
1784381290.6744528,19199,0,0,31,1.0,1.0,1.0,0.0,1.827,0.0
1784381290.804317,19209,0,0,31,1.0,1.0,1.0,0.0,1.827,0.0
1784381290.8837903,19219,0,0,31,1.0,1.0,1.0,0.0,1.827,0.0
1784381290.9568655,19229,0,0,31,1.0,1.0,1.0,0.0,1.827,0.0
1784381291.0479748,19239,0,0,31,1.0,1.0,1.0,0.0,1.827,0.0
1784381291.1218784,19249,0,0,31,1.0,1.0,1.0,0.0,1.827,0.0
1784381291.1940656,19259,0,0,31,1.0,1.0,1.0,0.0,1.827,0.0
1784381291.3507714,19269,0,0,31,1.0,1.0,1.0,0.0,1.827,0.0
1784381291.4229226,19279,0,0,31,1.0,1.0,1.0,0.0,1.827,0.0
1784381291.487967,19289,0,0,31,1.0,1.0,1.0,0.0,1.827,0.0
1784381291.5561218,19299,0,0,31,1.0,1.0,1.0,0.0,1.827,0.0
1784381291.659084,19309,0,0,31,1.0,1.0,1.0,0.0,1.827,0.0
1784381291.8471758,19319,0,0,31,1.0,1.0,1.0,0.0,1.827,0.0
1784381292.0046682,19329,0,0,31,1.0,1.0,1.0,0.0,1.827,0.0
1784381292.1055677,19339,0,0,31,1.0,1.0,1.0,0.0,1.827,0.0
1784381292.1860774,19349,0,0,31,1.0,1.0,1.0,0.0,1.827,0.0
1784381292.24921,19359,0,0,31,1.0,1.0,1.0,0.0,1.827,0.0
1784381292.343123,19369,0,0,31,1.0,1.0,1.0,0.0,1.827,0.0
1784381292.4352605,19379,0,0,31,1.0,1.0,1.0,0.0,1.827,0.0
1784381292.550558,19389,0,0,31,1.0,1.0,1.0,0.0,1.827,0.0
1784381292.6461878,19399,0,0,31,1.0,1.0,1.0,0.0,1.827,0.0
1784381292.7597733,19409,0,0,31,1.0,1.0,1.0,0.0,1.827,0.0
1784381292.8688576,19419,0,0,31,1.0,1.0,1.0,0.0,1.827,0.0
1784381292.935216,19429,0,0,31,1.0,1.0,1.0,0.0,1.827,0.0
1784381292.998019,19439,0,0,31,1.0,1.0,1.0,0.0,1.827,0.0
1784381293.085546,19449,0,0,31,1.0,1.0,1.0,0.0,1.827,0.0
1784381293.150014,19459,0,0,31,1.0,1.0,1.0,0.0,1.827,0.0
1784381293.2876763,19469,0,0,31,1.0,1.0,1.0,0.0,1.827,0.0
1784381293.3692992,19479,0,0,31,1.0,1.0,1.0,0.0,1.827,0.0
1784381293.4502606,19489,0,0,31,1.0,1.0,1.0,0.0,1.827,0.0
1784381293.5366733,19499,0,0,31,1.0,1.0,1.0,0.0,1.827,0.0
1784381293.6337252,19509,0,0,31,1.0,1.0,1.0,0.0,1.827,0.0
1784381293.7273574,19519,0,0,31,1.0,1.0,1.0,0.0,1.827,0.0
1784381293.8735523,19529,0,0,31,1.0,1.0,1.0,0.0,1.827,0.0
1784381293.978813,19539,0,0,31,1.0,1.0,1.0,0.0,1.827,0.0
1784381294.0932982,19549,0,0,31,1.0,1.0,1.0,0.0,1.827,0.0
1784381294.1632307,19559,0,0,31,1.0,1.0,1.0,0.0,1.827,0.0
1784381294.215011,19569,0,0,31,1.0,1.0,1.0,0.0,1.827,0.0
1784381294.28798,19579,0,0,31,1.0,1.0,1.0,0.0,1.827,0.0
1784381294.3758748,19589,0,0,31,1.0,1.0,1.0,0.0,1.827,0.0
1784381294.453331,19599,0,0,31,1.0,1.0,1.0,0.0,1.828,0.0
1784381294.5454364,19609,0,0,31,1.0,1.0,1.0,0.0,1.828,0.0
1784381294.6292276,19619,0,0,31,1.0,1.0,1.0,0.0,1.828,0.0
1784381294.7335255,19629,0,0,31,1.0,1.0,1.0,0.0,1.828,0.0
1784381294.8512821,19639,0,0,31,1.0,1.0,1.0,0.0,1.828,0.0
1784381294.924424,19649,0,0,31,1.0,1.0,1.0,0.0,1.828,0.0
1784381295.001763,19659,0,0,31,1.0,1.0,1.0,0.0,1.828,0.0
1784381295.1205332,19669,0,0,31,1.0,1.0,1.0,0.0,1.828,0.0
1784381295.1913545,19679,0,0,31,1.0,1.0,1.0,0.0,1.828,0.0
1784381295.281951,19689,0,0,31,1.0,1.0,1.0,0.0,1.828,0.0
1784381295.3478992,19699,0,0,31,1.0,1.0,1.0,0.0,1.828,0.0
1784381295.4073117,19709,0,0,31,1.0,1.0,1.0,0.0,1.828,0.0
1784381295.5116081,19719,0,0,31,1.0,1.0,1.0,0.0,1.829,0.0
1784381295.5927992,19729,0,0,31,1.0,1.0,1.0,0.0,1.829,0.0
1784381295.693204,19739,0,0,31,1.0,1.0,1.0,0.0,1.829,0.0
1784381295.7688737,19749,0,0,31,1.0,1.0,1.0,0.0,1.829,0.0
1784381295.838079,19759,0,0,31,1.0,1.0,1.0,0.0,1.829,0.0
1784381295.914237,19769,0,0,31,1.0,1.0,1.0,0.0,1.829,0.0
1784381295.997123,19779,0,0,31,1.0,1.0,1.0,0.0,1.829,0.0
1784381296.0833101,19789,0,0,31,1.0,1.0,1.0,0.0,1.829,0.0
1784381296.1513243,19799,0,0,31,1.0,1.0,1.0,0.0,1.829,0.0
1784381296.2324784,19809,0,0,31,1.0,1.0,1.0,0.0,1.829,0.0
1784381296.3328242,19819,0,0,31,1.0,1.0,1.0,0.0,1.83,0.0
1784381296.4443374,19829,0,0,31,1.0,1.0,1.0,0.0,1.83,0.0
1784381296.545824,19839,0,0,31,1.0,1.0,1.0,0.0,1.83,0.0
1784381296.605244,19849,0,0,31,1.0,1.0,1.0,0.0,1.83,0.0
1784381296.684862,19859,0,0,31,1.0,1.0,1.0,0.0,1.83,0.0
1784381296.8360407,19869,0,0,31,1.0,1.0,1.0,0.0,1.83,0.0
1784381296.943486,19879,0,0,31,1.0,1.0,1.0,0.0,1.83,0.0
1784381297.0924838,19889,0,0,31,1.0,1.0,1.0,0.0,1.831,0.0
1784381297.1955118,19899,0,0,31,1.0,1.0,1.0,0.0,1.831,0.0
1784381297.2828472,19909,0,0,31,1.0,1.0,1.0,0.0,1.831,0.0
1784381297.366071,19919,0,0,31,1.0,1.0,1.0,0.0,1.831,0.0
1784381297.4483473,19929,0,0,31,1.0,1.0,1.0,0.0,1.831,0.0
1784381297.5517836,19939,0,0,31,1.0,1.0,1.0,0.0,1.831,0.0
1784381297.6556547,19949,0,0,31,1.0,1.0,1.0,0.0,1.831,0.0
1784381297.731318,19959,0,0,31,1.0,1.0,1.0,0.0,1.831,0.0
1784381297.7968485,19969,0,0,31,1.0,1.0,1.0,0.0,1.831,0.0
1784381297.851235,19979,0,0,31,1.0,1.0,1.0,0.0,1.832,0.0
1784381297.9140275,19989,0,0,31,1.0,1.0,1.0,0.0,1.832,0.0
1784381297.967266,19999,0,0,31,1.0,1.0,1.0,0.0,1.832,0.0
1784381298.0243049,20009,0,0,31,1.0,1.0,1.0,0.0,1.832,0.0
1784381298.0709348,20019,0,0,31,1.0,1.0,1.0,0.0,1.832,0.0
1784381298.1433415,20029,0,0,31,1.0,1.0,1.0,0.0,1.832,0.0
1784381298.1849627,20039,0,0,31,1.0,1.0,1.0,0.0,1.832,0.0
1784381298.2404802,20049,0,0,31,1.0,1.0,1.0,0.0,1.832,0.0
1784381298.2819958,20059,0,0,31,1.0,1.0,1.0,0.0,1.833,0.0
1784381298.339781,20069,0,0,31,1.0,1.0,1.0,0.0,1.833,0.0
1784381298.3851342,20079,0,0,31,1.0,1.0,1.0,0.0,1.833,0.0
1784381298.4317944,20089,0,0,31,1.0,1.0,1.0,0.0,1.833,0.0
1784381298.4836314,20099,0,0,31,1.0,1.0,1.0,0.0,1.833,0.0
1784381298.52785,20109,0,0,31,1.0,1.0,1.0,0.0,1.833,0.0
1784381298.5886884,20119,0,0,31,1.0,1.0,1.0,0.0,1.834,0.0
1784381298.6373818,20129,0,0,31,1.0,1.0,1.0,0.0,1.834,0.0
1784381298.6907892,20139,0,0,31,1.0,1.0,1.0,0.0,1.834,0.0
1784381298.7431617,20149,0,0,31,1.0,1.0,1.0,0.0,1.834,0.0
1784381298.7960265,20159,0,0,31,1.0,1.0,1.0,0.0,1.834,0.0
1784381298.8445756,20169,0,0,31,1.0,1.0,1.0,0.0,1.834,0.0
1784381298.9059622,20179,0,0,31,1.0,1.0,1.0,0.0,1.834,0.0
1784381298.9850283,20189,0,0,31,1.0,1.0,1.0,0.0,1.834,0.0
1784381299.034958,20199,0,0,31,1.0,1.0,1.0,0.0,1.834,0.0
1784381299.115088,20209,0,0,31,1.0,1.0,1.0,0.0,1.834,0.0
1784381299.1962578,20219,0,0,31,1.0,1.0,1.0,0.0,1.835,0.0
1784381299.254146,20229,0,0,31,1.0,1.0,1.0,0.0,1.835,0.0
1784381299.3112714,20239,0,0,31,1.0,1.0,1.0,0.0,1.835,0.0
1784381299.373005,20249,0,0,31,1.0,1.0,1.0,0.0,1.835,0.0
1784381299.4304976,20259,0,0,31,1.0,1.0,1.0,0.0,1.835,0.0
1784381299.5008729,20269,0,0,31,1.0,1.0,1.0,0.0,1.835,0.0
1784381299.5669675,20279,0,0,31,1.0,1.0,1.0,0.0,1.835,0.0
1784381299.6352897,20289,0,0,31,1.0,1.0,1.0,0.0,1.835,0.0
1784381299.6811283,20299,0,0,31,1.0,1.0,1.0,0.0,1.835,0.0
1784381299.7374752,20309,0,0,31,1.0,1.0,1.0,0.0,1.836,0.0
1784381299.7887926,20319,0,0,31,1.0,1.0,1.0,0.0,1.836,0.0
1784381299.8648772,20329,0,0,31,1.0,1.0,1.0,0.0,1.836,0.0
1784381299.9167573,20339,0,0,31,1.0,1.0,1.0,0.0,1.836,0.0
1784381299.9650621,20349,0,0,31,1.0,1.0,1.0,0.0,1.836,0.0
1784381300.0171459,20359,0,0,31,1.0,1.0,1.0,0.0,1.836,0.0
1784381300.086019,20369,0,0,31,1.0,1.0,1.0,0.0,1.836,0.0
1784381300.1499033,20379,0,0,31,1.0,1.0,1.0,0.0,1.836,0.0
1784381300.2073922,20389,0,0,31,1.0,1.0,1.0,0.0,1.836,0.0
1784381300.2549493,20399,0,0,31,1.0,1.0,1.0,0.0,1.836,0.0
1784381300.3217483,20409,0,0,31,1.0,1.0,1.0,0.0,1.836,0.0
1784381300.3713388,20419,0,0,31,1.0,1.0,1.0,0.0,1.836,0.0
1784381300.4361043,20429,0,0,31,1.0,1.0,1.0,0.0,1.836,0.0
1784381300.4986944,20439,0,0,31,1.0,1.0,1.0,0.0,1.836,0.0
1784381300.550594,20449,0,0,31,1.0,1.0,1.0,0.0,1.835,0.0
1784381300.621047,20459,0,0,31,1.0,1.0,1.0,0.0,1.835,0.0
1784381300.7003767,20469,0,0,31,1.0,1.0,1.0,0.0,1.835,0.0
1784381300.7457325,20479,0,0,31,1.0,1.0,1.0,0.0,1.835,0.0
1784381300.8029444,20489,0,0,31,1.0,1.0,1.0,0.0,1.834,0.0
1784381300.857644,20499,0,0,31,1.0,1.0,1.0,0.0,1.834,0.0
1784381300.9296346,20509,0,0,31,1.0,1.0,1.0,0.0,1.834,0.0
1784381301.0114906,20519,0,0,31,1.0,1.0,1.0,0.0,1.833,0.0
1784381301.0875943,20529,0,0,31,1.0,1.0,1.0,0.0,1.833,0.0
1784381301.1502154,20539,0,0,31,1.0,1.0,1.0,0.0,1.833,0.0
1784381301.2015002,20549,0,0,31,1.0,1.0,1.0,0.0,1.832,0.0
1784381301.2553484,20559,0,0,31,1.0,1.0,1.0,0.0,1.832,0.0
1784381301.3125896,20569,0,0,31,1.0,1.0,1.0,0.0,1.831,0.0
1784381301.366217,20579,0,0,31,1.0,1.0,1.0,0.0,1.831,0.0
1784381301.4156048,20589,0,0,31,1.0,1.0,1.0,0.0,1.83,0.0
1784381301.4642527,20599,0,0,31,1.0,1.0,1.0,0.0,1.83,0.0
1784381301.5194204,20609,0,0,31,1.0,1.0,1.0,0.0,1.829,0.0
1784381301.575404,20619,0,0,31,1.0,1.0,1.0,0.0,1.829,0.0
1784381301.6275375,20629,0,0,31,1.0,1.0,1.0,0.0,1.828,0.0
1784381301.6924636,20639,0,0,31,1.0,1.0,1.0,0.0,1.828,0.0
1784381301.7576082,20649,0,0,31,1.0,1.0,1.0,0.0,1.827,0.0
1784381301.8204951,20659,0,0,31,1.0,1.0,1.0,0.0,1.826,0.0
1784381301.9139128,20669,0,0,31,1.0,1.0,1.0,0.0,1.826,0.0
1784381301.9845288,20679,0,0,31,1.0,1.0,1.0,0.0,1.825,0.0
1784381302.0466502,20689,0,0,31,1.0,1.0,1.0,0.0,1.825,0.0
1784381302.1151633,20699,0,0,31,1.0,1.0,1.0,0.0,1.824,0.0
1784381302.1712146,20709,0,0,31,1.0,1.0,1.0,0.0,1.824,0.0
1784381302.2297761,20719,0,0,31,1.0,1.0,1.0,0.0,1.824,0.0
1784381302.2774816,20729,0,0,31,1.0,1.0,1.0,0.0,1.824,0.0
1784381302.3420722,20739,0,0,31,1.0,1.0,1.0,0.0,1.824,0.0
1784381302.4042225,20749,0,0,31,1.0,1.0,1.0,0.0,1.824,0.0
1784381302.4769168,20759,0,0,31,1.0,1.0,1.0,0.0,1.824,0.0
1784381302.5417793,20769,0,0,31,1.0,1.0,1.0,0.0,1.824,0.0
1784381302.5858998,20779,0,0,31,1.0,1.0,1.0,0.0,1.824,0.0
1784381302.6475492,20789,0,0,31,1.0,1.0,1.0,0.0,1.823,0.0
1784381302.711808,20799,0,0,31,1.0,1.0,1.0,0.0,1.823,0.0
1784381302.779967,20809,0,0,31,1.0,1.0,1.0,0.0,1.823,0.0
1784381302.858463,20819,0,0,31,1.0,1.0,1.0,0.0,1.823,0.0
1784381302.959036,20829,0,0,31,1.0,1.0,1.0,0.0,1.823,0.0
1784381303.025155,20839,0,0,31,1.0,1.0,1.0,0.0,1.822,0.0
1784381303.0890393,20849,0,0,31,1.0,1.0,1.0,0.0,1.822,0.0
1784381303.172359,20859,0,0,31,1.0,1.0,1.0,0.0,1.822,0.0
1784381303.2559748,20869,0,0,31,1.0,1.0,1.0,0.0,1.821,0.0
1784381303.3191323,20879,0,0,31,1.0,1.0,1.0,0.0,1.821,0.0
1784381303.395071,20889,0,0,31,1.0,1.0,1.0,0.0,1.821,0.0
1784381303.4661534,20899,0,0,31,1.0,1.0,1.0,0.0,1.82,0.0
1784381303.523748,20909,0,0,31,1.0,1.0,1.0,0.0,1.82,0.0
1784381303.6052067,20919,0,0,31,1.0,1.0,1.0,0.0,1.82,0.0
1784381303.6662478,20929,0,0,31,1.0,1.0,1.0,0.0,1.819,0.0
1784381303.715399,20939,0,0,31,1.0,1.0,1.0,0.0,1.819,0.0
1784381303.7743907,20949,0,0,31,1.0,1.0,1.0,0.0,1.818,0.0
1784381303.8308651,20959,0,0,31,1.0,1.0,1.0,0.0,1.818,0.0
1784381303.89473,20969,0,0,31,1.0,1.0,1.0,0.0,1.817,0.0
1784381303.964091,20979,0,0,31,1.0,1.0,1.0,0.0,1.816,0.0
1784381304.0377336,20989,0,0,31,1.0,1.0,1.0,0.0,1.816,0.0
1784381304.0921981,20999,0,0,31,1.0,1.0,1.0,0.0,1.815,0.0
1784381304.1614501,21009,0,0,31,1.0,1.0,1.0,0.0,1.815,0.0
1784381304.2353368,21019,0,0,31,1.0,1.0,1.0,0.0,1.814,0.0
1784381304.2893865,21029,0,0,31,1.0,1.0,1.0,0.0,1.813,0.0
1784381304.3503165,21039,0,0,31,1.0,1.0,1.0,0.0,1.813,0.0
1784381304.4200826,21049,0,0,31,1.0,1.0,1.0,0.0,1.812,0.0
1784381304.4787009,21059,0,0,31,1.0,1.0,1.0,0.0,1.812,0.0
1784381304.5616908,21069,0,0,31,1.0,1.0,1.0,0.0,1.811,0.0
1784381304.6165428,21079,0,0,31,1.0,1.0,1.0,0.0,1.81,0.0
1784381304.6919441,21089,0,0,31,1.0,1.0,1.0,0.0,1.81,0.0
1784381304.7651403,21099,0,0,31,1.0,1.0,1.0,0.0,1.809,0.0
1784381304.813198,21109,0,0,31,1.0,1.0,1.0,0.0,1.809,0.0
1784381304.871197,21119,0,0,31,1.0,1.0,1.0,0.0,1.809,0.0
1784381304.9234138,21129,0,0,31,1.0,1.0,1.0,0.0,1.809,0.0
1784381304.9650853,21139,0,0,31,1.0,1.0,1.0,0.0,1.809,0.0
1784381305.0229003,21149,0,0,31,1.0,1.0,1.0,0.0,1.809,0.0
1784381305.0901895,21159,0,0,31,1.0,1.0,1.0,0.0,1.809,0.0
1784381305.1515365,21169,0,0,31,1.0,1.0,1.0,0.0,1.809,0.0
1784381305.2069376,21179,0,0,31,1.0,1.0,1.0,0.0,1.809,0.0
1784381305.2563272,21189,0,0,31,1.0,1.0,1.0,0.0,1.809,0.0
1784381305.3085105,21199,0,0,31,1.0,1.0,1.0,0.0,1.809,0.0
1784381305.3598573,21209,0,0,31,1.0,1.0,1.0,0.0,1.809,0.0
1784381305.4055789,21219,0,0,31,1.0,1.0,1.0,0.0,1.808,0.0
1784381305.4746575,21229,0,0,31,1.0,1.0,1.0,0.0,1.808,0.0
1784381305.5507612,21239,0,0,31,1.0,1.0,1.0,0.0,1.808,0.0
1784381305.6064715,21249,0,0,31,1.0,1.0,1.0,0.0,1.807,0.0
1784381305.6600735,21259,0,0,31,1.0,1.0,1.0,0.0,1.807,0.0
1784381305.7400906,21269,0,0,31,1.0,1.0,1.0,0.0,1.807,0.0
1784381305.7951045,21279,0,0,31,1.0,1.0,1.0,0.0,1.806,0.0
1784381305.8479114,21289,0,0,31,1.0,1.0,1.0,0.0,1.806,0.0
1784381305.8969026,21299,0,0,31,1.0,1.0,1.0,0.0,1.806,0.0
1784381305.971124,21309,0,0,31,1.0,1.0,1.0,0.0,1.805,0.0
1784381306.0269463,21319,0,0,31,1.0,1.0,1.0,0.0,1.805,0.0
1784381306.104029,21329,0,0,31,1.0,1.0,1.0,0.0,1.804,0.0
1784381306.1872878,21339,0,0,31,1.0,1.0,1.0,0.0,1.804,0.0
1784381306.2432587,21349,0,0,31,1.0,1.0,1.0,0.0,1.804,0.0
1784381306.316128,21359,0,0,31,1.0,1.0,1.0,0.0,1.803,0.0
1784381306.3727021,21369,0,0,31,1.0,1.0,1.0,0.0,1.803,0.0
1784381306.4375694,21379,0,0,31,1.0,1.0,1.0,0.0,1.802,0.0
1784381306.5027735,21389,0,0,31,1.0,1.0,1.0,0.0,1.802,0.0
1784381306.563517,21399,0,0,31,1.0,1.0,1.0,0.0,1.801,0.0
1784381306.6393478,21409,0,0,31,1.0,1.0,1.0,0.0,1.801,0.0
1784381306.6928976,21419,0,0,31,1.0,1.0,1.0,0.0,1.8,0.0
1784381306.758335,21429,0,0,31,1.0,1.0,1.0,0.0,1.8,0.0
1784381306.8068233,21439,0,0,31,1.0,1.0,1.0,0.0,1.799,0.0
1784381306.8656857,21449,0,0,31,1.0,1.0,1.0,0.0,1.799,0.0
1784381306.9060395,21459,0,0,31,1.0,1.0,1.0,0.0,1.798,0.0
1784381306.9746983,21469,0,0,31,1.0,1.0,1.0,0.0,1.798,0.0
1784381307.0152411,21479,0,0,31,1.0,1.0,1.0,0.0,1.797,0.0
1784381307.0641065,21489,0,0,31,1.0,1.0,1.0,0.0,1.797,0.0
1784381307.115438,21499,0,0,31,1.0,1.0,1.0,0.0,1.796,0.0
1784381307.183083,21509,0,0,31,1.0,1.0,1.0,0.0,1.795,0.0
1784381307.2352695,21519,0,0,31,1.0,1.0,1.0,0.0,1.795,0.0
1784381307.296038,21529,0,0,31,1.0,1.0,1.0,0.0,1.795,0.0
1784381307.3449287,21539,0,0,31,1.0,1.0,1.0,0.0,1.795,0.0
1784381307.402283,21549,0,0,31,1.0,1.0,1.0,0.0,1.795,0.0
1784381307.448083,21559,0,0,31,1.0,1.0,1.0,0.0,1.795,0.0
1784381307.5039077,21569,0,0,31,1.0,1.0,1.0,0.0,1.795,0.0
1784381307.557269,21579,0,0,31,1.0,1.0,1.0,0.0,1.795,0.0
1784381307.6141214,21589,0,0,31,1.0,1.0,1.0,0.0,1.795,0.0
1784381307.6656659,21599,0,0,31,1.0,1.0,1.0,0.0,1.795,0.0
1784381307.727075,21609,0,0,31,1.0,1.0,1.0,0.0,1.795,0.0
1784381307.77806,21619,0,0,31,1.0,1.0,1.0,0.0,1.795,0.0
1784381307.8216538,21629,0,0,31,1.0,1.0,1.0,0.0,1.794,0.0
1784381307.8858485,21639,0,0,31,1.0,1.0,1.0,0.0,1.794,0.0
1784381307.930094,21649,0,0,31,1.0,1.0,1.0,0.0,1.794,0.0
1784381307.98057,21659,0,0,31,1.0,1.0,1.0,0.0,1.794,0.0
1784381308.081522,21669,0,0,31,1.0,1.0,1.0,0.0,1.793,0.0
1784381308.1406968,21679,0,0,31,1.0,1.0,1.0,0.0,1.793,0.0
1784381308.2302754,21689,0,0,31,1.0,1.0,1.0,0.0,1.793,0.0
1784381308.2996454,21699,0,0,31,1.0,1.0,1.0,0.0,1.792,0.0
1784381308.3631825,21709,0,0,31,1.0,1.0,1.0,0.0,1.792,0.0
1784381308.4153934,21719,0,0,31,1.0,1.0,1.0,0.0,1.792,0.0
1784381308.466372,21729,0,0,31,1.0,1.0,1.0,0.0,1.791,0.0
1784381308.5168507,21739,0,0,31,1.0,1.0,1.0,0.0,1.791,0.0
1784381308.5697165,21749,0,0,31,1.0,1.0,1.0,0.0,1.79,0.0
1784381308.6279244,21759,0,0,31,1.0,1.0,1.0,0.0,1.789,0.0
1784381308.6735022,21769,0,0,31,1.0,1.0,1.0,0.0,1.789,0.0
1784381308.732578,21779,0,0,31,1.0,1.0,1.0,0.0,1.788,0.0
1784381308.8216789,21789,0,0,31,1.0,1.0,1.0,0.0,1.788,0.0
1784381308.8851798,21799,0,0,31,1.0,1.0,1.0,0.0,1.787,0.0
1784381308.931185,21809,0,0,31,1.0,1.0,1.0,0.0,1.786,0.0
1784381308.992815,21819,0,0,31,1.0,1.0,1.0,0.0,1.786,0.0
1784381309.0486023,21829,0,0,31,1.0,1.0,1.0,0.0,1.785,0.0
1784381309.111622,21839,0,0,31,1.0,1.0,1.0,0.0,1.785,0.0
1784381309.1801956,21849,0,0,31,1.0,1.0,1.0,0.0,1.785,0.0
1784381309.231694,21859,0,0,31,1.0,1.0,1.0,0.0,1.785,0.0
1784381309.302488,21869,0,0,31,1.0,1.0,1.0,0.0,1.785,0.0
1784381309.3609357,21879,0,0,31,1.0,1.0,1.0,0.0,1.785,0.0
1784381309.4131548,21889,0,0,31,1.0,1.0,1.0,0.0,1.785,0.0
1784381309.4595518,21899,0,0,31,1.0,1.0,1.0,0.0,1.785,0.0
1784381309.515069,21909,0,0,31,1.0,1.0,1.0,0.0,1.785,0.0
1784381309.5644374,21919,0,0,31,1.0,1.0,1.0,0.0,1.784,0.0
1784381309.629452,21929,0,0,31,1.0,1.0,1.0,0.0,1.784,0.0
1784381309.6810954,21939,0,0,31,1.0,1.0,1.0,0.0,1.784,0.0
1784381309.7322097,21949,0,0,31,1.0,1.0,1.0,0.0,1.783,0.0
1784381309.7877154,21959,0,0,31,1.0,1.0,1.0,0.0,1.783,0.0
1784381309.8449202,21969,0,0,31,1.0,1.0,1.0,0.0,1.782,0.0
1784381309.8908453,21979,0,0,31,1.0,1.0,1.0,0.0,1.781,0.0
1784381309.948215,21989,0,0,31,1.0,1.0,1.0,0.0,1.781,0.0
1784381310.0026147,21999,0,0,31,1.0,1.0,1.0,0.0,1.78,0.0
1784381310.0931227,22009,0,0,31,1.0,1.0,1.0,0.0,1.78,0.0
1784381310.1637597,22019,0,0,31,1.0,1.0,1.0,0.0,1.779,0.0
1784381310.2221844,22029,0,0,31,1.0,1.0,1.0,0.0,1.778,0.0
1784381310.2910962,22039,0,0,31,1.0,1.0,1.0,0.0,1.778,0.0
1784381310.37269,22049,0,0,31,1.0,1.0,1.0,0.0,1.777,0.0
1784381310.4218302,22059,0,0,31,1.0,1.0,1.0,0.0,1.776,0.0
1784381310.4952216,22069,0,0,31,1.0,1.0,1.0,0.0,1.776,0.0
1784381310.5519316,22079,0,0,31,1.0,1.0,1.0,0.0,1.775,0.0
1784381310.6002438,22089,0,0,31,1.0,1.0,1.0,0.0,1.775,0.0
1784381310.653332,22099,0,0,31,1.0,1.0,1.0,0.0,1.774,0.0
1784381310.711125,22109,0,0,31,1.0,1.0,1.0,0.0,1.773,0.0
1784381310.7486665,22119,0,0,31,1.0,1.0,1.0,0.0,1.773,0.0
1784381310.8062143,22129,0,0,31,1.0,1.0,1.0,0.0,1.772,0.0
1784381310.8584306,22139,0,0,31,1.0,1.0,1.0,0.0,1.771,0.0
1784381310.9094334,22149,0,0,31,1.0,1.0,1.0,0.0,1.771,0.0
1784381310.9604735,22159,0,0,31,1.0,1.0,1.0,0.0,1.77,0.0
1784381311.0169797,22169,0,0,31,1.0,1.0,1.0,0.0,1.77,0.0
1784381311.0742278,22179,0,0,31,1.0,1.0,1.0,0.0,1.769,0.0
1784381311.1963217,22189,0,0,31,1.0,1.0,1.0,0.0,1.768,0.0
1784381311.2452853,22199,0,0,31,1.0,1.0,1.0,0.0,1.768,0.0
1784381311.3025453,22209,0,0,31,1.0,1.0,1.0,0.0,1.767,0.0
1784381311.352943,22219,0,0,31,1.0,1.0,1.0,0.0,1.767,0.0
1784381311.4179146,22229,0,0,31,1.0,1.0,1.0,0.0,1.766,0.0
1784381311.471207,22239,0,0,31,1.0,1.0,1.0,0.0,1.767,0.0
1784381311.5331764,22249,0,0,31,1.0,1.0,1.0,0.0,1.767,0.0
1784381311.600676,22259,0,0,31,1.0,1.0,1.0,0.0,1.767,0.0
1784381311.6827726,22269,0,0,31,1.0,1.0,1.0,0.0,1.767,0.0
1784381311.7250643,22279,0,0,31,1.0,1.0,1.0,0.0,1.767,0.0
1784381311.790043,22289,0,0,31,1.0,1.0,1.0,0.0,1.767,0.0
1784381311.8409579,22299,0,0,31,1.0,1.0,1.0,0.0,1.767,0.0
1784381311.8892813,22309,0,0,31,1.0,1.0,1.0,0.0,1.768,0.0
1784381311.9395459,22319,0,0,31,1.0,1.0,1.0,0.0,1.768,0.0
1784381311.9941728,22329,0,0,31,1.0,1.0,1.0,0.0,1.768,0.0
1784381312.0505087,22339,0,0,31,1.0,1.0,1.0,0.0,1.768,0.0
1784381312.1128218,22349,0,0,31,1.0,1.0,1.0,0.0,1.768,0.0
1784381312.1648948,22359,0,0,31,1.0,1.0,1.0,0.0,1.768,0.0
1784381312.2247982,22369,0,0,31,1.0,1.0,1.0,0.0,1.769,0.0
1784381312.2843606,22379,0,0,31,1.0,1.0,1.0,0.0,1.769,0.0
1784381312.3438501,22389,0,0,31,1.0,1.0,1.0,0.0,1.769,0.0
1784381312.401333,22399,0,0,31,1.0,1.0,1.0,0.0,1.769,0.0
1784381312.4604712,22409,0,0,31,1.0,1.0,1.0,0.0,1.769,0.0
1784381312.5064926,22419,0,0,31,1.0,1.0,1.0,0.0,1.769,0.0
1784381312.5687625,22429,0,0,31,1.0,1.0,1.0,0.0,1.769,0.0
1784381312.613219,22439,0,0,31,1.0,1.0,1.0,0.0,1.769,0.0
1784381312.6667511,22449,0,0,31,1.0,1.0,1.0,0.0,1.77,0.0
1784381312.738083,22459,0,0,31,1.0,1.0,1.0,0.0,1.77,0.0
1784381312.812663,22469,0,0,31,1.0,1.0,1.0,0.0,1.77,0.0
1784381312.8709664,22479,0,0,31,1.0,1.0,1.0,0.0,1.77,0.0
1784381312.924159,22489,0,0,31,1.0,1.0,1.0,0.0,1.77,0.0
1784381312.9729245,22499,0,0,31,1.0,1.0,1.0,0.0,1.77,0.0
1784381313.0174608,22509,0,0,31,1.0,1.0,1.0,0.0,1.77,0.0
1784381313.0654063,22519,0,0,31,1.0,1.0,1.0,0.0,1.771,0.0
1784381313.116508,22529,0,0,31,1.0,1.0,1.0,0.0,1.771,0.0
1784381313.1532261,22539,0,0,31,1.0,1.0,1.0,0.0,1.771,0.0
1784381313.225396,22549,0,0,31,1.0,1.0,1.0,0.0,1.771,0.0
1784381313.2792041,22559,0,0,31,1.0,1.0,1.0,0.0,1.771,0.0
1784381313.3351915,22569,0,0,31,1.0,1.0,1.0,0.0,1.771,0.0
1784381313.39462,22579,0,0,31,1.0,1.0,1.0,0.0,1.772,0.0
1784381313.4512186,22589,0,0,31,1.0,1.0,1.0,0.0,1.772,0.0
1784381313.5073886,22599,0,0,31,1.0,1.0,1.0,0.0,1.772,0.0
1784381313.5744953,22609,0,0,31,1.0,1.0,1.0,0.0,1.772,0.0
1784381313.6350322,22619,0,0,31,1.0,1.0,1.0,0.0,1.772,0.0
1784381313.701047,22629,0,0,31,1.0,1.0,1.0,0.0,1.772,0.0
1784381313.7607408,22639,0,0,31,1.0,1.0,1.0,0.0,1.773,0.0
1784381313.823046,22649,0,0,31,1.0,1.0,1.0,0.0,1.773,0.0
1784381313.882967,22659,0,0,31,1.0,1.0,1.0,0.0,1.773,0.0
1784381314.0006075,22669,0,0,31,1.0,1.0,1.0,0.0,1.773,0.0
1784381314.0493379,22679,0,0,31,1.0,1.0,1.0,0.0,1.773,0.0
1784381314.102532,22689,0,0,31,1.0,1.0,1.0,0.0,1.773,0.0
1784381314.1504402,22699,0,0,31,1.0,1.0,1.0,0.0,1.774,0.0
1784381314.2049313,22709,0,0,31,1.0,1.0,1.0,0.0,1.774,0.0
1784381314.253198,22719,0,0,31,1.0,1.0,1.0,0.0,1.774,0.0
1784381314.298229,22729,0,0,31,1.0,1.0,1.0,0.0,1.774,0.0
1784381314.3476503,22739,0,0,31,1.0,1.0,1.0,0.0,1.774,0.0
1784381314.406726,22749,0,0,31,1.0,1.0,1.0,0.0,1.775,0.0
1784381314.4605339,22759,0,0,31,1.0,1.0,1.0,0.0,1.775,0.0
1784381314.5208926,22769,0,0,31,1.0,1.0,1.0,0.0,1.775,0.0
1784381314.5877812,22779,0,0,31,1.0,1.0,1.0,0.0,1.775,0.0
1784381314.6619043,22789,0,0,31,1.0,1.0,1.0,0.0,1.775,0.0
1784381314.7167275,22799,0,0,31,1.0,1.0,1.0,0.0,1.775,0.0
1784381314.8087468,22809,0,0,31,1.0,1.0,1.0,0.0,1.776,0.0
1784381314.8620327,22819,0,0,31,1.0,1.0,1.0,0.0,1.776,0.0
1784381314.936372,22829,0,0,31,1.0,1.0,1.0,0.0,1.776,0.0
1784381315.0140793,22839,0,0,31,1.0,1.0,1.0,0.0,1.776,0.0
1784381315.084447,22849,0,0,31,1.0,1.0,1.0,0.0,1.776,0.0
1784381315.1415293,22859,0,0,31,1.0,1.0,1.0,0.0,1.776,0.0
1784381315.232137,22869,0,0,31,1.0,1.0,1.0,0.0,1.776,0.0
1784381315.2973385,22879,0,0,31,1.0,1.0,1.0,0.0,1.777,0.0
1784381315.3646367,22889,0,0,31,1.0,1.0,1.0,0.0,1.777,0.0
1784381315.4273562,22899,0,0,31,1.0,1.0,1.0,0.0,1.777,0.0
1784381315.4926531,22909,0,0,31,1.0,1.0,1.0,0.0,1.777,0.0
1784381315.5515592,22919,0,0,31,1.0,1.0,1.0,0.0,1.777,0.0
1784381315.5959082,22929,0,0,31,1.0,1.0,1.0,0.0,1.777,0.0
1784381315.6655486,22939,0,0,31,1.0,1.0,1.0,0.0,1.777,0.0
1784381315.712044,22949,0,0,31,1.0,1.0,1.0,0.0,1.777,0.0
1784381315.7703826,22959,0,0,31,1.0,1.0,1.0,0.0,1.777,0.0
1784381315.8340619,22969,0,0,31,1.0,1.0,1.0,0.0,1.777,0.0
1784381315.8899422,22979,0,0,31,1.0,1.0,1.0,0.0,1.777,0.0
1784381315.9602692,22989,0,0,31,1.0,1.0,1.0,0.0,1.778,0.0
1784381316.014507,22999,0,0,31,1.0,1.0,1.0,0.0,1.778,0.0
1784381316.0699863,23009,0,0,31,1.0,1.0,1.0,0.0,1.778,0.0
1784381316.1169515,23019,0,0,31,1.0,1.0,1.0,0.0,1.778,0.0
1784381316.1659484,23029,0,0,31,1.0,1.0,1.0,0.0,1.778,0.0
1784381316.223928,23039,0,0,31,1.0,1.0,1.0,0.0,1.778,0.0
1784381316.2757022,23049,0,0,31,1.0,1.0,1.0,0.0,1.778,0.0
1784381316.321972,23059,0,0,31,1.0,1.0,1.0,0.0,1.778,0.0
1784381316.3992558,23069,0,0,31,1.0,1.0,1.0,0.0,1.778,0.0
1784381316.448591,23079,0,0,31,1.0,1.0,1.0,0.0,1.778,0.0
1784381316.5153646,23089,0,0,31,1.0,1.0,1.0,0.0,1.778,0.0
1784381316.5757053,23099,0,0,31,1.0,1.0,1.0,0.0,1.778,0.0
1784381316.6188724,23109,0,0,31,1.0,1.0,1.0,0.0,1.778,0.0
1784381316.6781743,23119,0,0,31,1.0,1.0,1.0,0.0,1.779,0.0
1784381316.770115,23129,0,0,31,1.0,1.0,1.0,0.0,1.779,0.0
1784381316.831791,23139,0,0,31,1.0,1.0,1.0,0.0,1.779,0.0
1784381316.8848128,23149,0,0,31,1.0,1.0,1.0,0.0,1.779,0.0
1784381316.946181,23159,0,0,31,1.0,1.0,1.0,0.0,1.779,0.0
1784381317.0145319,23169,0,0,31,1.0,1.0,1.0,0.0,1.779,0.0
1784381317.0709705,23179,0,0,31,1.0,1.0,1.0,0.0,1.779,0.0
1784381317.1188304,23189,0,0,31,1.0,1.0,1.0,0.0,1.779,0.0
1784381317.1731484,23199,0,0,31,1.0,1.0,1.0,0.0,1.779,0.0
1784381317.2301476,23209,0,0,31,1.0,1.0,1.0,0.0,1.779,0.0
1784381317.28894,23219,0,0,31,1.0,1.0,1.0,0.0,1.779,0.0
1784381317.3334765,23229,0,0,31,1.0,1.0,1.0,0.0,1.78,0.0
1784381317.391194,23239,0,0,31,1.0,1.0,1.0,0.0,1.78,0.0
1784381317.4373894,23249,0,0,31,1.0,1.0,1.0,0.0,1.78,0.0
1784381317.504699,23259,0,0,31,1.0,1.0,1.0,0.0,1.78,0.0
1784381317.585185,23269,0,0,31,1.0,1.0,1.0,0.0,1.78,0.0
1784381317.643663,23279,0,0,31,1.0,1.0,1.0,0.0,1.78,0.0
1784381317.7054996,23289,0,0,31,1.0,1.0,1.0,0.0,1.78,0.0
1784381317.7531083,23299,0,0,31,1.0,1.0,1.0,0.0,1.78,0.0
1784381317.7965026,23309,0,0,31,1.0,1.0,1.0,0.0,1.78,0.0
1784381317.8404424,23319,0,0,31,1.0,1.0,1.0,0.0,1.78,0.0
1784381317.8858588,23329,0,0,31,1.0,1.0,1.0,0.0,1.781,0.0
1784381317.936396,23339,0,0,31,1.0,1.0,1.0,0.0,1.781,0.0
1784381317.9806297,23349,0,0,31,1.0,1.0,1.0,0.0,1.781,0.0
1784381318.0256143,23359,0,0,31,1.0,1.0,1.0,0.0,1.781,0.0
1784381318.0811722,23369,0,0,31,1.0,1.0,1.0,0.0,1.781,0.0
1784381318.132424,23379,0,0,31,1.0,1.0,1.0,0.0,1.781,0.0
1784381318.1888077,23389,0,0,31,1.0,1.0,1.0,0.0,1.781,0.0
1784381318.241632,23399,0,0,31,1.0,1.0,1.0,0.0,1.781,0.0
1784381318.288675,23409,0,0,31,1.0,1.0,1.0,0.0,1.781,0.0
1784381318.3465679,23419,0,0,31,1.0,1.0,1.0,0.0,1.782,0.0
1784381318.3983624,23429,0,0,31,1.0,1.0,1.0,0.0,1.782,0.0
1784381318.4478433,23439,0,0,31,1.0,1.0,1.0,0.0,1.782,0.0
1784381318.4992049,23449,0,0,31,1.0,1.0,1.0,0.0,1.782,0.0
1784381318.5543067,23459,0,0,31,1.0,1.0,1.0,0.0,1.782,0.0
1784381318.6415951,23469,0,0,31,1.0,1.0,1.0,0.0,1.782,0.0
1784381318.6955109,23479,0,0,31,1.0,1.0,1.0,0.0,1.782,0.0
1784381318.7784176,23489,0,0,31,1.0,1.0,1.0,0.0,1.783,0.0
1784381318.8504987,23499,0,0,31,1.0,1.0,1.0,0.0,1.783,0.0
1784381318.9244406,23509,0,0,31,1.0,1.0,1.0,0.0,1.783,0.0
1784381318.9848015,23519,0,0,31,1.0,1.0,1.0,0.0,1.783,0.0
1784381319.040146,23529,0,0,31,1.0,1.0,1.0,0.0,1.783,0.0
1784381319.0819793,23539,0,0,31,1.0,1.0,1.0,0.0,1.783,0.0
1784381319.1330607,23549,0,0,31,1.0,1.0,1.0,0.0,1.783,0.0
1784381319.1759188,23559,0,0,31,1.0,1.0,1.0,0.0,1.783,0.0
1784381319.2522848,23569,0,0,31,1.0,1.0,1.0,0.0,1.784,0.0
1784381319.3083909,23579,0,0,31,1.0,1.0,1.0,0.0,1.784,0.0
1784381319.3708818,23589,0,0,31,1.0,1.0,1.0,0.0,1.784,0.0
1784381319.4238212,23599,0,0,31,1.0,1.0,1.0,0.0,1.784,0.0
1784381319.4810152,23609,0,0,31,1.0,1.0,1.0,0.0,1.784,0.0
1784381319.536971,23619,0,0,31,1.0,1.0,1.0,0.0,1.784,0.0
1784381319.5979505,23629,0,0,31,1.0,1.0,1.0,0.0,1.784,0.0
1784381319.645396,23639,0,0,31,1.0,1.0,1.0,0.0,1.784,0.0
1784381319.7238553,23649,0,0,31,1.0,1.0,1.0,0.0,1.785,0.0
1784381319.8135135,23659,0,0,31,1.0,1.0,1.0,0.0,1.785,0.0
1784381319.8786533,23669,0,0,31,1.0,1.0,1.0,0.0,1.785,0.0
1784381319.934554,23679,0,0,31,1.0,1.0,1.0,0.0,1.785,0.0
1784381319.9818475,23689,0,0,31,1.0,1.0,1.0,0.0,1.785,0.0
1784381320.054432,23699,0,0,31,1.0,1.0,1.0,0.0,1.785,0.0
1784381320.1078017,23709,0,0,31,1.0,1.0,1.0,0.0,1.785,0.0
1784381320.1799905,23719,0,0,31,1.0,1.0,1.0,0.0,1.785,0.0
1784381320.2676296,23729,0,0,31,1.0,1.0,1.0,0.0,1.785,0.0
1784381320.3340864,23739,0,0,31,1.0,1.0,1.0,0.0,1.785,0.0
1784381320.3846905,23749,0,0,31,1.0,1.0,1.0,0.0,1.785,0.0
1784381320.4387715,23759,0,0,31,1.0,1.0,1.0,0.0,1.785,0.0
1784381320.4824255,23769,0,0,31,1.0,1.0,1.0,0.0,1.784,0.0
1784381320.528369,23779,0,0,31,1.0,1.0,1.0,0.0,1.784,0.0
1784381320.5855958,23789,0,0,31,1.0,1.0,1.0,0.0,1.784,0.0
1784381320.6478045,23799,0,0,31,1.0,1.0,1.0,0.0,1.783,0.0
1784381320.7080858,23809,0,0,31,1.0,1.0,1.0,0.0,1.783,0.0
1784381320.7694888,23819,0,0,31,1.0,1.0,1.0,0.0,1.782,0.0
1784381320.8321261,23829,0,0,31,1.0,1.0,1.0,0.0,1.782,0.0
1784381320.902999,23839,0,0,31,1.0,1.0,1.0,0.0,1.781,0.0
1784381320.977907,23849,0,0,31,1.0,1.0,1.0,0.0,1.781,0.0
1784381321.0669646,23859,0,0,31,1.0,1.0,1.0,0.0,1.78,0.0
1784381321.1448083,23869,0,0,31,1.0,1.0,1.0,0.0,1.779,0.0
1784381321.2163572,23879,0,0,31,1.0,1.0,1.0,0.0,1.779,0.0
1784381321.279099,23889,0,0,31,1.0,1.0,1.0,0.0,1.779,0.0
1784381321.3577802,23899,0,0,31,1.0,1.0,1.0,0.0,1.778,0.0
1784381321.4395907,23909,0,0,31,1.0,1.0,1.0,0.0,1.777,0.0
1784381321.5289176,23919,0,0,31,1.0,1.0,1.0,0.0,1.776,0.0
1784381321.6227784,23929,0,0,31,1.0,1.0,1.0,0.0,1.776,0.0
1784381321.6972768,23939,0,0,31,1.0,1.0,1.0,0.0,1.775,0.0
1784381321.8149283,23949,0,0,31,1.0,1.0,1.0,0.0,1.774,0.0
1784381321.9123697,23959,0,0,31,1.0,1.0,1.0,0.0,1.773,0.0
1784381321.9791937,23969,0,0,31,1.0,1.0,1.0,0.0,1.773,0.0
1784381322.058542,23979,0,0,31,1.0,1.0,1.0,0.0,1.772,0.0
1784381322.1414275,23989,0,0,31,1.0,1.0,1.0,0.0,1.771,0.0
1784381322.2236311,23999,0,0,31,1.0,1.0,1.0,0.0,1.771,0.0
1784381322.3192737,24009,0,0,31,1.0,1.0,1.0,0.0,1.77,0.0
1784381322.3997738,24019,0,0,31,1.0,1.0,1.0,0.0,1.769,0.0
1784381322.4746606,24029,0,0,31,1.0,1.0,1.0,0.0,1.768,0.0
1784381322.5442436,24039,0,0,31,1.0,1.0,1.0,0.0,1.768,0.0
1784381322.6172178,24049,0,0,31,1.0,1.0,1.0,0.0,1.767,0.0
1784381322.6998806,24059,0,0,31,1.0,1.0,1.0,0.0,1.766,0.0
1784381322.7880945,24069,0,0,31,1.0,1.0,1.0,0.0,1.765,0.0
1784381322.8734746,24079,0,0,31,1.0,1.0,1.0,0.0,1.765,0.0
1784381322.960483,24089,0,0,31,1.0,1.0,1.0,0.0,1.764,0.0
1784381323.0469193,24099,0,0,31,1.0,1.0,1.0,0.0,1.763,0.0
1784381323.1162882,24109,0,0,31,1.0,1.0,1.0,0.0,1.762,0.0
1784381323.2013943,24119,0,0,31,1.0,1.0,1.0,0.0,1.762,0.0
1784381323.310003,24129,0,0,31,1.0,1.0,1.0,0.0,1.761,0.0
1784381323.3900359,24139,0,0,31,1.0,1.0,1.0,0.0,1.76,0.0
1784381323.4579387,24149,0,0,31,1.0,1.0,1.0,0.0,1.76,0.0
1784381323.5264745,24159,0,0,31,1.0,1.0,1.0,0.0,1.759,0.0
1784381323.5936704,24169,0,0,31,1.0,1.0,1.0,0.0,1.758,0.0
1784381323.6687663,24179,0,0,31,1.0,1.0,1.0,0.0,1.757,0.0
1784381323.7482374,24189,0,0,31,1.0,1.0,1.0,0.0,1.757,0.0
1784381323.8125877,24199,0,0,31,1.0,1.0,1.0,0.0,1.756,0.0
1784381323.8770757,24209,0,0,31,1.0,1.0,1.0,0.0,1.755,0.0
1784381323.9605222,24219,0,0,31,1.0,1.0,1.0,0.0,1.754,0.0
1784381324.0684128,24229,0,0,31,1.0,1.0,1.0,0.0,1.754,0.0
1784381324.1519375,24239,0,0,31,1.0,1.0,1.0,0.0,1.753,0.0
1784381324.228422,24249,0,0,31,1.0,1.0,1.0,0.0,1.752,0.0
1784381324.3049853,24259,0,0,31,1.0,1.0,1.0,0.0,1.752,0.0
1784381324.3862207,24269,0,0,31,1.0,1.0,1.0,0.0,1.751,0.0
1784381324.4727993,24279,0,0,31,1.0,1.0,1.0,0.0,1.75,0.0
1784381324.5439267,24289,0,0,31,1.0,1.0,1.0,0.0,1.749,0.0
1784381324.63654,24299,0,0,31,1.0,1.0,1.0,0.0,1.749,0.0
1784381324.712454,24309,0,0,31,1.0,1.0,1.0,0.0,1.748,0.0
1784381324.7858782,24319,0,0,31,1.0,1.0,1.0,0.0,1.747,0.0
1784381324.8577218,24329,0,0,31,1.0,1.0,1.0,0.0,1.747,0.0
1784381324.9339666,24339,0,0,31,1.0,1.0,1.0,0.0,1.746,0.0
1784381325.021116,24349,0,0,31,1.0,1.0,1.0,0.0,1.745,0.0
1784381325.1167111,24359,0,0,31,1.0,1.0,1.0,0.0,1.744,0.0
1784381325.2022643,24369,0,0,31,1.0,1.0,1.0,0.0,1.744,0.0
1784381325.3012304,24379,0,0,31,1.0,1.0,1.0,0.0,1.743,0.0
1784381325.3805509,24389,0,0,31,1.0,1.0,1.0,0.0,1.743,0.0
1784381325.4851034,24399,0,0,31,1.0,1.0,1.0,0.0,1.743,0.0
1784381325.5611794,24409,0,0,31,1.0,1.0,1.0,0.0,1.743,0.0
1784381325.6327007,24419,0,0,31,1.0,1.0,1.0,0.0,1.743,0.0
1784381325.6930952,24429,0,0,31,1.0,1.0,1.0,0.0,1.743,0.0
1784381325.756856,24439,0,0,31,1.0,1.0,1.0,0.0,1.743,0.0
1784381325.8451295,24449,0,0,31,1.0,1.0,1.0,0.0,1.743,0.0
1784381325.9223673,24459,0,0,31,1.0,1.0,1.0,0.0,1.743,0.0
1784381325.9975586,24469,0,0,31,1.0,1.0,1.0,0.0,1.743,0.0
1784381326.0786643,24479,0,0,31,1.0,1.0,1.0,0.0,1.744,0.0
1784381326.145019,24489,0,0,31,1.0,1.0,1.0,0.0,1.744,0.0
1784381326.229678,24499,0,0,31,1.0,1.0,1.0,0.0,1.744,0.0
1784381326.3065379,24509,0,0,31,1.0,1.0,1.0,0.0,1.744,0.0
1784381326.4042215,24519,0,0,31,1.0,1.0,1.0,0.0,1.744,0.0
1784381326.489672,24529,0,0,31,1.0,1.0,1.0,0.0,1.743,0.0
1784381326.5664487,24539,0,0,31,1.0,1.0,1.0,0.0,1.742,0.0
1784381326.6400838,24549,0,0,31,1.0,1.0,1.0,0.0,1.741,0.0
1784381326.7306497,24559,0,0,31,1.0,1.0,1.0,0.0,1.741,0.0
1784381326.8297427,24569,0,0,31,1.0,1.0,1.0,0.0,1.74,0.0
1784381326.891209,24579,0,0,31,1.0,1.0,1.0,0.0,1.739,0.0
1784381326.9747002,24589,0,0,31,1.0,1.0,1.0,0.0,1.739,0.0
1784381327.0443885,24599,0,0,31,1.0,1.0,1.0,0.0,1.738,0.0
1784381327.112073,24609,0,0,31,1.0,1.0,1.0,0.0,1.737,0.0
1784381327.1921039,24619,0,0,31,1.0,1.0,1.0,0.0,1.736,0.0
1784381327.2615976,24629,0,0,31,1.0,1.0,1.0,0.0,1.736,0.0
1784381327.3373163,24639,0,0,31,1.0,1.0,1.0,0.0,1.735,0.0
1784381327.4084778,24649,0,0,31,1.0,1.0,1.0,0.0,1.734,0.0
1784381327.4820857,24659,0,0,31,1.0,1.0,1.0,0.0,1.734,0.0
1784381327.5536182,24669,0,0,31,1.0,1.0,1.0,0.0,1.733,0.0
1784381327.6388984,24679,0,0,31,1.0,1.0,1.0,0.0,1.732,0.0
1784381327.735789,24689,0,0,31,1.0,1.0,1.0,0.0,1.732,0.0
1784381327.7994971,24699,0,0,31,1.0,1.0,1.0,0.0,1.731,0.0
1784381327.8936594,24709,0,0,31,1.0,1.0,1.0,0.0,1.73,0.0
1784381327.9811,24719,0,0,31,1.0,1.0,1.0,0.0,1.729,0.0
1784381328.0684853,24729,0,0,31,1.0,1.0,1.0,0.0,1.729,0.0
1784381328.1588757,24739,0,0,31,1.0,1.0,1.0,0.0,1.728,0.0
1784381328.2370958,24749,0,0,31,1.0,1.0,1.0,0.0,1.727,0.0
1784381328.3209364,24759,0,0,31,1.0,1.0,1.0,0.0,1.727,0.0
1784381328.4112682,24769,0,0,31,1.0,1.0,1.0,0.0,1.726,0.0
1784381328.4900594,24779,0,0,31,1.0,1.0,1.0,0.0,1.725,0.0
1784381328.5477808,24789,0,0,31,1.0,1.0,1.0,0.0,1.725,0.0
1784381328.6152067,24799,0,0,31,1.0,1.0,1.0,0.0,1.724,0.0
1784381328.6952515,24809,0,0,31,1.0,1.0,1.0,0.0,1.723,0.0
1784381328.8044775,24819,0,0,31,1.0,1.0,1.0,0.0,1.723,0.0
1784381328.888522,24829,0,0,31,1.0,1.0,1.0,0.0,1.722,0.0
1784381328.973174,24839,0,0,31,1.0,1.0,1.0,0.0,1.721,0.0
1784381329.0533276,24849,0,0,31,1.0,1.0,1.0,0.0,1.72,0.0
1784381329.1354675,24859,0,0,31,1.0,1.0,1.0,0.0,1.72,0.0
1784381329.2021413,24869,0,0,31,1.0,1.0,1.0,0.0,1.719,0.0
1784381329.2742987,24879,0,0,31,1.0,1.0,1.0,0.0,1.718,0.0
1784381329.3538485,24889,0,0,31,1.0,1.0,1.0,0.0,1.718,0.0
1784381329.419785,24899,0,0,31,1.0,1.0,1.0,0.0,1.717,0.0
1784381329.4962256,24909,0,0,31,1.0,1.0,1.0,0.0,1.716,0.0
1784381329.5750117,24919,0,0,31,1.0,1.0,1.0,0.0,1.716,0.0
1784381329.6736796,24929,0,0,31,1.0,1.0,1.0,0.0,1.715,0.0
1784381329.745038,24939,0,0,31,1.0,1.0,1.0,0.0,1.714,0.0
1784381329.8080983,24949,0,0,31,1.0,1.0,1.0,0.0,1.714,0.0
1784381329.8779802,24959,0,0,31,1.0,1.0,1.0,0.0,1.713,0.0
1784381329.943678,24969,0,0,31,1.0,1.0,1.0,0.0,1.712,0.0
1784381330.0279596,24979,0,0,31,1.0,1.0,1.0,0.0,1.711,0.0
1784381330.1075745,24989,0,0,31,1.0,1.0,1.0,0.0,1.711,0.0
1784381330.1938357,24999,0,0,31,1.0,1.0,1.0,0.0,1.71,0.0
1784381330.2748063,25009,0,0,31,1.0,1.0,1.0,0.0,1.709,0.0
1784381330.3706095,25019,0,0,31,1.0,1.0,1.0,0.0,1.709,0.0
1784381330.447418,25029,0,0,31,1.0,1.0,1.0,0.0,1.708,0.0
1784381330.5337896,25039,0,0,31,1.0,1.0,1.0,0.0,1.707,0.0
1784381330.6067932,25049,0,0,31,1.0,1.0,1.0,0.0,1.707,0.0
1784381330.6774416,25059,0,0,31,1.0,1.0,1.0,0.0,1.706,0.0
1784381330.7651584,25069,0,0,31,1.0,1.0,1.0,0.0,1.705,0.0
1784381330.83417,25079,0,0,31,1.0,1.0,1.0,0.0,1.705,0.0
1784381330.9348958,25089,0,0,31,1.0,1.0,1.0,0.0,1.704,0.0
1784381331.0212975,25099,0,0,31,1.0,1.0,1.0,0.0,1.703,0.0
1784381331.1046739,25109,0,0,31,1.0,1.0,1.0,0.0,1.703,0.0
1784381331.1842709,25119,0,0,31,1.0,1.0,1.0,0.0,1.702,0.0
1784381331.2575877,25129,0,0,31,1.0,1.0,1.0,0.0,1.701,0.0
1784381331.3329813,25139,0,0,31,1.0,1.0,1.0,0.0,1.701,0.0
1784381331.4378917,25149,0,0,31,1.0,1.0,1.0,0.0,1.7,0.0
1784381331.525663,25159,0,0,31,1.0,1.0,1.0,0.0,1.699,0.0
1784381331.611573,25169,0,0,31,1.0,1.0,1.0,0.0,1.699,0.0
1784381331.6834416,25179,0,0,31,1.0,1.0,1.0,0.0,1.698,0.0
1784381331.7596436,25189,0,0,31,1.0,1.0,1.0,0.0,1.697,0.0
1784381331.8511486,25199,0,0,31,1.0,1.0,1.0,0.0,1.697,0.0
1784381331.9357224,25209,0,0,31,1.0,1.0,1.0,0.0,1.696,0.0
1784381332.0084174,25219,0,0,31,1.0,1.0,1.0,0.0,1.695,0.0
1784381332.0824316,25229,0,0,31,1.0,1.0,1.0,0.0,1.695,0.0
1784381332.1540737,25239,0,0,31,1.0,1.0,1.0,0.0,1.694,0.0
1784381332.2284558,25249,0,0,31,1.0,1.0,1.0,0.0,1.693,0.0
1784381332.3385894,25259,0,0,31,1.0,1.0,1.0,0.0,1.693,0.0
1784381332.4303563,25269,0,0,31,1.0,1.0,1.0,0.0,1.692,0.0
1784381332.4905913,25279,0,0,31,1.0,1.0,1.0,0.0,1.691,0.0
1784381332.5612266,25289,0,0,31,1.0,1.0,1.0,0.0,1.691,0.0
1784381332.6316411,25299,0,0,31,1.0,1.0,1.0,0.0,1.69,0.0
1784381332.7127554,25309,0,0,31,1.0,1.0,1.0,0.0,1.689,0.0
1784381332.7668202,25319,0,0,31,1.0,1.0,1.0,0.0,1.689,0.0
1784381332.842599,25329,0,0,31,1.0,1.0,1.0,0.0,1.688,0.0
1784381332.9392185,25339,0,0,31,1.0,1.0,1.0,0.0,1.687,0.0
1784381333.0113204,25349,0,0,31,1.0,1.0,1.0,0.0,1.687,0.0
1784381333.0830424,25359,0,0,31,1.0,1.0,1.0,0.0,1.686,0.0
1784381333.153862,25369,0,0,31,1.0,1.0,1.0,0.0,1.685,0.0
1784381333.2329888,25379,0,0,31,1.0,1.0,1.0,0.0,1.685,0.0
1784381333.3331027,25389,0,0,31,1.0,1.0,1.0,0.0,1.684,0.0
1784381333.4199128,25399,0,0,31,1.0,1.0,1.0,0.0,1.683,0.0
1784381333.5014188,25409,0,0,31,1.0,1.0,1.0,0.0,1.683,0.0
1784381333.5820081,25419,0,0,31,1.0,1.0,1.0,0.0,1.682,0.0
1784381333.6592915,25429,0,0,31,1.0,1.0,1.0,0.0,1.681,0.0
1784381333.7663167,25439,0,0,31,1.0,1.0,1.0,0.0,1.681,0.0
1784381333.8723054,25449,0,0,31,1.0,1.0,1.0,0.0,1.68,0.0
1784381333.965891,25459,0,0,31,1.0,1.0,1.0,0.0,1.679,0.0
1784381334.043136,25469,0,0,31,1.0,1.0,1.0,0.0,1.679,0.0
1784381334.1118438,25479,0,0,31,1.0,1.0,1.0,0.0,1.678,0.0
1784381334.1878712,25489,0,0,31,1.0,1.0,1.0,0.0,1.677,0.0
1784381334.2580616,25499,0,0,31,1.0,1.0,1.0,0.0,1.677,0.0
1784381334.325116,25509,0,0,31,1.0,1.0,1.0,0.0,1.676,0.0
1784381334.4074411,25519,0,0,31,1.0,1.0,1.0,0.0,1.675,0.0
1784381334.4889846,25529,0,0,31,1.0,1.0,1.0,0.0,1.675,0.0
1784381334.5736237,25539,0,0,31,1.0,1.0,1.0,0.0,1.674,0.0
1784381334.6556177,25549,0,0,31,1.0,1.0,1.0,0.0,1.673,0.0
1784381334.7275414,25559,0,0,31,1.0,1.0,1.0,0.0,1.673,0.0
1784381334.8071587,25569,0,0,31,1.0,1.0,1.0,0.0,1.672,0.0
1784381334.8911335,25579,0,0,31,1.0,1.0,1.0,0.0,1.671,0.0
1784381334.960694,25589,0,0,31,1.0,1.0,1.0,0.0,1.671,0.0
1784381335.0446596,25599,0,0,31,1.0,1.0,1.0,0.0,1.67,0.0
1784381335.131211,25609,0,0,31,1.0,1.0,1.0,0.0,1.669,0.0
1784381335.2259567,25619,0,0,31,1.0,1.0,1.0,0.0,1.669,0.0
1784381335.2993238,25629,0,0,31,1.0,1.0,1.0,0.0,1.668,0.0
1784381335.3756063,25639,0,0,31,1.0,1.0,1.0,0.0,1.668,0.0
1784381335.4649343,25649,0,0,31,1.0,1.0,1.0,0.0,1.667,0.0
1784381335.5384114,25659,0,0,31,1.0,1.0,1.0,0.0,1.666,0.0
1784381335.6266813,25669,0,0,31,1.0,1.0,1.0,0.0,1.666,0.0
1784381335.7195766,25679,0,0,31,1.0,1.0,1.0,0.0,1.665,0.0
1784381335.7936745,25689,0,0,31,1.0,1.0,1.0,0.0,1.664,0.0
1784381335.8586988,25699,0,0,31,1.0,1.0,1.0,0.0,1.664,0.0
1784381335.9297194,25709,0,0,31,1.0,1.0,1.0,0.0,1.663,0.0
1784381335.993685,25719,0,0,31,1.0,1.0,1.0,0.0,1.662,0.0
1784381336.0722482,25729,0,0,31,1.0,1.0,1.0,0.0,1.662,0.0
1784381336.1426961,25739,0,0,31,1.0,1.0,1.0,0.0,1.661,0.0
1784381336.213665,25749,0,0,31,1.0,1.0,1.0,0.0,1.66,0.0
1784381336.2880952,25759,0,0,31,1.0,1.0,1.0,0.0,1.66,0.0
1784381336.372428,25769,0,0,31,1.0,1.0,1.0,0.0,1.659,0.0
1784381336.4553277,25779,0,0,31,1.0,1.0,1.0,0.0,1.658,0.0
1784381336.5505188,25789,0,0,31,1.0,1.0,1.0,0.0,1.658,0.0
1784381336.6226637,25799,0,0,31,1.0,1.0,1.0,0.0,1.657,0.0
1784381336.7106872,25809,0,0,31,1.0,1.0,1.0,0.0,1.657,0.0
1784381336.7847764,25819,0,0,31,1.0,1.0,1.0,0.0,1.656,0.0
1784381336.8573854,25829,0,0,31,1.0,1.0,1.0,0.0,1.655,0.0
1784381336.9248981,25839,0,0,31,1.0,1.0,1.0,0.0,1.655,0.0
1784381336.996937,25849,0,0,31,1.0,1.0,1.0,0.0,1.654,0.0
1784381337.0721567,25859,0,0,31,1.0,1.0,1.0,0.0,1.653,0.0
1784381337.1462216,25869,0,0,31,1.0,1.0,1.0,0.0,1.653,0.0
1784381337.2122288,25879,0,0,31,1.0,1.0,1.0,0.0,1.652,0.0
1784381337.2907324,25889,0,0,31,1.0,1.0,1.0,0.0,1.651,0.0
1784381337.3893008,25899,0,0,31,1.0,1.0,1.0,0.0,1.651,0.0
1784381337.4830904,25909,0,0,31,1.0,1.0,1.0,0.0,1.65,0.0
1784381337.5626154,25919,0,0,31,1.0,1.0,1.0,0.0,1.65,0.0
1784381337.6469011,25929,0,0,31,1.0,1.0,1.0,0.0,1.649,0.0
1784381337.7386217,25939,0,0,31,1.0,1.0,1.0,0.0,1.648,0.0
1784381337.8220158,25949,0,0,31,1.0,1.0,1.0,0.0,1.648,0.0
1784381337.905956,25959,0,0,31,1.0,1.0,1.0,0.0,1.647,0.0
1784381338.0103083,25969,0,0,31,1.0,1.0,1.0,0.0,1.646,0.0
1784381338.106641,25979,0,0,31,1.0,1.0,1.0,0.0,1.646,0.0
1784381338.2037218,25989,0,0,31,1.0,1.0,1.0,0.0,1.645,0.0
1784381338.3130414,25999,0,0,31,1.0,1.0,1.0,0.0,1.644,0.0
1784381338.391549,26009,0,0,31,1.0,1.0,1.0,0.0,1.644,0.0
1784381338.4745529,26019,0,0,31,1.0,1.0,1.0,0.0,1.643,0.0
1784381338.5554855,26029,0,0,31,1.0,1.0,1.0,0.0,1.643,0.0
1784381338.6227279,26039,0,0,31,1.0,1.0,1.0,0.0,1.642,0.0
1784381338.7087362,26049,0,0,31,1.0,1.0,1.0,0.0,1.641,0.0
1784381338.8014133,26059,0,0,31,1.0,1.0,1.0,0.0,1.641,0.0
1784381338.885743,26069,0,0,31,1.0,1.0,1.0,0.0,1.64,0.0
1784381338.9714298,26079,0,0,31,1.0,1.0,1.0,0.0,1.639,0.0
1784381339.0451365,26089,0,0,31,1.0,1.0,1.0,0.0,1.639,0.0
1784381339.1501312,26099,0,0,31,1.0,1.0,1.0,0.0,1.638,0.0
1784381339.2596037,26109,0,0,31,1.0,1.0,1.0,0.0,1.638,0.0
1784381339.3649635,26119,0,0,31,1.0,1.0,1.0,0.0,1.637,0.0
1784381339.4843037,26129,0,0,31,1.0,1.0,1.0,0.0,1.636,0.0
1784381339.5733137,26139,0,0,31,1.0,1.0,1.0,0.0,1.636,0.0
1784381339.658975,26149,0,0,31,1.0,1.0,1.0,0.0,1.635,0.0
1784381339.7271156,26159,0,0,31,1.0,1.0,1.0,0.0,1.634,0.0
1784381339.8091595,26169,0,0,31,1.0,1.0,1.0,0.0,1.634,0.0
1784381339.8892357,26179,0,0,31,1.0,1.0,1.0,0.0,1.633,0.0
1784381339.9612958,26189,0,0,31,1.0,1.0,1.0,0.0,1.633,0.0
1784381340.0648458,26199,0,0,31,1.0,1.0,1.0,0.0,1.632,0.0
1784381340.128777,26209,0,0,31,1.0,1.0,1.0,0.0,1.631,0.0
1784381340.2120287,26219,0,0,31,1.0,1.0,1.0,0.0,1.631,0.0
1784381340.3096397,26229,0,0,31,1.0,1.0,1.0,0.0,1.63,0.0
1784381340.3960044,26239,0,0,31,1.0,1.0,1.0,0.0,1.629,0.0
1784381340.5042448,26249,0,0,31,1.0,1.0,1.0,0.0,1.629,0.0
1784381340.601695,26259,0,0,31,1.0,1.0,1.0,0.0,1.628,0.0
1784381340.6990724,26269,0,0,31,1.0,1.0,1.0,0.0,1.628,0.0
1784381340.7779577,26279,0,0,31,1.0,1.0,1.0,0.0,1.627,0.0
1784381340.872145,26289,0,0,31,1.0,1.0,1.0,0.0,1.626,0.0
1784381340.9661772,26299,0,0,31,1.0,1.0,1.0,0.0,1.626,0.0
1784381341.05754,26309,0,0,31,1.0,1.0,1.0,0.0,1.625,0.0
1784381341.1377807,26319,0,0,31,1.0,1.0,1.0,0.0,1.625,0.0
1784381341.2047324,26329,0,0,31,1.0,1.0,1.0,0.0,1.624,0.0
1784381341.2877274,26339,0,0,31,1.0,1.0,1.0,0.0,1.623,0.0
1784381341.367745,26349,0,0,31,1.0,1.0,1.0,0.0,1.623,0.0
1784381341.4434094,26359,0,0,31,1.0,1.0,1.0,0.0,1.622,0.0
1784381341.5254316,26369,0,0,31,1.0,1.0,1.0,0.0,1.621,0.0
1784381341.5873528,26379,0,0,31,1.0,1.0,1.0,0.0,1.621,0.0
1784381341.6518188,26389,0,0,31,1.0,1.0,1.0,0.0,1.62,0.0
1784381341.722707,26399,0,0,31,1.0,1.0,1.0,0.0,1.62,0.0
1784381341.7821252,26409,0,0,31,1.0,1.0,1.0,0.0,1.619,0.0
1784381341.8662546,26419,0,0,31,1.0,1.0,1.0,0.0,1.618,0.0
1784381341.934544,26429,0,0,31,1.0,1.0,1.0,0.0,1.618,0.0
1784381342.003148,26439,0,0,31,1.0,1.0,1.0,0.0,1.617,0.0
1784381342.0912423,26449,0,0,31,1.0,1.0,1.0,0.0,1.617,0.0
1784381342.1768153,26459,0,0,31,1.0,1.0,1.0,0.0,1.616,0.0
1784381342.2660022,26469,0,0,31,1.0,1.0,1.0,0.0,1.615,0.0
1784381342.3326647,26479,0,0,31,1.0,1.0,1.0,0.0,1.615,0.0
1784381342.4125733,26489,0,0,31,1.0,1.0,1.0,0.0,1.614,0.0
1784381342.501077,26499,0,0,31,1.0,1.0,1.0,0.0,1.613,0.0
1784381342.5958734,26509,0,0,31,1.0,1.0,1.0,0.0,1.613,0.0
1784381342.6790166,26519,0,0,31,1.0,1.0,1.0,0.0,1.612,0.0
1784381342.7586782,26529,0,0,31,1.0,1.0,1.0,0.0,1.612,0.0
1784381342.8356538,26539,0,0,31,1.0,1.0,1.0,0.0,1.611,0.0
1784381342.909937,26549,0,0,31,1.0,1.0,1.0,0.0,1.61,0.0
1784381342.9881642,26559,0,0,31,1.0,1.0,1.0,0.0,1.61,0.0
1784381343.1036625,26569,0,0,31,1.0,1.0,1.0,0.0,1.609,0.0
1784381343.1666737,26579,0,0,31,1.0,1.0,1.0,0.0,1.609,0.0
1784381343.2374337,26589,0,0,31,1.0,1.0,1.0,0.0,1.608,0.0
1784381343.3001413,26599,0,0,31,1.0,1.0,1.0,0.0,1.607,0.0
1784381343.3840768,26609,0,0,31,1.0,1.0,1.0,0.0,1.607,0.0
1784381343.4684684,26619,0,0,31,1.0,1.0,1.0,0.0,1.606,0.0
1784381343.536584,26629,0,0,31,1.0,1.0,1.0,0.0,1.606,0.0
1784381343.613582,26639,0,0,31,1.0,1.0,1.0,0.0,1.605,0.0
1784381343.7076025,26649,0,0,31,1.0,1.0,1.0,0.0,1.604,0.0
1784381343.8054621,26659,0,0,31,1.0,1.0,1.0,0.0,1.604,0.0
1784381343.9337397,26669,0,0,31,1.0,1.0,1.0,0.0,1.603,0.0
1784381344.0122707,26679,0,0,31,1.0,1.0,1.0,0.0,1.603,0.0
1784381344.082316,26689,0,0,31,1.0,1.0,1.0,0.0,1.602,0.0
1784381344.146478,26699,0,0,31,1.0,1.0,1.0,0.0,1.601,0.0
1784381344.2173173,26709,0,0,31,1.0,1.0,1.0,0.0,1.601,0.0
1784381344.2857358,26719,0,0,31,1.0,1.0,1.0,0.0,1.6,0.0
1784381344.3546507,26729,0,0,31,1.0,1.0,1.0,0.0,1.6,0.0
1784381344.453144,26739,0,0,31,1.0,1.0,1.0,0.0,1.599,0.0
1784381344.5391052,26749,0,0,31,1.0,1.0,1.0,0.0,1.598,0.0
1784381344.6149826,26759,0,0,31,1.0,1.0,1.0,0.0,1.598,0.0
1784381344.7024715,26769,0,0,31,1.0,1.0,1.0,0.0,1.597,0.0
1784381344.7893174,26779,0,0,31,1.0,1.0,1.0,0.0,1.597,0.0
1784381344.8704112,26789,0,0,31,1.0,1.0,1.0,0.0,1.596,0.0
1784381344.9369142,26799,0,0,31,1.0,1.0,1.0,0.0,1.595,0.0
1784381345.010807,26809,0,0,31,1.0,1.0,1.0,0.0,1.595,0.0
1784381345.0813735,26819,0,0,31,1.0,1.0,1.0,0.0,1.594,0.0
1784381345.1569877,26829,0,0,31,1.0,1.0,1.0,0.0,1.594,0.0
1784381345.2267556,26839,0,0,31,1.0,1.0,1.0,0.0,1.593,0.0
1784381345.3004668,26849,0,0,31,1.0,1.0,1.0,0.0,1.592,0.0
1784381345.3557732,26859,0,0,31,1.0,1.0,1.0,0.0,1.592,0.0
1784381345.4303126,26869,0,0,31,1.0,1.0,1.0,0.0,1.591,0.0
1784381345.4967337,26879,0,0,31,1.0,1.0,1.0,0.0,1.591,0.0
1784381345.5981176,26889,0,0,31,1.0,1.0,1.0,0.0,1.59,0.0
1784381345.6724644,26899,0,0,31,1.0,1.0,1.0,0.0,1.59,0.0
1784381345.7599301,26909,0,0,31,1.0,1.0,1.0,0.0,1.589,0.0
1784381345.829673,26919,0,0,31,1.0,1.0,1.0,0.0,1.588,0.0
1784381345.90682,26929,0,0,31,1.0,1.0,1.0,0.0,1.588,0.0
1784381345.9903371,26939,0,0,31,1.0,1.0,1.0,0.0,1.587,0.0
1784381346.0850766,26949,0,0,31,1.0,1.0,1.0,0.0,1.587,0.0
1784381346.1697102,26959,0,0,31,1.0,1.0,1.0,0.0,1.586,0.0
1784381346.270492,26969,0,0,31,1.0,1.0,1.0,0.0,1.585,0.0
1784381346.3587425,26979,0,0,31,1.0,1.0,1.0,0.0,1.585,0.0
1784381346.4374506,26989,0,0,31,1.0,1.0,1.0,0.0,1.584,0.0
1784381346.5247653,26999,0,0,31,1.0,1.0,1.0,0.0,1.584,0.0
1784381346.6250343,27009,0,0,31,1.0,1.0,1.0,0.0,1.583,0.0
1784381346.691396,27019,0,0,31,1.0,1.0,1.0,0.0,1.582,0.0
1784381346.7623463,27029,0,0,31,1.0,1.0,1.0,0.0,1.582,0.0
1784381346.8386002,27039,0,0,31,1.0,1.0,1.0,0.0,1.581,0.0
1784381346.9254067,27049,0,0,31,1.0,1.0,1.0,0.0,1.581,0.0
1784381346.9954162,27059,0,0,31,1.0,1.0,1.0,0.0,1.58,0.0
1784381347.08532,27069,0,0,31,1.0,1.0,1.0,0.0,1.58,0.0
1784381347.168008,27079,0,0,31,1.0,1.0,1.0,0.0,1.579,0.0
1784381347.2479491,27089,0,0,31,1.0,1.0,1.0,0.0,1.578,0.0
1784381347.3585396,27099,0,0,31,1.0,1.0,1.0,0.0,1.578,0.0
1784381347.4426465,27109,0,0,31,1.0,1.0,1.0,0.0,1.577,0.0
1784381347.522789,27119,0,0,31,1.0,1.0,1.0,0.0,1.577,0.0
1784381347.6070127,27129,0,0,31,1.0,1.0,1.0,0.0,1.576,0.0
1784381347.680974,27139,0,0,31,1.0,1.0,1.0,0.0,1.576,0.0
1784381347.7446136,27149,0,0,31,1.0,1.0,1.0,0.0,1.575,0.0
1784381347.8323853,27159,0,0,31,1.0,1.0,1.0,0.0,1.574,0.0
1784381347.9091032,27169,0,0,31,1.0,1.0,1.0,0.0,1.574,0.0
1784381347.975958,27179,0,0,31,1.0,1.0,1.0,0.0,1.573,0.0
1784381348.0525503,27189,0,0,31,1.0,1.0,1.0,0.0,1.573,0.0
1784381348.1223083,27199,0,0,31,1.0,1.0,1.0,0.0,1.572,0.0
1784381348.213004,27209,0,0,31,1.0,1.0,1.0,0.0,1.571,0.0
1784381348.2872493,27219,0,0,31,1.0,1.0,1.0,0.0,1.571,0.0
1784381348.3614714,27229,0,0,31,1.0,1.0,1.0,0.0,1.57,0.0
1784381348.4290278,27239,0,0,31,1.0,1.0,1.0,0.0,1.57,0.0
1784381348.5115685,27249,0,0,31,1.0,1.0,1.0,0.0,1.569,0.0
1784381348.6020458,27259,0,0,31,1.0,1.0,1.0,0.0,1.569,0.0
1784381348.7033584,27269,0,0,31,1.0,1.0,1.0,0.0,1.568,0.0
1784381348.7704942,27279,0,0,31,1.0,1.0,1.0,0.0,1.567,0.0
1784381348.858873,27289,0,0,31,1.0,1.0,1.0,0.0,1.567,0.0
1784381348.9559138,27299,0,0,31,1.0,1.0,1.0,0.0,1.566,0.0
1784381349.0271542,27309,0,0,31,1.0,1.0,1.0,0.0,1.566,0.0
1784381349.1052158,27319,0,0,31,1.0,1.0,1.0,0.0,1.565,0.0
1784381349.194185,27329,0,0,31,1.0,1.0,1.0,0.0,1.565,0.0
1784381349.2929409,27339,0,0,31,1.0,1.0,1.0,0.0,1.564,0.0
1784381349.376691,27349,0,0,31,1.0,1.0,1.0,0.0,1.563,0.0
1784381349.4921308,27359,0,0,31,1.0,1.0,1.0,0.0,1.563,0.0
1784381349.5795982,27369,0,0,31,1.0,1.0,1.0,0.0,1.562,0.0
1784381349.6473968,27379,0,0,31,1.0,1.0,1.0,0.0,1.562,0.0
1784381349.7156858,27389,0,0,31,1.0,1.0,1.0,0.0,1.561,0.0
1784381349.7942889,27399,0,0,31,1.0,1.0,1.0,0.0,1.561,0.0
1784381349.871658,27409,0,0,31,1.0,1.0,1.0,0.0,1.56,0.0
1784381349.957382,27419,0,0,31,1.0,1.0,1.0,0.0,1.559,0.0
1784381350.0268226,27429,0,0,31,1.0,1.0,1.0,0.0,1.559,0.0
1784381350.1102848,27439,0,0,31,1.0,1.0,1.0,0.0,1.558,0.0
1784381350.179271,27449,0,0,31,1.0,1.0,1.0,0.0,1.558,0.0
1784381350.2486248,27459,0,0,31,1.0,1.0,1.0,0.0,1.557,0.0
1784381350.3124385,27469,0,0,31,1.0,1.0,1.0,0.0,1.557,0.0
1784381350.382125,27479,0,0,31,1.0,1.0,1.0,0.0,1.556,0.0
1784381350.4504247,27489,0,0,31,1.0,1.0,1.0,0.0,1.555,0.0
1784381350.5388708,27499,0,0,31,1.0,1.0,1.0,0.0,1.555,0.0
1784381350.6257327,27509,0,0,31,1.0,1.0,1.0,0.0,1.554,0.0
1784381350.7111335,27519,0,0,31,1.0,1.0,1.0,0.0,1.554,0.0
1784381350.7769098,27529,0,0,31,1.0,1.0,1.0,0.0,1.553,0.0
1784381350.8502276,27539,0,0,31,1.0,1.0,1.0,0.0,1.553,0.0
1784381350.9191113,27549,0,0,31,1.0,1.0,1.0,0.0,1.552,0.0
1784381350.9926643,27559,0,0,31,1.0,1.0,1.0,0.0,1.552,0.0
1784381351.0802162,27569,0,0,31,1.0,1.0,1.0,0.0,1.551,0.0
1784381351.1685612,27579,0,0,31,1.0,1.0,1.0,0.0,1.55,0.0
1784381351.2389872,27589,0,0,31,1.0,1.0,1.0,0.0,1.55,0.0
1784381351.3066854,27599,0,0,31,1.0,1.0,1.0,0.0,1.549,0.0
1784381351.369642,27609,0,0,31,1.0,1.0,1.0,0.0,1.549,0.0
1784381351.4322722,27619,0,0,31,1.0,1.0,1.0,0.0,1.548,0.0
1784381351.494446,27629,0,0,31,1.0,1.0,1.0,0.0,1.548,0.0
1784381351.5760844,27639,0,0,31,1.0,1.0,1.0,0.0,1.547,0.0
1784381351.6469543,27649,0,0,31,1.0,1.0,1.0,0.0,1.546,0.0
1784381351.7310333,27659,0,0,31,1.0,1.0,1.0,0.0,1.546,0.0
1784381351.814845,27669,0,0,31,1.0,1.0,1.0,0.0,1.545,0.0
1784381351.9089108,27679,0,0,31,1.0,1.0,1.0,0.0,1.545,0.0
1784381351.9636545,27689,0,0,31,1.0,1.0,1.0,0.0,1.544,0.0
1784381352.0279834,27699,0,0,31,1.0,1.0,1.0,0.0,1.544,0.0
1784381352.105064,27709,0,0,31,1.0,1.0,1.0,0.0,1.543,0.0
1784381352.1688917,27719,0,0,31,1.0,1.0,1.0,0.0,1.543,0.0
1784381352.2302768,27729,0,0,31,1.0,1.0,1.0,0.0,1.542,0.0
1784381352.2948334,27739,0,0,31,1.0,1.0,1.0,0.0,1.541,0.0
1784381352.3525555,27749,0,0,31,1.0,1.0,1.0,0.0,1.541,0.0
1784381352.4078202,27759,0,0,31,1.0,1.0,1.0,0.0,1.54,0.0
1784381352.4739695,27769,0,0,31,1.0,1.0,1.0,0.0,1.54,0.0
1784381352.5539482,27779,0,0,31,1.0,1.0,1.0,0.0,1.539,0.0
1784381352.6133533,27789,0,0,31,1.0,1.0,1.0,0.0,1.539,0.0
1784381352.6921196,27799,0,0,31,1.0,1.0,1.0,0.0,1.538,0.0
1784381352.7678375,27809,0,0,31,1.0,1.0,1.0,0.0,1.538,0.0
1784381352.861973,27819,0,0,31,1.0,1.0,1.0,0.0,1.537,0.0
1784381352.9471254,27829,0,0,31,1.0,1.0,1.0,0.0,1.537,0.0
1784381353.017348,27839,0,0,31,1.0,1.0,1.0,0.0,1.536,0.0
1784381353.088273,27849,0,0,31,1.0,1.0,1.0,0.0,1.535,0.0
1784381353.1539977,27859,0,0,31,1.0,1.0,1.0,0.0,1.535,0.0
1784381353.2208672,27869,0,0,31,1.0,1.0,1.0,0.0,1.534,0.0
1784381353.2905512,27879,0,0,31,1.0,1.0,1.0,0.0,1.534,0.0
1784381353.376919,27889,0,0,31,1.0,1.0,1.0,0.0,1.533,0.0
1784381353.457506,27899,0,0,31,1.0,1.0,1.0,0.0,1.533,0.0
1784381353.5255258,27909,0,0,31,1.0,1.0,1.0,0.0,1.532,0.0
1784381353.6050138,27919,0,0,31,1.0,1.0,1.0,0.0,1.532,0.0
1784381353.6985698,27929,0,0,31,1.0,1.0,1.0,0.0,1.531,0.0
1784381353.7859714,27939,0,0,31,1.0,1.0,1.0,0.0,1.53,0.0
1784381353.8564768,27949,0,0,31,1.0,1.0,1.0,0.0,1.53,0.0
1784381353.9110618,27959,0,0,31,1.0,1.0,1.0,0.0,1.529,0.0
1784381353.9959116,27969,0,0,31,1.0,1.0,1.0,0.0,1.529,0.0
1784381354.0656428,27979,0,0,31,1.0,1.0,1.0,0.0,1.528,0.0
1784381354.1163597,27989,0,0,31,1.0,1.0,1.0,0.0,1.528,0.0
1784381354.2073905,27999,0,0,31,1.0,1.0,1.0,0.0,1.527,0.0
1784381354.318248,28009,0,0,31,1.0,1.0,1.0,0.0,1.527,0.0
1784381354.3927944,28019,0,0,31,1.0,1.0,1.0,0.0,1.526,0.0
1784381354.4502494,28029,0,0,31,1.0,1.0,1.0,0.0,1.526,0.0
1784381354.5308654,28039,0,0,31,1.0,1.0,1.0,0.0,1.525,0.0
1784381354.6026568,28049,0,0,31,1.0,1.0,1.0,0.0,1.524,0.0
1784381354.666751,28059,0,0,31,1.0,1.0,1.0,0.0,1.524,0.0
1784381354.7206926,28069,0,0,31,1.0,1.0,1.0,0.0,1.523,0.0
1784381354.786723,28079,0,0,31,1.0,1.0,1.0,0.0,1.523,0.0
1784381354.8489366,28089,0,0,31,1.0,1.0,1.0,0.0,1.522,0.0
1784381354.9072225,28099,0,0,31,1.0,1.0,1.0,0.0,1.522,0.0
1784381354.9688907,28109,0,0,31,1.0,1.0,1.0,0.0,1.521,0.0
1784381355.0236354,28119,0,0,31,1.0,1.0,1.0,0.0,1.521,0.0
1784381355.0863552,28129,0,0,31,1.0,1.0,1.0,0.0,1.52,0.0
1784381355.1431322,28139,0,0,31,1.0,1.0,1.0,0.0,1.52,0.0
1784381355.204291,28149,0,0,31,1.0,1.0,1.0,0.0,1.519,0.0
1784381355.2530231,28159,0,0,31,1.0,1.0,1.0,0.0,1.519,0.0
1784381355.3088114,28169,0,0,31,1.0,1.0,1.0,0.0,1.518,0.0
1784381355.3635807,28179,0,0,31,1.0,1.0,1.0,0.0,1.517,0.0
1784381355.425067,28189,0,0,31,1.0,1.0,1.0,0.0,1.517,0.0
1784381355.4781535,28199,0,0,31,1.0,1.0,1.0,0.0,1.516,0.0
1784381355.5468986,28209,0,0,31,1.0,1.0,1.0,0.0,1.516,0.0
1784381355.6145058,28219,0,0,31,1.0,1.0,1.0,0.0,1.515,0.0
1784381355.6817033,28229,0,0,31,1.0,1.0,1.0,0.0,1.515,0.0
1784381355.7442026,28239,0,0,31,1.0,1.0,1.0,0.0,1.514,0.0
1784381355.806417,28249,0,0,31,1.0,1.0,1.0,0.0,1.514,0.0
1784381355.8777256,28259,0,0,31,1.0,1.0,1.0,0.0,1.513,0.0
1784381355.9427164,28269,0,0,31,1.0,1.0,1.0,0.0,1.513,0.0
1784381356.017368,28279,0,0,31,1.0,1.0,1.0,0.0,1.512,0.0
1784381356.0956354,28289,0,0,31,1.0,1.0,1.0,0.0,1.512,0.0
1784381356.1603334,28299,0,0,31,1.0,1.0,1.0,0.0,1.511,0.0
1784381356.2219622,28309,0,0,31,1.0,1.0,1.0,0.0,1.511,0.0
1784381356.278259,28319,0,0,31,1.0,1.0,1.0,0.0,1.51,0.0
1784381356.3405132,28329,0,0,31,1.0,1.0,1.0,0.0,1.509,0.0
1784381356.4098399,28339,0,0,31,1.0,1.0,1.0,0.0,1.509,0.0
1784381356.475144,28349,0,0,31,1.0,1.0,1.0,0.0,1.508,0.0
1784381356.5448594,28359,0,0,31,1.0,1.0,1.0,0.0,1.508,0.0
1784381356.622234,28369,0,0,31,1.0,1.0,1.0,0.0,1.507,0.0
1784381356.691561,28379,0,0,31,1.0,1.0,1.0,0.0,1.507,0.0
1784381356.748699,28389,0,0,31,1.0,1.0,1.0,0.0,1.506,0.0
1784381356.8087976,28399,0,0,31,1.0,1.0,1.0,0.0,1.506,0.0
1784381356.8751626,28409,0,0,31,1.0,1.0,1.0,0.0,1.505,0.0
1784381356.9332442,28419,0,0,31,1.0,1.0,1.0,0.0,1.505,0.0
1784381356.9937613,28429,0,0,31,1.0,1.0,1.0,0.0,1.504,0.0
1784381357.0504084,28439,0,0,31,1.0,1.0,1.0,0.0,1.504,0.0
1784381357.1181183,28449,0,0,31,1.0,1.0,1.0,0.0,1.503,0.0
1784381357.1916225,28459,0,0,31,1.0,1.0,1.0,0.0,1.503,0.0
1784381357.2508163,28469,0,0,31,1.0,1.0,1.0,0.0,1.502,0.0
1784381357.346056,28479,0,0,31,1.0,1.0,1.0,0.0,1.502,0.0
1784381357.4152033,28489,0,0,31,1.0,1.0,1.0,0.0,1.501,0.0
1784381357.4783595,28499,0,0,31,1.0,1.0,1.0,0.0,1.5,0.0
1784381357.5395994,28509,0,0,31,1.0,1.0,1.0,0.0,1.5,0.0
1784381357.605527,28519,0,0,31,1.0,1.0,1.0,0.0,1.499,0.0
1784381357.6676571,28529,0,0,31,1.0,1.0,1.0,0.0,1.499,0.0
1784381357.72837,28539,0,0,31,1.0,1.0,1.0,0.0,1.498,0.0
1784381357.800445,28549,0,0,31,1.0,1.0,1.0,0.0,1.498,0.0
1784381357.8593874,28559,0,0,31,1.0,1.0,1.0,0.0,1.497,0.0
1784381357.918049,28569,0,0,31,1.0,1.0,1.0,0.0,1.497,0.0
1784381357.9784465,28579,0,0,31,1.0,1.0,1.0,0.0,1.496,0.0
1784381358.0383437,28589,0,0,31,1.0,1.0,1.0,0.0,1.496,0.0
1784381358.110767,28599,0,0,31,1.0,1.0,1.0,0.0,1.495,0.0
1784381358.184752,28609,0,0,31,1.0,1.0,1.0,0.0,1.495,0.0
1784381358.2822447,28619,0,0,31,1.0,1.0,1.0,0.0,1.494,0.0
1784381358.3727646,28629,0,0,31,1.0,1.0,1.0,0.0,1.494,0.0
1784381358.4569273,28639,0,0,31,1.0,1.0,1.0,0.0,1.493,0.0
1784381358.5380275,28649,0,0,31,1.0,1.0,1.0,0.0,1.493,0.0
1784381358.6164253,28659,0,0,31,1.0,1.0,1.0,0.0,1.492,0.0
1784381358.6833198,28669,0,0,31,1.0,1.0,1.0,0.0,1.492,0.0
1784381358.7594988,28679,0,0,31,1.0,1.0,1.0,0.0,1.491,0.0
1784381358.8267107,28689,0,0,31,1.0,1.0,1.0,0.0,1.491,0.0
1784381358.8893373,28699,0,0,31,1.0,1.0,1.0,0.0,1.49,0.0
1784381358.9579809,28709,0,0,31,1.0,1.0,1.0,0.0,1.49,0.0
1784381359.0259602,28719,0,0,31,1.0,1.0,1.0,0.0,1.489,0.0
1784381359.0955353,28729,0,0,31,1.0,1.0,1.0,0.0,1.488,0.0
1784381359.15656,28739,0,0,31,1.0,1.0,1.0,0.0,1.488,0.0
1784381359.2194576,28749,0,0,31,1.0,1.0,1.0,0.0,1.487,0.0
1784381359.2762218,28759,0,0,31,1.0,1.0,1.0,0.0,1.487,0.0
1784381359.3403156,28769,0,0,31,1.0,1.0,1.0,0.0,1.486,0.0
1784381359.402999,28779,0,0,31,1.0,1.0,1.0,0.0,1.486,0.0
1784381359.4794686,28789,0,0,31,1.0,1.0,1.0,0.0,1.485,0.0
1784381359.5467646,28799,0,0,31,1.0,1.0,1.0,0.0,1.485,0.0
1784381359.6342182,28809,0,0,31,1.0,1.0,1.0,0.0,1.484,0.0
1784381359.713334,28819,0,0,31,1.0,1.0,1.0,0.0,1.484,0.0
1784381359.7868757,28829,0,0,31,1.0,1.0,1.0,0.0,1.483,0.0
1784381359.8723211,28839,0,0,31,1.0,1.0,1.0,0.0,1.483,0.0
1784381359.9601886,28849,0,0,31,1.0,1.0,1.0,0.0,1.482,0.0
1784381360.035851,28859,0,0,31,1.0,1.0,1.0,0.0,1.482,0.0
1784381360.1099033,28869,0,0,31,1.0,1.0,1.0,0.0,1.481,0.0
1784381360.1916208,28879,0,0,31,1.0,1.0,1.0,0.0,1.481,0.0
1784381360.2470686,28889,0,0,31,1.0,1.0,1.0,0.0,1.48,0.0
1784381360.3194335,28899,0,0,31,1.0,1.0,1.0,0.0,1.48,0.0
1784381360.3781784,28909,0,0,31,1.0,1.0,1.0,0.0,1.479,0.0
1784381360.4452186,28919,0,0,31,1.0,1.0,1.0,0.0,1.479,0.0
1784381360.5231736,28929,0,0,31,1.0,1.0,1.0,0.0,1.478,0.0
1784381360.5929606,28939,0,0,31,1.0,1.0,1.0,0.0,1.478,0.0
1784381360.6898124,28949,0,0,31,1.0,1.0,1.0,0.0,1.477,0.0
1784381360.7724748,28959,0,0,31,1.0,1.0,1.0,0.0,1.477,0.0
1784381360.8295588,28969,0,0,31,1.0,1.0,1.0,0.0,1.476,0.0
1784381360.9126556,28979,0,0,31,1.0,1.0,1.0,0.0,1.476,0.0
1784381360.9945343,28989,0,0,31,1.0,1.0,1.0,0.0,1.475,0.0
1784381361.0601714,28999,0,0,31,1.0,1.0,1.0,0.0,1.475,0.0
1784381361.1187444,29009,0,0,31,1.0,1.0,1.0,0.0,1.474,0.0
1784381361.1956952,29019,0,0,31,1.0,1.0,1.0,0.0,1.474,0.0
1784381361.2636292,29029,0,0,31,1.0,1.0,1.0,0.0,1.473,0.0
1784381361.3578835,29039,0,0,31,1.0,1.0,1.0,0.0,1.473,0.0
1784381361.4243248,29049,0,0,31,1.0,1.0,1.0,0.0,1.472,0.0
1784381361.4962652,29059,0,0,31,1.0,1.0,1.0,0.0,1.472,0.0
1784381361.56635,29069,0,0,31,1.0,1.0,1.0,0.0,1.471,0.0
1784381361.6424255,29079,0,0,31,1.0,1.0,1.0,0.0,1.471,0.0
1784381361.6943598,29089,0,0,31,1.0,1.0,1.0,0.0,1.47,0.0
1784381361.7623065,29099,0,0,31,1.0,1.0,1.0,0.0,1.47,0.0
1784381361.8355598,29109,0,0,31,1.0,1.0,1.0,0.0,1.469,0.0
1784381361.8934333,29119,0,0,31,1.0,1.0,1.0,0.0,1.469,0.0
1784381361.9726837,29129,0,0,31,1.0,1.0,1.0,0.0,1.468,0.0
1784381362.0442865,29139,0,0,31,1.0,1.0,1.0,0.0,1.468,0.0
1784381362.1116264,29149,0,0,31,1.0,1.0,1.0,0.0,1.467,0.0
1784381362.1700847,29159,0,0,31,1.0,1.0,1.0,0.0,1.467,0.0
1784381362.233544,29169,0,0,31,1.0,1.0,1.0,0.0,1.466,0.0
1784381362.298984,29179,0,0,31,1.0,1.0,1.0,0.0,1.466,0.0
1784381362.3719652,29189,0,0,31,1.0,1.0,1.0,0.0,1.465,0.0
1784381362.4437356,29199,0,0,31,1.0,1.0,1.0,0.0,1.465,0.0
1784381362.5386767,29209,0,0,31,1.0,1.0,1.0,0.0,1.464,0.0
1784381362.626686,29219,0,0,31,1.0,1.0,1.0,0.0,1.464,0.0
1784381362.7035832,29229,0,0,31,1.0,1.0,1.0,0.0,1.463,0.0
1784381362.7830102,29239,0,0,31,1.0,1.0,1.0,0.0,1.463,0.0
1784381362.8876615,29249,0,0,31,1.0,1.0,1.0,0.0,1.462,0.0
1784381362.961072,29259,0,0,31,1.0,1.0,1.0,0.0,1.462,0.0
1784381363.0196533,29269,0,0,31,1.0,1.0,1.0,0.0,1.461,0.0
1784381363.0878828,29279,0,0,31,1.0,1.0,1.0,0.0,1.461,0.0
1784381363.168396,29289,0,0,31,1.0,1.0,1.0,0.0,1.46,0.0
1784381363.2474203,29299,0,0,31,1.0,1.0,1.0,0.0,1.46,0.0
1784381363.3163989,29309,0,0,31,1.0,1.0,1.0,0.0,1.459,0.0
1784381363.389588,29319,0,0,31,1.0,1.0,1.0,0.0,1.459,0.0
1784381363.4601717,29329,0,0,31,1.0,1.0,1.0,0.0,1.458,0.0
1784381363.544227,29339,0,0,31,1.0,1.0,1.0,0.0,1.458,0.0
1784381363.6292672,29349,0,0,31,1.0,1.0,1.0,0.0,1.457,0.0
1784381363.7112725,29359,0,0,31,1.0,1.0,1.0,0.0,1.457,0.0
1784381363.832154,29369,0,0,31,1.0,1.0,1.0,0.0,1.456,0.0
1784381363.9184282,29379,0,0,31,1.0,1.0,1.0,0.0,1.456,0.0
1784381363.9990253,29389,0,0,31,1.0,1.0,1.0,0.0,1.455,0.0
1784381364.0792909,29399,0,0,31,1.0,1.0,1.0,0.0,1.455,0.0
1784381364.1495585,29409,0,0,31,1.0,1.0,1.0,0.0,1.454,0.0
1784381364.215486,29419,0,0,31,1.0,1.0,1.0,0.0,1.454,0.0
1784381364.279228,29429,0,0,31,1.0,1.0,1.0,0.0,1.453,0.0
1784381364.3735085,29439,0,0,31,1.0,1.0,1.0,0.0,1.453,0.0
1784381364.435217,29449,0,0,31,1.0,1.0,1.0,0.0,1.452,0.0
1784381364.5041454,29459,0,0,31,1.0,1.0,1.0,0.0,1.452,0.0
1784381364.573935,29469,0,0,31,1.0,1.0,1.0,0.0,1.451,0.0
1784381364.6477642,29479,0,0,31,1.0,1.0,1.0,0.0,1.451,0.0
1784381364.721854,29489,0,0,31,1.0,1.0,1.0,0.0,1.45,0.0
1784381364.7915032,29499,0,0,31,1.0,1.0,1.0,0.0,1.45,0.0
1784381364.878894,29509,0,0,31,1.0,1.0,1.0,0.0,1.449,0.0
1784381364.9423752,29519,0,0,31,1.0,1.0,1.0,0.0,1.449,0.0
1784381365.018002,29529,0,0,31,1.0,1.0,1.0,0.0,1.448,0.0
1784381365.0830512,29539,0,0,31,1.0,1.0,1.0,0.0,1.448,0.0
1784381365.1503534,29549,0,0,31,1.0,1.0,1.0,0.0,1.447,0.0
1784381365.2194211,29559,0,0,31,1.0,1.0,1.0,0.0,1.447,0.0
1784381365.2910373,29569,0,0,31,1.0,1.0,1.0,0.0,1.446,0.0
1784381365.3650022,29579,0,0,31,1.0,1.0,1.0,0.0,1.446,0.0
1784381365.4319122,29589,0,0,31,1.0,1.0,1.0,0.0,1.445,0.0
1784381365.5254073,29599,0,0,31,1.0,1.0,1.0,0.0,1.445,0.0
1784381365.6081786,29609,0,0,31,1.0,1.0,1.0,0.0,1.444,0.0
1784381365.68691,29619,0,0,31,1.0,1.0,1.0,0.0,1.444,0.0
1784381365.7583911,29629,0,0,31,1.0,1.0,1.0,0.0,1.443,0.0
1784381365.82787,29639,0,0,31,1.0,1.0,1.0,0.0,1.443,0.0
1784381365.8882926,29649,0,0,31,1.0,1.0,1.0,0.0,1.442,0.0
1784381365.9414818,29659,0,0,31,1.0,1.0,1.0,0.0,1.442,0.0
1784381366.0012221,29669,0,0,31,1.0,1.0,1.0,0.0,1.441,0.0
1784381366.0724516,29679,0,0,31,1.0,1.0,1.0,0.0,1.441,0.0
1784381366.1457763,29689,0,0,31,1.0,1.0,1.0,0.0,1.44,0.0
1784381366.2052755,29699,0,0,31,1.0,1.0,1.0,0.0,1.44,0.0
1784381366.2936687,29709,0,0,31,1.0,1.0,1.0,0.0,1.439,0.0
1784381366.353759,29719,0,0,31,1.0,1.0,1.0,0.0,1.439,0.0
1784381366.4315755,29729,0,0,31,1.0,1.0,1.0,0.0,1.438,0.0
1784381366.5095732,29739,0,0,31,1.0,1.0,1.0,0.0,1.438,0.0
1784381366.5773675,29749,0,0,31,1.0,1.0,1.0,0.0,1.438,0.0
1784381366.6522655,29759,0,0,31,1.0,1.0,1.0,0.0,1.437,0.0
1784381366.731591,29769,0,0,31,1.0,1.0,1.0,0.0,1.437,0.0
1784381366.8024743,29779,0,0,31,1.0,1.0,1.0,0.0,1.436,0.0
1784381366.8932476,29789,0,0,31,1.0,1.0,1.0,0.0,1.436,0.0
1784381366.982931,29799,0,0,31,1.0,1.0,1.0,0.0,1.435,0.0
1784381367.0891247,29809,0,0,31,1.0,1.0,1.0,0.0,1.435,0.0
1784381367.1820357,29819,0,0,31,1.0,1.0,1.0,0.0,1.434,0.0
1784381367.2541273,29829,0,0,31,1.0,1.0,1.0,0.0,1.434,0.0
1784381367.3254552,29839,0,0,31,1.0,1.0,1.0,0.0,1.433,0.0
1784381367.3986218,29849,0,0,31,1.0,1.0,1.0,0.0,1.433,0.0
1784381367.4626796,29859,0,0,31,1.0,1.0,1.0,0.0,1.432,0.0
1784381367.5349104,29869,0,0,31,1.0,1.0,1.0,0.0,1.432,0.0
1784381367.6143262,29879,0,0,31,1.0,1.0,1.0,0.0,1.431,0.0
1784381367.6929512,29889,0,0,31,1.0,1.0,1.0,0.0,1.431,0.0
1784381367.7564588,29899,0,0,31,1.0,1.0,1.0,0.0,1.43,0.0
1784381367.8276253,29909,0,0,31,1.0,1.0,1.0,0.0,1.43,0.0
1784381367.9083307,29919,0,0,31,1.0,1.0,1.0,0.0,1.429,0.0
1784381367.9801388,29929,0,0,31,1.0,1.0,1.0,0.0,1.429,0.0
1784381368.0725353,29939,0,0,31,1.0,1.0,1.0,0.0,1.428,0.0
1784381368.13873,29949,0,0,31,1.0,1.0,1.0,0.0,1.428,0.0
1784381368.1987245,29959,0,0,31,1.0,1.0,1.0,0.0,1.427,0.0
1784381368.265249,29969,0,0,31,1.0,1.0,1.0,0.0,1.427,0.0
1784381368.3270137,29979,0,0,31,1.0,1.0,1.0,0.0,1.427,0.0
1784381368.3955657,29989,0,0,31,1.0,1.0,1.0,0.0,1.426,0.0
1784381368.4583197,29999,0,0,31,1.0,1.0,1.0,0.0,1.426,0.0
1784381368.518943,30009,0,0,31,1.0,1.0,1.0,0.0,1.425,0.0
1784381368.5853105,30019,0,0,31,1.0,1.0,1.0,0.0,1.425,0.0
1784381368.6480334,30029,0,0,31,1.0,1.0,1.0,0.0,1.424,0.0
1784381368.7163863,30039,0,0,31,1.0,1.0,1.0,0.0,1.424,0.0
1784381368.772511,30049,0,0,31,1.0,1.0,1.0,0.0,1.423,0.0
1784381368.8392644,30059,0,0,31,1.0,1.0,1.0,0.0,1.423,0.0
1784381368.907305,30069,0,0,31,1.0,1.0,1.0,0.0,1.422,0.0
1784381369.010561,30079,0,0,31,1.0,1.0,1.0,0.0,1.422,0.0
1784381369.0743463,30089,0,0,31,1.0,1.0,1.0,0.0,1.421,0.0
1784381369.1387935,30099,0,0,31,1.0,1.0,1.0,0.0,1.421,0.0
1784381369.198827,30109,0,0,31,1.0,1.0,1.0,0.0,1.42,0.0
1784381369.2628055,30119,0,0,31,1.0,1.0,1.0,0.0,1.42,0.0
1784381369.3316588,30129,0,0,31,1.0,1.0,1.0,0.0,1.419,0.0
1784381369.3998704,30139,0,0,31,1.0,1.0,1.0,0.0,1.419,0.0
1784381369.4870107,30149,0,0,31,1.0,1.0,1.0,0.0,1.418,0.0
1784381369.5589702,30159,0,0,31,1.0,1.0,1.0,0.0,1.418,0.0
1784381369.618589,30169,0,0,31,1.0,1.0,1.0,0.0,1.418,0.0
1784381369.6819406,30179,0,0,31,1.0,1.0,1.0,0.0,1.417,0.0
1784381369.7577534,30189,0,0,31,1.0,1.0,1.0,0.0,1.417,0.0
1784381369.8263197,30199,0,0,31,1.0,1.0,1.0,0.0,1.416,0.0
1784381369.9039795,30209,0,0,31,1.0,1.0,1.0,0.0,1.416,0.0
1784381369.9711516,30219,0,0,31,1.0,1.0,1.0,0.0,1.415,0.0
1784381370.044404,30229,0,0,31,1.0,1.0,1.0,0.0,1.415,0.0
1784381370.1287189,30239,0,0,31,1.0,1.0,1.0,0.0,1.414,0.0
1784381370.2074895,30249,0,0,31,1.0,1.0,1.0,0.0,1.414,0.0
1784381370.2806745,30259,0,0,31,1.0,1.0,1.0,0.0,1.413,0.0
1784381370.3535547,30269,0,0,31,1.0,1.0,1.0,0.0,1.413,0.0
1784381370.4288592,30279,0,0,31,1.0,1.0,1.0,0.0,1.412,0.0
1784381370.5050237,30289,0,0,31,1.0,1.0,1.0,0.0,1.412,0.0
1784381370.576238,30299,0,0,31,1.0,1.0,1.0,0.0,1.411,0.0
1784381370.6480732,30309,0,0,31,1.0,1.0,1.0,0.0,1.411,0.0
1784381370.7165396,30319,0,0,31,1.0,1.0,1.0,0.0,1.411,0.0
1784381370.80855,30329,0,0,31,1.0,1.0,1.0,0.0,1.41,0.0
1784381370.8855386,30339,0,0,31,1.0,1.0,1.0,0.0,1.41,0.0
1784381370.9760776,30349,0,0,31,1.0,1.0,1.0,0.0,1.409,0.0
1784381371.0400052,30359,0,0,31,1.0,1.0,1.0,0.0,1.409,0.0
1784381371.108886,30369,0,0,31,1.0,1.0,1.0,0.0,1.408,0.0
1784381371.1843438,30379,0,0,31,1.0,1.0,1.0,0.0,1.408,0.0
1784381371.2721484,30389,0,0,31,1.0,1.0,1.0,0.0,1.407,0.0
1784381371.346988,30399,0,0,31,1.0,1.0,1.0,0.0,1.407,0.0
1784381371.4421232,30409,0,0,31,1.0,1.0,1.0,0.0,1.406,0.0
1784381371.5217383,30419,0,0,31,1.0,1.0,1.0,0.0,1.406,0.0
1784381371.6035228,30429,0,0,31,1.0,1.0,1.0,0.0,1.405,0.0
1784381371.6697586,30439,0,0,31,1.0,1.0,1.0,0.0,1.405,0.0
1784381371.7500324,30449,0,0,31,1.0,1.0,1.0,0.0,1.405,0.0
1784381371.8039832,30459,0,0,31,1.0,1.0,1.0,0.0,1.404,0.0
1784381371.8615582,30469,0,0,31,1.0,1.0,1.0,0.0,1.404,0.0
1784381371.926853,30479,0,0,31,1.0,1.0,1.0,0.0,1.403,0.0
1784381372.0114691,30489,0,0,31,1.0,1.0,1.0,0.0,1.403,0.0
1784381372.0925593,30499,0,0,31,1.0,1.0,1.0,0.0,1.402,0.0
1784381372.1480865,30509,0,0,31,1.0,1.0,1.0,0.0,1.402,0.0
1784381372.2291927,30519,0,0,31,1.0,1.0,1.0,0.0,1.401,0.0
1784381372.2966316,30529,0,0,31,1.0,1.0,1.0,0.0,1.401,0.0
1784381372.3841705,30539,0,0,31,1.0,1.0,1.0,0.0,1.4,0.0
1784381372.451272,30549,0,0,31,1.0,1.0,1.0,0.0,1.4,0.0
1784381372.5454667,30559,0,0,31,1.0,1.0,1.0,0.0,1.399,0.0
1784381372.6345348,30569,0,0,31,1.0,1.0,1.0,0.0,1.399,0.0
1784381372.7122996,30579,0,0,31,1.0,1.0,1.0,0.0,1.399,0.0
1784381372.7873347,30589,0,0,31,1.0,1.0,1.0,0.0,1.398,0.0
1784381372.8475013,30599,0,0,31,1.0,1.0,1.0,0.0,1.398,0.0
1784381372.9186144,30609,0,0,31,1.0,1.0,1.0,0.0,1.397,0.0
1784381372.9845598,30619,0,0,31,1.0,1.0,1.0,0.0,1.397,0.0
1784381373.0502167,30629,0,0,31,1.0,1.0,1.0,0.0,1.396,0.0
1784381373.1231015,30639,0,0,31,1.0,1.0,1.0,0.0,1.396,0.0
1784381373.2004128,30649,0,0,31,1.0,1.0,1.0,0.0,1.395,0.0
1784381373.2755291,30659,0,0,31,1.0,1.0,1.0,0.0,1.395,0.0
1784381373.3384888,30669,0,0,31,1.0,1.0,1.0,0.0,1.394,0.0
1784381373.4186616,30679,0,0,31,1.0,1.0,1.0,0.0,1.394,0.0
1784381373.5091968,30689,0,0,31,1.0,1.0,1.0,0.0,1.394,0.0
1784381373.578019,30699,0,0,31,1.0,1.0,1.0,0.0,1.393,0.0
1784381373.6444795,30709,0,0,31,1.0,1.0,1.0,0.0,1.393,0.0
1784381373.7120376,30719,0,0,31,1.0,1.0,1.0,0.0,1.392,0.0
1784381373.7884822,30729,0,0,31,1.0,1.0,1.0,0.0,1.392,0.0
1784381373.8583696,30739,0,0,31,1.0,1.0,1.0,0.0,1.391,0.0
1784381373.9341521,30749,0,0,31,1.0,1.0,1.0,0.0,1.391,0.0
1784381373.997312,30759,0,0,31,1.0,1.0,1.0,0.0,1.39,0.0
1784381374.0649216,30769,0,0,31,1.0,1.0,1.0,0.0,1.39,0.0
1784381374.134231,30779,0,0,31,1.0,1.0,1.0,0.0,1.39,0.0
1784381374.1990106,30789,0,0,31,1.0,1.0,1.0,0.0,1.389,0.0
1784381374.273536,30799,0,0,31,1.0,1.0,1.0,0.0,1.389,0.0
1784381374.339782,30809,0,0,31,1.0,1.0,1.0,0.0,1.388,0.0
1784381374.4368832,30819,0,0,31,1.0,1.0,1.0,0.0,1.388,0.0
1784381374.514203,30829,0,0,31,1.0,1.0,1.0,0.0,1.387,0.0
1784381374.6039207,30839,0,0,31,1.0,1.0,1.0,0.0,1.387,0.0
1784381374.699872,30849,0,0,31,1.0,1.0,1.0,0.0,1.386,0.0
1784381374.8059733,30859,0,0,31,1.0,1.0,1.0,0.0,1.386,0.0
1784381374.8804147,30869,0,0,31,1.0,1.0,1.0,0.0,1.385,0.0
1784381374.9494762,30879,0,0,31,1.0,1.0,1.0,0.0,1.385,0.0
1784381375.0223722,30889,0,0,31,1.0,1.0,1.0,0.0,1.385,0.0
1784381375.0881705,30899,0,0,31,1.0,1.0,1.0,0.0,1.384,0.0
1784381375.1515305,30909,0,0,31,1.0,1.0,1.0,0.0,1.384,0.0
1784381375.2223127,30919,0,0,31,1.0,1.0,1.0,0.0,1.383,0.0
1784381375.3025687,30929,0,0,31,1.0,1.0,1.0,0.0,1.383,0.0
1784381375.414938,30939,0,0,31,1.0,1.0,1.0,0.0,1.382,0.0
1784381375.497262,30949,0,0,31,1.0,1.0,1.0,0.0,1.382,0.0
1784381375.555613,30959,0,0,31,1.0,1.0,1.0,0.0,1.381,0.0
1784381375.614342,30969,0,0,31,1.0,1.0,1.0,0.0,1.381,0.0
1784381375.6946008,30979,0,0,31,1.0,1.0,1.0,0.0,1.381,0.0
1784381375.779372,30989,0,0,31,1.0,1.0,1.0,0.0,1.38,0.0
1784381375.855496,30999,0,0,31,1.0,1.0,1.0,0.0,1.38,0.0
1784381375.92173,31009,0,0,31,1.0,1.0,1.0,0.0,1.379,0.0
1784381376.0139205,31019,0,0,31,1.0,1.0,1.0,0.0,1.379,0.0
1784381376.0776827,31029,0,0,31,1.0,1.0,1.0,0.0,1.378,0.0
1784381376.1403787,31039,0,0,31,1.0,1.0,1.0,0.0,1.378,0.0
1784381376.2115026,31049,0,0,31,1.0,1.0,1.0,0.0,1.377,0.0
1784381376.301722,31059,0,0,31,1.0,1.0,1.0,0.0,1.377,0.0
1784381376.3764386,31069,0,0,31,1.0,1.0,1.0,0.0,1.377,0.0
1784381376.4424303,31079,0,0,31,1.0,1.0,1.0,0.0,1.376,0.0
1784381376.507869,31089,0,0,31,1.0,1.0,1.0,0.0,1.376,0.0
1784381376.570715,31099,0,0,31,1.0,1.0,1.0,0.0,1.375,0.0
1784381376.633961,31109,0,0,31,1.0,1.0,1.0,0.0,1.375,0.0
1784381376.7003102,31119,0,0,31,1.0,1.0,1.0,0.0,1.374,0.0
1784381376.7944093,31129,0,0,31,1.0,1.0,1.0,0.0,1.374,0.0
1784381376.8649218,31139,0,0,31,1.0,1.0,1.0,0.0,1.373,0.0
1784381376.9422927,31149,0,0,31,1.0,1.0,1.0,0.0,1.373,0.0
1784381377.0183017,31159,0,0,31,1.0,1.0,1.0,0.0,1.373,0.0
1784381377.100316,31169,0,0,31,1.0,1.0,1.0,0.0,1.372,0.0
1784381377.1815565,31179,0,0,31,1.0,1.0,1.0,0.0,1.372,0.0
1784381377.248918,31189,0,0,31,1.0,1.0,1.0,0.0,1.371,0.0
1784381377.3481693,31199,0,0,31,1.0,1.0,1.0,0.0,1.371,0.0
1784381377.4241877,31209,0,0,31,1.0,1.0,1.0,0.0,1.37,0.0
1784381377.4918072,31219,0,0,31,1.0,1.0,1.0,0.0,1.37,0.0
1784381377.5762596,31229,0,0,31,1.0,1.0,1.0,0.0,1.37,0.0
1784381377.6652787,31239,0,0,31,1.0,1.0,1.0,0.0,1.369,0.0
1784381377.7392457,31249,0,0,31,1.0,1.0,1.0,0.0,1.369,0.0
1784381377.8015594,31259,0,0,31,1.0,1.0,1.0,0.0,1.368,0.0
1784381377.8693788,31269,0,0,31,1.0,1.0,1.0,0.0,1.368,0.0
1784381377.9366987,31279,0,0,31,1.0,1.0,1.0,0.0,1.367,0.0
1784381378.0054746,31289,0,0,31,1.0,1.0,1.0,0.0,1.367,0.0
1784381378.070252,31299,0,0,31,1.0,1.0,1.0,0.0,1.366,0.0
1784381378.125362,31309,0,0,31,1.0,1.0,1.0,0.0,1.366,0.0
1784381378.181397,31319,0,0,31,1.0,1.0,1.0,0.0,1.366,0.0
1784381378.2452528,31329,0,0,31,1.0,1.0,1.0,0.0,1.365,0.0
1784381378.3205519,31339,0,0,31,1.0,1.0,1.0,0.0,1.365,0.0
1784381378.3932705,31349,0,0,31,1.0,1.0,1.0,0.0,1.364,0.0
1784381378.4812121,31359,0,0,31,1.0,1.0,1.0,0.0,1.364,0.0
1784381378.5564997,31369,0,0,31,1.0,1.0,1.0,0.0,1.363,0.0
1784381378.6346414,31379,0,0,31,1.0,1.0,1.0,0.0,1.363,0.0
1784381378.7006843,31389,0,0,31,1.0,1.0,1.0,0.0,1.363,0.0
1784381378.7811546,31399,0,0,31,1.0,1.0,1.0,0.0,1.362,0.0
1784381378.855379,31409,0,0,31,1.0,1.0,1.0,0.0,1.362,0.0
1784381378.9068458,31419,0,0,31,1.0,1.0,1.0,0.0,1.361,0.0
1784381378.977718,31429,0,0,31,1.0,1.0,1.0,0.0,1.361,0.0
1784381379.0351574,31439,0,0,31,1.0,1.0,1.0,0.0,1.36,0.0
1784381379.1070297,31449,0,0,31,1.0,1.0,1.0,0.0,1.36,0.0
1784381379.1821663,31459,0,0,31,1.0,1.0,1.0,0.0,1.36,0.0
1784381379.2491755,31469,0,0,31,1.0,1.0,1.0,0.0,1.359,0.0
1784381379.3163068,31479,0,0,31,1.0,1.0,1.0,0.0,1.359,0.0
1784381379.391821,31489,0,0,31,1.0,1.0,1.0,0.0,1.358,0.0
1784381379.4519444,31499,0,0,31,1.0,1.0,1.0,0.0,1.358,0.0
1784381379.5192857,31509,0,0,31,1.0,1.0,1.0,0.0,1.357,0.0
1784381379.582026,31519,0,0,31,1.0,1.0,1.0,0.0,1.357,0.0
1784381379.6519387,31529,0,0,31,1.0,1.0,1.0,0.0,1.357,0.0
1784381379.7152185,31539,0,0,31,1.0,1.0,1.0,0.0,1.356,0.0
1784381379.7822526,31549,0,0,31,1.0,1.0,1.0,0.0,1.356,0.0
1784381379.849598,31559,0,0,31,1.0,1.0,1.0,0.0,1.355,0.0
1784381379.9216232,31569,0,0,31,1.0,1.0,1.0,0.0,1.355,0.0
1784381379.9947307,31579,0,0,31,1.0,1.0,1.0,0.0,1.354,0.0
1784381380.1031647,31589,0,0,31,1.0,1.0,1.0,0.0,1.354,0.0
1784381380.1805544,31599,0,0,31,1.0,1.0,1.0,0.0,1.354,0.0
1784381380.2437785,31609,0,0,31,1.0,1.0,1.0,0.0,1.353,0.0
1784381380.3046017,31619,0,0,31,1.0,1.0,1.0,0.0,1.353,0.0
1784381380.3600323,31629,0,0,31,1.0,1.0,1.0,0.0,1.352,0.0
1784381380.4257474,31639,0,0,31,1.0,1.0,1.0,0.0,1.352,0.0
1784381380.4972818,31649,0,0,31,1.0,1.0,1.0,0.0,1.351,0.0
1784381380.5826986,31659,0,0,31,1.0,1.0,1.0,0.0,1.351,0.0
1784381380.6522818,31669,0,0,31,1.0,1.0,1.0,0.0,1.351,0.0
1784381380.7441478,31679,0,0,31,1.0,1.0,1.0,0.0,1.351,0.0
1784381380.8301737,31689,0,0,31,1.0,1.0,1.0,0.0,1.35,0.0
1784381380.9276848,31699,0,0,31,1.0,1.0,1.0,0.0,1.35,0.0
1784381380.999154,31709,0,0,31,1.0,1.0,1.0,0.0,1.351,0.0
1784381381.0633652,31719,0,0,31,1.0,1.0,1.0,0.0,1.351,0.0
1784381381.1355937,31729,0,0,31,1.0,1.0,1.0,0.0,1.351,0.0
1784381381.1977375,31739,0,0,31,1.0,1.0,1.0,0.0,1.351,0.0
1784381381.264268,31749,0,0,31,1.0,1.0,1.0,0.0,1.351,0.0
1784381381.3281794,31759,0,0,31,1.0,1.0,1.0,0.0,1.351,0.0
1784381381.411165,31769,0,0,31,1.0,1.0,1.0,0.0,1.35,0.0
1784381381.4851902,31779,0,0,31,1.0,1.0,1.0,0.0,1.35,0.0
1784381381.5689845,31789,0,0,31,1.0,1.0,1.0,0.0,1.35,0.0
1784381381.643664,31799,0,0,31,1.0,1.0,1.0,0.0,1.35,0.0
1784381381.719659,31809,0,0,31,1.0,1.0,1.0,0.0,1.351,0.0
1784381381.7815309,31819,0,0,31,1.0,1.0,1.0,0.0,1.351,0.0
1784381381.8551812,31829,0,0,31,1.0,1.0,1.0,0.0,1.351,0.0
1784381381.9165645,31839,0,0,31,1.0,1.0,1.0,0.0,1.35,0.0
1784381382.002486,31849,0,0,31,1.0,1.0,1.0,0.0,1.35,0.0
1784381382.0714989,31859,0,0,31,1.0,1.0,1.0,0.0,1.35,0.0
1784381382.1280425,31869,0,0,31,1.0,1.0,1.0,0.0,1.349,0.0
1784381382.2002187,31879,0,0,31,1.0,1.0,1.0,0.0,1.349,0.0
1784381382.3280334,31889,0,0,31,1.0,1.0,1.0,0.0,1.348,0.0
1784381382.3985329,31899,0,0,31,1.0,1.0,1.0,0.0,1.348,0.0
1784381382.5036454,31909,0,0,31,1.0,1.0,1.0,0.0,1.348,0.0
1784381382.602748,31919,0,0,31,1.0,1.0,1.0,0.0,1.347,0.0
1784381382.6712816,31929,0,0,31,1.0,1.0,1.0,0.0,1.347,0.0
1784381382.7445822,31939,0,0,31,1.0,1.0,1.0,0.0,1.346,0.0
1784381382.8262794,31949,0,0,31,1.0,1.0,1.0,0.0,1.346,0.0
1784381382.8826861,31959,0,0,31,1.0,1.0,1.0,0.0,1.345,0.0
1784381382.95239,31969,0,0,31,1.0,1.0,1.0,0.0,1.345,0.0
1784381383.018963,31979,0,0,31,1.0,1.0,1.0,0.0,1.345,0.0
1784381383.1095817,31989,0,0,31,1.0,1.0,1.0,0.0,1.344,0.0
1784381383.1766095,31999,0,0,31,1.0,1.0,1.0,0.0,1.344,0.0
1784381383.2344098,32009,0,0,31,1.0,1.0,1.0,0.0,1.343,0.0
1784381383.3074534,32019,0,0,31,1.0,1.0,1.0,0.0,1.343,0.0
1784381383.3665912,32029,0,0,31,1.0,1.0,1.0,0.0,1.343,0.0
1784381383.4332325,32039,0,0,31,1.0,1.0,1.0,0.0,1.342,0.0
1784381383.5099845,32049,0,0,31,1.0,1.0,1.0,0.0,1.342,0.0
1784381383.575113,32059,0,0,31,1.0,1.0,1.0,0.0,1.341,0.0
1784381383.6454136,32069,0,0,31,1.0,1.0,1.0,0.0,1.341,0.0
1784381383.7132976,32079,0,0,31,1.0,1.0,1.0,0.0,1.34,0.0
1784381383.772607,32089,0,0,31,1.0,1.0,1.0,0.0,1.34,0.0
1784381383.8489492,32099,0,0,31,1.0,1.0,1.0,0.0,1.34,0.0
1784381383.93046,32109,0,0,31,1.0,1.0,1.0,0.0,1.339,0.0
1784381383.9977467,32119,0,0,31,1.0,1.0,1.0,0.0,1.339,0.0
1784381384.0678287,32129,0,0,31,1.0,1.0,1.0,0.0,1.338,0.0
1784381384.1222107,32139,0,0,31,1.0,1.0,1.0,0.0,1.338,0.0
1784381384.2075846,32149,0,0,31,1.0,1.0,1.0,0.0,1.338,0.0
1784381384.276631,32159,0,0,31,1.0,1.0,1.0,0.0,1.338,0.0
1784381384.3437374,32169,0,0,31,1.0,1.0,1.0,0.0,1.339,0.0
1784381384.4238915,32179,0,0,31,1.0,1.0,1.0,0.0,1.339,0.0
1784381384.4930341,32189,0,0,31,1.0,1.0,1.0,0.0,1.338,0.0
1784381384.5498688,32199,0,0,31,1.0,1.0,1.0,0.0,1.338,0.0
1784381384.6168814,32209,0,0,31,1.0,1.0,1.0,0.0,1.338,0.0
1784381384.6920893,32219,0,0,31,1.0,1.0,1.0,0.0,1.337,0.0
1784381384.7722738,32229,0,0,31,1.0,1.0,1.0,0.0,1.337,0.0
1784381384.8535302,32239,0,0,31,1.0,1.0,1.0,0.0,1.336,0.0
1784381384.9103048,32249,0,0,31,1.0,1.0,1.0,0.0,1.336,0.0
1784381384.987437,32259,0,0,31,1.0,1.0,1.0,0.0,1.335,0.0
1784381385.0642471,32269,0,0,31,1.0,1.0,1.0,0.0,1.335,0.0
1784381385.1337974,32279,0,0,31,1.0,1.0,1.0,0.0,1.335,0.0
1784381385.2089152,32289,0,0,31,1.0,1.0,1.0,0.0,1.334,0.0
1784381385.2756083,32299,0,0,31,1.0,1.0,1.0,0.0,1.334,0.0
1784381385.3417757,32309,0,0,31,1.0,1.0,1.0,0.0,1.333,0.0
1784381385.4013186,32319,0,0,31,1.0,1.0,1.0,0.0,1.333,0.0
1784381385.4835641,32329,0,0,31,1.0,1.0,1.0,0.0,1.333,0.0
1784381385.5482602,32339,0,0,31,1.0,1.0,1.0,0.0,1.332,0.0
1784381385.642008,32349,0,0,31,1.0,1.0,1.0,0.0,1.332,0.0
1784381385.702751,32359,0,0,31,1.0,1.0,1.0,0.0,1.331,0.0
1784381385.7713664,32369,0,0,31,1.0,1.0,1.0,0.0,1.331,0.0
1784381385.8312664,32379,0,0,31,1.0,1.0,1.0,0.0,1.331,0.0
1784381385.9076147,32389,0,0,31,1.0,1.0,1.0,0.0,1.33,0.0
1784381385.9691489,32399,0,0,31,1.0,1.0,1.0,0.0,1.33,0.0
1784381386.0571191,32409,0,0,31,1.0,1.0,1.0,0.0,1.329,0.0
1784381386.1260498,32419,0,0,31,1.0,1.0,1.0,0.0,1.329,0.0
1784381386.2049472,32429,0,0,31,1.0,1.0,1.0,0.0,1.328,0.0
1784381386.26467,32439,0,0,31,1.0,1.0,1.0,0.0,1.328,0.0
1784381386.3367386,32449,0,0,31,1.0,1.0,1.0,0.0,1.328,0.0
1784381386.402549,32459,0,0,31,1.0,1.0,1.0,0.0,1.327,0.0
1784381386.46356,32469,0,0,31,1.0,1.0,1.0,0.0,1.327,0.0
1784381386.5484974,32479,0,0,31,1.0,1.0,1.0,0.0,1.326,0.0
1784381386.62208,32489,0,0,31,1.0,1.0,1.0,0.0,1.326,0.0
1784381386.6942751,32499,0,0,31,1.0,1.0,1.0,0.0,1.326,0.0
1784381386.7568858,32509,0,0,31,1.0,1.0,1.0,0.0,1.325,0.0
1784381386.8202372,32519,0,0,31,1.0,1.0,1.0,0.0,1.325,0.0
1784381386.918258,32529,0,0,31,1.0,1.0,1.0,0.0,1.324,0.0
1784381386.980555,32539,0,0,31,1.0,1.0,1.0,0.0,1.324,0.0
1784381387.0465353,32549,0,0,31,1.0,1.0,1.0,0.0,1.324,0.0
1784381387.1180139,32559,0,0,31,1.0,1.0,1.0,0.0,1.323,0.0
1784381387.1793664,32569,0,0,31,1.0,1.0,1.0,0.0,1.323,0.0
1784381387.2404745,32579,0,0,31,1.0,1.0,1.0,0.0,1.322,0.0
1784381387.2983236,32589,0,0,31,1.0,1.0,1.0,0.0,1.322,0.0
1784381387.3585458,32599,0,0,31,1.0,1.0,1.0,0.0,1.322,0.0
1784381387.424892,32609,0,0,31,1.0,1.0,1.0,0.0,1.321,0.0
1784381387.4953537,32619,0,0,31,1.0,1.0,1.0,0.0,1.321,0.0
1784381387.5668402,32629,0,0,31,1.0,1.0,1.0,0.0,1.32,0.0
1784381387.6340585,32639,0,0,31,1.0,1.0,1.0,0.0,1.32,0.0
1784381387.703794,32649,0,0,31,1.0,1.0,1.0,0.0,1.32,0.0
1784381387.7744725,32659,0,0,31,1.0,1.0,1.0,0.0,1.319,0.0
1784381387.8453195,32669,0,0,31,1.0,1.0,1.0,0.0,1.319,0.0
1784381387.940171,32679,0,0,31,1.0,1.0,1.0,0.0,1.318,0.0
1784381388.010705,32689,0,0,31,1.0,1.0,1.0,0.0,1.318,0.0
1784381388.079378,32699,0,0,31,1.0,1.0,1.0,0.0,1.318,0.0
1784381388.1485515,32709,0,0,31,1.0,1.0,1.0,0.0,1.317,0.0
1784381388.2187948,32719,0,0,31,1.0,1.0,1.0,0.0,1.317,0.0
1784381388.3066316,32729,0,0,31,1.0,1.0,1.0,0.0,1.316,0.0
1784381388.3779545,32739,0,0,31,1.0,1.0,1.0,0.0,1.316,0.0
1784381388.4434872,32749,0,0,31,1.0,1.0,1.0,0.0,1.316,0.0
1784381388.5068448,32759,0,0,31,1.0,1.0,1.0,0.0,1.315,0.0
1784381388.5565093,32769,0,0,31,1.0,1.0,1.0,0.0,1.315,0.0
1784381388.6164489,32779,0,0,31,1.0,1.0,1.0,0.0,1.314,0.0
1784381388.6883779,32789,0,0,31,1.0,1.0,1.0,0.0,1.314,0.0
1784381388.759822,32799,0,0,31,1.0,1.0,1.0,0.0,1.314,0.0
1784381388.826306,32809,0,0,31,1.0,1.0,1.0,0.0,1.313,0.0
1784381388.8906336,32819,0,0,31,1.0,1.0,1.0,0.0,1.313,0.0
1784381388.974777,32829,0,0,31,1.0,1.0,1.0,0.0,1.312,0.0
1784381389.0307002,32839,0,0,31,1.0,1.0,1.0,0.0,1.312,0.0
1784381389.0909996,32849,0,0,31,1.0,1.0,1.0,0.0,1.312,0.0
1784381389.1512163,32859,0,0,31,1.0,1.0,1.0,0.0,1.311,0.0
1784381389.2115805,32869,0,0,31,1.0,1.0,1.0,0.0,1.311,0.0
1784381389.2677042,32879,0,0,31,1.0,1.0,1.0,0.0,1.31,0.0
1784381389.3278553,32889,0,0,31,1.0,1.0,1.0,0.0,1.31,0.0
1784381389.401633,32899,0,0,31,1.0,1.0,1.0,0.0,1.31,0.0
1784381389.461542,32909,0,0,31,1.0,1.0,1.0,0.0,1.309,0.0
1784381389.5724907,32919,0,0,31,1.0,1.0,1.0,0.0,1.309,0.0
1784381389.65399,32929,0,0,31,1.0,1.0,1.0,0.0,1.308,0.0
1784381389.7062275,32939,0,0,31,1.0,1.0,1.0,0.0,1.308,0.0
1784381389.767971,32949,0,0,31,1.0,1.0,1.0,0.0,1.308,0.0
1784381389.826366,32959,0,0,31,1.0,1.0,1.0,0.0,1.307,0.0
1784381389.8964014,32969,0,0,31,1.0,1.0,1.0,0.0,1.307,0.0
1784381389.95797,32979,0,0,31,1.0,1.0,1.0,0.0,1.306,0.0
1784381390.0330849,32989,0,0,31,1.0,1.0,1.0,0.0,1.306,0.0
1784381390.0939476,32999,0,0,31,1.0,1.0,1.0,0.0,1.306,0.0
1784381390.1609366,33009,0,0,31,1.0,1.0,1.0,0.0,1.305,0.0
1784381390.2172968,33019,0,0,31,1.0,1.0,1.0,0.0,1.305,0.0
1784381390.2731714,33029,0,0,31,1.0,1.0,1.0,0.0,1.304,0.0
1784381390.334191,33039,0,0,31,1.0,1.0,1.0,0.0,1.304,0.0
1784381390.392784,33049,0,0,31,1.0,1.0,1.0,0.0,1.304,0.0
1784381390.4461272,33059,0,0,31,1.0,1.0,1.0,0.0,1.303,0.0
1784381390.5105472,33069,0,0,31,1.0,1.0,1.0,0.0,1.303,0.0
1784381390.5687728,33079,0,0,31,1.0,1.0,1.0,0.0,1.302,0.0
1784381390.6268685,33089,0,0,31,1.0,1.0,1.0,0.0,1.302,0.0
1784381390.6804073,33099,0,0,31,1.0,1.0,1.0,0.0,1.302,0.0
1784381390.7501435,33109,0,0,31,1.0,1.0,1.0,0.0,1.301,0.0
1784381390.8055892,33119,0,0,31,1.0,1.0,1.0,0.0,1.301,0.0
1784381390.8823652,33129,0,0,31,1.0,1.0,1.0,0.0,1.3,0.0
1784381390.937597,33139,0,0,31,1.0,1.0,1.0,0.0,1.3,0.0
1784381390.9890203,33149,0,0,31,1.0,1.0,1.0,0.0,1.3,0.0
1784381391.0457852,33159,0,0,31,1.0,1.0,1.0,0.0,1.299,0.0
1784381391.1164963,33169,0,0,31,1.0,1.0,1.0,0.0,1.299,0.0
1784381391.1770675,33179,0,0,31,1.0,1.0,1.0,0.0,1.299,0.0
1784381391.2572067,33189,0,0,31,1.0,1.0,1.0,0.0,1.298,0.0
1784381391.319439,33199,0,0,31,1.0,1.0,1.0,0.0,1.298,0.0
1784381391.3799255,33209,0,0,31,1.0,1.0,1.0,0.0,1.297,0.0
1784381391.4451487,33219,0,0,31,1.0,1.0,1.0,0.0,1.297,0.0
1784381391.5103106,33229,0,0,31,1.0,1.0,1.0,0.0,1.297,0.0
1784381391.573946,33239,0,0,31,1.0,1.0,1.0,0.0,1.296,0.0
1784381391.630006,33249,0,0,31,1.0,1.0,1.0,0.0,1.296,0.0
1784381391.6970387,33259,0,0,31,1.0,1.0,1.0,0.0,1.295,0.0
1784381391.7520902,33269,0,0,31,1.0,1.0,1.0,0.0,1.295,0.0
1784381391.814427,33279,0,0,31,1.0,1.0,1.0,0.0,1.295,0.0
1784381391.8931997,33289,0,0,31,1.0,1.0,1.0,0.0,1.294,0.0
1784381391.9757278,33299,0,0,31,1.0,1.0,1.0,0.0,1.294,0.0
1784381392.0474195,33309,0,0,31,1.0,1.0,1.0,0.0,1.293,0.0
1784381392.1212113,33319,0,0,31,1.0,1.0,1.0,0.0,1.293,0.0
1784381392.2045753,33329,0,0,31,1.0,1.0,1.0,0.0,1.293,0.0
1784381392.264641,33339,0,0,31,1.0,1.0,1.0,0.0,1.292,0.0
1784381392.324893,33349,0,0,31,1.0,1.0,1.0,0.0,1.292,0.0
1784381392.3888137,33359,0,0,31,1.0,1.0,1.0,0.0,1.292,0.0
1784381392.4487133,33369,0,0,31,1.0,1.0,1.0,0.0,1.291,0.0
1784381392.5002975,33379,0,0,31,1.0,1.0,1.0,0.0,1.291,0.0
1784381392.5605748,33389,0,0,31,1.0,1.0,1.0,0.0,1.29,0.0
1784381392.6169224,33399,0,0,31,1.0,1.0,1.0,0.0,1.29,0.0
1784381392.6763806,33409,0,0,31,1.0,1.0,1.0,0.0,1.29,0.0
1784381392.7330782,33419,0,0,31,1.0,1.0,1.0,0.0,1.289,0.0
1784381392.7929094,33429,0,0,31,1.0,1.0,1.0,0.0,1.289,0.0
1784381392.855051,33439,0,0,31,1.0,1.0,1.0,0.0,1.288,0.0
1784381392.916162,33449,0,0,31,1.0,1.0,1.0,0.0,1.288,0.0
1784381392.970172,33459,0,0,31,1.0,1.0,1.0,0.0,1.288,0.0
1784381393.0319545,33469,0,0,31,1.0,1.0,1.0,0.0,1.287,0.0
1784381393.1055079,33479,0,0,31,1.0,1.0,1.0,0.0,1.287,0.0
1784381393.1947274,33489,0,0,31,1.0,1.0,1.0,0.0,1.287,0.0
1784381393.272987,33499,0,0,31,1.0,1.0,1.0,0.0,1.286,0.0
1784381393.3341045,33509,0,0,31,1.0,1.0,1.0,0.0,1.286,0.0
1784381393.3913858,33519,0,0,31,1.0,1.0,1.0,0.0,1.285,0.0
1784381393.452871,33529,0,0,31,1.0,1.0,1.0,0.0,1.285,0.0
1784381393.5215883,33539,0,0,31,1.0,1.0,1.0,0.0,1.285,0.0
1784381393.5912473,33549,0,0,31,1.0,1.0,1.0,0.0,1.284,0.0
1784381393.6502168,33559,0,0,31,1.0,1.0,1.0,0.0,1.284,0.0
1784381393.7095053,33569,0,0,31,1.0,1.0,1.0,0.0,1.283,0.0
1784381393.7694674,33579,0,0,31,1.0,1.0,1.0,0.0,1.283,0.0
1784381393.8480437,33589,0,0,31,1.0,1.0,1.0,0.0,1.283,0.0
1784381393.9064844,33599,0,0,31,1.0,1.0,1.0,0.0,1.282,0.0
1784381393.962388,33609,0,0,31,1.0,1.0,1.0,0.0,1.282,0.0
1784381394.0178452,33619,0,0,31,1.0,1.0,1.0,0.0,1.282,0.0
1784381394.0738046,33629,0,0,31,1.0,1.0,1.0,0.0,1.281,0.0
1784381394.137105,33639,0,0,31,1.0,1.0,1.0,0.0,1.281,0.0
1784381394.202735,33649,0,0,31,1.0,1.0,1.0,0.0,1.28,0.0
1784381394.258178,33659,0,0,31,1.0,1.0,1.0,0.0,1.28,0.0
1784381394.3179052,33669,0,0,31,1.0,1.0,1.0,0.0,1.28,0.0
1784381394.3826578,33679,0,0,31,1.0,1.0,1.0,0.0,1.279,0.0
1784381394.4367895,33689,0,0,31,1.0,1.0,1.0,0.0,1.279,0.0
1784381394.4976304,33699,0,0,31,1.0,1.0,1.0,0.0,1.279,0.0
1784381394.5540917,33709,0,0,31,1.0,1.0,1.0,0.0,1.278,0.0
1784381394.6130352,33719,0,0,31,1.0,1.0,1.0,0.0,1.278,0.0
1784381394.6795337,33729,0,0,31,1.0,1.0,1.0,0.0,1.277,0.0
1784381394.731755,33739,0,0,31,1.0,1.0,1.0,0.0,1.277,0.0
1784381394.7933533,33749,0,0,31,1.0,1.0,1.0,0.0,1.277,0.0
1784381394.8571799,33759,0,0,31,1.0,1.0,1.0,0.0,1.276,0.0
1784381394.9269626,33769,0,0,31,1.0,1.0,1.0,0.0,1.276,0.0
1784381394.9883945,33779,0,0,31,1.0,1.0,1.0,0.0,1.275,0.0
1784381395.0409217,33789,0,0,31,1.0,1.0,1.0,0.0,1.275,0.0
1784381395.099274,33799,0,0,31,1.0,1.0,1.0,0.0,1.275,0.0
1784381395.1768744,33809,0,0,31,1.0,1.0,1.0,0.0,1.274,0.0
1784381395.2521966,33819,0,0,31,1.0,1.0,1.0,0.0,1.274,0.0
1784381395.3231552,33829,0,0,31,1.0,1.0,1.0,0.0,1.274,0.0
1784381395.3890505,33839,0,0,31,1.0,1.0,1.0,0.0,1.273,0.0
1784381395.4509697,33849,0,0,31,1.0,1.0,1.0,0.0,1.273,0.0
1784381395.5107594,33859,0,0,31,1.0,1.0,1.0,0.0,1.272,0.0
1784381395.5774257,33869,0,0,31,1.0,1.0,1.0,0.0,1.272,0.0
1784381395.6299388,33879,0,0,31,1.0,1.0,1.0,0.0,1.272,0.0
1784381395.6865058,33889,0,0,31,1.0,1.0,1.0,0.0,1.271,0.0
1784381395.7447896,33899,0,0,31,1.0,1.0,1.0,0.0,1.271,0.0
1784381395.806549,33909,0,0,31,1.0,1.0,1.0,0.0,1.271,0.0
1784381395.8690221,33919,0,0,31,1.0,1.0,1.0,0.0,1.27,0.0
1784381395.9466302,33929,0,0,31,1.0,1.0,1.0,0.0,1.27,0.0
1784381395.9963179,33939,0,0,31,1.0,1.0,1.0,0.0,1.269,0.0
1784381396.0541344,33949,0,0,31,1.0,1.0,1.0,0.0,1.269,0.0
1784381396.1173124,33959,0,0,31,1.0,1.0,1.0,0.0,1.269,0.0
1784381396.17587,33969,0,0,31,1.0,1.0,1.0,0.0,1.268,0.0
1784381396.2293692,33979,0,0,31,1.0,1.0,1.0,0.0,1.268,0.0
1784381396.2885633,33989,0,0,31,1.0,1.0,1.0,0.0,1.268,0.0
1784381396.3426764,33999,0,0,31,1.0,1.0,1.0,0.0,1.267,0.0
1784381396.4013076,34009,0,0,31,1.0,1.0,1.0,0.0,1.267,0.0
1784381396.4529154,34019,0,0,31,1.0,1.0,1.0,0.0,1.266,0.0
1784381396.5378265,34029,0,0,31,1.0,1.0,1.0,0.0,1.266,0.0
1784381396.6168835,34039,0,0,31,1.0,1.0,1.0,0.0,1.266,0.0
1784381396.681237,34049,0,0,31,1.0,1.0,1.0,0.0,1.265,0.0
1784381396.7549372,34059,0,0,31,1.0,1.0,1.0,0.0,1.265,0.0
1784381396.8261476,34069,0,0,31,1.0,1.0,1.0,0.0,1.265,0.0
1784381396.8877099,34079,0,0,31,1.0,1.0,1.0,0.0,1.264,0.0
1784381396.9572709,34089,0,0,31,1.0,1.0,1.0,0.0,1.264,0.0
1784381397.0152383,34099,0,0,31,1.0,1.0,1.0,0.0,1.264,0.0
1784381397.076478,34109,0,0,31,1.0,1.0,1.0,0.0,1.263,0.0
1784381397.1427426,34119,0,0,31,1.0,1.0,1.0,0.0,1.263,0.0
1784381397.215893,34129,0,0,31,1.0,1.0,1.0,0.0,1.262,0.0
1784381397.2760973,34139,0,0,31,1.0,1.0,1.0,0.0,1.262,0.0
1784381397.3579948,34149,0,0,31,1.0,1.0,1.0,0.0,1.262,0.0
1784381397.4230905,34159,0,0,31,1.0,1.0,1.0,0.0,1.261,0.0
1784381397.5206754,34169,0,0,31,1.0,1.0,1.0,0.0,1.261,0.0
1784381397.5959334,34179,0,0,31,1.0,1.0,1.0,0.0,1.261,0.0
1784381397.654907,34189,0,0,31,1.0,1.0,1.0,0.0,1.26,0.0
1784381397.7231638,34199,0,0,31,1.0,1.0,1.0,0.0,1.26,0.0
1784381397.784801,34209,0,0,31,1.0,1.0,1.0,0.0,1.259,0.0
1784381397.8452277,34219,0,0,31,1.0,1.0,1.0,0.0,1.259,0.0
1784381397.9146008,34229,0,0,31,1.0,1.0,1.0,0.0,1.259,0.0
1784381397.979811,34239,0,0,31,1.0,1.0,1.0,0.0,1.258,0.0
1784381398.0412676,34249,0,0,31,1.0,1.0,1.0,0.0,1.258,0.0
1784381398.1069174,34259,0,0,31,1.0,1.0,1.0,0.0,1.258,0.0
1784381398.177807,34269,0,0,31,1.0,1.0,1.0,0.0,1.257,0.0
1784381398.2578917,34279,0,0,31,1.0,1.0,1.0,0.0,1.257,0.0
1784381398.320057,34289,0,0,31,1.0,1.0,1.0,0.0,1.257,0.0
1784381398.3818326,34299,0,0,31,1.0,1.0,1.0,0.0,1.256,0.0
1784381398.441575,34309,0,0,31,1.0,1.0,1.0,0.0,1.256,0.0
1784381398.5147529,34319,0,0,31,1.0,1.0,1.0,0.0,1.255,0.0
1784381398.5850065,34329,0,0,31,1.0,1.0,1.0,0.0,1.255,0.0
1784381398.6602523,34339,0,0,31,1.0,1.0,1.0,0.0,1.255,0.0
1784381398.7217875,34349,0,0,31,1.0,1.0,1.0,0.0,1.254,0.0
1784381398.7812555,34359,0,0,31,1.0,1.0,1.0,0.0,1.254,0.0
1784381398.838655,34369,0,0,31,1.0,1.0,1.0,0.0,1.254,0.0
1784381398.8962214,34379,0,0,31,1.0,1.0,1.0,0.0,1.253,0.0
1784381398.9553547,34389,0,0,31,1.0,1.0,1.0,0.0,1.253,0.0
1784381399.0189416,34399,0,0,31,1.0,1.0,1.0,0.0,1.253,0.0
1784381399.079503,34409,0,0,31,1.0,1.0,1.0,0.0,1.252,0.0
1784381399.1424067,34419,0,0,31,1.0,1.0,1.0,0.0,1.252,0.0
1784381399.2210615,34429,0,0,31,1.0,1.0,1.0,0.0,1.251,0.0
1784381399.2918675,34439,0,0,31,1.0,1.0,1.0,0.0,1.251,0.0
1784381399.362697,34449,0,0,31,1.0,1.0,1.0,0.0,1.251,0.0
1784381399.4257734,34459,0,0,31,1.0,1.0,1.0,0.0,1.25,0.0
1784381399.4931607,34469,0,0,31,1.0,1.0,1.0,0.0,1.25,0.0
1784381399.5893033,34479,0,0,31,1.0,1.0,1.0,0.0,1.25,0.0
1784381399.650554,34489,0,0,31,1.0,1.0,1.0,0.0,1.249,0.0
1784381399.7221498,34499,0,0,31,1.0,1.0,1.0,0.0,1.249,0.0
1784381399.7903666,34509,0,0,31,1.0,1.0,1.0,0.0,1.249,0.0
1784381399.854384,34519,0,0,31,1.0,1.0,1.0,0.0,1.248,0.0
1784381399.9182038,34529,0,0,31,1.0,1.0,1.0,0.0,1.248,0.0
1784381400.0070736,34539,0,0,31,1.0,1.0,1.0,0.0,1.247,0.0
1784381400.0733497,34549,0,0,31,1.0,1.0,1.0,0.0,1.247,0.0
1784381400.1252499,34559,0,0,31,1.0,1.0,1.0,0.0,1.247,0.0
1784381400.192317,34569,0,0,31,1.0,1.0,1.0,0.0,1.246,0.0
1784381400.2573898,34579,0,0,31,1.0,1.0,1.0,0.0,1.246,0.0
1784381400.3192635,34589,0,0,31,1.0,1.0,1.0,0.0,1.246,0.0
1784381400.3810194,34599,0,0,31,1.0,1.0,1.0,0.0,1.245,0.0
1784381400.4468374,34609,0,0,31,1.0,1.0,1.0,0.0,1.245,0.0
1784381400.5263503,34619,0,0,31,1.0,1.0,1.0,0.0,1.245,0.0
1784381400.6021876,34629,0,0,31,1.0,1.0,1.0,0.0,1.244,0.0
1784381400.6750903,34639,0,0,31,1.0,1.0,1.0,0.0,1.244,0.0
1784381400.749307,34649,0,0,31,1.0,1.0,1.0,0.0,1.244,0.0
1784381400.8075619,34659,0,0,31,1.0,1.0,1.0,0.0,1.243,0.0
1784381400.8700836,34669,0,0,31,1.0,1.0,1.0,0.0,1.243,0.0
1784381400.9316566,34679,0,0,31,1.0,1.0,1.0,0.0,1.242,0.0
1784381400.9974718,34689,0,0,31,1.0,1.0,1.0,0.0,1.242,0.0
1784381401.069762,34699,0,0,31,1.0,1.0,1.0,0.0,1.242,0.0
1784381401.138641,34709,0,0,31,1.0,1.0,1.0,0.0,1.241,0.0
1784381401.2248232,34719,0,0,31,1.0,1.0,1.0,0.0,1.241,0.0
1784381401.2949562,34729,0,0,31,1.0,1.0,1.0,0.0,1.241,0.0
1784381401.356597,34739,0,0,31,1.0,1.0,1.0,0.0,1.24,0.0
1784381401.4209442,34749,0,0,31,1.0,1.0,1.0,0.0,1.24,0.0
1784381401.4849672,34759,0,0,31,1.0,1.0,1.0,0.0,1.24,0.0
1784381401.5499418,34769,0,0,31,1.0,1.0,1.0,0.0,1.239,0.0
1784381401.6157098,34779,0,0,31,1.0,1.0,1.0,0.0,1.239,0.0
1784381401.6911278,34789,0,0,31,1.0,1.0,1.0,0.0,1.239,0.0
1784381401.7564523,34799,0,0,31,1.0,1.0,1.0,0.0,1.238,0.0
1784381401.8066578,34809,0,0,31,1.0,1.0,1.0,0.0,1.238,0.0
1784381401.8670716,34819,0,0,31,1.0,1.0,1.0,0.0,1.237,0.0
1784381401.917046,34829,0,0,31,1.0,1.0,1.0,0.0,1.237,0.0
1784381401.9920301,34839,0,0,31,1.0,1.0,1.0,0.0,1.237,0.0
1784381402.070902,34849,0,0,31,1.0,1.0,1.0,0.0,1.236,0.0
1784381402.1339238,34859,0,0,31,1.0,1.0,1.0,0.0,1.236,0.0
1784381402.2141788,34869,0,0,31,1.0,1.0,1.0,0.0,1.236,0.0
1784381402.2868896,34879,0,0,31,1.0,1.0,1.0,0.0,1.235,0.0
1784381402.3470669,34889,0,0,31,1.0,1.0,1.0,0.0,1.235,0.0
1784381402.4102457,34899,0,0,31,1.0,1.0,1.0,0.0,1.235,0.0
1784381402.4742022,34909,0,0,31,1.0,1.0,1.0,0.0,1.234,0.0
1784381402.5510461,34919,0,0,31,1.0,1.0,1.0,0.0,1.234,0.0
1784381402.6250017,34929,0,0,31,1.0,1.0,1.0,0.0,1.234,0.0
1784381402.6847522,34939,0,0,31,1.0,1.0,1.0,0.0,1.233,0.0
1784381402.7507493,34949,0,0,31,1.0,1.0,1.0,0.0,1.233,0.0
1784381402.8219452,34959,0,0,31,1.0,1.0,1.0,0.0,1.232,0.0
1784381402.896344,34969,0,0,31,1.0,1.0,1.0,0.0,1.232,0.0
1784381402.9714198,34979,0,0,31,1.0,1.0,1.0,0.0,1.232,0.0
1784381403.0408244,34989,0,0,31,1.0,1.0,1.0,0.0,1.231,0.0
1784381403.114746,34999,0,0,31,1.0,1.0,1.0,0.0,1.231,0.0
1784381403.2080684,35009,0,0,31,1.0,1.0,1.0,0.0,1.231,0.0
1784381403.275889,35019,0,0,31,1.0,1.0,1.0,0.0,1.23,0.0
1784381403.3487613,35029,0,0,31,1.0,1.0,1.0,0.0,1.23,0.0
1784381403.4108005,35039,0,0,31,1.0,1.0,1.0,0.0,1.23,0.0
1784381403.4898074,35049,0,0,31,1.0,1.0,1.0,0.0,1.229,0.0
1784381403.5475256,35059,0,0,31,1.0,1.0,1.0,0.0,1.229,0.0
1784381403.6134927,35069,0,0,31,1.0,1.0,1.0,0.0,1.229,0.0
1784381403.6732671,35079,0,0,31,1.0,1.0,1.0,0.0,1.228,0.0
1784381403.7417803,35089,0,0,31,1.0,1.0,1.0,0.0,1.228,0.0
1784381403.808684,35099,0,0,31,1.0,1.0,1.0,0.0,1.228,0.0
1784381403.8733323,35109,0,0,31,1.0,1.0,1.0,0.0,1.227,0.0
1784381403.9336429,35119,0,0,31,1.0,1.0,1.0,0.0,1.227,0.0
1784381404.0179625,35129,0,0,31,1.0,1.0,1.0,0.0,1.227,0.0
1784381404.0866344,35139,0,0,31,1.0,1.0,1.0,0.0,1.226,0.0
1784381404.136359,35149,0,0,31,1.0,1.0,1.0,0.0,1.226,0.0
1784381404.1979291,35159,0,0,31,1.0,1.0,1.0,0.0,1.225,0.0
1784381404.2501647,35169,0,0,31,1.0,1.0,1.0,0.0,1.225,0.0
1784381404.3131042,35179,0,0,31,1.0,1.0,1.0,0.0,1.225,0.0
1784381404.364381,35189,0,0,31,1.0,1.0,1.0,0.0,1.224,0.0
1784381404.427868,35199,0,0,31,1.0,1.0,1.0,0.0,1.224,0.0
1784381404.479369,35209,0,0,31,1.0,1.0,1.0,0.0,1.224,0.0
1784381404.533198,35219,0,0,31,1.0,1.0,1.0,0.0,1.223,0.0
1784381404.5850534,35229,0,0,31,1.0,1.0,1.0,0.0,1.223,0.0
1784381404.6466565,35239,0,0,31,1.0,1.0,1.0,0.0,1.223,0.0
1784381404.7164357,35249,0,0,31,1.0,1.0,1.0,0.0,1.222,0.0
1784381404.7714345,35259,0,0,31,1.0,1.0,1.0,0.0,1.222,0.0
1784381404.831669,35269,0,0,31,1.0,1.0,1.0,0.0,1.222,0.0
1784381404.87525,35279,0,0,31,1.0,1.0,1.0,0.0,1.221,0.0
1784381404.9273896,35289,0,0,31,1.0,1.0,1.0,0.0,1.221,0.0
1784381404.9857085,35299,0,0,31,1.0,1.0,1.0,0.0,1.221,0.0
1784381405.0581532,35309,0,0,31,1.0,1.0,1.0,0.0,1.22,0.0
1784381405.1165383,35319,0,0,31,1.0,1.0,1.0,0.0,1.22,0.0
1784381405.1825707,35329,0,0,31,1.0,1.0,1.0,0.0,1.22,0.0
1784381405.2380862,35339,0,0,31,1.0,1.0,1.0,0.0,1.219,0.0
1784381405.3036447,35349,0,0,31,1.0,1.0,1.0,0.0,1.219,0.0
1784381405.3651512,35359,0,0,31,1.0,1.0,1.0,0.0,1.219,0.0
1784381405.4326916,35369,0,0,31,1.0,1.0,1.0,0.0,1.218,0.0
1784381405.4994862,35379,0,0,31,1.0,1.0,1.0,0.0,1.218,0.0
1784381405.548112,35389,0,0,31,1.0,1.0,1.0,0.0,1.218,0.0
1784381405.6110194,35399,0,0,31,1.0,1.0,1.0,0.0,1.217,0.0
1784381405.6648335,35409,0,0,31,1.0,1.0,1.0,0.0,1.217,0.0
1784381405.7301922,35419,0,0,31,1.0,1.0,1.0,0.0,1.217,0.0
1784381405.7951195,35429,0,0,31,1.0,1.0,1.0,0.0,1.216,0.0
1784381405.8611612,35439,0,0,31,1.0,1.0,1.0,0.0,1.216,0.0
1784381405.9159956,35449,0,0,31,1.0,1.0,1.0,0.0,1.215,0.0
1784381405.9848683,35459,0,0,31,1.0,1.0,1.0,0.0,1.215,0.0
1784381406.0609202,35469,0,0,31,1.0,1.0,1.0,0.0,1.215,0.0
1784381406.1351411,35479,0,0,31,1.0,1.0,1.0,0.0,1.214,0.0
1784381406.2048867,35489,0,0,31,1.0,1.0,1.0,0.0,1.214,0.0
1784381406.2773187,35499,0,0,31,1.0,1.0,1.0,0.0,1.214,0.0
1784381406.3351293,35509,0,0,31,1.0,1.0,1.0,0.0,1.213,0.0
1784381406.3989604,35519,0,0,31,1.0,1.0,1.0,0.0,1.213,0.0
1784381406.4598672,35529,0,0,31,1.0,1.0,1.0,0.0,1.213,0.0
1784381406.5210042,35539,0,0,31,1.0,1.0,1.0,0.0,1.212,0.0
1784381406.5663495,35549,0,0,31,1.0,1.0,1.0,0.0,1.212,0.0
1784381406.6322033,35559,0,0,31,1.0,1.0,1.0,0.0,1.212,0.0
1784381406.6921916,35569,0,0,31,1.0,1.0,1.0,0.0,1.211,0.0
1784381406.751678,35579,0,0,31,1.0,1.0,1.0,0.0,1.211,0.0
1784381406.8053637,35589,0,0,31,1.0,1.0,1.0,0.0,1.211,0.0
1784381406.8710656,35599,0,0,31,1.0,1.0,1.0,0.0,1.21,0.0
1784381406.9326918,35609,0,0,31,1.0,1.0,1.0,0.0,1.21,0.0
1784381406.9950116,35619,0,0,31,1.0,1.0,1.0,0.0,1.21,0.0
1784381407.04738,35629,0,0,31,1.0,1.0,1.0,0.0,1.209,0.0
1784381407.1156247,35639,0,0,31,1.0,1.0,1.0,0.0,1.209,0.0
1784381407.172641,35649,0,0,31,1.0,1.0,1.0,0.0,1.209,0.0
1784381407.2298505,35659,0,0,31,1.0,1.0,1.0,0.0,1.208,0.0
1784381407.2895246,35669,0,0,31,1.0,1.0,1.0,0.0,1.208,0.0
1784381407.345925,35679,0,0,31,1.0,1.0,1.0,0.0,1.208,0.0
1784381407.4075263,35689,0,0,31,1.0,1.0,1.0,0.0,1.207,0.0
1784381407.4632025,35699,0,0,31,1.0,1.0,1.0,0.0,1.207,0.0
1784381407.513854,35709,0,0,31,1.0,1.0,1.0,0.0,1.207,0.0
1784381407.5766928,35719,0,0,31,1.0,1.0,1.0,0.0,1.206,0.0
1784381407.641184,35729,0,0,31,1.0,1.0,1.0,0.0,1.206,0.0
1784381407.7012432,35739,0,0,31,1.0,1.0,1.0,0.0,1.206,0.0
1784381407.7775698,35749,0,0,31,1.0,1.0,1.0,0.0,1.205,0.0
1784381407.8361194,35759,0,0,31,1.0,1.0,1.0,0.0,1.205,0.0
1784381407.8954868,35769,0,0,31,1.0,1.0,1.0,0.0,1.205,0.0
1784381407.9565687,35779,0,0,31,1.0,1.0,1.0,0.0,1.204,0.0
1784381408.0411923,35789,0,0,31,1.0,1.0,1.0,0.0,1.204,0.0
1784381408.130663,35799,0,0,31,1.0,1.0,1.0,0.0,1.204,0.0
1784381408.197436,35809,0,0,31,1.0,1.0,1.0,0.0,1.203,0.0
1784381408.26525,35819,0,0,31,1.0,1.0,1.0,0.0,1.203,0.0
1784381408.3365152,35829,0,0,31,1.0,1.0,1.0,0.0,1.203,0.0
1784381408.4003444,35839,0,0,31,1.0,1.0,1.0,0.0,1.202,0.0
1784381408.4598053,35849,0,0,31,1.0,1.0,1.0,0.0,1.202,0.0
1784381408.510347,35859,0,0,31,1.0,1.0,1.0,0.0,1.202,0.0
1784381408.5719185,35869,0,0,31,1.0,1.0,1.0,0.0,1.201,0.0
1784381408.6397986,35879,0,0,31,1.0,1.0,1.0,0.0,1.201,0.0
1784381408.7129638,35889,0,0,31,1.0,1.0,1.0,0.0,1.201,0.0
1784381408.7726262,35899,0,0,31,1.0,1.0,1.0,0.0,1.2,0.0
1784381408.838356,35909,0,0,31,1.0,1.0,1.0,0.0,1.2,0.0
1784381408.893556,35919,0,0,31,1.0,1.0,1.0,0.0,1.2,0.0
1784381408.964905,35929,0,0,31,1.0,1.0,1.0,0.0,1.199,0.0
1784381409.0394914,35939,0,0,31,1.0,1.0,1.0,0.0,1.199,0.0
1784381409.1070673,35949,0,0,31,1.0,1.0,1.0,0.0,1.199,0.0
1784381409.1626658,35959,0,0,31,1.0,1.0,1.0,0.0,1.198,0.0
1784381409.228614,35969,0,0,31,1.0,1.0,1.0,0.0,1.198,0.0
1784381409.291349,35979,0,0,31,1.0,1.0,1.0,0.0,1.198,0.0
1784381409.3598146,35989,0,0,31,1.0,1.0,1.0,0.0,1.197,0.0
1784381409.4359496,35999,0,0,31,1.0,1.0,1.0,0.0,1.197,0.0
1784381409.5185614,36009,0,0,31,1.0,1.0,1.0,0.0,1.197,0.0
1784381409.5852952,36019,0,0,31,1.0,1.0,1.0,0.0,1.196,0.0
1784381409.6498787,36029,0,0,31,1.0,1.0,1.0,0.0,1.196,0.0
1784381409.7179506,36039,0,0,31,1.0,1.0,1.0,0.0,1.196,0.0
1784381409.7807572,36049,0,0,31,1.0,1.0,1.0,0.0,1.195,0.0
1784381409.849863,36059,0,0,31,1.0,1.0,1.0,0.0,1.195,0.0
1784381409.9121842,36069,0,0,31,1.0,1.0,1.0,0.0,1.195,0.0
1784381409.9694943,36079,0,0,31,1.0,1.0,1.0,0.0,1.194,0.0
1784381410.0464845,36089,0,0,31,1.0,1.0,1.0,0.0,1.194,0.0
1784381410.1257691,36099,0,0,31,1.0,1.0,1.0,0.0,1.194,0.0
1784381410.1826382,36109,0,0,31,1.0,1.0,1.0,0.0,1.193,0.0
1784381410.2546928,36119,0,0,31,1.0,1.0,1.0,0.0,1.193,0.0
1784381410.3519235,36129,0,0,31,1.0,1.0,1.0,0.0,1.193,0.0
1784381410.4118648,36139,0,0,31,1.0,1.0,1.0,0.0,1.192,0.0
1784381410.4717054,36149,0,0,31,1.0,1.0,1.0,0.0,1.192,0.0
1784381410.5266972,36159,0,0,31,1.0,1.0,1.0,0.0,1.192,0.0
1784381410.5847168,36169,0,0,31,1.0,1.0,1.0,0.0,1.191,0.0
1784381410.6444242,36179,0,0,31,1.0,1.0,1.0,0.0,1.191,0.0
1784381410.7040691,36189,0,0,31,1.0,1.0,1.0,0.0,1.191,0.0
1784381410.7715473,36199,0,0,31,1.0,1.0,1.0,0.0,1.19,0.0
1784381410.8333893,36209,0,0,31,1.0,1.0,1.0,0.0,1.19,0.0
1784381410.8974278,36219,0,0,31,1.0,1.0,1.0,0.0,1.19,0.0
1784381410.9551358,36229,0,0,31,1.0,1.0,1.0,0.0,1.189,0.0
1784381411.0259912,36239,0,0,31,1.0,1.0,1.0,0.0,1.189,0.0
1784381411.0883203,36249,0,0,31,1.0,1.0,1.0,0.0,1.189,0.0
1784381411.144587,36259,0,0,31,1.0,1.0,1.0,0.0,1.188,0.0
1784381411.204295,36269,0,0,31,1.0,1.0,1.0,0.0,1.188,0.0
1784381411.267054,36279,0,0,31,1.0,1.0,1.0,0.0,1.188,0.0
1784381411.3335388,36289,0,0,31,1.0,1.0,1.0,0.0,1.187,0.0
1784381411.384363,36299,0,0,31,1.0,1.0,1.0,0.0,1.187,0.0
1784381411.4359434,36309,0,0,31,1.0,1.0,1.0,0.0,1.187,0.0
1784381411.4946988,36319,0,0,31,1.0,1.0,1.0,0.0,1.186,0.0
1784381411.5595293,36329,0,0,31,1.0,1.0,1.0,0.0,1.186,0.0
1784381411.6184802,36339,0,0,31,1.0,1.0,1.0,0.0,1.186,0.0
1784381411.6870148,36349,0,0,31,1.0,1.0,1.0,0.0,1.185,0.0
1784381411.7539012,36359,0,0,31,1.0,1.0,1.0,0.0,1.185,0.0
1784381411.823452,36369,0,0,31,1.0,1.0,1.0,0.0,1.185,0.0
1784381411.887313,36379,0,0,31,1.0,1.0,1.0,0.0,1.184,0.0
1784381411.9338274,36389,0,0,31,1.0,1.0,1.0,0.0,1.184,0.0
1784381411.9814062,36399,0,0,31,1.0,1.0,1.0,0.0,1.184,0.0
1784381412.038754,36409,0,0,31,1.0,1.0,1.0,0.0,1.183,0.0
1784381412.1425254,36419,0,0,31,1.0,1.0,1.0,0.0,1.183,0.0
1784381412.2082624,36429,0,0,31,1.0,1.0,1.0,0.0,1.183,0.0
1784381412.2680573,36439,0,0,31,1.0,1.0,1.0,0.0,1.183,0.0
1784381412.3280697,36449,0,0,31,1.0,1.0,1.0,0.0,1.182,0.0
1784381412.4017682,36459,0,0,31,1.0,1.0,1.0,0.0,1.182,0.0
1784381412.4738882,36469,0,0,31,1.0,1.0,1.0,0.0,1.182,0.0
1784381412.5280564,36479,0,0,31,1.0,1.0,1.0,0.0,1.181,0.0
1784381412.5832965,36489,0,0,31,1.0,1.0,1.0,0.0,1.181,0.0
1784381412.6513965,36499,0,0,31,1.0,1.0,1.0,0.0,1.181,0.0
1784381412.722874,36509,0,0,31,1.0,1.0,1.0,0.0,1.18,0.0
1784381412.7918527,36519,0,0,31,1.0,1.0,1.0,0.0,1.18,0.0
1784381412.8671708,36529,0,0,31,1.0,1.0,1.0,0.0,1.18,0.0
1784381412.9300845,36539,0,0,31,1.0,1.0,1.0,0.0,1.179,0.0
1784381412.9878426,36549,0,0,31,1.0,1.0,1.0,0.0,1.179,0.0
1784381413.0743847,36559,0,0,31,1.0,1.0,1.0,0.0,1.179,0.0
1784381413.149463,36569,0,0,31,1.0,1.0,1.0,0.0,1.178,0.0
1784381413.1959462,36579,0,0,31,1.0,1.0,1.0,0.0,1.178,0.0
1784381413.2569795,36589,0,0,31,1.0,1.0,1.0,0.0,1.178,0.0
1784381413.3113098,36599,0,0,31,1.0,1.0,1.0,0.0,1.177,0.0
1784381413.3690012,36609,0,0,31,1.0,1.0,1.0,0.0,1.177,0.0
1784381413.4339523,36619,0,0,31,1.0,1.0,1.0,0.0,1.177,0.0
1784381413.5020506,36629,0,0,31,1.0,1.0,1.0,0.0,1.176,0.0
1784381413.571148,36639,0,0,31,1.0,1.0,1.0,0.0,1.176,0.0
1784381413.622792,36649,0,0,31,1.0,1.0,1.0,0.0,1.176,0.0
1784381413.6917844,36659,0,0,31,1.0,1.0,1.0,0.0,1.175,0.0
1784381413.757371,36669,0,0,31,1.0,1.0,1.0,0.0,1.175,0.0
1784381413.8257616,36679,0,0,31,1.0,1.0,1.0,0.0,1.175,0.0
1784381413.882129,36689,0,0,31,1.0,1.0,1.0,0.0,1.174,0.0
1784381413.9529896,36699,0,0,31,1.0,1.0,1.0,0.0,1.174,0.0
1784381414.0227077,36709,0,0,31,1.0,1.0,1.0,0.0,1.174,0.0
1784381414.0852625,36719,0,0,31,1.0,1.0,1.0,0.0,1.174,0.0
1784381414.161642,36729,0,0,31,1.0,1.0,1.0,0.0,1.173,0.0
1784381414.2342687,36739,0,0,31,1.0,1.0,1.0,0.0,1.173,0.0
1784381414.3117754,36749,0,0,31,1.0,1.0,1.0,0.0,1.173,0.0
1784381414.3719933,36759,0,0,31,1.0,1.0,1.0,0.0,1.172,0.0
1784381414.4275792,36769,0,0,31,1.0,1.0,1.0,0.0,1.172,0.0
1784381414.4901505,36779,0,0,31,1.0,1.0,1.0,0.0,1.172,0.0
1784381414.5527334,36789,0,0,31,1.0,1.0,1.0,0.0,1.171,0.0
1784381414.6249597,36799,0,0,31,1.0,1.0,1.0,0.0,1.171,0.0
1784381414.6905804,36809,0,0,31,1.0,1.0,1.0,0.0,1.171,0.0
1784381414.7451153,36819,0,0,31,1.0,1.0,1.0,0.0,1.17,0.0
1784381414.8138328,36829,0,0,31,1.0,1.0,1.0,0.0,1.17,0.0
1784381414.8776383,36839,0,0,31,1.0,1.0,1.0,0.0,1.17,0.0
1784381414.9316006,36849,0,0,31,1.0,1.0,1.0,0.0,1.169,0.0
1784381414.9862673,36859,0,0,31,1.0,1.0,1.0,0.0,1.169,0.0
1784381415.0464282,36869,0,0,31,1.0,1.0,1.0,0.0,1.169,0.0
1784381415.1074312,36879,0,0,31,1.0,1.0,1.0,0.0,1.168,0.0
1784381415.1715298,36889,0,0,31,1.0,1.0,1.0,0.0,1.168,0.0
1784381415.2534008,36899,0,0,31,1.0,1.0,1.0,0.0,1.168,0.0
1784381415.324445,36909,0,0,31,1.0,1.0,1.0,0.0,1.167,0.0
1784381415.3870232,36919,0,0,31,1.0,1.0,1.0,0.0,1.167,0.0
1784381415.442782,36929,0,0,31,1.0,1.0,1.0,0.0,1.167,0.0
1784381415.5084429,36939,0,0,31,1.0,1.0,1.0,0.0,1.167,0.0
1784381415.5720913,36949,0,0,31,1.0,1.0,1.0,0.0,1.166,0.0
1784381415.636724,36959,0,0,31,1.0,1.0,1.0,0.0,1.166,0.0
1784381415.73302,36969,0,0,31,1.0,1.0,1.0,0.0,1.166,0.0
1784381415.7959082,36979,0,0,31,1.0,1.0,1.0,0.0,1.165,0.0
1784381415.8642972,36989,0,0,31,1.0,1.0,1.0,0.0,1.165,0.0
1784381415.9266353,36999,0,0,31,1.0,1.0,1.0,0.0,1.165,0.0
1784381415.980978,37009,0,0,31,1.0,1.0,1.0,0.0,1.164,0.0
1784381416.0532033,37019,0,0,31,1.0,1.0,1.0,0.0,1.164,0.0
1784381416.187611,37029,0,0,31,1.0,1.0,1.0,0.0,1.164,0.0
1784381416.2436883,37039,0,0,31,1.0,1.0,1.0,0.0,1.163,0.0
1784381416.3052173,37049,0,0,31,1.0,1.0,1.0,0.0,1.163,0.0
1784381416.3559694,37059,0,0,31,1.0,1.0,1.0,0.0,1.163,0.0
1784381416.4137785,37069,0,0,31,1.0,1.0,1.0,0.0,1.162,0.0
1784381416.4658194,37079,0,0,31,1.0,1.0,1.0,0.0,1.162,0.0
1784381416.5254788,37089,0,0,31,1.0,1.0,1.0,0.0,1.162,0.0
1784381416.5780997,37099,0,0,31,1.0,1.0,1.0,0.0,1.162,0.0
1784381416.6472044,37109,0,0,31,1.0,1.0,1.0,0.0,1.161,0.0
1784381416.7152166,37119,0,0,31,1.0,1.0,1.0,0.0,1.161,0.0
1784381416.80269,37129,0,0,31,1.0,1.0,1.0,0.0,1.161,0.0
1784381416.8651264,37139,0,0,31,1.0,1.0,1.0,0.0,1.16,0.0
1784381416.921894,37149,0,0,31,1.0,1.0,1.0,0.0,1.16,0.0
1784381416.9697232,37159,0,0,31,1.0,1.0,1.0,0.0,1.16,0.0
1784381417.0271466,37169,0,0,31,1.0,1.0,1.0,0.0,1.159,0.0
1784381417.0881,37179,0,0,31,1.0,1.0,1.0,0.0,1.159,0.0
1784381417.151319,37189,0,0,31,1.0,1.0,1.0,0.0,1.159,0.0
1784381417.2038062,37199,0,0,31,1.0,1.0,1.0,0.0,1.158,0.0
1784381417.2623,37209,0,0,31,1.0,1.0,1.0,0.0,1.158,0.0
1784381417.317815,37219,0,0,31,1.0,1.0,1.0,0.0,1.158,0.0
1784381417.378415,37229,0,0,31,1.0,1.0,1.0,0.0,1.157,0.0
1784381417.425214,37239,0,0,31,1.0,1.0,1.0,0.0,1.157,0.0
1784381417.4874463,37249,0,0,31,1.0,1.0,1.0,0.0,1.157,0.0
1784381417.5408773,37259,0,0,31,1.0,1.0,1.0,0.0,1.157,0.0
1784381417.5931416,37269,0,0,31,1.0,1.0,1.0,0.0,1.156,0.0
1784381417.6460257,37279,0,0,31,1.0,1.0,1.0,0.0,1.156,0.0
1784381417.7035136,37289,0,0,31,1.0,1.0,1.0,0.0,1.156,0.0
1784381417.755019,37299,0,0,31,1.0,1.0,1.0,0.0,1.155,0.0
1784381417.817808,37309,0,0,31,1.0,1.0,1.0,0.0,1.155,0.0
1784381417.8717382,37319,0,0,31,1.0,1.0,1.0,0.0,1.155,0.0
1784381417.9272733,37329,0,0,31,1.0,1.0,1.0,0.0,1.154,0.0
1784381417.9933922,37339,0,0,31,1.0,1.0,1.0,0.0,1.154,0.0
1784381418.0648727,37349,0,0,31,1.0,1.0,1.0,0.0,1.154,0.0
1784381418.1111042,37359,0,0,31,1.0,1.0,1.0,0.0,1.153,0.0
1784381418.1740959,37369,0,0,31,1.0,1.0,1.0,0.0,1.153,0.0
1784381418.2223265,37379,0,0,31,1.0,1.0,1.0,0.0,1.153,0.0
1784381418.3082712,37389,0,0,31,1.0,1.0,1.0,0.0,1.153,0.0
1784381418.3687875,37399,0,0,31,1.0,1.0,1.0,0.0,1.152,0.0
1784381418.429695,37409,0,0,31,1.0,1.0,1.0,0.0,1.152,0.0
1784381418.485186,37419,0,0,31,1.0,1.0,1.0,0.0,1.152,0.0
1784381418.538583,37429,0,0,31,1.0,1.0,1.0,0.0,1.151,0.0
1784381418.5978386,37439,0,0,31,1.0,1.0,1.0,0.0,1.151,0.0
1784381418.6489153,37449,0,0,31,1.0,1.0,1.0,0.0,1.151,0.0
1784381418.7036767,37459,0,0,31,1.0,1.0,1.0,0.0,1.15,0.0
1784381418.764168,37469,0,0,31,1.0,1.0,1.0,0.0,1.15,0.0
1784381418.8260474,37479,0,0,31,1.0,1.0,1.0,0.0,1.15,0.0
1784381418.8842945,37489,0,0,31,1.0,1.0,1.0,0.0,1.149,0.0
1784381418.9552119,37499,0,0,31,1.0,1.0,1.0,0.0,1.149,0.0
1784381419.0219634,37509,0,0,31,1.0,1.0,1.0,0.0,1.149,0.0
1784381419.0795097,37519,0,0,31,1.0,1.0,1.0,0.0,1.149,0.0
1784381419.16334,37529,0,0,31,1.0,1.0,1.0,0.0,1.148,0.0
1784381419.22065,37539,0,0,31,1.0,1.0,1.0,0.0,1.148,0.0
1784381419.2830465,37549,0,0,31,1.0,1.0,1.0,0.0,1.148,0.0
1784381419.3641677,37559,0,0,31,1.0,1.0,1.0,0.0,1.147,0.0
1784381419.4432428,37569,0,0,31,1.0,1.0,1.0,0.0,1.147,0.0
1784381419.5047843,37579,0,0,31,1.0,1.0,1.0,0.0,1.147,0.0
1784381419.5586834,37589,0,0,31,1.0,1.0,1.0,0.0,1.146,0.0
1784381419.627909,37599,0,0,31,1.0,1.0,1.0,0.0,1.146,0.0
1784381419.696949,37609,0,0,31,1.0,1.0,1.0,0.0,1.146,0.0
1784381419.74776,37619,0,0,31,1.0,1.0,1.0,0.0,1.145,0.0
1784381419.82527,37629,0,0,31,1.0,1.0,1.0,0.0,1.145,0.0
1784381419.8698266,37639,0,0,31,1.0,1.0,1.0,0.0,1.145,0.0
1784381419.9233325,37649,0,0,31,1.0,1.0,1.0,0.0,1.145,0.0
1784381419.970735,37659,0,0,31,1.0,1.0,1.0,0.0,1.144,0.0
1784381420.037507,37669,0,0,31,1.0,1.0,1.0,0.0,1.144,0.0
1784381420.0898921,37679,0,0,31,1.0,1.0,1.0,0.0,1.144,0.0
1784381420.1519444,37689,0,0,31,1.0,1.0,1.0,0.0,1.143,0.0
1784381420.239103,37699,0,0,31,1.0,1.0,1.0,0.0,1.143,0.0
1784381420.3083484,37709,0,0,31,1.0,1.0,1.0,0.0,1.143,0.0
1784381420.3862638,37719,0,0,31,1.0,1.0,1.0,0.0,1.142,0.0
1784381420.4458678,37729,0,0,31,1.0,1.0,1.0,0.0,1.142,0.0
1784381420.506515,37739,0,0,31,1.0,1.0,1.0,0.0,1.142,0.0
1784381420.5673945,37749,0,0,31,1.0,1.0,1.0,0.0,1.142,0.0
1784381420.6189365,37759,0,0,31,1.0,1.0,1.0,0.0,1.141,0.0
1784381420.6773746,37769,0,0,31,1.0,1.0,1.0,0.0,1.141,0.0
1784381420.7334325,37779,0,0,31,1.0,1.0,1.0,0.0,1.141,0.0
1784381420.7837462,37789,0,0,31,1.0,1.0,1.0,0.0,1.14,0.0
1784381420.8447697,37799,0,0,31,1.0,1.0,1.0,0.0,1.14,0.0
1784381420.9009957,37809,0,0,31,1.0,1.0,1.0,0.0,1.14,0.0
1784381420.9578717,37819,0,0,31,1.0,1.0,1.0,0.0,1.139,0.0
1784381421.0134313,37829,0,0,31,1.0,1.0,1.0,0.0,1.139,0.0
1784381421.074286,37839,0,0,31,1.0,1.0,1.0,0.0,1.139,0.0
1784381421.1374154,37849,0,0,31,1.0,1.0,1.0,0.0,1.139,0.0
1784381421.2105796,37859,0,0,31,1.0,1.0,1.0,0.0,1.138,0.0
1784381421.268312,37869,0,0,31,1.0,1.0,1.0,0.0,1.138,0.0
1784381421.3285823,37879,0,0,31,1.0,1.0,1.0,0.0,1.138,0.0
1784381421.3856282,37889,0,0,31,1.0,1.0,1.0,0.0,1.137,0.0
1784381421.43974,37899,0,0,31,1.0,1.0,1.0,0.0,1.137,0.0
1784381421.495294,37909,0,0,31,1.0,1.0,1.0,0.0,1.137,0.0
1784381421.555036,37919,0,0,31,1.0,1.0,1.0,0.0,1.136,0.0
1784381421.617724,37929,0,0,31,1.0,1.0,1.0,0.0,1.136,0.0
1784381421.689623,37939,0,0,31,1.0,1.0,1.0,0.0,1.136,0.0
1784381421.7461543,37949,0,0,31,1.0,1.0,1.0,0.0,1.136,0.0
1784381421.8001494,37959,0,0,31,1.0,1.0,1.0,0.0,1.135,0.0
1784381421.8588395,37969,0,0,31,1.0,1.0,1.0,0.0,1.135,0.0
1784381421.9193554,37979,0,0,31,1.0,1.0,1.0,0.0,1.135,0.0
1784381421.973473,37989,0,0,31,1.0,1.0,1.0,0.0,1.134,0.0
1784381422.023095,37999,0,0,31,1.0,1.0,1.0,0.0,1.134,0.0
1784381422.0820441,38009,0,0,31,1.0,1.0,1.0,0.0,1.134,0.0
1784381422.1340163,38019,0,0,31,1.0,1.0,1.0,0.0,1.133,0.0
1784381422.195911,38029,0,0,31,1.0,1.0,1.0,0.0,1.133,0.0
1784381422.2581854,38039,0,0,31,1.0,1.0,1.0,0.0,1.133,0.0
1784381422.316212,38049,0,0,31,1.0,1.0,1.0,0.0,1.133,0.0
1784381422.384705,38059,0,0,31,1.0,1.0,1.0,0.0,1.132,0.0
1784381422.4521255,38069,0,0,31,1.0,1.0,1.0,0.0,1.132,0.0
1784381422.5101762,38079,0,0,31,1.0,1.0,1.0,0.0,1.132,0.0
1784381422.5653498,38089,0,0,31,1.0,1.0,1.0,0.0,1.131,0.0
1784381422.6172736,38099,0,0,31,1.0,1.0,1.0,0.0,1.131,0.0
1784381422.6698892,38109,0,0,31,1.0,1.0,1.0,0.0,1.131,0.0
1784381422.7295334,38119,0,0,31,1.0,1.0,1.0,0.0,1.131,0.0
1784381422.791043,38129,0,0,31,1.0,1.0,1.0,0.0,1.13,0.0
1784381422.8562727,38139,0,0,31,1.0,1.0,1.0,0.0,1.13,0.0
1784381422.9080687,38149,0,0,31,1.0,1.0,1.0,0.0,1.13,0.0
1784381422.9794047,38159,0,0,31,1.0,1.0,1.0,0.0,1.129,0.0
1784381423.0373223,38169,0,0,31,1.0,1.0,1.0,0.0,1.129,0.0
1784381423.1492093,38179,0,0,31,1.0,1.0,1.0,0.0,1.129,0.0
1784381423.229326,38189,0,0,31,1.0,1.0,1.0,0.0,1.128,0.0
1784381423.2896252,38199,0,0,31,1.0,1.0,1.0,0.0,1.128,0.0
1784381423.343919,38209,0,0,31,1.0,1.0,1.0,0.0,1.128,0.0
1784381423.4026098,38219,0,0,31,1.0,1.0,1.0,0.0,1.128,0.0
1784381423.4502826,38229,0,0,31,1.0,1.0,1.0,0.0,1.127,0.0
1784381423.508099,38239,0,0,31,1.0,1.0,1.0,0.0,1.127,0.0
1784381423.560094,38249,0,0,31,1.0,1.0,1.0,0.0,1.127,0.0
1784381423.6174307,38259,0,0,31,1.0,1.0,1.0,0.0,1.126,0.0
1784381423.6840405,38269,0,0,31,1.0,1.0,1.0,0.0,1.126,0.0
1784381423.764615,38279,0,0,31,1.0,1.0,1.0,0.0,1.126,0.0
1784381423.8429208,38289,0,0,31,1.0,1.0,1.0,0.0,1.125,0.0
1784381423.9104657,38299,0,0,31,1.0,1.0,1.0,0.0,1.125,0.0
1784381423.974278,38309,0,0,31,1.0,1.0,1.0,0.0,1.125,0.0
1784381424.0408146,38319,0,0,31,1.0,1.0,1.0,0.0,1.125,0.0
1784381424.096151,38329,0,0,31,1.0,1.0,1.0,0.0,1.124,0.0
1784381424.1596153,38339,0,0,31,1.0,1.0,1.0,0.0,1.124,0.0
1784381424.217794,38349,0,0,31,1.0,1.0,1.0,0.0,1.124,0.0
1784381424.2759864,38359,0,0,31,1.0,1.0,1.0,0.0,1.123,0.0
1784381424.3248606,38369,0,0,31,1.0,1.0,1.0,0.0,1.123,0.0
1784381424.3826497,38379,0,0,31,1.0,1.0,1.0,0.0,1.123,0.0
1784381424.4297848,38389,0,0,31,1.0,1.0,1.0,0.0,1.123,0.0
1784381424.4917598,38399,0,0,31,1.0,1.0,1.0,0.0,1.122,0.0
1784381424.5510185,38409,0,0,31,1.0,1.0,1.0,0.0,1.122,0.0
1784381424.5998292,38419,0,0,31,1.0,1.0,1.0,0.0,1.122,0.0
1784381424.6614683,38429,0,0,31,1.0,1.0,1.0,0.0,1.121,0.0
1784381424.7160518,38439,0,0,31,1.0,1.0,1.0,0.0,1.121,0.0
1784381424.7893934,38449,0,0,31,1.0,1.0,1.0,0.0,1.121,0.0
1784381424.8583014,38459,0,0,31,1.0,1.0,1.0,0.0,1.121,0.0
1784381424.917757,38469,0,0,31,1.0,1.0,1.0,0.0,1.12,0.0
1784381424.9763033,38479,0,0,31,1.0,1.0,1.0,0.0,1.12,0.0
1784381425.0224695,38489,0,0,31,1.0,1.0,1.0,0.0,1.12,0.0
1784381425.0784059,38499,0,0,31,1.0,1.0,1.0,0.0,1.119,0.0
1784381425.1399853,38509,0,0,31,1.0,1.0,1.0,0.0,1.119,0.0
1784381425.2102206,38519,0,0,31,1.0,1.0,1.0,0.0,1.119,0.0
1784381425.2687938,38529,0,0,31,1.0,1.0,1.0,0.0,1.118,0.0
1784381425.3316662,38539,0,0,31,1.0,1.0,1.0,0.0,1.118,0.0
1784381425.3890762,38549,0,0,31,1.0,1.0,1.0,0.0,1.118,0.0
1784381425.4477637,38559,0,0,31,1.0,1.0,1.0,0.0,1.118,0.0
1784381425.5073116,38569,0,0,31,1.0,1.0,1.0,0.0,1.117,0.0
1784381425.5554533,38579,0,0,31,1.0,1.0,1.0,0.0,1.117,0.0
1784381425.6104639,38589,0,0,31,1.0,1.0,1.0,0.0,1.117,0.0
1784381425.6658819,38599,0,0,31,1.0,1.0,1.0,0.0,1.116,0.0
1784381425.7251863,38609,0,0,31,1.0,1.0,1.0,0.0,1.116,0.0
1784381425.7851255,38619,0,0,31,1.0,1.0,1.0,0.0,1.116,0.0
1784381425.8393393,38629,0,0,31,1.0,1.0,1.0,0.0,1.116,0.0
1784381425.894673,38639,0,0,31,1.0,1.0,1.0,0.0,1.115,0.0
1784381425.951035,38649,0,0,31,1.0,1.0,1.0,0.0,1.115,0.0
1784381426.0041835,38659,0,0,31,1.0,1.0,1.0,0.0,1.115,0.0
1784381426.0650911,38669,0,0,31,1.0,1.0,1.0,0.0,1.114,0.0
1784381426.1158588,38679,0,0,31,1.0,1.0,1.0,0.0,1.114,0.0
1784381426.181588,38689,0,0,31,1.0,1.0,1.0,0.0,1.114,0.0
1784381426.2423697,38699,0,0,31,1.0,1.0,1.0,0.0,1.114,0.0
1784381426.3258708,38709,0,0,31,1.0,1.0,1.0,0.0,1.113,0.0
1784381426.3763502,38719,0,0,31,1.0,1.0,1.0,0.0,1.113,0.0
1784381426.4630995,38729,0,0,31,1.0,1.0,1.0,0.0,1.113,0.0
1784381426.516247,38739,0,0,31,1.0,1.0,1.0,0.0,1.112,0.0
1784381426.5691905,38749,0,0,31,1.0,1.0,1.0,0.0,1.112,0.0
1784381426.6247547,38759,0,0,31,1.0,1.0,1.0,0.0,1.112,0.0
1784381426.6761472,38769,0,0,31,1.0,1.0,1.0,0.0,1.112,0.0
1784381426.7269082,38779,0,0,31,1.0,1.0,1.0,0.0,1.111,0.0
1784381426.787749,38789,0,0,31,1.0,1.0,1.0,0.0,1.111,0.0
1784381426.8457305,38799,0,0,31,1.0,1.0,1.0,0.0,1.111,0.0
1784381426.897217,38809,0,0,31,1.0,1.0,1.0,0.0,1.11,0.0
1784381426.9599075,38819,0,0,31,1.0,1.0,1.0,0.0,1.11,0.0
1784381427.0146878,38829,0,0,31,1.0,1.0,1.0,0.0,1.11,0.0
1784381427.0775208,38839,0,0,31,1.0,1.0,1.0,0.0,1.11,0.0
1784381427.1270812,38849,0,0,31,1.0,1.0,1.0,0.0,1.109,0.0
1784381427.209171,38859,0,0,31,1.0,1.0,1.0,0.0,1.109,0.0
1784381427.292061,38869,0,0,31,1.0,1.0,1.0,0.0,1.109,0.0
1784381427.3557453,38879,0,0,31,1.0,1.0,1.0,0.0,1.108,0.0
1784381427.414781,38889,0,0,31,1.0,1.0,1.0,0.0,1.108,0.0
1784381427.4878795,38899,0,0,31,1.0,1.0,1.0,0.0,1.108,0.0
1784381427.5730786,38909,0,0,31,1.0,1.0,1.0,0.0,1.108,0.0
1784381427.6499083,38919,0,0,31,1.0,1.0,1.0,0.0,1.107,0.0
1784381427.7222333,38929,0,0,31,1.0,1.0,1.0,0.0,1.107,0.0
1784381427.794719,38939,0,0,31,1.0,1.0,1.0,0.0,1.107,0.0
1784381427.871227,38949,0,0,31,1.0,1.0,1.0,0.0,1.106,0.0
1784381427.9326975,38959,0,0,31,1.0,1.0,1.0,0.0,1.106,0.0
1784381427.9974144,38969,0,0,31,1.0,1.0,1.0,0.0,1.106,0.0
1784381428.0500858,38979,0,0,31,1.0,1.0,1.0,0.0,1.106,0.0
1784381428.1063423,38989,0,0,31,1.0,1.0,1.0,0.0,1.105,0.0
1784381428.1634784,38999,0,0,31,1.0,1.0,1.0,0.0,1.105,0.0
1784381428.2323728,39009,0,0,31,1.0,1.0,1.0,0.0,1.105,0.0
1784381428.2954078,39019,0,0,31,1.0,1.0,1.0,0.0,1.104,0.0
1784381428.3582058,39029,0,0,31,1.0,1.0,1.0,0.0,1.104,0.0
1784381428.4146812,39039,0,0,31,1.0,1.0,1.0,0.0,1.104,0.0
1784381428.4723861,39049,0,0,31,1.0,1.0,1.0,0.0,1.104,0.0
1784381428.535847,39059,0,0,31,1.0,1.0,1.0,0.0,1.103,0.0
1784381428.5946116,39069,0,0,31,1.0,1.0,1.0,0.0,1.103,0.0
1784381428.6531029,39079,0,0,31,1.0,1.0,1.0,0.0,1.103,0.0
1784381428.7161942,39089,0,0,31,1.0,1.0,1.0,0.0,1.103,0.0
1784381428.7799346,39099,0,0,31,1.0,1.0,1.0,0.0,1.102,0.0
1784381428.8381321,39109,0,0,31,1.0,1.0,1.0,0.0,1.102,0.0
1784381428.8899677,39119,0,0,31,1.0,1.0,1.0,0.0,1.102,0.0
1784381428.9516928,39129,0,0,31,1.0,1.0,1.0,0.0,1.101,0.0
1784381429.0137923,39139,0,0,31,1.0,1.0,1.0,0.0,1.101,0.0
1784381429.080569,39149,0,0,31,1.0,1.0,1.0,0.0,1.101,0.0
1784381429.147792,39159,0,0,31,1.0,1.0,1.0,0.0,1.101,0.0
1784381429.2168512,39169,0,0,31,1.0,1.0,1.0,0.0,1.1,0.0
1784381429.294859,39179,0,0,31,1.0,1.0,1.0,0.0,1.1,0.0
1784381429.3499997,39189,0,0,31,1.0,1.0,1.0,0.0,1.1,0.0
1784381429.3963866,39199,0,0,31,1.0,1.0,1.0,0.0,1.099,0.0
1784381429.4492743,39209,0,0,31,1.0,1.0,1.0,0.0,1.099,0.0
1784381429.5041347,39219,0,0,31,1.0,1.0,1.0,0.0,1.099,0.0
1784381429.5564804,39229,0,0,31,1.0,1.0,1.0,0.0,1.099,0.0
1784381429.6141274,39239,0,0,31,1.0,1.0,1.0,0.0,1.098,0.0
1784381429.6634643,39249,0,0,31,1.0,1.0,1.0,0.0,1.098,0.0
1784381429.7395403,39259,0,0,31,1.0,1.0,1.0,0.0,1.098,0.0
1784381429.8066497,39269,0,0,31,1.0,1.0,1.0,0.0,1.097,0.0
1784381429.8710947,39279,0,0,31,1.0,1.0,1.0,0.0,1.097,0.0
1784381429.9387403,39289,0,0,31,1.0,1.0,1.0,0.0,1.097,0.0
1784381429.994992,39299,0,0,31,1.0,1.0,1.0,0.0,1.097,0.0
1784381430.0587437,39309,0,0,31,1.0,1.0,1.0,0.0,1.096,0.0
1784381430.1056397,39319,0,0,31,1.0,1.0,1.0,0.0,1.096,0.0
1784381430.1703465,39329,0,0,31,1.0,1.0,1.0,0.0,1.096,0.0
1784381430.2251284,39339,0,0,31,1.0,1.0,1.0,0.0,1.096,0.0
1784381430.2868624,39349,0,0,31,1.0,1.0,1.0,0.0,1.095,0.0
1784381430.3387964,39359,0,0,31,1.0,1.0,1.0,0.0,1.095,0.0
1784381430.3949258,39369,0,0,31,1.0,1.0,1.0,0.0,1.095,0.0
1784381430.5221703,39379,0,0,31,1.0,1.0,1.0,0.0,1.094,0.0
1784381430.5875273,39389,0,0,31,1.0,1.0,1.0,0.0,1.094,0.0
1784381430.656369,39399,0,0,31,1.0,1.0,1.0,0.0,1.094,0.0
1784381430.7183206,39409,0,0,31,1.0,1.0,1.0,0.0,1.094,0.0
1784381430.775637,39419,0,0,31,1.0,1.0,1.0,0.0,1.093,0.0
1784381430.8525853,39429,0,0,31,1.0,1.0,1.0,0.0,1.093,0.0
1784381430.908947,39439,0,0,31,1.0,1.0,1.0,0.0,1.093,0.0
1784381430.9563763,39449,0,0,31,1.0,1.0,1.0,0.0,1.092,0.0
1784381431.0113533,39459,0,0,31,1.0,1.0,1.0,0.0,1.092,0.0
1784381431.0675504,39469,0,0,31,1.0,1.0,1.0,0.0,1.092,0.0
1784381431.1299112,39479,0,0,31,1.0,1.0,1.0,0.0,1.092,0.0
1784381431.1842518,39489,0,0,31,1.0,1.0,1.0,0.0,1.091,0.0
1784381431.2499256,39499,0,0,31,1.0,1.0,1.0,0.0,1.091,0.0
1784381431.31614,39509,0,0,31,1.0,1.0,1.0,0.0,1.091,0.0
1784381431.369355,39519,0,0,31,1.0,1.0,1.0,0.0,1.091,0.0
1784381431.4493678,39529,0,0,31,1.0,1.0,1.0,0.0,1.09,0.0
1784381431.4939704,39539,0,0,31,1.0,1.0,1.0,0.0,1.09,0.0
1784381431.565999,39549,0,0,31,1.0,1.0,1.0,0.0,1.09,0.0
1784381431.6149225,39559,0,0,31,1.0,1.0,1.0,0.0,1.089,0.0
1784381431.675606,39569,0,0,31,1.0,1.0,1.0,0.0,1.089,0.0
1784381431.7459805,39579,0,0,31,1.0,1.0,1.0,0.0,1.089,0.0
1784381431.8077643,39589,0,0,31,1.0,1.0,1.0,0.0,1.089,0.0
1784381431.888357,39599,0,0,31,1.0,1.0,1.0,0.0,1.088,0.0
1784381431.9492598,39609,0,0,31,1.0,1.0,1.0,0.0,1.088,0.0
1784381432.0077236,39619,0,0,31,1.0,1.0,1.0,0.0,1.088,0.0
1784381432.0633438,39629,0,0,31,1.0,1.0,1.0,0.0,1.088,0.0
1784381432.1178687,39639,0,0,31,1.0,1.0,1.0,0.0,1.087,0.0
1784381432.1947536,39649,0,0,31,1.0,1.0,1.0,0.0,1.087,0.0
1784381432.259932,39659,0,0,31,1.0,1.0,1.0,0.0,1.087,0.0
1784381432.3296773,39669,0,0,31,1.0,1.0,1.0,0.0,1.086,0.0
1784381432.3896685,39679,0,0,31,1.0,1.0,1.0,0.0,1.086,0.0
1784381432.4496562,39689,0,0,31,1.0,1.0,1.0,0.0,1.086,0.0
1784381432.5121863,39699,0,0,31,1.0,1.0,1.0,0.0,1.086,0.0
1784381432.5743592,39709,0,0,31,1.0,1.0,1.0,0.0,1.085,0.0
1784381432.6309202,39719,0,0,31,1.0,1.0,1.0,0.0,1.085,0.0
1784381432.6949959,39729,0,0,31,1.0,1.0,1.0,0.0,1.085,0.0
1784381432.7494338,39739,0,0,31,1.0,1.0,1.0,0.0,1.085,0.0
1784381432.809157,39749,0,0,31,1.0,1.0,1.0,0.0,1.084,0.0
1784381432.8713202,39759,0,0,31,1.0,1.0,1.0,0.0,1.084,0.0
1784381432.9311876,39769,0,0,31,1.0,1.0,1.0,0.0,1.084,0.0
1784381432.9848397,39779,0,0,31,1.0,1.0,1.0,0.0,1.083,0.0
1784381433.0430727,39789,0,0,31,1.0,1.0,1.0,0.0,1.083,0.0
1784381433.1039596,39799,0,0,31,1.0,1.0,1.0,0.0,1.083,0.0
1784381433.1592696,39809,0,0,31,1.0,1.0,1.0,0.0,1.083,0.0
1784381433.223179,39819,0,0,31,1.0,1.0,1.0,0.0,1.082,0.0
1784381433.283045,39829,0,0,31,1.0,1.0,1.0,0.0,1.082,0.0
1784381433.343496,39839,0,0,31,1.0,1.0,1.0,0.0,1.082,0.0
1784381433.3991587,39849,0,0,31,1.0,1.0,1.0,0.0,1.082,0.0
1784381433.4471478,39859,0,0,31,1.0,1.0,1.0,0.0,1.081,0.0
1784381433.4952738,39869,0,0,31,1.0,1.0,1.0,0.0,1.081,0.0
1784381433.547382,39879,0,0,31,1.0,1.0,1.0,0.0,1.081,0.0
1784381433.602955,39889,0,0,31,1.0,1.0,1.0,0.0,1.08,0.0
1784381433.65648,39899,0,0,31,1.0,1.0,1.0,0.0,1.08,0.0
1784381433.7060857,39909,0,0,31,1.0,1.0,1.0,0.0,1.08,0.0
1784381433.7630816,39919,0,0,31,1.0,1.0,1.0,0.0,1.08,0.0
1784381433.8166997,39929,0,0,31,1.0,1.0,1.0,0.0,1.079,0.0
1784381433.876092,39939,0,0,31,1.0,1.0,1.0,0.0,1.079,0.0
1784381433.9326377,39949,0,0,31,1.0,1.0,1.0,0.0,1.079,0.0
1784381433.9974928,39959,0,0,31,1.0,1.0,1.0,0.0,1.079,0.0
1784381434.0681825,39969,0,0,31,1.0,1.0,1.0,0.0,1.078,0.0
1784381434.1329398,39979,0,0,31,1.0,1.0,1.0,0.0,1.078,0.0
1784381434.1807597,39989,0,0,31,1.0,1.0,1.0,0.0,1.078,0.0
1784381434.2269397,39999,0,0,31,1.0,1.0,1.0,0.0,1.077,0.0
1784381434.2858357,40009,0,0,31,1.0,1.0,1.0,0.0,1.077,0.0
1784381434.3374565,40019,0,0,31,1.0,1.0,1.0,0.0,1.077,0.0
1784381434.3990402,40029,0,0,31,1.0,1.0,1.0,0.0,1.077,0.0
1784381434.455838,40039,0,0,31,1.0,1.0,1.0,0.0,1.076,0.0
1784381434.51978,40049,0,0,31,1.0,1.0,1.0,0.0,1.076,0.0
1784381434.5850105,40059,0,0,31,1.0,1.0,1.0,0.0,1.076,0.0
1784381434.6810353,40069,0,0,31,1.0,1.0,1.0,0.0,1.076,0.0
1784381434.751402,40079,0,0,31,1.0,1.0,1.0,0.0,1.075,0.0
1784381434.8218532,40089,0,0,31,1.0,1.0,1.0,0.0,1.075,0.0
1784381434.8807495,40099,0,0,31,1.0,1.0,1.0,0.0,1.075,0.0
1784381434.9371467,40109,0,0,31,1.0,1.0,1.0,0.0,1.075,0.0
1784381434.994555,40119,0,0,31,1.0,1.0,1.0,0.0,1.074,0.0
1784381435.0545046,40129,0,0,31,1.0,1.0,1.0,0.0,1.074,0.0
1784381435.1173043,40139,0,0,31,1.0,1.0,1.0,0.0,1.074,0.0
1784381435.176785,40149,0,0,31,1.0,1.0,1.0,0.0,1.073,0.0
1784381435.2463002,40159,0,0,31,1.0,1.0,1.0,0.0,1.073,0.0
1784381435.3103995,40169,0,0,31,1.0,1.0,1.0,0.0,1.073,0.0
1784381435.3710887,40179,0,0,31,1.0,1.0,1.0,0.0,1.073,0.0
1784381435.432111,40189,0,0,31,1.0,1.0,1.0,0.0,1.072,0.0
1784381435.4920905,40199,0,0,31,1.0,1.0,1.0,0.0,1.072,0.0
1784381435.5490687,40209,0,0,31,1.0,1.0,1.0,0.0,1.072,0.0
1784381435.61431,40219,0,0,31,1.0,1.0,1.0,0.0,1.072,0.0
1784381435.6785052,40229,0,0,31,1.0,1.0,1.0,0.0,1.071,0.0
1784381435.7287266,40239,0,0,31,1.0,1.0,1.0,0.0,1.071,0.0
1784381435.7871237,40249,0,0,31,1.0,1.0,1.0,0.0,1.071,0.0
1784381435.840643,40259,0,0,31,1.0,1.0,1.0,0.0,1.071,0.0
1784381435.9116704,40269,0,0,31,1.0,1.0,1.0,0.0,1.07,0.0
1784381435.973544,40279,0,0,31,1.0,1.0,1.0,0.0,1.07,0.0
1784381436.035309,40289,0,0,31,1.0,1.0,1.0,0.0,1.07,0.0
1784381436.089766,40299,0,0,31,1.0,1.0,1.0,0.0,1.069,0.0
1784381436.141998,40309,0,0,31,1.0,1.0,1.0,0.0,1.069,0.0
1784381436.211138,40319,0,0,31,1.0,1.0,1.0,0.0,1.069,0.0
1784381436.2811882,40329,0,0,31,1.0,1.0,1.0,0.0,1.069,0.0
1784381436.3382928,40339,0,0,31,1.0,1.0,1.0,0.0,1.068,0.0
1784381436.3872662,40349,0,0,31,1.0,1.0,1.0,0.0,1.068,0.0
1784381436.4376135,40359,0,0,31,1.0,1.0,1.0,0.0,1.068,0.0
1784381436.487061,40369,0,0,31,1.0,1.0,1.0,0.0,1.068,0.0
1784381436.5325837,40379,0,0,31,1.0,1.0,1.0,0.0,1.067,0.0
1784381436.5904214,40389,0,0,31,1.0,1.0,1.0,0.0,1.067,0.0
1784381436.6526074,40399,0,0,31,1.0,1.0,1.0,0.0,1.067,0.0
1784381436.7132509,40409,0,0,31,1.0,1.0,1.0,0.0,1.067,0.0
1784381436.7758079,40419,0,0,31,1.0,1.0,1.0,0.0,1.066,0.0
1784381436.8339007,40429,0,0,31,1.0,1.0,1.0,0.0,1.066,0.0
1784381436.8924682,40439,0,0,31,1.0,1.0,1.0,0.0,1.066,0.0
1784381436.9454815,40449,0,0,31,1.0,1.0,1.0,0.0,1.066,0.0
1784381437.0139868,40459,0,0,31,1.0,1.0,1.0,0.0,1.065,0.0
1784381437.067941,40469,0,0,31,1.0,1.0,1.0,0.0,1.065,0.0
1784381437.1270175,40479,0,0,31,1.0,1.0,1.0,0.0,1.065,0.0
1784381437.1917994,40489,0,0,31,1.0,1.0,1.0,0.0,1.064,0.0
1784381437.2577279,40499,0,0,31,1.0,1.0,1.0,0.0,1.064,0.0
1784381437.325756,40509,0,0,31,1.0,1.0,1.0,0.0,1.064,0.0
1784381437.3871853,40519,0,0,31,1.0,1.0,1.0,0.0,1.064,0.0
1784381437.4653401,40529,0,0,31,1.0,1.0,1.0,0.0,1.063,0.0
1784381437.5151322,40539,0,0,31,1.0,1.0,1.0,0.0,1.063,0.0
1784381437.5767224,40549,0,0,31,1.0,1.0,1.0,0.0,1.063,0.0
1784381437.6330142,40559,0,0,31,1.0,1.0,1.0,0.0,1.063,0.0
1784381437.6852214,40569,0,0,31,1.0,1.0,1.0,0.0,1.062,0.0
1784381437.7484844,40579,0,0,31,1.0,1.0,1.0,0.0,1.062,0.0
1784381437.7960377,40589,0,0,31,1.0,1.0,1.0,0.0,1.062,0.0
1784381437.845131,40599,0,0,31,1.0,1.0,1.0,0.0,1.062,0.0
1784381437.900728,40609,0,0,31,1.0,1.0,1.0,0.0,1.061,0.0
1784381437.9447641,40619,0,0,31,1.0,1.0,1.0,0.0,1.061,0.0
1784381438.0045214,40629,0,0,31,1.0,1.0,1.0,0.0,1.061,0.0
1784381438.0542457,40639,0,0,31,1.0,1.0,1.0,0.0,1.061,0.0
1784381438.1058755,40649,0,0,31,1.0,1.0,1.0,0.0,1.06,0.0
1784381438.1735926,40659,0,0,31,1.0,1.0,1.0,0.0,1.06,0.0
1784381438.2295702,40669,0,0,31,1.0,1.0,1.0,0.0,1.06,0.0
1784381438.2733946,40679,0,0,31,1.0,1.0,1.0,0.0,1.059,0.0
1784381438.3339868,40689,0,0,31,1.0,1.0,1.0,0.0,1.059,0.0
1784381438.3876503,40699,0,0,31,1.0,1.0,1.0,0.0,1.059,0.0
1784381438.4512353,40709,0,0,31,1.0,1.0,1.0,0.0,1.059,0.0
1784381438.5065935,40719,0,0,31,1.0,1.0,1.0,0.0,1.058,0.0
1784381438.5609775,40729,0,0,31,1.0,1.0,1.0,0.0,1.058,0.0
1784381438.6206746,40739,0,0,31,1.0,1.0,1.0,0.0,1.058,0.0
1784381438.6740146,40749,0,0,31,1.0,1.0,1.0,0.0,1.058,0.0
1784381438.7202432,40759,0,0,31,1.0,1.0,1.0,0.0,1.057,0.0
1784381438.7667894,40769,0,0,31,1.0,1.0,1.0,0.0,1.057,0.0
1784381438.8172705,40779,0,0,31,1.0,1.0,1.0,0.0,1.057,0.0
1784381438.8681338,40789,0,0,31,1.0,1.0,1.0,0.0,1.057,0.0
1784381438.9261477,40799,0,0,31,1.0,1.0,1.0,0.0,1.056,0.0
1784381438.9835196,40809,0,0,31,1.0,1.0,1.0,0.0,1.056,0.0
1784381439.0402207,40819,0,0,31,1.0,1.0,1.0,0.0,1.056,0.0
1784381439.0937068,40829,0,0,31,1.0,1.0,1.0,0.0,1.056,0.0
1784381439.147078,40839,0,0,31,1.0,1.0,1.0,0.0,1.055,0.0
1784381439.213669,40849,0,0,31,1.0,1.0,1.0,0.0,1.055,0.0
1784381439.2692866,40859,0,0,31,1.0,1.0,1.0,0.0,1.055,0.0
1784381439.3445115,40869,0,0,31,1.0,1.0,1.0,0.0,1.055,0.0
1784381439.4067492,40879,0,0,31,1.0,1.0,1.0,0.0,1.054,0.0
1784381439.4669867,40889,0,0,31,1.0,1.0,1.0,0.0,1.054,0.0
1784381439.5206938,40899,0,0,31,1.0,1.0,1.0,0.0,1.054,0.0
1784381439.5774364,40909,0,0,31,1.0,1.0,1.0,0.0,1.054,0.0
1784381439.652692,40919,0,0,31,1.0,1.0,1.0,0.0,1.053,0.0
1784381439.718703,40929,0,0,31,1.0,1.0,1.0,0.0,1.053,0.0
1784381439.7734652,40939,0,0,31,1.0,1.0,1.0,0.0,1.053,0.0
1784381439.8339324,40949,0,0,31,1.0,1.0,1.0,0.0,1.053,0.0
1784381439.8892446,40959,0,0,31,1.0,1.0,1.0,0.0,1.052,0.0
1784381439.9476404,40969,0,0,31,1.0,1.0,1.0,0.0,1.052,0.0
1784381440.0040503,40979,0,0,31,1.0,1.0,1.0,0.0,1.052,0.0
1784381440.0680761,40989,0,0,31,1.0,1.0,1.0,0.0,1.051,0.0
1784381440.1299849,40999,0,0,31,1.0,1.0,1.0,0.0,1.051,0.0
1784381440.184397,41009,0,0,31,1.0,1.0,1.0,0.0,1.051,0.0
1784381440.2418895,41019,0,0,31,1.0,1.0,1.0,0.0,1.051,0.0
1784381440.3064682,41029,0,0,31,1.0,1.0,1.0,0.0,1.05,0.0
1784381440.3678172,41039,0,0,31,1.0,1.0,1.0,0.0,1.05,0.0
1784381440.436839,41049,0,0,31,1.0,1.0,1.0,0.0,1.05,0.0
1784381440.4990191,41059,0,0,31,1.0,1.0,1.0,0.0,1.05,0.0
1784381440.5658255,41069,0,0,31,1.0,1.0,1.0,0.0,1.049,0.0
1784381440.6371696,41079,0,0,31,1.0,1.0,1.0,0.0,1.049,0.0
1784381440.6969583,41089,0,0,31,1.0,1.0,1.0,0.0,1.049,0.0
1784381440.7389588,41099,0,0,31,1.0,1.0,1.0,0.0,1.049,0.0
1784381440.7937186,41109,0,0,31,1.0,1.0,1.0,0.0,1.048,0.0
1784381440.858414,41119,0,0,31,1.0,1.0,1.0,0.0,1.048,0.0
1784381440.9247549,41129,0,0,31,1.0,1.0,1.0,0.0,1.048,0.0
1784381440.9831882,41139,0,0,31,1.0,1.0,1.0,0.0,1.048,0.0
1784381441.0478745,41149,0,0,31,1.0,1.0,1.0,0.0,1.047,0.0
1784381441.1063952,41159,0,0,31,1.0,1.0,1.0,0.0,1.047,0.0
1784381441.1651487,41169,0,0,31,1.0,1.0,1.0,0.0,1.047,0.0
1784381441.2213953,41179,0,0,31,1.0,1.0,1.0,0.0,1.047,0.0
1784381441.2812755,41189,0,0,31,1.0,1.0,1.0,0.0,1.046,0.0
1784381441.3494804,41199,0,0,31,1.0,1.0,1.0,0.0,1.046,0.0
1784381441.400178,41209,0,0,31,1.0,1.0,1.0,0.0,1.046,0.0
1784381441.452266,41219,0,0,31,1.0,1.0,1.0,0.0,1.046,0.0
1784381441.5165713,41229,0,0,31,1.0,1.0,1.0,0.0,1.045,0.0
1784381441.567853,41239,0,0,31,1.0,1.0,1.0,0.0,1.045,0.0
1784381441.6262436,41249,0,0,31,1.0,1.0,1.0,0.0,1.045,0.0
1784381441.696668,41259,0,0,31,1.0,1.0,1.0,0.0,1.045,0.0
1784381441.763234,41269,0,0,31,1.0,1.0,1.0,0.0,1.044,0.0
1784381441.814404,41279,0,0,31,1.0,1.0,1.0,0.0,1.044,0.0
1784381441.8685207,41289,0,0,31,1.0,1.0,1.0,0.0,1.044,0.0
1784381441.922169,41299,0,0,31,1.0,1.0,1.0,0.0,1.044,0.0
1784381441.9792733,41309,0,0,31,1.0,1.0,1.0,0.0,1.043,0.0
1784381442.0441587,41319,0,0,31,1.0,1.0,1.0,0.0,1.043,0.0
1784381442.1009474,41329,0,0,31,1.0,1.0,1.0,0.0,1.043,0.0
1784381442.1591308,41339,0,0,31,1.0,1.0,1.0,0.0,1.043,0.0
1784381442.2116888,41349,0,0,31,1.0,1.0,1.0,0.0,1.042,0.0
1784381442.2730718,41359,0,0,31,1.0,1.0,1.0,0.0,1.042,0.0
1784381442.337496,41369,0,0,31,1.0,1.0,1.0,0.0,1.042,0.0
1784381442.389216,41379,0,0,31,1.0,1.0,1.0,0.0,1.042,0.0
1784381442.4405751,41389,0,0,31,1.0,1.0,1.0,0.0,1.041,0.0
1784381442.5003252,41399,0,0,31,1.0,1.0,1.0,0.0,1.041,0.0
1784381442.5544295,41409,0,0,31,1.0,1.0,1.0,0.0,1.041,0.0
1784381442.6246843,41419,0,0,31,1.0,1.0,1.0,0.0,1.041,0.0
1784381442.6832786,41429,0,0,31,1.0,1.0,1.0,0.0,1.04,0.0
1784381442.7395291,41439,0,0,31,1.0,1.0,1.0,0.0,1.04,0.0
1784381442.801567,41449,0,0,31,1.0,1.0,1.0,0.0,1.04,0.0
1784381442.8605444,41459,0,0,31,1.0,1.0,1.0,0.0,1.04,0.0
1784381442.9084654,41469,0,0,31,1.0,1.0,1.0,0.0,1.039,0.0
1784381442.9624865,41479,0,0,31,1.0,1.0,1.0,0.0,1.039,0.0
1784381443.0157971,41489,0,0,31,1.0,1.0,1.0,0.0,1.039,0.0
1784381443.0771856,41499,0,0,31,1.0,1.0,1.0,0.0,1.039,0.0
1784381443.1312015,41509,0,0,31,1.0,1.0,1.0,0.0,1.038,0.0
1784381443.1832085,41519,0,0,31,1.0,1.0,1.0,0.0,1.038,0.0
1784381443.240846,41529,0,0,31,1.0,1.0,1.0,0.0,1.038,0.0
1784381443.3001883,41539,0,0,31,1.0,1.0,1.0,0.0,1.038,0.0
1784381443.3647223,41549,0,0,31,1.0,1.0,1.0,0.0,1.037,0.0
1784381443.4258337,41559,0,0,31,1.0,1.0,1.0,0.0,1.037,0.0
1784381443.479821,41569,0,0,31,1.0,1.0,1.0,0.0,1.037,0.0
1784381443.5425005,41579,0,0,31,1.0,1.0,1.0,0.0,1.037,0.0
1784381443.6004083,41589,0,0,31,1.0,1.0,1.0,0.0,1.036,0.0
1784381443.6594176,41599,0,0,31,1.0,1.0,1.0,0.0,1.036,0.0
1784381443.709439,41609,0,0,31,1.0,1.0,1.0,0.0,1.036,0.0
1784381443.761495,41619,0,0,31,1.0,1.0,1.0,0.0,1.036,0.0
1784381443.8248265,41629,0,0,31,1.0,1.0,1.0,0.0,1.035,0.0
1784381443.8757675,41639,0,0,31,1.0,1.0,1.0,0.0,1.035,0.0
1784381443.9313095,41649,0,0,31,1.0,1.0,1.0,0.0,1.035,0.0
1784381443.9887338,41659,0,0,31,1.0,1.0,1.0,0.0,1.035,0.0
1784381444.04461,41669,0,0,31,1.0,1.0,1.0,0.0,1.034,0.0
1784381444.0974338,41679,0,0,31,1.0,1.0,1.0,0.0,1.034,0.0
1784381444.1402147,41689,0,0,31,1.0,1.0,1.0,0.0,1.034,0.0
1784381444.1851196,41699,0,0,31,1.0,1.0,1.0,0.0,1.034,0.0
1784381444.2337325,41709,0,0,31,1.0,1.0,1.0,0.0,1.033,0.0
1784381444.280979,41719,0,0,31,1.0,1.0,1.0,0.0,1.033,0.0
1784381444.355013,41729,0,0,31,1.0,1.0,1.0,0.0,1.033,0.0
1784381444.4129398,41739,0,0,31,1.0,1.0,1.0,0.0,1.033,0.0
1784381444.4689302,41749,0,0,31,1.0,1.0,1.0,0.0,1.032,0.0
1784381444.5359292,41759,0,0,31,1.0,1.0,1.0,0.0,1.032,0.0
1784381444.5900354,41769,0,0,31,1.0,1.0,1.0,0.0,1.032,0.0
1784381444.6443372,41779,0,0,31,1.0,1.0,1.0,0.0,1.032,0.0
1784381444.7023933,41789,0,0,31,1.0,1.0,1.0,0.0,1.031,0.0
1784381444.7673051,41799,0,0,31,1.0,1.0,1.0,0.0,1.031,0.0
1784381444.828045,41809,0,0,31,1.0,1.0,1.0,0.0,1.031,0.0
1784381444.8905046,41819,0,0,31,1.0,1.0,1.0,0.0,1.031,0.0
1784381444.9426634,41829,0,0,31,1.0,1.0,1.0,0.0,1.03,0.0
1784381444.994378,41839,0,0,31,1.0,1.0,1.0,0.0,1.03,0.0
1784381445.0525887,41849,0,0,31,1.0,1.0,1.0,0.0,1.03,0.0
1784381445.106735,41859,0,0,31,1.0,1.0,1.0,0.0,1.03,0.0
1784381445.1596305,41869,0,0,31,1.0,1.0,1.0,0.0,1.029,0.0
1784381445.2128901,41879,0,0,31,1.0,1.0,1.0,0.0,1.029,0.0
1784381445.264166,41889,0,0,31,1.0,1.0,1.0,0.0,1.029,0.0
1784381445.3142314,41899,0,0,31,1.0,1.0,1.0,0.0,1.029,0.0
1784381445.3738399,41909,0,0,31,1.0,1.0,1.0,0.0,1.028,0.0
1784381445.4458137,41919,0,0,31,1.0,1.0,1.0,0.0,1.028,0.0
1784381445.5143607,41929,0,0,31,1.0,1.0,1.0,0.0,1.028,0.0
1784381445.5681863,41939,0,0,31,1.0,1.0,1.0,0.0,1.028,0.0
1784381445.6126938,41949,0,0,31,1.0,1.0,1.0,0.0,1.027,0.0
1784381445.664786,41959,0,0,31,1.0,1.0,1.0,0.0,1.027,0.0
1784381445.7301428,41969,0,0,31,1.0,1.0,1.0,0.0,1.027,0.0
1784381445.7955246,41979,0,0,31,1.0,1.0,1.0,0.0,1.027,0.0
1784381445.859688,41989,0,0,31,1.0,1.0,1.0,0.0,1.027,0.0
1784381445.9124732,41999,0,0,31,1.0,1.0,1.0,0.0,1.026,0.0
1784381445.979247,42009,0,0,31,1.0,1.0,1.0,0.0,1.026,0.0
1784381446.0330641,42019,0,0,31,1.0,1.0,1.0,0.0,1.026,0.0
1784381446.0956154,42029,0,0,31,1.0,1.0,1.0,0.0,1.026,0.0
1784381446.1508167,42039,0,0,31,1.0,1.0,1.0,0.0,1.025,0.0
1784381446.2047312,42049,0,0,31,1.0,1.0,1.0,0.0,1.025,0.0
1784381446.2658777,42059,0,0,31,1.0,1.0,1.0,0.0,1.025,0.0
1784381446.325601,42069,0,0,31,1.0,1.0,1.0,0.0,1.025,0.0
1784381446.3965693,42079,0,0,31,1.0,1.0,1.0,0.0,1.024,0.0
1784381446.456765,42089,0,0,31,1.0,1.0,1.0,0.0,1.024,0.0
1784381446.5159423,42099,0,0,31,1.0,1.0,1.0,0.0,1.024,0.0
1784381446.5824215,42109,0,0,31,1.0,1.0,1.0,0.0,1.024,0.0
1784381446.6459737,42119,0,0,31,1.0,1.0,1.0,0.0,1.023,0.0
1784381446.7242239,42129,0,0,31,1.0,1.0,1.0,0.0,1.023,0.0
1784381446.778425,42139,0,0,31,1.0,1.0,1.0,0.0,1.023,0.0
1784381446.849873,42149,0,0,31,1.0,1.0,1.0,0.0,1.023,0.0
1784381446.8989773,42159,0,0,31,1.0,1.0,1.0,0.0,1.022,0.0
1784381446.9616194,42169,0,0,31,1.0,1.0,1.0,0.0,1.022,0.0
1784381447.0239007,42179,0,0,31,1.0,1.0,1.0,0.0,1.022,0.0
1784381447.084128,42189,0,0,31,1.0,1.0,1.0,0.0,1.022,0.0
1784381447.1403315,42199,0,0,31,1.0,1.0,1.0,0.0,1.021,0.0
1784381447.2010276,42209,0,0,31,1.0,1.0,1.0,0.0,1.021,0.0
1784381447.306373,42219,0,0,31,1.0,1.0,1.0,0.0,1.021,0.0
1784381447.390704,42229,0,0,31,1.0,1.0,1.0,0.0,1.021,0.0
1784381447.4439974,42239,0,0,31,1.0,1.0,1.0,0.0,1.02,0.0
1784381447.500416,42249,0,0,31,1.0,1.0,1.0,0.0,1.02,0.0
1784381447.5570786,42259,0,0,31,1.0,1.0,1.0,0.0,1.02,0.0
1784381447.609648,42269,0,0,31,1.0,1.0,1.0,0.0,1.02,0.0
1784381447.6687827,42279,0,0,31,1.0,1.0,1.0,0.0,1.019,0.0
1784381447.7164235,42289,0,0,31,1.0,1.0,1.0,0.0,1.019,0.0
1784381447.7701056,42299,0,0,31,1.0,1.0,1.0,0.0,1.019,0.0
1784381447.823411,42309,0,0,31,1.0,1.0,1.0,0.0,1.019,0.0
1784381447.8796754,42319,0,0,31,1.0,1.0,1.0,0.0,1.019,0.0
1784381447.9319782,42329,0,0,31,1.0,1.0,1.0,0.0,1.018,0.0
1784381447.9835517,42339,0,0,31,1.0,1.0,1.0,0.0,1.018,0.0
1784381448.0331597,42349,0,0,31,1.0,1.0,1.0,0.0,1.018,0.0
1784381448.0921767,42359,0,0,31,1.0,1.0,1.0,0.0,1.018,0.0
1784381448.141352,42369,0,0,31,1.0,1.0,1.0,0.0,1.017,0.0
1784381448.1917927,42379,0,0,31,1.0,1.0,1.0,0.0,1.017,0.0
1784381448.2469594,42389,0,0,31,1.0,1.0,1.0,0.0,1.017,0.0
1784381448.3155704,42399,0,0,31,1.0,1.0,1.0,0.0,1.017,0.0
1784381448.375075,42409,0,0,31,1.0,1.0,1.0,0.0,1.016,0.0
1784381448.4306593,42419,0,0,31,1.0,1.0,1.0,0.0,1.016,0.0
1784381448.5007522,42429,0,0,31,1.0,1.0,1.0,0.0,1.016,0.0
1784381448.554632,42439,0,0,31,1.0,1.0,1.0,0.0,1.016,0.0
1784381448.6384706,42449,0,0,31,1.0,1.0,1.0,0.0,1.015,0.0
1784381448.7028778,42459,0,0,31,1.0,1.0,1.0,0.0,1.015,0.0
1784381448.7587354,42469,0,0,31,1.0,1.0,1.0,0.0,1.015,0.0
1784381448.8183804,42479,0,0,31,1.0,1.0,1.0,0.0,1.015,0.0
1784381448.8762312,42489,0,0,31,1.0,1.0,1.0,0.0,1.014,0.0
1784381448.939193,42499,0,0,31,1.0,1.0,1.0,0.0,1.014,0.0
1784381449.0041761,42509,0,0,31,1.0,1.0,1.0,0.0,1.014,0.0
1784381449.0680504,42519,0,0,31,1.0,1.0,1.0,0.0,1.014,0.0
1784381449.1423733,42529,0,0,31,1.0,1.0,1.0,0.0,1.013,0.0
1784381449.2038827,42539,0,0,31,1.0,1.0,1.0,0.0,1.013,0.0
1784381449.2609696,42549,0,0,31,1.0,1.0,1.0,0.0,1.013,0.0
1784381449.327594,42559,0,0,31,1.0,1.0,1.0,0.0,1.013,0.0
1784381449.3949218,42569,0,0,31,1.0,1.0,1.0,0.0,1.013,0.0
1784381449.4568226,42579,0,0,31,1.0,1.0,1.0,0.0,1.012,0.0
1784381449.5139017,42589,0,0,31,1.0,1.0,1.0,0.0,1.012,0.0
1784381449.5700648,42599,0,0,31,1.0,1.0,1.0,0.0,1.012,0.0
1784381449.6334438,42609,0,0,31,1.0,1.0,1.0,0.0,1.012,0.0
1784381449.687031,42619,0,0,31,1.0,1.0,1.0,0.0,1.011,0.0
1784381449.7465372,42629,0,0,31,1.0,1.0,1.0,0.0,1.011,0.0
1784381449.7966053,42639,0,0,31,1.0,1.0,1.0,0.0,1.011,0.0
1784381449.8523486,42649,0,0,31,1.0,1.0,1.0,0.0,1.011,0.0
1784381449.9016283,42659,0,0,31,1.0,1.0,1.0,0.0,1.01,0.0
1784381449.9606855,42669,0,0,31,1.0,1.0,1.0,0.0,1.01,0.0
1784381450.0268192,42679,0,0,31,1.0,1.0,1.0,0.0,1.01,0.0
1784381450.0812728,42689,0,0,31,1.0,1.0,1.0,0.0,1.01,0.0
1784381450.1312401,42699,0,0,31,1.0,1.0,1.0,0.0,1.009,0.0
1784381450.1946275,42709,0,0,31,1.0,1.0,1.0,0.0,1.009,0.0
1784381450.2516408,42719,0,0,31,1.0,1.0,1.0,0.0,1.009,0.0
1784381450.3169568,42729,0,0,31,1.0,1.0,1.0,0.0,1.009,0.0
1784381450.3744254,42739,0,0,31,1.0,1.0,1.0,0.0,1.009,0.0
1784381450.4425569,42749,0,0,31,1.0,1.0,1.0,0.0,1.008,0.0
1784381450.4924548,42759,0,0,31,1.0,1.0,1.0,0.0,1.008,0.0
1784381450.5582752,42769,0,0,31,1.0,1.0,1.0,0.0,1.008,0.0
1784381450.6108067,42779,0,0,31,1.0,1.0,1.0,0.0,1.008,0.0
1784381450.6624236,42789,0,0,31,1.0,1.0,1.0,0.0,1.007,0.0
1784381450.7231145,42799,0,0,31,1.0,1.0,1.0,0.0,1.007,0.0
1784381450.774032,42809,0,0,31,1.0,1.0,1.0,0.0,1.007,0.0
1784381450.8521748,42819,0,0,31,1.0,1.0,1.0,0.0,1.007,0.0
1784381450.8958879,42829,0,0,31,1.0,1.0,1.0,0.0,1.006,0.0
1784381450.9553044,42839,0,0,31,1.0,1.0,1.0,0.0,1.006,0.0
1784381451.0003002,42849,0,0,31,1.0,1.0,1.0,0.0,1.006,0.0
1784381451.0566466,42859,0,0,31,1.0,1.0,1.0,0.0,1.006,0.0
1784381451.115929,42869,0,0,31,1.0,1.0,1.0,0.0,1.005,0.0
1784381451.1666071,42879,0,0,31,1.0,1.0,1.0,0.0,1.005,0.0
1784381451.2112134,42889,0,0,31,1.0,1.0,1.0,0.0,1.005,0.0
1784381451.2627563,42899,0,0,31,1.0,1.0,1.0,0.0,1.005,0.0
1784381451.3475816,42909,0,0,31,1.0,1.0,1.0,0.0,1.005,0.0
1784381451.4196515,42919,0,0,31,1.0,1.0,1.0,0.0,1.004,0.0
1784381451.5035138,42929,0,0,31,1.0,1.0,1.0,0.0,1.004,0.0
1784381451.556438,42939,0,0,31,1.0,1.0,1.0,0.0,1.004,0.0
1784381451.6233132,42949,0,0,31,1.0,1.0,1.0,0.0,1.004,0.0
1784381451.6699874,42959,0,0,31,1.0,1.0,1.0,0.0,1.003,0.0
1784381451.7256796,42969,0,0,31,1.0,1.0,1.0,0.0,1.003,0.0
1784381451.7819145,42979,0,0,31,1.0,1.0,1.0,0.0,1.003,0.0
1784381451.8304138,42989,0,0,31,1.0,1.0,1.0,0.0,1.003,0.0
1784381451.8798475,42999,0,0,31,1.0,1.0,1.0,0.0,1.002,0.0
1784381451.9389372,43009,0,0,31,1.0,1.0,1.0,0.0,1.002,0.0
1784381451.9853437,43019,0,0,31,1.0,1.0,1.0,0.0,1.002,0.0
1784381452.0401974,43029,0,0,31,1.0,1.0,1.0,0.0,1.002,0.0
1784381452.0889482,43039,0,0,31,1.0,1.0,1.0,0.0,1.002,0.0
1784381452.1521409,43049,0,0,31,1.0,1.0,1.0,0.0,1.001,0.0
1784381452.2065718,43059,0,0,31,1.0,1.0,1.0,0.0,1.001,0.0
1784381452.2695704,43069,0,0,31,1.0,1.0,1.0,0.0,1.001,0.0
1784381452.3234348,43079,0,0,31,1.0,1.0,1.0,0.0,1.001,0.0
1784381452.3815506,43089,0,0,31,1.0,1.0,1.0,0.0,1.0,0.0
1784381452.4387705,43099,0,0,31,1.0,1.0,1.0,0.0,1.0,0.0
1784381452.4871876,43109,0,0,31,1.0,1.0,1.0,0.0,1.0,0.0
1784381452.5433588,43119,0,0,31,1.0,1.0,1.0,0.0,1.0,0.0
1784381452.6016326,43129,0,0,31,1.0,1.0,1.0,0.0,0.999,0.0
1784381452.6477158,43139,0,0,31,1.0,1.0,1.0,0.0,0.999,0.0
1784381452.6906366,43149,0,0,31,1.0,1.0,1.0,0.0,0.999,0.0
1784381452.7385478,43159,0,0,31,1.0,1.0,1.0,0.0,0.999,0.0
1784381452.7944732,43169,0,0,31,1.0,1.0,1.0,0.0,0.999,0.0
1784381452.8445415,43179,0,0,31,1.0,1.0,1.0,0.0,0.998,0.0
1784381452.8991704,43189,0,0,31,1.0,1.0,1.0,0.0,0.998,0.0
1784381452.9472263,43199,0,0,31,1.0,1.0,1.0,0.0,0.998,0.0
1784381452.994538,43209,0,0,31,1.0,1.0,1.0,0.0,0.998,0.0
1784381453.0436864,43219,0,0,31,1.0,1.0,1.0,0.0,0.997,0.0
1784381453.0978222,43229,0,0,31,1.0,1.0,1.0,0.0,0.997,0.0
1784381453.1444945,43239,0,0,31,1.0,1.0,1.0,0.0,0.997,0.0
1784381453.1934295,43249,0,0,31,1.0,1.0,1.0,0.0,0.997,0.0
1784381453.2485838,43259,0,0,31,1.0,1.0,1.0,0.0,0.996,0.0
1784381453.3020623,43269,0,0,31,1.0,1.0,1.0,0.0,0.996,0.0
1784381453.351357,43279,0,0,31,1.0,1.0,1.0,0.0,0.996,0.0
1784381453.4098282,43289,0,0,31,1.0,1.0,1.0,0.0,0.996,0.0
1784381453.4856832,43299,0,0,31,1.0,1.0,1.0,0.0,0.996,0.0
1784381453.5456972,43309,0,0,31,1.0,1.0,1.0,0.0,0.995,0.0
1784381453.6010768,43319,0,0,31,1.0,1.0,1.0,0.0,0.995,0.0
1784381453.6650496,43329,0,0,31,1.0,1.0,1.0,0.0,0.995,0.0
1784381453.7206533,43339,0,0,31,1.0,1.0,1.0,0.0,0.995,0.0
1784381453.7735188,43349,0,0,31,1.0,1.0,1.0,0.0,0.994,0.0
1784381453.8218746,43359,0,0,31,1.0,1.0,1.0,0.0,0.994,0.0
1784381453.8763556,43369,0,0,31,1.0,1.0,1.0,0.0,0.994,0.0
1784381453.9214413,43379,0,0,31,1.0,1.0,1.0,0.0,0.994,0.0
1784381453.986379,43389,0,0,31,1.0,1.0,1.0,0.0,0.993,0.0
1784381454.0377707,43399,0,0,31,1.0,1.0,1.0,0.0,0.993,0.0
1784381454.0954435,43409,0,0,31,1.0,1.0,1.0,0.0,0.993,0.0
1784381454.1445713,43419,0,0,31,1.0,1.0,1.0,0.0,0.993,0.0
1784381454.2200985,43429,0,0,31,1.0,1.0,1.0,0.0,0.993,0.0
1784381454.3445523,43439,0,0,31,1.0,1.0,1.0,0.0,0.992,0.0
1784381454.41074,43449,0,0,31,1.0,1.0,1.0,0.0,0.992,0.0
1784381454.4750056,43459,0,0,31,1.0,1.0,1.0,0.0,0.992,0.0
1784381454.5242765,43469,0,0,31,1.0,1.0,1.0,0.0,0.992,0.0
1784381454.5859945,43479,0,0,31,1.0,1.0,1.0,0.0,0.991,0.0
1784381454.6366873,43489,0,0,31,1.0,1.0,1.0,0.0,0.991,0.0
1784381454.6815646,43499,0,0,31,1.0,1.0,1.0,0.0,0.991,0.0
1784381454.734966,43509,0,0,31,1.0,1.0,1.0,0.0,0.991,0.0
1784381454.7857807,43519,0,0,31,1.0,1.0,1.0,0.0,0.99,0.0
1784381454.8381393,43529,0,0,31,1.0,1.0,1.0,0.0,0.99,0.0
1784381454.8965983,43539,0,0,31,1.0,1.0,1.0,0.0,0.99,0.0
1784381454.9515839,43549,0,0,31,1.0,1.0,1.0,0.0,0.99,0.0
1784381455.0058725,43559,0,0,31,1.0,1.0,1.0,0.0,0.99,0.0
1784381455.0689237,43569,0,0,31,1.0,1.0,1.0,0.0,0.989,0.0
1784381455.1162956,43579,0,0,31,1.0,1.0,1.0,0.0,0.989,0.0
1784381455.1638365,43589,0,0,31,1.0,1.0,1.0,0.0,0.989,0.0
1784381455.2198308,43599,0,0,31,1.0,1.0,1.0,0.0,0.989,0.0
1784381455.2739773,43609,0,0,31,1.0,1.0,1.0,0.0,0.988,0.0
1784381455.3351233,43619,0,0,31,1.0,1.0,1.0,0.0,0.988,0.0
1784381455.395183,43629,0,0,31,1.0,1.0,1.0,0.0,0.988,0.0
1784381455.4553978,43639,0,0,31,1.0,1.0,1.0,0.0,0.988,0.0
1784381455.5404754,43649,0,0,31,1.0,1.0,1.0,0.0,0.988,0.0
1784381455.612434,43659,0,0,31,1.0,1.0,1.0,0.0,0.987,0.0
1784381455.673823,43669,0,0,31,1.0,1.0,1.0,0.0,0.987,0.0
1784381455.736335,43679,0,0,31,1.0,1.0,1.0,0.0,0.987,0.0
1784381455.7969573,43689,0,0,31,1.0,1.0,1.0,0.0,0.987,0.0
1784381455.8530047,43699,0,0,31,1.0,1.0,1.0,0.0,0.986,0.0
1784381455.9098513,43709,0,0,31,1.0,1.0,1.0,0.0,0.986,0.0
1784381455.958262,43719,0,0,31,1.0,1.0,1.0,0.0,0.986,0.0
1784381456.0220575,43729,0,0,31,1.0,1.0,1.0,0.0,0.986,0.0
1784381456.094547,43739,0,0,31,1.0,1.0,1.0,0.0,0.986,0.0
1784381456.1534996,43749,0,0,31,1.0,1.0,1.0,0.0,0.985,0.0
1784381456.194062,43759,0,0,31,1.0,1.0,1.0,0.0,0.985,0.0
1784381456.262581,43769,0,0,31,1.0,1.0,1.0,0.0,0.985,0.0
1784381456.3282995,43779,0,0,31,1.0,1.0,1.0,0.0,0.985,0.0
1784381456.3922675,43789,0,0,31,1.0,1.0,1.0,0.0,0.984,0.0
1784381456.4462786,43799,0,0,31,1.0,1.0,1.0,0.0,0.984,0.0
1784381456.5067554,43809,0,0,31,1.0,1.0,1.0,0.0,0.984,0.0
1784381456.5676332,43819,0,0,31,1.0,1.0,1.0,0.0,0.984,0.0
1784381456.6175635,43829,0,0,31,1.0,1.0,1.0,0.0,0.983,0.0
1784381456.675676,43839,0,0,31,1.0,1.0,1.0,0.0,0.983,0.0
1784381456.7275724,43849,0,0,31,1.0,1.0,1.0,0.0,0.983,0.0
1784381456.77422,43859,0,0,31,1.0,1.0,1.0,0.0,0.983,0.0
1784381456.8279114,43869,0,0,31,1.0,1.0,1.0,0.0,0.983,0.0
1784381456.8948727,43879,0,0,31,1.0,1.0,1.0,0.0,0.982,0.0
1784381456.951647,43889,0,0,31,1.0,1.0,1.0,0.0,0.982,0.0
1784381457.0071783,43899,0,0,31,1.0,1.0,1.0,0.0,0.982,0.0
1784381457.078137,43909,0,0,31,1.0,1.0,1.0,0.0,0.982,0.0
1784381457.1416156,43919,0,0,31,1.0,1.0,1.0,0.0,0.981,0.0
1784381457.20486,43929,0,0,31,1.0,1.0,1.0,0.0,0.981,0.0
1784381457.258987,43939,0,0,31,1.0,1.0,1.0,0.0,0.981,0.0
1784381457.3091505,43949,0,0,31,1.0,1.0,1.0,0.0,0.981,0.0
1784381457.3657007,43959,0,0,31,1.0,1.0,1.0,0.0,0.981,0.0
1784381457.4290972,43969,0,0,31,1.0,1.0,1.0,0.0,0.98,0.0
1784381457.4947746,43979,0,0,31,1.0,1.0,1.0,0.0,0.98,0.0
1784381457.5498557,43989,0,0,31,1.0,1.0,1.0,0.0,0.98,0.0
1784381457.5983906,43999,0,0,31,1.0,1.0,1.0,0.0,0.98,0.0
1784381457.6572957,44009,0,0,31,1.0,1.0,1.0,0.0,0.979,0.0
1784381457.7288022,44019,0,0,31,1.0,1.0,1.0,0.0,0.979,0.0
1784381457.7745154,44029,0,0,31,1.0,1.0,1.0,0.0,0.979,0.0
1784381457.8460453,44039,0,0,31,1.0,1.0,1.0,0.0,0.979,0.0
1784381457.8951912,44049,0,0,31,1.0,1.0,1.0,0.0,0.979,0.0
1784381457.9443102,44059,0,0,31,1.0,1.0,1.0,0.0,0.978,0.0
1784381457.9956892,44069,0,0,31,1.0,1.0,1.0,0.0,0.978,0.0
1784381458.0531952,44079,0,0,31,1.0,1.0,1.0,0.0,0.978,0.0
1784381458.1054413,44089,0,0,31,1.0,1.0,1.0,0.0,0.978,0.0
1784381458.16406,44099,0,0,31,1.0,1.0,1.0,0.0,0.977,0.0
1784381458.219936,44109,0,0,31,1.0,1.0,1.0,0.0,0.977,0.0
1784381458.2742393,44119,0,0,31,1.0,1.0,1.0,0.0,0.977,0.0
1784381458.3668373,44129,0,0,31,1.0,1.0,1.0,0.0,0.977,0.0
1784381458.4178002,44139,0,0,31,1.0,1.0,1.0,0.0,0.977,0.0
1784381458.4656837,44149,0,0,31,1.0,1.0,1.0,0.0,0.976,0.0
1784381458.5194156,44159,0,0,31,1.0,1.0,1.0,0.0,0.976,0.0
1784381458.5730329,44169,0,0,31,1.0,1.0,1.0,0.0,0.976,0.0
1784381458.6256216,44179,0,0,31,1.0,1.0,1.0,0.0,0.976,0.0
1784381458.670821,44189,0,0,31,1.0,1.0,1.0,0.0,0.976,0.0
1784381458.7295077,44199,0,0,31,1.0,1.0,1.0,0.0,0.975,0.0
1784381458.7817056,44209,0,0,31,1.0,1.0,1.0,0.0,0.975,0.0
1784381458.8367882,44219,0,0,31,1.0,1.0,1.0,0.0,0.975,0.0
1784381458.8945477,44229,0,0,31,1.0,1.0,1.0,0.0,0.975,0.0
1784381458.9565523,44239,0,0,31,1.0,1.0,1.0,0.0,0.974,0.0
1784381458.9999847,44249,0,0,31,1.0,1.0,1.0,0.0,0.974,0.0
1784381459.0538554,44259,0,0,31,1.0,1.0,1.0,0.0,0.974,0.0
1784381459.1068947,44269,0,0,31,1.0,1.0,1.0,0.0,0.974,0.0
1784381459.1504672,44279,0,0,31,1.0,1.0,1.0,0.0,0.974,0.0
1784381459.203309,44289,0,0,31,1.0,1.0,1.0,0.0,0.973,0.0
1784381459.2695937,44299,0,0,31,1.0,1.0,1.0,0.0,0.973,0.0
1784381459.3290877,44309,0,0,31,1.0,1.0,1.0,0.0,0.973,0.0
1784381459.379237,44319,0,0,31,1.0,1.0,1.0,0.0,0.973,0.0
1784381459.43713,44329,0,0,31,1.0,1.0,1.0,0.0,0.972,0.0
1784381459.5001652,44339,0,0,31,1.0,1.0,1.0,0.0,0.972,0.0
1784381459.5460916,44349,0,0,31,1.0,1.0,1.0,0.0,0.972,0.0
1784381459.592984,44359,0,0,31,1.0,1.0,1.0,0.0,0.972,0.0
1784381459.6668034,44369,0,0,31,1.0,1.0,1.0,0.0,0.972,0.0
1784381459.729478,44379,0,0,31,1.0,1.0,1.0,0.0,0.971,0.0
1784381459.7864766,44389,0,0,31,1.0,1.0,1.0,0.0,0.971,0.0
1784381459.8299851,44399,0,0,31,1.0,1.0,1.0,0.0,0.971,0.0
1784381459.8790693,44409,0,0,31,1.0,1.0,1.0,0.0,0.971,0.0
1784381459.936358,44419,0,0,31,1.0,1.0,1.0,0.0,0.97,0.0
1784381460.0006912,44429,0,0,31,1.0,1.0,1.0,0.0,0.97,0.0
1784381460.0587714,44439,0,0,31,1.0,1.0,1.0,0.0,0.97,0.0
1784381460.1114483,44449,0,0,31,1.0,1.0,1.0,0.0,0.97,0.0
1784381460.1654077,44459,0,0,31,1.0,1.0,1.0,0.0,0.97,0.0
1784381460.218835,44469,0,0,31,1.0,1.0,1.0,0.0,0.969,0.0
1784381460.2784219,44479,0,0,31,1.0,1.0,1.0,0.0,0.969,0.0
1784381460.3332214,44489,0,0,31,1.0,1.0,1.0,0.0,0.969,0.0
1784381460.3910558,44499,0,0,31,1.0,1.0,1.0,0.0,0.969,0.0
1784381460.4387345,44509,0,0,31,1.0,1.0,1.0,0.0,0.969,0.0
1784381460.4838145,44519,0,0,31,1.0,1.0,1.0,0.0,0.968,0.0
1784381460.5494428,44529,0,0,31,1.0,1.0,1.0,0.0,0.968,0.0
1784381460.6045978,44539,0,0,31,1.0,1.0,1.0,0.0,0.968,0.0
1784381460.651481,44549,0,0,31,1.0,1.0,1.0,0.0,0.968,0.0
1784381460.695203,44559,0,0,31,1.0,1.0,1.0,0.0,0.967,0.0
1784381460.7503238,44569,0,0,31,1.0,1.0,1.0,0.0,0.967,0.0
1784381460.8012547,44579,0,0,31,1.0,1.0,1.0,0.0,0.967,0.0
1784381460.861807,44589,0,0,31,1.0,1.0,1.0,0.0,0.967,0.0
1784381460.9280262,44599,0,0,31,1.0,1.0,1.0,0.0,0.967,0.0
1784381460.9827006,44609,0,0,31,1.0,1.0,1.0,0.0,0.966,0.0
1784381461.0453634,44619,0,0,31,1.0,1.0,1.0,0.0,0.966,0.0
1784381461.1043172,44629,0,0,31,1.0,1.0,1.0,0.0,0.966,0.0
1784381461.1681106,44639,0,0,31,1.0,1.0,1.0,0.0,0.966,0.0
1784381461.2224522,44649,0,0,31,1.0,1.0,1.0,0.0,0.965,0.0
1784381461.2766798,44659,0,0,31,1.0,1.0,1.0,0.0,0.965,0.0
1784381461.330363,44669,0,0,31,1.0,1.0,1.0,0.0,0.965,0.0
1784381461.3934348,44679,0,0,31,1.0,1.0,1.0,0.0,0.965,0.0
1784381461.440746,44689,0,0,31,1.0,1.0,1.0,0.0,0.965,0.0
1784381461.497144,44699,0,0,31,1.0,1.0,1.0,0.0,0.964,0.0
1784381461.550054,44709,0,0,31,1.0,1.0,1.0,0.0,0.964,0.0
1784381461.6062014,44719,0,0,31,1.0,1.0,1.0,0.0,0.964,0.0
1784381461.6630652,44729,0,0,31,1.0,1.0,1.0,0.0,0.964,0.0
1784381461.724526,44739,0,0,31,1.0,1.0,1.0,0.0,0.964,0.0
1784381461.790747,44749,0,0,31,1.0,1.0,1.0,0.0,0.963,0.0
1784381461.843921,44759,0,0,31,1.0,1.0,1.0,0.0,0.963,0.0
1784381461.898823,44769,0,0,31,1.0,1.0,1.0,0.0,0.963,0.0
1784381461.9517303,44779,0,0,31,1.0,1.0,1.0,0.0,0.963,0.0
1784381462.0013828,44789,0,0,31,1.0,1.0,1.0,0.0,0.962,0.0
1784381462.0629258,44799,0,0,31,1.0,1.0,1.0,0.0,0.962,0.0
1784381462.122964,44809,0,0,31,1.0,1.0,1.0,0.0,0.962,0.0
1784381462.16965,44819,0,0,31,1.0,1.0,1.0,0.0,0.962,0.0
1784381462.216075,44829,0,0,31,1.0,1.0,1.0,0.0,0.962,0.0
1784381462.2710638,44839,0,0,31,1.0,1.0,1.0,0.0,0.961,0.0
1784381462.332071,44849,0,0,31,1.0,1.0,1.0,0.0,0.961,0.0
1784381462.3819473,44859,0,0,31,1.0,1.0,1.0,0.0,0.961,0.0
1784381462.4386091,44869,0,0,31,1.0,1.0,1.0,0.0,0.961,0.0
1784381462.493392,44879,0,0,31,1.0,1.0,1.0,0.0,0.961,0.0
1784381462.5472581,44889,0,0,31,1.0,1.0,1.0,0.0,0.96,0.0
1784381462.595724,44899,0,0,31,1.0,1.0,1.0,0.0,0.96,0.0
1784381462.6536877,44909,0,0,31,1.0,1.0,1.0,0.0,0.96,0.0
1784381462.7195764,44919,0,0,31,1.0,1.0,1.0,0.0,0.96,0.0
1784381462.8041072,44929,0,0,31,1.0,1.0,1.0,0.0,0.959,0.0
1784381462.8548508,44939,0,0,31,1.0,1.0,1.0,0.0,0.959,0.0
1784381462.9054947,44949,0,0,31,1.0,1.0,1.0,0.0,0.959,0.0
1784381462.9587874,44959,0,0,31,1.0,1.0,1.0,0.0,0.959,0.0
1784381463.014425,44969,0,0,31,1.0,1.0,1.0,0.0,0.959,0.0
1784381463.0631216,44979,0,0,31,1.0,1.0,1.0,0.0,0.958,0.0
1784381463.1113355,44989,0,0,31,1.0,1.0,1.0,0.0,0.958,0.0
1784381463.1644194,44999,0,0,31,1.0,1.0,1.0,0.0,0.958,0.0
1784381463.2414312,45009,0,0,31,1.0,1.0,1.0,0.0,0.958,0.0
1784381463.2993002,45019,0,0,31,1.0,1.0,1.0,0.0,0.958,0.0
1784381463.3505094,45029,0,0,31,1.0,1.0,1.0,0.0,0.957,0.0
1784381463.4015942,45039,0,0,31,1.0,1.0,1.0,0.0,0.957,0.0
1784381463.454467,45049,0,0,31,1.0,1.0,1.0,0.0,0.957,0.0
1784381463.521361,45059,0,0,31,1.0,1.0,1.0,0.0,0.957,0.0
1784381463.566151,45069,0,0,31,1.0,1.0,1.0,0.0,0.956,0.0
1784381463.6222432,45079,0,0,31,1.0,1.0,1.0,0.0,0.956,0.0
1784381463.6669457,45089,0,0,31,1.0,1.0,1.0,0.0,0.956,0.0
1784381463.7263799,45099,0,0,31,1.0,1.0,1.0,0.0,0.956,0.0
1784381463.77626,45109,0,0,31,1.0,1.0,1.0,0.0,0.956,0.0
1784381463.8323462,45119,0,0,31,1.0,1.0,1.0,0.0,0.955,0.0
1784381463.9058733,45129,0,0,31,1.0,1.0,1.0,0.0,0.955,0.0
1784381463.9698255,45139,0,0,31,1.0,1.0,1.0,0.0,0.955,0.0
1784381464.0251305,45149,0,0,31,1.0,1.0,1.0,0.0,0.955,0.0
1784381464.0756662,45159,0,0,31,1.0,1.0,1.0,0.0,0.955,0.0
1784381464.1297438,45169,0,0,31,1.0,1.0,1.0,0.0,0.954,0.0
1784381464.1825242,45179,0,0,31,1.0,1.0,1.0,0.0,0.954,0.0
1784381464.2287428,45189,0,0,31,1.0,1.0,1.0,0.0,0.954,0.0
1784381464.302037,45199,0,0,31,1.0,1.0,1.0,0.0,0.954,0.0
1784381464.3573713,45209,0,0,31,1.0,1.0,1.0,0.0,0.954,0.0
1784381464.4135714,45219,0,0,31,1.0,1.0,1.0,0.0,0.953,0.0
1784381464.4592667,45229,0,0,31,1.0,1.0,1.0,0.0,0.953,0.0
1784381464.5122955,45239,0,0,31,1.0,1.0,1.0,0.0,0.953,0.0
1784381464.5699985,45249,0,0,31,1.0,1.0,1.0,0.0,0.953,0.0
1784381464.6306372,45259,0,0,31,1.0,1.0,1.0,0.0,0.952,0.0
1784381464.6725743,45269,0,0,31,1.0,1.0,1.0,0.0,0.952,0.0
1784381464.7310898,45279,0,0,31,1.0,1.0,1.0,0.0,0.952,0.0
1784381464.7889674,45289,0,0,31,1.0,1.0,1.0,0.0,0.952,0.0
1784381464.8481512,45299,0,0,31,1.0,1.0,1.0,0.0,0.952,0.0
1784381464.8953574,45309,0,0,31,1.0,1.0,1.0,0.0,0.951,0.0
1784381464.9455674,45319,0,0,31,1.0,1.0,1.0,0.0,0.951,0.0
1784381465.0079012,45329,0,0,31,1.0,1.0,1.0,0.0,0.951,0.0
1784381465.062268,45339,0,0,31,1.0,1.0,1.0,0.0,0.951,0.0
1784381465.111291,45349,0,0,31,1.0,1.0,1.0,0.0,0.951,0.0
1784381465.16441,45359,0,0,31,1.0,1.0,1.0,0.0,0.95,0.0
1784381465.219893,45369,0,0,31,1.0,1.0,1.0,0.0,0.95,0.0
1784381465.2735856,45379,0,0,31,1.0,1.0,1.0,0.0,0.95,0.0
1784381465.3199825,45389,0,0,31,1.0,1.0,1.0,0.0,0.95,0.0
1784381465.3792331,45399,0,0,31,1.0,1.0,1.0,0.0,0.95,0.0
1784381465.441934,45409,0,0,31,1.0,1.0,1.0,0.0,0.949,0.0
1784381465.497578,45419,0,0,31,1.0,1.0,1.0,0.0,0.949,0.0
1784381465.557573,45429,0,0,31,1.0,1.0,1.0,0.0,0.949,0.0
1784381465.6237247,45439,0,0,31,1.0,1.0,1.0,0.0,0.949,0.0
1784381465.6754606,45449,0,0,31,1.0,1.0,1.0,0.0,0.949,0.0
1784381465.7359195,45459,0,0,31,1.0,1.0,1.0,0.0,0.948,0.0
1784381465.7952998,45469,0,0,31,1.0,1.0,1.0,0.0,0.948,0.0
1784381465.8391733,45479,0,0,31,1.0,1.0,1.0,0.0,0.948,0.0
1784381465.8978832,45489,0,0,31,1.0,1.0,1.0,0.0,0.948,0.0
1784381465.9515972,45499,0,0,31,1.0,1.0,1.0,0.0,0.947,0.0
1784381465.9972475,45509,0,0,31,1.0,1.0,1.0,0.0,0.947,0.0
1784381466.0578039,45519,0,0,31,1.0,1.0,1.0,0.0,0.947,0.0
1784381466.1250486,45529,0,0,31,1.0,1.0,1.0,0.0,0.947,0.0
1784381466.1710548,45539,0,0,31,1.0,1.0,1.0,0.0,0.947,0.0
1784381466.2270887,45549,0,0,31,1.0,1.0,1.0,0.0,0.946,0.0
1784381466.2920475,45559,0,0,31,1.0,1.0,1.0,0.0,0.946,0.0
1784381466.3479326,45569,0,0,31,1.0,1.0,1.0,0.0,0.946,0.0
1784381466.4131584,45579,0,0,31,1.0,1.0,1.0,0.0,0.946,0.0
1784381466.4885104,45589,0,0,31,1.0,1.0,1.0,0.0,0.946,0.0
1784381466.556131,45599,0,0,31,1.0,1.0,1.0,0.0,0.945,0.0
1784381466.6121917,45609,0,0,31,1.0,1.0,1.0,0.0,0.945,0.0
1784381466.6739573,45619,0,0,31,1.0,1.0,1.0,0.0,0.945,0.0
1784381466.7233553,45629,0,0,31,1.0,1.0,1.0,0.0,0.945,0.0
1784381466.7792623,45639,0,0,31,1.0,1.0,1.0,0.0,0.945,0.0
1784381466.8281183,45649,0,0,31,1.0,1.0,1.0,0.0,0.944,0.0
1784381466.8736954,45659,0,0,31,1.0,1.0,1.0,0.0,0.944,0.0
1784381466.9241087,45669,0,0,31,1.0,1.0,1.0,0.0,0.944,0.0
1784381466.9645786,45679,0,0,31,1.0,1.0,1.0,0.0,0.944,0.0
1784381467.0173242,45689,0,0,31,1.0,1.0,1.0,0.0,0.944,0.0
1784381467.0632348,45699,0,0,31,1.0,1.0,1.0,0.0,0.943,0.0
1784381467.123797,45709,0,0,31,1.0,1.0,1.0,0.0,0.943,0.0
1784381467.187343,45719,0,0,31,1.0,1.0,1.0,0.0,0.943,0.0
1784381467.2484505,45729,0,0,31,1.0,1.0,1.0,0.0,0.943,0.0
1784381467.3007119,45739,0,0,31,1.0,1.0,1.0,0.0,0.943,0.0
1784381467.3556962,45749,0,0,31,1.0,1.0,1.0,0.0,0.942,0.0
1784381467.4062972,45759,0,0,31,1.0,1.0,1.0,0.0,0.942,0.0
1784381467.4873405,45769,0,0,31,1.0,1.0,1.0,0.0,0.942,0.0
1784381467.5620446,45779,0,0,31,1.0,1.0,1.0,0.0,0.942,0.0
1784381467.6164126,45789,0,0,31,1.0,1.0,1.0,0.0,0.941,0.0
1784381467.6669245,45799,0,0,31,1.0,1.0,1.0,0.0,0.941,0.0
1784381467.721112,45809,0,0,31,1.0,1.0,1.0,0.0,0.941,0.0
1784381467.7775831,45819,0,0,31,1.0,1.0,1.0,0.0,0.941,0.0
1784381467.8380458,45829,0,0,31,1.0,1.0,1.0,0.0,0.941,0.0
1784381467.9035988,45839,0,0,31,1.0,1.0,1.0,0.0,0.94,0.0
1784381467.9542332,45849,0,0,31,1.0,1.0,1.0,0.0,0.94,0.0
1784381468.0152795,45859,0,0,31,1.0,1.0,1.0,0.0,0.94,0.0
1784381468.068697,45869,0,0,31,1.0,1.0,1.0,0.0,0.94,0.0
1784381468.175533,45879,0,0,31,1.0,1.0,1.0,0.0,0.94,0.0
1784381468.2342074,45889,0,0,31,1.0,1.0,1.0,0.0,0.939,0.0
1784381468.2769113,45899,0,0,31,1.0,1.0,1.0,0.0,0.939,0.0
1784381468.3454137,45909,0,0,31,1.0,1.0,1.0,0.0,0.939,0.0
1784381468.3892882,45919,0,0,31,1.0,1.0,1.0,0.0,0.939,0.0
1784381468.4422083,45929,0,0,31,1.0,1.0,1.0,0.0,0.939,0.0
1784381468.487185,45939,0,0,31,1.0,1.0,1.0,0.0,0.939,0.0
