timestamp,TP,FP,FN,TN,Precision,Recall,F1,FPR,Avg_Det_Delay,Avg_Block_Delay
1784040509.207895,0,0,10,0,0.0,0.0,0.0,0.0,1.975,0.0
1784040519.1938121,0,0,20,0,0.0,0.0,0.0,0.0,1.975,0.0
1784040527.3508472,2,0,28,0,1.0,0.067,0.125,0.0,1.973,0.0
1784040529.3669147,12,0,28,0,1.0,0.3,0.462,0.0,1.974,0.0
1784040529.4804766,22,0,28,0,1.0,0.44,0.611,0.0,2.026,0.0
1784040529.5875664,32,0,28,0,1.0,0.533,0.696,0.0,2.083,0.0
1784040529.746182,42,0,28,0,1.0,0.6,0.75,0.0,2.143,0.0
1784040529.8510253,52,0,28,0,1.0,0.65,0.788,0.0,2.202,0.0
1784040529.9533951,62,0,28,0,1.0,0.689,0.816,0.0,2.259,0.0
1784040530.055586,72,0,28,0,1.0,0.72,0.837,0.0,2.316,0.0
1784040530.183858,82,0,28,0,1.0,0.745,0.854,0.0,2.372,0.0
1784040530.200487,92,0,28,0,1.0,0.767,0.868,0.0,2.424,0.0
1784040530.2297375,102,0,28,0,1.0,0.785,0.879,0.0,2.469,0.0
1784040530.3214228,112,0,28,0,1.0,0.8,0.889,0.0,2.512,0.0
1784040530.4272711,122,0,28,0,1.0,0.813,0.897,0.0,2.557,0.0
1784040530.4734209,132,0,28,0,1.0,0.825,0.904,0.0,2.599,0.0
1784040530.5872693,142,0,28,0,1.0,0.835,0.91,0.0,2.641,0.0
1784040530.6735864,152,0,28,0,1.0,0.844,0.916,0.0,2.685,0.0
1784040530.8168185,162,0,28,0,1.0,0.853,0.92,0.0,2.728,0.0
1784040530.8684518,172,0,28,0,1.0,0.86,0.925,0.0,2.772,0.0
1784040530.9395802,182,0,28,0,1.0,0.867,0.929,0.0,2.815,0.0
1784040531.0297852,192,0,28,0,1.0,0.873,0.932,0.0,2.858,0.0
1784040531.078026,202,0,28,0,1.0,0.878,0.935,0.0,2.899,0.0
1784040531.165909,212,0,28,0,1.0,0.883,0.938,0.0,2.941,0.0
1784040531.1910226,222,0,28,0,1.0,0.888,0.941,0.0,2.98,0.0
1784040531.3508053,232,0,28,0,1.0,0.892,0.943,0.0,3.02,0.0
1784040531.5080714,242,0,28,0,1.0,0.896,0.945,0.0,3.063,0.0
1784040531.6396222,252,0,28,0,1.0,0.9,0.947,0.0,3.107,0.0
1784040531.7258666,262,0,28,0,1.0,0.903,0.949,0.0,3.152,0.0
1784040531.8169334,272,0,28,0,1.0,0.907,0.951,0.0,3.196,0.0
1784040531.9230804,282,0,28,0,1.0,0.91,0.953,0.0,3.241,0.0
1784040532.046582,292,0,28,0,1.0,0.912,0.954,0.0,3.286,0.0
1784040532.1398485,302,0,28,0,1.0,0.915,0.956,0.0,3.332,0.0
1784040532.2478101,312,0,28,0,1.0,0.918,0.957,0.0,3.378,0.0
1784040532.3906777,322,0,28,0,1.0,0.92,0.958,0.0,3.425,0.0
1784040532.4376335,332,0,28,0,1.0,0.922,0.96,0.0,3.472,0.0
1784040532.5194685,342,0,28,0,1.0,0.924,0.961,0.0,3.517,0.0
1784040532.6549807,352,0,28,0,1.0,0.926,0.962,0.0,3.564,0.0
1784040532.7068021,362,0,28,0,1.0,0.928,0.963,0.0,3.61,0.0
1784040532.7775044,372,0,28,0,1.0,0.93,0.964,0.0,3.655,0.0
1784040532.9032536,382,0,28,0,1.0,0.932,0.965,0.0,3.701,0.0
1784040533.0805292,392,0,28,0,1.0,0.933,0.966,0.0,3.748,0.0
1784040533.1485019,402,0,28,0,1.0,0.935,0.966,0.0,3.795,0.0
1784040533.173106,412,0,28,0,1.0,0.936,0.967,0.0,3.841,0.0
1784040533.2091613,422,0,28,0,1.0,0.938,0.968,0.0,3.886,0.0
1784040533.3436956,432,0,28,0,1.0,0.939,0.969,0.0,3.931,0.0
1784040533.4489534,442,0,28,0,1.0,0.94,0.969,0.0,3.976,0.0
1784040533.5253265,452,0,28,0,1.0,0.942,0.97,0.0,4.021,0.0
1784040533.5779667,462,0,28,0,1.0,0.943,0.971,0.0,4.064,0.0
1784040533.7187765,472,0,28,0,1.0,0.944,0.971,0.0,4.098,0.0
1784040533.752179,482,0,28,0,1.0,0.945,0.972,0.0,4.108,0.0
1784040533.7654696,488,0,32,0,1.0,0.938,0.968,0.0,4.099,0.0
1784040533.7657707,488,0,42,0,1.0,0.921,0.959,0.0,4.061,0.0
1784040533.765926,488,0,52,0,1.0,0.904,0.949,0.0,4.025,0.0
1784040533.766053,488,0,62,0,1.0,0.887,0.94,0.0,3.988,0.0
1784040533.7661998,488,0,72,0,1.0,0.871,0.931,0.0,3.952,0.0
1784040533.7665288,488,0,82,0,1.0,0.856,0.922,0.0,3.918,0.0
1784040533.7667239,488,0,92,0,1.0,0.841,0.914,0.0,3.885,0.0
1784040533.7668483,488,0,102,0,1.0,0.827,0.905,0.0,3.853,0.0
1784040533.7670145,488,0,112,0,1.0,0.813,0.897,0.0,3.822,0.0
1784040533.7671418,488,0,122,0,1.0,0.8,0.889,0.0,3.793,0.0
1784040533.7672513,488,0,132,0,1.0,0.787,0.881,0.0,3.764,0.0
1784040533.767361,488,0,142,0,1.0,0.775,0.873,0.0,3.737,0.0
1784040533.7674634,488,0,152,0,1.0,0.762,0.865,0.0,3.71,0.0
1784040533.76785,488,0,162,0,1.0,0.751,0.858,0.0,3.685,0.0
1784040533.768179,488,0,172,0,1.0,0.739,0.85,0.0,3.66,0.0
1784040533.7682996,488,0,182,0,1.0,0.728,0.843,0.0,3.637,0.0
1784040533.768398,488,0,192,0,1.0,0.718,0.836,0.0,3.614,0.0
1784040533.772285,488,0,202,0,1.0,0.707,0.829,0.0,3.591,0.0
1784040533.77284,488,0,212,0,1.0,0.697,0.822,0.0,3.57,0.0
1784040533.7734382,488,0,222,0,1.0,0.687,0.815,0.0,3.549,0.0
1784040533.77372,488,0,232,0,1.0,0.678,0.808,0.0,3.529,0.0
1784040533.7761872,488,0,242,0,1.0,0.668,0.801,0.0,3.51,0.0
1784040533.7782803,488,0,252,0,1.0,0.659,0.795,0.0,3.491,0.0
1784040533.779591,488,0,262,0,1.0,0.651,0.788,0.0,3.472,0.0
1784040533.7800827,488,0,272,0,1.0,0.642,0.782,0.0,3.455,0.0
1784040533.7807698,488,0,282,0,1.0,0.634,0.776,0.0,3.438,0.0
1784040533.7813764,488,0,292,0,1.0,0.626,0.77,0.0,3.421,0.0
1784040533.7817547,488,0,302,0,1.0,0.618,0.764,0.0,3.405,0.0
1784040533.7822328,488,0,312,0,1.0,0.61,0.758,0.0,3.389,0.0
1784040533.7826068,488,0,322,0,1.0,0.602,0.752,0.0,3.374,0.0
1784040533.7850313,488,0,332,0,1.0,0.595,0.746,0.0,3.359,0.0
1784040533.7853038,488,0,342,0,1.0,0.588,0.741,0.0,3.345,0.0
1784040533.785674,488,0,352,0,1.0,0.581,0.735,0.0,3.331,0.0
1784040533.7863731,488,0,362,0,1.0,0.574,0.729,0.0,3.318,0.0
1784040533.7876947,488,0,372,0,1.0,0.567,0.724,0.0,3.305,0.0
1784040533.7878895,488,0,382,0,1.0,0.561,0.719,0.0,3.292,0.0
1784040533.7925673,488,0,392,0,1.0,0.555,0.713,0.0,3.28,0.0
1784040533.7928047,488,0,402,0,1.0,0.548,0.708,0.0,3.268,0.0
1784040533.7930741,488,0,412,0,1.0,0.542,0.703,0.0,3.256,0.0
1784040533.7933662,488,0,422,0,1.0,0.536,0.698,0.0,3.245,0.0
1784040533.7934911,488,0,432,0,1.0,0.53,0.693,0.0,3.234,0.0
1784040533.7936068,488,0,442,0,1.0,0.525,0.688,0.0,3.223,0.0
1784040533.7938936,488,0,452,0,1.0,0.519,0.683,0.0,3.213,0.0
1784040533.7941592,488,0,462,0,1.0,0.514,0.679,0.0,3.203,0.0
1784040533.794432,488,0,472,0,1.0,0.508,0.674,0.0,3.193,0.0
1784040533.7946017,488,0,482,0,1.0,0.503,0.669,0.0,3.184,0.0
1784040533.7947493,488,0,492,0,1.0,0.498,0.665,0.0,3.175,0.0
1784040533.794946,488,0,502,0,1.0,0.493,0.66,0.0,3.166,0.0
1784040533.7950838,488,0,512,0,1.0,0.488,0.656,0.0,3.157,0.0
1784040533.7952125,488,0,522,0,1.0,0.483,0.652,0.0,3.149,0.0
1784040533.7953508,488,0,532,0,1.0,0.478,0.647,0.0,3.141,0.0
1784040533.8010724,488,0,542,0,1.0,0.474,0.643,0.0,3.133,0.0
1784040533.8029149,488,0,552,0,1.0,0.469,0.639,0.0,3.125,0.0
1784040533.8041723,488,0,562,0,1.0,0.465,0.635,0.0,3.118,0.0
1784040533.8045242,488,0,572,0,1.0,0.46,0.63,0.0,3.111,0.0
1784040533.8049903,488,0,582,0,1.0,0.456,0.626,0.0,3.104,0.0
1784040533.811328,488,0,592,0,1.0,0.452,0.622,0.0,3.098,0.0
1784040533.811688,488,0,602,0,1.0,0.448,0.619,0.0,3.091,0.0
1784040533.8125052,488,0,612,0,1.0,0.444,0.615,0.0,3.085,0.0
1784040533.812892,488,0,622,0,1.0,0.44,0.611,0.0,3.079,0.0
1784040533.813117,488,0,632,0,1.0,0.436,0.607,0.0,3.074,0.0
1784040533.8150237,488,0,642,0,1.0,0.432,0.603,0.0,3.069,0.0
1784040533.8161035,488,0,652,0,1.0,0.428,0.6,0.0,3.064,0.0
1784040533.8163943,488,0,662,0,1.0,0.424,0.596,0.0,3.059,0.0
1784040533.8165889,488,0,672,0,1.0,0.421,0.592,0.0,3.054,0.0
1784040533.8168085,488,0,682,0,1.0,0.417,0.589,0.0,3.05,0.0
1784040533.8169556,488,0,692,0,1.0,0.414,0.585,0.0,3.045,0.0
1784040533.8170679,488,0,702,0,1.0,0.41,0.582,0.0,3.041,0.0
1784040533.8172138,488,0,712,0,1.0,0.407,0.578,0.0,3.037,0.0
1784040533.8173366,488,0,722,0,1.0,0.403,0.575,0.0,3.033,0.0
1784040533.8174963,488,0,732,0,1.0,0.4,0.571,0.0,3.029,0.0
1784040533.8222358,488,0,742,0,1.0,0.397,0.568,0.0,3.025,0.0
1784040533.823518,488,0,752,0,1.0,0.394,0.565,0.0,3.022,0.0
1784040533.8244996,488,0,762,0,1.0,0.39,0.562,0.0,3.018,0.0
1784040533.8248816,488,0,772,0,1.0,0.387,0.558,0.0,3.015,0.0
1784040533.8284626,488,0,782,0,1.0,0.384,0.555,0.0,3.011,0.0
1784040533.8289711,488,0,792,0,1.0,0.381,0.552,0.0,3.008,0.0
1784040533.8297005,488,0,802,0,1.0,0.378,0.549,0.0,3.005,0.0
1784040533.829967,488,0,812,0,1.0,0.375,0.546,0.0,3.003,0.0
1784040533.8301206,488,0,822,0,1.0,0.373,0.543,0.0,3.0,0.0
1784040533.8303168,488,0,832,0,1.0,0.37,0.54,0.0,2.997,0.0
1784040533.830578,488,0,842,0,1.0,0.367,0.537,0.0,2.995,0.0
1784040533.8312407,488,0,852,0,1.0,0.364,0.534,0.0,2.993,0.0
1784040533.8337483,488,0,862,0,1.0,0.361,0.531,0.0,2.99,0.0
1784040533.8350425,488,0,872,0,1.0,0.359,0.528,0.0,2.988,0.0
1784040533.835795,488,0,882,0,1.0,0.356,0.525,0.0,2.986,0.0
1784040533.8387773,488,0,892,0,1.0,0.354,0.522,0.0,2.984,0.0
1784040533.8389983,488,0,902,0,1.0,0.351,0.52,0.0,2.982,0.0
1784040533.8391926,488,0,912,0,1.0,0.349,0.517,0.0,2.98,0.0
1784040533.8400466,488,0,922,0,1.0,0.346,0.514,0.0,2.978,0.0
1784040533.8402596,488,0,932,0,1.0,0.344,0.512,0.0,2.976,0.0
1784040533.840869,488,0,942,0,1.0,0.341,0.509,0.0,2.975,0.0
1784040533.8410897,488,0,952,0,1.0,0.339,0.506,0.0,2.973,0.0
1784040533.8415935,488,0,962,0,1.0,0.337,0.504,0.0,2.972,0.0
1784040533.8417966,488,0,972,0,1.0,0.334,0.501,0.0,2.97,0.0
1784040533.8422341,488,0,982,0,1.0,0.332,0.498,0.0,2.969,0.0
1784040533.8423815,488,0,992,0,1.0,0.33,0.496,0.0,2.967,0.0
1784040533.8425066,488,0,1002,0,1.0,0.328,0.493,0.0,2.966,0.0
1784040533.843338,488,0,1012,0,1.0,0.325,0.491,0.0,2.964,0.0
1784040533.8437514,488,0,1022,0,1.0,0.323,0.488,0.0,2.963,0.0
1784040533.8439145,488,0,1032,0,1.0,0.321,0.486,0.0,2.962,0.0
1784040533.8441064,488,0,1042,0,1.0,0.319,0.484,0.0,2.961,0.0
1784040533.8443165,488,0,1052,0,1.0,0.317,0.481,0.0,2.96,0.0
1784040533.844495,488,0,1062,0,1.0,0.315,0.479,0.0,2.959,0.0
1784040533.8466966,488,0,1072,0,1.0,0.313,0.477,0.0,2.958,0.0
1784040533.849131,488,0,1082,0,1.0,0.311,0.474,0.0,2.957,0.0
1784040533.8526936,488,0,1092,0,1.0,0.309,0.472,0.0,2.956,0.0
1784040533.8535933,488,0,1102,0,1.0,0.307,0.47,0.0,2.956,0.0
1784040533.8563833,488,0,1112,0,1.0,0.305,0.467,0.0,2.955,0.0
1784040533.8582718,488,0,1122,0,1.0,0.303,0.465,0.0,2.955,0.0
1784040533.8609087,488,0,1132,0,1.0,0.301,0.463,0.0,2.954,0.0
1784040533.866581,488,0,1142,0,1.0,0.299,0.461,0.0,2.954,0.0
1784040533.867711,488,0,1152,0,1.0,0.298,0.459,0.0,2.953,0.0
1784040533.8718734,488,0,1162,0,1.0,0.296,0.457,0.0,2.953,0.0
1784040533.872826,488,0,1172,0,1.0,0.294,0.454,0.0,2.952,0.0
1784040533.873156,488,0,1182,0,1.0,0.292,0.452,0.0,2.952,0.0
1784040533.873615,488,0,1192,0,1.0,0.29,0.45,0.0,2.952,0.0
1784040533.8755312,488,0,1202,0,1.0,0.289,0.448,0.0,2.952,0.0
1784040533.8758566,488,0,1212,0,1.0,0.287,0.446,0.0,2.951,0.0
1784040533.87621,488,0,1222,0,1.0,0.285,0.444,0.0,2.951,0.0
1784040533.8773904,488,0,1232,0,1.0,0.284,0.442,0.0,2.951,0.0
1784040533.877712,488,0,1242,0,1.0,0.282,0.44,0.0,2.951,0.0
1784040533.879491,488,0,1252,0,1.0,0.28,0.438,0.0,2.951,0.0
1784040533.881307,488,0,1262,0,1.0,0.279,0.436,0.0,2.951,0.0
1784040533.8824863,488,0,1272,0,1.0,0.277,0.434,0.0,2.951,0.0
1784040533.8854554,488,0,1282,0,1.0,0.276,0.432,0.0,2.952,0.0
1784040533.8860507,488,0,1292,0,1.0,0.274,0.43,0.0,2.952,0.0
1784040533.8879485,488,0,1302,0,1.0,0.273,0.428,0.0,2.952,0.0
1784040533.8897166,488,0,1312,0,1.0,0.271,0.427,0.0,2.952,0.0
1784040533.889993,488,0,1322,0,1.0,0.27,0.425,0.0,2.953,0.0
1784040533.8924105,488,0,1332,0,1.0,0.268,0.423,0.0,2.953,0.0
1784040533.8930242,488,0,1342,0,1.0,0.267,0.421,0.0,2.953,0.0
1784040533.8932946,488,0,1352,0,1.0,0.265,0.419,0.0,2.954,0.0
1784040533.8946028,488,0,1362,0,1.0,0.264,0.417,0.0,2.954,0.0
1784040533.8949733,488,0,1372,0,1.0,0.262,0.416,0.0,2.955,0.0
1784040533.8954613,488,0,1382,0,1.0,0.261,0.414,0.0,2.955,0.0
1784040533.895724,488,0,1392,0,1.0,0.26,0.412,0.0,2.956,0.0
1784040533.9051151,488,0,1402,0,1.0,0.258,0.41,0.0,2.956,0.0
1784040533.9065294,488,0,1412,0,1.0,0.257,0.409,0.0,2.957,0.0
1784040533.906811,488,0,1422,0,1.0,0.255,0.407,0.0,2.957,0.0
1784040533.9074743,488,0,1432,0,1.0,0.254,0.405,0.0,2.958,0.0
1784040533.9119344,488,0,1442,0,1.0,0.253,0.404,0.0,2.958,0.0
1784040533.9122539,488,0,1452,0,1.0,0.252,0.402,0.0,2.959,0.0
1784040533.9126859,488,0,1462,0,1.0,0.25,0.4,0.0,2.96,0.0
1784040533.9129636,488,0,1472,0,1.0,0.249,0.399,0.0,2.96,0.0
1784040533.9132776,488,0,1482,0,1.0,0.248,0.397,0.0,2.961,0.0
1784040533.9134862,488,0,1492,0,1.0,0.246,0.395,0.0,2.962,0.0
1784040533.91369,488,0,1502,0,1.0,0.245,0.394,0.0,2.963,0.0
1784040533.913866,488,0,1512,0,1.0,0.244,0.392,0.0,2.963,0.0
1784040533.9141297,488,0,1522,0,1.0,0.243,0.391,0.0,2.964,0.0
1784040533.9145496,488,0,1532,0,1.0,0.242,0.389,0.0,2.965,0.0
1784040533.9148438,488,0,1542,0,1.0,0.24,0.388,0.0,2.966,0.0
1784040533.915316,488,0,1552,0,1.0,0.239,0.386,0.0,2.967,0.0
1784040533.9155092,488,0,1562,0,1.0,0.238,0.385,0.0,2.968,0.0
1784040533.9158008,488,0,1572,0,1.0,0.237,0.383,0.0,2.968,0.0
1784040533.9160583,488,0,1582,0,1.0,0.236,0.382,0.0,2.969,0.0
1784040533.920243,488,0,1592,0,1.0,0.235,0.38,0.0,2.97,0.0
1784040533.9207966,488,0,1602,0,1.0,0.233,0.379,0.0,2.971,0.0
1784040533.921112,488,0,1612,0,1.0,0.232,0.377,0.0,2.972,0.0
1784040533.9255486,488,0,1622,0,1.0,0.231,0.376,0.0,2.973,0.0
1784040533.9258459,488,0,1632,0,1.0,0.23,0.374,0.0,2.974,0.0
1784040533.926017,488,0,1642,0,1.0,0.229,0.373,0.0,2.975,0.0
1784040533.9261956,488,0,1652,0,1.0,0.228,0.371,0.0,2.976,0.0
1784040533.926459,488,0,1662,0,1.0,0.227,0.37,0.0,2.977,0.0
1784040533.9270282,488,0,1672,0,1.0,0.226,0.369,0.0,2.978,0.0
1784040533.928192,488,0,1682,0,1.0,0.225,0.367,0.0,2.979,0.0
1784040533.9287224,488,0,1692,0,1.0,0.224,0.366,0.0,2.98,0.0
1784040533.9315343,488,0,1702,0,1.0,0.223,0.364,0.0,2.982,0.0
1784040533.9317887,488,0,1712,0,1.0,0.222,0.363,0.0,2.983,0.0
1784040533.931946,488,0,1722,0,1.0,0.221,0.362,0.0,2.984,0.0
1784040533.9321513,488,0,1732,0,1.0,0.22,0.36,0.0,2.985,0.0
1784040533.9343061,488,0,1742,0,1.0,0.219,0.359,0.0,2.986,0.0
1784040533.934913,488,0,1752,0,1.0,0.218,0.358,0.0,2.987,0.0
1784040533.9351346,488,0,1762,0,1.0,0.217,0.356,0.0,2.989,0.0
1784040533.9352725,488,0,1772,0,1.0,0.216,0.355,0.0,2.99,0.0
1784040533.9353998,488,0,1782,0,1.0,0.215,0.354,0.0,2.991,0.0
1784040533.935519,488,0,1792,0,1.0,0.214,0.353,0.0,2.992,0.0
1784040533.9356332,488,0,1802,0,1.0,0.213,0.351,0.0,2.994,0.0
1784040533.9357483,488,0,1812,0,1.0,0.212,0.35,0.0,2.995,0.0
1784040533.9358647,488,0,1822,0,1.0,0.211,0.349,0.0,2.996,0.0
1784040533.9374712,488,0,1832,0,1.0,0.21,0.348,0.0,2.998,0.0
1784040533.937898,488,0,1842,0,1.0,0.209,0.346,0.0,2.999,0.0
1784040533.943808,488,0,1852,0,1.0,0.209,0.345,0.0,3.0,0.0
1784040533.9441323,488,0,1862,0,1.0,0.208,0.344,0.0,3.001,0.0
1784040533.9443433,488,0,1872,0,1.0,0.207,0.343,0.0,3.003,0.0
1784040533.9446018,488,0,1882,0,1.0,0.206,0.341,0.0,3.004,0.0
1784040533.9447956,488,0,1892,0,1.0,0.205,0.34,0.0,3.006,0.0
1784040533.9449415,488,0,1902,0,1.0,0.204,0.339,0.0,3.007,0.0
1784040533.9452837,488,0,1912,0,1.0,0.203,0.338,0.0,3.009,0.0
1784040533.9455695,488,0,1922,0,1.0,0.202,0.337,0.0,3.01,0.0
1784040533.9458165,488,0,1932,0,1.0,0.202,0.336,0.0,3.011,0.0
1784040533.9470913,488,0,1942,0,1.0,0.201,0.334,0.0,3.013,0.0
1784040533.9534955,488,0,1952,0,1.0,0.2,0.333,0.0,3.014,0.0
1784040533.953892,488,0,1962,0,1.0,0.199,0.332,0.0,3.016,0.0
1784040533.9540987,488,0,1972,0,1.0,0.198,0.331,0.0,3.017,0.0
1784040533.9542658,488,0,1982,0,1.0,0.198,0.33,0.0,3.019,0.0
1784040533.9544344,488,0,1992,0,1.0,0.197,0.329,0.0,3.02,0.0
1784040533.9548151,488,0,2002,0,1.0,0.196,0.328,0.0,3.022,0.0
1784040533.9554322,488,0,2012,0,1.0,0.195,0.327,0.0,3.023,0.0
1784040533.9566686,488,0,2022,0,1.0,0.194,0.326,0.0,3.025,0.0
1784040533.957038,488,0,2032,0,1.0,0.194,0.324,0.0,3.026,0.0
1784040533.9573092,488,0,2042,0,1.0,0.193,0.323,0.0,3.028,0.0
1784040533.9579637,488,0,2052,0,1.0,0.192,0.322,0.0,3.03,0.0
1784040533.958361,488,0,2062,0,1.0,0.191,0.321,0.0,3.031,0.0
1784040534.066676,488,0,2072,0,1.0,0.191,0.32,0.0,3.033,0.0
1784040534.0677776,488,0,2082,0,1.0,0.19,0.319,0.0,3.034,0.0
1784040534.0706718,488,0,2092,0,1.0,0.189,0.318,0.0,3.036,0.0
1784040534.0710063,488,0,2102,0,1.0,0.188,0.317,0.0,3.038,0.0
1784040534.071246,488,0,2112,0,1.0,0.188,0.316,0.0,3.04,0.0
1784040534.0716739,488,0,2122,0,1.0,0.187,0.315,0.0,3.041,0.0
1784040534.0718899,488,0,2132,0,1.0,0.186,0.314,0.0,3.043,0.0
1784040534.0759802,488,0,2142,0,1.0,0.186,0.313,0.0,3.045,0.0
1784040534.0763319,488,0,2152,0,1.0,0.185,0.312,0.0,3.046,0.0
1784040534.0765536,488,0,2162,0,1.0,0.184,0.311,0.0,3.048,0.0
1784040534.0767589,488,0,2172,0,1.0,0.183,0.31,0.0,3.05,0.0
1784040534.0780225,488,0,2182,0,1.0,0.183,0.309,0.0,3.051,0.0
1784040534.0840228,488,0,2192,0,1.0,0.182,0.308,0.0,3.053,0.0
1784040534.0854146,488,0,2202,0,1.0,0.181,0.307,0.0,3.055,0.0
1784040534.0925758,488,0,2212,0,1.0,0.181,0.306,0.0,3.056,0.0
1784040534.0937366,488,0,2222,0,1.0,0.18,0.305,0.0,3.058,0.0
1784040534.0950184,488,0,2232,0,1.0,0.179,0.304,0.0,3.06,0.0
1784040534.095415,488,0,2242,0,1.0,0.179,0.303,0.0,3.061,0.0
1784040534.0956845,488,0,2252,0,1.0,0.178,0.302,0.0,3.063,0.0
1784040534.09592,488,0,2262,0,1.0,0.177,0.301,0.0,3.065,0.0
1784040534.09611,488,0,2272,0,1.0,0.177,0.3,0.0,3.066,0.0
1784040534.09655,488,0,2282,0,1.0,0.176,0.3,0.0,3.068,0.0
1784040534.0967894,488,0,2292,0,1.0,0.176,0.299,0.0,3.07,0.0
1784040534.0969918,488,0,2302,0,1.0,0.175,0.298,0.0,3.072,0.0
1784040534.0971928,488,0,2312,0,1.0,0.174,0.297,0.0,3.073,0.0
1784040534.0995584,488,0,2322,0,1.0,0.174,0.296,0.0,3.075,0.0
1784040534.099886,488,0,2332,0,1.0,0.173,0.295,0.0,3.077,0.0
1784040534.100153,488,0,2342,0,1.0,0.172,0.294,0.0,3.079,0.0
1784040534.1010048,488,0,2352,0,1.0,0.172,0.293,0.0,3.08,0.0
1784040534.2417114,497,0,2353,0,1.0,0.174,0.297,0.0,3.089,0.0
1784040534.289977,507,0,2353,0,1.0,0.177,0.301,0.0,3.098,0.0
1784040534.3358314,517,0,2353,0,1.0,0.18,0.305,0.0,3.108,0.0
1784040534.382665,527,0,2353,0,1.0,0.183,0.309,0.0,3.117,0.0
1784040534.4219778,537,0,2353,0,1.0,0.186,0.313,0.0,3.127,0.0
1784040534.4605596,547,0,2353,0,1.0,0.189,0.317,0.0,3.137,0.0
1784040534.5219717,557,0,2353,0,1.0,0.191,0.321,0.0,3.146,0.0
1784040534.5722048,567,0,2353,0,1.0,0.194,0.325,0.0,3.156,0.0
1784040534.6198947,577,0,2353,0,1.0,0.197,0.329,0.0,3.166,0.0
1784040534.6437037,587,0,2353,0,1.0,0.2,0.333,0.0,3.176,0.0
1784040534.6523094,597,0,2353,0,1.0,0.202,0.337,0.0,3.186,0.0
1784040534.667257,607,0,2353,0,1.0,0.205,0.34,0.0,3.196,0.0
1784040534.6961071,617,0,2353,0,1.0,0.208,0.344,0.0,3.206,0.0
1784040534.707812,627,0,2353,0,1.0,0.21,0.348,0.0,3.215,0.0
1784040534.7450728,637,0,2353,0,1.0,0.213,0.351,0.0,3.225,0.0
1784040534.7566843,647,0,2353,0,1.0,0.216,0.355,0.0,3.235,0.0
1784040534.7737818,657,0,2353,0,1.0,0.218,0.358,0.0,3.245,0.0
1784040534.7947652,667,0,2353,0,1.0,0.221,0.362,0.0,3.255,0.0
1784040534.8066654,677,0,2353,0,1.0,0.223,0.365,0.0,3.265,0.0
1784040534.81962,687,0,2353,0,1.0,0.226,0.369,0.0,3.275,0.0
1784040534.8365765,697,0,2353,0,1.0,0.229,0.372,0.0,3.284,0.0
1784040534.8721278,707,0,2353,0,1.0,0.231,0.375,0.0,3.294,0.0
1784040534.9080417,717,0,2353,0,1.0,0.234,0.379,0.0,3.304,0.0
1784040534.9213092,727,0,2353,0,1.0,0.236,0.382,0.0,3.314,0.0
1784040534.9737985,737,0,2353,0,1.0,0.239,0.385,0.0,3.324,0.0
1784040534.9921548,747,0,2353,0,1.0,0.241,0.388,0.0,3.334,0.0
1784040535.0217292,757,0,2353,0,1.0,0.243,0.392,0.0,3.343,0.0
1784040535.049219,767,0,2353,0,1.0,0.246,0.395,0.0,3.353,0.0
1784040535.0787847,777,0,2353,0,1.0,0.248,0.398,0.0,3.363,0.0
1784040535.0887055,787,0,2353,0,1.0,0.251,0.401,0.0,3.373,0.0
1784040535.1150908,797,0,2353,0,1.0,0.253,0.404,0.0,3.383,0.0
1784040535.1264732,807,0,2353,0,1.0,0.255,0.407,0.0,3.393,0.0
1784040535.1427135,817,0,2353,0,1.0,0.258,0.41,0.0,3.403,0.0
1784040535.1876833,827,0,2353,0,1.0,0.26,0.413,0.0,3.413,0.0
1784040535.1962404,837,0,2353,0,1.0,0.262,0.416,0.0,3.423,0.0
1784040535.2320023,847,0,2353,0,1.0,0.265,0.419,0.0,3.432,0.0
1784040535.2959502,857,0,2353,0,1.0,0.267,0.421,0.0,3.442,0.0
1784040535.3224542,867,0,2353,0,1.0,0.269,0.424,0.0,3.452,0.0
1784040535.3481944,877,0,2353,0,1.0,0.272,0.427,0.0,3.462,0.0
1784040535.3819785,887,0,2353,0,1.0,0.274,0.43,0.0,3.472,0.0
1784040535.4855182,897,0,2353,0,1.0,0.276,0.433,0.0,3.483,0.0
1784040535.5161195,907,0,2353,0,1.0,0.278,0.435,0.0,3.493,0.0
1784040535.5425694,917,0,2353,0,1.0,0.28,0.438,0.0,3.503,0.0
1784040535.6562927,927,0,2353,0,1.0,0.283,0.441,0.0,3.514,0.0
1784040535.6683123,937,0,2353,0,1.0,0.285,0.443,0.0,3.524,0.0
1784040535.6794412,947,0,2353,0,1.0,0.287,0.446,0.0,3.535,0.0
1784040535.7061458,957,0,2353,0,1.0,0.289,0.449,0.0,3.545,0.0
1784040535.7136652,967,0,2353,0,1.0,0.291,0.451,0.0,3.556,0.0
1784040535.7197018,977,0,2353,0,1.0,0.293,0.454,0.0,3.566,0.0
1784040535.7433784,987,0,2353,0,1.0,0.296,0.456,0.0,3.577,0.0
1784040535.8101966,997,0,2353,0,1.0,0.298,0.459,0.0,3.587,0.0
1784040535.854323,1007,0,2353,0,1.0,0.3,0.461,0.0,3.598,0.0
1784040535.9272075,1017,0,2353,0,1.0,0.302,0.464,0.0,3.608,0.0
1784040535.9627373,1027,0,2353,0,1.0,0.304,0.466,0.0,3.619,0.0
1784040536.0796807,1037,0,2353,0,1.0,0.306,0.468,0.0,3.63,0.0
1784040536.1931012,1047,0,2353,0,1.0,0.308,0.471,0.0,3.641,0.0
1784040536.1966887,1057,0,2353,0,1.0,0.31,0.473,0.0,3.652,0.0
1784040536.36441,1067,0,2353,0,1.0,0.312,0.476,0.0,3.664,0.0
1784040536.5206115,1077,0,2353,0,1.0,0.314,0.478,0.0,3.676,0.0
1784040536.5905378,1087,0,2353,0,1.0,0.316,0.48,0.0,3.688,0.0
1784040536.6846852,1097,0,2353,0,1.0,0.318,0.483,0.0,3.7,0.0
1784040536.8066032,1107,0,2353,0,1.0,0.32,0.485,0.0,3.706,0.0
1784040536.8687708,1117,0,2353,0,1.0,0.322,0.487,0.0,3.704,0.0
1784040536.93116,1127,0,2353,0,1.0,0.324,0.489,0.0,3.701,0.0
1784040536.9971635,1137,0,2353,0,1.0,0.326,0.491,0.0,3.699,0.0
1784040537.0476203,1147,0,2353,0,1.0,0.328,0.494,0.0,3.697,0.0
1784040537.130159,1157,0,2353,0,1.0,0.33,0.496,0.0,3.695,0.0
1784040537.2311568,1167,0,2353,0,1.0,0.332,0.498,0.0,3.693,0.0
1784040537.3062732,1177,0,2353,0,1.0,0.333,0.5,0.0,3.692,0.0
1784040537.4135427,1187,0,2353,0,1.0,0.335,0.502,0.0,3.691,0.0
1784040537.517693,1197,0,2353,0,1.0,0.337,0.504,0.0,3.69,0.0
1784040537.5736625,1207,0,2353,0,1.0,0.339,0.506,0.0,3.689,0.0
1784040537.6190865,1217,0,2353,0,1.0,0.341,0.508,0.0,3.689,0.0
1784040537.689964,1227,0,2353,0,1.0,0.343,0.511,0.0,3.689,0.0
1784040537.7378392,1237,0,2353,0,1.0,0.345,0.513,0.0,3.688,0.0
1784040537.8314657,1247,0,2353,0,1.0,0.346,0.515,0.0,3.688,0.0
1784040537.8654041,1257,0,2353,0,1.0,0.348,0.517,0.0,3.689,0.0
1784040537.99767,1267,0,2353,0,1.0,0.35,0.519,0.0,3.689,0.0
1784040538.1213963,1277,0,2353,0,1.0,0.352,0.52,0.0,3.69,0.0
1784040538.240071,1287,0,2353,0,1.0,0.354,0.522,0.0,3.691,0.0
1784040538.378973,1297,0,2353,0,1.0,0.355,0.524,0.0,3.692,0.0
1784040538.462975,1307,0,2353,0,1.0,0.357,0.526,0.0,3.694,0.0
1784040538.5229921,1317,0,2353,0,1.0,0.359,0.528,0.0,3.696,0.0
1784040538.6430573,1327,0,2353,0,1.0,0.361,0.53,0.0,3.698,0.0
1784040538.6952956,1337,0,2353,0,1.0,0.362,0.532,0.0,3.7,0.0
1784040538.751014,1347,0,2353,0,1.0,0.364,0.534,0.0,3.702,0.0
1784040538.8195312,1357,0,2353,0,1.0,0.366,0.536,0.0,3.705,0.0
1784040538.9204397,1367,0,2353,0,1.0,0.367,0.537,0.0,3.708,0.0
1784040538.9543147,1377,0,2353,0,1.0,0.369,0.539,0.0,3.711,0.0
1784040539.0682833,1387,0,2353,0,1.0,0.371,0.541,0.0,3.714,0.0
1784040539.1958196,1397,0,2353,0,1.0,0.373,0.543,0.0,3.717,0.0
1784040539.3520136,1407,0,2353,0,1.0,0.374,0.545,0.0,3.721,0.0
1784040539.4978585,1417,0,2353,0,1.0,0.376,0.546,0.0,3.725,0.0
1784040539.5990274,1427,0,2353,0,1.0,0.378,0.548,0.0,3.729,0.0
1784040539.6395435,1437,0,2353,0,1.0,0.379,0.55,0.0,3.734,0.0
1784040539.700699,1447,0,2353,0,1.0,0.381,0.552,0.0,3.738,0.0
1784040539.78319,1457,0,2353,0,1.0,0.382,0.553,0.0,3.743,0.0
1784040539.9086766,1467,0,2353,0,1.0,0.384,0.555,0.0,3.748,0.0
1784040539.9442322,1477,0,2353,0,1.0,0.386,0.557,0.0,3.753,0.0
1784040539.953925,1487,0,2353,0,1.0,0.387,0.558,0.0,3.759,0.0
1784040539.9641554,1497,0,2353,0,1.0,0.389,0.56,0.0,3.764,0.0
1784040539.9722888,1507,0,2353,0,1.0,0.39,0.562,0.0,3.769,0.0
1784040539.997699,1517,0,2353,0,1.0,0.392,0.563,0.0,3.774,0.0
1784040540.017372,1527,0,2353,0,1.0,0.394,0.565,0.0,3.779,0.0
1784040540.0387197,1537,0,2353,0,1.0,0.395,0.566,0.0,3.785,0.0
1784040540.0531635,1547,0,2353,0,1.0,0.397,0.568,0.0,3.79,0.0
1784040540.0795367,1557,0,2353,0,1.0,0.398,0.57,0.0,3.795,0.0
1784040540.0975597,1567,0,2353,0,1.0,0.4,0.571,0.0,3.8,0.0
1784040540.1169438,1577,0,2353,0,1.0,0.401,0.573,0.0,3.805,0.0
1784040540.1384187,1587,0,2353,0,1.0,0.403,0.574,0.0,3.81,0.0
1784040540.1515734,1597,0,2353,0,1.0,0.404,0.576,0.0,3.815,0.0
1784040540.175887,1607,0,2353,0,1.0,0.406,0.577,0.0,3.82,0.0
1784040540.186767,1617,0,2353,0,1.0,0.407,0.579,0.0,3.825,0.0
1784040540.2042565,1627,0,2353,0,1.0,0.409,0.58,0.0,3.83,0.0
1784040540.224445,1637,0,2353,0,1.0,0.41,0.582,0.0,3.835,0.0
1784040540.2637656,1647,0,2353,0,1.0,0.412,0.583,0.0,3.84,0.0
1784040540.276542,1657,0,2353,0,1.0,0.413,0.585,0.0,3.845,0.0
1784040540.2905571,1667,0,2353,0,1.0,0.415,0.586,0.0,3.85,0.0
1784040540.3113282,1677,0,2353,0,1.0,0.416,0.588,0.0,3.855,0.0
1784040540.3228436,1687,0,2353,0,1.0,0.418,0.589,0.0,3.86,0.0
1784040540.3588097,1697,0,2353,0,1.0,0.419,0.591,0.0,3.865,0.0
1784040540.3622055,1707,0,2353,0,1.0,0.42,0.592,0.0,3.87,0.0
1784040540.3649452,1717,0,2353,0,1.0,0.422,0.593,0.0,3.875,0.0
1784040540.368183,1727,0,2353,0,1.0,0.423,0.595,0.0,3.88,0.0
1784040540.3713632,1737,0,2353,0,1.0,0.425,0.596,0.0,3.885,0.0
1784040540.3740442,1747,0,2353,0,1.0,0.426,0.598,0.0,3.889,0.0
1784040540.3770237,1757,0,2353,0,1.0,0.427,0.599,0.0,3.894,0.0
1784040540.3796778,1767,0,2353,0,1.0,0.429,0.6,0.0,3.899,0.0
1784040540.4111912,1777,0,2353,0,1.0,0.43,0.602,0.0,3.904,0.0
1784040540.4310565,1787,0,2353,0,1.0,0.432,0.603,0.0,3.908,0.0
1784040540.448271,1797,0,2353,0,1.0,0.433,0.604,0.0,3.913,0.0
1784040540.5125065,1807,0,2353,0,1.0,0.434,0.606,0.0,3.918,0.0
1784040540.524766,1817,0,2353,0,1.0,0.436,0.607,0.0,3.923,0.0
1784040540.5314837,1827,0,2353,0,1.0,0.437,0.608,0.0,3.928,0.0
1784040540.555096,1837,0,2353,0,1.0,0.438,0.61,0.0,3.932,0.0
1784040540.5869272,1847,0,2353,0,1.0,0.44,0.611,0.0,3.937,0.0
1784040540.6426115,1857,0,2353,0,1.0,0.441,0.612,0.0,3.942,0.0
1784040540.6747334,1867,0,2353,0,1.0,0.442,0.613,0.0,3.947,0.0
1784040540.7337658,1877,0,2353,0,1.0,0.444,0.615,0.0,3.952,0.0
1784040540.7495573,1887,0,2353,0,1.0,0.445,0.616,0.0,3.957,0.0
1784040540.7784424,1897,0,2353,0,1.0,0.446,0.617,0.0,3.962,0.0
1784040540.8029635,1907,0,2353,0,1.0,0.448,0.618,0.0,3.967,0.0
1784040540.8137584,1917,0,2353,0,1.0,0.449,0.62,0.0,3.972,0.0
1784040540.8515732,1927,0,2353,0,1.0,0.45,0.621,0.0,3.977,0.0
1784040540.889563,1937,0,2353,0,1.0,0.452,0.622,0.0,3.982,0.0
1784040540.9088037,1947,0,2353,0,1.0,0.453,0.623,0.0,3.987,0.0
1784040540.9271882,1957,0,2353,0,1.0,0.454,0.625,0.0,3.992,0.0
1784040540.9442155,1967,0,2353,0,1.0,0.455,0.626,0.0,3.998,0.0
1784040540.968403,1977,0,2353,0,1.0,0.457,0.627,0.0,4.003,0.0
1784040541.0128863,1987,0,2353,0,1.0,0.458,0.628,0.0,4.008,0.0
1784040541.051254,1997,0,2353,0,1.0,0.459,0.629,0.0,4.013,0.0
1784040541.075135,2007,0,2353,0,1.0,0.46,0.63,0.0,4.018,0.0
1784040541.0934362,2017,0,2353,0,1.0,0.462,0.632,0.0,4.024,0.0
1784040541.1068861,2027,0,2353,0,1.0,0.463,0.633,0.0,4.029,0.0
1784040541.1329513,2037,0,2353,0,1.0,0.464,0.634,0.0,4.034,0.0
1784040541.147736,2047,0,2353,0,1.0,0.465,0.635,0.0,4.04,0.0
1784040541.1760087,2057,0,2353,0,1.0,0.466,0.636,0.0,4.045,0.0
1784040541.198487,2067,0,2353,0,1.0,0.468,0.637,0.0,4.05,0.0
1784040541.2251697,2077,0,2353,0,1.0,0.469,0.638,0.0,4.056,0.0
1784040541.2462897,2087,0,2353,0,1.0,0.47,0.639,0.0,4.061,0.0
1784040541.2564313,2097,0,2353,0,1.0,0.471,0.641,0.0,4.066,0.0
1784040541.2752714,2107,0,2353,0,1.0,0.472,0.642,0.0,4.072,0.0
1784040541.2874782,2117,0,2353,0,1.0,0.474,0.643,0.0,4.077,0.0
1784040541.322177,2127,0,2353,0,1.0,0.475,0.644,0.0,4.083,0.0
1784040541.3547144,2137,0,2353,0,1.0,0.476,0.645,0.0,4.088,0.0
1784040541.4089487,2147,0,2353,0,1.0,0.477,0.646,0.0,4.094,0.0
1784040541.4399667,2157,0,2353,0,1.0,0.478,0.647,0.0,4.099,0.0
1784040541.4586427,2167,0,2353,0,1.0,0.479,0.648,0.0,4.105,0.0
1784040541.4910872,2177,0,2353,0,1.0,0.481,0.649,0.0,4.111,0.0
1784040541.5280385,2187,0,2353,0,1.0,0.482,0.65,0.0,4.116,0.0
1784040541.566653,2197,0,2353,0,1.0,0.483,0.651,0.0,4.122,0.0
1784040541.5990348,2207,0,2353,0,1.0,0.484,0.652,0.0,4.128,0.0
1784040541.6270247,2217,0,2353,0,1.0,0.485,0.653,0.0,4.133,0.0
1784040541.661634,2227,0,2353,0,1.0,0.486,0.654,0.0,4.139,0.0
1784040541.7006888,2237,0,2353,0,1.0,0.487,0.655,0.0,4.145,0.0
1784040541.7595286,2247,0,2353,0,1.0,0.488,0.656,0.0,4.151,0.0
1784040541.798979,2257,0,2353,0,1.0,0.49,0.657,0.0,4.157,0.0
1784040541.819451,2267,0,2353,0,1.0,0.491,0.658,0.0,4.163,0.0
1784040541.8401277,2277,0,2353,0,1.0,0.492,0.659,0.0,4.169,0.0
1784040541.8720477,2287,0,2353,0,1.0,0.493,0.66,0.0,4.174,0.0
1784040541.917509,2297,0,2353,0,1.0,0.494,0.661,0.0,4.18,0.0
1784040541.991068,2307,0,2353,0,1.0,0.495,0.662,0.0,4.186,0.0
1784040542.1599715,2317,0,2353,0,1.0,0.496,0.663,0.0,4.193,0.0
1784040542.2861168,2327,0,2353,0,1.0,0.497,0.664,0.0,4.199,0.0
1784040542.4975407,2337,0,2353,0,1.0,0.498,0.665,0.0,4.206,0.0
1784040542.6853497,2347,0,2353,0,1.0,0.499,0.666,0.0,4.214,0.0
1784040542.7618046,2357,0,2353,0,1.0,0.5,0.667,0.0,4.221,0.0
1784040542.822546,2367,0,2353,0,1.0,0.501,0.668,0.0,4.229,0.0
1784040542.8738487,2377,0,2353,0,1.0,0.503,0.669,0.0,4.236,0.0
1784040542.9643824,2387,0,2353,0,1.0,0.504,0.67,0.0,4.244,0.0
1784040543.0221217,2397,0,2353,0,1.0,0.505,0.671,0.0,4.252,0.0
1784040543.0941076,2407,0,2353,0,1.0,0.506,0.672,0.0,4.26,0.0
1784040543.1758106,2417,0,2353,0,1.0,0.507,0.673,0.0,4.268,0.0
1784040543.2154784,2427,0,2353,0,1.0,0.508,0.674,0.0,4.276,0.0
1784040543.292856,2437,0,2353,0,1.0,0.509,0.674,0.0,4.285,0.0
1784040543.3852293,2447,0,2353,0,1.0,0.51,0.675,0.0,4.293,0.0
1784040543.5143173,2457,0,2353,0,1.0,0.511,0.676,0.0,4.301,0.0
1784040543.6445324,2467,0,2353,0,1.0,0.512,0.677,0.0,4.31,0.0
1784040543.7737787,2477,0,2353,0,1.0,0.513,0.678,0.0,4.319,0.0
1784040543.886522,2487,0,2353,0,1.0,0.514,0.679,0.0,4.328,0.0
1784040543.9262238,2497,0,2353,0,1.0,0.515,0.68,0.0,4.338,0.0
1784040544.0137286,2507,0,2353,0,1.0,0.516,0.681,0.0,4.347,0.0
1784040544.0831366,2517,0,2353,0,1.0,0.517,0.681,0.0,4.356,0.0
1784040544.1500304,2527,0,2353,0,1.0,0.518,0.682,0.0,4.366,0.0
1784040544.223277,2537,0,2353,0,1.0,0.519,0.683,0.0,4.375,0.0
1784040544.3672373,2547,0,2353,0,1.0,0.52,0.684,0.0,4.385,0.0
1784040544.5134616,2557,0,2353,0,1.0,0.521,0.685,0.0,4.395,0.0
1784040544.6483972,2567,0,2353,0,1.0,0.522,0.686,0.0,4.405,0.0
1784040544.7939193,2577,0,2353,0,1.0,0.523,0.687,0.0,4.416,0.0
1784040544.8322058,2587,0,2353,0,1.0,0.524,0.687,0.0,4.427,0.0
1784040544.9254758,2597,0,2353,0,1.0,0.525,0.688,0.0,4.437,0.0
1784040545.0090153,2607,0,2353,0,1.0,0.526,0.689,0.0,4.448,0.0
1784040545.085636,2617,0,2353,0,1.0,0.527,0.69,0.0,4.459,0.0
1784040545.1995556,2627,0,2353,0,1.0,0.528,0.691,0.0,4.47,0.0
1784040545.3088925,2637,0,2353,0,1.0,0.528,0.691,0.0,4.481,0.0
1784040545.4006684,2647,0,2353,0,1.0,0.529,0.692,0.0,4.493,0.0
1784040545.4945168,2657,0,2353,0,1.0,0.53,0.693,0.0,4.504,0.0
1784040545.5475469,2667,0,2353,0,1.0,0.531,0.694,0.0,4.516,0.0
1784040545.57865,2677,0,2353,0,1.0,0.532,0.695,0.0,4.528,0.0
1784040545.5935912,2687,0,2353,0,1.0,0.533,0.695,0.0,4.539,0.0
1784040545.6017919,2697,0,2353,0,1.0,0.534,0.696,0.0,4.551,0.0
1784040545.6126075,2707,0,2353,0,1.0,0.535,0.697,0.0,4.562,0.0
1784040545.6268399,2717,0,2353,0,1.0,0.536,0.698,0.0,4.574,0.0
1784040545.6346686,2727,0,2353,0,1.0,0.537,0.699,0.0,4.585,0.0
1784040545.6482008,2737,0,2353,0,1.0,0.538,0.699,0.0,4.596,0.0
1784040545.657406,2747,0,2353,0,1.0,0.539,0.7,0.0,4.608,0.0
1784040545.673038,2757,0,2353,0,1.0,0.54,0.701,0.0,4.619,0.0
1784040545.6975508,2767,0,2353,0,1.0,0.54,0.702,0.0,4.63,0.0
1784040545.7257712,2777,0,2353,0,1.0,0.541,0.702,0.0,4.641,0.0
1784040545.743476,2787,0,2353,0,1.0,0.542,0.703,0.0,4.652,0.0
1784040545.7654529,2797,0,2353,0,1.0,0.543,0.704,0.0,4.663,0.0
1784040545.775809,2807,0,2353,0,1.0,0.544,0.705,0.0,4.674,0.0
1784040545.817165,2817,0,2353,0,1.0,0.545,0.705,0.0,4.686,0.0
1784040545.830357,2827,0,2353,0,1.0,0.546,0.706,0.0,4.697,0.0
1784040545.8473852,2837,0,2353,0,1.0,0.547,0.707,0.0,4.708,0.0
1784040545.870169,2847,0,2353,0,1.0,0.547,0.708,0.0,4.718,0.0
1784040545.9008415,2857,0,2353,0,1.0,0.548,0.708,0.0,4.729,0.0
1784040545.9128082,2867,0,2353,0,1.0,0.549,0.709,0.0,4.74,0.0
1784040545.927299,2877,0,2353,0,1.0,0.55,0.71,0.0,4.751,0.0
1784040545.9484808,2887,0,2353,0,1.0,0.551,0.71,0.0,4.762,0.0
1784040545.9640174,2897,0,2353,0,1.0,0.552,0.711,0.0,4.773,0.0
1784040545.9821777,2907,0,2353,0,1.0,0.553,0.712,0.0,4.783,0.0
1784040545.999406,2917,0,2353,0,1.0,0.554,0.713,0.0,4.794,0.0
1784040546.0180807,2927,0,2353,0,1.0,0.554,0.713,0.0,4.805,0.0
1784040546.0533428,2937,0,2353,0,1.0,0.555,0.714,0.0,4.815,0.0
1784040546.0840032,2947,0,2353,0,1.0,0.556,0.715,0.0,4.826,0.0
1784040546.096721,2957,0,2353,0,1.0,0.557,0.715,0.0,4.837,0.0
1784040546.1128478,2967,0,2353,0,1.0,0.558,0.716,0.0,4.847,0.0
1784040546.12855,2977,0,2353,0,1.0,0.559,0.717,0.0,4.858,0.0
1784040546.1576395,2987,0,2353,0,1.0,0.559,0.717,0.0,4.868,0.0
1784040546.180224,2997,0,2353,0,1.0,0.56,0.718,0.0,4.879,0.0
1784040546.2090995,3007,0,2353,0,1.0,0.561,0.719,0.0,4.889,0.0
1784040546.2384477,3017,0,2353,0,1.0,0.562,0.719,0.0,4.9,0.0
1784040546.2726607,3027,0,2353,0,1.0,0.563,0.72,0.0,4.91,0.0
1784040546.2842464,3037,0,2353,0,1.0,0.563,0.721,0.0,4.921,0.0
1784040546.2982576,3047,0,2353,0,1.0,0.564,0.721,0.0,4.932,0.0
1784040546.3262968,3057,0,2353,0,1.0,0.565,0.722,0.0,4.942,0.0
1784040546.3318074,3067,0,2353,0,1.0,0.566,0.723,0.0,4.952,0.0
1784040546.3466794,3077,0,2353,0,1.0,0.567,0.723,0.0,4.963,0.0
1784040546.368513,3087,0,2353,0,1.0,0.567,0.724,0.0,4.973,0.0
1784040546.3955216,3097,0,2353,0,1.0,0.568,0.725,0.0,4.978,0.0
1784040546.4598408,3107,0,2353,0,1.0,0.569,0.725,0.0,4.98,0.0
1784040546.485747,3117,0,2353,0,1.0,0.57,0.726,0.0,4.983,0.0
1784040546.5473943,3127,0,2353,0,1.0,0.571,0.727,0.0,4.986,0.0
1784040546.557842,3137,0,2353,0,1.0,0.571,0.727,0.0,4.989,0.0
1784040546.5869887,3147,0,2353,0,1.0,0.572,0.728,0.0,4.992,0.0
1784040546.6117022,3157,0,2353,0,1.0,0.573,0.729,0.0,4.995,0.0
1784040546.6208212,3167,0,2353,0,1.0,0.574,0.729,0.0,4.998,0.0
1784040546.6333506,3177,0,2353,0,1.0,0.575,0.73,0.0,5.001,0.0
1784040546.6493387,3187,0,2353,0,1.0,0.575,0.73,0.0,5.004,0.0
1784040546.679104,3197,0,2353,0,1.0,0.576,0.731,0.0,5.008,0.0
1784040546.708935,3207,0,2353,0,1.0,0.577,0.732,0.0,5.011,0.0
1784040546.7237887,3217,0,2353,0,1.0,0.578,0.732,0.0,5.014,0.0
1784040546.7495725,3227,0,2353,0,1.0,0.578,0.733,0.0,5.017,0.0
1784040546.7722194,3237,0,2353,0,1.0,0.579,0.733,0.0,5.02,0.0
1784040546.796768,3247,0,2353,0,1.0,0.58,0.734,0.0,5.023,0.0
1784040546.8189378,3257,0,2353,0,1.0,0.581,0.735,0.0,5.026,0.0
1784040546.84416,3267,0,2353,0,1.0,0.581,0.735,0.0,5.03,0.0
1784040546.8625329,3277,0,2353,0,1.0,0.582,0.736,0.0,5.033,0.0
1784040546.8769326,3287,0,2353,0,1.0,0.583,0.736,0.0,5.036,0.0
1784040546.9024718,3297,0,2353,0,1.0,0.584,0.737,0.0,5.039,0.0
1784040546.9201963,3307,0,2353,0,1.0,0.584,0.738,0.0,5.043,0.0
1784040546.9277818,3317,0,2353,0,1.0,0.585,0.738,0.0,5.046,0.0
1784040546.9537416,3327,0,2353,0,1.0,0.586,0.739,0.0,5.049,0.0
1784040546.9809508,3337,0,2353,0,1.0,0.586,0.739,0.0,5.052,0.0
1784040547.0045474,3347,0,2353,0,1.0,0.587,0.74,0.0,5.056,0.0
1784040547.0317438,3357,0,2353,0,1.0,0.588,0.74,0.0,5.059,0.0
1784040547.0519485,3367,0,2353,0,1.0,0.589,0.741,0.0,5.063,0.0
1784040547.0868967,3377,0,2353,0,1.0,0.589,0.742,0.0,5.066,0.0
1784040547.1033988,3387,0,2353,0,1.0,0.59,0.742,0.0,5.069,0.0
1784040547.1122482,3397,0,2353,0,1.0,0.591,0.743,0.0,5.073,0.0
1784040547.12942,3407,0,2353,0,1.0,0.591,0.743,0.0,5.076,0.0
1784040547.141507,3417,0,2353,0,1.0,0.592,0.744,0.0,5.08,0.0
1784040547.1655023,3427,0,2353,0,1.0,0.593,0.744,0.0,5.083,0.0
1784040547.1901617,3437,0,2353,0,1.0,0.594,0.745,0.0,5.087,0.0
1784040547.214926,3447,0,2353,0,1.0,0.594,0.746,0.0,5.09,0.0
1784040547.241495,3457,0,2353,0,1.0,0.595,0.746,0.0,5.094,0.0
1784040547.279271,3467,0,2353,0,1.0,0.596,0.747,0.0,5.097,0.0
1784040547.2985296,3477,0,2353,0,1.0,0.596,0.747,0.0,5.101,0.0
1784040547.3155797,3487,0,2353,0,1.0,0.597,0.748,0.0,5.105,0.0
1784040547.3459322,3497,0,2353,0,1.0,0.598,0.748,0.0,5.108,0.0
1784040547.3704002,3507,0,2353,0,1.0,0.598,0.749,0.0,5.112,0.0
1784040547.3846085,3517,0,2353,0,1.0,0.599,0.749,0.0,5.116,0.0
1784040547.3995388,3527,0,2353,0,1.0,0.6,0.75,0.0,5.119,0.0
1784040547.4041533,3537,0,2353,0,1.0,0.601,0.75,0.0,5.123,0.0
1784040547.4133265,3547,0,2353,0,1.0,0.601,0.751,0.0,5.127,0.0
1784040547.4255996,3557,0,2353,0,1.0,0.602,0.751,0.0,5.13,0.0
1784040547.4457738,3567,0,2353,0,1.0,0.603,0.752,0.0,5.134,0.0
1784040547.4679184,3577,0,2353,0,1.0,0.603,0.752,0.0,5.138,0.0
1784040547.4784284,3587,0,2353,0,1.0,0.604,0.753,0.0,5.141,0.0
1784040547.5070148,3597,0,2353,0,1.0,0.605,0.754,0.0,5.145,0.0
1784040547.5275297,3607,0,2353,0,1.0,0.605,0.754,0.0,5.149,0.0
1784040547.5612092,3617,0,2353,0,1.0,0.606,0.755,0.0,5.153,0.0
1784040547.6750169,3627,0,2353,0,1.0,0.607,0.755,0.0,5.156,0.0
1784040547.7235863,3637,0,2353,0,1.0,0.607,0.756,0.0,5.16,0.0
1784040547.784027,3647,0,2353,0,1.0,0.608,0.756,0.0,5.164,0.0
1784040547.8302686,3657,0,2353,0,1.0,0.608,0.757,0.0,5.169,0.0
1784040547.8702395,3667,0,2353,0,1.0,0.609,0.757,0.0,5.173,0.0
1784040547.9886272,3677,0,2353,0,1.0,0.61,0.758,0.0,5.177,0.0
1784040548.0989032,3687,0,2353,0,1.0,0.61,0.758,0.0,5.181,0.0
1784040548.246679,3697,0,2353,0,1.0,0.611,0.759,0.0,5.186,0.0
1784040548.3060596,3707,0,2353,0,1.0,0.612,0.759,0.0,5.191,0.0
1784040548.4472446,3717,0,2353,0,1.0,0.612,0.76,0.0,5.196,0.0
1784040548.6066053,3727,0,2353,0,1.0,0.613,0.76,0.0,5.201,0.0
1784040548.6729038,3737,0,2353,0,1.0,0.614,0.761,0.0,5.206,0.0
1784040548.7140887,3747,0,2353,0,1.0,0.614,0.761,0.0,5.212,0.0
1784040548.7930353,3757,0,2353,0,1.0,0.615,0.762,0.0,5.217,0.0
1784040548.8674371,3767,0,2353,0,1.0,0.616,0.762,0.0,5.223,0.0
1784040548.964703,3777,0,2353,0,1.0,0.616,0.762,0.0,5.228,0.0
1784040549.0505762,3787,0,2353,0,1.0,0.617,0.763,0.0,5.234,0.0
1784040549.1369605,3797,0,2353,0,1.0,0.617,0.763,0.0,5.24,0.0
1784040549.1801076,3807,0,2353,0,1.0,0.618,0.764,0.0,5.246,0.0
1784040549.2766316,3817,0,2353,0,1.0,0.619,0.764,0.0,5.252,0.0
1784040549.3737247,3827,0,2353,0,1.0,0.619,0.765,0.0,5.258,0.0
1784040549.4742887,3837,0,2353,0,1.0,0.62,0.765,0.0,5.264,0.0
1784040549.6149526,3847,0,2353,0,1.0,0.62,0.766,0.0,5.27,0.0
1784040549.716544,3857,0,2353,0,1.0,0.621,0.766,0.0,5.277,0.0
1784040549.7979052,3867,0,2353,0,1.0,0.622,0.767,0.0,5.284,0.0
1784040549.9374003,3877,0,2353,0,1.0,0.622,0.767,0.0,5.29,0.0
1784040550.051493,3887,0,2353,0,1.0,0.623,0.768,0.0,5.297,0.0
1784040550.1420438,3897,0,2353,0,1.0,0.624,0.768,0.0,5.304,0.0
1784040550.2699003,3907,0,2353,0,1.0,0.624,0.769,0.0,5.311,0.0
1784040550.4363313,3917,0,2353,0,1.0,0.625,0.769,0.0,5.319,0.0
1784040550.5644622,3927,0,2353,0,1.0,0.625,0.769,0.0,5.326,0.0
1784040550.710443,3937,0,2353,0,1.0,0.626,0.77,0.0,5.334,0.0
1784040550.776815,3947,0,2353,0,1.0,0.627,0.77,0.0,5.342,0.0
1784040550.93103,3957,0,2353,0,1.0,0.627,0.771,0.0,5.35,0.0
1784040551.01262,3967,0,2353,0,1.0,0.628,0.771,0.0,5.358,0.0
1784040551.1306653,3977,0,2353,0,1.0,0.628,0.772,0.0,5.366,0.0
1784040551.212076,3987,0,2353,0,1.0,0.629,0.772,0.0,5.375,0.0
1784040551.2287772,3997,0,2353,0,1.0,0.629,0.773,0.0,5.383,0.0
1784040551.2502344,4007,0,2353,0,1.0,0.63,0.773,0.0,5.391,0.0
1784040551.2704277,4017,0,2353,0,1.0,0.631,0.773,0.0,5.4,0.0
1784040551.285842,4027,0,2353,0,1.0,0.631,0.774,0.0,5.408,0.0
1784040551.3049185,4037,0,2353,0,1.0,0.632,0.774,0.0,5.416,0.0
1784040551.345669,4047,0,2353,0,1.0,0.632,0.775,0.0,5.425,0.0
1784040551.386095,4057,0,2353,0,1.0,0.633,0.775,0.0,5.433,0.0
1784040551.3963256,4067,0,2353,0,1.0,0.633,0.776,0.0,5.441,0.0
1784040551.4121404,4077,0,2353,0,1.0,0.634,0.776,0.0,5.45,0.0
1784040551.4290519,4087,0,2353,0,1.0,0.635,0.776,0.0,5.458,0.0
1784040551.4588342,4097,0,2353,0,1.0,0.635,0.777,0.0,5.466,0.0
1784040551.4896348,4107,0,2353,0,1.0,0.636,0.777,0.0,5.475,0.0
1784040551.5171175,4117,0,2353,0,1.0,0.636,0.778,0.0,5.483,0.0
1784040551.5309243,4127,0,2353,0,1.0,0.637,0.778,0.0,5.491,0.0
1784040551.5487468,4137,0,2353,0,1.0,0.637,0.779,0.0,5.5,0.0
1784040551.5719213,4147,0,2353,0,1.0,0.638,0.779,0.0,5.508,0.0
1784040551.6026227,4157,0,2353,0,1.0,0.639,0.779,0.0,5.516,0.0
1784040551.6463652,4167,0,2353,0,1.0,0.639,0.78,0.0,5.524,0.0
1784040551.6713674,4177,0,2353,0,1.0,0.64,0.78,0.0,5.533,0.0
1784040551.7162051,4187,0,2353,0,1.0,0.64,0.781,0.0,5.541,0.0
1784040551.7499018,4197,0,2353,0,1.0,0.641,0.781,0.0,5.549,0.0
1784040551.786716,4207,0,2353,0,1.0,0.641,0.781,0.0,5.557,0.0
1784040551.8051734,4217,0,2353,0,1.0,0.642,0.782,0.0,5.566,0.0
1784040551.8287709,4227,0,2353,0,1.0,0.642,0.782,0.0,5.574,0.0
1784040551.865998,4237,0,2353,0,1.0,0.643,0.783,0.0,5.582,0.0
1784040551.8816187,4247,0,2353,0,1.0,0.643,0.783,0.0,5.591,0.0
1784040551.9121983,4257,0,2353,0,1.0,0.644,0.783,0.0,5.599,0.0
1784040551.9337733,4267,0,2353,0,1.0,0.645,0.784,0.0,5.607,0.0
1784040551.9556851,4277,0,2353,0,1.0,0.645,0.784,0.0,5.615,0.0
1784040551.9693537,4287,0,2353,0,1.0,0.646,0.785,0.0,5.624,0.0
1784040551.9840965,4297,0,2353,0,1.0,0.646,0.785,0.0,5.632,0.0
1784040551.996393,4307,0,2353,0,1.0,0.647,0.785,0.0,5.64,0.0
1784040552.006177,4317,0,2353,0,1.0,0.647,0.786,0.0,5.649,0.0
1784040552.020639,4327,0,2353,0,1.0,0.648,0.786,0.0,5.657,0.0
1784040552.0503802,4337,0,2353,0,1.0,0.648,0.787,0.0,5.665,0.0
1784040552.0714338,4347,0,2353,0,1.0,0.649,0.787,0.0,5.673,0.0
1784040552.0882192,4357,0,2353,0,1.0,0.649,0.787,0.0,5.681,0.0
1784040552.0977683,4367,0,2353,0,1.0,0.65,0.788,0.0,5.69,0.0
1784040552.1220016,4377,0,2353,0,1.0,0.65,0.788,0.0,5.698,0.0
1784040552.1509092,4387,0,2353,0,1.0,0.651,0.789,0.0,5.706,0.0
1784040552.1791055,4397,0,2353,0,1.0,0.651,0.789,0.0,5.714,0.0
1784040552.2004786,4407,0,2353,0,1.0,0.652,0.789,0.0,5.723,0.0
1784040552.2094305,4417,0,2353,0,1.0,0.652,0.79,0.0,5.731,0.0
1784040552.2130408,4427,0,2353,0,1.0,0.653,0.79,0.0,5.739,0.0
1784040552.2346737,4437,0,2353,0,1.0,0.653,0.79,0.0,5.747,0.0
1784040552.239508,4447,0,2353,0,1.0,0.654,0.791,0.0,5.755,0.0
1784040552.2501664,4457,0,2353,0,1.0,0.654,0.791,0.0,5.764,0.0
1784040552.281302,4467,0,2353,0,1.0,0.655,0.792,0.0,5.772,0.0
1784040552.2948377,4477,0,2353,0,1.0,0.655,0.792,0.0,5.78,0.0
1784040552.3127272,4487,0,2353,0,1.0,0.656,0.792,0.0,5.788,0.0
1784040552.331383,4497,0,2353,0,1.0,0.656,0.793,0.0,5.796,0.0
1784040552.3537145,4507,0,2353,0,1.0,0.657,0.793,0.0,5.804,0.0
1784040552.3863919,4517,0,2353,0,1.0,0.657,0.793,0.0,5.812,0.0
1784040552.4076355,4527,0,2353,0,1.0,0.658,0.794,0.0,5.82,0.0
1784040552.4224117,4537,0,2353,0,1.0,0.658,0.794,0.0,5.829,0.0
1784040552.444577,4547,0,2353,0,1.0,0.659,0.794,0.0,5.837,0.0
1784040552.4664564,4557,0,2353,0,1.0,0.659,0.795,0.0,5.845,0.0
1784040552.4816608,4567,0,2353,0,1.0,0.66,0.795,0.0,5.853,0.0
1784040552.50575,4577,0,2353,0,1.0,0.66,0.796,0.0,5.861,0.0
1784040552.51719,4587,0,2353,0,1.0,0.661,0.796,0.0,5.869,0.0
1784040552.526843,4597,0,2353,0,1.0,0.661,0.796,0.0,5.877,0.0
1784040552.5419428,4607,0,2353,0,1.0,0.662,0.797,0.0,5.885,0.0
1784040552.5525215,4617,0,2353,0,1.0,0.662,0.797,0.0,5.893,0.0
1784040552.5781152,4627,0,2353,0,1.0,0.663,0.797,0.0,5.901,0.0
1784040552.5926116,4637,0,2353,0,1.0,0.663,0.798,0.0,5.909,0.0
1784040552.6173854,4647,0,2353,0,1.0,0.664,0.798,0.0,5.917,0.0
1784040552.63189,4657,0,2353,0,1.0,0.664,0.798,0.0,5.925,0.0
1784040552.6562986,4667,0,2353,0,1.0,0.665,0.799,0.0,5.933,0.0
1784040552.670668,4677,0,2353,0,1.0,0.665,0.799,0.0,5.941,0.0
1784040552.692494,4687,0,2353,0,1.0,0.666,0.799,0.0,5.949,0.0
1784040552.7204008,4697,0,2353,0,1.0,0.666,0.8,0.0,5.957,0.0
1784040552.771994,4707,0,2353,0,1.0,0.667,0.8,0.0,5.965,0.0
1784040552.8141763,4717,0,2353,0,1.0,0.667,0.8,0.0,5.973,0.0
1784040552.848524,4727,0,2353,0,1.0,0.668,0.801,0.0,5.981,0.0
1784040552.8983831,4737,0,2353,0,1.0,0.668,0.801,0.0,5.989,0.0
1784040552.9399135,4747,0,2353,0,1.0,0.669,0.801,0.0,5.998,0.0
1784040552.9679549,4757,0,2353,0,1.0,0.669,0.802,0.0,6.006,0.0
1784040553.0055075,4767,0,2353,0,1.0,0.67,0.802,0.0,6.014,0.0
1784040553.0350478,4777,0,2353,0,1.0,0.67,0.802,0.0,6.022,0.0
1784040553.0546465,4787,0,2353,0,1.0,0.67,0.803,0.0,6.03,0.0
1784040553.0771723,4797,0,2353,0,1.0,0.671,0.803,0.0,6.039,0.0
1784040553.0992615,4807,0,2353,0,1.0,0.671,0.803,0.0,6.047,0.0
1784040553.1232395,4817,0,2353,0,1.0,0.672,0.804,0.0,6.055,0.0
1784040553.1403108,4827,0,2353,0,1.0,0.672,0.804,0.0,6.063,0.0
1784040553.1686962,4837,0,2353,0,1.0,0.673,0.804,0.0,6.071,0.0
1784040553.1931608,4847,0,2353,0,1.0,0.673,0.805,0.0,6.08,0.0
1784040553.3396642,4857,0,2353,0,1.0,0.674,0.805,0.0,6.088,0.0
1784040553.461038,4867,0,2353,0,1.0,0.674,0.805,0.0,6.096,0.0
1784040553.5106077,4877,0,2353,0,1.0,0.675,0.806,0.0,6.105,0.0
1784040553.5298715,4887,0,2353,0,1.0,0.675,0.806,0.0,6.114,0.0
1784040553.6024969,4897,0,2353,0,1.0,0.675,0.806,0.0,6.122,0.0
1784040553.627698,4907,0,2353,0,1.0,0.676,0.807,0.0,6.131,0.0
1784040553.7162416,4917,0,2353,0,1.0,0.676,0.807,0.0,6.139,0.0
1784040553.7928276,4927,0,2353,0,1.0,0.677,0.807,0.0,6.148,0.0
1784040553.8497846,4937,0,2353,0,1.0,0.677,0.808,0.0,6.157,0.0
1784040553.9363933,4947,0,2353,0,1.0,0.678,0.808,0.0,6.166,0.0
1784040554.0679984,4957,0,2353,0,1.0,0.678,0.808,0.0,6.175,0.0
1784040554.1420672,4967,0,2353,0,1.0,0.679,0.808,0.0,6.184,0.0
1784040554.274127,4977,0,2353,0,1.0,0.679,0.809,0.0,6.193,0.0
1784040554.3999767,4987,0,2353,0,1.0,0.679,0.809,0.0,6.203,0.0
1784040554.5757022,4997,0,2353,0,1.0,0.68,0.809,0.0,6.212,0.0
1784040554.6530855,5007,0,2353,0,1.0,0.68,0.81,0.0,6.222,0.0
1784040554.7992744,5017,0,2353,0,1.0,0.681,0.81,0.0,6.232,0.0
1784040554.8524406,5027,0,2353,0,1.0,0.681,0.81,0.0,6.242,0.0
1784040554.9845176,5037,0,2353,0,1.0,0.682,0.811,0.0,6.252,0.0
1784040555.0468757,5047,0,2353,0,1.0,0.682,0.811,0.0,6.262,0.0
1784040555.086599,5057,0,2353,0,1.0,0.682,0.811,0.0,6.272,0.0
1784040555.128341,5067,0,2353,0,1.0,0.683,0.812,0.0,6.282,0.0
1784040555.239021,5077,0,2353,0,1.0,0.683,0.812,0.0,6.292,0.0
1784040555.2949474,5087,0,2353,0,1.0,0.684,0.812,0.0,6.302,0.0
1784040555.3933685,5097,0,2353,0,1.0,0.684,0.812,0.0,6.312,0.0
1784040555.4324899,5107,0,2353,0,1.0,0.685,0.813,0.0,6.322,0.0
1784040555.4436023,5117,0,2353,0,1.0,0.685,0.813,0.0,6.333,0.0
1784040555.4813254,5127,0,2353,0,1.0,0.685,0.813,0.0,6.343,0.0
1784040555.6047492,5137,0,2353,0,1.0,0.686,0.814,0.0,6.353,0.0
1784040555.6436183,5147,0,2353,0,1.0,0.686,0.814,0.0,6.363,0.0
1784040555.665611,5157,0,2353,0,1.0,0.687,0.814,0.0,6.373,0.0
1784040555.7851608,5167,0,2353,0,1.0,0.687,0.815,0.0,6.384,0.0
1784040555.833712,5177,0,2353,0,1.0,0.688,0.815,0.0,6.394,0.0
1784040555.916628,5187,0,2353,0,1.0,0.688,0.815,0.0,6.404,0.0
1784040555.9825585,5197,0,2353,0,1.0,0.688,0.815,0.0,6.415,0.0
1784040556.0583708,5207,0,2353,0,1.0,0.689,0.816,0.0,6.425,0.0
1784040556.1527276,5217,0,2353,0,1.0,0.689,0.816,0.0,6.435,0.0
1784040556.2758033,5227,0,2353,0,1.0,0.69,0.816,0.0,6.446,0.0
1784040556.411674,5237,0,2353,0,1.0,0.69,0.817,0.0,6.457,0.0
1784040556.5785427,5247,0,2353,0,1.0,0.69,0.817,0.0,6.467,0.0
1784040556.6897583,5257,0,2353,0,1.0,0.691,0.817,0.0,6.478,0.0
1784040556.787756,5267,0,2353,0,1.0,0.691,0.817,0.0,6.49,0.0
1784040556.8080173,5277,0,2353,0,1.0,0.692,0.818,0.0,6.501,0.0
1784040556.820383,5287,0,2353,0,1.0,0.692,0.818,0.0,6.508,0.0
1784040556.8442123,5297,0,2353,0,1.0,0.692,0.818,0.0,6.515,0.0
1784040556.8633418,5307,0,2353,0,1.0,0.693,0.819,0.0,6.521,0.0
1784040556.8821077,5317,0,2353,0,1.0,0.693,0.819,0.0,6.527,0.0
1784040556.9243417,5327,0,2353,0,1.0,0.694,0.819,0.0,6.533,0.0
1784040556.951635,5337,0,2353,0,1.0,0.694,0.819,0.0,6.539,0.0
1784040556.9695878,5347,0,2353,0,1.0,0.694,0.82,0.0,6.546,0.0
1784040557.0047998,5357,0,2353,0,1.0,0.695,0.82,0.0,6.552,0.0
1784040557.0218503,5367,0,2353,0,1.0,0.695,0.82,0.0,6.558,0.0
1784040557.0557415,5377,0,2353,0,1.0,0.696,0.82,0.0,6.564,0.0
1784040557.0851858,5387,0,2353,0,1.0,0.696,0.821,0.0,6.57,0.0
1784040557.0990741,5397,0,2353,0,1.0,0.696,0.821,0.0,6.576,0.0
1784040557.1168776,5407,0,2353,0,1.0,0.697,0.821,0.0,6.583,0.0
1784040557.1346939,5417,0,2353,0,1.0,0.697,0.822,0.0,6.589,0.0
1784040557.15966,5427,0,2353,0,1.0,0.698,0.822,0.0,6.595,0.0
1784040557.191493,5437,0,2353,0,1.0,0.698,0.822,0.0,6.601,0.0
1784040557.210229,5447,0,2353,0,1.0,0.698,0.822,0.0,6.607,0.0
1784040557.222845,5457,0,2353,0,1.0,0.699,0.823,0.0,6.613,0.0
1784040557.2345586,5467,0,2353,0,1.0,0.699,0.823,0.0,6.619,0.0
1784040557.2439165,5477,0,2353,0,1.0,0.699,0.823,0.0,6.624,0.0
1784040557.277114,5487,0,2353,0,1.0,0.7,0.823,0.0,6.63,0.0
1784040557.3030338,5497,0,2353,0,1.0,0.7,0.824,0.0,6.636,0.0
1784040557.3210664,5507,0,2353,0,1.0,0.701,0.824,0.0,6.642,0.0
1784040557.3454337,5517,0,2353,0,1.0,0.701,0.824,0.0,6.648,0.0
1784040557.3600302,5527,0,2353,0,1.0,0.701,0.824,0.0,6.654,0.0
1784040557.3759758,5537,0,2353,0,1.0,0.702,0.825,0.0,6.66,0.0
1784040557.4113736,5547,0,2353,0,1.0,0.702,0.825,0.0,6.665,0.0
1784040557.43842,5557,0,2353,0,1.0,0.703,0.825,0.0,6.671,0.0
1784040557.4533422,5567,0,2353,0,1.0,0.703,0.826,0.0,6.677,0.0
1784040557.4880593,5577,0,2353,0,1.0,0.703,0.826,0.0,6.683,0.0
1784040557.5264192,5587,0,2353,0,1.0,0.704,0.826,0.0,6.689,0.0
1784040557.5554755,5597,0,2353,0,1.0,0.704,0.826,0.0,6.694,0.0
1784040557.582807,5607,0,2353,0,1.0,0.704,0.827,0.0,6.7,0.0
1784040557.5985594,5617,0,2353,0,1.0,0.705,0.827,0.0,6.706,0.0
1784040557.616653,5627,0,2353,0,1.0,0.705,0.827,0.0,6.712,0.0
1784040557.6509368,5637,0,2353,0,1.0,0.706,0.827,0.0,6.718,0.0
1784040557.6743193,5647,0,2353,0,1.0,0.706,0.828,0.0,6.724,0.0
1784040557.6864476,5657,0,2353,0,1.0,0.706,0.828,0.0,6.729,0.0
1784040557.703746,5667,0,2353,0,1.0,0.707,0.828,0.0,6.735,0.0
1784040557.7125525,5677,0,2353,0,1.0,0.707,0.828,0.0,6.741,0.0
1784040557.7468576,5687,0,2353,0,1.0,0.707,0.829,0.0,6.747,0.0
1784040557.7879608,5697,0,2353,0,1.0,0.708,0.829,0.0,6.752,0.0
1784040557.8294795,5707,0,2353,0,1.0,0.708,0.829,0.0,6.758,0.0
1784040557.8537045,5717,0,2353,0,1.0,0.708,0.829,0.0,6.764,0.0
1784040557.871553,5727,0,2353,0,1.0,0.709,0.83,0.0,6.769,0.0
1784040557.9284093,5737,0,2353,0,1.0,0.709,0.83,0.0,6.775,0.0
1784040557.979445,5747,0,2353,0,1.0,0.71,0.83,0.0,6.781,0.0
1784040558.0189316,5757,0,2353,0,1.0,0.71,0.83,0.0,6.786,0.0
1784040558.043649,5767,0,2353,0,1.0,0.71,0.831,0.0,6.792,0.0
1784040558.091713,5777,0,2353,0,1.0,0.711,0.831,0.0,6.798,0.0
1784040558.1172621,5787,0,2353,0,1.0,0.711,0.831,0.0,6.803,0.0
1784040558.1470494,5797,0,2353,0,1.0,0.711,0.831,0.0,6.809,0.0
1784040558.167193,5807,0,2353,0,1.0,0.712,0.832,0.0,6.815,0.0
1784040558.2219164,5817,0,2353,0,1.0,0.712,0.832,0.0,6.82,0.0
1784040558.2429292,5827,0,2353,0,1.0,0.712,0.832,0.0,6.826,0.0
1784040558.292843,5837,0,2353,0,1.0,0.713,0.832,0.0,6.832,0.0
1784040558.3256814,5847,0,2353,0,1.0,0.713,0.832,0.0,6.837,0.0
1784040558.3506577,5857,0,2353,0,1.0,0.713,0.833,0.0,6.843,0.0
1784040558.3733184,5867,0,2353,0,1.0,0.714,0.833,0.0,6.849,0.0
1784040558.397301,5877,0,2353,0,1.0,0.714,0.833,0.0,6.855,0.0
1784040558.4260938,5887,0,2353,0,1.0,0.714,0.833,0.0,6.861,0.0
1784040558.451075,5897,0,2353,0,1.0,0.715,0.834,0.0,6.866,0.0
1784040558.4785988,5907,0,2353,0,1.0,0.715,0.834,0.0,6.872,0.0
1784040558.506903,5917,0,2353,0,1.0,0.715,0.834,0.0,6.878,0.0
1784040558.5239804,5927,0,2353,0,1.0,0.716,0.834,0.0,6.884,0.0
1784040558.544887,5937,0,2353,0,1.0,0.716,0.835,0.0,6.889,0.0
1784040558.5607016,5947,0,2353,0,1.0,0.717,0.835,0.0,6.895,0.0
1784040558.5798476,5957,0,2353,0,1.0,0.717,0.835,0.0,6.901,0.0
1784040558.5920289,5967,0,2353,0,1.0,0.717,0.835,0.0,6.907,0.0
1784040558.6158912,5977,0,2353,0,1.0,0.718,0.836,0.0,6.913,0.0
1784040558.6296828,5987,0,2353,0,1.0,0.718,0.836,0.0,6.918,0.0
1784040558.6476114,5997,0,2353,0,1.0,0.718,0.836,0.0,6.924,0.0
1784040558.6675081,6007,0,2353,0,1.0,0.719,0.836,0.0,6.93,0.0
1784040558.686543,6017,0,2353,0,1.0,0.719,0.836,0.0,6.936,0.0
1784040558.7089393,6027,0,2353,0,1.0,0.719,0.837,0.0,6.941,0.0
1784040558.7292979,6037,0,2353,0,1.0,0.72,0.837,0.0,6.947,0.0
1784040558.7531898,6047,0,2353,0,1.0,0.72,0.837,0.0,6.953,0.0
1784040558.773055,6057,0,2353,0,1.0,0.72,0.837,0.0,6.958,0.0
1784040558.879228,6067,0,2353,0,1.0,0.721,0.838,0.0,6.964,0.0
1784040558.9461884,6077,0,2353,0,1.0,0.721,0.838,0.0,6.97,0.0
1784040559.1457217,6087,0,2353,0,1.0,0.721,0.838,0.0,6.976,0.0
1784040559.2773354,6097,0,2353,0,1.0,0.722,0.838,0.0,6.982,0.0
1784040559.438628,6107,0,2353,0,1.0,0.722,0.838,0.0,6.988,0.0
1784040559.548782,6117,0,2353,0,1.0,0.722,0.839,0.0,6.994,0.0
1784040559.6826484,6127,0,2353,0,1.0,0.723,0.839,0.0,7.001,0.0
1784040559.763183,6137,0,2353,0,1.0,0.723,0.839,0.0,7.007,0.0
1784040559.8650455,6147,0,2353,0,1.0,0.723,0.839,0.0,7.014,0.0
1784040560.024138,6157,0,2353,0,1.0,0.724,0.84,0.0,7.021,0.0
1784040560.0286372,6167,0,2353,0,1.0,0.724,0.84,0.0,7.028,0.0
1784040560.1793861,6177,0,2353,0,1.0,0.724,0.84,0.0,7.035,0.0
1784040560.3039992,6187,0,2353,0,1.0,0.724,0.84,0.0,7.042,0.0
1784040560.4615014,6197,0,2353,0,1.0,0.725,0.84,0.0,7.049,0.0
1784040560.568785,6207,0,2353,0,1.0,0.725,0.841,0.0,7.056,0.0
1784040560.6796298,6217,0,2353,0,1.0,0.725,0.841,0.0,7.064,0.0
1784040560.8586814,6227,0,2353,0,1.0,0.726,0.841,0.0,7.071,0.0
1784040560.9342687,6237,0,2353,0,1.0,0.726,0.841,0.0,7.079,0.0
1784040560.9387085,6247,0,2353,0,1.0,0.726,0.842,0.0,7.087,0.0
1784040561.0589035,6257,0,2353,0,1.0,0.727,0.842,0.0,7.094,0.0
1784040561.1328917,6267,0,2353,0,1.0,0.727,0.842,0.0,7.102,0.0
1784040561.2843006,6277,0,2353,0,1.0,0.727,0.842,0.0,7.11,0.0
1784040561.3919635,6287,0,2353,0,1.0,0.728,0.842,0.0,7.118,0.0
1784040561.527194,6297,0,2353,0,1.0,0.728,0.843,0.0,7.126,0.0
1784040561.591827,6307,0,2353,0,1.0,0.728,0.843,0.0,7.134,0.0
1784040561.6036403,6317,0,2353,0,1.0,0.729,0.843,0.0,7.143,0.0
1784040561.6355965,6327,0,2353,0,1.0,0.729,0.843,0.0,7.151,0.0
1784040561.7392607,6337,0,2353,0,1.0,0.729,0.843,0.0,7.159,0.0
1784040561.887544,6347,0,2353,0,1.0,0.73,0.844,0.0,7.167,0.0
1784040562.0902376,6357,0,2353,0,1.0,0.73,0.844,0.0,7.176,0.0
1784040562.1881075,6367,0,2353,0,1.0,0.73,0.844,0.0,7.184,0.0
1784040562.2077174,6377,0,2353,0,1.0,0.73,0.844,0.0,7.193,0.0
1784040562.3227012,6387,0,2353,0,1.0,0.731,0.844,0.0,7.202,0.0
1784040562.4962816,6397,0,2353,0,1.0,0.731,0.845,0.0,7.209,0.0
1784040562.5833693,6407,0,2353,0,1.0,0.731,0.845,0.0,7.214,0.0
1784040562.590765,6417,0,2353,0,1.0,0.732,0.845,0.0,7.218,0.0
1784040562.6988623,6427,0,2353,0,1.0,0.732,0.845,0.0,7.223,0.0
1784040562.8747854,6437,0,2353,0,1.0,0.732,0.845,0.0,7.228,0.0
1784040562.9851458,6447,0,2353,0,1.0,0.733,0.846,0.0,7.233,0.0
1784040562.999912,6457,0,2353,0,1.0,0.733,0.846,0.0,7.238,0.0
1784040563.010427,6467,0,2353,0,1.0,0.733,0.846,0.0,7.243,0.0
1784040563.0334375,6477,0,2353,0,1.0,0.734,0.846,0.0,7.248,0.0
1784040563.0507634,6487,0,2353,0,1.0,0.734,0.846,0.0,7.253,0.0
1784040563.0704517,6497,0,2353,0,1.0,0.734,0.847,0.0,7.259,0.0
1784040563.0870411,6507,0,2353,0,1.0,0.734,0.847,0.0,7.264,0.0
1784040563.0946596,6517,0,2353,0,1.0,0.735,0.847,0.0,7.269,0.0
1784040563.1035478,6527,0,2353,0,1.0,0.735,0.847,0.0,7.274,0.0
1784040563.1146472,6537,0,2353,0,1.0,0.735,0.847,0.0,7.279,0.0
1784040563.1278384,6547,0,2353,0,1.0,0.736,0.848,0.0,7.284,0.0
1784040563.1466165,6557,0,2353,0,1.0,0.736,0.848,0.0,7.289,0.0
1784040563.1800258,6567,0,2353,0,1.0,0.736,0.848,0.0,7.294,0.0
1784040563.2035205,6577,0,2353,0,1.0,0.737,0.848,0.0,7.299,0.0
1784040563.2184696,6587,0,2353,0,1.0,0.737,0.848,0.0,7.304,0.0
1784040563.2335758,6597,0,2353,0,1.0,0.737,0.849,0.0,7.309,0.0
1784040563.2645452,6607,0,2353,0,1.0,0.737,0.849,0.0,7.314,0.0
1784040563.2897785,6617,0,2353,0,1.0,0.738,0.849,0.0,7.319,0.0
1784040563.3095155,6627,0,2353,0,1.0,0.738,0.849,0.0,7.324,0.0
1784040563.3325148,6637,0,2353,0,1.0,0.738,0.849,0.0,7.329,0.0
1784040563.352535,6647,0,2353,0,1.0,0.739,0.85,0.0,7.334,0.0
1784040563.3759468,6657,0,2353,0,1.0,0.739,0.85,0.0,7.339,0.0
1784040563.4084377,6667,0,2353,0,1.0,0.739,0.85,0.0,7.344,0.0
1784040563.430588,6677,0,2353,0,1.0,0.739,0.85,0.0,7.349,0.0
1784040563.4368439,6687,0,2353,0,1.0,0.74,0.85,0.0,7.354,0.0
1784040563.4710968,6697,0,2353,0,1.0,0.74,0.851,0.0,7.359,0.0
1784040563.4957051,6707,0,2353,0,1.0,0.74,0.851,0.0,7.364,0.0
1784040563.5440204,6717,0,2353,0,1.0,0.741,0.851,0.0,7.369,0.0
1784040563.5567224,6727,0,2353,0,1.0,0.741,0.851,0.0,7.374,0.0
1784040563.5691872,6737,0,2353,0,1.0,0.741,0.851,0.0,7.379,0.0
1784040563.586317,6747,0,2353,0,1.0,0.741,0.852,0.0,7.384,0.0
1784040563.615532,6757,0,2353,0,1.0,0.742,0.852,0.0,7.389,0.0
1784040563.6386964,6767,0,2353,0,1.0,0.742,0.852,0.0,7.394,0.0
1784040563.6601918,6777,0,2353,0,1.0,0.742,0.852,0.0,7.399,0.0
1784040563.686517,6787,0,2353,0,1.0,0.743,0.852,0.0,7.404,0.0
1784040563.712703,6797,0,2353,0,1.0,0.743,0.852,0.0,7.409,0.0
1784040563.7299623,6807,0,2353,0,1.0,0.743,0.853,0.0,7.414,0.0
1784040563.747729,6817,0,2353,0,1.0,0.743,0.853,0.0,7.419,0.0
1784040563.77416,6827,0,2353,0,1.0,0.744,0.853,0.0,7.423,0.0
1784040563.800748,6837,0,2353,0,1.0,0.744,0.853,0.0,7.428,0.0
1784040563.853574,6847,0,2353,0,1.0,0.744,0.853,0.0,7.433,0.0
1784040563.8774579,6857,0,2353,0,1.0,0.745,0.854,0.0,7.438,0.0
1784040563.9184237,6867,0,2353,0,1.0,0.745,0.854,0.0,7.443,0.0
1784040563.9794834,6877,0,2353,0,1.0,0.745,0.854,0.0,7.448,0.0
1784040564.0310466,6887,0,2353,0,1.0,0.745,0.854,0.0,7.453,0.0
1784040564.0616362,6897,0,2353,0,1.0,0.746,0.854,0.0,7.458,0.0
1784040564.0857155,6907,0,2353,0,1.0,0.746,0.854,0.0,7.463,0.0
1784040564.091486,6917,0,2353,0,1.0,0.746,0.855,0.0,7.468,0.0
1784040564.1020508,6927,0,2353,0,1.0,0.746,0.855,0.0,7.473,0.0
1784040564.1128254,6937,0,2353,0,1.0,0.747,0.855,0.0,7.478,0.0
1784040564.128532,6947,0,2353,0,1.0,0.747,0.855,0.0,7.483,0.0
1784040564.138821,6957,0,2353,0,1.0,0.747,0.855,0.0,7.488,0.0
1784040564.1667912,6967,0,2353,0,1.0,0.748,0.856,0.0,7.493,0.0
1784040564.1861818,6977,0,2353,0,1.0,0.748,0.856,0.0,7.498,0.0
1784040564.1979072,6987,0,2353,0,1.0,0.748,0.856,0.0,7.503,0.0
1784040564.213357,6997,0,2353,0,1.0,0.748,0.856,0.0,7.508,0.0
1784040564.2405186,7007,0,2353,0,1.0,0.749,0.856,0.0,7.513,0.0
1784040564.2493575,7017,0,2353,0,1.0,0.749,0.856,0.0,7.518,0.0
1784040564.2719777,7027,0,2353,0,1.0,0.749,0.857,0.0,7.523,0.0
1784040564.28852,7037,0,2353,0,1.0,0.749,0.857,0.0,7.528,0.0
1784040564.3021016,7047,0,2353,0,1.0,0.75,0.857,0.0,7.533,0.0
1784040564.310592,7057,0,2353,0,1.0,0.75,0.857,0.0,7.538,0.0
1784040564.334382,7067,0,2353,0,1.0,0.75,0.857,0.0,7.543,0.0
1784040564.3479679,7077,0,2353,0,1.0,0.75,0.857,0.0,7.548,0.0
1784040564.3637433,7087,0,2353,0,1.0,0.751,0.858,0.0,7.553,0.0
1784040564.3779721,7097,0,2353,0,1.0,0.751,0.858,0.0,7.558,0.0
1784040564.385164,7107,0,2353,0,1.0,0.751,0.858,0.0,7.563,0.0
1784040564.4060905,7117,0,2353,0,1.0,0.752,0.858,0.0,7.568,0.0
1784040564.4166987,7127,0,2353,0,1.0,0.752,0.858,0.0,7.573,0.0
1784040564.4455318,7137,0,2353,0,1.0,0.752,0.858,0.0,7.578,0.0
1784040564.4567773,7147,0,2353,0,1.0,0.752,0.859,0.0,7.583,0.0
1784040564.4759963,7157,0,2353,0,1.0,0.753,0.859,0.0,7.589,0.0
1784040564.489758,7167,0,2353,0,1.0,0.753,0.859,0.0,7.594,0.0
1784040564.5049467,7177,0,2353,0,1.0,0.753,0.859,0.0,7.599,0.0
1784040564.5242033,7187,0,2353,0,1.0,0.753,0.859,0.0,7.604,0.0
1784040564.5466917,7197,0,2353,0,1.0,0.754,0.859,0.0,7.609,0.0
1784040564.5583184,7207,0,2353,0,1.0,0.754,0.86,0.0,7.614,0.0
1784040564.5783799,7217,0,2353,0,1.0,0.754,0.86,0.0,7.619,0.0
1784040564.606176,7227,0,2353,0,1.0,0.754,0.86,0.0,7.624,0.0
1784040564.6358209,7237,0,2353,0,1.0,0.755,0.86,0.0,7.629,0.0
1784040564.6520762,7247,0,2353,0,1.0,0.755,0.86,0.0,7.634,0.0
1784040564.665315,7257,0,2353,0,1.0,0.755,0.86,0.0,7.639,0.0
1784040564.7129161,7267,0,2353,0,1.0,0.755,0.861,0.0,7.644,0.0
1784040564.7251341,7277,0,2353,0,1.0,0.756,0.861,0.0,7.649,0.0
1784040564.7486029,7287,0,2353,0,1.0,0.756,0.861,0.0,7.654,0.0
1784040564.767879,7297,0,2353,0,1.0,0.756,0.861,0.0,7.659,0.0
1784040564.7871447,7307,0,2353,0,1.0,0.756,0.861,0.0,7.664,0.0
1784040564.8091528,7317,0,2353,0,1.0,0.757,0.861,0.0,7.669,0.0
1784040564.822027,7327,0,2353,0,1.0,0.757,0.862,0.0,7.674,0.0
1784040564.8514311,7337,0,2353,0,1.0,0.757,0.862,0.0,7.679,0.0
1784040564.8681421,7347,0,2353,0,1.0,0.757,0.862,0.0,7.684,0.0
1784040564.891678,7357,0,2353,0,1.0,0.758,0.862,0.0,7.689,0.0
1784040564.913439,7367,0,2353,0,1.0,0.758,0.862,0.0,7.694,0.0
1784040564.9311547,7377,0,2353,0,1.0,0.758,0.862,0.0,7.699,0.0
1784040564.9498253,7387,0,2353,0,1.0,0.758,0.863,0.0,7.704,0.0
1784040564.9803226,7397,0,2353,0,1.0,0.759,0.863,0.0,7.709,0.0
1784040565.1227758,7407,0,2353,0,1.0,0.759,0.863,0.0,7.714,0.0
1784040565.263732,7417,0,2353,0,1.0,0.759,0.863,0.0,7.72,0.0
1784040565.4044068,7427,0,2353,0,1.0,0.759,0.863,0.0,7.725,0.0
1784040565.595165,7437,0,2353,0,1.0,0.76,0.863,0.0,7.731,0.0
1784040565.723669,7447,0,2353,0,1.0,0.76,0.864,0.0,7.736,0.0
1784040565.8090277,7457,0,2353,0,1.0,0.76,0.864,0.0,7.742,0.0
1784040565.8520942,7467,0,2353,0,1.0,0.76,0.864,0.0,7.748,0.0
1784040565.9822104,7477,0,2353,0,1.0,0.761,0.864,0.0,7.754,0.0
1784040566.1354373,7487,0,2353,0,1.0,0.761,0.864,0.0,7.76,0.0
1784040566.1776888,7497,0,2353,0,1.0,0.761,0.864,0.0,7.766,0.0
1784040566.2481668,7507,0,2353,0,1.0,0.761,0.865,0.0,7.772,0.0
1784040566.31468,7517,0,2353,0,1.0,0.762,0.865,0.0,7.778,0.0
1784040566.4809513,7527,0,2353,0,1.0,0.762,0.865,0.0,7.784,0.0
1784040566.5550966,7537,0,2353,0,1.0,0.762,0.865,0.0,7.791,0.0
1784040566.632821,7547,0,2353,0,1.0,0.762,0.865,0.0,7.797,0.0
1784040566.6941404,7557,0,2353,0,1.0,0.763,0.865,0.0,7.803,0.0
1784040566.7604437,7567,0,2353,0,1.0,0.763,0.865,0.0,7.81,0.0
1784040566.865622,7577,0,2353,0,1.0,0.763,0.866,0.0,7.817,0.0
1784040566.9556966,7587,0,2353,0,1.0,0.763,0.866,0.0,7.823,0.0
1784040567.0176091,7597,0,2353,0,1.0,0.764,0.866,0.0,7.83,0.0
1784040567.1157424,7607,0,2353,0,1.0,0.764,0.866,0.0,7.837,0.0
1784040567.189377,7617,0,2353,0,1.0,0.764,0.866,0.0,7.843,0.0
1784040567.2157485,7627,0,2353,0,1.0,0.764,0.866,0.0,7.85,0.0
1784040567.2883718,7637,0,2353,0,1.0,0.764,0.867,0.0,7.857,0.0
1784040567.3241656,7647,0,2353,0,1.0,0.765,0.867,0.0,7.864,0.0
1784040567.3416264,7657,0,2353,0,1.0,0.765,0.867,0.0,7.871,0.0
1784040567.3698285,7667,0,2353,0,1.0,0.765,0.867,0.0,7.878,0.0
1784040567.453304,7677,0,2353,0,1.0,0.765,0.867,0.0,7.885,0.0
1784040567.55033,7687,0,2353,0,1.0,0.766,0.867,0.0,7.892,0.0
1784040567.6866162,7697,0,2353,0,1.0,0.766,0.867,0.0,7.899,0.0
1784040567.8359578,7707,0,2353,0,1.0,0.766,0.868,0.0,7.906,0.0
1784040567.9981024,7717,0,2353,0,1.0,0.766,0.868,0.0,7.913,0.0
1784040568.1243234,7727,0,2353,0,1.0,0.767,0.868,0.0,7.921,0.0
1784040568.3091252,7737,0,2353,0,1.0,0.767,0.868,0.0,7.929,0.0
1784040568.4546895,7747,0,2353,0,1.0,0.767,0.868,0.0,7.936,0.0
1784040568.5036144,7757,0,2353,0,1.0,0.767,0.868,0.0,7.944,0.0
1784040568.5350053,7767,0,2353,0,1.0,0.767,0.868,0.0,7.952,0.0
1784040568.5644007,7777,0,2353,0,1.0,0.768,0.869,0.0,7.96,0.0
1784040568.5804343,7787,0,2353,0,1.0,0.768,0.869,0.0,7.968,0.0
1784040568.5890532,7797,0,2353,0,1.0,0.768,0.869,0.0,7.976,0.0
1784040568.6159678,7807,0,2353,0,1.0,0.768,0.869,0.0,7.984,0.0
1784040568.629871,7817,0,2353,0,1.0,0.769,0.869,0.0,7.991,0.0
1784040568.6463196,7827,0,2353,0,1.0,0.769,0.869,0.0,7.999,0.0
1784040568.661933,7837,0,2353,0,1.0,0.769,0.869,0.0,8.007,0.0
1784040568.6763618,7847,0,2353,0,1.0,0.769,0.87,0.0,8.015,0.0
1784040568.6919646,7857,0,2353,0,1.0,0.77,0.87,0.0,8.023,0.0
1784040568.7137356,7867,0,2353,0,1.0,0.77,0.87,0.0,8.031,0.0
1784040568.7208927,7877,0,2353,0,1.0,0.77,0.87,0.0,8.038,0.0
1784040568.7325385,7887,0,2353,0,1.0,0.77,0.87,0.0,8.046,0.0
1784040568.7581174,7897,0,2353,0,1.0,0.77,0.87,0.0,8.054,0.0
1784040568.777867,7907,0,2353,0,1.0,0.771,0.87,0.0,8.062,0.0
1784040568.809406,7917,0,2353,0,1.0,0.771,0.871,0.0,8.07,0.0
1784040568.8255632,7927,0,2353,0,1.0,0.771,0.871,0.0,8.077,0.0
1784040568.8564427,7937,0,2353,0,1.0,0.771,0.871,0.0,8.085,0.0
1784040568.8933735,7947,0,2353,0,1.0,0.772,0.871,0.0,8.093,0.0
1784040568.9065685,7957,0,2353,0,1.0,0.772,0.871,0.0,8.101,0.0
1784040568.9335186,7967,0,2353,0,1.0,0.772,0.871,0.0,8.109,0.0
1784040568.9592052,7977,0,2353,0,1.0,0.772,0.871,0.0,8.117,0.0
1784040568.9779716,7987,0,2353,0,1.0,0.772,0.872,0.0,8.124,0.0
1784040569.005422,7997,0,2353,0,1.0,0.773,0.872,0.0,8.132,0.0
1784040569.021487,8007,0,2353,0,1.0,0.773,0.872,0.0,8.14,0.0
1784040569.0371547,8017,0,2353,0,1.0,0.773,0.872,0.0,8.148,0.0
1784040569.0712507,8027,0,2353,0,1.0,0.773,0.872,0.0,8.155,0.0
1784040569.1071982,8037,0,2353,0,1.0,0.774,0.872,0.0,8.163,0.0
1784040569.1407197,8047,0,2353,0,1.0,0.774,0.872,0.0,8.171,0.0
1784040569.1548343,8057,0,2353,0,1.0,0.774,0.873,0.0,8.179,0.0
1784040569.1787999,8067,0,2353,0,1.0,0.774,0.873,0.0,8.187,0.0
1784040569.2116976,8077,0,2353,0,1.0,0.774,0.873,0.0,8.194,0.0
1784040569.2303107,8087,0,2353,0,1.0,0.775,0.873,0.0,8.202,0.0
1784040569.2444274,8097,0,2353,0,1.0,0.775,0.873,0.0,8.21,0.0
1784040569.2618418,8107,0,2353,0,1.0,0.775,0.873,0.0,8.218,0.0
1784040569.282586,8117,0,2353,0,1.0,0.775,0.873,0.0,8.225,0.0
1784040569.3020566,8127,0,2353,0,1.0,0.775,0.874,0.0,8.233,0.0
1784040569.318706,8137,0,2353,0,1.0,0.776,0.874,0.0,8.241,0.0
1784040569.3430772,8147,0,2353,0,1.0,0.776,0.874,0.0,8.249,0.0
1784040569.376076,8157,0,2353,0,1.0,0.776,0.874,0.0,8.256,0.0
1784040569.4093995,8167,0,2353,0,1.0,0.776,0.874,0.0,8.264,0.0
1784040569.4642947,8177,0,2353,0,1.0,0.777,0.874,0.0,8.272,0.0
1784040569.4771347,8187,0,2353,0,1.0,0.777,0.874,0.0,8.28,0.0
1784040569.5100424,8197,0,2353,0,1.0,0.777,0.874,0.0,8.287,0.0
1784040569.5496776,8207,0,2353,0,1.0,0.777,0.875,0.0,8.295,0.0
1784040569.5756652,8217,0,2353,0,1.0,0.777,0.875,0.0,8.303,0.0
1784040569.5960827,8227,0,2353,0,1.0,0.778,0.875,0.0,8.311,0.0
1784040569.6173074,8237,0,2353,0,1.0,0.778,0.875,0.0,8.319,0.0
1784040569.6570942,8247,0,2353,0,1.0,0.778,0.875,0.0,8.326,0.0
1784040569.6834924,8257,0,2353,0,1.0,0.778,0.875,0.0,8.334,0.0
1784040569.715529,8267,0,2353,0,1.0,0.778,0.875,0.0,8.342,0.0
1784040569.7326183,8277,0,2353,0,1.0,0.779,0.876,0.0,8.35,0.0
1784040569.757668,8287,0,2353,0,1.0,0.779,0.876,0.0,8.358,0.0
1784040569.7803123,8297,0,2353,0,1.0,0.779,0.876,0.0,8.365,0.0
1784040569.8030503,8307,0,2353,0,1.0,0.779,0.876,0.0,8.373,0.0
1784040569.8206637,8317,0,2353,0,1.0,0.779,0.876,0.0,8.381,0.0
1784040569.8390892,8327,0,2353,0,1.0,0.78,0.876,0.0,8.389,0.0
1784040569.8622034,8337,0,2353,0,1.0,0.78,0.876,0.0,8.397,0.0
1784040569.8766243,8347,0,2353,0,1.0,0.78,0.876,0.0,8.404,0.0
1784040569.8973296,8357,0,2353,0,1.0,0.78,0.877,0.0,8.412,0.0
1784040569.9287052,8367,0,2353,0,1.0,0.781,0.877,0.0,8.42,0.0
1784040569.9683714,8377,0,2353,0,1.0,0.781,0.877,0.0,8.428,0.0
1784040570.0267632,8387,0,2353,0,1.0,0.781,0.877,0.0,8.436,0.0
1784040570.064744,8397,0,2353,0,1.0,0.781,0.877,0.0,8.444,0.0
1784040570.1134994,8407,0,2353,0,1.0,0.781,0.877,0.0,8.451,0.0
1784040570.1849573,8417,0,2353,0,1.0,0.782,0.877,0.0,8.458,0.0
1784040570.2369447,8427,0,2353,0,1.0,0.782,0.877,0.0,8.463,0.0
1784040570.2583253,8437,0,2353,0,1.0,0.782,0.878,0.0,8.468,0.0
1784040570.3103716,8447,0,2353,0,1.0,0.782,0.878,0.0,8.472,0.0
1784040570.3398864,8457,0,2353,0,1.0,0.782,0.878,0.0,8.477,0.0
1784040570.376633,8467,0,2353,0,1.0,0.783,0.878,0.0,8.481,0.0
1784040570.4345095,8477,0,2353,0,1.0,0.783,0.878,0.0,8.486,0.0
1784040570.4829683,8487,0,2353,0,1.0,0.783,0.878,0.0,8.491,0.0
1784040570.6281922,8497,0,2353,0,1.0,0.783,0.878,0.0,8.496,0.0
1784040570.7664547,8507,0,2353,0,1.0,0.783,0.879,0.0,8.501,0.0
1784040570.898307,8517,0,2353,0,1.0,0.784,0.879,0.0,8.506,0.0
1784040570.9812975,8527,0,2353,0,1.0,0.784,0.879,0.0,8.511,0.0
1784040571.0912845,8537,0,2353,0,1.0,0.784,0.879,0.0,8.516,0.0
1784040571.1759112,8547,0,2353,0,1.0,0.784,0.879,0.0,8.521,0.0
1784040571.2922301,8557,0,2353,0,1.0,0.784,0.879,0.0,8.527,0.0
1784040571.363311,8567,0,2353,0,1.0,0.785,0.879,0.0,8.532,0.0
1784040571.4549294,8577,0,2353,0,1.0,0.785,0.879,0.0,8.537,0.0
1784040571.4944613,8587,0,2353,0,1.0,0.785,0.88,0.0,8.543,0.0
1784040571.6211276,8597,0,2353,0,1.0,0.785,0.88,0.0,8.549,0.0
1784040571.7075763,8607,0,2353,0,1.0,0.785,0.88,0.0,8.554,0.0
1784040571.8554864,8617,0,2353,0,1.0,0.786,0.88,0.0,8.56,0.0
1784040571.9360154,8627,0,2353,0,1.0,0.786,0.88,0.0,8.566,0.0
1784040572.0314155,8637,0,2353,0,1.0,0.786,0.88,0.0,8.572,0.0
1784040572.0801246,8647,0,2353,0,1.0,0.786,0.88,0.0,8.578,0.0
1784040572.1961377,8657,0,2353,0,1.0,0.786,0.88,0.0,8.584,0.0
1784040572.283099,8667,0,2353,0,1.0,0.786,0.88,0.0,8.59,0.0
1784040572.4260974,8677,0,2353,0,1.0,0.787,0.881,0.0,8.596,0.0
1784040572.5778418,8687,0,2353,0,1.0,0.787,0.881,0.0,8.602,0.0
1784040572.6552536,8697,0,2353,0,1.0,0.787,0.881,0.0,8.609,0.0
1784040572.7755175,8707,0,2353,0,1.0,0.787,0.881,0.0,8.615,0.0
1784040572.8653677,8717,0,2353,0,1.0,0.787,0.881,0.0,8.622,0.0
1784040572.9280825,8727,0,2353,0,1.0,0.788,0.881,0.0,8.628,0.0
1784040572.952482,8737,0,2353,0,1.0,0.788,0.881,0.0,8.635,0.0
1784040572.9795146,8747,0,2353,0,1.0,0.788,0.881,0.0,8.642,0.0
1784040573.0265217,8757,0,2353,0,1.0,0.788,0.882,0.0,8.648,0.0
1784040573.1133215,8767,0,2353,0,1.0,0.788,0.882,0.0,8.655,0.0
1784040573.1929252,8777,0,2353,0,1.0,0.789,0.882,0.0,8.662,0.0
1784040573.3318589,8787,0,2353,0,1.0,0.789,0.882,0.0,8.668,0.0
1784040573.4570146,8797,0,2353,0,1.0,0.789,0.882,0.0,8.675,0.0
1784040573.5944693,8807,0,2353,0,1.0,0.789,0.882,0.0,8.682,0.0
1784040573.7527444,8817,0,2353,0,1.0,0.789,0.882,0.0,8.689,0.0
1784040573.8004165,8827,0,2353,0,1.0,0.79,0.882,0.0,8.697,0.0
1784040573.8381107,8837,0,2353,0,1.0,0.79,0.883,0.0,8.704,0.0
1784040573.9228206,8847,0,2353,0,1.0,0.79,0.883,0.0,8.711,0.0
1784040573.9436643,8857,0,2353,0,1.0,0.79,0.883,0.0,8.719,0.0
1784040574.045502,8867,0,2353,0,1.0,0.79,0.883,0.0,8.726,0.0
1784040574.1417615,8877,0,2353,0,1.0,0.79,0.883,0.0,8.733,0.0
1784040574.2419684,8887,0,2353,0,1.0,0.791,0.883,0.0,8.741,0.0
1784040574.352729,8897,0,2353,0,1.0,0.791,0.883,0.0,8.748,0.0
1784040574.4747002,8907,0,2353,0,1.0,0.791,0.883,0.0,8.756,0.0
1784040574.565239,8917,0,2353,0,1.0,0.791,0.883,0.0,8.763,0.0
1784040574.5830865,8927,0,2353,0,1.0,0.791,0.884,0.0,8.771,0.0
1784040574.6075306,8937,0,2353,0,1.0,0.792,0.884,0.0,8.779,0.0
1784040574.6366732,8947,0,2353,0,1.0,0.792,0.884,0.0,8.787,0.0
1784040574.6452882,8957,0,2353,0,1.0,0.792,0.884,0.0,8.794,0.0
1784040574.6806493,8967,0,2353,0,1.0,0.792,0.884,0.0,8.802,0.0
1784040574.6955411,8977,0,2353,0,1.0,0.792,0.884,0.0,8.81,0.0
1784040574.7254827,8987,0,2353,0,1.0,0.793,0.884,0.0,8.817,0.0
1784040574.7673657,8997,0,2353,0,1.0,0.793,0.884,0.0,8.825,0.0
1784040574.785013,9007,0,2353,0,1.0,0.793,0.884,0.0,8.833,0.0
1784040574.8057663,9017,0,2353,0,1.0,0.793,0.885,0.0,8.841,0.0
1784040574.8186266,9027,0,2353,0,1.0,0.793,0.885,0.0,8.848,0.0
1784040574.8352902,9037,0,2353,0,1.0,0.793,0.885,0.0,8.856,0.0
1784040574.8574939,9047,0,2353,0,1.0,0.794,0.885,0.0,8.864,0.0
1784040574.8689857,9057,0,2353,0,1.0,0.794,0.885,0.0,8.872,0.0
1784040574.882697,9067,0,2353,0,1.0,0.794,0.885,0.0,8.879,0.0
1784040574.9047098,9077,0,2353,0,1.0,0.794,0.885,0.0,8.887,0.0
1784040574.9379244,9087,0,2353,0,1.0,0.794,0.885,0.0,8.895,0.0
1784040574.9519002,9097,0,2353,0,1.0,0.794,0.885,0.0,8.902,0.0
1784040574.9653234,9107,0,2353,0,1.0,0.795,0.886,0.0,8.91,0.0
1784040574.9863195,9117,0,2353,0,1.0,0.795,0.886,0.0,8.918,0.0
1784040574.9934702,9127,0,2353,0,1.0,0.795,0.886,0.0,8.926,0.0
1784040575.0070517,9137,0,2353,0,1.0,0.795,0.886,0.0,8.933,0.0
1784040575.0421045,9147,0,2353,0,1.0,0.795,0.886,0.0,8.941,0.0
1784040575.057893,9157,0,2353,0,1.0,0.796,0.886,0.0,8.949,0.0
1784040575.0800734,9167,0,2353,0,1.0,0.796,0.886,0.0,8.956,0.0
1784040575.1008284,9177,0,2353,0,1.0,0.796,0.886,0.0,8.964,0.0
1784040575.1286907,9187,0,2353,0,1.0,0.796,0.886,0.0,8.972,0.0
1784040575.1468828,9197,0,2353,0,1.0,0.796,0.887,0.0,8.98,0.0
1784040575.1786451,9207,0,2353,0,1.0,0.796,0.887,0.0,8.987,0.0
1784040575.2141995,9217,0,2353,0,1.0,0.797,0.887,0.0,8.995,0.0
1784040575.2459612,9227,0,2353,0,1.0,0.797,0.887,0.0,9.003,0.0
1784040575.273364,9237,0,2353,0,1.0,0.797,0.887,0.0,9.01,0.0
1784040575.30747,9247,0,2353,0,1.0,0.797,0.887,0.0,9.018,0.0
1784040575.3287528,9257,0,2353,0,1.0,0.797,0.887,0.0,9.026,0.0
1784040575.3432891,9267,0,2353,0,1.0,0.798,0.887,0.0,9.034,0.0
1784040575.379138,9277,0,2353,0,1.0,0.798,0.887,0.0,9.041,0.0
1784040575.4210255,9287,0,2353,0,1.0,0.798,0.888,0.0,9.049,0.0
1784040575.4487398,9297,0,2353,0,1.0,0.798,0.888,0.0,9.057,0.0
1784040575.4624608,9307,0,2353,0,1.0,0.798,0.888,0.0,9.065,0.0
1784040575.467176,9317,0,2353,0,1.0,0.798,0.888,0.0,9.072,0.0
1784040575.4865153,9327,0,2353,0,1.0,0.799,0.888,0.0,9.08,0.0
1784040575.501353,9337,0,2353,0,1.0,0.799,0.888,0.0,9.088,0.0
1784040575.5388618,9347,0,2353,0,1.0,0.799,0.888,0.0,9.096,0.0
1784040575.5918992,9357,0,2353,0,1.0,0.799,0.888,0.0,9.103,0.0
1784040575.6484725,9367,0,2353,0,1.0,0.799,0.888,0.0,9.111,0.0
1784040575.654501,9377,0,2353,0,1.0,0.799,0.889,0.0,9.119,0.0
1784040575.6621673,9387,0,2353,0,1.0,0.8,0.889,0.0,9.127,0.0
1784040575.7031033,9397,0,2353,0,1.0,0.8,0.889,0.0,9.135,0.0
1784040575.7431047,9407,0,2353,0,1.0,0.8,0.889,0.0,9.142,0.0
1784040575.7898562,9417,0,2353,0,1.0,0.8,0.889,0.0,9.15,0.0
1784040575.8105707,9427,0,2353,0,1.0,0.8,0.889,0.0,9.158,0.0
1784040575.826205,9437,0,2353,0,1.0,0.8,0.889,0.0,9.166,0.0
1784040575.8385835,9447,0,2353,0,1.0,0.801,0.889,0.0,9.173,0.0
1784040575.8663087,9457,0,2353,0,1.0,0.801,0.889,0.0,9.181,0.0
1784040575.891739,9467,0,2353,0,1.0,0.801,0.889,0.0,9.189,0.0
1784040575.9021723,9477,0,2353,0,1.0,0.801,0.89,0.0,9.197,0.0
1784040575.92947,9487,0,2353,0,1.0,0.801,0.89,0.0,9.205,0.0
1784040575.9566267,9497,0,2353,0,1.0,0.801,0.89,0.0,9.212,0.0
1784040575.9698968,9507,0,2353,0,1.0,0.802,0.89,0.0,9.22,0.0
1784040575.9936082,9517,0,2353,0,1.0,0.802,0.89,0.0,9.228,0.0
1784040575.9979055,9527,0,2353,0,1.0,0.802,0.89,0.0,9.236,0.0
1784040576.0363204,9537,0,2353,0,1.0,0.802,0.89,0.0,9.244,0.0
1784040576.0540037,9547,0,2353,0,1.0,0.802,0.89,0.0,9.251,0.0
1784040576.0687044,9557,0,2353,0,1.0,0.802,0.89,0.0,9.259,0.0
1784040576.0971367,9567,0,2353,0,1.0,0.803,0.89,0.0,9.267,0.0
1784040576.140446,9577,0,2353,0,1.0,0.803,0.891,0.0,9.275,0.0
1784040576.1721585,9587,0,2353,0,1.0,0.803,0.891,0.0,9.283,0.0
1784040576.20019,9597,0,2353,0,1.0,0.803,0.891,0.0,9.29,0.0
1784040576.243031,9607,0,2353,0,1.0,0.803,0.891,0.0,9.298,0.0
1784040576.2673912,9617,0,2353,0,1.0,0.803,0.891,0.0,9.306,0.0
1784040576.3124228,9627,0,2353,0,1.0,0.804,0.891,0.0,9.314,0.0
1784040576.364263,9637,0,2353,0,1.0,0.804,0.891,0.0,9.322,0.0
1784040576.3911798,9647,0,2353,0,1.0,0.804,0.891,0.0,9.33,0.0
1784040576.4058306,9657,0,2353,0,1.0,0.804,0.891,0.0,9.338,0.0
1784040576.4370902,9667,0,2353,0,1.0,0.804,0.892,0.0,9.346,0.0
1784040576.463913,9677,0,2353,0,1.0,0.804,0.892,0.0,9.354,0.0
1784040576.4876738,9687,0,2353,0,1.0,0.805,0.892,0.0,9.361,0.0
1784040576.493234,9697,0,2353,0,1.0,0.805,0.892,0.0,9.369,0.0
1784040576.536459,9707,0,2353,0,1.0,0.805,0.892,0.0,9.377,0.0
1784040576.6287591,9717,0,2353,0,1.0,0.805,0.892,0.0,9.385,0.0
1784040576.6789725,9727,0,2353,0,1.0,0.805,0.892,0.0,9.393,0.0
1784040576.7857215,9737,0,2353,0,1.0,0.805,0.892,0.0,9.401,0.0
1784040576.9059587,9747,0,2353,0,1.0,0.806,0.892,0.0,9.409,0.0
1784040577.0277624,9757,0,2353,0,1.0,0.806,0.892,0.0,9.417,0.0
1784040577.0519884,9767,0,2353,0,1.0,0.806,0.892,0.0,9.426,0.0
1784040577.1732,9777,0,2353,0,1.0,0.806,0.893,0.0,9.434,0.0
1784040577.2402828,9787,0,2353,0,1.0,0.806,0.893,0.0,9.442,0.0
1784040577.2734945,9797,0,2353,0,1.0,0.806,0.893,0.0,9.451,0.0
1784040577.3178098,9807,0,2353,0,1.0,0.806,0.893,0.0,9.459,0.0
1784040577.44666,9817,0,2353,0,1.0,0.807,0.893,0.0,9.468,0.0
1784040577.5624447,9827,0,2353,0,1.0,0.807,0.893,0.0,9.476,0.0
1784040577.6523764,9837,0,2353,0,1.0,0.807,0.893,0.0,9.485,0.0
1784040577.6816442,9847,0,2353,0,1.0,0.807,0.893,0.0,9.493,0.0
1784040577.7910163,9857,0,2353,0,1.0,0.807,0.893,0.0,9.502,0.0
1784040577.8753207,9867,0,2353,0,1.0,0.807,0.893,0.0,9.511,0.0
1784040578.0319173,9877,0,2353,0,1.0,0.808,0.894,0.0,9.519,0.0
1784040578.1112022,9887,0,2353,0,1.0,0.808,0.894,0.0,9.528,0.0
1784040578.2466762,9897,0,2353,0,1.0,0.808,0.894,0.0,9.537,0.0
1784040578.3260922,9907,0,2353,0,1.0,0.808,0.894,0.0,9.546,0.0
1784040578.3386447,9917,0,2353,0,1.0,0.808,0.894,0.0,9.555,0.0
1784040578.3882804,9927,0,2353,0,1.0,0.808,0.894,0.0,9.564,0.0
1784040578.507526,9937,0,2353,0,1.0,0.809,0.894,0.0,9.573,0.0
1784040578.5350046,9947,0,2353,0,1.0,0.809,0.894,0.0,9.582,0.0
1784040578.64041,9957,0,2353,0,1.0,0.809,0.894,0.0,9.591,0.0
1784040578.7106633,9967,0,2353,0,1.0,0.809,0.894,0.0,9.6,0.0
1784040578.7732124,9977,0,2353,0,1.0,0.809,0.895,0.0,9.609,0.0
1784040578.9232728,9987,0,2353,0,1.0,0.809,0.895,0.0,9.619,0.0
1784040579.0372603,9997,0,2353,0,1.0,0.809,0.895,0.0,9.628,0.0
1784040579.1222293,10007,0,2353,0,1.0,0.81,0.895,0.0,9.637,0.0
1784040579.2220159,10017,0,2353,0,1.0,0.81,0.895,0.0,9.647,0.0
1784040579.3984325,10027,0,2353,0,1.0,0.81,0.895,0.0,9.656,0.0
1784040579.5446935,10037,0,2353,0,1.0,0.81,0.895,0.0,9.666,0.0
1784040579.709257,10047,0,2353,0,1.0,0.81,0.895,0.0,9.676,0.0
1784040579.8431141,10057,0,2353,0,1.0,0.81,0.895,0.0,9.685,0.0
1784040579.9796185,10067,0,2353,0,1.0,0.811,0.895,0.0,9.695,0.0
1784040580.1368263,10077,0,2353,0,1.0,0.811,0.895,0.0,9.705,0.0
1784040580.3163886,10087,0,2353,0,1.0,0.811,0.896,0.0,9.715,0.0
1784040580.4595065,10097,0,2353,0,1.0,0.811,0.896,0.0,9.726,0.0
1784040580.5928547,10107,0,2353,0,1.0,0.811,0.896,0.0,9.736,0.0
1784040580.6680815,10117,0,2353,0,1.0,0.811,0.896,0.0,9.746,0.0
1784040580.7153416,10127,0,2353,0,1.0,0.811,0.896,0.0,9.757,0.0
1784040580.823522,10137,0,2353,0,1.0,0.812,0.896,0.0,9.767,0.0
1784040580.8744562,10147,0,2353,0,1.0,0.812,0.896,0.0,9.778,0.0
1784040580.9067879,10157,0,2353,0,1.0,0.812,0.896,0.0,9.788,0.0
1784040580.9194899,10167,0,2353,0,1.0,0.812,0.896,0.0,9.799,0.0
1784040580.9235268,10177,0,2353,0,1.0,0.812,0.896,0.0,9.809,0.0
1784040580.9594584,10187,0,2353,0,1.0,0.812,0.896,0.0,9.82,0.0
1784040580.9700365,10197,0,2353,0,1.0,0.813,0.897,0.0,9.83,0.0
1784040581.0020995,10207,0,2353,0,1.0,0.813,0.897,0.0,9.841,0.0
1784040581.0417075,10217,0,2353,0,1.0,0.813,0.897,0.0,9.851,0.0
1784040581.053979,10227,0,2353,0,1.0,0.813,0.897,0.0,9.862,0.0
1784040581.0811129,10237,0,2353,0,1.0,0.813,0.897,0.0,9.872,0.0
1784040581.0870233,10247,0,2353,0,1.0,0.813,0.897,0.0,9.882,0.0
1784040581.1288297,10257,0,2353,0,1.0,0.813,0.897,0.0,9.893,0.0
1784040581.1401472,10267,0,2353,0,1.0,0.814,0.897,0.0,9.903,0.0
1784040581.1574876,10277,0,2353,0,1.0,0.814,0.897,0.0,9.914,0.0
1784040581.179704,10287,0,2353,0,1.0,0.814,0.897,0.0,9.924,0.0
1784040581.1962097,10297,0,2353,0,1.0,0.814,0.897,0.0,9.935,0.0
1784040581.2234843,10307,0,2353,0,1.0,0.814,0.898,0.0,9.945,0.0
1784040581.2469227,10317,0,2353,0,1.0,0.814,0.898,0.0,9.955,0.0
1784040581.2745214,10327,0,2353,0,1.0,0.814,0.898,0.0,9.966,0.0
1784040581.28638,10337,0,2353,0,1.0,0.815,0.898,0.0,9.976,0.0
1784040581.3113418,10347,0,2353,0,1.0,0.815,0.898,0.0,9.986,0.0
1784040581.333315,10357,0,2353,0,1.0,0.815,0.898,0.0,9.997,0.0
1784040581.3530045,10367,0,2353,0,1.0,0.815,0.898,0.0,10.007,0.0
1784040581.3694897,10377,0,2353,0,1.0,0.815,0.898,0.0,10.017,0.0
1784040581.3849854,10387,0,2353,0,1.0,0.815,0.898,0.0,10.028,0.0
1784040581.4305267,10397,0,2353,0,1.0,0.815,0.898,0.0,10.038,0.0
1784040581.4659302,10407,0,2353,0,1.0,0.816,0.898,0.0,10.048,0.0
1784040581.499169,10417,0,2353,0,1.0,0.816,0.899,0.0,10.059,0.0
1784040581.5132756,10427,0,2353,0,1.0,0.816,0.899,0.0,10.069,0.0
1784040581.5286255,10437,0,2353,0,1.0,0.816,0.899,0.0,10.079,0.0
1784040581.5652182,10447,0,2353,0,1.0,0.816,0.899,0.0,10.09,0.0
1784040581.5976906,10457,0,2353,0,1.0,0.816,0.899,0.0,10.1,0.0
1784040581.627241,10467,0,2353,0,1.0,0.816,0.899,0.0,10.11,0.0
1784040581.6570182,10477,0,2353,0,1.0,0.817,0.899,0.0,10.121,0.0
1784040581.6756606,10487,0,2353,0,1.0,0.817,0.899,0.0,10.131,0.0
1784040581.6875927,10497,0,2353,0,1.0,0.817,0.899,0.0,10.141,0.0
1784040581.714007,10507,0,2353,0,1.0,0.817,0.899,0.0,10.152,0.0
1784040581.728047,10517,0,2353,0,1.0,0.817,0.899,0.0,10.162,0.0
1784040581.7476063,10527,0,2353,0,1.0,0.817,0.899,0.0,10.172,0.0
1784040581.7728417,10537,0,2353,0,1.0,0.817,0.9,0.0,10.182,0.0
1784040581.7946823,10547,0,2353,0,1.0,0.818,0.9,0.0,10.193,0.0
1784040581.81263,10557,0,2353,0,1.0,0.818,0.9,0.0,10.203,0.0
1784040581.82538,10567,0,2353,0,1.0,0.818,0.9,0.0,10.213,0.0
1784040581.8407602,10577,0,2353,0,1.0,0.818,0.9,0.0,10.223,0.0
1784040581.8833456,10587,0,2353,0,1.0,0.818,0.9,0.0,10.234,0.0
1784040581.901859,10597,0,2353,0,1.0,0.818,0.9,0.0,10.244,0.0
1784040581.921011,10607,0,2353,0,1.0,0.818,0.9,0.0,10.254,0.0
1784040581.9512534,10617,0,2353,0,1.0,0.819,0.9,0.0,10.264,0.0
1784040581.973936,10627,0,2353,0,1.0,0.819,0.9,0.0,10.275,0.0
1784040581.9891686,10637,0,2353,0,1.0,0.819,0.9,0.0,10.285,0.0
1784040582.0055075,10647,0,2353,0,1.0,0.819,0.9,0.0,10.295,0.0
1784040582.016129,10657,0,2353,0,1.0,0.819,0.901,0.0,10.305,0.0
1784040582.0513535,10667,0,2353,0,1.0,0.819,0.901,0.0,10.315,0.0
1784040582.0819793,10677,0,2353,0,1.0,0.819,0.901,0.0,10.325,0.0
1784040582.1001582,10687,0,2353,0,1.0,0.82,0.901,0.0,10.336,0.0
1784040582.126676,10697,0,2353,0,1.0,0.82,0.901,0.0,10.346,0.0
1784040582.165844,10707,0,2353,0,1.0,0.82,0.901,0.0,10.356,0.0
1784040582.17513,10717,0,2353,0,1.0,0.82,0.901,0.0,10.366,0.0
1784040582.201799,10727,0,2353,0,1.0,0.82,0.901,0.0,10.376,0.0
1784040582.214372,10737,0,2353,0,1.0,0.82,0.901,0.0,10.386,0.0
1784040582.2523193,10747,0,2353,0,1.0,0.82,0.901,0.0,10.397,0.0
1784040582.2643192,10757,0,2353,0,1.0,0.821,0.901,0.0,10.407,0.0
1784040582.287457,10767,0,2353,0,1.0,0.821,0.901,0.0,10.417,0.0
1784040582.3161345,10777,0,2353,0,1.0,0.821,0.902,0.0,10.427,0.0
1784040582.3360004,10787,0,2353,0,1.0,0.821,0.902,0.0,10.437,0.0
1784040582.3561661,10797,0,2353,0,1.0,0.821,0.902,0.0,10.447,0.0
1784040582.397472,10807,0,2353,0,1.0,0.821,0.902,0.0,10.457,0.0
1784040582.4376428,10817,0,2353,0,1.0,0.821,0.902,0.0,10.468,0.0
1784040582.4608712,10827,0,2353,0,1.0,0.821,0.902,0.0,10.478,0.0
1784040582.483649,10837,0,2353,0,1.0,0.822,0.902,0.0,10.488,0.0
1784040582.5043113,10847,0,2353,0,1.0,0.822,0.902,0.0,10.498,0.0
1784040582.5250945,10857,0,2353,0,1.0,0.822,0.902,0.0,10.508,0.0
1784040582.5625513,10867,0,2353,0,1.0,0.822,0.902,0.0,10.518,0.0
1784040582.5721438,10877,0,2353,0,1.0,0.822,0.902,0.0,10.529,0.0
1784040582.589327,10887,0,2353,0,1.0,0.822,0.902,0.0,10.539,0.0
1784040582.6153076,10897,0,2353,0,1.0,0.822,0.903,0.0,10.549,0.0
1784040582.6410625,10907,0,2353,0,1.0,0.823,0.903,0.0,10.559,0.0
1784040582.661472,10917,0,2353,0,1.0,0.823,0.903,0.0,10.569,0.0
1784040582.6696732,10927,0,2353,0,1.0,0.823,0.903,0.0,10.579,0.0
1784040582.6795938,10937,0,2353,0,1.0,0.823,0.903,0.0,10.589,0.0
1784040582.6949267,10947,0,2353,0,1.0,0.823,0.903,0.0,10.599,0.0
1784040582.7121449,10957,0,2353,0,1.0,0.823,0.903,0.0,10.609,0.0
1784040582.7450023,10967,0,2353,0,1.0,0.823,0.903,0.0,10.62,0.0
1784040582.7525973,10977,0,2353,0,1.0,0.823,0.903,0.0,10.63,0.0
1784040582.8000479,10987,0,2353,0,1.0,0.824,0.903,0.0,10.64,0.0
1784040582.8127096,10997,0,2353,0,1.0,0.824,0.903,0.0,10.65,0.0
1784040582.8274484,11007,0,2353,0,1.0,0.824,0.903,0.0,10.66,0.0
1784040582.8394418,11017,0,2353,0,1.0,0.824,0.904,0.0,10.67,0.0
1784040582.9297805,11027,0,2353,0,1.0,0.824,0.904,0.0,10.68,0.0
1784040583.0280313,11037,0,2353,0,1.0,0.824,0.904,0.0,10.69,0.0
1784040583.03229,11047,0,2353,0,1.0,0.824,0.904,0.0,10.7,0.0
1784040583.0502176,11057,0,2353,0,1.0,0.825,0.904,0.0,10.71,0.0
1784040583.136652,11067,0,2353,0,1.0,0.825,0.904,0.0,10.721,0.0
1784040583.224032,11077,0,2353,0,1.0,0.825,0.904,0.0,10.731,0.0
1784040583.2601964,11087,0,2353,0,1.0,0.825,0.904,0.0,10.739,0.0
1784040583.297428,11097,0,2353,0,1.0,0.825,0.904,0.0,10.746,0.0
1784040583.4059334,11107,0,2353,0,1.0,0.825,0.904,0.0,10.753,0.0
1784040583.4467943,11117,0,2353,0,1.0,0.825,0.904,0.0,10.761,0.0
1784040583.578746,11127,0,2353,0,1.0,0.825,0.904,0.0,10.768,0.0
1784040583.707726,11137,0,2353,0,1.0,0.826,0.904,0.0,10.775,0.0
1784040583.7194734,11147,0,2353,0,1.0,0.826,0.905,0.0,10.782,0.0
1784040583.8700001,11157,0,2353,0,1.0,0.826,0.905,0.0,10.79,0.0
1784040583.9338174,11167,0,2353,0,1.0,0.826,0.905,0.0,10.797,0.0
1784040583.997927,11177,0,2353,0,1.0,0.826,0.905,0.0,10.804,0.0
1784040584.1080148,11187,0,2353,0,1.0,0.826,0.905,0.0,10.812,0.0
1784040584.1442885,11197,0,2353,0,1.0,0.826,0.905,0.0,10.819,0.0
1784040584.209749,11207,0,2353,0,1.0,0.826,0.905,0.0,10.827,0.0
1784040584.2441418,11217,0,2353,0,1.0,0.827,0.905,0.0,10.834,0.0
1784040584.4565747,11227,0,2353,0,1.0,0.827,0.905,0.0,10.842,0.0
1784040584.5562077,11237,0,2353,0,1.0,0.827,0.905,0.0,10.849,0.0
1784040584.659301,11247,0,2353,0,1.0,0.827,0.905,0.0,10.857,0.0
1784040584.6947715,11257,0,2353,0,1.0,0.827,0.905,0.0,10.865,0.0
1784040584.779503,11267,0,2353,0,1.0,0.827,0.905,0.0,10.872,0.0
1784040584.8487613,11277,0,2353,0,1.0,0.827,0.906,0.0,10.88,0.0
1784040584.9407156,11287,0,2353,0,1.0,0.827,0.906,0.0,10.888,0.0
1784040584.9853806,11297,0,2353,0,1.0,0.828,0.906,0.0,10.896,0.0
1784040585.0720463,11307,0,2353,0,1.0,0.828,0.906,0.0,10.903,0.0
1784040585.1327298,11317,0,2353,0,1.0,0.828,0.906,0.0,10.911,0.0
1784040585.157716,11327,0,2353,0,1.0,0.828,0.906,0.0,10.919,0.0
1784040585.2264805,11337,0,2353,0,1.0,0.828,0.906,0.0,10.927,0.0
1784040585.372655,11347,0,2353,0,1.0,0.828,0.906,0.0,10.935,0.0
1784040585.4576864,11357,0,2353,0,1.0,0.828,0.906,0.0,10.943,0.0
1784040585.6160839,11367,0,2353,0,1.0,0.828,0.906,0.0,10.951,0.0
1784040585.722461,11377,0,2353,0,1.0,0.829,0.906,0.0,10.959,0.0
1784040585.8789327,11387,0,2353,0,1.0,0.829,0.906,0.0,10.967,0.0
1784040586.0019307,11397,0,2353,0,1.0,0.829,0.906,0.0,10.975,0.0
1784040586.0192869,11407,0,2353,0,1.0,0.829,0.907,0.0,10.984,0.0
1784040586.1030233,11417,0,2353,0,1.0,0.829,0.907,0.0,10.992,0.0
1784040586.1704495,11427,0,2353,0,1.0,0.829,0.907,0.0,11.0,0.0
1784040586.3237057,11437,0,2353,0,1.0,0.829,0.907,0.0,11.009,0.0
1784040586.4655643,11447,0,2353,0,1.0,0.829,0.907,0.0,11.017,0.0
1784040586.5289886,11457,0,2353,0,1.0,0.83,0.907,0.0,11.026,0.0
1784040586.5973296,11467,0,2353,0,1.0,0.83,0.907,0.0,11.034,0.0
1784040586.6925216,11477,0,2353,0,1.0,0.83,0.907,0.0,11.043,0.0
1784040586.8486052,11487,0,2353,0,1.0,0.83,0.907,0.0,11.051,0.0
1784040586.9095924,11497,0,2353,0,1.0,0.83,0.907,0.0,11.06,0.0
1784040586.9931035,11507,0,2353,0,1.0,0.83,0.907,0.0,11.069,0.0
1784040587.0195463,11517,0,2353,0,1.0,0.83,0.907,0.0,11.077,0.0
1784040587.1861668,11527,0,2353,0,1.0,0.83,0.907,0.0,11.086,0.0
1784040587.2769606,11537,0,2353,0,1.0,0.831,0.907,0.0,11.095,0.0
1784040587.3777418,11547,0,2353,0,1.0,0.831,0.908,0.0,11.104,0.0
1784040587.492152,11557,0,2353,0,1.0,0.831,0.908,0.0,11.113,0.0
1784040587.587951,11567,0,2353,0,1.0,0.831,0.908,0.0,11.122,0.0
1784040587.7181213,11577,0,2353,0,1.0,0.831,0.908,0.0,11.131,0.0
1784040587.8526776,11587,0,2353,0,1.0,0.831,0.908,0.0,11.14,0.0
1784040587.9470837,11597,0,2353,0,1.0,0.831,0.908,0.0,11.149,0.0
1784040587.9688535,11607,0,2353,0,1.0,0.831,0.908,0.0,11.159,0.0
1784040587.9922209,11617,0,2353,0,1.0,0.832,0.908,0.0,11.168,0.0
1784040588.0386066,11627,0,2353,0,1.0,0.832,0.908,0.0,11.177,0.0
1784040588.0604906,11637,0,2353,0,1.0,0.832,0.908,0.0,11.186,0.0
1784040588.0731647,11647,0,2353,0,1.0,0.832,0.908,0.0,11.195,0.0
1784040588.1019764,11657,0,2353,0,1.0,0.832,0.908,0.0,11.204,0.0
1784040588.1265142,11667,0,2353,0,1.0,0.832,0.908,0.0,11.214,0.0
1784040588.1523132,11677,0,2353,0,1.0,0.832,0.908,0.0,11.223,0.0
1784040588.1811297,11687,0,2353,0,1.0,0.832,0.909,0.0,11.232,0.0
1784040588.2156043,11697,0,2353,0,1.0,0.833,0.909,0.0,11.241,0.0
1784040588.2411454,11707,0,2353,0,1.0,0.833,0.909,0.0,11.25,0.0
1784040588.2602122,11717,0,2353,0,1.0,0.833,0.909,0.0,11.259,0.0
1784040588.2846134,11727,0,2353,0,1.0,0.833,0.909,0.0,11.268,0.0
1784040588.2965631,11737,0,2353,0,1.0,0.833,0.909,0.0,11.277,0.0
1784040588.3405006,11747,0,2353,0,1.0,0.833,0.909,0.0,11.286,0.0
1784040588.373235,11757,0,2353,0,1.0,0.833,0.909,0.0,11.295,0.0
1784040588.4140031,11767,0,2353,0,1.0,0.833,0.909,0.0,11.305,0.0
1784040588.4416387,11777,0,2353,0,1.0,0.833,0.909,0.0,11.314,0.0
1784040588.4571493,11787,0,2353,0,1.0,0.834,0.909,0.0,11.323,0.0
1784040588.489474,11797,0,2353,0,1.0,0.834,0.909,0.0,11.332,0.0
1784040588.5193598,11807,0,2353,0,1.0,0.834,0.909,0.0,11.341,0.0
1784040588.5612838,11817,0,2353,0,1.0,0.834,0.909,0.0,11.35,0.0
1784040588.6341968,11827,0,2353,0,1.0,0.834,0.91,0.0,11.359,0.0
1784040588.668466,11837,0,2353,0,1.0,0.834,0.91,0.0,11.368,0.0
1784040588.7076945,11847,0,2353,0,1.0,0.834,0.91,0.0,11.377,0.0
1784040588.7312098,11857,0,2353,0,1.0,0.834,0.91,0.0,11.386,0.0
1784040588.7426627,11867,0,2353,0,1.0,0.835,0.91,0.0,11.395,0.0
1784040588.7624295,11877,0,2353,0,1.0,0.835,0.91,0.0,11.405,0.0
1784040588.7884932,11887,0,2353,0,1.0,0.835,0.91,0.0,11.414,0.0
1784040588.8125815,11897,0,2353,0,1.0,0.835,0.91,0.0,11.423,0.0
1784040588.8787541,11907,0,2353,0,1.0,0.835,0.91,0.0,11.432,0.0
1784040588.920574,11917,0,2353,0,1.0,0.835,0.91,0.0,11.441,0.0
1784040588.9553287,11927,0,2353,0,1.0,0.835,0.91,0.0,11.45,0.0
1784040588.985307,11937,0,2353,0,1.0,0.835,0.91,0.0,11.459,0.0
1784040589.017711,11947,0,2353,0,1.0,0.835,0.91,0.0,11.468,0.0
1784040589.0451066,11957,0,2353,0,1.0,0.836,0.91,0.0,11.477,0.0
1784040589.059552,11967,0,2353,0,1.0,0.836,0.91,0.0,11.486,0.0
1784040589.0731177,11977,0,2353,0,1.0,0.836,0.911,0.0,11.495,0.0
1784040589.0996885,11987,0,2353,0,1.0,0.836,0.911,0.0,11.504,0.0
1784040589.1185257,11997,0,2353,0,1.0,0.836,0.911,0.0,11.513,0.0
1784040589.1414835,12007,0,2353,0,1.0,0.836,0.911,0.0,11.522,0.0
1784040589.1542606,12017,0,2353,0,1.0,0.836,0.911,0.0,11.531,0.0
1784040589.1898403,12027,0,2353,0,1.0,0.836,0.911,0.0,11.54,0.0
1784040589.2188847,12037,0,2353,0,1.0,0.836,0.911,0.0,11.549,0.0
1784040589.2475007,12047,0,2353,0,1.0,0.837,0.911,0.0,11.558,0.0
1784040589.2811944,12057,0,2353,0,1.0,0.837,0.911,0.0,11.567,0.0
1784040589.300681,12067,0,2353,0,1.0,0.837,0.911,0.0,11.576,0.0
1784040589.3172143,12077,0,2353,0,1.0,0.837,0.911,0.0,11.585,0.0
1784040589.3591318,12087,0,2353,0,1.0,0.837,0.911,0.0,11.594,0.0
1784040589.3701253,12097,0,2353,0,1.0,0.837,0.911,0.0,11.603,0.0
1784040589.3904521,12107,0,2353,0,1.0,0.837,0.911,0.0,11.612,0.0
1784040589.412984,12117,0,2353,0,1.0,0.837,0.911,0.0,11.621,0.0
1784040589.4970832,12127,0,2353,0,1.0,0.838,0.912,0.0,11.63,0.0
1784040589.5619473,12137,0,2353,0,1.0,0.838,0.912,0.0,11.639,0.0
1784040589.6000543,12147,0,2353,0,1.0,0.838,0.912,0.0,11.648,0.0
1784040589.6271334,12157,0,2353,0,1.0,0.838,0.912,0.0,11.657,0.0
1784040589.6752083,12167,0,2353,0,1.0,0.838,0.912,0.0,11.666,0.0
1784040589.7082055,12177,0,2353,0,1.0,0.838,0.912,0.0,11.675,0.0
1784040589.7302635,12187,0,2353,0,1.0,0.838,0.912,0.0,11.683,0.0
1784040589.769877,12197,0,2353,0,1.0,0.838,0.912,0.0,11.689,0.0
1784040589.795118,12207,0,2353,0,1.0,0.838,0.912,0.0,11.696,0.0
1784040589.8157635,12217,0,2353,0,1.0,0.839,0.912,0.0,11.703,0.0
1784040589.837765,12227,0,2353,0,1.0,0.839,0.912,0.0,11.709,0.0
1784040589.8871524,12237,0,2353,0,1.0,0.839,0.912,0.0,11.716,0.0
1784040589.9182441,12247,0,2353,0,1.0,0.839,0.912,0.0,11.722,0.0
1784040589.981848,12257,0,2353,0,1.0,0.839,0.912,0.0,11.729,0.0
1784040590.0388367,12267,0,2353,0,1.0,0.839,0.912,0.0,11.735,0.0
1784040590.1165483,12277,0,2353,0,1.0,0.839,0.913,0.0,11.742,0.0
1784040590.162549,12287,0,2353,0,1.0,0.839,0.913,0.0,11.749,0.0
1784040590.2169385,12297,0,2353,0,1.0,0.839,0.913,0.0,11.755,0.0
1784040590.2782688,12307,0,2353,0,1.0,0.839,0.913,0.0,11.762,0.0
1784040590.3935173,12317,0,2353,0,1.0,0.84,0.913,0.0,11.769,0.0
1784040590.4882996,12327,0,2353,0,1.0,0.84,0.913,0.0,11.776,0.0
1784040590.591385,12337,0,2353,0,1.0,0.84,0.913,0.0,11.782,0.0
1784040590.7489827,12347,0,2353,0,1.0,0.84,0.913,0.0,11.789,0.0
1784040590.860272,12357,0,2353,0,1.0,0.84,0.913,0.0,11.796,0.0
1784040590.9353905,12367,0,2353,0,1.0,0.84,0.913,0.0,11.803,0.0
1784040590.9956527,12377,0,2353,0,1.0,0.84,0.913,0.0,11.81,0.0
1784040591.1375704,12387,0,2353,0,1.0,0.84,0.913,0.0,11.817,0.0
1784040591.2211726,12397,0,2353,0,1.0,0.84,0.913,0.0,11.825,0.0
1784040591.340707,12407,0,2353,0,1.0,0.841,0.913,0.0,11.832,0.0
1784040591.5004406,12417,0,2353,0,1.0,0.841,0.913,0.0,11.839,0.0
1784040591.62362,12427,0,2353,0,1.0,0.841,0.914,0.0,11.847,0.0
1784040591.7981956,12437,0,2353,0,1.0,0.841,0.914,0.0,11.854,0.0
1784040591.953895,12447,0,2353,0,1.0,0.841,0.914,0.0,11.862,0.0
1784040592.105616,12457,0,2353,0,1.0,0.841,0.914,0.0,11.869,0.0
1784040592.2187326,12467,0,2353,0,1.0,0.841,0.914,0.0,11.877,0.0
1784040592.3412602,12477,0,2353,0,1.0,0.841,0.914,0.0,11.885,0.0
1784040592.4269066,12487,0,2353,0,1.0,0.841,0.914,0.0,11.893,0.0
1784040592.5800712,12497,0,2353,0,1.0,0.842,0.914,0.0,11.9,0.0
1784040592.699951,12507,0,2353,0,1.0,0.842,0.914,0.0,11.908,0.0
1784040592.7989883,12517,0,2353,0,1.0,0.842,0.914,0.0,11.916,0.0
1784040592.9045656,12527,0,2353,0,1.0,0.842,0.914,0.0,11.925,0.0
1784040593.0440927,12537,0,2353,0,1.0,0.842,0.914,0.0,11.933,0.0
1784040593.1837702,12547,0,2353,0,1.0,0.842,0.914,0.0,11.941,0.0
1784040593.384103,12557,0,2353,0,1.0,0.842,0.914,0.0,11.949,0.0
1784040593.5765166,12567,0,2353,0,1.0,0.842,0.914,0.0,11.958,0.0
1784040593.632673,12577,0,2353,0,1.0,0.842,0.914,0.0,11.966,0.0
1784040593.7560422,12587,0,2353,0,1.0,0.843,0.915,0.0,11.975,0.0
1784040593.887009,12597,0,2353,0,1.0,0.843,0.915,0.0,11.983,0.0
1784040593.9053655,12607,0,2353,0,1.0,0.843,0.915,0.0,11.992,0.0
1784040593.9489353,12617,0,2353,0,1.0,0.843,0.915,0.0,12.001,0.0
1784040593.9657905,12627,0,2353,0,1.0,0.843,0.915,0.0,12.009,0.0
1784040593.9841423,12637,0,2353,0,1.0,0.843,0.915,0.0,12.018,0.0
1784040594.0054233,12647,0,2353,0,1.0,0.843,0.915,0.0,12.026,0.0
1784040594.0308247,12657,0,2353,0,1.0,0.843,0.915,0.0,12.035,0.0
1784040594.0772774,12667,0,2353,0,1.0,0.843,0.915,0.0,12.044,0.0
1784040594.083024,12677,0,2353,0,1.0,0.843,0.915,0.0,12.052,0.0
1784040594.1010535,12687,0,2353,0,1.0,0.844,0.915,0.0,12.061,0.0
1784040594.1226938,12697,0,2353,0,1.0,0.844,0.915,0.0,12.07,0.0
1784040594.1716313,12707,0,2353,0,1.0,0.844,0.915,0.0,12.078,0.0
1784040594.2066996,12717,0,2353,0,1.0,0.844,0.915,0.0,12.087,0.0
1784040594.2500117,12727,0,2353,0,1.0,0.844,0.915,0.0,12.095,0.0
1784040594.3144581,12737,0,2353,0,1.0,0.844,0.915,0.0,12.104,0.0
1784040594.351314,12747,0,2353,0,1.0,0.844,0.916,0.0,12.113,0.0
1784040594.370216,12757,0,2353,0,1.0,0.844,0.916,0.0,12.121,0.0
1784040594.4202793,12767,0,2353,0,1.0,0.844,0.916,0.0,12.13,0.0
1784040594.4357386,12777,0,2353,0,1.0,0.844,0.916,0.0,12.139,0.0
1784040594.4555619,12787,0,2353,0,1.0,0.845,0.916,0.0,12.147,0.0
1784040594.4818356,12797,0,2353,0,1.0,0.845,0.916,0.0,12.156,0.0
1784040594.5000062,12807,0,2353,0,1.0,0.845,0.916,0.0,12.165,0.0
1784040594.5283034,12817,0,2353,0,1.0,0.845,0.916,0.0,12.173,0.0
1784040594.5490334,12827,0,2353,0,1.0,0.845,0.916,0.0,12.182,0.0
1784040594.5729086,12837,0,2353,0,1.0,0.845,0.916,0.0,12.191,0.0
1784040594.6281874,12847,0,2353,0,1.0,0.845,0.916,0.0,12.199,0.0
1784040594.661318,12857,0,2353,0,1.0,0.845,0.916,0.0,12.208,0.0
1784040594.6873865,12867,0,2353,0,1.0,0.845,0.916,0.0,12.217,0.0
1784040594.7176557,12877,0,2353,0,1.0,0.846,0.916,0.0,12.225,0.0
1784040594.7474334,12887,0,2353,0,1.0,0.846,0.916,0.0,12.234,0.0
1784040594.7625632,12897,0,2353,0,1.0,0.846,0.916,0.0,12.243,0.0
1784040594.7710717,12907,0,2353,0,1.0,0.846,0.916,0.0,12.251,0.0
1784040594.8141208,12917,0,2353,0,1.0,0.846,0.917,0.0,12.26,0.0
1784040594.848684,12927,0,2353,0,1.0,0.846,0.917,0.0,12.269,0.0
1784040594.8737748,12937,0,2353,0,1.0,0.846,0.917,0.0,12.277,0.0
1784040594.8893507,12947,0,2353,0,1.0,0.846,0.917,0.0,12.286,0.0
1784040594.898766,12957,0,2353,0,1.0,0.846,0.917,0.0,12.295,0.0
1784040594.918208,12967,0,2353,0,1.0,0.846,0.917,0.0,12.303,0.0
1784040594.9649863,12977,0,2353,0,1.0,0.847,0.917,0.0,12.312,0.0
1784040594.9879413,12987,0,2353,0,1.0,0.847,0.917,0.0,12.321,0.0
1784040595.0128746,12997,0,2353,0,1.0,0.847,0.917,0.0,12.33,0.0
1784040595.0346322,13007,0,2353,0,1.0,0.847,0.917,0.0,12.338,0.0
1784040595.0644023,13017,0,2353,0,1.0,0.847,0.917,0.0,12.347,0.0
1784040595.095023,13027,0,2353,0,1.0,0.847,0.917,0.0,12.356,0.0
1784040595.1197855,13037,0,2353,0,1.0,0.847,0.917,0.0,12.364,0.0
1784040595.1341767,13047,0,2353,0,1.0,0.847,0.917,0.0,12.373,0.0
1784040595.148109,13057,0,2353,0,1.0,0.847,0.917,0.0,12.382,0.0
1784040595.1864007,13067,0,2353,0,1.0,0.847,0.917,0.0,12.39,0.0
1784040595.2088907,13077,0,2353,0,1.0,0.848,0.917,0.0,12.399,0.0
1784040595.2376313,13087,0,2353,0,1.0,0.848,0.918,0.0,12.408,0.0
1784040595.2620995,13097,0,2353,0,1.0,0.848,0.918,0.0,12.416,0.0
1784040595.304819,13107,0,2353,0,1.0,0.848,0.918,0.0,12.425,0.0
1784040595.3255858,13117,0,2353,0,1.0,0.848,0.918,0.0,12.434,0.0
1784040595.3506517,13127,0,2353,0,1.0,0.848,0.918,0.0,12.443,0.0
1784040595.380232,13137,0,2353,0,1.0,0.848,0.918,0.0,12.451,0.0
1784040595.4081047,13147,0,2353,0,1.0,0.848,0.918,0.0,12.46,0.0
1784040595.4271345,13157,0,2353,0,1.0,0.848,0.918,0.0,12.469,0.0
1784040595.4352248,13167,0,2353,0,1.0,0.848,0.918,0.0,12.477,0.0
1784040595.4573762,13177,0,2353,0,1.0,0.848,0.918,0.0,12.486,0.0
1784040595.4976726,13187,0,2353,0,1.0,0.849,0.918,0.0,12.495,0.0
1784040595.5330992,13197,0,2353,0,1.0,0.849,0.918,0.0,12.504,0.0
1784040595.5576494,13207,0,2353,0,1.0,0.849,0.918,0.0,12.512,0.0
1784040595.594469,13217,0,2353,0,1.0,0.849,0.918,0.0,12.521,0.0
1784040595.639401,13227,0,2353,0,1.0,0.849,0.918,0.0,12.53,0.0
1784040595.6853988,13237,0,2353,0,1.0,0.849,0.918,0.0,12.539,0.0
1784040595.7744658,13247,0,2353,0,1.0,0.849,0.918,0.0,12.547,0.0
1784040595.8189144,13257,0,2353,0,1.0,0.849,0.918,0.0,12.556,0.0
1784040595.8519402,13267,0,2353,0,1.0,0.849,0.919,0.0,12.565,0.0
1784040595.934876,13277,0,2353,0,1.0,0.849,0.919,0.0,12.574,0.0
1784040596.032046,13287,0,2353,0,1.0,0.85,0.919,0.0,12.583,0.0
1784040596.0656703,13297,0,2353,0,1.0,0.85,0.919,0.0,12.592,0.0
1784040596.1030722,13307,0,2353,0,1.0,0.85,0.919,0.0,12.601,0.0
1784040596.2438354,13317,0,2353,0,1.0,0.85,0.919,0.0,12.61,0.0
1784040596.3886793,13327,0,2353,0,1.0,0.85,0.919,0.0,12.619,0.0
1784040596.4666915,13337,0,2353,0,1.0,0.85,0.919,0.0,12.628,0.0
1784040596.6713707,13347,0,2353,0,1.0,0.85,0.919,0.0,12.637,0.0
1784040596.783307,13357,0,2353,0,1.0,0.85,0.919,0.0,12.646,0.0
1784040596.84874,13367,0,2353,0,1.0,0.85,0.919,0.0,12.655,0.0
1784040596.8772209,13377,0,2353,0,1.0,0.85,0.919,0.0,12.665,0.0
1784040596.968371,13387,0,2353,0,1.0,0.851,0.919,0.0,12.674,0.0
1784040597.008056,13397,0,2353,0,1.0,0.851,0.919,0.0,12.683,0.0
1784040597.1481009,13407,0,2353,0,1.0,0.851,0.919,0.0,12.693,0.0
1784040597.23698,13417,0,2353,0,1.0,0.851,0.919,0.0,12.702,0.0
1784040597.3391104,13427,0,2353,0,1.0,0.851,0.919,0.0,12.712,0.0
1784040597.468651,13437,0,2353,0,1.0,0.851,0.919,0.0,12.721,0.0
1784040597.6431866,13447,0,2353,0,1.0,0.851,0.92,0.0,12.731,0.0
1784040597.7183025,13457,0,2353,0,1.0,0.851,0.92,0.0,12.741,0.0
1784040597.7243507,13467,0,2353,0,1.0,0.851,0.92,0.0,12.75,0.0
1784040597.8315587,13477,0,2353,0,1.0,0.851,0.92,0.0,12.76,0.0
1784040597.8948317,13487,0,2353,0,1.0,0.851,0.92,0.0,12.77,0.0
1784040597.9523091,13497,0,2353,0,1.0,0.852,0.92,0.0,12.78,0.0
1784040598.0587652,13507,0,2353,0,1.0,0.852,0.92,0.0,12.79,0.0
1784040598.167069,13517,0,2353,0,1.0,0.852,0.92,0.0,12.799,0.0
1784040598.2999864,13527,0,2353,0,1.0,0.852,0.92,0.0,12.809,0.0
1784040598.4253166,13537,0,2353,0,1.0,0.852,0.92,0.0,12.819,0.0
1784040598.574243,13547,0,2353,0,1.0,0.852,0.92,0.0,12.829,0.0
1784040598.6644144,13557,0,2353,0,1.0,0.852,0.92,0.0,12.84,0.0
1784040598.7677634,13567,0,2353,0,1.0,0.852,0.92,0.0,12.85,0.0
1784040598.9032376,13577,0,2353,0,1.0,0.852,0.92,0.0,12.86,0.0
1784040599.0652544,13587,0,2353,0,1.0,0.852,0.92,0.0,12.87,0.0
1784040599.1811717,13597,0,2353,0,1.0,0.852,0.92,0.0,12.881,0.0
1784040599.3526056,13607,0,2353,0,1.0,0.853,0.92,0.0,12.891,0.0
1784040599.4883993,13617,0,2353,0,1.0,0.853,0.92,0.0,12.902,0.0
1784040599.6043808,13627,0,2353,0,1.0,0.853,0.921,0.0,12.912,0.0
1784040599.7674813,13637,0,2353,0,1.0,0.853,0.921,0.0,12.923,0.0
1784040599.9286811,13647,0,2353,0,1.0,0.853,0.921,0.0,12.934,0.0
1784040600.096312,13657,0,2353,0,1.0,0.853,0.921,0.0,12.945,0.0
1784040600.2155533,13667,0,2353,0,1.0,0.853,0.921,0.0,12.956,0.0
1784040600.3637304,13677,0,2353,0,1.0,0.853,0.921,0.0,12.967,0.0
1784040600.5148215,13687,0,2353,0,1.0,0.853,0.921,0.0,12.978,0.0
1784040600.5574758,13697,0,2353,0,1.0,0.853,0.921,0.0,12.989,0.0
1784040600.5796545,13707,0,2353,0,1.0,0.853,0.921,0.0,13.0,0.0
1784040600.6113458,13717,0,2353,0,1.0,0.854,0.921,0.0,13.011,0.0
1784040600.6312225,13727,0,2353,0,1.0,0.854,0.921,0.0,13.022,0.0
1784040600.6598186,13737,0,2353,0,1.0,0.854,0.921,0.0,13.033,0.0
1784040600.6768365,13747,0,2353,0,1.0,0.854,0.921,0.0,13.045,0.0
1784040600.7036633,13757,0,2353,0,1.0,0.854,0.921,0.0,13.056,0.0
1784040600.72799,13767,0,2353,0,1.0,0.854,0.921,0.0,13.067,0.0
1784040600.761709,13777,0,2353,0,1.0,0.854,0.921,0.0,13.078,0.0
1784040600.7854874,13787,0,2353,0,1.0,0.854,0.921,0.0,13.089,0.0
1784040600.8153853,13797,0,2353,0,1.0,0.854,0.921,0.0,13.1,0.0
1784040600.856769,13807,0,2353,0,1.0,0.854,0.921,0.0,13.111,0.0
1784040600.9098282,13817,0,2353,0,1.0,0.854,0.922,0.0,13.122,0.0
1784040600.944579,13827,0,2353,0,1.0,0.855,0.922,0.0,13.133,0.0
1784040600.9648128,13837,0,2353,0,1.0,0.855,0.922,0.0,13.145,0.0
1784040600.9993136,13847,0,2353,0,1.0,0.855,0.922,0.0,13.156,0.0
1784040601.0113332,13857,0,2353,0,1.0,0.855,0.922,0.0,13.167,0.0
1784040601.0308118,13867,0,2353,0,1.0,0.855,0.922,0.0,13.178,0.0
1784040601.0706487,13877,0,2353,0,1.0,0.855,0.922,0.0,13.189,0.0
1784040601.0924096,13887,0,2353,0,1.0,0.855,0.922,0.0,13.2,0.0
1784040601.1295247,13897,0,2353,0,1.0,0.855,0.922,0.0,13.211,0.0
1784040601.1854463,13907,0,2353,0,1.0,0.855,0.922,0.0,13.223,0.0
1784040601.2083333,13917,0,2353,0,1.0,0.855,0.922,0.0,13.234,0.0
1784040601.234986,13927,0,2353,0,1.0,0.855,0.922,0.0,13.245,0.0
1784040601.2565377,13937,0,2353,0,1.0,0.856,0.922,0.0,13.256,0.0
1784040601.266529,13947,0,2353,0,1.0,0.856,0.922,0.0,13.267,0.0
1784040601.29124,13957,0,2353,0,1.0,0.856,0.922,0.0,13.278,0.0
1784040601.3082364,13967,0,2353,0,1.0,0.856,0.922,0.0,13.289,0.0
1784040601.3414612,13977,0,2353,0,1.0,0.856,0.922,0.0,13.301,0.0
1784040601.3599944,13987,0,2353,0,1.0,0.856,0.922,0.0,13.312,0.0
1784040601.3831134,13997,0,2353,0,1.0,0.856,0.922,0.0,13.323,0.0
1784040601.411616,14007,0,2353,0,1.0,0.856,0.923,0.0,13.334,0.0
1784040601.4321504,14017,0,2353,0,1.0,0.856,0.923,0.0,13.345,0.0
1784040601.456979,14027,0,2353,0,1.0,0.856,0.923,0.0,13.356,0.0
1784040601.4967048,14037,0,2353,0,1.0,0.856,0.923,0.0,13.367,0.0
1784040601.5305245,14047,0,2353,0,1.0,0.857,0.923,0.0,13.378,0.0
1784040601.5543296,14057,0,2353,0,1.0,0.857,0.923,0.0,13.39,0.0
1784040601.584638,14067,0,2353,0,1.0,0.857,0.923,0.0,13.401,0.0
1784040601.6296527,14077,0,2353,0,1.0,0.857,0.923,0.0,13.412,0.0
1784040601.6472552,14087,0,2353,0,1.0,0.857,0.923,0.0,13.423,0.0
1784040601.6688948,14097,0,2353,0,1.0,0.857,0.923,0.0,13.434,0.0
1784040601.6929557,14107,0,2353,0,1.0,0.857,0.923,0.0,13.445,0.0
1784040601.7209053,14117,0,2353,0,1.0,0.857,0.923,0.0,13.456,0.0
1784040601.7781777,14127,0,2353,0,1.0,0.857,0.923,0.0,13.467,0.0
1784040601.8052354,14137,0,2353,0,1.0,0.857,0.923,0.0,13.479,0.0
1784040601.8730578,14147,0,2353,0,1.0,0.857,0.923,0.0,13.49,0.0
1784040601.9011593,14157,0,2353,0,1.0,0.857,0.923,0.0,13.501,0.0
1784040601.9421034,14167,0,2353,0,1.0,0.858,0.923,0.0,13.512,0.0
1784040601.9597206,14177,0,2353,0,1.0,0.858,0.923,0.0,13.523,0.0
1784040601.9820766,14187,0,2353,0,1.0,0.858,0.923,0.0,13.534,0.0
1784040602.0065627,14197,0,2353,0,1.0,0.858,0.923,0.0,13.546,0.0
1784040602.0320916,14207,0,2353,0,1.0,0.858,0.924,0.0,13.557,0.0
1784040602.0525844,14217,0,2353,0,1.0,0.858,0.924,0.0,13.568,0.0
1784040602.0621397,14227,0,2353,0,1.0,0.858,0.924,0.0,13.579,0.0
1784040602.0809689,14237,0,2353,0,1.0,0.858,0.924,0.0,13.59,0.0
1784040602.1175687,14247,0,2353,0,1.0,0.858,0.924,0.0,13.601,0.0
1784040602.1558986,14257,0,2353,0,1.0,0.858,0.924,0.0,13.612,0.0
1784040602.1691167,14267,0,2353,0,1.0,0.858,0.924,0.0,13.623,0.0
1784040602.216072,14277,0,2353,0,1.0,0.859,0.924,0.0,13.634,0.0
1784040602.2450364,14287,0,2353,0,1.0,0.859,0.924,0.0,13.646,0.0
1784040602.279666,14297,0,2353,0,1.0,0.859,0.924,0.0,13.657,0.0
1784040602.3077414,14307,0,2353,0,1.0,0.859,0.924,0.0,13.668,0.0
1784040602.3497233,14317,0,2353,0,1.0,0.859,0.924,0.0,13.679,0.0
1784040602.3811054,14327,0,2353,0,1.0,0.859,0.924,0.0,13.69,0.0
1784040602.4036267,14337,0,2353,0,1.0,0.859,0.924,0.0,13.701,0.0
1784040602.417041,14347,0,2353,0,1.0,0.859,0.924,0.0,13.712,0.0
1784040602.443069,14357,0,2353,0,1.0,0.859,0.924,0.0,13.723,0.0
1784040602.4856722,14367,0,2353,0,1.0,0.859,0.924,0.0,13.734,0.0
1784040602.5989933,14377,0,2353,0,1.0,0.859,0.924,0.0,13.745,0.0
1784040602.7416167,14387,0,2353,0,1.0,0.859,0.924,0.0,13.757,0.0
1784040602.8469553,14397,0,2353,0,1.0,0.86,0.924,0.0,13.768,0.0
1784040602.9575832,14407,0,2353,0,1.0,0.86,0.925,0.0,13.779,0.0
1784040603.0510898,14417,0,2353,0,1.0,0.86,0.925,0.0,13.79,0.0
1784040603.1630352,14427,0,2353,0,1.0,0.86,0.925,0.0,13.802,0.0
1784040603.300609,14437,0,2353,0,1.0,0.86,0.925,0.0,13.813,0.0
1784040603.3380034,14447,0,2353,0,1.0,0.86,0.925,0.0,13.824,0.0
1784040603.3951108,14457,0,2353,0,1.0,0.86,0.925,0.0,13.836,0.0
1784040603.4260485,14467,0,2353,0,1.0,0.86,0.925,0.0,13.847,0.0
1784040603.506949,14477,0,2353,0,1.0,0.86,0.925,0.0,13.859,0.0
1784040603.5909407,14487,0,2353,0,1.0,0.86,0.925,0.0,13.87,0.0
1784040603.7531166,14497,0,2353,0,1.0,0.86,0.925,0.0,13.882,0.0
1784040603.9193115,14507,0,2353,0,1.0,0.86,0.925,0.0,13.894,0.0
1784040604.0195966,14517,0,2353,0,1.0,0.861,0.925,0.0,13.905,0.0
1784040604.0543964,14527,0,2353,0,1.0,0.861,0.925,0.0,13.917,0.0
1784040604.1266558,14537,0,2353,0,1.0,0.861,0.925,0.0,13.929,0.0
1784040604.175184,14547,0,2353,0,1.0,0.861,0.925,0.0,13.94,0.0
1784040604.2508774,14557,0,2353,0,1.0,0.861,0.925,0.0,13.952,0.0
1784040604.2968519,14567,0,2353,0,1.0,0.861,0.925,0.0,13.964,0.0
1784040604.303912,14577,0,2353,0,1.0,0.861,0.925,0.0,13.976,0.0
1784040604.4178162,14587,0,2353,0,1.0,0.861,0.925,0.0,13.987,0.0
1784040604.564614,14597,0,2353,0,1.0,0.861,0.925,0.0,13.999,0.0
1784040604.6608653,14607,0,2353,0,1.0,0.861,0.925,0.0,14.011,0.0
1784040604.7871432,14617,0,2353,0,1.0,0.861,0.926,0.0,14.023,0.0
1784040604.8611324,14627,0,2353,0,1.0,0.861,0.926,0.0,14.032,0.0
1784040604.9887555,14637,0,2353,0,1.0,0.862,0.926,0.0,14.042,0.0
1784040605.1722085,14647,0,2353,0,1.0,0.862,0.926,0.0,14.052,0.0
1784040605.333307,14657,0,2353,0,1.0,0.862,0.926,0.0,14.061,0.0
1784040605.5086865,14667,0,2353,0,1.0,0.862,0.926,0.0,14.071,0.0
1784040605.7087245,14677,0,2353,0,1.0,0.862,0.926,0.0,14.081,0.0
1784040605.796758,14687,0,2353,0,1.0,0.862,0.926,0.0,14.091,0.0
1784040606.020528,14697,0,2353,0,1.0,0.862,0.926,0.0,14.101,0.0
1784040606.098723,14707,0,2353,0,1.0,0.862,0.926,0.0,14.112,0.0
1784040606.2899964,14717,0,2353,0,1.0,0.862,0.926,0.0,14.122,0.0
1784040606.452016,14727,0,2353,0,1.0,0.862,0.926,0.0,14.132,0.0
1784040606.6187897,14737,0,2353,0,1.0,0.862,0.926,0.0,14.143,0.0
1784040606.7698858,14747,0,2353,0,1.0,0.862,0.926,0.0,14.153,0.0
1784040606.9200313,14757,0,2353,0,1.0,0.862,0.926,0.0,14.164,0.0
1784040607.018139,14767,0,2353,0,1.0,0.863,0.926,0.0,14.174,0.0
1784040607.1101336,14777,0,2353,0,1.0,0.863,0.926,0.0,14.185,0.0
1784040607.143904,14787,0,2353,0,1.0,0.863,0.926,0.0,14.196,0.0
1784040607.1733906,14797,0,2353,0,1.0,0.863,0.926,0.0,14.206,0.0
1784040607.1904943,14807,0,2353,0,1.0,0.863,0.926,0.0,14.217,0.0
1784040607.2296748,14817,0,2353,0,1.0,0.863,0.926,0.0,14.228,0.0
1784040607.286368,14827,0,2353,0,1.0,0.863,0.926,0.0,14.239,0.0
1784040607.3049188,14837,0,2353,0,1.0,0.863,0.927,0.0,14.249,0.0
1784040607.36029,14847,0,2353,0,1.0,0.863,0.927,0.0,14.26,0.0
1784040607.3853073,14857,0,2353,0,1.0,0.863,0.927,0.0,14.271,0.0
1784040607.427454,14867,0,2353,0,1.0,0.863,0.927,0.0,14.281,0.0
1784040607.445977,14877,0,2353,0,1.0,0.863,0.927,0.0,14.292,0.0
1784040607.4956715,14887,0,2353,0,1.0,0.864,0.927,0.0,14.303,0.0
1784040607.530208,14897,0,2353,0,1.0,0.864,0.927,0.0,14.314,0.0
1784040607.5691686,14907,0,2353,0,1.0,0.864,0.927,0.0,14.324,0.0
1784040607.6174395,14917,0,2353,0,1.0,0.864,0.927,0.0,14.335,0.0
1784040607.6457236,14927,0,2353,0,1.0,0.864,0.927,0.0,14.346,0.0
1784040607.6650941,14937,0,2353,0,1.0,0.864,0.927,0.0,14.357,0.0
1784040607.688205,14947,0,2353,0,1.0,0.864,0.927,0.0,14.367,0.0
1784040607.6953588,14957,0,2353,0,1.0,0.864,0.927,0.0,14.378,0.0
1784040607.7279165,14967,0,2353,0,1.0,0.864,0.927,0.0,14.389,0.0
1784040607.7779691,14977,0,2353,0,1.0,0.864,0.927,0.0,14.4,0.0
1784040607.8096082,14987,0,2353,0,1.0,0.864,0.927,0.0,14.41,0.0
1784040607.8331313,14997,0,2353,0,1.0,0.864,0.927,0.0,14.421,0.0
1784040607.8628855,15007,0,2353,0,1.0,0.864,0.927,0.0,14.432,0.0
1784040607.9059079,15017,0,2353,0,1.0,0.865,0.927,0.0,14.443,0.0
1784040607.9260337,15027,0,2353,0,1.0,0.865,0.927,0.0,14.454,0.0
1784040607.950783,15037,0,2353,0,1.0,0.865,0.927,0.0,14.464,0.0
1784040607.9857962,15047,0,2353,0,1.0,0.865,0.927,0.0,14.475,0.0
1784040608.0532463,15057,0,2353,0,1.0,0.865,0.928,0.0,14.486,0.0
1784040608.089033,15067,0,2353,0,1.0,0.865,0.928,0.0,14.497,0.0
1784040608.14261,15077,0,2353,0,1.0,0.865,0.928,0.0,14.508,0.0
1784040608.1922808,15087,0,2353,0,1.0,0.865,0.928,0.0,14.518,0.0
1784040608.2109087,15097,0,2353,0,1.0,0.865,0.928,0.0,14.529,0.0
1784040608.2470667,15107,0,2353,0,1.0,0.865,0.928,0.0,14.54,0.0
1784040608.2840478,15117,0,2353,0,1.0,0.865,0.928,0.0,14.551,0.0
1784040608.3740191,15127,0,2353,0,1.0,0.865,0.928,0.0,14.562,0.0
1784040608.4490187,15137,0,2353,0,1.0,0.865,0.928,0.0,14.573,0.0
1784040608.4683144,15147,0,2353,0,1.0,0.866,0.928,0.0,14.584,0.0
1784040608.5038984,15157,0,2353,0,1.0,0.866,0.928,0.0,14.595,0.0
1784040608.527112,15167,0,2353,0,1.0,0.866,0.928,0.0,14.605,0.0
1784040608.5566287,15177,0,2353,0,1.0,0.866,0.928,0.0,14.616,0.0
1784040608.5947585,15187,0,2353,0,1.0,0.866,0.928,0.0,14.627,0.0
1784040608.631084,15197,0,2353,0,1.0,0.866,0.928,0.0,14.638,0.0
1784040608.6744542,15207,0,2353,0,1.0,0.866,0.928,0.0,14.649,0.0
1784040608.6918004,15217,0,2353,0,1.0,0.866,0.928,0.0,14.66,0.0
1784040608.7054164,15227,0,2353,0,1.0,0.866,0.928,0.0,14.671,0.0
1784040608.7155783,15237,0,2353,0,1.0,0.866,0.928,0.0,14.682,0.0
1784040608.7330446,15247,0,2353,0,1.0,0.866,0.928,0.0,14.693,0.0
1784040608.756989,15257,0,2353,0,1.0,0.866,0.928,0.0,14.704,0.0
1784040608.7801046,15267,0,2353,0,1.0,0.866,0.928,0.0,14.715,0.0
1784040608.790162,15277,0,2353,0,1.0,0.867,0.928,0.0,14.726,0.0
1784040608.8252437,15287,0,2353,0,1.0,0.867,0.929,0.0,14.736,0.0
1784040608.8342595,15297,0,2353,0,1.0,0.867,0.929,0.0,14.747,0.0
1784040608.8486285,15307,0,2353,0,1.0,0.867,0.929,0.0,14.758,0.0
1784040608.8648624,15317,0,2353,0,1.0,0.867,0.929,0.0,14.769,0.0
1784040608.8880017,15327,0,2353,0,1.0,0.867,0.929,0.0,14.78,0.0
1784040608.909132,15337,0,2353,0,1.0,0.867,0.929,0.0,14.791,0.0
1784040608.9403236,15347,0,2353,0,1.0,0.867,0.929,0.0,14.802,0.0
1784040608.9688025,15357,0,2353,0,1.0,0.867,0.929,0.0,14.813,0.0
1784040608.990206,15367,0,2353,0,1.0,0.867,0.929,0.0,14.823,0.0
1784040609.0595872,15377,0,2353,0,1.0,0.867,0.929,0.0,14.834,0.0
1784040609.1158805,15387,0,2353,0,1.0,0.867,0.929,0.0,14.845,0.0
1784040609.1793463,15397,0,2353,0,1.0,0.867,0.929,0.0,14.856,0.0
1784040609.2552981,15407,0,2353,0,1.0,0.868,0.929,0.0,14.867,0.0
1784040609.2987118,15417,0,2353,0,1.0,0.868,0.929,0.0,14.878,0.0
1784040609.3611689,15427,0,2353,0,1.0,0.868,0.929,0.0,14.889,0.0
1784040609.3865604,15437,0,2353,0,1.0,0.868,0.929,0.0,14.9,0.0
1784040609.4444041,15447,0,2353,0,1.0,0.868,0.929,0.0,14.911,0.0
1784040609.5297363,15457,0,2353,0,1.0,0.868,0.929,0.0,14.922,0.0
1784040609.6180346,15467,0,2353,0,1.0,0.868,0.929,0.0,14.933,0.0
1784040609.6789222,15477,0,2353,0,1.0,0.868,0.929,0.0,14.944,0.0
1784040609.7818515,15487,0,2353,0,1.0,0.868,0.929,0.0,14.955,0.0
1784040609.8148031,15497,0,2353,0,1.0,0.868,0.929,0.0,14.966,0.0
1784040609.954885,15507,0,2353,0,1.0,0.868,0.929,0.0,14.977,0.0
1784040610.0020235,15517,0,2353,0,1.0,0.868,0.93,0.0,14.989,0.0
1784040610.0463934,15527,0,2353,0,1.0,0.868,0.93,0.0,15.0,0.0
1784040610.1712797,15537,0,2353,0,1.0,0.868,0.93,0.0,15.011,0.0
1784040610.2080872,15547,0,2353,0,1.0,0.869,0.93,0.0,15.022,0.0
1784040610.3281677,15557,0,2353,0,1.0,0.869,0.93,0.0,15.034,0.0
1784040610.3947105,15567,0,2353,0,1.0,0.869,0.93,0.0,15.045,0.0
1784040610.431586,15577,0,2353,0,1.0,0.869,0.93,0.0,15.056,0.0
1784040610.4564304,15587,0,2353,0,1.0,0.869,0.93,0.0,15.068,0.0
1784040610.5055747,15597,0,2353,0,1.0,0.869,0.93,0.0,15.079,0.0
1784040610.6597264,15607,0,2353,0,1.0,0.869,0.93,0.0,15.09,0.0
1784040610.7451072,15617,0,2353,0,1.0,0.869,0.93,0.0,15.102,0.0
1784040610.799797,15627,0,2353,0,1.0,0.869,0.93,0.0,15.113,0.0
1784040610.8567224,15637,0,2353,0,1.0,0.869,0.93,0.0,15.125,0.0
1784040610.8871343,15647,0,2353,0,1.0,0.869,0.93,0.0,15.136,0.0
1784040611.0457475,15657,0,2353,0,1.0,0.869,0.93,0.0,15.148,0.0
1784040611.1747365,15667,0,2353,0,1.0,0.869,0.93,0.0,15.16,0.0
1784040611.2506976,15677,0,2353,0,1.0,0.869,0.93,0.0,15.171,0.0
1784040611.3610287,15687,0,2353,0,1.0,0.87,0.93,0.0,15.183,0.0
1784040611.4518287,15697,0,2353,0,1.0,0.87,0.93,0.0,15.195,0.0
1784040611.5814173,15707,0,2353,0,1.0,0.87,0.93,0.0,15.206,0.0
1784040611.7246497,15717,0,2353,0,1.0,0.87,0.93,0.0,15.218,0.0
1784040611.8847187,15727,0,2353,0,1.0,0.87,0.93,0.0,15.23,0.0
1784040612.0561564,15737,0,2353,0,1.0,0.87,0.93,0.0,15.242,0.0
1784040612.2275271,15747,0,2353,0,1.0,0.87,0.93,0.0,15.254,0.0
1784040612.396067,15757,0,2353,0,1.0,0.87,0.931,0.0,15.266,0.0
1784040612.5333748,15767,0,2353,0,1.0,0.87,0.931,0.0,15.279,0.0
1784040612.5926294,15777,0,2353,0,1.0,0.87,0.931,0.0,15.291,0.0
1784040612.6634579,15787,0,2353,0,1.0,0.87,0.931,0.0,15.303,0.0
1784040612.7612681,15797,0,2353,0,1.0,0.87,0.931,0.0,15.315,0.0
1784040612.8804553,15807,0,2353,0,1.0,0.87,0.931,0.0,15.328,0.0
1784040613.042795,15817,0,2353,0,1.0,0.871,0.931,0.0,15.34,0.0
1784040613.1855984,15827,0,2353,0,1.0,0.871,0.931,0.0,15.352,0.0
1784040613.319309,15837,0,2353,0,1.0,0.871,0.931,0.0,15.365,0.0
1784040613.4756145,15847,0,2353,0,1.0,0.871,0.931,0.0,15.378,0.0
1784040613.513991,15857,0,2353,0,1.0,0.871,0.931,0.0,15.39,0.0
1784040613.6623828,15867,0,2353,0,1.0,0.871,0.931,0.0,15.403,0.0
1784040613.7137005,15877,0,2353,0,1.0,0.871,0.931,0.0,15.416,0.0
1784040613.7462702,15887,0,2353,0,1.0,0.871,0.931,0.0,15.428,0.0
1784040613.7970245,15897,0,2353,0,1.0,0.871,0.931,0.0,15.441,0.0
1784040613.817993,15907,0,2353,0,1.0,0.871,0.931,0.0,15.454,0.0
1784040613.8361688,15917,0,2353,0,1.0,0.871,0.931,0.0,15.466,0.0
1784040613.8559144,15927,0,2353,0,1.0,0.871,0.931,0.0,15.479,0.0
1784040613.8803465,15937,0,2353,0,1.0,0.871,0.931,0.0,15.492,0.0
1784040613.906911,15947,0,2353,0,1.0,0.871,0.931,0.0,15.504,0.0
1784040613.9391344,15957,0,2353,0,1.0,0.871,0.931,0.0,15.517,0.0
1784040613.9641309,15967,0,2353,0,1.0,0.872,0.931,0.0,15.53,0.0
1784040613.9840536,15977,0,2353,0,1.0,0.872,0.931,0.0,15.542,0.0
1784040613.9985723,15987,0,2353,0,1.0,0.872,0.931,0.0,15.555,0.0
1784040614.0169318,15997,0,2353,0,1.0,0.872,0.931,0.0,15.568,0.0
1784040614.0304935,16007,0,2353,0,1.0,0.872,0.932,0.0,15.58,0.0
1784040614.0700297,16017,0,2353,0,1.0,0.872,0.932,0.0,15.593,0.0
1784040614.084992,16027,0,2353,0,1.0,0.872,0.932,0.0,15.606,0.0
1784040614.1174185,16037,0,2353,0,1.0,0.872,0.932,0.0,15.618,0.0
1784040614.1246467,16047,0,2353,0,1.0,0.872,0.932,0.0,15.631,0.0
1784040614.1483972,16057,0,2353,0,1.0,0.872,0.932,0.0,15.644,0.0
1784040614.1536164,16067,0,2353,0,1.0,0.872,0.932,0.0,15.656,0.0
1784040614.1960027,16077,0,2353,0,1.0,0.872,0.932,0.0,15.669,0.0
1784040614.2121143,16087,0,2353,0,1.0,0.872,0.932,0.0,15.681,0.0
1784040614.2268913,16097,0,2353,0,1.0,0.872,0.932,0.0,15.694,0.0
1784040614.2361295,16107,0,2353,0,1.0,0.873,0.932,0.0,15.707,0.0
1784040614.253847,16117,0,2353,0,1.0,0.873,0.932,0.0,15.719,0.0
1784040614.2734048,16127,0,2353,0,1.0,0.873,0.932,0.0,15.732,0.0
1784040614.3080096,16137,0,2353,0,1.0,0.873,0.932,0.0,15.744,0.0
1784040614.333315,16147,0,2353,0,1.0,0.873,0.932,0.0,15.757,0.0
1784040614.344146,16157,0,2353,0,1.0,0.873,0.932,0.0,15.769,0.0
1784040614.3713632,16167,0,2353,0,1.0,0.873,0.932,0.0,15.782,0.0
1784040614.3828173,16177,0,2353,0,1.0,0.873,0.932,0.0,15.795,0.0
1784040614.4139583,16187,0,2353,0,1.0,0.873,0.932,0.0,15.807,0.0
1784040614.439201,16197,0,2353,0,1.0,0.873,0.932,0.0,15.82,0.0
1784040614.452222,16207,0,2353,0,1.0,0.873,0.932,0.0,15.832,0.0
1784040614.4883013,16217,0,2353,0,1.0,0.873,0.932,0.0,15.845,0.0
1784040614.5232947,16227,0,2353,0,1.0,0.873,0.932,0.0,15.857,0.0
1784040614.534262,16237,0,2353,0,1.0,0.873,0.932,0.0,15.87,0.0
1784040614.5494778,16247,0,2353,0,1.0,0.873,0.932,0.0,15.882,0.0
1784040614.5916414,16257,0,2353,0,1.0,0.874,0.933,0.0,15.895,0.0
1784040614.626568,16267,0,2353,0,1.0,0.874,0.933,0.0,15.907,0.0
1784040614.6480777,16277,0,2353,0,1.0,0.874,0.933,0.0,15.92,0.0
1784040614.6752105,16287,0,2353,0,1.0,0.874,0.933,0.0,15.932,0.0
1784040614.7136445,16297,0,2353,0,1.0,0.874,0.933,0.0,15.945,0.0
1784040614.752289,16307,0,2353,0,1.0,0.874,0.933,0.0,15.957,0.0
1784040614.7891502,16317,0,2353,0,1.0,0.874,0.933,0.0,15.97,0.0
1784040614.8112,16327,0,2353,0,1.0,0.874,0.933,0.0,15.982,0.0
1784040614.8185608,16337,0,2353,0,1.0,0.874,0.933,0.0,15.995,0.0
1784040614.8378665,16347,0,2353,0,1.0,0.874,0.933,0.0,16.007,0.0
1784040614.8557193,16357,0,2353,0,1.0,0.874,0.933,0.0,16.02,0.0
1784040614.8754833,16367,0,2353,0,1.0,0.874,0.933,0.0,16.032,0.0
1784040614.9124367,16377,0,2353,0,1.0,0.874,0.933,0.0,16.044,0.0
1784040614.9447215,16387,0,2353,0,1.0,0.874,0.933,0.0,16.057,0.0
1784040614.9668217,16397,0,2353,0,1.0,0.875,0.933,0.0,16.067,0.0
1784040614.9951653,16407,0,2353,0,1.0,0.875,0.933,0.0,16.075,0.0
1784040615.016296,16417,0,2353,0,1.0,0.875,0.933,0.0,16.084,0.0
1784040615.0295558,16427,0,2353,0,1.0,0.875,0.933,0.0,16.093,0.0
1784040615.0439901,16437,0,2353,0,1.0,0.875,0.933,0.0,16.101,0.0
1784040615.0543218,16447,0,2353,0,1.0,0.875,0.933,0.0,16.11,0.0
1784040615.0825613,16457,0,2353,0,1.0,0.875,0.933,0.0,16.118,0.0
1784040615.112495,16467,0,2353,0,1.0,0.875,0.933,0.0,16.127,0.0
1784040615.1319382,16477,0,2353,0,1.0,0.875,0.933,0.0,16.136,0.0
1784040615.151112,16487,0,2353,0,1.0,0.875,0.933,0.0,16.144,0.0
1784040615.168667,16497,0,2353,0,1.0,0.875,0.933,0.0,16.153,0.0
1784040615.1786962,16507,0,2353,0,1.0,0.875,0.933,0.0,16.161,0.0
1784040615.2000713,16517,0,2353,0,1.0,0.875,0.934,0.0,16.17,0.0
1784040615.2307487,16527,0,2353,0,1.0,0.875,0.934,0.0,16.179,0.0
1784040615.2460203,16537,0,2353,0,1.0,0.875,0.934,0.0,16.185,0.0
1784040615.2763064,16547,0,2353,0,1.0,0.876,0.934,0.0,16.191,0.0
1784040615.299334,16557,0,2353,0,1.0,0.876,0.934,0.0,16.197,0.0
1784040615.3161523,16567,0,2353,0,1.0,0.876,0.934,0.0,16.203,0.0
1784040615.3257153,16577,0,2353,0,1.0,0.876,0.934,0.0,16.209,0.0
1784040615.3395627,16587,0,2353,0,1.0,0.876,0.934,0.0,16.214,0.0
1784040615.3521144,16597,0,2353,0,1.0,0.876,0.934,0.0,16.22,0.0
1784040615.3676882,16607,0,2353,0,1.0,0.876,0.934,0.0,16.226,0.0
1784040615.3962924,16617,0,2353,0,1.0,0.876,0.934,0.0,16.232,0.0
1784040615.4265213,16627,0,2353,0,1.0,0.876,0.934,0.0,16.238,0.0
1784040615.4524174,16637,0,2353,0,1.0,0.876,0.934,0.0,16.244,0.0
1784040615.488551,16647,0,2353,0,1.0,0.876,0.934,0.0,16.25,0.0
1784040615.519052,16657,0,2353,0,1.0,0.876,0.934,0.0,16.256,0.0
1784040615.5486302,16667,0,2353,0,1.0,0.876,0.934,0.0,16.262,0.0
1784040615.5928006,16677,0,2353,0,1.0,0.876,0.934,0.0,16.267,0.0
1784040615.6232708,16687,0,2353,0,1.0,0.876,0.934,0.0,16.273,0.0
1784040615.648577,16697,0,2353,0,1.0,0.876,0.934,0.0,16.279,0.0
1784040615.6663394,16707,0,2353,0,1.0,0.877,0.934,0.0,16.285,0.0
1784040615.7001908,16717,0,2353,0,1.0,0.877,0.934,0.0,16.291,0.0
1784040615.7105472,16727,0,2353,0,1.0,0.877,0.934,0.0,16.297,0.0
1784040615.7879472,16737,0,2353,0,1.0,0.877,0.934,0.0,16.303,0.0
1784040615.8222919,16747,0,2353,0,1.0,0.877,0.934,0.0,16.309,0.0
1784040615.8583598,16757,0,2353,0,1.0,0.877,0.934,0.0,16.315,0.0
1784040615.9115107,16767,0,2353,0,1.0,0.877,0.934,0.0,16.321,0.0
1784040615.985182,16777,0,2353,0,1.0,0.877,0.934,0.0,16.327,0.0
1784040616.0845327,16787,0,2353,0,1.0,0.877,0.935,0.0,16.333,0.0
1784040616.1314363,16797,0,2353,0,1.0,0.877,0.935,0.0,16.339,0.0
1784040616.2324243,16807,0,2353,0,1.0,0.877,0.935,0.0,16.346,0.0
1784040616.324105,16817,0,2353,0,1.0,0.877,0.935,0.0,16.352,0.0
1784040616.401153,16827,0,2353,0,1.0,0.877,0.935,0.0,16.358,0.0
1784040616.429639,16837,0,2353,0,1.0,0.877,0.935,0.0,16.364,0.0
1784040616.5295722,16847,0,2353,0,1.0,0.877,0.935,0.0,16.37,0.0
1784040616.585909,16857,0,2353,0,1.0,0.878,0.935,0.0,16.377,0.0
1784040616.6582477,16867,0,2353,0,1.0,0.878,0.935,0.0,16.383,0.0
1784040616.6850507,16877,0,2353,0,1.0,0.878,0.935,0.0,16.389,0.0
1784040616.7817767,16887,0,2353,0,1.0,0.878,0.935,0.0,16.396,0.0
1784040616.9062405,16897,0,2353,0,1.0,0.878,0.935,0.0,16.402,0.0
1784040616.9413643,16907,0,2353,0,1.0,0.878,0.935,0.0,16.409,0.0
1784040617.004153,16917,0,2353,0,1.0,0.878,0.935,0.0,16.415,0.0
1784040617.1238556,16927,0,2353,0,1.0,0.878,0.935,0.0,16.422,0.0
1784040617.2681868,16937,0,2353,0,1.0,0.878,0.935,0.0,16.428,0.0
1784040617.391107,16947,0,2353,0,1.0,0.878,0.935,0.0,16.435,0.0
1784040617.4202056,16957,0,2353,0,1.0,0.878,0.935,0.0,16.441,0.0
1784040617.6061862,16967,0,2353,0,1.0,0.878,0.935,0.0,16.448,0.0
1784040617.7388172,16977,0,2353,0,1.0,0.878,0.935,0.0,16.455,0.0
1784040617.9249482,16987,0,2353,0,1.0,0.878,0.935,0.0,16.462,0.0
1784040618.0759172,16997,0,2353,0,1.0,0.878,0.935,0.0,16.469,0.0
1784040618.2188122,17007,0,2353,0,1.0,0.878,0.935,0.0,16.475,0.0
1784040618.4752765,17017,0,2353,0,1.0,0.879,0.935,0.0,16.483,0.0
1784040618.6783786,17027,0,2353,0,1.0,0.879,0.935,0.0,16.49,0.0
1784040618.8222806,17037,0,2353,0,1.0,0.879,0.935,0.0,16.497,0.0
1784040618.9518495,17047,0,2353,0,1.0,0.879,0.935,0.0,16.504,0.0
1784040619.1114423,17057,0,2353,0,1.0,0.879,0.935,0.0,16.512,0.0
1784040619.2723606,17067,0,2353,0,1.0,0.879,0.936,0.0,16.519,0.0
1784040619.4346898,17077,0,2353,0,1.0,0.879,0.936,0.0,16.527,0.0
1784040619.5894911,17087,0,2353,0,1.0,0.879,0.936,0.0,16.534,0.0
1784040619.752579,17097,0,2353,0,1.0,0.879,0.936,0.0,16.542,0.0
1784040619.9059181,17107,0,2353,0,1.0,0.879,0.936,0.0,16.55,0.0
1784040619.9741113,17117,0,2353,0,1.0,0.879,0.936,0.0,16.557,0.0
1784040620.0969596,17127,0,2353,0,1.0,0.879,0.936,0.0,16.565,0.0
1784040620.2204518,17137,0,2353,0,1.0,0.879,0.936,0.0,16.573,0.0
1784040620.3874087,17147,0,2353,0,1.0,0.879,0.936,0.0,16.581,0.0
1784040620.4194798,17157,0,2353,0,1.0,0.879,0.936,0.0,16.589,0.0
1784040620.443911,17167,0,2353,0,1.0,0.879,0.936,0.0,16.597,0.0
1784040620.4848301,17177,0,2353,0,1.0,0.88,0.936,0.0,16.605,0.0
1784040620.5087812,17187,0,2353,0,1.0,0.88,0.936,0.0,16.613,0.0
1784040620.5263019,17197,0,2353,0,1.0,0.88,0.936,0.0,16.621,0.0
1784040620.545185,17207,0,2353,0,1.0,0.88,0.936,0.0,16.629,0.0
1784040620.5559404,17217,0,2353,0,1.0,0.88,0.936,0.0,16.637,0.0
1784040620.5774298,17227,0,2353,0,1.0,0.88,0.936,0.0,16.645,0.0
1784040620.5961635,17237,0,2353,0,1.0,0.88,0.936,0.0,16.653,0.0
1784040620.6211922,17247,0,2353,0,1.0,0.88,0.936,0.0,16.661,0.0
1784040620.6643014,17257,0,2353,0,1.0,0.88,0.936,0.0,16.669,0.0
1784040620.6923091,17267,0,2353,0,1.0,0.88,0.936,0.0,16.677,0.0
1784040620.7124023,17277,0,2353,0,1.0,0.88,0.936,0.0,16.685,0.0
1784040620.7523608,17287,0,2353,0,1.0,0.88,0.936,0.0,16.693,0.0
1784040620.7726758,17297,0,2353,0,1.0,0.88,0.936,0.0,16.701,0.0
1784040620.7914479,17307,0,2353,0,1.0,0.88,0.936,0.0,16.709,0.0
1784040620.819807,17317,0,2353,0,1.0,0.88,0.936,0.0,16.717,0.0
1784040620.845505,17327,0,2353,0,1.0,0.88,0.936,0.0,16.725,0.0
1784040620.8530376,17337,0,2353,0,1.0,0.88,0.936,0.0,16.733,0.0
1784040620.885091,17347,0,2353,0,1.0,0.881,0.936,0.0,16.741,0.0
1784040620.9041867,17357,0,2353,0,1.0,0.881,0.937,0.0,16.749,0.0
1784040620.9186165,17367,0,2353,0,1.0,0.881,0.937,0.0,16.757,0.0
1784040620.9528887,17377,0,2353,0,1.0,0.881,0.937,0.0,16.765,0.0
1784040620.9755335,17387,0,2353,0,1.0,0.881,0.937,0.0,16.773,0.0
1784040620.9956334,17397,0,2353,0,1.0,0.881,0.937,0.0,16.781,0.0
1784040621.0032706,17407,0,2353,0,1.0,0.881,0.937,0.0,16.789,0.0
1784040621.0265617,17417,0,2353,0,1.0,0.881,0.937,0.0,16.797,0.0
1784040621.0530727,17427,0,2353,0,1.0,0.881,0.937,0.0,16.805,0.0
1784040621.084897,17437,0,2353,0,1.0,0.881,0.937,0.0,16.813,0.0
1784040621.108551,17447,0,2353,0,1.0,0.881,0.937,0.0,16.821,0.0
1784040621.1242373,17457,0,2353,0,1.0,0.881,0.937,0.0,16.829,0.0
1784040621.1428933,17467,0,2353,0,1.0,0.881,0.937,0.0,16.837,0.0
1784040621.1665802,17477,0,2353,0,1.0,0.881,0.937,0.0,16.845,0.0
1784040621.1846135,17487,0,2353,0,1.0,0.881,0.937,0.0,16.853,0.0
1784040621.2055967,17497,0,2353,0,1.0,0.881,0.937,0.0,16.861,0.0
1784040621.2178082,17507,0,2353,0,1.0,0.882,0.937,0.0,16.869,0.0
1784040621.2306776,17517,0,2353,0,1.0,0.882,0.937,0.0,16.877,0.0
1784040621.2538314,17527,0,2353,0,1.0,0.882,0.937,0.0,16.885,0.0
1784040621.282688,17537,0,2353,0,1.0,0.882,0.937,0.0,16.893,0.0
1784040621.3080544,17547,0,2353,0,1.0,0.882,0.937,0.0,16.901,0.0
1784040621.338229,17557,0,2353,0,1.0,0.882,0.937,0.0,16.909,0.0
1784040621.3604288,17567,0,2353,0,1.0,0.882,0.937,0.0,16.917,0.0
1784040621.3909209,17577,0,2353,0,1.0,0.882,0.937,0.0,16.925,0.0
1784040621.4163933,17587,0,2353,0,1.0,0.882,0.937,0.0,16.933,0.0
1784040621.4311957,17597,0,2353,0,1.0,0.882,0.937,0.0,16.941,0.0
1784040621.4511034,17607,0,2353,0,1.0,0.882,0.937,0.0,16.948,0.0
1784040621.4781756,17617,0,2353,0,1.0,0.882,0.937,0.0,16.956,0.0
1784040621.4965622,17627,0,2353,0,1.0,0.882,0.937,0.0,16.964,0.0
1784040621.5350974,17637,0,2353,0,1.0,0.882,0.937,0.0,16.972,0.0
1784040621.5405955,17647,0,2353,0,1.0,0.882,0.937,0.0,16.98,0.0
1784040621.5591772,17657,0,2353,0,1.0,0.882,0.938,0.0,16.988,0.0
1784040621.575105,17667,0,2353,0,1.0,0.882,0.938,0.0,16.996,0.0
1784040621.5896,17677,0,2353,0,1.0,0.883,0.938,0.0,17.004,0.0
1784040621.602754,17687,0,2353,0,1.0,0.883,0.938,0.0,17.012,0.0
1784040621.614841,17697,0,2353,0,1.0,0.883,0.938,0.0,17.02,0.0
1784040621.6494002,17707,0,2353,0,1.0,0.883,0.938,0.0,17.028,0.0
1784040621.673801,17717,0,2353,0,1.0,0.883,0.938,0.0,17.036,0.0
1784040621.6929045,17727,0,2353,0,1.0,0.883,0.938,0.0,17.044,0.0
1784040621.7231195,17737,0,2353,0,1.0,0.883,0.938,0.0,17.052,0.0
1784040621.7538567,17747,0,2353,0,1.0,0.883,0.938,0.0,17.06,0.0
1784040621.7753026,17757,0,2353,0,1.0,0.883,0.938,0.0,17.068,0.0
1784040621.8013785,17767,0,2353,0,1.0,0.883,0.938,0.0,17.076,0.0
1784040621.8348062,17777,0,2353,0,1.0,0.883,0.938,0.0,17.084,0.0
1784040621.8621004,17787,0,2353,0,1.0,0.883,0.938,0.0,17.092,0.0
1784040621.8821065,17797,0,2353,0,1.0,0.883,0.938,0.0,17.1,0.0
1784040621.9096565,17807,0,2353,0,1.0,0.883,0.938,0.0,17.108,0.0
1784040621.917285,17817,0,2353,0,1.0,0.883,0.938,0.0,17.116,0.0
1784040621.9265301,17827,0,2353,0,1.0,0.883,0.938,0.0,17.124,0.0
1784040621.9621475,17837,0,2353,0,1.0,0.883,0.938,0.0,17.131,0.0
1784040621.9818127,17847,0,2353,0,1.0,0.884,0.938,0.0,17.139,0.0
1784040621.9954789,17857,0,2353,0,1.0,0.884,0.938,0.0,17.147,0.0
1784040622.0915606,17867,0,2353,0,1.0,0.884,0.938,0.0,17.155,0.0
1784040622.145202,17877,0,2353,0,1.0,0.884,0.938,0.0,17.163,0.0
1784040622.15237,17887,0,2353,0,1.0,0.884,0.938,0.0,17.171,0.0
1784040622.1699288,17897,0,2353,0,1.0,0.884,0.938,0.0,17.179,0.0
1784040622.205029,17907,0,2353,0,1.0,0.884,0.938,0.0,17.187,0.0
1784040622.2362232,17917,0,2353,0,1.0,0.884,0.938,0.0,17.195,0.0
1784040622.2704418,17927,0,2353,0,1.0,0.884,0.938,0.0,17.203,0.0
1784040622.2841055,17937,0,2353,0,1.0,0.884,0.938,0.0,17.211,0.0
1784040622.2985575,17947,0,2353,0,1.0,0.884,0.938,0.0,17.219,0.0
1784040622.3367214,17957,0,2353,0,1.0,0.884,0.939,0.0,17.227,0.0
1784040622.36211,17967,0,2353,0,1.0,0.884,0.939,0.0,17.235,0.0
1784040622.4000473,17977,0,2353,0,1.0,0.884,0.939,0.0,17.243,0.0
1784040622.4386525,17987,0,2353,0,1.0,0.884,0.939,0.0,17.251,0.0
1784040622.6203687,17997,0,2353,0,1.0,0.884,0.939,0.0,17.259,0.0
1784040622.7270734,18007,0,2353,0,1.0,0.884,0.939,0.0,17.267,0.0
1784040622.8612373,18017,0,2353,0,1.0,0.884,0.939,0.0,17.276,0.0
1784040622.895575,18027,0,2353,0,1.0,0.885,0.939,0.0,17.284,0.0
1784040622.996716,18037,0,2353,0,1.0,0.885,0.939,0.0,17.292,0.0
1784040623.0316954,18047,0,2353,0,1.0,0.885,0.939,0.0,17.3,0.0
1784040623.1395364,18057,0,2353,0,1.0,0.885,0.939,0.0,17.308,0.0
1784040623.2418635,18067,0,2353,0,1.0,0.885,0.939,0.0,17.317,0.0
1784040623.3086195,18077,0,2353,0,1.0,0.885,0.939,0.0,17.325,0.0
1784040623.4030886,18087,0,2353,0,1.0,0.885,0.939,0.0,17.333,0.0
1784040623.494925,18097,0,2353,0,1.0,0.885,0.939,0.0,17.342,0.0
1784040623.567091,18107,0,2353,0,1.0,0.885,0.939,0.0,17.35,0.0
1784040623.6587749,18117,0,2353,0,1.0,0.885,0.939,0.0,17.359,0.0
1784040623.754715,18127,0,2353,0,1.0,0.885,0.939,0.0,17.367,0.0
1784040623.9265404,18137,0,2353,0,1.0,0.885,0.939,0.0,17.376,0.0
1784040624.058436,18147,0,2353,0,1.0,0.885,0.939,0.0,17.384,0.0
1784040624.1934633,18157,0,2353,0,1.0,0.885,0.939,0.0,17.393,0.0
1784040624.24117,18167,0,2353,0,1.0,0.885,0.939,0.0,17.402,0.0
1784040624.3368952,18177,0,2353,0,1.0,0.885,0.939,0.0,17.41,0.0
1784040624.3724554,18187,0,2353,0,1.0,0.885,0.939,0.0,17.419,0.0
1784040624.4635274,18197,0,2353,0,1.0,0.885,0.939,0.0,17.428,0.0
1784040624.5536296,18207,0,2353,0,1.0,0.886,0.939,0.0,17.437,0.0
1784040624.6993403,18217,0,2353,0,1.0,0.886,0.939,0.0,17.445,0.0
1784040624.8815837,18227,0,2353,0,1.0,0.886,0.939,0.0,17.454,0.0
1784040624.9361296,18237,0,2353,0,1.0,0.886,0.939,0.0,17.463,0.0
1784040625.0697706,18247,0,2353,0,1.0,0.886,0.939,0.0,17.472,0.0
1784040625.1499252,18257,0,2353,0,1.0,0.886,0.939,0.0,17.481,0.0
1784040625.2450163,18267,0,2353,0,1.0,0.886,0.939,0.0,17.49,0.0
1784040625.363271,18277,0,2353,0,1.0,0.886,0.94,0.0,17.499,0.0
1784040625.5145502,18287,0,2353,0,1.0,0.886,0.94,0.0,17.508,0.0
1784040625.6649556,18297,0,2353,0,1.0,0.886,0.94,0.0,17.518,0.0
1784040625.7414026,18307,0,2353,0,1.0,0.886,0.94,0.0,17.527,0.0
1784040625.8582501,18317,0,2353,0,1.0,0.886,0.94,0.0,17.536,0.0
1784040626.0273929,18327,0,2353,0,1.0,0.886,0.94,0.0,17.545,0.0
1784040626.2399323,18337,0,2353,0,1.0,0.886,0.94,0.0,17.555,0.0
1784040626.388872,18347,0,2353,0,1.0,0.886,0.94,0.0,17.564,0.0
1784040626.5282226,18357,0,2353,0,1.0,0.886,0.94,0.0,17.574,0.0
1784040626.655346,18367,0,2353,0,1.0,0.886,0.94,0.0,17.584,0.0
1784040626.7522657,18377,0,2353,0,1.0,0.886,0.94,0.0,17.593,0.0
1784040626.838759,18387,0,2353,0,1.0,0.887,0.94,0.0,17.603,0.0
1784040626.8618371,18397,0,2353,0,1.0,0.887,0.94,0.0,17.613,0.0
1784040626.8799176,18407,0,2353,0,1.0,0.887,0.94,0.0,17.622,0.0
1784040626.91345,18417,0,2353,0,1.0,0.887,0.94,0.0,17.632,0.0
1784040626.95756,18427,0,2353,0,1.0,0.887,0.94,0.0,17.642,0.0
1784040626.993277,18437,0,2353,0,1.0,0.887,0.94,0.0,17.651,0.0
1784040627.0192032,18447,0,2353,0,1.0,0.887,0.94,0.0,17.661,0.0
1784040627.0486414,18457,0,2353,0,1.0,0.887,0.94,0.0,17.671,0.0
1784040627.0672376,18467,0,2353,0,1.0,0.887,0.94,0.0,17.68,0.0
1784040627.0788162,18477,0,2353,0,1.0,0.887,0.94,0.0,17.69,0.0
1784040627.092022,18487,0,2353,0,1.0,0.887,0.94,0.0,17.7,0.0
1784040627.0985062,18497,0,2353,0,1.0,0.887,0.94,0.0,17.709,0.0
1784040627.149978,18507,0,2353,0,1.0,0.887,0.94,0.0,17.719,0.0
1784040627.1828241,18517,0,2353,0,1.0,0.887,0.94,0.0,17.729,0.0
1784040627.2090821,18527,0,2353,0,1.0,0.887,0.94,0.0,17.738,0.0
1784040627.237376,18537,0,2353,0,1.0,0.887,0.94,0.0,17.748,0.0
1784040627.2606173,18547,0,2353,0,1.0,0.887,0.94,0.0,17.758,0.0
1784040627.2696455,18557,0,2353,0,1.0,0.887,0.94,0.0,17.768,0.0
1784040627.2927299,18567,0,2353,0,1.0,0.888,0.94,0.0,17.777,0.0
1784040627.3053358,18577,0,2353,0,1.0,0.888,0.94,0.0,17.787,0.0
1784040627.340355,18587,0,2353,0,1.0,0.888,0.94,0.0,17.797,0.0
1784040627.3602767,18597,0,2353,0,1.0,0.888,0.941,0.0,17.806,0.0
1784040627.3901355,18607,0,2353,0,1.0,0.888,0.941,0.0,17.816,0.0
1784040627.4137962,18617,0,2353,0,1.0,0.888,0.941,0.0,17.826,0.0
1784040627.4375892,18627,0,2353,0,1.0,0.888,0.941,0.0,17.835,0.0
1784040627.4495552,18637,0,2353,0,1.0,0.888,0.941,0.0,17.845,0.0
1784040627.4786808,18647,0,2353,0,1.0,0.888,0.941,0.0,17.855,0.0
1784040627.5008457,18657,0,2353,0,1.0,0.888,0.941,0.0,17.864,0.0
1784040627.5184674,18667,0,2353,0,1.0,0.888,0.941,0.0,17.874,0.0
1784040627.5339031,18677,0,2353,0,1.0,0.888,0.941,0.0,17.884,0.0
1784040627.5569198,18687,0,2353,0,1.0,0.888,0.941,0.0,17.893,0.0
1784040627.5756314,18697,0,2353,0,1.0,0.888,0.941,0.0,17.903,0.0
1784040627.5922039,18707,0,2353,0,1.0,0.888,0.941,0.0,17.913,0.0
1784040627.6102948,18717,0,2353,0,1.0,0.888,0.941,0.0,17.922,0.0
1784040627.6233048,18727,0,2353,0,1.0,0.888,0.941,0.0,17.932,0.0
1784040627.6442444,18737,0,2353,0,1.0,0.888,0.941,0.0,17.942,0.0
1784040627.6570091,18747,0,2353,0,1.0,0.888,0.941,0.0,17.951,0.0
1784040627.6670375,18757,0,2353,0,1.0,0.889,0.941,0.0,17.961,0.0
1784040627.693103,18767,0,2353,0,1.0,0.889,0.941,0.0,17.971,0.0
1784040627.7108731,18777,0,2353,0,1.0,0.889,0.941,0.0,17.98,0.0
1784040627.7455027,18787,0,2353,0,1.0,0.889,0.941,0.0,17.99,0.0
1784040627.7789724,18797,0,2353,0,1.0,0.889,0.941,0.0,18.0,0.0
1784040627.8112595,18807,0,2353,0,1.0,0.889,0.941,0.0,18.009,0.0
1784040627.8324134,18817,0,2353,0,1.0,0.889,0.941,0.0,18.019,0.0
1784040627.850647,18827,0,2353,0,1.0,0.889,0.941,0.0,18.029,0.0
1784040627.8738613,18837,0,2353,0,1.0,0.889,0.941,0.0,18.038,0.0
1784040627.8916318,18847,0,2353,0,1.0,0.889,0.941,0.0,18.048,0.0
1784040627.9164686,18857,0,2353,0,1.0,0.889,0.941,0.0,18.057,0.0
1784040627.956686,18867,0,2353,0,1.0,0.889,0.941,0.0,18.067,0.0
1784040627.9950967,18877,0,2353,0,1.0,0.889,0.941,0.0,18.077,0.0
1784040628.0264742,18887,0,2353,0,1.0,0.889,0.941,0.0,18.086,0.0
1784040628.0446033,18897,0,2353,0,1.0,0.889,0.941,0.0,18.096,0.0
1784040628.0885584,18907,0,2353,0,1.0,0.889,0.941,0.0,18.106,0.0
1784040628.1097918,18917,0,2353,0,1.0,0.889,0.941,0.0,18.115,0.0
1784040628.124444,18927,0,2353,0,1.0,0.889,0.941,0.0,18.125,0.0
1784040628.1444328,18937,0,2353,0,1.0,0.889,0.942,0.0,18.135,0.0
1784040628.187117,18947,0,2353,0,1.0,0.89,0.942,0.0,18.144,0.0
1784040628.2062836,18957,0,2353,0,1.0,0.89,0.942,0.0,18.154,0.0
1784040628.228566,18967,0,2353,0,1.0,0.89,0.942,0.0,18.164,0.0
1784040628.255931,18977,0,2353,0,1.0,0.89,0.942,0.0,18.173,0.0
1784040628.270398,18987,0,2353,0,1.0,0.89,0.942,0.0,18.183,0.0
1784040628.2980409,18997,0,2353,0,1.0,0.89,0.942,0.0,18.193,0.0
1784040628.3180966,19007,0,2353,0,1.0,0.89,0.942,0.0,18.202,0.0
1784040628.3275921,19017,0,2353,0,1.0,0.89,0.942,0.0,18.212,0.0
1784040628.3480694,19027,0,2353,0,1.0,0.89,0.942,0.0,18.221,0.0
1784040628.366535,19037,0,2353,0,1.0,0.89,0.942,0.0,18.231,0.0
1784040628.3822289,19047,0,2353,0,1.0,0.89,0.942,0.0,18.241,0.0
1784040628.4163494,19057,0,2353,0,1.0,0.89,0.942,0.0,18.25,0.0
1784040628.4349174,19067,0,2353,0,1.0,0.89,0.942,0.0,18.26,0.0
1784040628.4507847,19077,0,2353,0,1.0,0.89,0.942,0.0,18.269,0.0
1784040628.469932,19087,0,2353,0,1.0,0.89,0.942,0.0,18.279,0.0
1784040628.5042512,19097,0,2353,0,1.0,0.89,0.942,0.0,18.288,0.0
1784040628.536962,19107,0,2353,0,1.0,0.89,0.942,0.0,18.298,0.0
1784040628.5608678,19117,0,2353,0,1.0,0.89,0.942,0.0,18.307,0.0
1784040628.586694,19127,0,2353,0,1.0,0.89,0.942,0.0,18.317,0.0
1784040628.6090426,19137,0,2353,0,1.0,0.891,0.942,0.0,18.327,0.0
1784040628.6361725,19147,0,2353,0,1.0,0.891,0.942,0.0,18.336,0.0
1784040628.6762633,19157,0,2353,0,1.0,0.891,0.942,0.0,18.346,0.0
1784040628.704527,19167,0,2353,0,1.0,0.891,0.942,0.0,18.355,0.0
1784040628.7189157,19177,0,2353,0,1.0,0.891,0.942,0.0,18.365,0.0
1784040628.7400281,19187,0,2353,0,1.0,0.891,0.942,0.0,18.374,0.0
1784040628.7565413,19197,0,2353,0,1.0,0.891,0.942,0.0,18.384,0.0
1784040628.7699015,19207,0,2353,0,1.0,0.891,0.942,0.0,18.393,0.0
1784040628.7905383,19217,0,2353,0,1.0,0.891,0.942,0.0,18.403,0.0
1784040628.8084033,19227,0,2353,0,1.0,0.891,0.942,0.0,18.412,0.0
1784040628.8327546,19237,0,2353,0,1.0,0.891,0.942,0.0,18.422,0.0
1784040628.954112,19247,0,2353,0,1.0,0.891,0.942,0.0,18.431,0.0
1784040628.9942896,19257,0,2353,0,1.0,0.891,0.942,0.0,18.441,0.0
1784040629.039767,19267,0,2353,0,1.0,0.891,0.942,0.0,18.451,0.0
1784040629.0882003,19277,0,2353,0,1.0,0.891,0.942,0.0,18.46,0.0
1784040629.1992679,19287,0,2353,0,1.0,0.891,0.943,0.0,18.47,0.0
1784040629.3285148,19297,0,2353,0,1.0,0.891,0.943,0.0,18.479,0.0
1784040629.4479187,19307,0,2353,0,1.0,0.891,0.943,0.0,18.489,0.0
1784040629.5614915,19317,0,2353,0,1.0,0.891,0.943,0.0,18.499,0.0
1784040629.5955045,19327,0,2353,0,1.0,0.891,0.943,0.0,18.509,0.0
1784040629.6300023,19337,0,2353,0,1.0,0.892,0.943,0.0,18.518,0.0
1784040629.7837963,19347,0,2353,0,1.0,0.892,0.943,0.0,18.528,0.0
1784040629.8026145,19357,0,2353,0,1.0,0.892,0.943,0.0,18.536,0.0
1784040629.921562,19367,0,2353,0,1.0,0.892,0.943,0.0,18.544,0.0
1784040629.9716861,19377,0,2353,0,1.0,0.892,0.943,0.0,18.552,0.0
1784040630.0182679,19387,0,2353,0,1.0,0.892,0.943,0.0,18.56,0.0
1784040630.0931373,19397,0,2353,0,1.0,0.892,0.943,0.0,18.568,0.0
1784040630.1628861,19407,0,2353,0,1.0,0.892,0.943,0.0,18.576,0.0
1784040630.2511191,19417,0,2353,0,1.0,0.892,0.943,0.0,18.584,0.0
1784040630.3483727,19427,0,2353,0,1.0,0.892,0.943,0.0,18.592,0.0
1784040630.446369,19437,0,2353,0,1.0,0.892,0.943,0.0,18.601,0.0
1784040630.6212556,19447,0,2353,0,1.0,0.892,0.943,0.0,18.609,0.0
1784040630.6545877,19457,0,2353,0,1.0,0.892,0.943,0.0,18.617,0.0
1784040630.8115113,19467,0,2353,0,1.0,0.892,0.943,0.0,18.625,0.0
1784040630.8635638,19477,0,2353,0,1.0,0.892,0.943,0.0,18.634,0.0
1784040630.989491,19487,0,2353,0,1.0,0.892,0.943,0.0,18.642,0.0
1784040631.0253491,19497,0,2353,0,1.0,0.892,0.943,0.0,18.651,0.0
1784040631.19028,19507,0,2353,0,1.0,0.892,0.943,0.0,18.659,0.0
1784040631.31922,19517,0,2353,0,1.0,0.892,0.943,0.0,18.668,0.0
1784040631.4968472,19527,0,2353,0,1.0,0.892,0.943,0.0,18.676,0.0
1784040631.6299887,19537,0,2353,0,1.0,0.893,0.943,0.0,18.685,0.0
1784040631.6824498,19547,0,2353,0,1.0,0.893,0.943,0.0,18.693,0.0
1784040631.8554106,19557,0,2353,0,1.0,0.893,0.943,0.0,18.702,0.0
1784040632.0033672,19567,0,2353,0,1.0,0.893,0.943,0.0,18.711,0.0
1784040632.1820865,19577,0,2353,0,1.0,0.893,0.943,0.0,18.72,0.0
1784040632.281019,19587,0,2353,0,1.0,0.893,0.943,0.0,18.729,0.0
1784040632.4207768,19597,0,2353,0,1.0,0.893,0.943,0.0,18.737,0.0
1784040632.5226429,19607,0,2353,0,1.0,0.893,0.943,0.0,18.746,0.0
1784040632.6914816,19617,0,2353,0,1.0,0.893,0.943,0.0,18.755,0.0
1784040632.8579931,19627,0,2353,0,1.0,0.893,0.943,0.0,18.765,0.0
1784040633.0436478,19637,0,2353,0,1.0,0.893,0.943,0.0,18.774,0.0
1784040633.177689,19647,0,2353,0,1.0,0.893,0.944,0.0,18.783,0.0
1784040633.2252505,19657,0,2353,0,1.0,0.893,0.944,0.0,18.792,0.0
1784040633.2525854,19667,0,2353,0,1.0,0.893,0.944,0.0,18.801,0.0
1784040633.2740974,19677,0,2353,0,1.0,0.893,0.944,0.0,18.811,0.0
1784040633.305757,19687,0,2353,0,1.0,0.893,0.944,0.0,18.82,0.0
1784040633.3327818,19697,0,2353,0,1.0,0.893,0.944,0.0,18.829,0.0
1784040633.3643334,19707,0,2353,0,1.0,0.893,0.944,0.0,18.838,0.0
1784040633.3786316,19717,0,2353,0,1.0,0.893,0.944,0.0,18.848,0.0
1784040633.431357,19727,0,2353,0,1.0,0.893,0.944,0.0,18.857,0.0
1784040633.4547718,19737,0,2353,0,1.0,0.893,0.944,0.0,18.866,0.0
1784040633.490307,19747,0,2353,0,1.0,0.894,0.944,0.0,18.875,0.0
1784040633.5271802,19757,0,2353,0,1.0,0.894,0.944,0.0,18.885,0.0
1784040633.5442684,19767,0,2353,0,1.0,0.894,0.944,0.0,18.894,0.0
1784040633.5763912,19777,0,2353,0,1.0,0.894,0.944,0.0,18.903,0.0
1784040633.5997417,19787,0,2353,0,1.0,0.894,0.944,0.0,18.912,0.0
1784040633.6458695,19797,0,2353,0,1.0,0.894,0.944,0.0,18.922,0.0
1784040633.6717305,19807,0,2353,0,1.0,0.894,0.944,0.0,18.931,0.0
1784040633.7156084,19817,0,2353,0,1.0,0.894,0.944,0.0,18.94,0.0
1784040633.755525,19827,0,2353,0,1.0,0.894,0.944,0.0,18.949,0.0
1784040633.788887,19837,0,2353,0,1.0,0.894,0.944,0.0,18.959,0.0
1784040633.804951,19847,0,2353,0,1.0,0.894,0.944,0.0,18.968,0.0
1784040633.8288128,19857,0,2353,0,1.0,0.894,0.944,0.0,18.977,0.0
1784040633.8556416,19867,0,2353,0,1.0,0.894,0.944,0.0,18.987,0.0
1784040633.8649127,19877,0,2353,0,1.0,0.894,0.944,0.0,18.996,0.0
1784040633.874733,19887,0,2353,0,1.0,0.894,0.944,0.0,19.005,0.0
1784040633.8852868,19897,0,2353,0,1.0,0.894,0.944,0.0,19.014,0.0
1784040633.8946471,19907,0,2353,0,1.0,0.894,0.944,0.0,19.024,0.0
1784040633.9041173,19917,0,2353,0,1.0,0.894,0.944,0.0,19.033,0.0
1784040633.9135933,19927,0,2353,0,1.0,0.894,0.944,0.0,19.042,0.0
1784040633.9205198,19937,0,2353,0,1.0,0.894,0.944,0.0,19.052,0.0
1784040633.9270995,19947,0,2353,0,1.0,0.894,0.944,0.0,19.061,0.0
1784040633.9368918,19957,0,2353,0,1.0,0.895,0.944,0.0,19.07,0.0
1784040633.9449844,19967,0,2353,0,1.0,0.895,0.944,0.0,19.079,0.0
1784040633.9582677,19977,0,2353,0,1.0,0.895,0.944,0.0,19.088,0.0
1784040633.9674942,19987,0,2353,0,1.0,0.895,0.944,0.0,19.098,0.0
1784040633.9793575,19997,0,2353,0,1.0,0.895,0.944,0.0,19.107,0.0
1784040633.9944694,20007,0,2353,0,1.0,0.895,0.944,0.0,19.116,0.0
1784040634.007631,20017,0,2353,0,1.0,0.895,0.944,0.0,19.125,0.0
1784040634.0232468,20027,0,2353,0,1.0,0.895,0.945,0.0,19.135,0.0
1784040634.042623,20037,0,2353,0,1.0,0.895,0.945,0.0,19.144,0.0
1784040634.0516863,20047,0,2353,0,1.0,0.895,0.945,0.0,19.153,0.0
1784040634.0595274,20057,0,2353,0,1.0,0.895,0.945,0.0,19.162,0.0
1784040634.0684295,20067,0,2353,0,1.0,0.895,0.945,0.0,19.171,0.0
1784040634.0757315,20077,0,2353,0,1.0,0.895,0.945,0.0,19.181,0.0
1784040634.083771,20087,0,2353,0,1.0,0.895,0.945,0.0,19.19,0.0
1784040634.091579,20097,0,2353,0,1.0,0.895,0.945,0.0,19.199,0.0
1784040634.0990016,20107,0,2353,0,1.0,0.895,0.945,0.0,19.208,0.0
1784040634.106769,20117,0,2353,0,1.0,0.895,0.945,0.0,19.217,0.0
1784040634.11336,20127,0,2353,0,1.0,0.895,0.945,0.0,19.226,0.0
1784040634.1327958,20137,0,2353,0,1.0,0.895,0.945,0.0,19.235,0.0
1784040634.1394496,20147,0,2353,0,1.0,0.895,0.945,0.0,19.245,0.0
1784040634.1513307,20157,0,2353,0,1.0,0.895,0.945,0.0,19.254,0.0
1784040634.1600368,20167,0,2353,0,1.0,0.896,0.945,0.0,19.263,0.0
1784040634.1712687,20177,0,2353,0,1.0,0.896,0.945,0.0,19.272,0.0
1784040634.1791263,20187,0,2353,0,1.0,0.896,0.945,0.0,19.281,0.0
1784040634.1969151,20197,0,2353,0,1.0,0.896,0.945,0.0,19.29,0.0
1784040634.2166235,20207,0,2353,0,1.0,0.896,0.945,0.0,19.299,0.0
1784040634.2299843,20217,0,2353,0,1.0,0.896,0.945,0.0,19.308,0.0
1784040634.2369235,20227,0,2353,0,1.0,0.896,0.945,0.0,19.318,0.0
1784040634.245317,20237,0,2353,0,1.0,0.896,0.945,0.0,19.327,0.0
1784040634.2532747,20247,0,2353,0,1.0,0.896,0.945,0.0,19.336,0.0
1784040634.261517,20257,0,2353,0,1.0,0.896,0.945,0.0,19.345,0.0
1784040634.2704632,20267,0,2353,0,1.0,0.896,0.945,0.0,19.354,0.0
1784040634.2785819,20277,0,2353,0,1.0,0.896,0.945,0.0,19.363,0.0
1784040634.2850945,20287,0,2353,0,1.0,0.896,0.945,0.0,19.372,0.0
1784040634.2937589,20297,0,2353,0,1.0,0.896,0.945,0.0,19.381,0.0
1784040634.3012586,20307,0,2353,0,1.0,0.896,0.945,0.0,19.39,0.0
1784040634.3092275,20317,0,2353,0,1.0,0.896,0.945,0.0,19.399,0.0
1784040634.3162954,20327,0,2353,0,1.0,0.896,0.945,0.0,19.408,0.0
1784040634.3267176,20337,0,2353,0,1.0,0.896,0.945,0.0,19.417,0.0
1784040634.3379712,20347,0,2353,0,1.0,0.896,0.945,0.0,19.426,0.0
1784040634.3444867,20357,0,2353,0,1.0,0.896,0.945,0.0,19.435,0.0
1784040634.3513122,20367,0,2353,0,1.0,0.896,0.945,0.0,19.444,0.0
1784040634.3578486,20377,0,2353,0,1.0,0.896,0.945,0.0,19.453,0.0
1784040634.3664856,20387,0,2353,0,1.0,0.897,0.945,0.0,19.462,0.0
1784040634.3739576,20397,0,2353,0,1.0,0.897,0.945,0.0,19.471,0.0
1784040634.383694,20407,0,2353,0,1.0,0.897,0.945,0.0,19.48,0.0
1784040634.394355,20417,0,2353,0,1.0,0.897,0.946,0.0,19.489,0.0
1784040634.4014602,20427,0,2353,0,1.0,0.897,0.946,0.0,19.498,0.0
1784040634.408107,20437,0,2353,0,1.0,0.897,0.946,0.0,19.507,0.0
1784040634.4154024,20447,0,2353,0,1.0,0.897,0.946,0.0,19.516,0.0
1784040634.4240255,20457,0,2353,0,1.0,0.897,0.946,0.0,19.525,0.0
1784040634.4343708,20467,0,2353,0,1.0,0.897,0.946,0.0,19.534,0.0
1784040634.4460464,20477,0,2353,0,1.0,0.897,0.946,0.0,19.543,0.0
1784040634.4520714,20487,0,2353,0,1.0,0.897,0.946,0.0,19.551,0.0
1784040634.4601874,20497,0,2353,0,1.0,0.897,0.946,0.0,19.56,0.0
1784040634.4681017,20507,0,2353,0,1.0,0.897,0.946,0.0,19.569,0.0
1784040634.4754076,20517,0,2353,0,1.0,0.897,0.946,0.0,19.578,0.0
1784040634.486863,20527,0,2353,0,1.0,0.897,0.946,0.0,19.587,0.0
1784040634.4973855,20537,0,2353,0,1.0,0.897,0.946,0.0,19.596,0.0
1784040634.5053134,20547,0,2353,0,1.0,0.897,0.946,0.0,19.605,0.0
1784040634.512677,20557,0,2353,0,1.0,0.897,0.946,0.0,19.614,0.0
1784040634.5212564,20567,0,2353,0,1.0,0.897,0.946,0.0,19.622,0.0
1784040634.5290124,20577,0,2353,0,1.0,0.897,0.946,0.0,19.631,0.0
1784040634.5379374,20587,0,2353,0,1.0,0.897,0.946,0.0,19.64,0.0
1784040634.546013,20597,0,2353,0,1.0,0.897,0.946,0.0,19.649,0.0
1784040634.5561361,20607,0,2353,0,1.0,0.898,0.946,0.0,19.658,0.0
1784040634.5723617,20617,0,2353,0,1.0,0.898,0.946,0.0,19.667,0.0
1784040634.57863,20627,0,2353,0,1.0,0.898,0.946,0.0,19.675,0.0
1784040634.5885353,20637,0,2353,0,1.0,0.898,0.946,0.0,19.684,0.0
1784040634.597769,20647,0,2353,0,1.0,0.898,0.946,0.0,19.693,0.0
1784040634.6100607,20657,0,2353,0,1.0,0.898,0.946,0.0,19.702,0.0
1784040634.6188395,20667,0,2353,0,1.0,0.898,0.946,0.0,19.711,0.0
1784040634.634059,20677,0,2353,0,1.0,0.898,0.946,0.0,19.719,0.0
1784040634.6487985,20687,0,2353,0,1.0,0.898,0.946,0.0,19.728,0.0
1784040634.6610925,20697,0,2353,0,1.0,0.898,0.946,0.0,19.737,0.0
1784040634.669712,20707,0,2353,0,1.0,0.898,0.946,0.0,19.746,0.0
1784040634.6791608,20717,0,2353,0,1.0,0.898,0.946,0.0,19.754,0.0
1784040634.6882222,20727,0,2353,0,1.0,0.898,0.946,0.0,19.763,0.0
1784040634.7017705,20737,0,2353,0,1.0,0.898,0.946,0.0,19.772,0.0
1784040634.7113805,20747,0,2353,0,1.0,0.898,0.946,0.0,19.781,0.0
1784040634.72508,20757,0,2353,0,1.0,0.898,0.946,0.0,19.789,0.0
1784040634.7402916,20767,0,2353,0,1.0,0.898,0.946,0.0,19.798,0.0
1784040634.7498834,20777,0,2353,0,1.0,0.898,0.946,0.0,19.807,0.0
1784040634.7605968,20787,0,2353,0,1.0,0.898,0.946,0.0,19.816,0.0
1784040634.7686281,20797,0,2353,0,1.0,0.898,0.946,0.0,19.824,0.0
1784040634.7789013,20807,0,2353,0,1.0,0.898,0.946,0.0,19.833,0.0
1784040634.7907107,20817,0,2353,0,1.0,0.898,0.947,0.0,19.842,0.0
1784040634.7999806,20827,0,2353,0,1.0,0.898,0.947,0.0,19.85,0.0
1784040634.8148744,20837,0,2353,0,1.0,0.899,0.947,0.0,19.859,0.0
1784040634.828226,20847,0,2353,0,1.0,0.899,0.947,0.0,19.868,0.0
1784040634.8420694,20857,0,2353,0,1.0,0.899,0.947,0.0,19.876,0.0
1784040634.8553746,20867,0,2353,0,1.0,0.899,0.947,0.0,19.885,0.0
1784040634.866005,20877,0,2353,0,1.0,0.899,0.947,0.0,19.894,0.0
1784040634.8756285,20887,0,2353,0,1.0,0.899,0.947,0.0,19.902,0.0
1784040634.8922434,20897,0,2353,0,1.0,0.899,0.947,0.0,19.911,0.0
1784040634.8993163,20907,0,2353,0,1.0,0.899,0.947,0.0,19.92,0.0
1784040634.908538,20917,0,2353,0,1.0,0.899,0.947,0.0,19.928,0.0
1784040634.914259,20927,0,2353,0,1.0,0.899,0.947,0.0,19.937,0.0
1784040634.9211402,20937,0,2353,0,1.0,0.899,0.947,0.0,19.946,0.0
1784040634.929305,20947,0,2353,0,1.0,0.899,0.947,0.0,19.954,0.0
1784040634.940302,20957,0,2353,0,1.0,0.899,0.947,0.0,19.963,0.0
1784040634.96017,20967,0,2353,0,1.0,0.899,0.947,0.0,19.971,0.0
1784040634.9807386,20977,0,2353,0,1.0,0.899,0.947,0.0,19.98,0.0
1784040634.987977,20987,0,2353,0,1.0,0.899,0.947,0.0,19.989,0.0
1784040634.9962442,20997,0,2353,0,1.0,0.899,0.947,0.0,19.997,0.0
1784040635.0051389,21007,0,2353,0,1.0,0.899,0.947,0.0,20.006,0.0
1784040635.012257,21017,0,2353,0,1.0,0.899,0.947,0.0,20.014,0.0
1784040635.0212994,21027,0,2353,0,1.0,0.899,0.947,0.0,20.023,0.0
1784040635.0303626,21037,0,2353,0,1.0,0.899,0.947,0.0,20.031,0.0
1784040635.0430748,21047,0,2353,0,1.0,0.899,0.947,0.0,20.04,0.0
1784040635.0511994,21057,0,2353,0,1.0,0.899,0.947,0.0,20.048,0.0
1784040635.0631347,21067,0,2353,0,1.0,0.9,0.947,0.0,20.057,0.0
1784040635.0715847,21077,0,2353,0,1.0,0.9,0.947,0.0,20.066,0.0
1784040635.0804834,21087,0,2353,0,1.0,0.9,0.947,0.0,20.074,0.0
1784040635.0891988,21097,0,2353,0,1.0,0.9,0.947,0.0,20.083,0.0
1784040635.0960085,21107,0,2353,0,1.0,0.9,0.947,0.0,20.091,0.0
1784040635.1058905,21117,0,2353,0,1.0,0.9,0.947,0.0,20.1,0.0
1784040635.1174004,21127,0,2353,0,1.0,0.9,0.947,0.0,20.108,0.0
1784040635.1285098,21137,0,2353,0,1.0,0.9,0.947,0.0,20.117,0.0
1784040635.1358252,21147,0,2353,0,1.0,0.9,0.947,0.0,20.125,0.0
1784040635.1532996,21157,0,2353,0,1.0,0.9,0.947,0.0,20.134,0.0
1784040635.175502,21167,0,2353,0,1.0,0.9,0.947,0.0,20.142,0.0
1784040635.193947,21177,0,2353,0,1.0,0.9,0.947,0.0,20.151,0.0
1784040635.2030225,21187,0,2353,0,1.0,0.9,0.947,0.0,20.159,0.0
1784040635.2206626,21197,0,2353,0,1.0,0.9,0.947,0.0,20.168,0.0
1784040635.2289388,21207,0,2353,0,1.0,0.9,0.947,0.0,20.176,0.0
1784040635.2423854,21217,0,2353,0,1.0,0.9,0.947,0.0,20.185,0.0
1784040635.2550592,21227,0,2353,0,1.0,0.9,0.947,0.0,20.193,0.0
1784040635.2746336,21237,0,2353,0,1.0,0.9,0.948,0.0,20.202,0.0
1784040635.2952666,21247,0,2353,0,1.0,0.9,0.948,0.0,20.21,0.0
1784040635.31146,21257,0,2353,0,1.0,0.9,0.948,0.0,20.218,0.0
1784040635.3215978,21267,0,2353,0,1.0,0.9,0.948,0.0,20.227,0.0
1784040635.3295388,21277,0,2353,0,1.0,0.9,0.948,0.0,20.235,0.0
1784040635.3390439,21287,0,2353,0,1.0,0.9,0.948,0.0,20.244,0.0
1784040635.354657,21297,0,2353,0,1.0,0.901,0.948,0.0,20.252,0.0
1784040635.364098,21307,0,2353,0,1.0,0.901,0.948,0.0,20.261,0.0
1784040635.3768902,21317,0,2353,0,1.0,0.901,0.948,0.0,20.269,0.0
1784040635.397619,21327,0,2353,0,1.0,0.901,0.948,0.0,20.278,0.0
1784040635.4107563,21337,0,2353,0,1.0,0.901,0.948,0.0,20.286,0.0
1784040635.4263375,21347,0,2353,0,1.0,0.901,0.948,0.0,20.294,0.0
1784040635.4498522,21357,0,2353,0,1.0,0.901,0.948,0.0,20.303,0.0
1784040635.4617968,21367,0,2353,0,1.0,0.901,0.948,0.0,20.311,0.0
1784040635.4711509,21377,0,2353,0,1.0,0.901,0.948,0.0,20.32,0.0
1784040635.4892628,21387,0,2353,0,1.0,0.901,0.948,0.0,20.328,0.0
1784040635.497992,21397,0,2353,0,1.0,0.901,0.948,0.0,20.337,0.0
1784040635.5066085,21407,0,2353,0,1.0,0.901,0.948,0.0,20.345,0.0
1784040635.5200021,21417,0,2353,0,1.0,0.901,0.948,0.0,20.353,0.0
1784040635.5319808,21427,0,2353,0,1.0,0.901,0.948,0.0,20.362,0.0
1784040635.5465934,21437,0,2353,0,1.0,0.901,0.948,0.0,20.37,0.0
1784040635.5568326,21447,0,2353,0,1.0,0.901,0.948,0.0,20.379,0.0
1784040635.5752587,21457,0,2353,0,1.0,0.901,0.948,0.0,20.387,0.0
1784040635.5953283,21467,0,2353,0,1.0,0.901,0.948,0.0,20.395,0.0
1784040635.6050835,21477,0,2353,0,1.0,0.901,0.948,0.0,20.404,0.0
1784040635.615467,21487,0,2353,0,1.0,0.901,0.948,0.0,20.412,0.0
1784040635.6337314,21497,0,2353,0,1.0,0.901,0.948,0.0,20.42,0.0
1784040635.6420326,21507,0,2353,0,1.0,0.901,0.948,0.0,20.429,0.0
1784040635.6482596,21517,0,2353,0,1.0,0.901,0.948,0.0,20.437,0.0
1784040635.655569,21527,0,2353,0,1.0,0.901,0.948,0.0,20.446,0.0
1784040635.6718836,21537,0,2353,0,1.0,0.902,0.948,0.0,20.454,0.0
1784040635.6818545,21547,0,2353,0,1.0,0.902,0.948,0.0,20.462,0.0
1784040635.6922314,21557,0,2353,0,1.0,0.902,0.948,0.0,20.471,0.0
1784040635.7049277,21567,0,2353,0,1.0,0.902,0.948,0.0,20.479,0.0
1784040635.7157903,21577,0,2353,0,1.0,0.902,0.948,0.0,20.487,0.0
1784040635.7276618,21587,0,2353,0,1.0,0.902,0.948,0.0,20.496,0.0
1784040635.7374506,21597,0,2353,0,1.0,0.902,0.948,0.0,20.504,0.0
1784040635.7460382,21607,0,2353,0,1.0,0.902,0.948,0.0,20.512,0.0
1784040635.754156,21617,0,2353,0,1.0,0.902,0.948,0.0,20.521,0.0
1784040635.7622168,21627,0,2353,0,1.0,0.902,0.948,0.0,20.529,0.0
1784040635.7810578,21637,0,2353,0,1.0,0.902,0.948,0.0,20.537,0.0
1784040635.7903435,21647,0,2353,0,1.0,0.902,0.948,0.0,20.545,0.0
1784040635.801242,21657,0,2353,0,1.0,0.902,0.948,0.0,20.554,0.0
1784040635.8128548,21667,0,2353,0,1.0,0.902,0.948,0.0,20.562,0.0
1784040635.8222153,21677,0,2353,0,1.0,0.902,0.949,0.0,20.57,0.0
1784040635.829543,21687,0,2353,0,1.0,0.902,0.949,0.0,20.578,0.0
1784040635.8410974,21697,0,2353,0,1.0,0.902,0.949,0.0,20.587,0.0
1784040635.8484185,21707,0,2353,0,1.0,0.902,0.949,0.0,20.595,0.0
1784040635.8559432,21717,0,2353,0,1.0,0.902,0.949,0.0,20.603,0.0
1784040635.870991,21727,0,2353,0,1.0,0.902,0.949,0.0,20.612,0.0
1784040635.8915627,21737,0,2353,0,1.0,0.902,0.949,0.0,20.62,0.0
1784040635.9024515,21747,0,2353,0,1.0,0.902,0.949,0.0,20.628,0.0
1784040635.908982,21757,0,2353,0,1.0,0.902,0.949,0.0,20.636,0.0
1784040635.9178634,21767,0,2353,0,1.0,0.902,0.949,0.0,20.644,0.0
1784040635.9292703,21777,0,2353,0,1.0,0.902,0.949,0.0,20.653,0.0
1784040635.9368517,21787,0,2353,0,1.0,0.903,0.949,0.0,20.661,0.0
1784040635.943208,21797,0,2353,0,1.0,0.903,0.949,0.0,20.669,0.0
1784040635.9552114,21807,0,2353,0,1.0,0.903,0.949,0.0,20.677,0.0
1784040635.9622977,21817,0,2353,0,1.0,0.903,0.949,0.0,20.686,0.0
1784040635.9780364,21827,0,2353,0,1.0,0.903,0.949,0.0,20.694,0.0
1784040635.9900305,21837,0,2353,0,1.0,0.903,0.949,0.0,20.702,0.0
1784040635.999397,21847,0,2353,0,1.0,0.903,0.949,0.0,20.71,0.0
1784040636.008939,21857,0,2353,0,1.0,0.903,0.949,0.0,20.718,0.0
1784040636.0176706,21867,0,2353,0,1.0,0.903,0.949,0.0,20.727,0.0
1784040636.028627,21877,0,2353,0,1.0,0.903,0.949,0.0,20.735,0.0
1784040636.036835,21887,0,2353,0,1.0,0.903,0.949,0.0,20.743,0.0
1784040636.0483315,21897,0,2353,0,1.0,0.903,0.949,0.0,20.751,0.0
1784040636.0597053,21907,0,2353,0,1.0,0.903,0.949,0.0,20.759,0.0
1784040636.0683267,21917,0,2353,0,1.0,0.903,0.949,0.0,20.767,0.0
1784040636.0762987,21927,0,2353,0,1.0,0.903,0.949,0.0,20.776,0.0
1784040636.0942612,21937,0,2353,0,1.0,0.903,0.949,0.0,20.784,0.0
1784040636.1069405,21947,0,2353,0,1.0,0.903,0.949,0.0,20.792,0.0
1784040636.118641,21957,0,2353,0,1.0,0.903,0.949,0.0,20.8,0.0
1784040636.1309624,21967,0,2353,0,1.0,0.903,0.949,0.0,20.808,0.0
1784040636.1459684,21977,0,2353,0,1.0,0.903,0.949,0.0,20.816,0.0
1784040636.1597354,21987,0,2353,0,1.0,0.903,0.949,0.0,20.824,0.0
1784040636.1808193,21997,0,2353,0,1.0,0.903,0.949,0.0,20.833,0.0
1784040636.1982627,22007,0,2353,0,1.0,0.903,0.949,0.0,20.841,0.0
1784040636.2147932,22017,0,2353,0,1.0,0.903,0.949,0.0,20.849,0.0
1784040636.2338936,22027,0,2353,0,1.0,0.903,0.949,0.0,20.857,0.0
1784040636.24994,22037,0,2353,0,1.0,0.904,0.949,0.0,20.865,0.0
1784040636.26761,22047,0,2353,0,1.0,0.904,0.949,0.0,20.873,0.0
1784040636.2810886,22057,0,2353,0,1.0,0.904,0.949,0.0,20.881,0.0
1784040636.2934673,22067,0,2353,0,1.0,0.904,0.949,0.0,20.889,0.0
1784040636.305116,22077,0,2353,0,1.0,0.904,0.949,0.0,20.898,0.0
1784040636.3224258,22087,0,2353,0,1.0,0.904,0.949,0.0,20.906,0.0
1784040636.333817,22097,0,2353,0,1.0,0.904,0.949,0.0,20.914,0.0
1784040636.3426847,22107,0,2353,0,1.0,0.904,0.949,0.0,20.922,0.0
1784040636.3544288,22117,0,2353,0,1.0,0.904,0.949,0.0,20.93,0.0
1784040636.362382,22127,0,2353,0,1.0,0.904,0.95,0.0,20.938,0.0
1784040636.3755999,22137,0,2353,0,1.0,0.904,0.95,0.0,20.946,0.0
1784040636.386615,22147,0,2353,0,1.0,0.904,0.95,0.0,20.954,0.0
1784040636.3964689,22157,0,2353,0,1.0,0.904,0.95,0.0,20.962,0.0
1784040636.4030135,22167,0,2353,0,1.0,0.904,0.95,0.0,20.97,0.0
1784040636.408589,22177,0,2353,0,1.0,0.904,0.95,0.0,20.979,0.0
1784040636.4181232,22187,0,2353,0,1.0,0.904,0.95,0.0,20.987,0.0
1784040636.4266696,22197,0,2353,0,1.0,0.904,0.95,0.0,20.995,0.0
1784040636.4366167,22207,0,2353,0,1.0,0.904,0.95,0.0,21.003,0.0
1784040636.4532676,22217,0,2353,0,1.0,0.904,0.95,0.0,21.011,0.0
1784040636.465362,22227,0,2353,0,1.0,0.904,0.95,0.0,21.019,0.0
1784040636.4830616,22237,0,2353,0,1.0,0.904,0.95,0.0,21.027,0.0
1784040636.5000665,22247,0,2353,0,1.0,0.904,0.95,0.0,21.035,0.0
1784040636.5085962,22257,0,2353,0,1.0,0.904,0.95,0.0,21.043,0.0
1784040636.5208545,22267,0,2353,0,1.0,0.904,0.95,0.0,21.051,0.0
1784040636.5302503,22277,0,2353,0,1.0,0.904,0.95,0.0,21.059,0.0
1784040636.538538,22287,0,2353,0,1.0,0.905,0.95,0.0,21.067,0.0
1784040636.548318,22297,0,2353,0,1.0,0.905,0.95,0.0,21.075,0.0
1784040636.55608,22307,0,2353,0,1.0,0.905,0.95,0.0,21.083,0.0
1784040636.56639,22317,0,2353,0,1.0,0.905,0.95,0.0,21.091,0.0
1784040636.5822332,22327,0,2353,0,1.0,0.905,0.95,0.0,21.098,0.0
1784040636.5914993,22337,0,2353,0,1.0,0.905,0.95,0.0,21.106,0.0
1784040636.5985348,22347,0,2353,0,1.0,0.905,0.95,0.0,21.113,0.0
1784040636.6112013,22357,0,2353,0,1.0,0.905,0.95,0.0,21.119,0.0
1784040636.619956,22367,0,2353,0,1.0,0.905,0.95,0.0,21.125,0.0
1784040636.6271265,22377,0,2353,0,1.0,0.905,0.95,0.0,21.131,0.0
1784040636.634506,22387,0,2353,0,1.0,0.905,0.95,0.0,21.137,0.0
1784040636.6426911,22397,0,2353,0,1.0,0.905,0.95,0.0,21.143,0.0
1784040636.6529636,22407,0,2353,0,1.0,0.905,0.95,0.0,21.149,0.0
1784040636.666148,22417,0,2353,0,1.0,0.905,0.95,0.0,21.155,0.0
1784040636.6815166,22427,0,2353,0,1.0,0.905,0.95,0.0,21.161,0.0
1784040636.6921813,22437,0,2353,0,1.0,0.905,0.95,0.0,21.167,0.0
1784040636.701194,22447,0,2353,0,1.0,0.905,0.95,0.0,21.173,0.0
1784040636.7124696,22457,0,2353,0,1.0,0.905,0.95,0.0,21.179,0.0
1784040636.7218547,22467,0,2353,0,1.0,0.905,0.95,0.0,21.185,0.0
1784040636.7393332,22477,0,2353,0,1.0,0.905,0.95,0.0,21.191,0.0
1784040636.7464051,22487,0,2353,0,1.0,0.905,0.95,0.0,21.197,0.0
1784040636.7539597,22497,0,2353,0,1.0,0.905,0.95,0.0,21.204,0.0
1784040636.764291,22507,0,2353,0,1.0,0.905,0.95,0.0,21.21,0.0
1784040636.7765079,22517,0,2353,0,1.0,0.905,0.95,0.0,21.216,0.0
1784040636.7858534,22527,0,2353,0,1.0,0.905,0.95,0.0,21.222,0.0
1784040636.7991378,22537,0,2353,0,1.0,0.905,0.95,0.0,21.228,0.0
1784040636.8086782,22547,0,2353,0,1.0,0.906,0.95,0.0,21.234,0.0
1784040636.819703,22557,0,2353,0,1.0,0.906,0.95,0.0,21.24,0.0
1784040636.8276908,22567,0,2353,0,1.0,0.906,0.95,0.0,21.246,0.0
1784040636.8368108,22577,0,2353,0,1.0,0.906,0.95,0.0,21.252,0.0
1784040636.8529377,22587,0,2353,0,1.0,0.906,0.95,0.0,21.258,0.0
1784040636.8633535,22597,0,2353,0,1.0,0.906,0.951,0.0,21.264,0.0
1784040636.8745306,22607,0,2353,0,1.0,0.906,0.951,0.0,21.27,0.0
1784040636.8829477,22617,0,2353,0,1.0,0.906,0.951,0.0,21.276,0.0
1784040636.8918583,22627,0,2353,0,1.0,0.906,0.951,0.0,21.282,0.0
1784040636.903396,22637,0,2353,0,1.0,0.906,0.951,0.0,21.288,0.0
1784040636.9176157,22647,0,2353,0,1.0,0.906,0.951,0.0,21.293,0.0
1784040636.9348938,22657,0,2353,0,1.0,0.906,0.951,0.0,21.299,0.0
1784040636.9444816,22667,0,2353,0,1.0,0.906,0.951,0.0,21.305,0.0
1784040636.9593275,22677,0,2353,0,1.0,0.906,0.951,0.0,21.311,0.0
1784040636.971091,22687,0,2353,0,1.0,0.906,0.951,0.0,21.317,0.0
1784040636.979676,22697,0,2353,0,1.0,0.906,0.951,0.0,21.323,0.0
1784040636.996529,22707,0,2353,0,1.0,0.906,0.951,0.0,21.329,0.0
1784040637.0050206,22717,0,2353,0,1.0,0.906,0.951,0.0,21.335,0.0
1784040637.01646,22727,0,2353,0,1.0,0.906,0.951,0.0,21.341,0.0
1784040637.0304313,22737,0,2353,0,1.0,0.906,0.951,0.0,21.347,0.0
1784040637.0416768,22747,0,2353,0,1.0,0.906,0.951,0.0,21.353,0.0
1784040637.051627,22757,0,2353,0,1.0,0.906,0.951,0.0,21.359,0.0
1784040637.062494,22767,0,2353,0,1.0,0.906,0.951,0.0,21.365,0.0
1784040637.0793736,22777,0,2353,0,1.0,0.906,0.951,0.0,21.371,0.0
1784040637.087923,22787,0,2353,0,1.0,0.906,0.951,0.0,21.377,0.0
1784040637.0958412,22797,0,2353,0,1.0,0.906,0.951,0.0,21.383,0.0
1784040637.1034362,22807,0,2353,0,1.0,0.906,0.951,0.0,21.389,0.0
1784040637.111752,22817,0,2353,0,1.0,0.907,0.951,0.0,21.395,0.0
1784040637.122772,22827,0,2353,0,1.0,0.907,0.951,0.0,21.401,0.0
1784040637.1307936,22837,0,2353,0,1.0,0.907,0.951,0.0,21.407,0.0
1784040637.1427886,22847,0,2353,0,1.0,0.907,0.951,0.0,21.413,0.0
1784040637.1527843,22857,0,2353,0,1.0,0.907,0.951,0.0,21.418,0.0
1784040637.161621,22867,0,2353,0,1.0,0.907,0.951,0.0,21.424,0.0
1784040637.1767023,22877,0,2353,0,1.0,0.907,0.951,0.0,21.43,0.0
1784040637.1881685,22887,0,2353,0,1.0,0.907,0.951,0.0,21.436,0.0
1784040637.1969352,22897,0,2353,0,1.0,0.907,0.951,0.0,21.442,0.0
1784040637.2052755,22907,0,2353,0,1.0,0.907,0.951,0.0,21.448,0.0
1784040637.213942,22917,0,2353,0,1.0,0.907,0.951,0.0,21.454,0.0
1784040637.222554,22927,0,2353,0,1.0,0.907,0.951,0.0,21.46,0.0
1784040637.2323093,22937,0,2353,0,1.0,0.907,0.951,0.0,21.465,0.0
1784040637.245119,22947,0,2353,0,1.0,0.907,0.951,0.0,21.471,0.0
1784040637.2554128,22957,0,2353,0,1.0,0.907,0.951,0.0,21.477,0.0
1784040637.2653565,22967,0,2353,0,1.0,0.907,0.951,0.0,21.483,0.0
1784040637.2743526,22977,0,2353,0,1.0,0.907,0.951,0.0,21.489,0.0
1784040637.2838604,22987,0,2353,0,1.0,0.907,0.951,0.0,21.495,0.0
1784040637.2950222,22997,0,2353,0,1.0,0.907,0.951,0.0,21.501,0.0
1784040637.3064048,23007,0,2353,0,1.0,0.907,0.951,0.0,21.506,0.0
1784040637.3169532,23017,0,2353,0,1.0,0.907,0.951,0.0,21.512,0.0
1784040637.3278716,23027,0,2353,0,1.0,0.907,0.951,0.0,21.518,0.0
1784040637.3548167,23037,0,2353,0,1.0,0.907,0.951,0.0,21.524,0.0
1784040637.3621492,23047,0,2353,0,1.0,0.907,0.951,0.0,21.53,0.0
1784040637.3747756,23057,0,2353,0,1.0,0.907,0.951,0.0,21.536,0.0
1784040637.386587,23067,0,2353,0,1.0,0.907,0.951,0.0,21.542,0.0
1784040637.407429,23077,0,2353,0,1.0,0.907,0.951,0.0,21.547,0.0
1784040637.417313,23087,0,2353,0,1.0,0.908,0.952,0.0,21.553,0.0
1784040637.425466,23097,0,2353,0,1.0,0.908,0.952,0.0,21.559,0.0
1784040637.443761,23107,0,2353,0,1.0,0.908,0.952,0.0,21.565,0.0
1784040637.4666576,23117,0,2353,0,1.0,0.908,0.952,0.0,21.571,0.0
1784040637.4770644,23127,0,2353,0,1.0,0.908,0.952,0.0,21.576,0.0
1784040637.4919949,23137,0,2353,0,1.0,0.908,0.952,0.0,21.582,0.0
1784040637.4985137,23147,0,2353,0,1.0,0.908,0.952,0.0,21.588,0.0
1784040637.509363,23157,0,2353,0,1.0,0.908,0.952,0.0,21.594,0.0
1784040637.5193515,23167,0,2353,0,1.0,0.908,0.952,0.0,21.6,0.0
1784040637.5301814,23177,0,2353,0,1.0,0.908,0.952,0.0,21.606,0.0
1784040637.5432189,23187,0,2353,0,1.0,0.908,0.952,0.0,21.611,0.0
1784040637.5527167,23197,0,2353,0,1.0,0.908,0.952,0.0,21.617,0.0
1784040637.5620503,23207,0,2353,0,1.0,0.908,0.952,0.0,21.623,0.0
1784040637.5745,23217,0,2353,0,1.0,0.908,0.952,0.0,21.629,0.0
1784040637.5839994,23227,0,2353,0,1.0,0.908,0.952,0.0,21.634,0.0
1784040637.59368,23237,0,2353,0,1.0,0.908,0.952,0.0,21.64,0.0
1784040637.6039968,23247,0,2353,0,1.0,0.908,0.952,0.0,21.646,0.0
1784040637.6116722,23257,0,2353,0,1.0,0.908,0.952,0.0,21.652,0.0
1784040637.6438842,23267,0,2353,0,1.0,0.908,0.952,0.0,21.658,0.0
1784040637.687219,23277,0,2353,0,1.0,0.908,0.952,0.0,21.663,0.0
1784040637.7056289,23287,0,2353,0,1.0,0.908,0.952,0.0,21.669,0.0
1784040637.718393,23297,0,2353,0,1.0,0.908,0.952,0.0,21.675,0.0
1784040637.7437909,23307,0,2353,0,1.0,0.908,0.952,0.0,21.681,0.0
1784040637.75752,23317,0,2353,0,1.0,0.908,0.952,0.0,21.687,0.0
1784040637.77037,23327,0,2353,0,1.0,0.908,0.952,0.0,21.692,0.0
1784040637.782846,23337,0,2353,0,1.0,0.908,0.952,0.0,21.698,0.0
1784040637.7950084,23347,0,2353,0,1.0,0.908,0.952,0.0,21.704,0.0
1784040637.8114283,23357,0,2353,0,1.0,0.908,0.952,0.0,21.71,0.0
1784040637.8291812,23367,0,2353,0,1.0,0.909,0.952,0.0,21.716,0.0
1784040637.8396492,23377,0,2353,0,1.0,0.909,0.952,0.0,21.721,0.0
1784040637.8530853,23387,0,2353,0,1.0,0.909,0.952,0.0,21.727,0.0
1784040637.8671453,23397,0,2353,0,1.0,0.909,0.952,0.0,21.733,0.0
1784040637.8795564,23407,0,2353,0,1.0,0.909,0.952,0.0,21.739,0.0
1784040637.8912733,23417,0,2353,0,1.0,0.909,0.952,0.0,21.745,0.0
1784040637.9015784,23427,0,2353,0,1.0,0.909,0.952,0.0,21.75,0.0
1784040637.9107654,23437,0,2353,0,1.0,0.909,0.952,0.0,21.756,0.0
1784040637.9209423,23447,0,2353,0,1.0,0.909,0.952,0.0,21.762,0.0
1784040637.928823,23457,0,2353,0,1.0,0.909,0.952,0.0,21.768,0.0
1784040637.93716,23467,0,2353,0,1.0,0.909,0.952,0.0,21.773,0.0
1784040637.9498003,23477,0,2353,0,1.0,0.909,0.952,0.0,21.779,0.0
1784040637.9668667,23487,0,2353,0,1.0,0.909,0.952,0.0,21.785,0.0
1784040637.9808295,23497,0,2353,0,1.0,0.909,0.952,0.0,21.791,0.0
1784040638.009673,23507,0,2353,0,1.0,0.909,0.952,0.0,21.797,0.0
1784040638.0241618,23517,0,2353,0,1.0,0.909,0.952,0.0,21.802,0.0
1784040638.0324037,23527,0,2353,0,1.0,0.909,0.952,0.0,21.808,0.0
1784040638.0402808,23537,0,2353,0,1.0,0.909,0.952,0.0,21.814,0.0
1784040638.052517,23547,0,2353,0,1.0,0.909,0.952,0.0,21.82,0.0
1784040638.0630014,23557,0,2353,0,1.0,0.909,0.952,0.0,21.825,0.0
1784040638.074309,23567,0,2353,0,1.0,0.909,0.952,0.0,21.831,0.0
1784040638.0919206,23577,0,2353,0,1.0,0.909,0.952,0.0,21.837,0.0
1784040638.109833,23587,0,2353,0,1.0,0.909,0.952,0.0,21.843,0.0
1784040638.1319845,23597,0,2353,0,1.0,0.909,0.953,0.0,21.848,0.0
1784040638.1404316,23607,0,2353,0,1.0,0.909,0.953,0.0,21.854,0.0
1784040638.1494212,23617,0,2353,0,1.0,0.909,0.953,0.0,21.86,0.0
1784040638.1580458,23627,0,2353,0,1.0,0.909,0.953,0.0,21.865,0.0
1784040638.166839,23637,0,2353,0,1.0,0.909,0.953,0.0,21.871,0.0
1784040638.1798825,23647,0,2353,0,1.0,0.909,0.953,0.0,21.877,0.0
1784040638.191988,23657,0,2353,0,1.0,0.91,0.953,0.0,21.883,0.0
1784040638.2023747,23667,0,2353,0,1.0,0.91,0.953,0.0,21.888,0.0
1784040638.2115588,23677,0,2353,0,1.0,0.91,0.953,0.0,21.894,0.0
1784040638.221429,23687,0,2353,0,1.0,0.91,0.953,0.0,21.9,0.0
1784040638.2325747,23697,0,2353,0,1.0,0.91,0.953,0.0,21.905,0.0
1784040638.242335,23707,0,2353,0,1.0,0.91,0.953,0.0,21.911,0.0
1784040638.2505605,23717,0,2353,0,1.0,0.91,0.953,0.0,21.917,0.0
1784040638.2579474,23727,0,2353,0,1.0,0.91,0.953,0.0,21.922,0.0
1784040638.267945,23737,0,2353,0,1.0,0.91,0.953,0.0,21.928,0.0
1784040638.281115,23747,0,2353,0,1.0,0.91,0.953,0.0,21.934,0.0
1784040638.2905643,23757,0,2353,0,1.0,0.91,0.953,0.0,21.939,0.0
1784040638.3001597,23767,0,2353,0,1.0,0.91,0.953,0.0,21.945,0.0
1784040638.308929,23777,0,2353,0,1.0,0.91,0.953,0.0,21.951,0.0
1784040638.3258307,23787,0,2353,0,1.0,0.91,0.953,0.0,21.956,0.0
1784040638.3365371,23797,0,2353,0,1.0,0.91,0.953,0.0,21.962,0.0
1784040638.3451989,23807,0,2353,0,1.0,0.91,0.953,0.0,21.968,0.0
1784040638.3528924,23817,0,2353,0,1.0,0.91,0.953,0.0,21.973,0.0
1784040638.364973,23827,0,2353,0,1.0,0.91,0.953,0.0,21.979,0.0
1784040638.376915,23837,0,2353,0,1.0,0.91,0.953,0.0,21.985,0.0
1784040638.386824,23847,0,2353,0,1.0,0.91,0.953,0.0,21.99,0.0
1784040638.4093144,23857,0,2353,0,1.0,0.91,0.953,0.0,21.996,0.0
1784040638.4238586,23867,0,2353,0,1.0,0.91,0.953,0.0,22.002,0.0
1784040638.4358768,23877,0,2353,0,1.0,0.91,0.953,0.0,22.007,0.0
1784040638.460276,23887,0,2353,0,1.0,0.91,0.953,0.0,22.013,0.0
1784040638.4711604,23897,0,2353,0,1.0,0.91,0.953,0.0,22.019,0.0
1784040638.4819753,23907,0,2353,0,1.0,0.91,0.953,0.0,22.024,0.0
1784040638.489928,23917,0,2353,0,1.0,0.91,0.953,0.0,22.03,0.0
1784040638.5003195,23927,0,2353,0,1.0,0.91,0.953,0.0,22.036,0.0
1784040638.5086892,23937,0,2353,0,1.0,0.91,0.953,0.0,22.041,0.0
1784040638.5187354,23947,0,2353,0,1.0,0.911,0.953,0.0,22.047,0.0
1784040638.5289369,23957,0,2353,0,1.0,0.911,0.953,0.0,22.052,0.0
1784040638.5404658,23967,0,2353,0,1.0,0.911,0.953,0.0,22.058,0.0
1784040638.549101,23977,0,2353,0,1.0,0.911,0.953,0.0,22.064,0.0
1784040638.5582418,23987,0,2353,0,1.0,0.911,0.953,0.0,22.069,0.0
1784040638.569315,23997,0,2353,0,1.0,0.911,0.953,0.0,22.075,0.0
1784040638.5823889,24007,0,2353,0,1.0,0.911,0.953,0.0,22.081,0.0
1784040638.593361,24017,0,2353,0,1.0,0.911,0.953,0.0,22.086,0.0
1784040638.6077611,24027,0,2353,0,1.0,0.911,0.953,0.0,22.092,0.0
1784040638.6171296,24037,0,2353,0,1.0,0.911,0.953,0.0,22.098,0.0
1784040638.6270168,24047,0,2353,0,1.0,0.911,0.953,0.0,22.103,0.0
1784040638.6456363,24057,0,2353,0,1.0,0.911,0.953,0.0,22.109,0.0
1784040638.6638868,24067,0,2353,0,1.0,0.911,0.953,0.0,22.114,0.0
1784040638.671867,24077,0,2353,0,1.0,0.911,0.953,0.0,22.12,0.0
1784040638.680678,24087,0,2353,0,1.0,0.911,0.953,0.0,22.126,0.0
1784040638.6974764,24097,0,2353,0,1.0,0.911,0.953,0.0,22.131,0.0
1784040638.7090027,24107,0,2353,0,1.0,0.911,0.953,0.0,22.137,0.0
1784040638.7176495,24117,0,2353,0,1.0,0.911,0.953,0.0,22.142,0.0
1784040638.7280886,24127,0,2353,0,1.0,0.911,0.954,0.0,22.148,0.0
1784040638.7428641,24137,0,2353,0,1.0,0.911,0.954,0.0,22.154,0.0
1784040638.7539566,24147,0,2353,0,1.0,0.911,0.954,0.0,22.159,0.0
1784040638.7650206,24157,0,2353,0,1.0,0.911,0.954,0.0,22.165,0.0
1784040638.7766817,24167,0,2353,0,1.0,0.911,0.954,0.0,22.17,0.0
1784040638.7838137,24177,0,2353,0,1.0,0.911,0.954,0.0,22.176,0.0
1784040638.7949626,24187,0,2353,0,1.0,0.911,0.954,0.0,22.182,0.0
1784040638.8017461,24197,0,2353,0,1.0,0.911,0.954,0.0,22.187,0.0
1784040638.812861,24207,0,2353,0,1.0,0.911,0.954,0.0,22.193,0.0
1784040638.8219943,24217,0,2353,0,1.0,0.911,0.954,0.0,22.198,0.0
1784040638.8319995,24227,0,2353,0,1.0,0.911,0.954,0.0,22.204,0.0
1784040638.8467484,24237,0,2353,0,1.0,0.912,0.954,0.0,22.21,0.0
1784040638.8572295,24247,0,2353,0,1.0,0.912,0.954,0.0,22.215,0.0
1784040638.8683343,24257,0,2353,0,1.0,0.912,0.954,0.0,22.221,0.0
1784040638.8810697,24267,0,2353,0,1.0,0.912,0.954,0.0,22.226,0.0
1784040638.889001,24277,0,2353,0,1.0,0.912,0.954,0.0,22.232,0.0
1784040638.8980231,24287,0,2353,0,1.0,0.912,0.954,0.0,22.238,0.0
1784040638.9047425,24297,0,2353,0,1.0,0.912,0.954,0.0,22.243,0.0
1784040638.9139977,24307,0,2353,0,1.0,0.912,0.954,0.0,22.249,0.0
1784040638.9255118,24317,0,2353,0,1.0,0.912,0.954,0.0,22.254,0.0
1784040638.9335268,24327,0,2353,0,1.0,0.912,0.954,0.0,22.26,0.0
1784040638.9403126,24337,0,2353,0,1.0,0.912,0.954,0.0,22.265,0.0
1784040638.95499,24347,0,2353,0,1.0,0.912,0.954,0.0,22.271,0.0
1784040638.963532,24357,0,2353,0,1.0,0.912,0.954,0.0,22.277,0.0
1784040638.97173,24367,0,2353,0,1.0,0.912,0.954,0.0,22.282,0.0
1784040638.9794,24377,0,2353,0,1.0,0.912,0.954,0.0,22.288,0.0
1784040638.9885693,24387,0,2353,0,1.0,0.912,0.954,0.0,22.293,0.0
1784040638.9961574,24397,0,2353,0,1.0,0.912,0.954,0.0,22.299,0.0
1784040639.0053387,24407,0,2353,0,1.0,0.912,0.954,0.0,22.304,0.0
1784040639.01789,24417,0,2353,0,1.0,0.912,0.954,0.0,22.31,0.0
1784040639.0274847,24427,0,2353,0,1.0,0.912,0.954,0.0,22.315,0.0
1784040639.0364237,24437,0,2353,0,1.0,0.912,0.954,0.0,22.321,0.0
1784040639.0463731,24447,0,2353,0,1.0,0.912,0.954,0.0,22.326,0.0
1784040639.0584745,24457,0,2353,0,1.0,0.912,0.954,0.0,22.332,0.0
1784040639.070457,24467,0,2353,0,1.0,0.912,0.954,0.0,22.337,0.0
1784040639.0806453,24477,0,2353,0,1.0,0.912,0.954,0.0,22.343,0.0
1784040639.1002347,24487,0,2353,0,1.0,0.912,0.954,0.0,22.348,0.0
1784040639.1182187,24497,0,2353,0,1.0,0.912,0.954,0.0,22.354,0.0
1784040639.1262033,24507,0,2353,0,1.0,0.912,0.954,0.0,22.359,0.0
1784040639.1397388,24517,0,2353,0,1.0,0.912,0.954,0.0,22.365,0.0
1784040639.150124,24527,0,2353,0,1.0,0.912,0.954,0.0,22.37,0.0
1784040639.1618876,24537,0,2353,0,1.0,0.912,0.954,0.0,22.376,0.0
1784040639.170761,24547,0,2353,0,1.0,0.913,0.954,0.0,22.381,0.0
1784040639.225575,24557,0,2353,0,1.0,0.913,0.954,0.0,22.387,0.0
1784040639.2500901,24567,0,2353,0,1.0,0.913,0.954,0.0,22.392,0.0
1784040639.2715614,24577,0,2353,0,1.0,0.913,0.954,0.0,22.398,0.0
1784040639.285629,24587,0,2353,0,1.0,0.913,0.954,0.0,22.404,0.0
1784040639.2959054,24597,0,2353,0,1.0,0.913,0.954,0.0,22.409,0.0
1784040639.3060508,24607,0,2353,0,1.0,0.913,0.954,0.0,22.415,0.0
1784040639.318791,24617,0,2353,0,1.0,0.913,0.954,0.0,22.42,0.0
1784040639.33336,24627,0,2353,0,1.0,0.913,0.954,0.0,22.426,0.0
1784040639.34912,24637,0,2353,0,1.0,0.913,0.954,0.0,22.431,0.0
1784040639.3598747,24647,0,2353,0,1.0,0.913,0.954,0.0,22.437,0.0
1784040639.3742256,24657,0,2353,0,1.0,0.913,0.954,0.0,22.442,0.0
1784040639.3833206,24667,0,2353,0,1.0,0.913,0.954,0.0,22.448,0.0
1784040639.3960493,24677,0,2353,0,1.0,0.913,0.954,0.0,22.453,0.0
1784040639.4067469,24687,0,2353,0,1.0,0.913,0.955,0.0,22.459,0.0
1784040639.4169981,24697,0,2353,0,1.0,0.913,0.955,0.0,22.464,0.0
1784040639.424491,24707,0,2353,0,1.0,0.913,0.955,0.0,22.47,0.0
1784040639.438577,24717,0,2353,0,1.0,0.913,0.955,0.0,22.475,0.0
1784040639.4463558,24727,0,2353,0,1.0,0.913,0.955,0.0,22.48,0.0
1784040639.4550054,24737,0,2353,0,1.0,0.913,0.955,0.0,22.486,0.0
1784040639.4623618,24747,0,2353,0,1.0,0.913,0.955,0.0,22.491,0.0
1784040639.4737246,24757,0,2353,0,1.0,0.913,0.955,0.0,22.497,0.0
1784040639.4995348,24767,0,2353,0,1.0,0.913,0.955,0.0,22.502,0.0
1784040639.5143237,24777,0,2353,0,1.0,0.913,0.955,0.0,22.508,0.0
1784040639.5222328,24787,0,2353,0,1.0,0.913,0.955,0.0,22.513,0.0
1784040639.5315268,24797,0,2353,0,1.0,0.913,0.955,0.0,22.519,0.0
1784040639.544797,24807,0,2353,0,1.0,0.913,0.955,0.0,22.524,0.0
1784040639.5546532,24817,0,2353,0,1.0,0.913,0.955,0.0,22.53,0.0
1784040639.5616677,24827,0,2353,0,1.0,0.913,0.955,0.0,22.535,0.0
1784040639.5703971,24837,0,2353,0,1.0,0.913,0.955,0.0,22.541,0.0
1784040639.5803223,24847,0,2353,0,1.0,0.913,0.955,0.0,22.546,0.0
1784040639.5933323,24857,0,2353,0,1.0,0.914,0.955,0.0,22.552,0.0
1784040639.601906,24867,0,2353,0,1.0,0.914,0.955,0.0,22.557,0.0
1784040639.6120548,24877,0,2353,0,1.0,0.914,0.955,0.0,22.563,0.0
1784040639.6206958,24887,0,2353,0,1.0,0.914,0.955,0.0,22.568,0.0
1784040639.630194,24897,0,2353,0,1.0,0.914,0.955,0.0,22.574,0.0
1784040639.643328,24907,0,2353,0,1.0,0.914,0.955,0.0,22.579,0.0
1784040639.6511245,24917,0,2353,0,1.0,0.914,0.955,0.0,22.584,0.0
1784040639.65954,24927,0,2353,0,1.0,0.914,0.955,0.0,22.59,0.0
1784040639.681017,24937,0,2353,0,1.0,0.914,0.955,0.0,22.595,0.0
1784040639.7056339,24947,0,2353,0,1.0,0.914,0.955,0.0,22.601,0.0
1784040639.7140458,24957,0,2353,0,1.0,0.914,0.955,0.0,22.606,0.0
1784040639.721982,24967,0,2353,0,1.0,0.914,0.955,0.0,22.612,0.0
1784040639.7361574,24977,0,2353,0,1.0,0.914,0.955,0.0,22.617,0.0
1784040639.745991,24987,0,2353,0,1.0,0.914,0.955,0.0,22.623,0.0
1784040639.7530632,24997,0,2353,0,1.0,0.914,0.955,0.0,22.628,0.0
1784040639.7591352,25007,0,2353,0,1.0,0.914,0.955,0.0,22.633,0.0
1784040639.7689803,25017,0,2353,0,1.0,0.914,0.955,0.0,22.639,0.0
1784040639.7782888,25027,0,2353,0,1.0,0.914,0.955,0.0,22.644,0.0
1784040639.7863755,25037,0,2353,0,1.0,0.914,0.955,0.0,22.65,0.0
1784040639.8074784,25047,0,2353,0,1.0,0.914,0.955,0.0,22.655,0.0
1784040639.8147712,25057,0,2353,0,1.0,0.914,0.955,0.0,22.66,0.0
1784040639.8227103,25067,0,2353,0,1.0,0.914,0.955,0.0,22.666,0.0
1784040639.8290386,25077,0,2353,0,1.0,0.914,0.955,0.0,22.671,0.0
1784040639.8393233,25087,0,2353,0,1.0,0.914,0.955,0.0,22.677,0.0
1784040639.8486469,25097,0,2353,0,1.0,0.914,0.955,0.0,22.682,0.0
1784040639.8574543,25107,0,2353,0,1.0,0.914,0.955,0.0,22.687,0.0
1784040639.8706167,25117,0,2353,0,1.0,0.914,0.955,0.0,22.693,0.0
1784040639.8773704,25127,0,2353,0,1.0,0.914,0.955,0.0,22.698,0.0
1784040639.8853242,25137,0,2353,0,1.0,0.914,0.955,0.0,22.704,0.0
1784040639.8942847,25147,0,2353,0,1.0,0.914,0.955,0.0,22.709,0.0
1784040639.9024498,25157,0,2353,0,1.0,0.914,0.955,0.0,22.714,0.0
1784040639.9131844,25167,0,2353,0,1.0,0.914,0.955,0.0,22.72,0.0
1784040639.9242687,25177,0,2353,0,1.0,0.915,0.955,0.0,22.725,0.0
1784040639.9319384,25187,0,2353,0,1.0,0.915,0.955,0.0,22.73,0.0
1784040639.9390912,25197,0,2353,0,1.0,0.915,0.955,0.0,22.736,0.0
1784040639.9566414,25207,0,2353,0,1.0,0.915,0.955,0.0,22.741,0.0
1784040639.9652076,25217,0,2353,0,1.0,0.915,0.955,0.0,22.747,0.0
1784040639.972872,25227,0,2353,0,1.0,0.915,0.955,0.0,22.752,0.0
1784040639.9839325,25237,0,2353,0,1.0,0.915,0.955,0.0,22.757,0.0
1784040639.9933639,25247,0,2353,0,1.0,0.915,0.955,0.0,22.763,0.0
1784040640.000531,25257,0,2353,0,1.0,0.915,0.955,0.0,22.768,0.0
1784040640.008419,25267,0,2353,0,1.0,0.915,0.956,0.0,22.773,0.0
1784040640.0240815,25277,0,2353,0,1.0,0.915,0.956,0.0,22.779,0.0
1784040640.034626,25287,0,2353,0,1.0,0.915,0.956,0.0,22.784,0.0
1784040640.0499372,25297,0,2353,0,1.0,0.915,0.956,0.0,22.789,0.0
1784040640.0632753,25307,0,2353,0,1.0,0.915,0.956,0.0,22.795,0.0
1784040640.0777137,25317,0,2353,0,1.0,0.915,0.956,0.0,22.8,0.0
1784040640.0855145,25327,0,2353,0,1.0,0.915,0.956,0.0,22.805,0.0
1784040640.093959,25337,0,2353,0,1.0,0.915,0.956,0.0,22.811,0.0
1784040640.1015892,25347,0,2353,0,1.0,0.915,0.956,0.0,22.816,0.0
1784040640.1128964,25357,0,2353,0,1.0,0.915,0.956,0.0,22.821,0.0
1784040640.126428,25367,0,2353,0,1.0,0.915,0.956,0.0,22.827,0.0
1784040640.1393545,25377,0,2353,0,1.0,0.915,0.956,0.0,22.831,0.0
1784040640.1518605,25387,0,2353,0,1.0,0.915,0.956,0.0,22.834,0.0
1784040640.1621962,25397,0,2353,0,1.0,0.915,0.956,0.0,22.838,0.0
1784040640.17251,25407,0,2353,0,1.0,0.915,0.956,0.0,22.842,0.0
1784040640.182868,25417,0,2353,0,1.0,0.915,0.956,0.0,22.846,0.0
1784040640.190815,25427,0,2353,0,1.0,0.915,0.956,0.0,22.849,0.0
1784040640.2012606,25437,0,2353,0,1.0,0.915,0.956,0.0,22.853,0.0
1784040640.211023,25447,0,2353,0,1.0,0.915,0.956,0.0,22.857,0.0
1784040640.2208664,25457,0,2353,0,1.0,0.915,0.956,0.0,22.86,0.0
1784040640.235612,25467,0,2353,0,1.0,0.915,0.956,0.0,22.864,0.0
1784040640.246612,25477,0,2353,0,1.0,0.915,0.956,0.0,22.868,0.0
1784040640.2547116,25487,0,2353,0,1.0,0.915,0.956,0.0,22.871,0.0
1784040640.2645483,25497,0,2353,0,1.0,0.916,0.956,0.0,22.875,0.0
1784040640.2748437,25507,0,2353,0,1.0,0.916,0.956,0.0,22.879,0.0
1784040640.28459,25517,0,2353,0,1.0,0.916,0.956,0.0,22.882,0.0
1784040640.300978,25527,0,2353,0,1.0,0.916,0.956,0.0,22.886,0.0
1784040640.3133056,25537,0,2353,0,1.0,0.916,0.956,0.0,22.89,0.0
1784040640.3274245,25547,0,2353,0,1.0,0.916,0.956,0.0,22.893,0.0
1784040640.3436701,25557,0,2353,0,1.0,0.916,0.956,0.0,22.897,0.0
1784040640.356739,25567,0,2353,0,1.0,0.916,0.956,0.0,22.901,0.0
1784040640.3672688,25577,0,2353,0,1.0,0.916,0.956,0.0,22.904,0.0
1784040640.3801148,25587,0,2353,0,1.0,0.916,0.956,0.0,22.908,0.0
1784040640.3885403,25597,0,2353,0,1.0,0.916,0.956,0.0,22.912,0.0
1784040640.3985918,25607,0,2353,0,1.0,0.916,0.956,0.0,22.915,0.0
1784040640.4086971,25617,0,2353,0,1.0,0.916,0.956,0.0,22.919,0.0
1784040640.4194403,25627,0,2353,0,1.0,0.916,0.956,0.0,22.923,0.0
1784040640.4273365,25637,0,2353,0,1.0,0.916,0.956,0.0,22.926,0.0
1784040640.4355228,25647,0,2353,0,1.0,0.916,0.956,0.0,22.93,0.0
1784040640.4483893,25657,0,2353,0,1.0,0.916,0.956,0.0,22.934,0.0
1784040640.4579475,25667,0,2353,0,1.0,0.916,0.956,0.0,22.937,0.0
1784040640.46647,25677,0,2353,0,1.0,0.916,0.956,0.0,22.941,0.0
1784040640.4762716,25687,0,2353,0,1.0,0.916,0.956,0.0,22.945,0.0
1784040640.5042865,25697,0,2353,0,1.0,0.916,0.956,0.0,22.948,0.0
1784040640.5171645,25707,0,2353,0,1.0,0.916,0.956,0.0,22.952,0.0
1784040640.5394986,25717,0,2353,0,1.0,0.916,0.956,0.0,22.956,0.0
1784040640.5544934,25727,0,2353,0,1.0,0.916,0.956,0.0,22.959,0.0
1784040640.5692573,25737,0,2353,0,1.0,0.916,0.956,0.0,22.963,0.0
1784040640.579933,25747,0,2353,0,1.0,0.916,0.956,0.0,22.967,0.0
1784040640.5917428,25757,0,2353,0,1.0,0.916,0.956,0.0,22.97,0.0
1784040640.6081362,25767,0,2353,0,1.0,0.916,0.956,0.0,22.974,0.0
1784040640.620256,25777,0,2353,0,1.0,0.916,0.956,0.0,22.978,0.0
1784040640.6307764,25787,0,2353,0,1.0,0.916,0.956,0.0,22.981,0.0
1784040640.6407723,25797,0,2353,0,1.0,0.916,0.956,0.0,22.985,0.0
1784040640.650372,25807,0,2353,0,1.0,0.916,0.956,0.0,22.989,0.0
1784040640.6635563,25817,0,2353,0,1.0,0.916,0.956,0.0,22.992,0.0
1784040640.673743,25827,0,2353,0,1.0,0.917,0.956,0.0,22.996,0.0
1784040640.6806567,25837,0,2353,0,1.0,0.917,0.956,0.0,23.0,0.0
1784040640.6927705,25847,0,2353,0,1.0,0.917,0.956,0.0,23.003,0.0
1784040640.7011604,25857,0,2353,0,1.0,0.917,0.956,0.0,23.007,0.0
1784040640.7128615,25867,0,2353,0,1.0,0.917,0.956,0.0,23.011,0.0
1784040640.7240028,25877,0,2353,0,1.0,0.917,0.957,0.0,23.014,0.0
1784040640.732929,25887,0,2353,0,1.0,0.917,0.957,0.0,23.018,0.0
1784040640.7423193,25897,0,2353,0,1.0,0.917,0.957,0.0,23.022,0.0
1784040640.751662,25907,0,2353,0,1.0,0.917,0.957,0.0,23.025,0.0
1784040640.7598174,25917,0,2353,0,1.0,0.917,0.957,0.0,23.029,0.0
1784040640.7718575,25927,0,2353,0,1.0,0.917,0.957,0.0,23.033,0.0
1784040640.7810302,25937,0,2353,0,1.0,0.917,0.957,0.0,23.036,0.0
1784040640.7938845,25947,0,2353,0,1.0,0.917,0.957,0.0,23.04,0.0
1784040640.803274,25957,0,2353,0,1.0,0.917,0.957,0.0,23.044,0.0
1784040640.8133087,25967,0,2353,0,1.0,0.917,0.957,0.0,23.047,0.0
1784040640.8227682,25977,0,2353,0,1.0,0.917,0.957,0.0,23.051,0.0
1784040640.8341584,25987,0,2353,0,1.0,0.917,0.957,0.0,23.055,0.0
1784040640.8459682,25997,0,2353,0,1.0,0.917,0.957,0.0,23.058,0.0
1784040640.8552256,26007,0,2353,0,1.0,0.917,0.957,0.0,23.062,0.0
1784040640.8630588,26017,0,2353,0,1.0,0.917,0.957,0.0,23.066,0.0
1784040640.8771064,26027,0,2353,0,1.0,0.917,0.957,0.0,23.069,0.0
1784040640.8900173,26037,0,2353,0,1.0,0.917,0.957,0.0,23.073,0.0
1784040640.8983972,26047,0,2353,0,1.0,0.917,0.957,0.0,23.077,0.0
1784040640.9090314,26057,0,2353,0,1.0,0.917,0.957,0.0,23.08,0.0
1784040640.9192538,26067,0,2353,0,1.0,0.917,0.957,0.0,23.084,0.0
1784040640.932538,26077,0,2353,0,1.0,0.917,0.957,0.0,23.088,0.0
1784040640.941644,26087,0,2353,0,1.0,0.917,0.957,0.0,23.091,0.0
1784040640.950704,26097,0,2353,0,1.0,0.917,0.957,0.0,23.095,0.0
1784040640.9592443,26107,0,2353,0,1.0,0.917,0.957,0.0,23.099,0.0
1784040640.9680932,26117,0,2353,0,1.0,0.917,0.957,0.0,23.102,0.0
1784040640.9776554,26127,0,2353,0,1.0,0.917,0.957,0.0,23.106,0.0
1784040640.9941063,26137,0,2353,0,1.0,0.917,0.957,0.0,23.109,0.0
1784040641.0115051,26147,0,2353,0,1.0,0.917,0.957,0.0,23.113,0.0
1784040641.0361989,26157,0,2353,0,1.0,0.917,0.957,0.0,23.117,0.0
1784040641.0476882,26167,0,2353,0,1.0,0.917,0.957,0.0,23.12,0.0
1784040641.0594637,26177,0,2353,0,1.0,0.918,0.957,0.0,23.124,0.0
1784040641.0735323,26187,0,2353,0,1.0,0.918,0.957,0.0,23.128,0.0
1784040641.0914476,26197,0,2353,0,1.0,0.918,0.957,0.0,23.131,0.0
1784040641.1000607,26207,0,2353,0,1.0,0.918,0.957,0.0,23.135,0.0
1784040641.110254,26217,0,2353,0,1.0,0.918,0.957,0.0,23.139,0.0
1784040641.1248443,26227,0,2353,0,1.0,0.918,0.957,0.0,23.142,0.0
1784040641.1391456,26237,0,2353,0,1.0,0.918,0.957,0.0,23.146,0.0
1784040641.1467707,26247,0,2353,0,1.0,0.918,0.957,0.0,23.15,0.0
1784040641.155482,26257,0,2353,0,1.0,0.918,0.957,0.0,23.153,0.0
1784040641.167017,26267,0,2353,0,1.0,0.918,0.957,0.0,23.157,0.0
1784040641.180441,26277,0,2353,0,1.0,0.918,0.957,0.0,23.161,0.0
1784040641.1925712,26287,0,2353,0,1.0,0.918,0.957,0.0,23.164,0.0
1784040641.2121367,26297,0,2353,0,1.0,0.918,0.957,0.0,23.168,0.0
1784040641.2242045,26307,0,2353,0,1.0,0.918,0.957,0.0,23.172,0.0
1784040641.2350287,26317,0,2353,0,1.0,0.918,0.957,0.0,23.175,0.0
1784040641.2443297,26327,0,2353,0,1.0,0.918,0.957,0.0,23.179,0.0
1784040641.2523446,26337,0,2353,0,1.0,0.918,0.957,0.0,23.183,0.0
1784040641.2621007,26347,0,2353,0,1.0,0.918,0.957,0.0,23.186,0.0
1784040641.2719278,26357,0,2353,0,1.0,0.918,0.957,0.0,23.19,0.0
1784040641.2812886,26367,0,2353,0,1.0,0.918,0.957,0.0,23.193,0.0
1784040641.3128135,26377,0,2353,0,1.0,0.918,0.957,0.0,23.197,0.0
1784040641.3325658,26387,0,2353,0,1.0,0.918,0.957,0.0,23.201,0.0
1784040641.342494,26397,0,2353,0,1.0,0.918,0.957,0.0,23.204,0.0
1784040641.352482,26407,0,2353,0,1.0,0.918,0.957,0.0,23.208,0.0
1784040641.3649414,26417,0,2353,0,1.0,0.918,0.957,0.0,23.212,0.0
1784040641.3747935,26427,0,2353,0,1.0,0.918,0.957,0.0,23.215,0.0
1784040641.3853931,26437,0,2353,0,1.0,0.918,0.957,0.0,23.219,0.0
1784040641.3953922,26447,0,2353,0,1.0,0.918,0.957,0.0,23.223,0.0
1784040641.4064505,26457,0,2353,0,1.0,0.918,0.957,0.0,23.226,0.0
1784040641.421363,26467,0,2353,0,1.0,0.918,0.957,0.0,23.23,0.0
1784040641.4342175,26477,0,2353,0,1.0,0.918,0.957,0.0,23.234,0.0
1784040641.4463778,26487,0,2353,0,1.0,0.918,0.957,0.0,23.237,0.0
1784040641.454526,26497,0,2353,0,1.0,0.918,0.957,0.0,23.241,0.0
1784040641.4669495,26507,0,2353,0,1.0,0.918,0.958,0.0,23.245,0.0
1784040641.4792516,26517,0,2353,0,1.0,0.918,0.958,0.0,23.248,0.0
1784040641.4917648,26527,0,2353,0,1.0,0.919,0.958,0.0,23.252,0.0
1784040641.5036035,26537,0,2353,0,1.0,0.919,0.958,0.0,23.256,0.0
1784040641.513155,26547,0,2353,0,1.0,0.919,0.958,0.0,23.259,0.0
1784040641.526385,26557,0,2353,0,1.0,0.919,0.958,0.0,23.263,0.0
1784040641.5351992,26567,0,2353,0,1.0,0.919,0.958,0.0,23.267,0.0
1784040641.5487227,26577,0,2353,0,1.0,0.919,0.958,0.0,23.27,0.0
1784040641.5603266,26587,0,2353,0,1.0,0.919,0.958,0.0,23.274,0.0
1784040641.569094,26597,0,2353,0,1.0,0.919,0.958,0.0,23.277,0.0
1784040641.5829337,26607,0,2353,0,1.0,0.919,0.958,0.0,23.281,0.0
1784040641.5915794,26617,0,2353,0,1.0,0.919,0.958,0.0,23.285,0.0
1784040641.6085088,26627,0,2353,0,1.0,0.919,0.958,0.0,23.288,0.0
1784040641.623664,26637,0,2353,0,1.0,0.919,0.958,0.0,23.292,0.0
1784040641.6407592,26647,0,2353,0,1.0,0.919,0.958,0.0,23.296,0.0
1784040641.6500754,26657,0,2353,0,1.0,0.919,0.958,0.0,23.299,0.0
1784040641.6590984,26667,0,2353,0,1.0,0.919,0.958,0.0,23.303,0.0
1784040641.667803,26677,0,2353,0,1.0,0.919,0.958,0.0,23.307,0.0
1784040641.675899,26687,0,2353,0,1.0,0.919,0.958,0.0,23.31,0.0
1784040641.6842537,26697,0,2353,0,1.0,0.919,0.958,0.0,23.314,0.0
1784040641.6922827,26707,0,2353,0,1.0,0.919,0.958,0.0,23.317,0.0
1784040641.7023728,26717,0,2353,0,1.0,0.919,0.958,0.0,23.321,0.0
1784040641.7221286,26727,0,2353,0,1.0,0.919,0.958,0.0,23.325,0.0
1784040641.7387218,26737,0,2353,0,1.0,0.919,0.958,0.0,23.328,0.0
1784040641.749469,26747,0,2353,0,1.0,0.919,0.958,0.0,23.332,0.0
1784040641.761937,26757,0,2353,0,1.0,0.919,0.958,0.0,23.336,0.0
1784040641.7736511,26767,0,2353,0,1.0,0.919,0.958,0.0,23.339,0.0
1784040641.783649,26777,0,2353,0,1.0,0.919,0.958,0.0,23.343,0.0
1784040641.794997,26787,0,2353,0,1.0,0.919,0.958,0.0,23.346,0.0
1784040641.8036656,26797,0,2353,0,1.0,0.919,0.958,0.0,23.35,0.0
1784040641.8163364,26807,0,2353,0,1.0,0.919,0.958,0.0,23.354,0.0
1784040641.82473,26817,0,2353,0,1.0,0.919,0.958,0.0,23.357,0.0
1784040641.8351803,26827,0,2353,0,1.0,0.919,0.958,0.0,23.361,0.0
1784040641.8434703,26837,0,2353,0,1.0,0.919,0.958,0.0,23.365,0.0
1784040641.8520725,26847,0,2353,0,1.0,0.919,0.958,0.0,23.368,0.0
1784040641.8604274,26857,0,2353,0,1.0,0.919,0.958,0.0,23.372,0.0
1784040641.8694663,26867,0,2353,0,1.0,0.919,0.958,0.0,23.375,0.0
1784040641.8767107,26877,0,2353,0,1.0,0.92,0.958,0.0,23.379,0.0
1784040641.8835406,26887,0,2353,0,1.0,0.92,0.958,0.0,23.383,0.0
1784040641.8921597,26897,0,2353,0,1.0,0.92,0.958,0.0,23.386,0.0
1784040641.902667,26907,0,2353,0,1.0,0.92,0.958,0.0,23.39,0.0
1784040641.9148903,26917,0,2353,0,1.0,0.92,0.958,0.0,23.394,0.0
1784040641.9247022,26927,0,2353,0,1.0,0.92,0.958,0.0,23.397,0.0
1784040641.9330938,26937,0,2353,0,1.0,0.92,0.958,0.0,23.401,0.0
1784040641.9479911,26947,0,2353,0,1.0,0.92,0.958,0.0,23.404,0.0
1784040641.960311,26957,0,2353,0,1.0,0.92,0.958,0.0,23.408,0.0
1784040641.9708393,26967,0,2353,0,1.0,0.92,0.958,0.0,23.412,0.0
1784040641.9811647,26977,0,2353,0,1.0,0.92,0.958,0.0,23.415,0.0
1784040641.9954314,26987,0,2353,0,1.0,0.92,0.958,0.0,23.419,0.0
1784040642.0043192,26997,0,2353,0,1.0,0.92,0.958,0.0,23.422,0.0
1784040642.0192792,27007,0,2353,0,1.0,0.92,0.958,0.0,23.426,0.0
1784040642.0290332,27017,0,2353,0,1.0,0.92,0.958,0.0,23.43,0.0
1784040642.0430377,27027,0,2353,0,1.0,0.92,0.958,0.0,23.433,0.0
1784040642.0587394,27037,0,2353,0,1.0,0.92,0.958,0.0,23.437,0.0
1784040642.0696578,27047,0,2353,0,1.0,0.92,0.958,0.0,23.441,0.0
1784040642.0831056,27057,0,2353,0,1.0,0.92,0.958,0.0,23.444,0.0
1784040642.091595,27067,0,2353,0,1.0,0.92,0.958,0.0,23.448,0.0
1784040642.1012108,27077,0,2353,0,1.0,0.92,0.958,0.0,23.451,0.0
1784040642.1116881,27087,0,2353,0,1.0,0.92,0.958,0.0,23.455,0.0
1784040642.122896,27097,0,2353,0,1.0,0.92,0.958,0.0,23.458,0.0
1784040642.1326966,27107,0,2353,0,1.0,0.92,0.958,0.0,23.462,0.0
1784040642.1443133,27117,0,2353,0,1.0,0.92,0.958,0.0,23.466,0.0
1784040642.1535153,27127,0,2353,0,1.0,0.92,0.958,0.0,23.469,0.0
1784040642.1663356,27137,0,2353,0,1.0,0.92,0.958,0.0,23.473,0.0
1784040642.1808767,27147,0,2353,0,1.0,0.92,0.958,0.0,23.476,0.0
1784040642.1934261,27157,0,2353,0,1.0,0.92,0.958,0.0,23.48,0.0
1784040642.2100677,27167,0,2353,0,1.0,0.92,0.958,0.0,23.484,0.0
1784040642.2179897,27177,0,2353,0,1.0,0.92,0.959,0.0,23.487,0.0
1784040642.2295585,27187,0,2353,0,1.0,0.92,0.959,0.0,23.491,0.0
1784040642.241601,27197,0,2353,0,1.0,0.92,0.959,0.0,23.494,0.0
1784040642.2511032,27207,0,2353,0,1.0,0.92,0.959,0.0,23.498,0.0
1784040642.2598104,27217,0,2353,0,1.0,0.92,0.959,0.0,23.501,0.0
1784040642.2832177,27227,0,2353,0,1.0,0.92,0.959,0.0,23.505,0.0
1784040642.311427,27237,0,2353,0,1.0,0.92,0.959,0.0,23.509,0.0
1784040642.318453,27247,0,2353,0,1.0,0.921,0.959,0.0,23.512,0.0
1784040642.3319478,27257,0,2353,0,1.0,0.921,0.959,0.0,23.516,0.0
1784040642.3407679,27267,0,2353,0,1.0,0.921,0.959,0.0,23.519,0.0
1784040642.3490212,27277,0,2353,0,1.0,0.921,0.959,0.0,23.523,0.0
1784040642.360284,27287,0,2353,0,1.0,0.921,0.959,0.0,23.527,0.0
1784040642.3855426,27297,0,2353,0,1.0,0.921,0.959,0.0,23.53,0.0
1784040642.399069,27307,0,2353,0,1.0,0.921,0.959,0.0,23.534,0.0
1784040642.4091597,27317,0,2353,0,1.0,0.921,0.959,0.0,23.537,0.0
1784040642.4216309,27327,0,2353,0,1.0,0.921,0.959,0.0,23.541,0.0
1784040642.4388537,27337,0,2353,0,1.0,0.921,0.959,0.0,23.544,0.0
1784040642.44812,27347,0,2353,0,1.0,0.921,0.959,0.0,23.548,0.0
1784040642.4585907,27357,0,2353,0,1.0,0.921,0.959,0.0,23.551,0.0
1784040642.4691408,27367,0,2353,0,1.0,0.921,0.959,0.0,23.555,0.0
1784040642.4795096,27377,0,2353,0,1.0,0.921,0.959,0.0,23.559,0.0
1784040642.4893384,27387,0,2353,0,1.0,0.921,0.959,0.0,23.562,0.0
1784040642.4989178,27397,0,2353,0,1.0,0.921,0.959,0.0,23.566,0.0
1784040642.5087442,27407,0,2353,0,1.0,0.921,0.959,0.0,23.569,0.0
1784040642.5190434,27417,0,2353,0,1.0,0.921,0.959,0.0,23.573,0.0
1784040642.529048,27427,0,2353,0,1.0,0.921,0.959,0.0,23.576,0.0
1784040642.5405078,27437,0,2353,0,1.0,0.921,0.959,0.0,23.58,0.0
1784040642.5526524,27447,0,2353,0,1.0,0.921,0.959,0.0,23.583,0.0
1784040642.5621617,27457,0,2353,0,1.0,0.921,0.959,0.0,23.587,0.0
1784040642.5870008,27467,0,2353,0,1.0,0.921,0.959,0.0,23.59,0.0
1784040642.5996456,27477,0,2353,0,1.0,0.921,0.959,0.0,23.594,0.0
1784040642.6124594,27487,0,2353,0,1.0,0.921,0.959,0.0,23.597,0.0
1784040642.6349006,27497,0,2353,0,1.0,0.921,0.959,0.0,23.601,0.0
1784040642.6526299,27507,0,2353,0,1.0,0.921,0.959,0.0,23.604,0.0
1784040642.6615968,27517,0,2353,0,1.0,0.921,0.959,0.0,23.608,0.0
1784040642.6779103,27527,0,2353,0,1.0,0.921,0.959,0.0,23.611,0.0
1784040642.6947393,27537,0,2353,0,1.0,0.921,0.959,0.0,23.615,0.0
1784040642.7083876,27547,0,2353,0,1.0,0.921,0.959,0.0,23.618,0.0
1784040642.722649,27557,0,2353,0,1.0,0.921,0.959,0.0,23.622,0.0
1784040642.73208,27567,0,2353,0,1.0,0.921,0.959,0.0,23.626,0.0
1784040642.7448888,27577,0,2353,0,1.0,0.921,0.959,0.0,23.629,0.0
1784040642.7546911,27587,0,2353,0,1.0,0.921,0.959,0.0,23.633,0.0
1784040642.7634,27597,0,2353,0,1.0,0.921,0.959,0.0,23.636,0.0
1784040642.7721193,27607,0,2353,0,1.0,0.921,0.959,0.0,23.64,0.0
1784040642.781306,27617,0,2353,0,1.0,0.921,0.959,0.0,23.643,0.0
1784040642.7924995,27627,0,2353,0,1.0,0.922,0.959,0.0,23.647,0.0
1784040642.8011909,27637,0,2353,0,1.0,0.922,0.959,0.0,23.65,0.0
1784040642.81025,27647,0,2353,0,1.0,0.922,0.959,0.0,23.654,0.0
1784040642.8182192,27657,0,2353,0,1.0,0.922,0.959,0.0,23.657,0.0
1784040642.8262908,27667,0,2353,0,1.0,0.922,0.959,0.0,23.661,0.0
1784040642.834618,27677,0,2353,0,1.0,0.922,0.959,0.0,23.664,0.0
1784040642.8472564,27687,0,2353,0,1.0,0.922,0.959,0.0,23.668,0.0
1784040642.8554957,27697,0,2353,0,1.0,0.922,0.959,0.0,23.671,0.0
1784040642.8650208,27707,0,2353,0,1.0,0.922,0.959,0.0,23.675,0.0
1784040642.8724723,27717,0,2353,0,1.0,0.922,0.959,0.0,23.678,0.0
1784040642.8813696,27727,0,2353,0,1.0,0.922,0.959,0.0,23.682,0.0
1784040642.9044895,27737,0,2353,0,1.0,0.922,0.959,0.0,23.685,0.0
1784040642.9173741,27747,0,2353,0,1.0,0.922,0.959,0.0,23.689,0.0
1784040642.9273381,27757,0,2353,0,1.0,0.922,0.959,0.0,23.692,0.0
1784040642.941089,27767,0,2353,0,1.0,0.922,0.959,0.0,23.696,0.0
1784040642.965621,27777,0,2353,0,1.0,0.922,0.959,0.0,23.699,0.0
1784040642.975063,27787,0,2353,0,1.0,0.922,0.959,0.0,23.703,0.0
1784040642.9865758,27797,0,2353,0,1.0,0.922,0.959,0.0,23.706,0.0
1784040643.0164638,27807,0,2353,0,1.0,0.922,0.959,0.0,23.71,0.0
1784040643.0263624,27817,0,2353,0,1.0,0.922,0.959,0.0,23.714,0.0
1784040643.0365376,27827,0,2353,0,1.0,0.922,0.959,0.0,23.717,0.0
1784040643.046836,27837,0,2353,0,1.0,0.922,0.959,0.0,23.721,0.0
1784040643.0659971,27847,0,2353,0,1.0,0.922,0.959,0.0,23.724,0.0
1784040643.073678,27857,0,2353,0,1.0,0.922,0.959,0.0,23.728,0.0
1784040643.082953,27867,0,2353,0,1.0,0.922,0.959,0.0,23.731,0.0
1784040643.092192,27877,0,2353,0,1.0,0.922,0.96,0.0,23.735,0.0
1784040643.103685,27887,0,2353,0,1.0,0.922,0.96,0.0,23.738,0.0
1784040643.1154368,27897,0,2353,0,1.0,0.922,0.96,0.0,23.742,0.0
1784040643.1300828,27907,0,2353,0,1.0,0.922,0.96,0.0,23.745,0.0
1784040643.152399,27913,0,2357,0,1.0,0.922,0.959,0.0,23.745,0.0
1784040643.157532,27913,0,2367,0,1.0,0.922,0.959,0.0,23.738,0.0
1784040643.1622202,27913,0,2377,0,1.0,0.922,0.959,0.0,23.732,0.0
1784040643.1668284,27913,0,2387,0,1.0,0.921,0.959,0.0,23.725,0.0
1784040643.1707187,27913,0,2397,0,1.0,0.921,0.959,0.0,23.719,0.0
1784040643.1744246,27913,0,2407,0,1.0,0.921,0.959,0.0,23.712,0.0
1784040643.1776946,27913,0,2417,0,1.0,0.92,0.959,0.0,23.706,0.0
1784040643.1813297,27913,0,2427,0,1.0,0.92,0.958,0.0,23.699,0.0
1784040643.1851103,27913,0,2437,0,1.0,0.92,0.958,0.0,23.693,0.0
1784040643.1883574,27913,0,2447,0,1.0,0.919,0.958,0.0,23.686,0.0
1784040643.1915982,27913,0,2457,0,1.0,0.919,0.958,0.0,23.68,0.0
1784040643.1950407,27913,0,2467,0,1.0,0.919,0.958,0.0,23.673,0.0
1784040643.2003832,27913,0,2477,0,1.0,0.918,0.958,0.0,23.667,0.0
1784040643.2052555,27913,0,2487,0,1.0,0.918,0.957,0.0,23.66,0.0
1784040643.2111747,27913,0,2497,0,1.0,0.918,0.957,0.0,23.654,0.0
1784040643.2164528,27913,0,2507,0,1.0,0.918,0.957,0.0,23.647,0.0
1784040643.2220206,27913,0,2517,0,1.0,0.917,0.957,0.0,23.641,0.0
1784040643.2258666,27913,0,2527,0,1.0,0.917,0.957,0.0,23.635,0.0
1784040643.2302563,27913,0,2537,0,1.0,0.917,0.957,0.0,23.628,0.0
1784040643.2336504,27913,0,2547,0,1.0,0.916,0.956,0.0,23.622,0.0
1784040643.2370431,27913,0,2557,0,1.0,0.916,0.956,0.0,23.615,0.0
1784040643.2414782,27913,0,2567,0,1.0,0.916,0.956,0.0,23.609,0.0
1784040643.245721,27913,0,2577,0,1.0,0.915,0.956,0.0,23.603,0.0
1784040643.251435,27913,0,2587,0,1.0,0.915,0.956,0.0,23.596,0.0
1784040643.2554674,27913,0,2597,0,1.0,0.915,0.956,0.0,23.59,0.0
1784040643.259182,27913,0,2607,0,1.0,0.915,0.955,0.0,23.583,0.0
1784040643.264999,27913,0,2617,0,1.0,0.914,0.955,0.0,23.577,0.0
1784040643.2700567,27913,0,2627,0,1.0,0.914,0.955,0.0,23.571,0.0
1784040643.2739494,27913,0,2637,0,1.0,0.914,0.955,0.0,23.564,0.0
1784040643.2783782,27913,0,2647,0,1.0,0.913,0.955,0.0,23.558,0.0
1784040643.2823582,27913,0,2657,0,1.0,0.913,0.955,0.0,23.552,0.0
1784040643.2867885,27913,0,2667,0,1.0,0.913,0.954,0.0,23.545,0.0
1784040643.2908125,27913,0,2677,0,1.0,0.912,0.954,0.0,23.539,0.0
1784040643.295264,27913,0,2687,0,1.0,0.912,0.954,0.0,23.533,0.0
1784040643.2993999,27913,0,2697,0,1.0,0.912,0.954,0.0,23.526,0.0
1784040643.3035598,27913,0,2707,0,1.0,0.912,0.954,0.0,23.52,0.0
1784040643.3076034,27913,0,2717,0,1.0,0.911,0.954,0.0,23.514,0.0
1784040643.3120844,27913,0,2727,0,1.0,0.911,0.953,0.0,23.507,0.0
1784040643.3163102,27913,0,2737,0,1.0,0.911,0.953,0.0,23.501,0.0
1784040643.3207378,27913,0,2747,0,1.0,0.91,0.953,0.0,23.495,0.0
1784040643.3252141,27913,0,2757,0,1.0,0.91,0.953,0.0,23.488,0.0
1784040643.330402,27913,0,2767,0,1.0,0.91,0.953,0.0,23.482,0.0
1784040643.3340547,27913,0,2777,0,1.0,0.91,0.953,0.0,23.476,0.0
1784040643.338705,27913,0,2787,0,1.0,0.909,0.952,0.0,23.47,0.0
1784040643.3452373,27913,0,2797,0,1.0,0.909,0.952,0.0,23.463,0.0
1784040643.3511887,27913,0,2807,0,1.0,0.909,0.952,0.0,23.457,0.0
1784040643.357798,27913,0,2817,0,1.0,0.908,0.952,0.0,23.451,0.0
1784040643.3638482,27913,0,2827,0,1.0,0.908,0.952,0.0,23.445,0.0
1784040643.3691413,27913,0,2837,0,1.0,0.908,0.952,0.0,23.438,0.0
1784040643.3753796,27913,0,2847,0,1.0,0.907,0.951,0.0,23.432,0.0
1784040643.3835769,27913,0,2857,0,1.0,0.907,0.951,0.0,23.426,0.0
1784040643.3881204,27913,0,2867,0,1.0,0.907,0.951,0.0,23.42,0.0
1784040643.3939755,27913,0,2877,0,1.0,0.907,0.951,0.0,23.413,0.0
1784040643.397652,27913,0,2887,0,1.0,0.906,0.951,0.0,23.407,0.0
1784040643.401085,27913,0,2897,0,1.0,0.906,0.951,0.0,23.401,0.0
1784040643.404404,27913,0,2907,0,1.0,0.906,0.951,0.0,23.395,0.0
1784040643.4077709,27913,0,2917,0,1.0,0.905,0.95,0.0,23.389,0.0
1784040643.4109528,27913,0,2927,0,1.0,0.905,0.95,0.0,23.382,0.0
1784040643.4141152,27913,0,2937,0,1.0,0.905,0.95,0.0,23.376,0.0
1784040643.4179363,27913,0,2947,0,1.0,0.905,0.95,0.0,23.37,0.0
1784040643.4216144,27913,0,2957,0,1.0,0.904,0.95,0.0,23.364,0.0
1784040643.4254985,27913,0,2967,0,1.0,0.904,0.95,0.0,23.358,0.0
1784040643.4301462,27913,0,2977,0,1.0,0.904,0.949,0.0,23.352,0.0
1784040643.4342034,27913,0,2987,0,1.0,0.903,0.949,0.0,23.345,0.0
1784040643.4380946,27913,0,2997,0,1.0,0.903,0.949,0.0,23.339,0.0
1784040643.4419506,27913,0,3007,0,1.0,0.903,0.949,0.0,23.333,0.0
1784040643.4462051,27913,0,3017,0,1.0,0.902,0.949,0.0,23.327,0.0
1784040643.4496162,27913,0,3027,0,1.0,0.902,0.949,0.0,23.321,0.0
1784040643.4546258,27913,0,3037,0,1.0,0.902,0.948,0.0,23.315,0.0
1784040643.459076,27913,0,3047,0,1.0,0.902,0.948,0.0,23.309,0.0
1784040643.4660378,27913,0,3057,0,1.0,0.901,0.948,0.0,23.303,0.0
1784040643.4708,27913,0,3067,0,1.0,0.901,0.948,0.0,23.297,0.0
1784040643.4782429,27913,0,3077,0,1.0,0.901,0.948,0.0,23.29,0.0
1784040643.4868872,27913,0,3087,0,1.0,0.9,0.948,0.0,23.284,0.0
1784040643.491432,27913,0,3097,0,1.0,0.9,0.947,0.0,23.278,0.0
1784040643.4962206,27913,0,3107,0,1.0,0.9,0.947,0.0,23.272,0.0
1784040643.5025437,27913,0,3117,0,1.0,0.9,0.947,0.0,23.266,0.0
1784040643.508686,27913,0,3127,0,1.0,0.899,0.947,0.0,23.26,0.0
1784040643.5147722,27913,0,3137,0,1.0,0.899,0.947,0.0,23.254,0.0
1784040643.5189505,27913,0,3147,0,1.0,0.899,0.947,0.0,23.248,0.0
1784040643.5235245,27913,0,3157,0,1.0,0.898,0.946,0.0,23.242,0.0
1784040643.5341997,27913,0,3167,0,1.0,0.898,0.946,0.0,23.236,0.0
1784040643.5464654,27913,0,3177,0,1.0,0.898,0.946,0.0,23.23,0.0
1784040643.5531597,27913,0,3187,0,1.0,0.898,0.946,0.0,23.224,0.0
1784040643.5567245,27913,0,3197,0,1.0,0.897,0.946,0.0,23.218,0.0
1784040643.560517,27913,0,3207,0,1.0,0.897,0.946,0.0,23.212,0.0
1784040643.5659747,27913,0,3217,0,1.0,0.897,0.946,0.0,23.206,0.0
1784040643.569675,27913,0,3227,0,1.0,0.896,0.945,0.0,23.2,0.0
1784040643.5738523,27913,0,3237,0,1.0,0.896,0.945,0.0,23.194,0.0
1784040643.5774348,27913,0,3247,0,1.0,0.896,0.945,0.0,23.188,0.0
1784040643.5842285,27913,0,3257,0,1.0,0.896,0.945,0.0,23.182,0.0
1784040643.5884907,27913,0,3267,0,1.0,0.895,0.945,0.0,23.176,0.0
1784040643.592898,27913,0,3277,0,1.0,0.895,0.945,0.0,23.17,0.0
1784040643.5975828,27913,0,3287,0,1.0,0.895,0.944,0.0,23.163,0.0
1784040643.6020968,27913,0,3297,0,1.0,0.894,0.944,0.0,23.157,0.0
1784040643.6071444,27913,0,3307,0,1.0,0.894,0.944,0.0,23.15,0.0
1784040643.6112196,27913,0,3317,0,1.0,0.894,0.944,0.0,23.143,0.0
1784040643.6153347,27913,0,3327,0,1.0,0.894,0.944,0.0,23.136,0.0
1784040643.6194046,27913,0,3337,0,1.0,0.893,0.944,0.0,23.13,0.0
1784040643.6241546,27913,0,3347,0,1.0,0.893,0.943,0.0,23.123,0.0
1784040643.6292994,27913,0,3357,0,1.0,0.893,0.943,0.0,23.116,0.0
1784040643.6357415,27913,0,3367,0,1.0,0.892,0.943,0.0,23.109,0.0
1784040643.640252,27913,0,3377,0,1.0,0.892,0.943,0.0,23.103,0.0
1784040643.6448617,27913,0,3387,0,1.0,0.892,0.943,0.0,23.096,0.0
1784040643.6492546,27913,0,3397,0,1.0,0.892,0.943,0.0,23.089,0.0
1784040643.6535623,27913,0,3407,0,1.0,0.891,0.942,0.0,23.083,0.0
1784040643.658268,27913,0,3417,0,1.0,0.891,0.942,0.0,23.076,0.0
1784040643.6686335,27913,0,3427,0,1.0,0.891,0.942,0.0,23.069,0.0
1784040643.673883,27913,0,3437,0,1.0,0.89,0.942,0.0,23.063,0.0
1784040643.6791322,27913,0,3447,0,1.0,0.89,0.942,0.0,23.056,0.0
1784040643.6837287,27913,0,3457,0,1.0,0.89,0.942,0.0,23.049,0.0
1784040643.6876822,27913,0,3467,0,1.0,0.89,0.942,0.0,23.043,0.0
1784040643.692257,27913,0,3477,0,1.0,0.889,0.941,0.0,23.036,0.0
1784040643.6977968,27913,0,3487,0,1.0,0.889,0.941,0.0,23.029,0.0
1784040643.7024448,27913,0,3497,0,1.0,0.889,0.941,0.0,23.023,0.0
1784040643.7074914,27913,0,3507,0,1.0,0.888,0.941,0.0,23.016,0.0
1784040643.7114332,27913,0,3517,0,1.0,0.888,0.941,0.0,23.009,0.0
1784040643.715491,27913,0,3527,0,1.0,0.888,0.941,0.0,23.003,0.0
1784040643.7202535,27913,0,3537,0,1.0,0.888,0.94,0.0,22.996,0.0
1784040643.724336,27913,0,3547,0,1.0,0.887,0.94,0.0,22.989,0.0
1784040643.7407377,27913,0,3557,0,1.0,0.887,0.94,0.0,22.983,0.0
1784040643.7459073,27913,0,3567,0,1.0,0.887,0.94,0.0,22.976,0.0
1784040643.7501538,27913,0,3577,0,1.0,0.886,0.94,0.0,22.97,0.0
1784040643.7544127,27913,0,3587,0,1.0,0.886,0.94,0.0,22.963,0.0
1784040643.7586737,27913,0,3597,0,1.0,0.886,0.939,0.0,22.956,0.0
1784040643.7628996,27913,0,3607,0,1.0,0.886,0.939,0.0,22.95,0.0
1784040643.7671082,27913,0,3617,0,1.0,0.885,0.939,0.0,22.943,0.0
1784040643.771059,27913,0,3627,0,1.0,0.885,0.939,0.0,22.937,0.0
1784040643.776166,27913,0,3637,0,1.0,0.885,0.939,0.0,22.93,0.0
1784040643.7804708,27913,0,3647,0,1.0,0.884,0.939,0.0,22.924,0.0
1784040643.7866833,27913,0,3657,0,1.0,0.884,0.939,0.0,22.917,0.0
1784040643.792363,27913,0,3667,0,1.0,0.884,0.938,0.0,22.91,0.0
1784040643.7991676,27913,0,3677,0,1.0,0.884,0.938,0.0,22.904,0.0
1784040643.8058999,27913,0,3687,0,1.0,0.883,0.938,0.0,22.897,0.0
1784040643.8095925,27913,0,3697,0,1.0,0.883,0.938,0.0,22.891,0.0
1784040643.8174953,27913,0,3707,0,1.0,0.883,0.938,0.0,22.884,0.0
1784040643.8218222,27913,0,3717,0,1.0,0.882,0.938,0.0,22.878,0.0
1784040643.8264587,27913,0,3727,0,1.0,0.882,0.937,0.0,22.871,0.0
1784040643.8339627,27913,0,3737,0,1.0,0.882,0.937,0.0,22.865,0.0
1784040643.8378615,27913,0,3747,0,1.0,0.882,0.937,0.0,22.859,0.0
1784040643.8424475,27913,0,3757,0,1.0,0.881,0.937,0.0,22.852,0.0
1784040643.8460424,27913,0,3767,0,1.0,0.881,0.937,0.0,22.846,0.0
1784040643.8507926,27913,0,3777,0,1.0,0.881,0.937,0.0,22.839,0.0
1784040643.8551276,27913,0,3787,0,1.0,0.881,0.936,0.0,22.833,0.0
1784040643.8627212,27913,0,3797,0,1.0,0.88,0.936,0.0,22.827,0.0
1784040643.867498,27913,0,3807,0,1.0,0.88,0.936,0.0,22.82,0.0
1784040643.872556,27913,0,3817,0,1.0,0.88,0.936,0.0,22.814,0.0
1784040643.8769825,27913,0,3827,0,1.0,0.879,0.936,0.0,22.807,0.0
1784040643.8815632,27913,0,3837,0,1.0,0.879,0.936,0.0,22.801,0.0
1784040643.8855138,27913,0,3847,0,1.0,0.879,0.936,0.0,22.795,0.0
1784040643.8889196,27913,0,3857,0,1.0,0.879,0.935,0.0,22.788,0.0
1784040643.8929338,27913,0,3867,0,1.0,0.878,0.935,0.0,22.782,0.0
1784040643.8965166,27913,0,3877,0,1.0,0.878,0.935,0.0,22.776,0.0
1784040643.9019322,27913,0,3887,0,1.0,0.878,0.935,0.0,22.769,0.0
1784040643.905526,27913,0,3897,0,1.0,0.877,0.935,0.0,22.763,0.0
1784040643.9092155,27913,0,3907,0,1.0,0.877,0.935,0.0,22.757,0.0
1784040643.9128191,27913,0,3917,0,1.0,0.877,0.934,0.0,22.751,0.0
1784040643.918822,27913,0,3927,0,1.0,0.877,0.934,0.0,22.745,0.0
1784040643.9239066,27913,0,3937,0,1.0,0.876,0.934,0.0,22.739,0.0
1784040643.9277759,27913,0,3947,0,1.0,0.876,0.934,0.0,22.733,0.0
1784040643.93254,27913,0,3957,0,1.0,0.876,0.934,0.0,22.727,0.0
1784040643.9356625,27913,0,3967,0,1.0,0.876,0.934,0.0,22.721,0.0
1784040643.9387968,27913,0,3977,0,1.0,0.875,0.933,0.0,22.715,0.0
1784040643.9447916,27913,0,3987,0,1.0,0.875,0.933,0.0,22.709,0.0
1784040643.9495497,27913,0,3997,0,1.0,0.875,0.933,0.0,22.703,0.0
1784040643.9551258,27913,0,4007,0,1.0,0.874,0.933,0.0,22.697,0.0
1784040643.9584122,27913,0,4017,0,1.0,0.874,0.933,0.0,22.691,0.0
1784040643.962239,27913,0,4027,0,1.0,0.874,0.933,0.0,22.685,0.0
1784040643.9662883,27913,0,4037,0,1.0,0.874,0.933,0.0,22.679,0.0
1784040643.9700994,27913,0,4047,0,1.0,0.873,0.932,0.0,22.673,0.0
1784040643.974232,27913,0,4057,0,1.0,0.873,0.932,0.0,22.667,0.0
1784040643.9809244,27913,0,4067,0,1.0,0.873,0.932,0.0,22.661,0.0
1784040643.9870703,27913,0,4077,0,1.0,0.873,0.932,0.0,22.655,0.0
1784040643.993339,27913,0,4087,0,1.0,0.872,0.932,0.0,22.649,0.0
1784040643.9977493,27913,0,4097,0,1.0,0.872,0.932,0.0,22.643,0.0
1784040644.0038757,27913,0,4107,0,1.0,0.872,0.931,0.0,22.637,0.0
1784040644.0168638,27913,0,4117,0,1.0,0.871,0.931,0.0,22.631,0.0
1784040644.0218868,27913,0,4127,0,1.0,0.871,0.931,0.0,22.625,0.0
1784040644.0265288,27913,0,4137,0,1.0,0.871,0.931,0.0,22.619,0.0
1784040644.0308423,27913,0,4147,0,1.0,0.871,0.931,0.0,22.613,0.0
1784040644.035328,27913,0,4157,0,1.0,0.87,0.931,0.0,22.607,0.0
1784040644.0394244,27913,0,4167,0,1.0,0.87,0.931,0.0,22.601,0.0
1784040644.0443,27913,0,4177,0,1.0,0.87,0.93,0.0,22.596,0.0
1784040644.0484638,27913,0,4187,0,1.0,0.87,0.93,0.0,22.59,0.0
1784040644.0523837,27913,0,4197,0,1.0,0.869,0.93,0.0,22.583,0.0
1784040644.0562427,27913,0,4207,0,1.0,0.869,0.93,0.0,22.577,0.0
1784040644.061005,27913,0,4217,0,1.0,0.869,0.93,0.0,22.57,0.0
1784040644.065975,27913,0,4227,0,1.0,0.868,0.93,0.0,22.564,0.0
1784040644.070717,27913,0,4237,0,1.0,0.868,0.929,0.0,22.558,0.0
1784040644.0755458,27913,0,4247,0,1.0,0.868,0.929,0.0,22.551,0.0
1784040644.080532,27913,0,4257,0,1.0,0.868,0.929,0.0,22.545,0.0
1784040644.0854495,27913,0,4267,0,1.0,0.867,0.929,0.0,22.539,0.0
1784040644.090189,27913,0,4277,0,1.0,0.867,0.929,0.0,22.532,0.0
1784040644.094867,27913,0,4287,0,1.0,0.867,0.929,0.0,22.526,0.0
1784040644.0989208,27913,0,4297,0,1.0,0.867,0.929,0.0,22.52,0.0
1784040644.105928,27913,0,4307,0,1.0,0.866,0.928,0.0,22.513,0.0
1784040644.1111076,27913,0,4317,0,1.0,0.866,0.928,0.0,22.507,0.0
1784040644.117676,27913,0,4327,0,1.0,0.866,0.928,0.0,22.501,0.0
1784040644.1216512,27913,0,4337,0,1.0,0.866,0.928,0.0,22.494,0.0
1784040644.1397524,27913,0,4347,0,1.0,0.865,0.928,0.0,22.488,0.0
1784040644.1462123,27913,0,4357,0,1.0,0.865,0.928,0.0,22.482,0.0
1784040644.1563268,27913,0,4367,0,1.0,0.865,0.927,0.0,22.476,0.0
1784040644.1674235,27913,0,4377,0,1.0,0.864,0.927,0.0,22.469,0.0
1784040644.1774578,27913,0,4387,0,1.0,0.864,0.927,0.0,22.463,0.0
1784040644.182793,27913,0,4397,0,1.0,0.864,0.927,0.0,22.457,0.0
1784040644.1872609,27913,0,4407,0,1.0,0.864,0.927,0.0,22.451,0.0
1784040644.192392,27913,0,4417,0,1.0,0.863,0.927,0.0,22.444,0.0
1784040644.1978493,27913,0,4427,0,1.0,0.863,0.927,0.0,22.438,0.0
1784040644.2045908,27913,0,4437,0,1.0,0.863,0.926,0.0,22.432,0.0
1784040644.2084663,27913,0,4447,0,1.0,0.863,0.926,0.0,22.426,0.0
1784040644.212553,27913,0,4457,0,1.0,0.862,0.926,0.0,22.419,0.0
1784040644.2167184,27913,0,4467,0,1.0,0.862,0.926,0.0,22.413,0.0
1784040644.2203832,27913,0,4477,0,1.0,0.862,0.926,0.0,22.407,0.0
1784040644.2241516,27913,0,4487,0,1.0,0.862,0.926,0.0,22.401,0.0
1784040644.2281234,27913,0,4497,0,1.0,0.861,0.925,0.0,22.395,0.0
1784040644.2335227,27913,0,4507,0,1.0,0.861,0.925,0.0,22.389,0.0
1784040644.237825,27913,0,4517,0,1.0,0.861,0.925,0.0,22.382,0.0
1784040644.2419426,27913,0,4527,0,1.0,0.86,0.925,0.0,22.376,0.0
1784040644.2468474,27913,0,4537,0,1.0,0.86,0.925,0.0,22.37,0.0
1784040644.2521102,27913,0,4547,0,1.0,0.86,0.925,0.0,22.364,0.0
1784040644.258658,27913,0,4557,0,1.0,0.86,0.925,0.0,22.358,0.0
1784040644.2653277,27913,0,4567,0,1.0,0.859,0.924,0.0,22.351,0.0
1784040644.2688851,27913,0,4577,0,1.0,0.859,0.924,0.0,22.345,0.0
1784040644.2730684,27913,0,4587,0,1.0,0.859,0.924,0.0,22.339,0.0
1784040644.2778301,27913,0,4597,0,1.0,0.859,0.924,0.0,22.333,0.0
1784040644.2833254,27913,0,4607,0,1.0,0.858,0.924,0.0,22.327,0.0
1784040644.2873006,27913,0,4617,0,1.0,0.858,0.924,0.0,22.321,0.0
1784040644.2918565,27913,0,4627,0,1.0,0.858,0.923,0.0,22.315,0.0
1784040644.296832,27913,0,4637,0,1.0,0.858,0.923,0.0,22.309,0.0
1784040644.303543,27913,0,4647,0,1.0,0.857,0.923,0.0,22.302,0.0
1784040644.3071759,27913,0,4657,0,1.0,0.857,0.923,0.0,22.296,0.0
1784040644.3104718,27913,0,4667,0,1.0,0.857,0.923,0.0,22.29,0.0
1784040644.313985,27913,0,4677,0,1.0,0.856,0.923,0.0,22.284,0.0
1784040644.3179557,27913,0,4687,0,1.0,0.856,0.923,0.0,22.278,0.0
1784040644.3239346,27913,0,4697,0,1.0,0.856,0.922,0.0,22.272,0.0
1784040644.3298903,27913,0,4707,0,1.0,0.856,0.922,0.0,22.266,0.0
1784040644.3350413,27913,0,4717,0,1.0,0.855,0.922,0.0,22.26,0.0
1784040644.3390615,27913,0,4727,0,1.0,0.855,0.922,0.0,22.254,0.0
1784040644.3425841,27913,0,4737,0,1.0,0.855,0.922,0.0,22.248,0.0
1784040644.3461516,27913,0,4747,0,1.0,0.855,0.922,0.0,22.242,0.0
1784040644.3500614,27913,0,4757,0,1.0,0.854,0.921,0.0,22.236,0.0
1784040644.3549426,27913,0,4767,0,1.0,0.854,0.921,0.0,22.23,0.0
1784040644.359565,27913,0,4777,0,1.0,0.854,0.921,0.0,22.224,0.0
1784040644.3641446,27913,0,4787,0,1.0,0.854,0.921,0.0,22.218,0.0
1784040644.3692653,27913,0,4797,0,1.0,0.853,0.921,0.0,22.212,0.0
1784040644.373304,27913,0,4807,0,1.0,0.853,0.921,0.0,22.206,0.0
1784040644.3773901,27913,0,4817,0,1.0,0.853,0.921,0.0,22.2,0.0
1784040644.3823583,27913,0,4827,0,1.0,0.853,0.92,0.0,22.194,0.0
1784040644.389945,27913,0,4837,0,1.0,0.852,0.92,0.0,22.188,0.0
1784040644.3948836,27913,0,4847,0,1.0,0.852,0.92,0.0,22.182,0.0
1784040644.4004664,27913,0,4857,0,1.0,0.852,0.92,0.0,22.176,0.0
1784040644.4059157,27913,0,4867,0,1.0,0.852,0.92,0.0,22.17,0.0
1784040644.4121807,27913,0,4877,0,1.0,0.851,0.92,0.0,22.164,0.0
1784040644.4169981,27913,0,4887,0,1.0,0.851,0.92,0.0,22.158,0.0
1784040644.4224908,27913,0,4897,0,1.0,0.851,0.919,0.0,22.152,0.0
1784040644.428243,27913,0,4907,0,1.0,0.85,0.919,0.0,22.146,0.0
1784040644.4340725,27913,0,4917,0,1.0,0.85,0.919,0.0,22.14,0.0
1784040644.4372575,27913,0,4927,0,1.0,0.85,0.919,0.0,22.134,0.0
1784040644.4410195,27913,0,4937,0,1.0,0.85,0.919,0.0,22.128,0.0
1784040644.4464502,27913,0,4947,0,1.0,0.849,0.919,0.0,22.122,0.0
1784040644.451766,27913,0,4957,0,1.0,0.849,0.918,0.0,22.116,0.0
1784040644.4590678,27913,0,4967,0,1.0,0.849,0.918,0.0,22.11,0.0
1784040644.4626284,27913,0,4977,0,1.0,0.849,0.918,0.0,22.104,0.0
1784040644.4658914,27913,0,4987,0,1.0,0.848,0.918,0.0,22.098,0.0
1784040644.4692688,27913,0,4997,0,1.0,0.848,0.918,0.0,22.093,0.0
1784040644.4738257,27913,0,5007,0,1.0,0.848,0.918,0.0,22.087,0.0
1784040644.4785547,27913,0,5017,0,1.0,0.848,0.918,0.0,22.081,0.0
1784040644.484052,27913,0,5027,0,1.0,0.847,0.917,0.0,22.075,0.0
1784040644.4883456,27913,0,5037,0,1.0,0.847,0.917,0.0,22.069,0.0
1784040644.492002,27913,0,5047,0,1.0,0.847,0.917,0.0,22.063,0.0
1784040644.4957392,27913,0,5057,0,1.0,0.847,0.917,0.0,22.057,0.0
1784040644.5005302,27913,0,5067,0,1.0,0.846,0.917,0.0,22.051,0.0
1784040644.5053291,27913,0,5077,0,1.0,0.846,0.917,0.0,22.045,0.0
1784040644.5088823,27913,0,5087,0,1.0,0.846,0.916,0.0,22.04,0.0
1784040644.5131507,27913,0,5097,0,1.0,0.846,0.916,0.0,22.034,0.0
1784040644.5171463,27913,0,5107,0,1.0,0.845,0.916,0.0,22.028,0.0
1784040644.5239048,27913,0,5117,0,1.0,0.845,0.916,0.0,22.022,0.0
1784040644.5287826,27913,0,5127,0,1.0,0.845,0.916,0.0,22.016,0.0
1784040644.5343125,27913,0,5137,0,1.0,0.845,0.916,0.0,22.01,0.0
1784040644.538604,27913,0,5147,0,1.0,0.844,0.916,0.0,22.004,0.0
1784040644.5444307,27913,0,5157,0,1.0,0.844,0.915,0.0,21.999,0.0
1784040644.5489488,27913,0,5167,0,1.0,0.844,0.915,0.0,21.993,0.0
1784040644.5535066,27913,0,5177,0,1.0,0.844,0.915,0.0,21.987,0.0
1784040644.5570126,27913,0,5187,0,1.0,0.843,0.915,0.0,21.981,0.0
1784040644.5606356,27913,0,5197,0,1.0,0.843,0.915,0.0,21.975,0.0
1784040644.5642145,27913,0,5207,0,1.0,0.843,0.915,0.0,21.969,0.0
1784040644.5684388,27913,0,5217,0,1.0,0.843,0.915,0.0,21.964,0.0
1784040644.5730383,27913,0,5227,0,1.0,0.842,0.914,0.0,21.958,0.0
1784040644.5777416,27913,0,5237,0,1.0,0.842,0.914,0.0,21.952,0.0
1784040644.58223,27913,0,5247,0,1.0,0.842,0.914,0.0,21.946,0.0
1784040644.586392,27913,0,5257,0,1.0,0.842,0.914,0.0,21.941,0.0
1784040644.5909138,27913,0,5267,0,1.0,0.841,0.914,0.0,21.935,0.0
1784040644.595148,27913,0,5277,0,1.0,0.841,0.914,0.0,21.929,0.0
1784040644.6008983,27913,0,5287,0,1.0,0.841,0.913,0.0,21.923,0.0
1784040644.6061757,27913,0,5297,0,1.0,0.84,0.913,0.0,21.918,0.0
1784040644.6116729,27913,0,5307,0,1.0,0.84,0.913,0.0,21.912,0.0
1784040644.6169684,27913,0,5317,0,1.0,0.84,0.913,0.0,21.906,0.0
1784040644.621328,27913,0,5327,0,1.0,0.84,0.913,0.0,21.9,0.0
1784040644.6256742,27913,0,5337,0,1.0,0.839,0.913,0.0,21.895,0.0
1784040644.630375,27913,0,5347,0,1.0,0.839,0.913,0.0,21.889,0.0
1784040644.6357422,27913,0,5357,0,1.0,0.839,0.912,0.0,21.883,0.0
1784040644.639819,27913,0,5367,0,1.0,0.839,0.912,0.0,21.878,0.0
1784040644.6437955,27913,0,5377,0,1.0,0.838,0.912,0.0,21.872,0.0
1784040644.6478705,27913,0,5387,0,1.0,0.838,0.912,0.0,21.866,0.0
1784040644.6532633,27913,0,5397,0,1.0,0.838,0.912,0.0,21.861,0.0
1784040644.6574278,27913,0,5407,0,1.0,0.838,0.912,0.0,21.855,0.0
1784040644.6664681,27913,0,5417,0,1.0,0.837,0.912,0.0,21.849,0.0
1784040644.671208,27913,0,5427,0,1.0,0.837,0.911,0.0,21.844,0.0
1784040644.6752064,27913,0,5437,0,1.0,0.837,0.911,0.0,21.838,0.0
1784040644.679817,27913,0,5447,0,1.0,0.837,0.911,0.0,21.832,0.0
1784040644.6854904,27913,0,5457,0,1.0,0.836,0.911,0.0,21.827,0.0
1784040644.6927102,27913,0,5467,0,1.0,0.836,0.911,0.0,21.821,0.0
1784040644.6972885,27913,0,5477,0,1.0,0.836,0.911,0.0,21.816,0.0
1784040644.702658,27913,0,5487,0,1.0,0.836,0.911,0.0,21.81,0.0
1784040644.707481,27913,0,5497,0,1.0,0.835,0.91,0.0,21.804,0.0
1784040644.7112963,27913,0,5507,0,1.0,0.835,0.91,0.0,21.799,0.0
1784040644.7156165,27913,0,5517,0,1.0,0.835,0.91,0.0,21.793,0.0
1784040644.721702,27913,0,5527,0,1.0,0.835,0.91,0.0,21.788,0.0
1784040644.725961,27913,0,5537,0,1.0,0.834,0.91,0.0,21.782,0.0
1784040644.7323606,27913,0,5547,0,1.0,0.834,0.91,0.0,21.776,0.0
1784040644.738449,27913,0,5557,0,1.0,0.834,0.909,0.0,21.771,0.0
1784040644.7425966,27913,0,5567,0,1.0,0.834,0.909,0.0,21.765,0.0
1784040644.7471108,27913,0,5577,0,1.0,0.833,0.909,0.0,21.76,0.0
1784040644.751343,27913,0,5587,0,1.0,0.833,0.909,0.0,21.754,0.0
1784040644.7568417,27913,0,5597,0,1.0,0.833,0.909,0.0,21.749,0.0
1784040644.761557,27913,0,5607,0,1.0,0.833,0.909,0.0,21.743,0.0
1784040644.7662828,27913,0,5617,0,1.0,0.832,0.909,0.0,21.738,0.0
1784040644.770048,27913,0,5627,0,1.0,0.832,0.908,0.0,21.732,0.0
1784040644.7739527,27913,0,5637,0,1.0,0.832,0.908,0.0,21.727,0.0
1784040644.7786782,27913,0,5647,0,1.0,0.832,0.908,0.0,21.721,0.0
1784040644.7841864,27913,0,5657,0,1.0,0.831,0.908,0.0,21.716,0.0
1784040644.7896943,27913,0,5667,0,1.0,0.831,0.908,0.0,21.71,0.0
1784040644.794174,27913,0,5677,0,1.0,0.831,0.908,0.0,21.705,0.0
1784040644.7974982,27913,0,5687,0,1.0,0.831,0.908,0.0,21.699,0.0
1784040644.801191,27913,0,5697,0,1.0,0.83,0.907,0.0,21.694,0.0
1784040644.8061063,27913,0,5707,0,1.0,0.83,0.907,0.0,21.688,0.0
1784040644.8102343,27913,0,5717,0,1.0,0.83,0.907,0.0,21.683,0.0
1784040644.815914,27913,0,5727,0,1.0,0.83,0.907,0.0,21.678,0.0
1784040644.8210566,27913,0,5737,0,1.0,0.83,0.907,0.0,21.672,0.0
1784040644.832618,27913,0,5747,0,1.0,0.829,0.907,0.0,21.667,0.0
1784040644.837431,27913,0,5757,0,1.0,0.829,0.907,0.0,21.661,0.0
1784040644.8438804,27913,0,5767,0,1.0,0.829,0.906,0.0,21.656,0.0
1784040644.848793,27913,0,5777,0,1.0,0.829,0.906,0.0,21.651,0.0
1784040644.8528779,27913,0,5787,0,1.0,0.828,0.906,0.0,21.645,0.0
1784040644.8583221,27913,0,5797,0,1.0,0.828,0.906,0.0,21.64,0.0
1784040644.8630998,27913,0,5807,0,1.0,0.828,0.906,0.0,21.634,0.0
1784040644.866967,27913,0,5817,0,1.0,0.828,0.906,0.0,21.629,0.0
1784040644.8707223,27913,0,5827,0,1.0,0.827,0.905,0.0,21.624,0.0
1784040644.8753135,27913,0,5837,0,1.0,0.827,0.905,0.0,21.618,0.0
1784040644.8791883,27913,0,5847,0,1.0,0.827,0.905,0.0,21.613,0.0
1784040644.8832798,27913,0,5857,0,1.0,0.827,0.905,0.0,21.608,0.0
1784040644.8882947,27913,0,5867,0,1.0,0.826,0.905,0.0,21.602,0.0
1784040644.8930662,27913,0,5877,0,1.0,0.826,0.905,0.0,21.597,0.0
1784040644.8969061,27913,0,5887,0,1.0,0.826,0.905,0.0,21.592,0.0
1784040644.901202,27913,0,5897,0,1.0,0.826,0.904,0.0,21.586,0.0
1784040644.904967,27913,0,5907,0,1.0,0.825,0.904,0.0,21.581,0.0
1784040644.908531,27913,0,5917,0,1.0,0.825,0.904,0.0,21.576,0.0
1784040644.911484,27913,0,5927,0,1.0,0.825,0.904,0.0,21.571,0.0
1784040644.9151275,27913,0,5937,0,1.0,0.825,0.904,0.0,21.565,0.0
1784040644.9190207,27913,0,5947,0,1.0,0.824,0.904,0.0,21.56,0.0
1784040644.924787,27913,0,5957,0,1.0,0.824,0.904,0.0,21.555,0.0
1784040644.9357903,27913,0,5967,0,1.0,0.824,0.903,0.0,21.549,0.0
1784040644.9405434,27913,0,5977,0,1.0,0.824,0.903,0.0,21.544,0.0
1784040644.945823,27913,0,5987,0,1.0,0.823,0.903,0.0,21.539,0.0
1784040644.9512458,27913,0,5997,0,1.0,0.823,0.903,0.0,21.533,0.0
1784040644.9565,27913,0,6007,0,1.0,0.823,0.903,0.0,21.528,0.0
1784040644.9625275,27913,0,6017,0,1.0,0.823,0.903,0.0,21.522,0.0
1784040644.968888,27913,0,6027,0,1.0,0.822,0.903,0.0,21.516,0.0
1784040644.9750621,27913,0,6037,0,1.0,0.822,0.902,0.0,21.51,0.0
1784040644.9853961,27913,0,6047,0,1.0,0.822,0.902,0.0,21.505,0.0
1784040644.9900122,27913,0,6057,0,1.0,0.822,0.902,0.0,21.499,0.0
1784040644.994497,27913,0,6067,0,1.0,0.821,0.902,0.0,21.493,0.0
1784040644.9986632,27913,0,6077,0,1.0,0.821,0.902,0.0,21.487,0.0
1784040645.002753,27913,0,6087,0,1.0,0.821,0.902,0.0,21.482,0.0
1784040645.007439,27913,0,6097,0,1.0,0.821,0.902,0.0,21.476,0.0
1784040645.0126889,27913,0,6107,0,1.0,0.82,0.901,0.0,21.47,0.0
1784040645.0168884,27913,0,6117,0,1.0,0.82,0.901,0.0,21.465,0.0
1784040645.0207596,27913,0,6127,0,1.0,0.82,0.901,0.0,21.459,0.0
1784040645.0252354,27913,0,6137,0,1.0,0.82,0.901,0.0,21.453,0.0
1784040645.0309286,27913,0,6147,0,1.0,0.82,0.901,0.0,21.448,0.0
1784040645.036315,27913,0,6157,0,1.0,0.819,0.901,0.0,21.442,0.0
1784040645.040196,27913,0,6167,0,1.0,0.819,0.901,0.0,21.436,0.0
1784040645.0456376,27913,0,6177,0,1.0,0.819,0.9,0.0,21.431,0.0
1784040645.0498667,27913,0,6187,0,1.0,0.819,0.9,0.0,21.425,0.0
1784040645.053829,27913,0,6197,0,1.0,0.818,0.9,0.0,21.419,0.0
1784040645.0585508,27913,0,6207,0,1.0,0.818,0.9,0.0,21.414,0.0
1784040645.0633652,27913,0,6217,0,1.0,0.818,0.9,0.0,21.408,0.0
1784040645.0687141,27913,0,6227,0,1.0,0.818,0.9,0.0,21.403,0.0
1784040645.074642,27913,0,6237,0,1.0,0.817,0.9,0.0,21.397,0.0
1784040645.0797994,27913,0,6247,0,1.0,0.817,0.899,0.0,21.391,0.0
1784040645.0868547,27913,0,6257,0,1.0,0.817,0.899,0.0,21.386,0.0
1784040645.0907736,27913,0,6267,0,1.0,0.817,0.899,0.0,21.38,0.0
1784040645.0947251,27913,0,6277,0,1.0,0.816,0.899,0.0,21.375,0.0
1784040645.099694,27913,0,6287,0,1.0,0.816,0.899,0.0,21.369,0.0
1784040645.1081653,27913,0,6297,0,1.0,0.816,0.899,0.0,21.364,0.0
1784040645.1150744,27913,0,6307,0,1.0,0.816,0.898,0.0,21.358,0.0
1784040645.1202142,27913,0,6317,0,1.0,0.815,0.898,0.0,21.353,0.0
1784040645.127936,27913,0,6327,0,1.0,0.815,0.898,0.0,21.347,0.0
1784040645.1349735,27913,0,6337,0,1.0,0.815,0.898,0.0,21.342,0.0
1784040645.1389437,27913,0,6347,0,1.0,0.815,0.898,0.0,21.336,0.0
1784040645.1445758,27913,0,6357,0,1.0,0.815,0.898,0.0,21.331,0.0
1784040645.1482987,27913,0,6367,0,1.0,0.814,0.898,0.0,21.325,0.0
1784040645.152602,27913,0,6377,0,1.0,0.814,0.897,0.0,21.32,0.0
1784040645.1618664,27913,0,6387,0,1.0,0.814,0.897,0.0,21.314,0.0
1784040645.168193,27913,0,6397,0,1.0,0.814,0.897,0.0,21.309,0.0
1784040645.1755948,27913,0,6407,0,1.0,0.813,0.897,0.0,21.303,0.0
1784040645.1803002,27913,0,6417,0,1.0,0.813,0.897,0.0,21.298,0.0
1784040645.1848848,27913,0,6427,0,1.0,0.813,0.897,0.0,21.292,0.0
1784040645.1895728,27913,0,6437,0,1.0,0.813,0.897,0.0,21.287,0.0
1784040645.1950815,27913,0,6447,0,1.0,0.812,0.896,0.0,21.281,0.0
1784040645.1995618,27913,0,6457,0,1.0,0.812,0.896,0.0,21.276,0.0
1784040645.203771,27913,0,6467,0,1.0,0.812,0.896,0.0,21.27,0.0
1784040645.2083974,27913,0,6477,0,1.0,0.812,0.896,0.0,21.265,0.0
1784040645.2133362,27913,0,6487,0,1.0,0.811,0.896,0.0,21.259,0.0
1784040645.2173274,27913,0,6497,0,1.0,0.811,0.896,0.0,21.254,0.0
1784040645.2238503,27913,0,6507,0,1.0,0.811,0.896,0.0,21.249,0.0
1784040645.228479,27913,0,6517,0,1.0,0.811,0.895,0.0,21.244,0.0
1784040645.232469,27913,0,6527,0,1.0,0.81,0.895,0.0,21.239,0.0
1784040645.2365377,27913,0,6537,0,1.0,0.81,0.895,0.0,21.233,0.0
1784040645.24114,27913,0,6547,0,1.0,0.81,0.895,0.0,21.228,0.0
1784040645.2469065,27913,0,6557,0,1.0,0.81,0.895,0.0,21.222,0.0
1784040645.2531757,27913,0,6567,0,1.0,0.81,0.895,0.0,21.216,0.0
1784040645.2573135,27913,0,6577,0,1.0,0.809,0.895,0.0,21.211,0.0
1784040645.2642233,27913,0,6587,0,1.0,0.809,0.894,0.0,21.205,0.0
1784040645.2687836,27913,0,6597,0,1.0,0.809,0.894,0.0,21.2,0.0
1784040645.274535,27913,0,6607,0,1.0,0.809,0.894,0.0,21.194,0.0
1784040645.2793071,27913,0,6617,0,1.0,0.808,0.894,0.0,21.189,0.0
1784040645.285838,27913,0,6627,0,1.0,0.808,0.894,0.0,21.183,0.0
1784040645.2942655,27913,0,6637,0,1.0,0.808,0.894,0.0,21.178,0.0
1784040645.3022463,27913,0,6647,0,1.0,0.808,0.894,0.0,21.172,0.0
1784040645.308924,27913,0,6657,0,1.0,0.807,0.893,0.0,21.167,0.0
1784040645.3149993,27913,0,6667,0,1.0,0.807,0.893,0.0,21.161,0.0
1784040645.3202817,27913,0,6677,0,1.0,0.807,0.893,0.0,21.156,0.0
1784040645.3252816,27913,0,6687,0,1.0,0.807,0.893,0.0,21.15,0.0
1784040645.329692,27913,0,6697,0,1.0,0.807,0.893,0.0,21.145,0.0
1784040645.3335025,27913,0,6707,0,1.0,0.806,0.893,0.0,21.139,0.0
1784040645.3396628,27913,0,6717,0,1.0,0.806,0.893,0.0,21.134,0.0
1784040645.3442504,27913,0,6727,0,1.0,0.806,0.892,0.0,21.128,0.0
1784040645.3478987,27913,0,6737,0,1.0,0.806,0.892,0.0,21.123,0.0
1784040645.3542354,27913,0,6747,0,1.0,0.805,0.892,0.0,21.118,0.0
1784040645.3591175,27913,0,6757,0,1.0,0.805,0.892,0.0,21.112,0.0
1784040645.3637733,27913,0,6767,0,1.0,0.805,0.892,0.0,21.107,0.0
1784040645.3696053,27913,0,6777,0,1.0,0.805,0.892,0.0,21.101,0.0
1784040645.3749268,27913,0,6787,0,1.0,0.804,0.892,0.0,21.096,0.0
1784040645.3785918,27913,0,6797,0,1.0,0.804,0.891,0.0,21.09,0.0
1784040645.3828182,27913,0,6807,0,1.0,0.804,0.891,0.0,21.085,0.0
1784040645.389975,27913,0,6817,0,1.0,0.804,0.891,0.0,21.08,0.0
1784040645.3951156,27913,0,6827,0,1.0,0.803,0.891,0.0,21.074,0.0
1784040645.4011006,27913,0,6837,0,1.0,0.803,0.891,0.0,21.069,0.0
1784040645.4067729,27913,0,6847,0,1.0,0.803,0.891,0.0,21.063,0.0
1784040645.4128091,27913,0,6857,0,1.0,0.803,0.891,0.0,21.058,0.0
1784040645.416819,27913,0,6867,0,1.0,0.803,0.89,0.0,21.053,0.0
1784040645.4213564,27913,0,6877,0,1.0,0.802,0.89,0.0,21.047,0.0
1784040645.4260285,27913,0,6887,0,1.0,0.802,0.89,0.0,21.042,0.0
1784040645.4305472,27913,0,6897,0,1.0,0.802,0.89,0.0,21.037,0.0
1784040645.439203,27913,0,6907,0,1.0,0.802,0.89,0.0,21.031,0.0
1784040645.4444964,27913,0,6917,0,1.0,0.801,0.89,0.0,21.026,0.0
1784040645.4525476,27913,0,6927,0,1.0,0.801,0.89,0.0,21.02,0.0
1784040645.4581246,27913,0,6937,0,1.0,0.801,0.889,0.0,21.015,0.0
1784040645.462485,27913,0,6947,0,1.0,0.801,0.889,0.0,21.01,0.0
1784040645.4656591,27913,0,6957,0,1.0,0.8,0.889,0.0,21.004,0.0
1784040645.4698334,27913,0,6967,0,1.0,0.8,0.889,0.0,20.999,0.0
1784040645.4742303,27913,0,6977,0,1.0,0.8,0.889,0.0,20.994,0.0
1784040645.4815454,27913,0,6987,0,1.0,0.8,0.889,0.0,20.989,0.0
1784040645.487396,27913,0,6997,0,1.0,0.8,0.889,0.0,20.983,0.0
1784040645.4936633,27913,0,7007,0,1.0,0.799,0.888,0.0,20.978,0.0
1784040645.4999871,27913,0,7017,0,1.0,0.799,0.888,0.0,20.973,0.0
1784040645.5041149,27913,0,7027,0,1.0,0.799,0.888,0.0,20.967,0.0
1784040645.5088916,27913,0,7037,0,1.0,0.799,0.888,0.0,20.962,0.0
1784040645.5145783,27913,0,7047,0,1.0,0.798,0.888,0.0,20.957,0.0
1784040645.521415,27913,0,7057,0,1.0,0.798,0.888,0.0,20.952,0.0
1784040645.527192,27913,0,7067,0,1.0,0.798,0.888,0.0,20.946,0.0
1784040645.5315914,27913,0,7077,0,1.0,0.798,0.887,0.0,20.941,0.0
1784040645.5373235,27913,0,7087,0,1.0,0.798,0.887,0.0,20.936,0.0
1784040645.545216,27913,0,7097,0,1.0,0.797,0.887,0.0,20.931,0.0
1784040645.5512779,27913,0,7107,0,1.0,0.797,0.887,0.0,20.925,0.0
1784040645.555076,27913,0,7117,0,1.0,0.797,0.887,0.0,20.92,0.0
1784040645.559809,27913,0,7127,0,1.0,0.797,0.887,0.0,20.915,0.0
1784040645.563617,27913,0,7137,0,1.0,0.796,0.887,0.0,20.91,0.0
1784040645.5675292,27913,0,7147,0,1.0,0.796,0.887,0.0,20.904,0.0
1784040645.5740416,27913,0,7157,0,1.0,0.796,0.886,0.0,20.899,0.0
1784040645.5789068,27913,0,7167,0,1.0,0.796,0.886,0.0,20.894,0.0
1784040645.5867186,27913,0,7177,0,1.0,0.795,0.886,0.0,20.889,0.0
1784040645.5928938,27913,0,7187,0,1.0,0.795,0.886,0.0,20.884,0.0
1784040645.5982807,27913,0,7197,0,1.0,0.795,0.886,0.0,20.879,0.0
1784040645.6050339,27913,0,7207,0,1.0,0.795,0.886,0.0,20.873,0.0
1784040645.6096258,27913,0,7217,0,1.0,0.795,0.886,0.0,20.868,0.0
1784040645.6137407,27913,0,7227,0,1.0,0.794,0.885,0.0,20.863,0.0
1784040645.6184928,27913,0,7237,0,1.0,0.794,0.885,0.0,20.858,0.0
1784040645.6228077,27913,0,7247,0,1.0,0.794,0.885,0.0,20.853,0.0
1784040645.6266818,27913,0,7257,0,1.0,0.794,0.885,0.0,20.848,0.0
1784040645.6355546,27913,0,7267,0,1.0,0.793,0.885,0.0,20.842,0.0
1784040645.6411324,27913,0,7277,0,1.0,0.793,0.885,0.0,20.837,0.0
1784040645.6458933,27913,0,7287,0,1.0,0.793,0.885,0.0,20.832,0.0
1784040645.6513875,27913,0,7297,0,1.0,0.793,0.884,0.0,20.827,0.0
1784040645.6558685,27913,0,7307,0,1.0,0.793,0.884,0.0,20.822,0.0
1784040645.659448,27913,0,7317,0,1.0,0.792,0.884,0.0,20.817,0.0
1784040645.663423,27913,0,7327,0,1.0,0.792,0.884,0.0,20.812,0.0
1784040645.6705847,27913,0,7337,0,1.0,0.792,0.884,0.0,20.807,0.0
1784040645.674874,27913,0,7347,0,1.0,0.792,0.884,0.0,20.802,0.0
1784040645.6810699,27913,0,7357,0,1.0,0.791,0.884,0.0,20.796,0.0
1784040645.6853504,27913,0,7367,0,1.0,0.791,0.883,0.0,20.791,0.0
1784040645.689274,27913,0,7377,0,1.0,0.791,0.883,0.0,20.786,0.0
1784040645.693942,27913,0,7387,0,1.0,0.791,0.883,0.0,20.781,0.0
1784040645.6982813,27913,0,7397,0,1.0,0.791,0.883,0.0,20.776,0.0
1784040645.7030907,27913,0,7407,0,1.0,0.79,0.883,0.0,20.771,0.0
1784040645.7081053,27913,0,7417,0,1.0,0.79,0.883,0.0,20.766,0.0
1784040645.714345,27913,0,7427,0,1.0,0.79,0.883,0.0,20.761,0.0
1784040645.7235556,27913,0,7437,0,1.0,0.79,0.882,0.0,20.756,0.0
1784040645.7293787,27913,0,7447,0,1.0,0.789,0.882,0.0,20.751,0.0
1784040645.7360218,27913,0,7457,0,1.0,0.789,0.882,0.0,20.746,0.0
1784040645.740652,27913,0,7467,0,1.0,0.789,0.882,0.0,20.741,0.0
1784040645.7465265,27913,0,7477,0,1.0,0.789,0.882,0.0,20.736,0.0
1784040645.7519028,27913,0,7487,0,1.0,0.789,0.882,0.0,20.731,0.0
1784040645.757711,27913,0,7497,0,1.0,0.788,0.882,0.0,20.726,0.0
1784040645.7628238,27913,0,7507,0,1.0,0.788,0.881,0.0,20.721,0.0
1784040645.7683313,27913,0,7517,0,1.0,0.788,0.881,0.0,20.716,0.0
1784040645.7736082,27913,0,7527,0,1.0,0.788,0.881,0.0,20.711,0.0
1784040645.7785137,27913,0,7537,0,1.0,0.787,0.881,0.0,20.706,0.0
1784040645.7847977,27913,0,7547,0,1.0,0.787,0.881,0.0,20.701,0.0
1784040645.7896636,27913,0,7557,0,1.0,0.787,0.881,0.0,20.696,0.0
1784040645.7965307,27913,0,7567,0,1.0,0.787,0.881,0.0,20.691,0.0
1784040645.8005152,27913,0,7577,0,1.0,0.787,0.88,0.0,20.686,0.0
1784040645.804454,27913,0,7587,0,1.0,0.786,0.88,0.0,20.681,0.0
1784040645.808994,27913,0,7597,0,1.0,0.786,0.88,0.0,20.676,0.0
1784040645.8134773,27913,0,7607,0,1.0,0.786,0.88,0.0,20.671,0.0
1784040645.8194807,27913,0,7617,0,1.0,0.786,0.88,0.0,20.666,0.0
1784040645.8245926,27913,0,7627,0,1.0,0.785,0.88,0.0,20.661,0.0
1784040645.8281598,27913,0,7637,0,1.0,0.785,0.88,0.0,20.656,0.0
1784040645.8327544,27913,0,7647,0,1.0,0.785,0.88,0.0,20.651,0.0
1784040645.8361928,27913,0,7657,0,1.0,0.785,0.879,0.0,20.646,0.0
1784040645.8417253,27913,0,7667,0,1.0,0.785,0.879,0.0,20.641,0.0
1784040645.8466997,27913,0,7677,0,1.0,0.784,0.879,0.0,20.636,0.0
1784040645.8513794,27913,0,7687,0,1.0,0.784,0.879,0.0,20.632,0.0
1784040645.8633926,27913,0,7697,0,1.0,0.784,0.879,0.0,20.627,0.0
1784040645.8689609,27913,0,7707,0,1.0,0.784,0.879,0.0,20.622,0.0
1784040645.8726234,27913,0,7717,0,1.0,0.783,0.879,0.0,20.617,0.0
1784040645.8793247,27913,0,7727,0,1.0,0.783,0.878,0.0,20.612,0.0
1784040645.8853445,27913,0,7737,0,1.0,0.783,0.878,0.0,20.607,0.0
1784040645.8894365,27913,0,7747,0,1.0,0.783,0.878,0.0,20.602,0.0
1784040645.8934882,27913,0,7757,0,1.0,0.783,0.878,0.0,20.597,0.0
1784040645.8988247,27913,0,7767,0,1.0,0.782,0.878,0.0,20.592,0.0
1784040645.903623,27913,0,7777,0,1.0,0.782,0.878,0.0,20.588,0.0
1784040645.908825,27913,0,7787,0,1.0,0.782,0.878,0.0,20.583,0.0
1784040645.912333,27913,0,7797,0,1.0,0.782,0.877,0.0,20.578,0.0
1784040645.9175162,27913,0,7807,0,1.0,0.781,0.877,0.0,20.573,0.0
1784040645.9231625,27913,0,7817,0,1.0,0.781,0.877,0.0,20.568,0.0
1784040645.9279125,27913,0,7827,0,1.0,0.781,0.877,0.0,20.563,0.0
1784040645.9332237,27913,0,7837,0,1.0,0.781,0.877,0.0,20.558,0.0
1784040645.9370568,27913,0,7847,0,1.0,0.781,0.877,0.0,20.554,0.0
1784040645.9414861,27913,0,7857,0,1.0,0.78,0.877,0.0,20.549,0.0
1784040645.945204,27913,0,7867,0,1.0,0.78,0.876,0.0,20.544,0.0
1784040645.9505577,27913,0,7877,0,1.0,0.78,0.876,0.0,20.539,0.0
1784040645.9601166,27913,0,7887,0,1.0,0.78,0.876,0.0,20.534,0.0
1784040645.9640584,27913,0,7897,0,1.0,0.779,0.876,0.0,20.529,0.0
1784040645.9697373,27913,0,7907,0,1.0,0.779,0.876,0.0,20.525,0.0
1784040645.9746392,27913,0,7917,0,1.0,0.779,0.876,0.0,20.52,0.0
1784040645.9799423,27913,0,7927,0,1.0,0.779,0.876,0.0,20.515,0.0
1784040645.9856343,27913,0,7937,0,1.0,0.779,0.876,0.0,20.51,0.0
1784040645.99028,27913,0,7947,0,1.0,0.778,0.875,0.0,20.505,0.0
1784040645.996295,27913,0,7957,0,1.0,0.778,0.875,0.0,20.501,0.0
1784040646.0028467,27913,0,7967,0,1.0,0.778,0.875,0.0,20.496,0.0
1784040646.007768,27913,0,7977,0,1.0,0.778,0.875,0.0,20.491,0.0
1784040646.0145829,27913,0,7987,0,1.0,0.778,0.875,0.0,20.486,0.0
1784040646.0222213,27913,0,7997,0,1.0,0.777,0.875,0.0,20.482,0.0
1784040646.0264401,27913,0,8007,0,1.0,0.777,0.875,0.0,20.477,0.0
1784040646.0312233,27913,0,8017,0,1.0,0.777,0.874,0.0,20.472,0.0
1784040646.0351183,27913,0,8027,0,1.0,0.777,0.874,0.0,20.467,0.0
1784040646.0445616,27913,0,8037,0,1.0,0.776,0.874,0.0,20.463,0.0
1784040646.0497231,27913,0,8047,0,1.0,0.776,0.874,0.0,20.458,0.0
1784040646.0545204,27913,0,8057,0,1.0,0.776,0.874,0.0,20.453,0.0
1784040646.0588627,27913,0,8067,0,1.0,0.776,0.874,0.0,20.448,0.0
1784040646.0628402,27913,0,8077,0,1.0,0.776,0.874,0.0,20.444,0.0
1784040646.066369,27913,0,8087,0,1.0,0.775,0.873,0.0,20.439,0.0
1784040646.0696096,27913,0,8097,0,1.0,0.775,0.873,0.0,20.434,0.0
1784040646.0728986,27913,0,8107,0,1.0,0.775,0.873,0.0,20.429,0.0
1784040646.0771258,27913,0,8117,0,1.0,0.775,0.873,0.0,20.425,0.0
1784040646.0813866,27913,0,8127,0,1.0,0.775,0.873,0.0,20.42,0.0
1784040646.0855236,27913,0,8137,0,1.0,0.774,0.873,0.0,20.415,0.0
1784040646.0908082,27913,0,8147,0,1.0,0.774,0.873,0.0,20.411,0.0
1784040646.0947347,27913,0,8157,0,1.0,0.774,0.873,0.0,20.405,0.0
1784040646.099562,27913,0,8167,0,1.0,0.774,0.872,0.0,20.4,0.0
1784040646.1049988,27913,0,8177,0,1.0,0.773,0.872,0.0,20.395,0.0
1784040646.1119478,27913,0,8187,0,1.0,0.773,0.872,0.0,20.39,0.0
1784040646.115582,27913,0,8197,0,1.0,0.773,0.872,0.0,20.385,0.0
1784040646.119943,27913,0,8207,0,1.0,0.773,0.872,0.0,20.38,0.0
1784040646.1250637,27913,0,8217,0,1.0,0.773,0.872,0.0,20.375,0.0
1784040646.1286857,27913,0,8227,0,1.0,0.772,0.872,0.0,20.37,0.0
1784040646.1325033,27913,0,8237,0,1.0,0.772,0.871,0.0,20.365,0.0
1784040646.138318,27913,0,8247,0,1.0,0.772,0.871,0.0,20.36,0.0
1784040646.144382,27913,0,8257,0,1.0,0.772,0.871,0.0,20.355,0.0
1784040646.1495245,27913,0,8267,0,1.0,0.772,0.871,0.0,20.35,0.0
1784040646.1587648,27913,0,8277,0,1.0,0.771,0.871,0.0,20.345,0.0
1784040646.1635494,27913,0,8287,0,1.0,0.771,0.871,0.0,20.34,0.0
1784040646.1697435,27913,0,8297,0,1.0,0.771,0.871,0.0,20.335,0.0
1784040646.1753893,27913,0,8307,0,1.0,0.771,0.87,0.0,20.33,0.0
1784040646.17988,27913,0,8317,0,1.0,0.77,0.87,0.0,20.325,0.0
1784040646.1840932,27913,0,8327,0,1.0,0.77,0.87,0.0,20.32,0.0
1784040646.189203,27913,0,8337,0,1.0,0.77,0.87,0.0,20.315,0.0
1784040646.1944315,27913,0,8347,0,1.0,0.77,0.87,0.0,20.31,0.0
1784040646.1997855,27913,0,8357,0,1.0,0.77,0.87,0.0,20.305,0.0
1784040646.203524,27913,0,8367,0,1.0,0.769,0.87,0.0,20.3,0.0
1784040646.2086728,27913,0,8377,0,1.0,0.769,0.87,0.0,20.295,0.0
1784040646.2149603,27913,0,8387,0,1.0,0.769,0.869,0.0,20.29,0.0
1784040646.2195957,27913,0,8397,0,1.0,0.769,0.869,0.0,20.285,0.0
1784040646.223201,27913,0,8407,0,1.0,0.769,0.869,0.0,20.28,0.0
1784040646.2288263,27913,0,8417,0,1.0,0.768,0.869,0.0,20.275,0.0
1784040646.2337456,27913,0,8427,0,1.0,0.768,0.869,0.0,20.27,0.0
1784040646.2392523,27913,0,8437,0,1.0,0.768,0.869,0.0,20.265,0.0
1784040646.244208,27913,0,8447,0,1.0,0.768,0.869,0.0,20.26,0.0
1784040646.24892,27913,0,8457,0,1.0,0.767,0.868,0.0,20.255,0.0
1784040646.2526402,27913,0,8467,0,1.0,0.767,0.868,0.0,20.25,0.0
1784040646.256859,27913,0,8477,0,1.0,0.767,0.868,0.0,20.245,0.0
1784040646.2615163,27913,0,8487,0,1.0,0.767,0.868,0.0,20.24,0.0
1784040646.2655337,27913,0,8497,0,1.0,0.767,0.868,0.0,20.236,0.0
1784040646.2692378,27913,0,8507,0,1.0,0.766,0.868,0.0,20.231,0.0
1784040646.2729905,27913,0,8517,0,1.0,0.766,0.868,0.0,20.226,0.0
1784040646.279554,27913,0,8527,0,1.0,0.766,0.867,0.0,20.221,0.0
1784040646.284927,27913,0,8537,0,1.0,0.766,0.867,0.0,20.216,0.0
1784040646.2918603,27913,0,8547,0,1.0,0.766,0.867,0.0,20.211,0.0
1784040646.2977674,27913,0,8557,0,1.0,0.765,0.867,0.0,20.207,0.0
1784040646.3070114,27913,0,8567,0,1.0,0.765,0.867,0.0,20.202,0.0
1784040646.3114817,27913,0,8577,0,1.0,0.765,0.867,0.0,20.197,0.0
1784040646.3163042,27913,0,8587,0,1.0,0.765,0.867,0.0,20.192,0.0
1784040646.3211524,27913,0,8597,0,1.0,0.765,0.867,0.0,20.187,0.0
1784040646.329104,27913,0,8607,0,1.0,0.764,0.866,0.0,20.183,0.0
1784040646.3348086,27913,0,8617,0,1.0,0.764,0.866,0.0,20.178,0.0
1784040646.3406348,27913,0,8627,0,1.0,0.764,0.866,0.0,20.173,0.0
1784040646.3477335,27913,0,8637,0,1.0,0.764,0.866,0.0,20.168,0.0
1784040646.3530493,27913,0,8647,0,1.0,0.763,0.866,0.0,20.163,0.0
1784040646.3605003,27913,0,8657,0,1.0,0.763,0.866,0.0,20.159,0.0
1784040646.364297,27913,0,8667,0,1.0,0.763,0.866,0.0,20.154,0.0
1784040646.3682914,27913,0,8677,0,1.0,0.763,0.865,0.0,20.149,0.0
1784040646.3731046,27913,0,8687,0,1.0,0.763,0.865,0.0,20.144,0.0
1784040646.3785114,27913,0,8697,0,1.0,0.762,0.865,0.0,20.14,0.0
1784040646.387688,27913,0,8707,0,1.0,0.762,0.865,0.0,20.135,0.0
1784040646.3923898,27913,0,8717,0,1.0,0.762,0.865,0.0,20.131,0.0
1784040646.3966134,27913,0,8727,0,1.0,0.762,0.865,0.0,20.126,0.0
1784040646.4012074,27913,0,8737,0,1.0,0.762,0.865,0.0,20.122,0.0
1784040646.4079115,27913,0,8747,0,1.0,0.761,0.865,0.0,20.117,0.0
1784040646.4123232,27913,0,8757,0,1.0,0.761,0.864,0.0,20.113,0.0
1784040646.4193368,27913,0,8767,0,1.0,0.761,0.864,0.0,20.108,0.0
1784040646.4251466,27913,0,8777,0,1.0,0.761,0.864,0.0,20.104,0.0
1784040646.4295244,27913,0,8787,0,1.0,0.761,0.864,0.0,20.099,0.0
1784040646.4331837,27913,0,8797,0,1.0,0.76,0.864,0.0,20.095,0.0
1784040646.4368758,27913,0,8807,0,1.0,0.76,0.864,0.0,20.09,0.0
1784040646.440583,27913,0,8817,0,1.0,0.76,0.864,0.0,20.086,0.0
1784040646.4450114,27913,0,8827,0,1.0,0.76,0.863,0.0,20.081,0.0
1784040646.451533,27913,0,8837,0,1.0,0.76,0.863,0.0,20.077,0.0
1784040646.4569094,27913,0,8847,0,1.0,0.759,0.863,0.0,20.072,0.0
1784040646.4640427,27913,0,8857,0,1.0,0.759,0.863,0.0,20.068,0.0
1784040646.468528,27913,0,8867,0,1.0,0.759,0.863,0.0,20.063,0.0
1784040646.472466,27913,0,8877,0,1.0,0.759,0.863,0.0,20.059,0.0
1784040646.477866,27913,0,8887,0,1.0,0.759,0.863,0.0,20.054,0.0
1784040646.4862463,27913,0,8897,0,1.0,0.758,0.863,0.0,20.05,0.0
1784040646.4919643,27913,0,8907,0,1.0,0.758,0.862,0.0,20.045,0.0
1784040646.4963508,27913,0,8917,0,1.0,0.758,0.862,0.0,20.041,0.0
1784040646.501138,27913,0,8927,0,1.0,0.758,0.862,0.0,20.037,0.0
1784040646.5065875,27913,0,8937,0,1.0,0.757,0.862,0.0,20.032,0.0
1784040646.513999,27913,0,8947,0,1.0,0.757,0.862,0.0,20.028,0.0
1784040646.518604,27913,0,8957,0,1.0,0.757,0.862,0.0,20.023,0.0
1784040646.5261815,27913,0,8967,0,1.0,0.757,0.862,0.0,20.019,0.0
1784040646.5309346,27913,0,8977,0,1.0,0.757,0.861,0.0,20.014,0.0
1784040646.5359492,27913,0,8987,0,1.0,0.756,0.861,0.0,20.01,0.0
1784040646.544065,27913,0,8997,0,1.0,0.756,0.861,0.0,20.005,0.0
1784040646.5482826,27913,0,9007,0,1.0,0.756,0.861,0.0,20.001,0.0
1784040646.5522196,27913,0,9017,0,1.0,0.756,0.861,0.0,19.997,0.0
1784040646.5562851,27913,0,9027,0,1.0,0.756,0.861,0.0,19.992,0.0
1784040646.5597553,27913,0,9037,0,1.0,0.755,0.861,0.0,19.988,0.0
1784040646.5640204,27913,0,9047,0,1.0,0.755,0.861,0.0,19.983,0.0
1784040646.5681438,27913,0,9057,0,1.0,0.755,0.86,0.0,19.979,0.0
1784040646.5746548,27913,0,9067,0,1.0,0.755,0.86,0.0,19.975,0.0
1784040646.5792968,27913,0,9077,0,1.0,0.755,0.86,0.0,19.97,0.0
1784040646.5859828,27913,0,9087,0,1.0,0.754,0.86,0.0,19.966,0.0
1784040646.5919511,27913,0,9097,0,1.0,0.754,0.86,0.0,19.961,0.0
1784040646.598368,27913,0,9107,0,1.0,0.754,0.86,0.0,19.957,0.0
1784040646.6028304,27913,0,9117,0,1.0,0.754,0.86,0.0,19.953,0.0
1784040646.6073275,27913,0,9127,0,1.0,0.754,0.859,0.0,19.948,0.0
1784040646.611895,27913,0,9137,0,1.0,0.753,0.859,0.0,19.944,0.0
1784040646.617809,27913,0,9147,0,1.0,0.753,0.859,0.0,19.939,0.0
1784040646.6234374,27913,0,9157,0,1.0,0.753,0.859,0.0,19.935,0.0
1784040646.6369507,27913,0,9167,0,1.0,0.753,0.859,0.0,19.931,0.0
1784040646.6472752,27913,0,9177,0,1.0,0.753,0.859,0.0,19.926,0.0
1784040646.6547892,27913,0,9187,0,1.0,0.752,0.859,0.0,19.922,0.0
1784040646.6603115,27913,0,9197,0,1.0,0.752,0.859,0.0,19.918,0.0
1784040646.6671164,27913,0,9207,0,1.0,0.752,0.858,0.0,19.913,0.0
1784040646.6728573,27913,0,9217,0,1.0,0.752,0.858,0.0,19.909,0.0
1784040646.678549,27913,0,9227,0,1.0,0.752,0.858,0.0,19.905,0.0
1784040646.682939,27913,0,9237,0,1.0,0.751,0.858,0.0,19.9,0.0
1784040646.688179,27913,0,9247,0,1.0,0.751,0.858,0.0,19.896,0.0
1784040646.6936646,27913,0,9257,0,1.0,0.751,0.858,0.0,19.892,0.0
1784040646.7004752,27913,0,9267,0,1.0,0.751,0.858,0.0,19.887,0.0
1784040646.7061536,27913,0,9277,0,1.0,0.751,0.858,0.0,19.883,0.0
1784040646.709999,27913,0,9287,0,1.0,0.75,0.857,0.0,19.879,0.0
1784040646.7140598,27913,0,9297,0,1.0,0.75,0.857,0.0,19.874,0.0
1784040646.7195203,27913,0,9307,0,1.0,0.75,0.857,0.0,19.87,0.0
1784040646.7247584,27913,0,9317,0,1.0,0.75,0.857,0.0,19.866,0.0
1784040646.731528,27913,0,9327,0,1.0,0.75,0.857,0.0,19.861,0.0
1784040646.7365847,27913,0,9337,0,1.0,0.749,0.857,0.0,19.857,0.0
1784040646.7403293,27913,0,9347,0,1.0,0.749,0.857,0.0,19.853,0.0
1784040646.7472744,27913,0,9357,0,1.0,0.749,0.856,0.0,19.849,0.0
1784040646.7551181,27913,0,9367,0,1.0,0.749,0.856,0.0,19.844,0.0
1784040646.759898,27913,0,9377,0,1.0,0.749,0.856,0.0,19.84,0.0
1784040646.7650847,27913,0,9387,0,1.0,0.748,0.856,0.0,19.836,0.0
1784040646.7708588,27913,0,9397,0,1.0,0.748,0.856,0.0,19.832,0.0
1784040646.778652,27913,0,9407,0,1.0,0.748,0.856,0.0,19.827,0.0
1784040646.7823474,27913,0,9417,0,1.0,0.748,0.856,0.0,19.823,0.0
1784040646.7875326,27913,0,9427,0,1.0,0.748,0.856,0.0,19.819,0.0
1784040646.7996345,27913,0,9437,0,1.0,0.747,0.855,0.0,19.815,0.0
1784040646.8054814,27913,0,9447,0,1.0,0.747,0.855,0.0,19.81,0.0
1784040646.8104155,27913,0,9457,0,1.0,0.747,0.855,0.0,19.806,0.0
1784040646.8155959,27913,0,9467,0,1.0,0.747,0.855,0.0,19.802,0.0
1784040646.8205934,27913,0,9477,0,1.0,0.747,0.855,0.0,19.798,0.0
1784040646.8258796,27913,0,9487,0,1.0,0.746,0.855,0.0,19.794,0.0
1784040646.830148,27913,0,9497,0,1.0,0.746,0.855,0.0,19.789,0.0
1784040646.8704598,27913,0,9507,0,1.0,0.746,0.854,0.0,19.785,0.0
1784040646.8765833,27913,0,9517,0,1.0,0.746,0.854,0.0,19.781,0.0
1784040646.881703,27913,0,9527,0,1.0,0.746,0.854,0.0,19.777,0.0
1784040646.887057,27913,0,9537,0,1.0,0.745,0.854,0.0,19.773,0.0
1784040646.894191,27913,0,9547,0,1.0,0.745,0.854,0.0,19.768,0.0
1784040646.9004567,27913,0,9557,0,1.0,0.745,0.854,0.0,19.764,0.0
1784040646.9067926,27913,0,9567,0,1.0,0.745,0.854,0.0,19.76,0.0
1784040646.9111137,27913,0,9577,0,1.0,0.745,0.854,0.0,19.756,0.0
1784040646.9172795,27913,0,9587,0,1.0,0.744,0.853,0.0,19.752,0.0
1784040646.9218276,27913,0,9597,0,1.0,0.744,0.853,0.0,19.747,0.0
1784040646.9268715,27913,0,9607,0,1.0,0.744,0.853,0.0,19.743,0.0
1784040646.9335792,27913,0,9617,0,1.0,0.744,0.853,0.0,19.739,0.0
1784040646.938539,27913,0,9627,0,1.0,0.744,0.853,0.0,19.735,0.0
1784040646.9431455,27913,0,9637,0,1.0,0.743,0.853,0.0,19.731,0.0
1784040646.947422,27913,0,9647,0,1.0,0.743,0.853,0.0,19.727,0.0
1784040646.95234,27913,0,9657,0,1.0,0.743,0.853,0.0,19.722,0.0
1784040646.956905,27913,0,9667,0,1.0,0.743,0.852,0.0,19.718,0.0
1784040646.961681,27913,0,9677,0,1.0,0.743,0.852,0.0,19.714,0.0
1784040646.9698205,27913,0,9687,0,1.0,0.742,0.852,0.0,19.71,0.0
1784040647.004772,27913,0,9697,0,1.0,0.742,0.852,0.0,19.706,0.0
1784040647.011263,27913,0,9707,0,1.0,0.742,0.852,0.0,19.702,0.0
1784040647.0158005,27913,0,9717,0,1.0,0.742,0.852,0.0,19.698,0.0
1784040647.024174,27913,0,9727,0,1.0,0.742,0.852,0.0,19.694,0.0
1784040647.0310643,27913,0,9737,0,1.0,0.741,0.851,0.0,19.689,0.0
1784040647.0366852,27913,0,9747,0,1.0,0.741,0.851,0.0,19.685,0.0
1784040647.0412889,27913,0,9757,0,1.0,0.741,0.851,0.0,19.681,0.0
1784040647.0479178,27913,0,9767,0,1.0,0.741,0.851,0.0,19.677,0.0
1784040647.0537088,27913,0,9777,0,1.0,0.741,0.851,0.0,19.673,0.0
1784040647.058429,27913,0,9787,0,1.0,0.74,0.851,0.0,19.669,0.0
1784040647.0625958,27913,0,9797,0,1.0,0.74,0.851,0.0,19.665,0.0
1784040647.0671859,27913,0,9807,0,1.0,0.74,0.851,0.0,19.661,0.0
1784040647.072363,27913,0,9817,0,1.0,0.74,0.85,0.0,19.656,0.0
1784040647.077336,27913,0,9827,0,1.0,0.74,0.85,0.0,19.652,0.0
1784040647.0821798,27913,0,9837,0,1.0,0.739,0.85,0.0,19.648,0.0
1784040647.0866282,27913,0,9847,0,1.0,0.739,0.85,0.0,19.644,0.0
1784040647.0902774,27913,0,9857,0,1.0,0.739,0.85,0.0,19.64,0.0
1784040647.0939908,27913,0,9867,0,1.0,0.739,0.85,0.0,19.636,0.0
1784040647.0977745,27913,0,9877,0,1.0,0.739,0.85,0.0,19.632,0.0
1784040647.1016552,27913,0,9887,0,1.0,0.738,0.85,0.0,19.628,0.0
1784040647.1052864,27913,0,9897,0,1.0,0.738,0.849,0.0,19.624,0.0
1784040647.1090496,27913,0,9907,0,1.0,0.738,0.849,0.0,19.62,0.0
1784040647.113899,27913,0,9917,0,1.0,0.738,0.849,0.0,19.616,0.0
1784040647.1199572,27913,0,9927,0,1.0,0.738,0.849,0.0,19.612,0.0
1784040647.1254222,27913,0,9937,0,1.0,0.737,0.849,0.0,19.608,0.0
1784040647.1302962,27913,0,9947,0,1.0,0.737,0.849,0.0,19.603,0.0
1784040647.136419,27913,0,9957,0,1.0,0.737,0.849,0.0,19.599,0.0
1784040647.1448169,27913,0,9967,0,1.0,0.737,0.849,0.0,19.595,0.0
1784040647.1508925,27913,0,9977,0,1.0,0.737,0.848,0.0,19.591,0.0
1784040647.155211,27913,0,9987,0,1.0,0.736,0.848,0.0,19.587,0.0
1784040647.1612613,27913,0,9997,0,1.0,0.736,0.848,0.0,19.583,0.0
1784040647.167129,27913,0,10007,0,1.0,0.736,0.848,0.0,19.578,0.0
1784040647.1735628,27913,0,10017,0,1.0,0.736,0.848,0.0,19.574,0.0
1784040647.17806,27913,0,10027,0,1.0,0.736,0.848,0.0,19.569,0.0
1784040647.18536,27913,0,10037,0,1.0,0.736,0.848,0.0,19.564,0.0
1784040647.1900275,27913,0,10047,0,1.0,0.735,0.847,0.0,19.56,0.0
1784040647.1955204,27913,0,10057,0,1.0,0.735,0.847,0.0,19.555,0.0
1784040647.200663,27913,0,10067,0,1.0,0.735,0.847,0.0,19.551,0.0
1784040647.2046742,27913,0,10077,0,1.0,0.735,0.847,0.0,19.546,0.0
1784040647.2086961,27913,0,10087,0,1.0,0.735,0.847,0.0,19.541,0.0
1784040647.2133136,27913,0,10097,0,1.0,0.734,0.847,0.0,19.537,0.0
1784040647.2175028,27913,0,10107,0,1.0,0.734,0.847,0.0,19.532,0.0
1784040647.2223482,27913,0,10117,0,1.0,0.734,0.847,0.0,19.528,0.0
1784040647.2270446,27913,0,10127,0,1.0,0.734,0.846,0.0,19.523,0.0
1784040647.232421,27913,0,10137,0,1.0,0.734,0.846,0.0,19.519,0.0
1784040647.2369845,27913,0,10147,0,1.0,0.733,0.846,0.0,19.514,0.0
1784040647.2411005,27913,0,10157,0,1.0,0.733,0.846,0.0,19.509,0.0
1784040647.2452788,27913,0,10167,0,1.0,0.733,0.846,0.0,19.505,0.0
1784040647.2494082,27913,0,10177,0,1.0,0.733,0.846,0.0,19.5,0.0
1784040647.255008,27913,0,10187,0,1.0,0.733,0.846,0.0,19.496,0.0
1784040647.259493,27913,0,10197,0,1.0,0.732,0.846,0.0,19.491,0.0
1784040647.2640483,27913,0,10207,0,1.0,0.732,0.845,0.0,19.487,0.0
1784040647.268222,27913,0,10217,0,1.0,0.732,0.845,0.0,19.482,0.0
1784040647.272164,27913,0,10227,0,1.0,0.732,0.845,0.0,19.478,0.0
1784040647.2775438,27913,0,10237,0,1.0,0.732,0.845,0.0,19.473,0.0
1784040647.2824054,27913,0,10247,0,1.0,0.731,0.845,0.0,19.469,0.0
1784040647.294629,27913,0,10257,0,1.0,0.731,0.845,0.0,19.464,0.0
1784040647.3012383,27913,0,10267,0,1.0,0.731,0.845,0.0,19.46,0.0
1784040647.3062096,27913,0,10277,0,1.0,0.731,0.845,0.0,19.455,0.0
1784040647.3110297,27913,0,10287,0,1.0,0.731,0.844,0.0,19.451,0.0
1784040647.31536,27913,0,10297,0,1.0,0.731,0.844,0.0,19.446,0.0
1784040647.3234208,27913,0,10307,0,1.0,0.73,0.844,0.0,19.442,0.0
1784040647.3289597,27913,0,10317,0,1.0,0.73,0.844,0.0,19.437,0.0
1784040647.3346813,27913,0,10327,0,1.0,0.73,0.844,0.0,19.433,0.0
1784040647.340798,27913,0,10337,0,1.0,0.73,0.844,0.0,19.428,0.0
1784040647.346048,27913,0,10347,0,1.0,0.73,0.844,0.0,19.424,0.0
1784040647.350838,27913,0,10357,0,1.0,0.729,0.844,0.0,19.419,0.0
1784040647.357524,27913,0,10367,0,1.0,0.729,0.843,0.0,19.415,0.0
1784040647.362092,27913,0,10377,0,1.0,0.729,0.843,0.0,19.41,0.0
1784040647.366514,27913,0,10387,0,1.0,0.729,0.843,0.0,19.406,0.0
1784040647.3705113,27913,0,10397,0,1.0,0.729,0.843,0.0,19.402,0.0
1784040647.374048,27913,0,10407,0,1.0,0.728,0.843,0.0,19.397,0.0
1784040647.377673,27913,0,10417,0,1.0,0.728,0.843,0.0,19.393,0.0
1784040647.382142,27913,0,10427,0,1.0,0.728,0.843,0.0,19.388,0.0
1784040647.386998,27913,0,10437,0,1.0,0.728,0.842,0.0,19.384,0.0
1784040647.391807,27913,0,10447,0,1.0,0.728,0.842,0.0,19.379,0.0
1784040647.397545,27913,0,10457,0,1.0,0.727,0.842,0.0,19.375,0.0
1784040647.402655,27913,0,10467,0,1.0,0.727,0.842,0.0,19.371,0.0
1784040647.407323,27913,0,10477,0,1.0,0.727,0.842,0.0,19.366,0.0
1784040647.4123561,27913,0,10487,0,1.0,0.727,0.842,0.0,19.362,0.0
1784040647.4160888,27913,0,10497,0,1.0,0.727,0.842,0.0,19.358,0.0
1784040647.42724,27913,0,10507,0,1.0,0.727,0.842,0.0,19.353,0.0
1784040647.4329226,27913,0,10517,0,1.0,0.726,0.841,0.0,19.349,0.0
1784040647.4384305,27913,0,10527,0,1.0,0.726,0.841,0.0,19.344,0.0
1784040647.4434228,27913,0,10537,0,1.0,0.726,0.841,0.0,19.34,0.0
1784040647.4493868,27913,0,10547,0,1.0,0.726,0.841,0.0,19.336,0.0
1784040647.4567344,27913,0,10557,0,1.0,0.726,0.841,0.0,19.331,0.0
1784040647.4622908,27913,0,10567,0,1.0,0.725,0.841,0.0,19.327,0.0
1784040647.4678447,27913,0,10577,0,1.0,0.725,0.841,0.0,19.323,0.0
1784040647.4717767,27913,0,10587,0,1.0,0.725,0.841,0.0,19.318,0.0
1784040647.4765258,27913,0,10597,0,1.0,0.725,0.84,0.0,19.314,0.0
1784040647.480734,27913,0,10607,0,1.0,0.725,0.84,0.0,19.31,0.0
1784040647.4848619,27913,0,10617,0,1.0,0.724,0.84,0.0,19.305,0.0
1784040647.4892826,27913,0,10627,0,1.0,0.724,0.84,0.0,19.301,0.0
1784040647.4940078,27913,0,10637,0,1.0,0.724,0.84,0.0,19.297,0.0
1784040647.4991856,27913,0,10647,0,1.0,0.724,0.84,0.0,19.292,0.0
1784040647.505494,27913,0,10657,0,1.0,0.724,0.84,0.0,19.288,0.0
1784040647.5135021,27913,0,10667,0,1.0,0.724,0.84,0.0,19.284,0.0
1784040647.519838,27913,0,10677,0,1.0,0.723,0.839,0.0,19.279,0.0
1784040647.5241272,27913,0,10687,0,1.0,0.723,0.839,0.0,19.275,0.0
1784040647.5291991,27913,0,10697,0,1.0,0.723,0.839,0.0,19.271,0.0
1784040647.5342717,27913,0,10707,0,1.0,0.723,0.839,0.0,19.267,0.0
1784040647.5387971,27913,0,10717,0,1.0,0.723,0.839,0.0,19.262,0.0
1784040647.5475528,27913,0,10727,0,1.0,0.722,0.839,0.0,19.258,0.0
1784040647.5535903,27913,0,10737,0,1.0,0.722,0.839,0.0,19.254,0.0
1784040647.5576293,27913,0,10747,0,1.0,0.722,0.839,0.0,19.25,0.0
1784040647.5616717,27913,0,10757,0,1.0,0.722,0.838,0.0,19.245,0.0
1784040647.567925,27913,0,10767,0,1.0,0.722,0.838,0.0,19.241,0.0
1784040647.571774,27913,0,10777,0,1.0,0.721,0.838,0.0,19.237,0.0
1784040647.5758078,27913,0,10787,0,1.0,0.721,0.838,0.0,19.233,0.0
1784040647.5803862,27913,0,10797,0,1.0,0.721,0.838,0.0,19.228,0.0
1784040647.5856407,27913,0,10807,0,1.0,0.721,0.838,0.0,19.224,0.0
1784040647.5904837,27913,0,10817,0,1.0,0.721,0.838,0.0,19.22,0.0
1784040647.595638,27913,0,10827,0,1.0,0.721,0.838,0.0,19.216,0.0
1784040647.5999477,27913,0,10837,0,1.0,0.72,0.837,0.0,19.211,0.0
1784040647.6050434,27913,0,10847,0,1.0,0.72,0.837,0.0,19.207,0.0
1784040647.6107213,27913,0,10857,0,1.0,0.72,0.837,0.0,19.203,0.0
1784040647.6151655,27913,0,10867,0,1.0,0.72,0.837,0.0,19.199,0.0
1784040647.6195633,27913,0,10877,0,1.0,0.72,0.837,0.0,19.195,0.0
1784040647.6241345,27913,0,10887,0,1.0,0.719,0.837,0.0,19.19,0.0
1784040647.6277466,27913,0,10897,0,1.0,0.719,0.837,0.0,19.186,0.0
1784040647.6341612,27913,0,10907,0,1.0,0.719,0.837,0.0,19.182,0.0
1784040647.638424,27913,0,10917,0,1.0,0.719,0.836,0.0,19.178,0.0
1784040647.6425061,27913,0,10927,0,1.0,0.719,0.836,0.0,19.174,0.0
1784040647.6464446,27913,0,10937,0,1.0,0.718,0.836,0.0,19.17,0.0
1784040647.6508698,27913,0,10947,0,1.0,0.718,0.836,0.0,19.165,0.0
1784040647.6551824,27913,0,10957,0,1.0,0.718,0.836,0.0,19.161,0.0
1784040647.6592414,27913,0,10967,0,1.0,0.718,0.836,0.0,19.157,0.0
1784040647.6649432,27913,0,10977,0,1.0,0.718,0.836,0.0,19.153,0.0
1784040647.670527,27913,0,10987,0,1.0,0.718,0.836,0.0,19.149,0.0
1784040647.681561,27913,0,10997,0,1.0,0.717,0.835,0.0,19.145,0.0
1784040647.6868231,27913,0,11007,0,1.0,0.717,0.835,0.0,19.141,0.0
1784040647.6926854,27913,0,11017,0,1.0,0.717,0.835,0.0,19.136,0.0
1784040647.6984863,27913,0,11027,0,1.0,0.717,0.835,0.0,19.132,0.0
1784040647.7029407,27913,0,11037,0,1.0,0.717,0.835,0.0,19.128,0.0
1784040647.707168,27913,0,11047,0,1.0,0.716,0.835,0.0,19.124,0.0
1784040647.711126,27913,0,11057,0,1.0,0.716,0.835,0.0,19.12,0.0
1784040647.7165926,27913,0,11067,0,1.0,0.716,0.835,0.0,19.116,0.0
1784040647.7219944,27913,0,11077,0,1.0,0.716,0.834,0.0,19.112,0.0
1784040647.727314,27913,0,11087,0,1.0,0.716,0.834,0.0,19.108,0.0
1784040647.7328703,27913,0,11097,0,1.0,0.716,0.834,0.0,19.104,0.0
1784040647.7368314,27913,0,11107,0,1.0,0.715,0.834,0.0,19.099,0.0
1784040647.7410777,27913,0,11117,0,1.0,0.715,0.834,0.0,19.095,0.0
1784040647.745172,27913,0,11127,0,1.0,0.715,0.834,0.0,19.091,0.0
1784040647.749274,27913,0,11137,0,1.0,0.715,0.834,0.0,19.087,0.0
1784040647.7533505,27913,0,11147,0,1.0,0.715,0.834,0.0,19.083,0.0
1784040647.757816,27913,0,11157,0,1.0,0.714,0.833,0.0,19.079,0.0
1784040647.7632256,27913,0,11167,0,1.0,0.714,0.833,0.0,19.075,0.0
1784040647.7683856,27913,0,11177,0,1.0,0.714,0.833,0.0,19.071,0.0
1784040647.7727864,27913,0,11187,0,1.0,0.714,0.833,0.0,19.067,0.0
1784040647.7767584,27913,0,11197,0,1.0,0.714,0.833,0.0,19.063,0.0
1784040647.7816148,27913,0,11207,0,1.0,0.714,0.833,0.0,19.059,0.0
1784040647.7862022,27913,0,11217,0,1.0,0.713,0.833,0.0,19.055,0.0
1784040647.7907066,27913,0,11227,0,1.0,0.713,0.833,0.0,19.051,0.0
1784040647.79668,27913,0,11237,0,1.0,0.713,0.832,0.0,19.047,0.0
1784040647.8009822,27913,0,11247,0,1.0,0.713,0.832,0.0,19.043,0.0
1784040647.805436,27913,0,11257,0,1.0,0.713,0.832,0.0,19.039,0.0
1784040647.8167303,27913,0,11267,0,1.0,0.712,0.832,0.0,19.035,0.0
1784040647.8220496,27913,0,11277,0,1.0,0.712,0.832,0.0,19.031,0.0
1784040647.8276544,27913,0,11287,0,1.0,0.712,0.832,0.0,19.027,0.0
1784040647.8314342,27913,0,11297,0,1.0,0.712,0.832,0.0,19.023,0.0
1784040647.8357882,27913,0,11307,0,1.0,0.712,0.832,0.0,19.019,0.0
1784040647.8411384,27913,0,11317,0,1.0,0.712,0.831,0.0,19.015,0.0
1784040647.84493,27913,0,11327,0,1.0,0.711,0.831,0.0,19.011,0.0
1784040647.8488977,27913,0,11337,0,1.0,0.711,0.831,0.0,19.007,0.0
1784040647.8529427,27913,0,11347,0,1.0,0.711,0.831,0.0,19.003,0.0
1784040647.8571367,27913,0,11357,0,1.0,0.711,0.831,0.0,18.999,0.0
1784040647.8626707,27913,0,11367,0,1.0,0.711,0.831,0.0,18.995,0.0
1784040647.8680258,27913,0,11377,0,1.0,0.71,0.831,0.0,18.991,0.0
1784040647.8718266,27913,0,11387,0,1.0,0.71,0.831,0.0,18.987,0.0
1784040647.875484,27913,0,11397,0,1.0,0.71,0.83,0.0,18.983,0.0
1784040647.8798501,27913,0,11407,0,1.0,0.71,0.83,0.0,18.979,0.0
1784040647.886489,27913,0,11417,0,1.0,0.71,0.83,0.0,18.975,0.0
1784040647.8915586,27913,0,11427,0,1.0,0.71,0.83,0.0,18.971,0.0
1784040647.8968449,27913,0,11437,0,1.0,0.709,0.83,0.0,18.967,0.0
1784040647.9021287,27913,0,11447,0,1.0,0.709,0.83,0.0,18.963,0.0
1784040647.9061248,27913,0,11457,0,1.0,0.709,0.83,0.0,18.96,0.0
1784040647.9101357,27913,0,11467,0,1.0,0.709,0.83,0.0,18.956,0.0
1784040647.9205856,27913,0,11477,0,1.0,0.709,0.829,0.0,18.952,0.0
1784040647.9265883,27913,0,11487,0,1.0,0.708,0.829,0.0,18.948,0.0
1784040647.934915,27913,0,11497,0,1.0,0.708,0.829,0.0,18.944,0.0
1784040647.9391785,27913,0,11507,0,1.0,0.708,0.829,0.0,18.94,0.0
1784040647.9439974,27913,0,11517,0,1.0,0.708,0.829,0.0,18.936,0.0
1784040647.9504414,27913,0,11527,0,1.0,0.708,0.829,0.0,18.932,0.0
1784040647.9557543,27913,0,11537,0,1.0,0.708,0.829,0.0,18.928,0.0
1784040647.9608393,27913,0,11547,0,1.0,0.707,0.829,0.0,18.924,0.0
1784040647.965378,27913,0,11557,0,1.0,0.707,0.828,0.0,18.921,0.0
1784040647.9708674,27913,0,11567,0,1.0,0.707,0.828,0.0,18.917,0.0
1784040647.9751425,27913,0,11577,0,1.0,0.707,0.828,0.0,18.913,0.0
1784040647.9795728,27913,0,11587,0,1.0,0.707,0.828,0.0,18.909,0.0
1784040647.9850674,27913,0,11597,0,1.0,0.706,0.828,0.0,18.905,0.0
1784040647.9896708,27913,0,11607,0,1.0,0.706,0.828,0.0,18.901,0.0
1784040647.9942505,27913,0,11617,0,1.0,0.706,0.828,0.0,18.897,0.0
1784040648.0004525,27913,0,11627,0,1.0,0.706,0.828,0.0,18.894,0.0
1784040648.0060894,27913,0,11637,0,1.0,0.706,0.828,0.0,18.89,0.0
1784040648.0151875,27913,0,11647,0,1.0,0.706,0.827,0.0,18.886,0.0
1784040648.0204496,27913,0,11657,0,1.0,0.705,0.827,0.0,18.882,0.0
1784040648.0250826,27913,0,11667,0,1.0,0.705,0.827,0.0,18.878,0.0
1784040648.0298958,27913,0,11677,0,1.0,0.705,0.827,0.0,18.874,0.0
1784040648.0337353,27913,0,11687,0,1.0,0.705,0.827,0.0,18.871,0.0
1784040648.0371528,27913,0,11697,0,1.0,0.705,0.827,0.0,18.867,0.0
1784040648.0424185,27913,0,11707,0,1.0,0.705,0.827,0.0,18.863,0.0
1784040648.047467,27913,0,11717,0,1.0,0.704,0.827,0.0,18.859,0.0
1784040648.0521479,27913,0,11727,0,1.0,0.704,0.826,0.0,18.855,0.0
1784040648.0581336,27913,0,11737,0,1.0,0.704,0.826,0.0,18.852,0.0
1784040648.0629678,27913,0,11747,0,1.0,0.704,0.826,0.0,18.848,0.0
1784040648.0670996,27913,0,11757,0,1.0,0.704,0.826,0.0,18.844,0.0
1784040648.0757337,27913,0,11767,0,1.0,0.703,0.826,0.0,18.84,0.0
1784040648.0825832,27913,0,11777,0,1.0,0.703,0.826,0.0,18.836,0.0
1784040648.0870051,27913,0,11787,0,1.0,0.703,0.826,0.0,18.833,0.0
1784040648.091428,27913,0,11797,0,1.0,0.703,0.826,0.0,18.829,0.0
1784040648.095378,27913,0,11807,0,1.0,0.703,0.825,0.0,18.825,0.0
1784040648.1004872,27913,0,11817,0,1.0,0.703,0.825,0.0,18.821,0.0
1784040648.1059203,27913,0,11827,0,1.0,0.702,0.825,0.0,18.818,0.0
1784040648.1120334,27913,0,11837,0,1.0,0.702,0.825,0.0,18.814,0.0
1784040648.1178296,27913,0,11847,0,1.0,0.702,0.825,0.0,18.81,0.0
1784040648.1231265,27913,0,11857,0,1.0,0.702,0.825,0.0,18.806,0.0
1784040648.1306143,27913,0,11867,0,1.0,0.702,0.825,0.0,18.803,0.0
1784040648.1373112,27913,0,11877,0,1.0,0.702,0.825,0.0,18.799,0.0
1784040648.1471002,27913,0,11887,0,1.0,0.701,0.824,0.0,18.795,0.0
1784040648.1534185,27913,0,11897,0,1.0,0.701,0.824,0.0,18.791,0.0
1784040648.163932,27913,0,11907,0,1.0,0.701,0.824,0.0,18.788,0.0
1784040648.1702013,27913,0,11917,0,1.0,0.701,0.824,0.0,18.784,0.0
1784040648.1774006,27913,0,11927,0,1.0,0.701,0.824,0.0,18.78,0.0
1784040648.1821373,27913,0,11937,0,1.0,0.7,0.824,0.0,18.776,0.0
1784040648.1873217,27913,0,11947,0,1.0,0.7,0.824,0.0,18.773,0.0
1784040648.1916482,27913,0,11957,0,1.0,0.7,0.824,0.0,18.769,0.0
1784040648.1961963,27913,0,11967,0,1.0,0.7,0.823,0.0,18.765,0.0
1784040648.2013376,27913,0,11977,0,1.0,0.7,0.823,0.0,18.762,0.0
1784040648.2061946,27913,0,11987,0,1.0,0.7,0.823,0.0,18.758,0.0
1784040648.2117743,27913,0,11997,0,1.0,0.699,0.823,0.0,18.754,0.0
1784040648.215866,27913,0,12007,0,1.0,0.699,0.823,0.0,18.75,0.0
1784040648.2220545,27913,0,12017,0,1.0,0.699,0.823,0.0,18.747,0.0
1784040648.2266936,27913,0,12027,0,1.0,0.699,0.823,0.0,18.743,0.0
1784040648.233612,27913,0,12037,0,1.0,0.699,0.823,0.0,18.739,0.0
1784040648.238783,27913,0,12047,0,1.0,0.699,0.823,0.0,18.736,0.0
1784040648.2448015,27913,0,12057,0,1.0,0.698,0.822,0.0,18.732,0.0
1784040648.2503903,27913,0,12067,0,1.0,0.698,0.822,0.0,18.728,0.0
1784040648.254844,27913,0,12077,0,1.0,0.698,0.822,0.0,18.725,0.0
1784040648.2620525,27913,0,12087,0,1.0,0.698,0.822,0.0,18.721,0.0
1784040648.266822,27913,0,12097,0,1.0,0.698,0.822,0.0,18.717,0.0
1784040648.2710073,27913,0,12107,0,1.0,0.697,0.822,0.0,18.714,0.0
1784040648.2777863,27913,0,12117,0,1.0,0.697,0.822,0.0,18.71,0.0
1784040648.285468,27913,0,12127,0,1.0,0.697,0.822,0.0,18.707,0.0
1784040648.2927287,27913,0,12137,0,1.0,0.697,0.821,0.0,18.703,0.0
1784040648.301155,27913,0,12147,0,1.0,0.697,0.821,0.0,18.699,0.0
1784040648.306751,27913,0,12157,0,1.0,0.697,0.821,0.0,18.696,0.0
1784040648.3121157,27913,0,12167,0,1.0,0.696,0.821,0.0,18.692,0.0
1784040648.319487,27913,0,12177,0,1.0,0.696,0.821,0.0,18.688,0.0
1784040648.3235445,27913,0,12187,0,1.0,0.696,0.821,0.0,18.685,0.0
1784040648.3278348,27913,0,12197,0,1.0,0.696,0.821,0.0,18.681,0.0
1784040648.333845,27913,0,12207,0,1.0,0.696,0.821,0.0,18.678,0.0
1784040648.3407698,27913,0,12217,0,1.0,0.696,0.82,0.0,18.674,0.0
1784040648.3452866,27913,0,12227,0,1.0,0.695,0.82,0.0,18.67,0.0
1784040648.3508027,27913,0,12237,0,1.0,0.695,0.82,0.0,18.667,0.0
1784040648.3566704,27913,0,12247,0,1.0,0.695,0.82,0.0,18.663,0.0
1784040648.3621433,27913,0,12257,0,1.0,0.695,0.82,0.0,18.66,0.0
1784040648.3691878,27913,0,12267,0,1.0,0.695,0.82,0.0,18.656,0.0
1784040648.3734765,27913,0,12277,0,1.0,0.695,0.82,0.0,18.652,0.0
1784040648.3782628,27913,0,12287,0,1.0,0.694,0.82,0.0,18.649,0.0
1784040648.3840485,27913,0,12297,0,1.0,0.694,0.819,0.0,18.645,0.0
1784040648.3903353,27913,0,12307,0,1.0,0.694,0.819,0.0,18.642,0.0
1784040648.395884,27913,0,12317,0,1.0,0.694,0.819,0.0,18.638,0.0
1784040648.4097207,27913,0,12327,0,1.0,0.694,0.819,0.0,18.635,0.0
1784040648.4158247,27913,0,12337,0,1.0,0.693,0.819,0.0,18.631,0.0
1784040648.4225264,27913,0,12347,0,1.0,0.693,0.819,0.0,18.627,0.0
1784040648.4287016,27913,0,12357,0,1.0,0.693,0.819,0.0,18.624,0.0
1784040648.4364023,27913,0,12367,0,1.0,0.693,0.819,0.0,18.62,0.0
1784040648.4410882,27913,0,12377,0,1.0,0.693,0.819,0.0,18.617,0.0
1784040648.4470193,27913,0,12387,0,1.0,0.693,0.818,0.0,18.613,0.0
1784040648.4535468,27913,0,12397,0,1.0,0.692,0.818,0.0,18.61,0.0
1784040648.4593122,27913,0,12407,0,1.0,0.692,0.818,0.0,18.606,0.0
1784040648.464211,27913,0,12417,0,1.0,0.692,0.818,0.0,18.603,0.0
1784040648.4689171,27913,0,12427,0,1.0,0.692,0.818,0.0,18.599,0.0
1784040648.4728868,27913,0,12437,0,1.0,0.692,0.818,0.0,18.596,0.0
1784040648.4777842,27913,0,12447,0,1.0,0.692,0.818,0.0,18.592,0.0
1784040648.482348,27913,0,12457,0,1.0,0.691,0.818,0.0,18.589,0.0
1784040648.4864447,27913,0,12467,0,1.0,0.691,0.817,0.0,18.585,0.0
1784040648.4906054,27913,0,12477,0,1.0,0.691,0.817,0.0,18.582,0.0
1784040648.495237,27913,0,12487,0,1.0,0.691,0.817,0.0,18.578,0.0
1784040648.5019174,27913,0,12497,0,1.0,0.691,0.817,0.0,18.575,0.0
1784040648.5073385,27913,0,12507,0,1.0,0.691,0.817,0.0,18.571,0.0
1784040648.5130794,27913,0,12517,0,1.0,0.69,0.817,0.0,18.568,0.0
1784040648.5180945,27913,0,12527,0,1.0,0.69,0.817,0.0,18.564,0.0
1784040648.5223055,27913,0,12537,0,1.0,0.69,0.817,0.0,18.561,0.0
1784040648.5278757,27913,0,12547,0,1.0,0.69,0.816,0.0,18.557,0.0
1784040648.533338,27913,0,12557,0,1.0,0.69,0.816,0.0,18.554,0.0
1784040648.5392213,27913,0,12567,0,1.0,0.69,0.816,0.0,18.55,0.0
1784040648.5479167,27913,0,12577,0,1.0,0.689,0.816,0.0,18.547,0.0
1784040648.5556784,27913,0,12587,0,1.0,0.689,0.816,0.0,18.543,0.0
1784040648.5604625,27913,0,12597,0,1.0,0.689,0.816,0.0,18.54,0.0
1784040648.5649724,27913,0,12607,0,1.0,0.689,0.816,0.0,18.536,0.0
1784040648.5696912,27913,0,12617,0,1.0,0.689,0.816,0.0,18.533,0.0
1784040648.5759733,27913,0,12627,0,1.0,0.689,0.816,0.0,18.53,0.0
1784040648.5815127,27913,0,12637,0,1.0,0.688,0.815,0.0,18.526,0.0
1784040648.5863469,27913,0,12647,0,1.0,0.688,0.815,0.0,18.523,0.0
1784040648.5928888,27913,0,12657,0,1.0,0.688,0.815,0.0,18.519,0.0
1784040648.5967166,27913,0,12667,0,1.0,0.688,0.815,0.0,18.516,0.0
1784040648.6009843,27913,0,12677,0,1.0,0.688,0.815,0.0,18.512,0.0
1784040648.6071005,27913,0,12687,0,1.0,0.688,0.815,0.0,18.509,0.0
1784040648.6125572,27913,0,12697,0,1.0,0.687,0.815,0.0,18.506,0.0
1784040648.618826,27913,0,12707,0,1.0,0.687,0.815,0.0,18.502,0.0
1784040648.6226492,27913,0,12717,0,1.0,0.687,0.814,0.0,18.499,0.0
1784040648.6271412,27913,0,12727,0,1.0,0.687,0.814,0.0,18.495,0.0
1784040648.6325064,27913,0,12737,0,1.0,0.687,0.814,0.0,18.492,0.0
1784040648.6369538,27913,0,12747,0,1.0,0.686,0.814,0.0,18.489,0.0
1784040648.646545,27913,0,12757,0,1.0,0.686,0.814,0.0,18.485,0.0
1784040648.6521041,27913,0,12767,0,1.0,0.686,0.814,0.0,18.482,0.0
1784040648.6565459,27913,0,12777,0,1.0,0.686,0.814,0.0,18.478,0.0
1784040648.6677544,27913,0,12787,0,1.0,0.686,0.814,0.0,18.475,0.0
1784040648.680134,27913,0,12797,0,1.0,0.686,0.814,0.0,18.472,0.0
1784040648.6849675,27913,0,12807,0,1.0,0.685,0.813,0.0,18.468,0.0
1784040648.690529,27913,0,12817,0,1.0,0.685,0.813,0.0,18.465,0.0
1784040648.6948488,27913,0,12827,0,1.0,0.685,0.813,0.0,18.462,0.0
1784040648.7013056,27913,0,12837,0,1.0,0.685,0.813,0.0,18.458,0.0
1784040648.7062764,27913,0,12847,0,1.0,0.685,0.813,0.0,18.455,0.0
1784040648.7135954,27913,0,12857,0,1.0,0.685,0.813,0.0,18.452,0.0
1784040648.7194817,27913,0,12867,0,1.0,0.684,0.813,0.0,18.448,0.0
1784040648.7300363,27913,0,12877,0,1.0,0.684,0.813,0.0,18.445,0.0
1784040648.7357624,27913,0,12887,0,1.0,0.684,0.812,0.0,18.442,0.0
1784040648.7397726,27913,0,12897,0,1.0,0.684,0.812,0.0,18.438,0.0
1784040648.74356,27913,0,12907,0,1.0,0.684,0.812,0.0,18.435,0.0
1784040648.7512815,27913,0,12917,0,1.0,0.684,0.812,0.0,18.432,0.0
1784040648.7575169,27913,0,12927,0,1.0,0.683,0.812,0.0,18.428,0.0
1784040648.7625031,27913,0,12937,0,1.0,0.683,0.812,0.0,18.425,0.0
1784040648.7672906,27913,0,12947,0,1.0,0.683,0.812,0.0,18.422,0.0
1784040648.7717485,27913,0,12957,0,1.0,0.683,0.812,0.0,18.418,0.0
1784040648.7758205,27913,0,12967,0,1.0,0.683,0.812,0.0,18.415,0.0
1784040648.782077,27913,0,12977,0,1.0,0.683,0.811,0.0,18.412,0.0
1784040648.788824,27913,0,12987,0,1.0,0.682,0.811,0.0,18.408,0.0
1784040648.794663,27913,0,12997,0,1.0,0.682,0.811,0.0,18.405,0.0
1784040648.8011382,27913,0,13007,0,1.0,0.682,0.811,0.0,18.402,0.0
1784040648.805732,27913,0,13017,0,1.0,0.682,0.811,0.0,18.399,0.0
1784040648.814469,27913,0,13027,0,1.0,0.682,0.811,0.0,18.395,0.0
1784040648.8227785,27913,0,13037,0,1.0,0.682,0.811,0.0,18.392,0.0
1784040648.8310695,27913,0,13047,0,1.0,0.681,0.811,0.0,18.389,0.0
1784040648.837017,27913,0,13057,0,1.0,0.681,0.81,0.0,18.385,0.0
1784040648.8419607,27913,0,13067,0,1.0,0.681,0.81,0.0,18.382,0.0
1784040648.8468459,27913,0,13077,0,1.0,0.681,0.81,0.0,18.379,0.0
1784040648.8524413,27913,0,13087,0,1.0,0.681,0.81,0.0,18.376,0.0
1784040648.8579838,27913,0,13097,0,1.0,0.681,0.81,0.0,18.372,0.0
1784040648.862004,27913,0,13107,0,1.0,0.68,0.81,0.0,18.369,0.0
1784040648.867002,27913,0,13117,0,1.0,0.68,0.81,0.0,18.366,0.0
1784040648.8721733,27913,0,13127,0,1.0,0.68,0.81,0.0,18.363,0.0
1784040648.876374,27913,0,13137,0,1.0,0.68,0.81,0.0,18.359,0.0
1784040648.8810096,27913,0,13147,0,1.0,0.68,0.809,0.0,18.356,0.0
1784040648.8855155,27913,0,13157,0,1.0,0.68,0.809,0.0,18.353,0.0
1784040648.8903437,27913,0,13167,0,1.0,0.679,0.809,0.0,18.35,0.0
1784040648.895559,27913,0,13177,0,1.0,0.679,0.809,0.0,18.346,0.0
1784040648.9014225,27913,0,13187,0,1.0,0.679,0.809,0.0,18.343,0.0
1784040648.9099426,27913,0,13197,0,1.0,0.679,0.809,0.0,18.34,0.0
1784040648.9152372,27913,0,13207,0,1.0,0.679,0.809,0.0,18.337,0.0
1784040648.9227283,27913,0,13217,0,1.0,0.679,0.809,0.0,18.333,0.0
1784040648.9276643,27913,0,13227,0,1.0,0.678,0.808,0.0,18.33,0.0
1784040648.9345944,27913,0,13237,0,1.0,0.678,0.808,0.0,18.327,0.0
1784040648.9387038,27913,0,13247,0,1.0,0.678,0.808,0.0,18.324,0.0
1784040648.9430885,27913,0,13257,0,1.0,0.678,0.808,0.0,18.32,0.0
1784040648.9495883,27913,0,13267,0,1.0,0.678,0.808,0.0,18.317,0.0
1784040648.9555244,27913,0,13277,0,1.0,0.678,0.808,0.0,18.313,0.0
1784040648.9602103,27913,0,13287,0,1.0,0.677,0.808,0.0,18.309,0.0
1784040648.9653747,27913,0,13297,0,1.0,0.677,0.808,0.0,18.306,0.0
1784040648.9699442,27913,0,13307,0,1.0,0.677,0.808,0.0,18.302,0.0
1784040648.9744906,27913,0,13317,0,1.0,0.677,0.807,0.0,18.298,0.0
1784040648.9801445,27913,0,13327,0,1.0,0.677,0.807,0.0,18.295,0.0
1784040648.9852896,27913,0,13337,0,1.0,0.677,0.807,0.0,18.291,0.0
1784040648.991139,27913,0,13347,0,1.0,0.677,0.807,0.0,18.287,0.0
1784040648.995915,27913,0,13357,0,1.0,0.676,0.807,0.0,18.284,0.0
1784040649.0007277,27913,0,13367,0,1.0,0.676,0.807,0.0,18.28,0.0
1784040649.0053012,27913,0,13377,0,1.0,0.676,0.807,0.0,18.276,0.0
1784040649.00985,27913,0,13387,0,1.0,0.676,0.807,0.0,18.273,0.0
1784040649.01704,27913,0,13397,0,1.0,0.676,0.806,0.0,18.269,0.0
1784040649.024597,27913,0,13407,0,1.0,0.676,0.806,0.0,18.266,0.0
1784040649.0288386,27913,0,13417,0,1.0,0.675,0.806,0.0,18.262,0.0
1784040649.0349452,27913,0,13427,0,1.0,0.675,0.806,0.0,18.259,0.0
1784040649.0397515,27913,0,13437,0,1.0,0.675,0.806,0.0,18.256,0.0
1784040649.0505085,27913,0,13447,0,1.0,0.675,0.806,0.0,18.252,0.0
1784040649.054654,27913,0,13457,0,1.0,0.675,0.806,0.0,18.249,0.0
1784040649.0627584,27913,0,13467,0,1.0,0.675,0.806,0.0,18.246,0.0
1784040649.0696645,27913,0,13477,0,1.0,0.674,0.806,0.0,18.242,0.0
1784040649.0758536,27913,0,13487,0,1.0,0.674,0.805,0.0,18.239,0.0
1784040649.080878,27913,0,13497,0,1.0,0.674,0.805,0.0,18.236,0.0
1784040649.0857449,27913,0,13507,0,1.0,0.674,0.805,0.0,18.232,0.0
1784040649.0897887,27913,0,13517,0,1.0,0.674,0.805,0.0,18.229,0.0
1784040649.093978,27913,0,13527,0,1.0,0.674,0.805,0.0,18.226,0.0
1784040649.0983903,27913,0,13537,0,1.0,0.673,0.805,0.0,18.222,0.0
1784040649.1038544,27913,0,13547,0,1.0,0.673,0.805,0.0,18.219,0.0
1784040649.10909,27913,0,13557,0,1.0,0.673,0.805,0.0,18.216,0.0
1784040649.113722,27913,0,13567,0,1.0,0.673,0.804,0.0,18.212,0.0
1784040649.1191936,27913,0,13577,0,1.0,0.673,0.804,0.0,18.209,0.0
1784040649.1233253,27913,0,13587,0,1.0,0.673,0.804,0.0,18.206,0.0
1784040649.127403,27913,0,13597,0,1.0,0.672,0.804,0.0,18.202,0.0
1784040649.1311986,27913,0,13607,0,1.0,0.672,0.804,0.0,18.199,0.0
1784040649.135664,27913,0,13617,0,1.0,0.672,0.804,0.0,18.196,0.0
1784040649.1414337,27913,0,13627,0,1.0,0.672,0.804,0.0,18.192,0.0
1784040649.1471493,27913,0,13637,0,1.0,0.672,0.804,0.0,18.189,0.0
1784040649.152674,27913,0,13647,0,1.0,0.672,0.804,0.0,18.186,0.0
1784040649.1599953,27913,0,13657,0,1.0,0.671,0.803,0.0,18.182,0.0
1784040649.165734,27913,0,13667,0,1.0,0.671,0.803,0.0,18.179,0.0
1784040649.1806455,27913,0,13677,0,1.0,0.671,0.803,0.0,18.176,0.0
1784040649.185613,27913,0,13687,0,1.0,0.671,0.803,0.0,18.173,0.0
1784040649.1897986,27913,0,13697,0,1.0,0.671,0.803,0.0,18.169,0.0
1784040649.1951437,27913,0,13707,0,1.0,0.671,0.803,0.0,18.166,0.0
1784040649.2011857,27913,0,13717,0,1.0,0.671,0.803,0.0,18.163,0.0
1784040649.2060957,27913,0,13727,0,1.0,0.67,0.803,0.0,18.159,0.0
1784040649.2122095,27913,0,13737,0,1.0,0.67,0.803,0.0,18.156,0.0
1784040649.218212,27913,0,13747,0,1.0,0.67,0.802,0.0,18.153,0.0
1784040649.2257848,27913,0,13757,0,1.0,0.67,0.802,0.0,18.15,0.0
1784040649.232757,27913,0,13767,0,1.0,0.67,0.802,0.0,18.146,0.0
1784040649.2384179,27913,0,13777,0,1.0,0.67,0.802,0.0,18.143,0.0
1784040649.2446833,27913,0,13787,0,1.0,0.669,0.802,0.0,18.14,0.0
1784040649.2503445,27913,0,13797,0,1.0,0.669,0.802,0.0,18.136,0.0
1784040649.254918,27913,0,13807,0,1.0,0.669,0.802,0.0,18.133,0.0
1784040649.26029,27913,0,13817,0,1.0,0.669,0.802,0.0,18.13,0.0
1784040649.2694263,27913,0,13827,0,1.0,0.669,0.801,0.0,18.127,0.0
1784040649.274984,27913,0,13837,0,1.0,0.669,0.801,0.0,18.124,0.0
1784040649.2798336,27913,0,13847,0,1.0,0.668,0.801,0.0,18.12,0.0
1784040649.286833,27913,0,13857,0,1.0,0.668,0.801,0.0,18.117,0.0
1784040649.2930946,27913,0,13867,0,1.0,0.668,0.801,0.0,18.114,0.0
1784040649.2982864,27913,0,13877,0,1.0,0.668,0.801,0.0,18.111,0.0
1784040649.3027034,27913,0,13887,0,1.0,0.668,0.801,0.0,18.107,0.0
1784040649.307002,27913,0,13897,0,1.0,0.668,0.801,0.0,18.104,0.0
1784040649.3114066,27913,0,13907,0,1.0,0.667,0.801,0.0,18.101,0.0
1784040649.3193383,27913,0,13917,0,1.0,0.667,0.8,0.0,18.098,0.0
1784040649.3238192,27913,0,13927,0,1.0,0.667,0.8,0.0,18.094,0.0
1784040649.3304548,27913,0,13937,0,1.0,0.667,0.8,0.0,18.09,0.0
1784040649.3362737,27913,0,13947,0,1.0,0.667,0.8,0.0,18.087,0.0
1784040649.340482,27913,0,13957,0,1.0,0.667,0.8,0.0,18.083,0.0
1784040649.3487253,27913,0,13967,0,1.0,0.666,0.8,0.0,18.079,0.0
1784040649.3560662,27913,0,13977,0,1.0,0.666,0.8,0.0,18.075,0.0
1784040649.3624368,27913,0,13987,0,1.0,0.666,0.8,0.0,18.071,0.0
1784040649.3677585,27913,0,13997,0,1.0,0.666,0.8,0.0,18.067,0.0
1784040649.3734362,27913,0,14007,0,1.0,0.666,0.799,0.0,18.064,0.0
1784040649.3785903,27913,0,14017,0,1.0,0.666,0.799,0.0,18.06,0.0
1784040649.3827238,27913,0,14027,0,1.0,0.666,0.799,0.0,18.056,0.0
1784040649.393065,27913,0,14037,0,1.0,0.665,0.799,0.0,18.052,0.0
1784040649.4005358,27913,0,14047,0,1.0,0.665,0.799,0.0,18.048,0.0
1784040649.4071288,27913,0,14057,0,1.0,0.665,0.799,0.0,18.045,0.0
1784040649.411412,27913,0,14067,0,1.0,0.665,0.799,0.0,18.041,0.0
1784040649.417194,27913,0,14077,0,1.0,0.665,0.799,0.0,18.037,0.0
1784040649.4224026,27913,0,14087,0,1.0,0.665,0.799,0.0,18.033,0.0
1784040649.4295866,27913,0,14097,0,1.0,0.664,0.798,0.0,18.029,0.0
1784040649.435519,27913,0,14107,0,1.0,0.664,0.798,0.0,18.026,0.0
1784040649.440392,27913,0,14117,0,1.0,0.664,0.798,0.0,18.022,0.0
1784040649.4519355,27913,0,14127,0,1.0,0.664,0.798,0.0,18.018,0.0
1784040649.4576302,27913,0,14137,0,1.0,0.664,0.798,0.0,18.014,0.0
1784040649.4662397,27913,0,14147,0,1.0,0.664,0.798,0.0,18.011,0.0
1784040649.4736223,27913,0,14157,0,1.0,0.663,0.798,0.0,18.007,0.0
1784040649.4800858,27913,0,14167,0,1.0,0.663,0.798,0.0,18.003,0.0
1784040649.4876716,27913,0,14177,0,1.0,0.663,0.797,0.0,17.999,0.0
1784040649.495016,27913,0,14187,0,1.0,0.663,0.797,0.0,17.996,0.0
1784040649.502142,27913,0,14197,0,1.0,0.663,0.797,0.0,17.992,0.0
1784040649.507644,27913,0,14207,0,1.0,0.663,0.797,0.0,17.988,0.0
1784040649.5139844,27913,0,14217,0,1.0,0.663,0.797,0.0,17.984,0.0
1784040649.5212798,27913,0,14227,0,1.0,0.662,0.797,0.0,17.981,0.0
1784040649.5254686,27913,0,14237,0,1.0,0.662,0.797,0.0,17.977,0.0
1784040649.5302215,27913,0,14247,0,1.0,0.662,0.797,0.0,17.973,0.0
1784040649.534803,27913,0,14257,0,1.0,0.662,0.797,0.0,17.97,0.0
1784040649.5390759,27913,0,14267,0,1.0,0.662,0.796,0.0,17.966,0.0
1784040649.5470843,27913,0,14277,0,1.0,0.662,0.796,0.0,17.962,0.0
1784040649.552402,27913,0,14287,0,1.0,0.661,0.796,0.0,17.958,0.0
1784040649.5586438,27913,0,14297,0,1.0,0.661,0.796,0.0,17.955,0.0
1784040649.5633595,27913,0,14307,0,1.0,0.661,0.796,0.0,17.951,0.0
1784040649.5677428,27913,0,14317,0,1.0,0.661,0.796,0.0,17.947,0.0
1784040649.5720665,27913,0,14327,0,1.0,0.661,0.796,0.0,17.944,0.0
1784040649.5770266,27913,0,14337,0,1.0,0.661,0.796,0.0,17.94,0.0
1784040649.582532,27913,0,14347,0,1.0,0.661,0.796,0.0,17.936,0.0
1784040649.5870364,27913,0,14357,0,1.0,0.66,0.795,0.0,17.933,0.0
1784040649.591411,27913,0,14367,0,1.0,0.66,0.795,0.0,17.929,0.0
1784040649.5963953,27913,0,14377,0,1.0,0.66,0.795,0.0,17.925,0.0
1784040649.6029415,27913,0,14387,0,1.0,0.66,0.795,0.0,17.922,0.0
1784040649.613239,27913,0,14397,0,1.0,0.66,0.795,0.0,17.918,0.0
1784040649.6184266,27913,0,14407,0,1.0,0.66,0.795,0.0,17.914,0.0
1784040649.6246424,27913,0,14417,0,1.0,0.659,0.795,0.0,17.911,0.0
1784040649.6292732,27913,0,14427,0,1.0,0.659,0.795,0.0,17.907,0.0
1784040649.6379964,27913,0,14437,0,1.0,0.659,0.795,0.0,17.904,0.0
1784040649.6435063,27913,0,14447,0,1.0,0.659,0.794,0.0,17.9,0.0
1784040649.6501458,27913,0,14457,0,1.0,0.659,0.794,0.0,17.896,0.0
1784040649.656692,27913,0,14467,0,1.0,0.659,0.794,0.0,17.893,0.0
1784040649.6618717,27913,0,14477,0,1.0,0.658,0.794,0.0,17.889,0.0
1784040649.6692216,27913,0,14487,0,1.0,0.658,0.794,0.0,17.886,0.0
1784040649.6746924,27913,0,14497,0,1.0,0.658,0.794,0.0,17.882,0.0
1784040649.685048,27913,0,14507,0,1.0,0.658,0.794,0.0,17.878,0.0
1784040649.6904664,27913,0,14517,0,1.0,0.658,0.794,0.0,17.875,0.0
1784040649.6954873,27913,0,14527,0,1.0,0.658,0.794,0.0,17.871,0.0
1784040649.7032466,27913,0,14537,0,1.0,0.658,0.793,0.0,17.868,0.0
1784040649.7090127,27913,0,14547,0,1.0,0.657,0.793,0.0,17.864,0.0
1784040649.7134862,27913,0,14557,0,1.0,0.657,0.793,0.0,17.861,0.0
1784040649.7177198,27913,0,14567,0,1.0,0.657,0.793,0.0,17.857,0.0
1784040649.72365,27913,0,14577,0,1.0,0.657,0.793,0.0,17.853,0.0
1784040649.7307022,27913,0,14587,0,1.0,0.657,0.793,0.0,17.85,0.0
1784040649.7409563,27913,0,14597,0,1.0,0.657,0.793,0.0,17.846,0.0
1784040649.7483537,27913,0,14607,0,1.0,0.656,0.793,0.0,17.843,0.0
1784040649.7542415,27913,0,14617,0,1.0,0.656,0.792,0.0,17.839,0.0
1784040649.7637703,27913,0,14627,0,1.0,0.656,0.792,0.0,17.836,0.0
1784040649.7715683,27913,0,14637,0,1.0,0.656,0.792,0.0,17.832,0.0
1784040649.7762058,27913,0,14647,0,1.0,0.656,0.792,0.0,17.829,0.0
1784040649.7815008,27913,0,14657,0,1.0,0.656,0.792,0.0,17.825,0.0
1784040649.785922,27913,0,14667,0,1.0,0.656,0.792,0.0,17.822,0.0
1784040649.7924106,27913,0,14677,0,1.0,0.655,0.792,0.0,17.818,0.0
1784040649.7990284,27913,0,14687,0,1.0,0.655,0.792,0.0,17.815,0.0
1784040649.8039267,27913,0,14697,0,1.0,0.655,0.792,0.0,17.811,0.0
1784040649.8080125,27913,0,14707,0,1.0,0.655,0.791,0.0,17.808,0.0
1784040649.813808,27913,0,14717,0,1.0,0.655,0.791,0.0,17.804,0.0
1784040649.8198595,27913,0,14727,0,1.0,0.655,0.791,0.0,17.801,0.0
1784040649.8242583,27913,0,14737,0,1.0,0.654,0.791,0.0,17.797,0.0
1784040649.8290014,27913,0,14747,0,1.0,0.654,0.791,0.0,17.794,0.0
1784040649.8340592,27913,0,14757,0,1.0,0.654,0.791,0.0,17.79,0.0
1784040649.8388958,27913,0,14767,0,1.0,0.654,0.791,0.0,17.787,0.0
1784040649.8450067,27913,0,14777,0,1.0,0.654,0.791,0.0,17.783,0.0
1784040649.8510027,27913,0,14787,0,1.0,0.654,0.791,0.0,17.78,0.0
1784040649.8569608,27913,0,14797,0,1.0,0.654,0.79,0.0,17.776,0.0
1784040649.8646686,27913,0,14807,0,1.0,0.653,0.79,0.0,17.773,0.0
1784040649.873398,27913,0,14817,0,1.0,0.653,0.79,0.0,17.769,0.0
1784040649.8842626,27913,0,14827,0,1.0,0.653,0.79,0.0,17.766,0.0
1784040649.8938022,27913,0,14837,0,1.0,0.653,0.79,0.0,17.763,0.0
1784040649.8980775,27913,0,14847,0,1.0,0.653,0.79,0.0,17.759,0.0
1784040649.9036827,27913,0,14857,0,1.0,0.653,0.79,0.0,17.756,0.0
1784040649.9095538,27913,0,14867,0,1.0,0.652,0.79,0.0,17.752,0.0
1784040649.9150152,27913,0,14877,0,1.0,0.652,0.79,0.0,17.749,0.0
1784040649.920655,27913,0,14887,0,1.0,0.652,0.789,0.0,17.745,0.0
1784040649.9252615,27913,0,14897,0,1.0,0.652,0.789,0.0,17.742,0.0
1784040649.9324992,27913,0,14907,0,1.0,0.652,0.789,0.0,17.738,0.0
1784040649.939993,27913,0,14917,0,1.0,0.652,0.789,0.0,17.735,0.0
1784040649.9455144,27913,0,14927,0,1.0,0.652,0.789,0.0,17.732,0.0
1784040649.9523618,27913,0,14937,0,1.0,0.651,0.789,0.0,17.728,0.0
1784040649.9571877,27913,0,14947,0,1.0,0.651,0.789,0.0,17.725,0.0
1784040649.962833,27913,0,14957,0,1.0,0.651,0.789,0.0,17.721,0.0
1784040649.968683,27913,0,14967,0,1.0,0.651,0.789,0.0,17.718,0.0
1784040649.973712,27913,0,14977,0,1.0,0.651,0.788,0.0,17.714,0.0
1784040649.981447,27913,0,14987,0,1.0,0.651,0.788,0.0,17.711,0.0
1784040649.9866164,27913,0,14997,0,1.0,0.651,0.788,0.0,17.708,0.0
1784040649.9932067,27913,0,15007,0,1.0,0.65,0.788,0.0,17.704,0.0
1784040649.9989514,27913,0,15017,0,1.0,0.65,0.788,0.0,17.701,0.0
1784040650.004019,27913,0,15027,0,1.0,0.65,0.788,0.0,17.697,0.0
1784040650.0108879,27913,0,15037,0,1.0,0.65,0.788,0.0,17.694,0.0
1784040650.0190392,27913,0,15047,0,1.0,0.65,0.788,0.0,17.691,0.0
1784040650.0238354,27913,0,15057,0,1.0,0.65,0.788,0.0,17.687,0.0
1784040650.0342076,27913,0,15067,0,1.0,0.649,0.787,0.0,17.684,0.0
1784040650.0393894,27913,0,15077,0,1.0,0.649,0.787,0.0,17.681,0.0
1784040650.0471227,27913,0,15087,0,1.0,0.649,0.787,0.0,17.677,0.0
1784040650.0525396,27913,0,15097,0,1.0,0.649,0.787,0.0,17.674,0.0
1784040650.0568423,27913,0,15107,0,1.0,0.649,0.787,0.0,17.67,0.0
1784040650.0610669,27913,0,15117,0,1.0,0.649,0.787,0.0,17.667,0.0
1784040650.0660186,27913,0,15127,0,1.0,0.649,0.787,0.0,17.664,0.0
1784040650.0704882,27913,0,15137,0,1.0,0.648,0.787,0.0,17.66,0.0
1784040650.0759788,27913,0,15147,0,1.0,0.648,0.787,0.0,17.657,0.0
1784040650.0832758,27913,0,15157,0,1.0,0.648,0.786,0.0,17.654,0.0
1784040650.0900805,27913,0,15167,0,1.0,0.648,0.786,0.0,17.65,0.0
1784040650.0967748,27913,0,15177,0,1.0,0.648,0.786,0.0,17.647,0.0
1784040650.1022232,27913,0,15187,0,1.0,0.648,0.786,0.0,17.644,0.0
1784040650.1091676,27913,0,15197,0,1.0,0.647,0.786,0.0,17.64,0.0
1784040650.114128,27913,0,15207,0,1.0,0.647,0.786,0.0,17.637,0.0
1784040650.1193452,27913,0,15217,0,1.0,0.647,0.786,0.0,17.634,0.0
1784040650.125099,27913,0,15227,0,1.0,0.647,0.786,0.0,17.63,0.0
1784040650.131007,27913,0,15237,0,1.0,0.647,0.786,0.0,17.627,0.0
1784040650.1380327,27913,0,15247,0,1.0,0.647,0.785,0.0,17.624,0.0
1784040650.143811,27913,0,15257,0,1.0,0.647,0.785,0.0,17.62,0.0
1784040650.1497536,27913,0,15267,0,1.0,0.646,0.785,0.0,17.617,0.0
1784040650.1535413,27913,0,15277,0,1.0,0.646,0.785,0.0,17.614,0.0
1784040650.1579137,27913,0,15287,0,1.0,0.646,0.785,0.0,17.61,0.0
1784040650.1634054,27913,0,15297,0,1.0,0.646,0.785,0.0,17.607,0.0
1784040650.1705282,27913,0,15307,0,1.0,0.646,0.785,0.0,17.604,0.0
1784040650.1786427,27913,0,15317,0,1.0,0.646,0.785,0.0,17.601,0.0
1784040650.185059,27913,0,15327,0,1.0,0.646,0.785,0.0,17.597,0.0
1784040650.1895049,27913,0,15337,0,1.0,0.645,0.784,0.0,17.594,0.0
1784040650.193386,27913,0,15347,0,1.0,0.645,0.784,0.0,17.591,0.0
1784040650.1970396,27913,0,15357,0,1.0,0.645,0.784,0.0,17.587,0.0
1784040650.2006195,27913,0,15367,0,1.0,0.645,0.784,0.0,17.584,0.0
1784040650.2051053,27913,0,15377,0,1.0,0.645,0.784,0.0,17.581,0.0
1784040650.2151556,27913,0,15387,0,1.0,0.645,0.784,0.0,17.578,0.0
1784040650.220932,27913,0,15397,0,1.0,0.644,0.784,0.0,17.574,0.0
1784040650.2258701,27913,0,15407,0,1.0,0.644,0.784,0.0,17.571,0.0
1784040650.235624,27913,0,15417,0,1.0,0.644,0.784,0.0,17.568,0.0
1784040650.246306,27913,0,15427,0,1.0,0.644,0.783,0.0,17.564,0.0
1784040650.2562819,27913,0,15437,0,1.0,0.644,0.783,0.0,17.561,0.0
1784040650.2629304,27913,0,15447,0,1.0,0.644,0.783,0.0,17.558,0.0
1784040650.268946,27913,0,15457,0,1.0,0.644,0.783,0.0,17.555,0.0
1784040650.2745187,27913,0,15467,0,1.0,0.643,0.783,0.0,17.551,0.0
1784040650.2795005,27913,0,15477,0,1.0,0.643,0.783,0.0,17.548,0.0
1784040650.2847464,27913,0,15487,0,1.0,0.643,0.783,0.0,17.545,0.0
1784040650.2904775,27913,0,15497,0,1.0,0.643,0.783,0.0,17.542,0.0
1784040650.2960143,27913,0,15507,0,1.0,0.643,0.783,0.0,17.538,0.0
1784040650.3024404,27913,0,15517,0,1.0,0.643,0.783,0.0,17.535,0.0
1784040650.3070667,27913,0,15527,0,1.0,0.643,0.782,0.0,17.532,0.0
1784040650.311398,27913,0,15537,0,1.0,0.642,0.782,0.0,17.529,0.0
1784040650.3166587,27913,0,15547,0,1.0,0.642,0.782,0.0,17.525,0.0
1784040650.3210385,27913,0,15557,0,1.0,0.642,0.782,0.0,17.522,0.0
1784040650.3289895,27913,0,15567,0,1.0,0.642,0.782,0.0,17.519,0.0
1784040650.3361933,27913,0,15577,0,1.0,0.642,0.782,0.0,17.516,0.0
1784040650.3415673,27913,0,15587,0,1.0,0.642,0.782,0.0,17.513,0.0
1784040650.3484647,27913,0,15597,0,1.0,0.642,0.782,0.0,17.509,0.0
1784040650.3547242,27913,0,15607,0,1.0,0.641,0.782,0.0,17.506,0.0
1784040650.3628147,27913,0,15617,0,1.0,0.641,0.781,0.0,17.503,0.0
1784040650.3697813,27913,0,15627,0,1.0,0.641,0.781,0.0,17.5,0.0
1784040650.3741589,27913,0,15637,0,1.0,0.641,0.781,0.0,17.496,0.0
1784040650.3788524,27913,0,15647,0,1.0,0.641,0.781,0.0,17.493,0.0
1784040650.386307,27913,0,15657,0,1.0,0.641,0.781,0.0,17.49,0.0
1784040650.39186,27913,0,15667,0,1.0,0.641,0.781,0.0,17.487,0.0
1784040650.3969004,27913,0,15677,0,1.0,0.64,0.781,0.0,17.484,0.0
1784040650.4019938,27913,0,15687,0,1.0,0.64,0.781,0.0,17.48,0.0
1784040650.4077783,27913,0,15697,0,1.0,0.64,0.781,0.0,17.477,0.0
1784040650.4141295,27913,0,15707,0,1.0,0.64,0.78,0.0,17.474,0.0
1784040650.4210222,27913,0,15717,0,1.0,0.64,0.78,0.0,17.471,0.0
1784040650.4283273,27913,0,15727,0,1.0,0.64,0.78,0.0,17.468,0.0
1784040650.4345229,27913,0,15737,0,1.0,0.639,0.78,0.0,17.465,0.0
1784040650.4393675,27913,0,15747,0,1.0,0.639,0.78,0.0,17.461,0.0
1784040650.4469106,27913,0,15757,0,1.0,0.639,0.78,0.0,17.458,0.0
1784040650.4559536,27913,0,15767,0,1.0,0.639,0.78,0.0,17.455,0.0
1784040650.4612865,27913,0,15777,0,1.0,0.639,0.78,0.0,17.452,0.0
1784040650.4657497,27913,0,15787,0,1.0,0.639,0.78,0.0,17.449,0.0
1784040650.4705036,27913,0,15797,0,1.0,0.639,0.779,0.0,17.446,0.0
1784040650.4758637,27913,0,15807,0,1.0,0.638,0.779,0.0,17.442,0.0
1784040650.4849365,27913,0,15817,0,1.0,0.638,0.779,0.0,17.439,0.0
1784040650.4902081,27913,0,15827,0,1.0,0.638,0.779,0.0,17.436,0.0
1784040650.4956632,27913,0,15837,0,1.0,0.638,0.779,0.0,17.433,0.0
1784040650.5021694,27913,0,15847,0,1.0,0.638,0.779,0.0,17.43,0.0
1784040650.506464,27913,0,15857,0,1.0,0.638,0.779,0.0,17.427,0.0
1784040650.512267,27913,0,15867,0,1.0,0.638,0.779,0.0,17.424,0.0
1784040650.5188098,27913,0,15877,0,1.0,0.637,0.779,0.0,17.42,0.0
1784040650.5244343,27913,0,15887,0,1.0,0.637,0.778,0.0,17.417,0.0
1784040650.5288105,27913,0,15897,0,1.0,0.637,0.778,0.0,17.414,0.0
1784040650.5333195,27913,0,15907,0,1.0,0.637,0.778,0.0,17.411,0.0
1784040650.5376759,27913,0,15917,0,1.0,0.637,0.778,0.0,17.408,0.0
1784040650.5432224,27913,0,15927,0,1.0,0.637,0.778,0.0,17.405,0.0
1784040650.5496542,27913,0,15937,0,1.0,0.637,0.778,0.0,17.402,0.0
1784040650.5543892,27913,0,15947,0,1.0,0.636,0.778,0.0,17.399,0.0
1784040650.5586329,27913,0,15957,0,1.0,0.636,0.778,0.0,17.396,0.0
1784040650.5625596,27913,0,15967,0,1.0,0.636,0.778,0.0,17.392,0.0
1784040650.5658345,27913,0,15977,0,1.0,0.636,0.777,0.0,17.389,0.0
1784040650.5703907,27913,0,15987,0,1.0,0.636,0.777,0.0,17.386,0.0
1784040650.5756886,27913,0,15997,0,1.0,0.636,0.777,0.0,17.383,0.0
1784040650.580038,27913,0,16007,0,1.0,0.636,0.777,0.0,17.38,0.0
1784040650.586684,27913,0,16017,0,1.0,0.635,0.777,0.0,17.377,0.0
1784040650.5915513,27913,0,16027,0,1.0,0.635,0.777,0.0,17.374,0.0
1784040650.5968988,27913,0,16037,0,1.0,0.635,0.777,0.0,17.371,0.0
1784040650.6015213,27913,0,16047,0,1.0,0.635,0.777,0.0,17.368,0.0
1784040650.6089075,27913,0,16057,0,1.0,0.635,0.777,0.0,17.365,0.0
1784040650.61375,27913,0,16067,0,1.0,0.635,0.777,0.0,17.362,0.0
1784040650.622593,27913,0,16077,0,1.0,0.635,0.776,0.0,17.359,0.0
1784040650.6264725,27913,0,16087,0,1.0,0.634,0.776,0.0,17.355,0.0
1784040650.6317265,27913,0,16097,0,1.0,0.634,0.776,0.0,17.352,0.0
1784040650.6367009,27913,0,16107,0,1.0,0.634,0.776,0.0,17.349,0.0
1784040650.6430094,27913,0,16117,0,1.0,0.634,0.776,0.0,17.346,0.0
1784040650.6490004,27913,0,16127,0,1.0,0.634,0.776,0.0,17.343,0.0
1784040650.658235,27913,0,16137,0,1.0,0.634,0.776,0.0,17.34,0.0
1784040650.6629264,27913,0,16147,0,1.0,0.634,0.776,0.0,17.337,0.0
1784040650.6682906,27913,0,16157,0,1.0,0.633,0.776,0.0,17.334,0.0
1784040650.672541,27913,0,16167,0,1.0,0.633,0.775,0.0,17.331,0.0
1784040650.6777701,27913,0,16177,0,1.0,0.633,0.775,0.0,17.328,0.0
1784040650.6847773,27913,0,16187,0,1.0,0.633,0.775,0.0,17.325,0.0
1784040650.6891396,27913,0,16197,0,1.0,0.633,0.775,0.0,17.322,0.0
1784040650.693821,27913,0,16207,0,1.0,0.633,0.775,0.0,17.319,0.0
1784040650.7011933,27913,0,16217,0,1.0,0.633,0.775,0.0,17.316,0.0
1784040650.7060266,27913,0,16227,0,1.0,0.632,0.775,0.0,17.313,0.0
1784040650.7113645,27913,0,16237,0,1.0,0.632,0.775,0.0,17.31,0.0
1784040650.716755,27913,0,16247,0,1.0,0.632,0.775,0.0,17.307,0.0
1784040650.7222013,27913,0,16257,0,1.0,0.632,0.774,0.0,17.304,0.0
1784040650.729758,27913,0,16267,0,1.0,0.632,0.774,0.0,17.301,0.0
1784040650.7372427,27913,0,16277,0,1.0,0.632,0.774,0.0,17.298,0.0
1784040650.7428217,27913,0,16287,0,1.0,0.632,0.774,0.0,17.295,0.0
1784040650.7477946,27913,0,16297,0,1.0,0.631,0.774,0.0,17.292,0.0
1784040650.7525625,27913,0,16307,0,1.0,0.631,0.774,0.0,17.289,0.0
1784040650.7569757,27913,0,16317,0,1.0,0.631,0.774,0.0,17.286,0.0
1784040650.7619445,27913,0,16327,0,1.0,0.631,0.774,0.0,17.283,0.0
1784040650.7697904,27913,0,16337,0,1.0,0.631,0.774,0.0,17.28,0.0
1784040650.7743146,27913,0,16347,0,1.0,0.631,0.774,0.0,17.277,0.0
1784040650.77999,27913,0,16357,0,1.0,0.631,0.773,0.0,17.274,0.0
1784040650.7848902,27913,0,16367,0,1.0,0.63,0.773,0.0,17.271,0.0
1784040650.7895248,27913,0,16377,0,1.0,0.63,0.773,0.0,17.268,0.0
1784040650.7958207,27913,0,16387,0,1.0,0.63,0.773,0.0,17.265,0.0
1784040650.800204,27913,0,16397,0,1.0,0.63,0.773,0.0,17.262,0.0
1784040650.8075716,27913,0,16407,0,1.0,0.63,0.773,0.0,17.259,0.0
1784040650.8123953,27913,0,16417,0,1.0,0.63,0.773,0.0,17.256,0.0
1784040650.8179953,27913,0,16427,0,1.0,0.63,0.773,0.0,17.253,0.0
1784040650.8227532,27913,0,16437,0,1.0,0.629,0.773,0.0,17.25,0.0
1784040650.8320322,27913,0,16447,0,1.0,0.629,0.772,0.0,17.247,0.0
1784040650.8373497,27913,0,16457,0,1.0,0.629,0.772,0.0,17.244,0.0
1784040650.8421934,27913,0,16467,0,1.0,0.629,0.772,0.0,17.241,0.0
1784040650.8481505,27913,0,16477,0,1.0,0.629,0.772,0.0,17.238,0.0
1784040650.8566513,27913,0,16487,0,1.0,0.629,0.772,0.0,17.235,0.0
1784040650.8618612,27913,0,16497,0,1.0,0.629,0.772,0.0,17.232,0.0
1784040650.8675923,27913,0,16507,0,1.0,0.628,0.772,0.0,17.23,0.0
1784040650.8726718,27913,0,16517,0,1.0,0.628,0.772,0.0,17.227,0.0
1784040650.8779426,27913,0,16527,0,1.0,0.628,0.772,0.0,17.224,0.0
1784040650.88291,27913,0,16537,0,1.0,0.628,0.771,0.0,17.221,0.0
1784040650.8920896,27913,0,16547,0,1.0,0.628,0.771,0.0,17.218,0.0
1784040650.8968942,27913,0,16557,0,1.0,0.628,0.771,0.0,17.215,0.0
1784040650.9006577,27913,0,16567,0,1.0,0.628,0.771,0.0,17.212,0.0
1784040650.908044,27913,0,16577,0,1.0,0.627,0.771,0.0,17.209,0.0
1784040650.9134657,27913,0,16587,0,1.0,0.627,0.771,0.0,17.206,0.0
1784040650.920646,27913,0,16597,0,1.0,0.627,0.771,0.0,17.203,0.0
1784040650.9255707,27913,0,16607,0,1.0,0.627,0.771,0.0,17.2,0.0
1784040650.9365385,27913,0,16617,0,1.0,0.627,0.771,0.0,17.197,0.0
1784040650.941136,27913,0,16627,0,1.0,0.627,0.771,0.0,17.194,0.0
1784040650.9469812,27913,0,16637,0,1.0,0.627,0.77,0.0,17.191,0.0
1784040650.9537306,27913,0,16647,0,1.0,0.626,0.77,0.0,17.189,0.0
1784040650.9593406,27913,0,16657,0,1.0,0.626,0.77,0.0,17.186,0.0
1784040650.9641027,27913,0,16667,0,1.0,0.626,0.77,0.0,17.183,0.0
1784040650.9691944,27913,0,16677,0,1.0,0.626,0.77,0.0,17.18,0.0
1784040650.976424,27913,0,16687,0,1.0,0.626,0.77,0.0,17.177,0.0
1784040650.9900508,27913,0,16697,0,1.0,0.626,0.77,0.0,17.174,0.0
1784040650.9950163,27913,0,16707,0,1.0,0.626,0.77,0.0,17.171,0.0
1784040650.9990797,27913,0,16717,0,1.0,0.625,0.77,0.0,17.168,0.0
1784040651.0033753,27913,0,16727,0,1.0,0.625,0.769,0.0,17.165,0.0
1784040651.0083077,27913,0,16737,0,1.0,0.625,0.769,0.0,17.162,0.0
1784040651.0133173,27913,0,16747,0,1.0,0.625,0.769,0.0,17.16,0.0
1784040651.017383,27913,0,16757,0,1.0,0.625,0.769,0.0,17.157,0.0
1784040651.0211272,27913,0,16767,0,1.0,0.625,0.769,0.0,17.154,0.0
1784040651.025154,27913,0,16777,0,1.0,0.625,0.769,0.0,17.151,0.0
1784040651.0297456,27913,0,16787,0,1.0,0.624,0.769,0.0,17.148,0.0
1784040651.033995,27913,0,16797,0,1.0,0.624,0.769,0.0,17.145,0.0
1784040651.0379035,27913,0,16807,0,1.0,0.624,0.769,0.0,17.142,0.0
1784040651.0443087,27913,0,16817,0,1.0,0.624,0.768,0.0,17.139,0.0
1784040651.0498662,27913,0,16827,0,1.0,0.624,0.768,0.0,17.137,0.0
1784040651.0557315,27913,0,16837,0,1.0,0.624,0.768,0.0,17.134,0.0
1784040651.0613775,27913,0,16847,0,1.0,0.624,0.768,0.0,17.131,0.0
1784040651.0680692,27913,0,16857,0,1.0,0.623,0.768,0.0,17.128,0.0
1784040651.0735822,27913,0,16867,0,1.0,0.623,0.768,0.0,17.125,0.0
1784040651.079722,27913,0,16877,0,1.0,0.623,0.768,0.0,17.122,0.0
1784040651.0850403,27913,0,16887,0,1.0,0.623,0.768,0.0,17.119,0.0
1784040651.0896351,27913,0,16897,0,1.0,0.623,0.768,0.0,17.117,0.0
1784040651.0953202,27913,0,16907,0,1.0,0.623,0.768,0.0,17.114,0.0
1784040651.102682,27913,0,16917,0,1.0,0.623,0.767,0.0,17.111,0.0
1784040651.1138718,27913,0,16927,0,1.0,0.623,0.767,0.0,17.108,0.0
1784040651.1187947,27913,0,16937,0,1.0,0.622,0.767,0.0,17.105,0.0
1784040651.1235573,27913,0,16947,0,1.0,0.622,0.767,0.0,17.102,0.0
1784040651.1278052,27913,0,16957,0,1.0,0.622,0.767,0.0,17.1,0.0
1784040651.1332898,27913,0,16967,0,1.0,0.622,0.767,0.0,17.097,0.0
1784040651.1400852,27913,0,16977,0,1.0,0.622,0.767,0.0,17.094,0.0
1784040651.145841,27913,0,16987,0,1.0,0.622,0.767,0.0,17.091,0.0
1784040651.1517968,27913,0,16997,0,1.0,0.622,0.767,0.0,17.088,0.0
1784040651.1570477,27913,0,17007,0,1.0,0.621,0.766,0.0,17.085,0.0
1784040651.1620097,27913,0,17017,0,1.0,0.621,0.766,0.0,17.083,0.0
1784040651.1669645,27913,0,17027,0,1.0,0.621,0.766,0.0,17.08,0.0
1784040651.1730368,27913,0,17037,0,1.0,0.621,0.766,0.0,17.077,0.0
1784040651.1818564,27913,0,17047,0,1.0,0.621,0.766,0.0,17.074,0.0
1784040651.18693,27913,0,17057,0,1.0,0.621,0.766,0.0,17.071,0.0
1784040651.1918397,27913,0,17067,0,1.0,0.621,0.766,0.0,17.069,0.0
1784040651.1967232,27913,0,17077,0,1.0,0.62,0.766,0.0,17.066,0.0
1784040651.2037675,27913,0,17087,0,1.0,0.62,0.766,0.0,17.063,0.0
1784040651.2089267,27913,0,17097,0,1.0,0.62,0.766,0.0,17.06,0.0
1784040651.214893,27913,0,17107,0,1.0,0.62,0.765,0.0,17.058,0.0
1784040651.2196598,27913,0,17117,0,1.0,0.62,0.765,0.0,17.055,0.0
1784040651.229533,27913,0,17127,0,1.0,0.62,0.765,0.0,17.052,0.0
1784040651.23697,27913,0,17137,0,1.0,0.62,0.765,0.0,17.049,0.0
1784040651.245236,27913,0,17147,0,1.0,0.619,0.765,0.0,17.046,0.0
1784040651.2501476,27913,0,17157,0,1.0,0.619,0.765,0.0,17.044,0.0
1784040651.25549,27913,0,17167,0,1.0,0.619,0.765,0.0,17.041,0.0
1784040651.2629483,27913,0,17177,0,1.0,0.619,0.765,0.0,17.038,0.0
1784040651.2674143,27913,0,17187,0,1.0,0.619,0.765,0.0,17.035,0.0
1784040651.2715962,27913,0,17197,0,1.0,0.619,0.764,0.0,17.033,0.0
1784040651.2773552,27913,0,17207,0,1.0,0.619,0.764,0.0,17.03,0.0
1784040651.2819202,27913,0,17217,0,1.0,0.619,0.764,0.0,17.027,0.0
1784040651.287283,27913,0,17227,0,1.0,0.618,0.764,0.0,17.024,0.0
1784040651.2934291,27913,0,17237,0,1.0,0.618,0.764,0.0,17.022,0.0
1784040651.2980983,27913,0,17247,0,1.0,0.618,0.764,0.0,17.019,0.0
1784040651.3027678,27913,0,17257,0,1.0,0.618,0.764,0.0,17.016,0.0
1784040651.306775,27913,0,17267,0,1.0,0.618,0.764,0.0,17.013,0.0
1784040651.3109667,27913,0,17277,0,1.0,0.618,0.764,0.0,17.011,0.0
1784040651.3159468,27913,0,17287,0,1.0,0.618,0.764,0.0,17.008,0.0
1784040651.3218355,27913,0,17297,0,1.0,0.617,0.763,0.0,17.004,0.0
1784040651.3290346,27913,0,17307,0,1.0,0.617,0.763,0.0,17.001,0.0
1784040651.3342214,27913,0,17317,0,1.0,0.617,0.763,0.0,16.998,0.0
1784040651.3403075,27913,0,17327,0,1.0,0.617,0.763,0.0,16.994,0.0
1784040651.345119,27913,0,17337,0,1.0,0.617,0.763,0.0,16.991,0.0
1784040651.3496873,27913,0,17347,0,1.0,0.617,0.763,0.0,16.988,0.0
1784040651.3563163,27913,0,17357,0,1.0,0.617,0.763,0.0,16.984,0.0
1784040651.3613293,27913,0,17367,0,1.0,0.616,0.763,0.0,16.981,0.0
1784040651.3656712,27913,0,17377,0,1.0,0.616,0.763,0.0,16.978,0.0
1784040651.372857,27913,0,17387,0,1.0,0.616,0.763,0.0,16.974,0.0
1784040651.3771472,27913,0,17397,0,1.0,0.616,0.762,0.0,16.971,0.0
1784040651.3828437,27913,0,17407,0,1.0,0.616,0.762,0.0,16.968,0.0
1784040651.3954108,27913,0,17417,0,1.0,0.616,0.762,0.0,16.965,0.0
1784040651.4022968,27913,0,17427,0,1.0,0.616,0.762,0.0,16.961,0.0
1784040651.4082453,27913,0,17437,0,1.0,0.616,0.762,0.0,16.958,0.0
1784040651.4129946,27913,0,17447,0,1.0,0.615,0.762,0.0,16.955,0.0
1784040651.4191034,27913,0,17457,0,1.0,0.615,0.762,0.0,16.951,0.0
1784040651.4244592,27913,0,17467,0,1.0,0.615,0.762,0.0,16.948,0.0
1784040651.429253,27913,0,17477,0,1.0,0.615,0.762,0.0,16.945,0.0
1784040651.4338644,27913,0,17487,0,1.0,0.615,0.761,0.0,16.942,0.0
1784040651.4396122,27913,0,17497,0,1.0,0.615,0.761,0.0,16.938,0.0
1784040651.4451568,27913,0,17507,0,1.0,0.615,0.761,0.0,16.935,0.0
1784040651.4496317,27913,0,17517,0,1.0,0.614,0.761,0.0,16.932,0.0
1784040651.4538972,27913,0,17527,0,1.0,0.614,0.761,0.0,16.929,0.0
1784040651.4581258,27913,0,17537,0,1.0,0.614,0.761,0.0,16.925,0.0
1784040651.4629343,27913,0,17547,0,1.0,0.614,0.761,0.0,16.922,0.0
1784040651.468016,27913,0,17557,0,1.0,0.614,0.761,0.0,16.919,0.0
1784040651.4726698,27913,0,17567,0,1.0,0.614,0.761,0.0,16.916,0.0
1784040651.4781704,27913,0,17577,0,1.0,0.614,0.761,0.0,16.912,0.0
1784040651.4833603,27913,0,17587,0,1.0,0.613,0.76,0.0,16.909,0.0
1784040651.4880898,27913,0,17597,0,1.0,0.613,0.76,0.0,16.906,0.0
1784040651.4957063,27913,0,17607,0,1.0,0.613,0.76,0.0,16.903,0.0
1784040651.5023232,27913,0,17617,0,1.0,0.613,0.76,0.0,16.899,0.0
1784040651.5099137,27913,0,17627,0,1.0,0.613,0.76,0.0,16.896,0.0
1784040651.5142295,27913,0,17637,0,1.0,0.613,0.76,0.0,16.893,0.0
1784040651.5206203,27913,0,17647,0,1.0,0.613,0.76,0.0,16.89,0.0
1784040651.5264466,27913,0,17657,0,1.0,0.613,0.76,0.0,16.886,0.0
1784040651.5318596,27913,0,17667,0,1.0,0.612,0.76,0.0,16.883,0.0
1784040651.537724,27913,0,17677,0,1.0,0.612,0.76,0.0,16.88,0.0
1784040651.5434847,27913,0,17687,0,1.0,0.612,0.759,0.0,16.877,0.0
1784040651.55062,27913,0,17697,0,1.0,0.612,0.759,0.0,16.874,0.0
1784040651.5575871,27913,0,17707,0,1.0,0.612,0.759,0.0,16.87,0.0
1784040651.5623596,27913,0,17717,0,1.0,0.612,0.759,0.0,16.867,0.0
1784040651.5671318,27913,0,17727,0,1.0,0.612,0.759,0.0,16.864,0.0
1784040651.571848,27913,0,17737,0,1.0,0.611,0.759,0.0,16.861,0.0
1784040651.5774481,27913,0,17747,0,1.0,0.611,0.759,0.0,16.858,0.0
1784040651.584904,27913,0,17757,0,1.0,0.611,0.759,0.0,16.855,0.0
1784040651.589116,27913,0,17767,0,1.0,0.611,0.759,0.0,16.851,0.0
1784040651.5938473,27913,0,17777,0,1.0,0.611,0.758,0.0,16.848,0.0
1784040651.5990465,27913,0,17787,0,1.0,0.611,0.758,0.0,16.845,0.0
1784040651.604936,27913,0,17797,0,1.0,0.611,0.758,0.0,16.842,0.0
1784040651.6110566,27913,0,17807,0,1.0,0.611,0.758,0.0,16.839,0.0
1784040651.6170073,27913,0,17817,0,1.0,0.61,0.758,0.0,16.836,0.0
1784040651.6232924,27913,0,17827,0,1.0,0.61,0.758,0.0,16.832,0.0
1784040651.6283622,27913,0,17837,0,1.0,0.61,0.758,0.0,16.829,0.0
1784040651.6359131,27913,0,17847,0,1.0,0.61,0.758,0.0,16.826,0.0
1784040651.6413727,27913,0,17857,0,1.0,0.61,0.758,0.0,16.823,0.0
1784040651.6458268,27913,0,17867,0,1.0,0.61,0.758,0.0,16.82,0.0
1784040651.6509454,27913,0,17877,0,1.0,0.61,0.757,0.0,16.817,0.0
1784040651.6587937,27913,0,17887,0,1.0,0.609,0.757,0.0,16.813,0.0
1784040651.664522,27913,0,17897,0,1.0,0.609,0.757,0.0,16.81,0.0
1784040651.6691382,27913,0,17907,0,1.0,0.609,0.757,0.0,16.807,0.0
1784040651.674301,27913,0,17917,0,1.0,0.609,0.757,0.0,16.804,0.0
1784040651.6807775,27913,0,17927,0,1.0,0.609,0.757,0.0,16.801,0.0
1784040651.6862826,27913,0,17937,0,1.0,0.609,0.757,0.0,16.798,0.0
1784040651.6922705,27913,0,17947,0,1.0,0.609,0.757,0.0,16.795,0.0
1784040651.6975482,27913,0,17957,0,1.0,0.609,0.757,0.0,16.792,0.0
1784040651.7039318,27913,0,17967,0,1.0,0.608,0.757,0.0,16.788,0.0
1784040651.7106364,27913,0,17977,0,1.0,0.608,0.756,0.0,16.785,0.0
1784040651.7163823,27913,0,17987,0,1.0,0.608,0.756,0.0,16.782,0.0
1784040651.7203896,27913,0,17997,0,1.0,0.608,0.756,0.0,16.779,0.0
1784040651.7249253,27913,0,18007,0,1.0,0.608,0.756,0.0,16.776,0.0
1784040651.7299056,27913,0,18017,0,1.0,0.608,0.756,0.0,16.773,0.0
1784040651.7380729,27913,0,18027,0,1.0,0.608,0.756,0.0,16.77,0.0
1784040651.7443695,27913,0,18037,0,1.0,0.607,0.756,0.0,16.767,0.0
1784040651.7503867,27913,0,18047,0,1.0,0.607,0.756,0.0,16.764,0.0
1784040651.7554045,27913,0,18057,0,1.0,0.607,0.756,0.0,16.761,0.0
1784040651.759964,27913,0,18067,0,1.0,0.607,0.755,0.0,16.758,0.0
1784040651.764437,27913,0,18077,0,1.0,0.607,0.755,0.0,16.755,0.0
1784040651.769322,27913,0,18087,0,1.0,0.607,0.755,0.0,16.752,0.0
1784040651.7756295,27913,0,18097,0,1.0,0.607,0.755,0.0,16.748,0.0
1784040651.781502,27913,0,18107,0,1.0,0.607,0.755,0.0,16.745,0.0
1784040651.7878127,27913,0,18117,0,1.0,0.606,0.755,0.0,16.742,0.0
1784040651.7954414,27913,0,18127,0,1.0,0.606,0.755,0.0,16.739,0.0
1784040651.8005972,27913,0,18137,0,1.0,0.606,0.755,0.0,16.736,0.0
1784040651.805475,27913,0,18147,0,1.0,0.606,0.755,0.0,16.733,0.0
1784040651.8116696,27913,0,18157,0,1.0,0.606,0.755,0.0,16.73,0.0
1784040651.8179662,27913,0,18167,0,1.0,0.606,0.754,0.0,16.727,0.0
1784040651.8230982,27913,0,18177,0,1.0,0.606,0.754,0.0,16.724,0.0
1784040651.827388,27913,0,18187,0,1.0,0.605,0.754,0.0,16.721,0.0
1784040651.831554,27913,0,18197,0,1.0,0.605,0.754,0.0,16.718,0.0
1784040651.835894,27913,0,18207,0,1.0,0.605,0.754,0.0,16.715,0.0
1784040651.8398507,27913,0,18217,0,1.0,0.605,0.754,0.0,16.712,0.0
1784040651.8462548,27913,0,18227,0,1.0,0.605,0.754,0.0,16.709,0.0
1784040651.8540418,27913,0,18237,0,1.0,0.605,0.754,0.0,16.706,0.0
1784040651.8607416,27913,0,18247,0,1.0,0.605,0.754,0.0,16.703,0.0
1784040651.8669446,27913,0,18257,0,1.0,0.605,0.754,0.0,16.7,0.0
1784040651.88197,27913,0,18267,0,1.0,0.604,0.753,0.0,16.697,0.0
1784040651.889171,27913,0,18277,0,1.0,0.604,0.753,0.0,16.694,0.0
1784040651.8976195,27913,0,18287,0,1.0,0.604,0.753,0.0,16.691,0.0
1784040651.902917,27913,0,18297,0,1.0,0.604,0.753,0.0,16.688,0.0
1784040651.9087403,27913,0,18307,0,1.0,0.604,0.753,0.0,16.685,0.0
1784040651.9129148,27913,0,18317,0,1.0,0.604,0.753,0.0,16.682,0.0
1784040651.9180079,27913,0,18327,0,1.0,0.604,0.753,0.0,16.679,0.0
1784040651.9239829,27913,0,18337,0,1.0,0.604,0.753,0.0,16.676,0.0
1784040651.9284134,27913,0,18347,0,1.0,0.603,0.753,0.0,16.673,0.0
1784040651.9330208,27913,0,18357,0,1.0,0.603,0.753,0.0,16.67,0.0
1784040651.937719,27913,0,18367,0,1.0,0.603,0.752,0.0,16.667,0.0
1784040651.9430945,27913,0,18377,0,1.0,0.603,0.752,0.0,16.664,0.0
1784040651.9480135,27913,0,18387,0,1.0,0.603,0.752,0.0,16.661,0.0
1784040651.9530041,27913,0,18397,0,1.0,0.603,0.752,0.0,16.658,0.0
1784040651.956754,27913,0,18407,0,1.0,0.603,0.752,0.0,16.655,0.0
1784040651.9646306,27913,0,18417,0,1.0,0.602,0.752,0.0,16.652,0.0
1784040651.9697955,27913,0,18427,0,1.0,0.602,0.752,0.0,16.649,0.0
1784040651.9747694,27913,0,18437,0,1.0,0.602,0.752,0.0,16.646,0.0
1784040651.9803095,27913,0,18447,0,1.0,0.602,0.752,0.0,16.643,0.0
1784040651.9873435,27913,0,18457,0,1.0,0.602,0.752,0.0,16.64,0.0
1784040651.9931512,27913,0,18467,0,1.0,0.602,0.751,0.0,16.638,0.0
1784040651.9991806,27913,0,18477,0,1.0,0.602,0.751,0.0,16.635,0.0
1784040652.0053875,27913,0,18487,0,1.0,0.602,0.751,0.0,16.632,0.0
1784040652.013826,27913,0,18497,0,1.0,0.601,0.751,0.0,16.629,0.0
1784040652.02265,27913,0,18507,0,1.0,0.601,0.751,0.0,16.626,0.0
1784040652.028753,27913,0,18517,0,1.0,0.601,0.751,0.0,16.623,0.0
1784040652.035397,27913,0,18527,0,1.0,0.601,0.751,0.0,16.62,0.0
1784040652.0422719,27913,0,18537,0,1.0,0.601,0.751,0.0,16.617,0.0
1784040652.0479348,27913,0,18547,0,1.0,0.601,0.751,0.0,16.614,0.0
1784040652.052269,27913,0,18557,0,1.0,0.601,0.751,0.0,16.611,0.0
1784040652.0579808,27913,0,18567,0,1.0,0.601,0.75,0.0,16.608,0.0
1784040652.0649753,27913,0,18577,0,1.0,0.6,0.75,0.0,16.605,0.0
1784040652.0715876,27913,0,18587,0,1.0,0.6,0.75,0.0,16.602,0.0
1784040652.077683,27913,0,18597,0,1.0,0.6,0.75,0.0,16.599,0.0
1784040652.0827727,27913,0,18607,0,1.0,0.6,0.75,0.0,16.597,0.0
1784040652.0881162,27913,0,18617,0,1.0,0.6,0.75,0.0,16.594,0.0
1784040652.1025534,27913,0,18627,0,1.0,0.6,0.75,0.0,16.591,0.0
1784040652.1105793,27913,0,18637,0,1.0,0.6,0.75,0.0,16.588,0.0
1784040652.1178598,27913,0,18647,0,1.0,0.6,0.75,0.0,16.585,0.0
1784040652.1226947,27913,0,18657,0,1.0,0.599,0.75,0.0,16.582,0.0
1784040652.1296408,27913,0,18667,0,1.0,0.599,0.749,0.0,16.579,0.0
1784040652.1348388,27913,0,18677,0,1.0,0.599,0.749,0.0,16.576,0.0
1784040652.1438406,27913,0,18687,0,1.0,0.599,0.749,0.0,16.573,0.0
1784040652.1504467,27913,0,18697,0,1.0,0.599,0.749,0.0,16.571,0.0
1784040652.1587493,27913,0,18707,0,1.0,0.599,0.749,0.0,16.568,0.0
1784040652.1651714,27913,0,18717,0,1.0,0.599,0.749,0.0,16.565,0.0
1784040652.172831,27913,0,18727,0,1.0,0.598,0.749,0.0,16.562,0.0
1784040652.181188,27913,0,18737,0,1.0,0.598,0.749,0.0,16.559,0.0
1784040652.1871068,27913,0,18747,0,1.0,0.598,0.749,0.0,16.556,0.0
1784040652.1919818,27913,0,18757,0,1.0,0.598,0.749,0.0,16.553,0.0
1784040652.2003276,27913,0,18767,0,1.0,0.598,0.748,0.0,16.55,0.0
1784040652.2065253,27913,0,18777,0,1.0,0.598,0.748,0.0,16.548,0.0
1784040652.2118344,27913,0,18787,0,1.0,0.598,0.748,0.0,16.545,0.0
1784040652.2173438,27913,0,18797,0,1.0,0.598,0.748,0.0,16.542,0.0
1784040652.221775,27913,0,18807,0,1.0,0.597,0.748,0.0,16.539,0.0
1784040652.2271693,27913,0,18817,0,1.0,0.597,0.748,0.0,16.536,0.0
1784040652.2336216,27913,0,18827,0,1.0,0.597,0.748,0.0,16.533,0.0
1784040652.2397904,27913,0,18837,0,1.0,0.597,0.748,0.0,16.531,0.0
1784040652.2455363,27913,0,18847,0,1.0,0.597,0.748,0.0,16.528,0.0
1784040652.25038,27913,0,18857,0,1.0,0.597,0.748,0.0,16.525,0.0
1784040652.261751,27913,0,18867,0,1.0,0.597,0.747,0.0,16.522,0.0
1784040652.2662945,27913,0,18877,0,1.0,0.597,0.747,0.0,16.519,0.0
1784040652.2723181,27913,0,18887,0,1.0,0.596,0.747,0.0,16.516,0.0
1784040652.2791982,27913,0,18897,0,1.0,0.596,0.747,0.0,16.514,0.0
1784040652.2873662,27913,0,18907,0,1.0,0.596,0.747,0.0,16.511,0.0
1784040652.2938378,27913,0,18917,0,1.0,0.596,0.747,0.0,16.508,0.0
1784040652.300111,27913,0,18927,0,1.0,0.596,0.747,0.0,16.505,0.0
1784040652.3053744,27913,0,18937,0,1.0,0.596,0.747,0.0,16.502,0.0
1784040652.3098085,27913,0,18947,0,1.0,0.596,0.747,0.0,16.5,0.0
1784040652.3143082,27913,0,18957,0,1.0,0.596,0.747,0.0,16.497,0.0
1784040652.3190336,27913,0,18967,0,1.0,0.595,0.746,0.0,16.494,0.0
1784040652.3252282,27913,0,18977,0,1.0,0.595,0.746,0.0,16.491,0.0
1784040652.331012,27913,0,18987,0,1.0,0.595,0.746,0.0,16.488,0.0
1784040652.3360605,27913,0,18997,0,1.0,0.595,0.746,0.0,16.486,0.0
1784040652.3405204,27913,0,19007,0,1.0,0.595,0.746,0.0,16.483,0.0
1784040652.3441083,27913,0,19017,0,1.0,0.595,0.746,0.0,16.48,0.0
1784040652.347328,27913,0,19027,0,1.0,0.595,0.746,0.0,16.477,0.0
1784040652.354483,27913,0,19037,0,1.0,0.595,0.746,0.0,16.475,0.0
1784040652.3596673,27913,0,19047,0,1.0,0.594,0.746,0.0,16.472,0.0
1784040652.3656244,27913,0,19057,0,1.0,0.594,0.746,0.0,16.469,0.0
1784040652.3724406,27913,0,19067,0,1.0,0.594,0.745,0.0,16.466,0.0
1784040652.3779001,27913,0,19077,0,1.0,0.594,0.745,0.0,16.464,0.0
1784040652.382797,27913,0,19087,0,1.0,0.594,0.745,0.0,16.461,0.0
1784040652.3948367,27913,0,19097,0,1.0,0.594,0.745,0.0,16.458,0.0
1784040652.4027479,27913,0,19107,0,1.0,0.594,0.745,0.0,16.455,0.0
1784040652.4078674,27913,0,19117,0,1.0,0.594,0.745,0.0,16.453,0.0
1784040652.4124293,27913,0,19127,0,1.0,0.593,0.745,0.0,16.45,0.0
1784040652.420308,27913,0,19137,0,1.0,0.593,0.745,0.0,16.447,0.0
1784040652.4263446,27913,0,19147,0,1.0,0.593,0.745,0.0,16.444,0.0
1784040652.43096,27913,0,19157,0,1.0,0.593,0.745,0.0,16.442,0.0
1784040652.436407,27913,0,19167,0,1.0,0.593,0.744,0.0,16.439,0.0
1784040652.441642,27913,0,19177,0,1.0,0.593,0.744,0.0,16.436,0.0
1784040652.4471161,27913,0,19187,0,1.0,0.593,0.744,0.0,16.433,0.0
1784040652.4522266,27913,0,19197,0,1.0,0.593,0.744,0.0,16.431,0.0
1784040652.4579647,27913,0,19207,0,1.0,0.592,0.744,0.0,16.428,0.0
1784040652.4636347,27913,0,19217,0,1.0,0.592,0.744,0.0,16.425,0.0
1784040652.4684536,27913,0,19227,0,1.0,0.592,0.744,0.0,16.423,0.0
1784040652.472481,27913,0,19237,0,1.0,0.592,0.744,0.0,16.42,0.0
1784040652.4772418,27913,0,19247,0,1.0,0.592,0.744,0.0,16.417,0.0
1784040652.4838371,27913,0,19257,0,1.0,0.592,0.744,0.0,16.414,0.0
1784040652.4884949,27913,0,19267,0,1.0,0.592,0.743,0.0,16.412,0.0
1784040652.49566,27913,0,19277,0,1.0,0.592,0.743,0.0,16.409,0.0
1784040652.5009463,27913,0,19287,0,1.0,0.591,0.743,0.0,16.406,0.0
1784040652.5063584,27913,0,19297,0,1.0,0.591,0.743,0.0,16.404,0.0
1784040652.515193,27913,0,19307,0,1.0,0.591,0.743,0.0,16.401,0.0
1784040652.5231488,27913,0,19317,0,1.0,0.591,0.743,0.0,16.398,0.0
1784040652.5290248,27913,0,19327,0,1.0,0.591,0.743,0.0,16.396,0.0
1784040652.5358675,27913,0,19337,0,1.0,0.591,0.743,0.0,16.393,0.0
1784040652.542111,27913,0,19347,0,1.0,0.591,0.743,0.0,16.39,0.0
1784040652.5476544,27913,0,19357,0,1.0,0.591,0.743,0.0,16.388,0.0
1784040652.5519385,27913,0,19367,0,1.0,0.59,0.742,0.0,16.385,0.0
1784040652.5579278,27913,0,19377,0,1.0,0.59,0.742,0.0,16.382,0.0
1784040652.563867,27913,0,19387,0,1.0,0.59,0.742,0.0,16.38,0.0
1784040652.5690773,27913,0,19397,0,1.0,0.59,0.742,0.0,16.377,0.0
1784040652.5743632,27913,0,19407,0,1.0,0.59,0.742,0.0,16.374,0.0
1784040652.579597,27913,0,19417,0,1.0,0.59,0.742,0.0,16.372,0.0
1784040652.5836601,27913,0,19427,0,1.0,0.59,0.742,0.0,16.369,0.0
1784040652.5880837,27913,0,19437,0,1.0,0.59,0.742,0.0,16.366,0.0
1784040652.5928814,27913,0,19447,0,1.0,0.589,0.742,0.0,16.364,0.0
1784040652.5980384,27913,0,19457,0,1.0,0.589,0.742,0.0,16.361,0.0
1784040652.6052153,27913,0,19467,0,1.0,0.589,0.741,0.0,16.358,0.0
1784040652.6116543,27913,0,19477,0,1.0,0.589,0.741,0.0,16.356,0.0
1784040652.6179266,27913,0,19487,0,1.0,0.589,0.741,0.0,16.353,0.0
1784040652.6226892,27913,0,19497,0,1.0,0.589,0.741,0.0,16.35,0.0
1784040652.6282814,27913,0,19507,0,1.0,0.589,0.741,0.0,16.348,0.0
1784040652.6332803,27913,0,19517,0,1.0,0.589,0.741,0.0,16.345,0.0
1784040652.6377902,27913,0,19527,0,1.0,0.588,0.741,0.0,16.342,0.0
1784040652.6429877,27913,0,19537,0,1.0,0.588,0.741,0.0,16.34,0.0
1784040652.6481056,27913,0,19547,0,1.0,0.588,0.741,0.0,16.337,0.0
1784040652.6528575,27913,0,19557,0,1.0,0.588,0.741,0.0,16.335,0.0
1784040652.6590617,27913,0,19567,0,1.0,0.588,0.74,0.0,16.332,0.0
1784040652.6642253,27913,0,19577,0,1.0,0.588,0.74,0.0,16.329,0.0
1784040652.670965,27913,0,19587,0,1.0,0.588,0.74,0.0,16.327,0.0
1784040652.676403,27913,0,19597,0,1.0,0.588,0.74,0.0,16.324,0.0
1784040652.6814818,27913,0,19607,0,1.0,0.587,0.74,0.0,16.321,0.0
1784040652.6868074,27913,0,19617,0,1.0,0.587,0.74,0.0,16.319,0.0
1784040652.6915288,27913,0,19627,0,1.0,0.587,0.74,0.0,16.316,0.0
1784040652.6955943,27913,0,19637,0,1.0,0.587,0.74,0.0,16.314,0.0
1784040652.7015064,27913,0,19647,0,1.0,0.587,0.74,0.0,16.311,0.0
1784040652.7059767,27913,0,19657,0,1.0,0.587,0.74,0.0,16.308,0.0
1784040652.7107875,27913,0,19667,0,1.0,0.587,0.739,0.0,16.306,0.0
1784040652.716253,27913,0,19677,0,1.0,0.587,0.739,0.0,16.303,0.0
1784040652.7221313,27913,0,19687,0,1.0,0.586,0.739,0.0,16.301,0.0
1784040652.7265136,27913,0,19697,0,1.0,0.586,0.739,0.0,16.298,0.0
1784040652.7347553,27913,0,19707,0,1.0,0.586,0.739,0.0,16.295,0.0
1784040652.7395968,27913,0,19717,0,1.0,0.586,0.739,0.0,16.293,0.0
1784040652.7454195,27913,0,19727,0,1.0,0.586,0.739,0.0,16.29,0.0
1784040652.7514553,27913,0,19737,0,1.0,0.586,0.739,0.0,16.288,0.0
1784040652.758326,27913,0,19747,0,1.0,0.586,0.739,0.0,16.285,0.0
1784040652.7670572,27913,0,19757,0,1.0,0.586,0.739,0.0,16.283,0.0
1784040652.7735612,27913,0,19767,0,1.0,0.585,0.739,0.0,16.28,0.0
1784040652.7798085,27913,0,19777,0,1.0,0.585,0.738,0.0,16.277,0.0
1784040652.7856934,27913,0,19787,0,1.0,0.585,0.738,0.0,16.275,0.0
1784040652.7928069,27913,0,19797,0,1.0,0.585,0.738,0.0,16.272,0.0
1784040652.7979414,27913,0,19807,0,1.0,0.585,0.738,0.0,16.27,0.0
1784040652.802561,27913,0,19817,0,1.0,0.585,0.738,0.0,16.267,0.0
1784040652.808947,27913,0,19827,0,1.0,0.585,0.738,0.0,16.265,0.0
1784040652.8146422,27913,0,19837,0,1.0,0.585,0.738,0.0,16.262,0.0
1784040652.819027,27913,0,19847,0,1.0,0.584,0.738,0.0,16.259,0.0
1784040652.8270104,27913,0,19857,0,1.0,0.584,0.738,0.0,16.257,0.0
1784040652.8348773,27913,0,19867,0,1.0,0.584,0.738,0.0,16.254,0.0
1784040652.8421497,27913,0,19877,0,1.0,0.584,0.737,0.0,16.252,0.0
1784040652.8466325,27913,0,19887,0,1.0,0.584,0.737,0.0,16.249,0.0
1784040652.8522542,27913,0,19897,0,1.0,0.584,0.737,0.0,16.247,0.0
1784040652.8586202,27913,0,19907,0,1.0,0.584,0.737,0.0,16.244,0.0
1784040652.8649514,27913,0,19917,0,1.0,0.584,0.737,0.0,16.242,0.0
1784040652.8696983,27913,0,19927,0,1.0,0.583,0.737,0.0,16.239,0.0
1784040652.8745186,27913,0,19937,0,1.0,0.583,0.737,0.0,16.236,0.0
1784040652.8799527,27913,0,19947,0,1.0,0.583,0.737,0.0,16.234,0.0
1784040652.8869686,27913,0,19957,0,1.0,0.583,0.737,0.0,16.231,0.0
1784040652.8925188,27913,0,19967,0,1.0,0.583,0.737,0.0,16.229,0.0
1784040652.897895,27913,0,19977,0,1.0,0.583,0.736,0.0,16.226,0.0
1784040652.9047284,27913,0,19987,0,1.0,0.583,0.736,0.0,16.224,0.0
1784040652.912336,27913,0,19997,0,1.0,0.583,0.736,0.0,16.221,0.0
1784040652.921094,27913,0,20007,0,1.0,0.582,0.736,0.0,16.219,0.0
1784040652.9263198,27913,0,20017,0,1.0,0.582,0.736,0.0,16.216,0.0
1784040652.93367,27913,0,20027,0,1.0,0.582,0.736,0.0,16.213,0.0
1784040652.9395628,27913,0,20037,0,1.0,0.582,0.736,0.0,16.211,0.0
1784040652.944932,27913,0,20047,0,1.0,0.582,0.736,0.0,16.208,0.0
1784040652.9528675,27913,0,20057,0,1.0,0.582,0.736,0.0,16.206,0.0
1784040652.957735,27913,0,20067,0,1.0,0.582,0.736,0.0,16.203,0.0
1784040652.9638124,27913,0,20077,0,1.0,0.582,0.735,0.0,16.201,0.0
1784040652.9698298,27913,0,20087,0,1.0,0.582,0.735,0.0,16.198,0.0
1784040652.9747882,27913,0,20097,0,1.0,0.581,0.735,0.0,16.196,0.0
1784040652.9837863,27913,0,20107,0,1.0,0.581,0.735,0.0,16.193,0.0
1784040652.9912586,27913,0,20117,0,1.0,0.581,0.735,0.0,16.191,0.0
1784040652.9972165,27913,0,20127,0,1.0,0.581,0.735,0.0,16.188,0.0
1784040653.0019922,27913,0,20137,0,1.0,0.581,0.735,0.0,16.186,0.0
1784040653.0070043,27913,0,20147,0,1.0,0.581,0.735,0.0,16.183,0.0
1784040653.0128818,27913,0,20157,0,1.0,0.581,0.735,0.0,16.181,0.0
1784040653.0188272,27913,0,20167,0,1.0,0.581,0.735,0.0,16.178,0.0
1784040653.0249524,27913,0,20177,0,1.0,0.58,0.735,0.0,16.176,0.0
1784040653.030966,27913,0,20187,0,1.0,0.58,0.734,0.0,16.173,0.0
1784040653.0379558,27913,0,20197,0,1.0,0.58,0.734,0.0,16.171,0.0
1784040653.0482488,27913,0,20207,0,1.0,0.58,0.734,0.0,16.168,0.0
1784040653.0526657,27913,0,20217,0,1.0,0.58,0.734,0.0,16.166,0.0
1784040653.057994,27913,0,20227,0,1.0,0.58,0.734,0.0,16.163,0.0
1784040653.0633745,27913,0,20237,0,1.0,0.58,0.734,0.0,16.161,0.0
1784040653.0689087,27913,0,20247,0,1.0,0.58,0.734,0.0,16.158,0.0
1784040653.075743,27913,0,20257,0,1.0,0.579,0.734,0.0,16.156,0.0
1784040653.0813901,27913,0,20267,0,1.0,0.579,0.734,0.0,16.153,0.0
1784040653.087513,27913,0,20277,0,1.0,0.579,0.734,0.0,16.151,0.0
1784040653.0928078,27913,0,20287,0,1.0,0.579,0.733,0.0,16.148,0.0
1784040653.0986161,27913,0,20297,0,1.0,0.579,0.733,0.0,16.146,0.0
1784040653.103955,27913,0,20307,0,1.0,0.579,0.733,0.0,16.143,0.0
1784040653.1095724,27913,0,20317,0,1.0,0.579,0.733,0.0,16.141,0.0
1784040653.1174943,27913,0,20327,0,1.0,0.579,0.733,0.0,16.138,0.0
1784040653.1225836,27913,0,20337,0,1.0,0.579,0.733,0.0,16.136,0.0
1784040653.1269403,27913,0,20347,0,1.0,0.578,0.733,0.0,16.134,0.0
1784040653.131648,27913,0,20357,0,1.0,0.578,0.733,0.0,16.131,0.0
1784040653.137818,27913,0,20367,0,1.0,0.578,0.733,0.0,16.129,0.0
1784040653.1435328,27913,0,20377,0,1.0,0.578,0.733,0.0,16.126,0.0
1784040653.148509,27913,0,20387,0,1.0,0.578,0.732,0.0,16.124,0.0
1784040653.1536865,27913,0,20397,0,1.0,0.578,0.732,0.0,16.121,0.0
1784040653.1586542,27913,0,20407,0,1.0,0.578,0.732,0.0,16.119,0.0
1784040653.1642516,27913,0,20417,0,1.0,0.578,0.732,0.0,16.116,0.0
1784040653.1709201,27913,0,20427,0,1.0,0.577,0.732,0.0,16.114,0.0
1784040653.175739,27913,0,20437,0,1.0,0.577,0.732,0.0,16.112,0.0
1784040653.1815693,27913,0,20447,0,1.0,0.577,0.732,0.0,16.109,0.0
1784040653.188559,27913,0,20457,0,1.0,0.577,0.732,0.0,16.107,0.0
1784040653.1945474,27913,0,20467,0,1.0,0.577,0.732,0.0,16.104,0.0
1784040653.2049577,27913,0,20477,0,1.0,0.577,0.732,0.0,16.102,0.0
1784040653.2133536,27913,0,20487,0,1.0,0.577,0.732,0.0,16.099,0.0
1784040653.2199755,27913,0,20497,0,1.0,0.577,0.731,0.0,16.097,0.0
1784040653.2261958,27913,0,20507,0,1.0,0.576,0.731,0.0,16.095,0.0
1784040653.2311783,27913,0,20517,0,1.0,0.576,0.731,0.0,16.092,0.0
1784040653.238475,27913,0,20527,0,1.0,0.576,0.731,0.0,16.089,0.0
1784040653.2439325,27913,0,20537,0,1.0,0.576,0.731,0.0,16.086,0.0
1784040653.2491639,27913,0,20547,0,1.0,0.576,0.731,0.0,16.083,0.0
1784040653.254363,27913,0,20557,0,1.0,0.576,0.731,0.0,16.08,0.0
1784040653.2605338,27913,0,20567,0,1.0,0.576,0.731,0.0,16.077,0.0
1784040653.267756,27913,0,20577,0,1.0,0.576,0.731,0.0,16.075,0.0
1784040653.27455,27913,0,20587,0,1.0,0.576,0.731,0.0,16.072,0.0
1784040653.2831573,27913,0,20597,0,1.0,0.575,0.73,0.0,16.069,0.0
1784040653.2886536,27913,0,20607,0,1.0,0.575,0.73,0.0,16.066,0.0
1784040653.2951884,27913,0,20617,0,1.0,0.575,0.73,0.0,16.063,0.0
1784040653.2996967,27913,0,20627,0,1.0,0.575,0.73,0.0,16.06,0.0
1784040653.3044982,27913,0,20637,0,1.0,0.575,0.73,0.0,16.057,0.0
1784040653.309394,27913,0,20647,0,1.0,0.575,0.73,0.0,16.054,0.0
1784040653.3169787,27913,0,20657,0,1.0,0.575,0.73,0.0,16.051,0.0
1784040653.3235042,27913,0,20667,0,1.0,0.575,0.73,0.0,16.049,0.0
1784040653.3314805,27913,0,20677,0,1.0,0.574,0.73,0.0,16.046,0.0
1784040653.3365552,27913,0,20687,0,1.0,0.574,0.73,0.0,16.043,0.0
1784040653.341669,27913,0,20697,0,1.0,0.574,0.73,0.0,16.04,0.0
1784040653.3516874,27913,0,20707,0,1.0,0.574,0.729,0.0,16.037,0.0
1784040653.3597333,27913,0,20717,0,1.0,0.574,0.729,0.0,16.034,0.0
1784040653.3652065,27913,0,20727,0,1.0,0.574,0.729,0.0,16.031,0.0
1784040653.3706071,27913,0,20737,0,1.0,0.574,0.729,0.0,16.028,0.0
1784040653.3759568,27913,0,20747,0,1.0,0.574,0.729,0.0,16.026,0.0
1784040653.3816633,27913,0,20757,0,1.0,0.574,0.729,0.0,16.023,0.0
1784040653.3877869,27913,0,20767,0,1.0,0.573,0.729,0.0,16.02,0.0
1784040653.39228,27913,0,20777,0,1.0,0.573,0.729,0.0,16.017,0.0
1784040653.39695,27913,0,20787,0,1.0,0.573,0.729,0.0,16.014,0.0
1784040653.4015439,27913,0,20797,0,1.0,0.573,0.729,0.0,16.011,0.0
1784040653.406492,27913,0,20807,0,1.0,0.573,0.728,0.0,16.008,0.0
1784040653.4111516,27913,0,20817,0,1.0,0.573,0.728,0.0,16.006,0.0
1784040653.415721,27913,0,20827,0,1.0,0.573,0.728,0.0,16.003,0.0
1784040653.423736,27913,0,20837,0,1.0,0.573,0.728,0.0,16.0,0.0
1784040653.4285977,27913,0,20847,0,1.0,0.572,0.728,0.0,15.997,0.0
1784040653.4333136,27913,0,20857,0,1.0,0.572,0.728,0.0,15.994,0.0
1784040653.440105,27913,0,20867,0,1.0,0.572,0.728,0.0,15.991,0.0
1784040653.4453962,27913,0,20877,0,1.0,0.572,0.728,0.0,15.989,0.0
1784040653.4504864,27913,0,20887,0,1.0,0.572,0.728,0.0,15.986,0.0
1784040653.4555697,27913,0,20897,0,1.0,0.572,0.728,0.0,15.983,0.0
1784040653.4614406,27913,0,20907,0,1.0,0.572,0.728,0.0,15.98,0.0
1784040653.4684134,27913,0,20917,0,1.0,0.572,0.727,0.0,15.977,0.0
1784040653.4731252,27913,0,20927,0,1.0,0.572,0.727,0.0,15.974,0.0
1784040653.4781826,27913,0,20937,0,1.0,0.571,0.727,0.0,15.972,0.0
1784040653.484028,27913,0,20947,0,1.0,0.571,0.727,0.0,15.969,0.0
1784040653.4910219,27913,0,20957,0,1.0,0.571,0.727,0.0,15.966,0.0
1784040653.4997532,27913,0,20967,0,1.0,0.571,0.727,0.0,15.963,0.0
1784040653.5049305,27913,0,20977,0,1.0,0.571,0.727,0.0,15.96,0.0
1784040653.5104938,27913,0,20987,0,1.0,0.571,0.727,0.0,15.958,0.0
1784040653.5151973,27913,0,20997,0,1.0,0.571,0.727,0.0,15.955,0.0
1784040653.5201519,27913,0,21007,0,1.0,0.571,0.727,0.0,15.952,0.0
1784040653.5270796,27913,0,21017,0,1.0,0.57,0.726,0.0,15.949,0.0
1784040653.5341234,27913,0,21027,0,1.0,0.57,0.726,0.0,15.946,0.0
1784040653.5386288,27913,0,21037,0,1.0,0.57,0.726,0.0,15.944,0.0
1784040653.5451214,27913,0,21047,0,1.0,0.57,0.726,0.0,15.941,0.0
1784040653.5507162,27913,0,21057,0,1.0,0.57,0.726,0.0,15.938,0.0
1784040653.555864,27913,0,21067,0,1.0,0.57,0.726,0.0,15.935,0.0
1784040653.560885,27913,0,21077,0,1.0,0.57,0.726,0.0,15.933,0.0
1784040653.5665698,27913,0,21087,0,1.0,0.57,0.726,0.0,15.93,0.0
1784040653.5722122,27913,0,21097,0,1.0,0.57,0.726,0.0,15.927,0.0
1784040653.5771754,27913,0,21107,0,1.0,0.569,0.726,0.0,15.924,0.0
1784040653.5824132,27913,0,21117,0,1.0,0.569,0.726,0.0,15.922,0.0
1784040653.5872738,27913,0,21127,0,1.0,0.569,0.725,0.0,15.919,0.0
1784040653.593581,27913,0,21137,0,1.0,0.569,0.725,0.0,15.916,0.0
1784040653.597833,27913,0,21147,0,1.0,0.569,0.725,0.0,15.913,0.0
1784040653.6027808,27913,0,21157,0,1.0,0.569,0.725,0.0,15.91,0.0
1784040653.613142,27913,0,21167,0,1.0,0.569,0.725,0.0,15.908,0.0
1784040653.6244786,27913,0,21177,0,1.0,0.569,0.725,0.0,15.905,0.0
1784040653.6307986,27913,0,21187,0,1.0,0.568,0.725,0.0,15.902,0.0
1784040653.6384513,27913,0,21197,0,1.0,0.568,0.725,0.0,15.899,0.0
1784040653.645476,27913,0,21207,0,1.0,0.568,0.725,0.0,15.897,0.0
1784040653.6511407,27913,0,21217,0,1.0,0.568,0.725,0.0,15.894,0.0
1784040653.6569464,27913,0,21227,0,1.0,0.568,0.725,0.0,15.891,0.0
1784040653.6625628,27913,0,21237,0,1.0,0.568,0.724,0.0,15.889,0.0
1784040653.6672945,27913,0,21247,0,1.0,0.568,0.724,0.0,15.886,0.0
1784040653.6718993,27913,0,21257,0,1.0,0.568,0.724,0.0,15.883,0.0
1784040653.677375,27913,0,21267,0,1.0,0.568,0.724,0.0,15.88,0.0
1784040653.6872344,27913,0,21277,0,1.0,0.567,0.724,0.0,15.878,0.0
1784040653.6925457,27913,0,21287,0,1.0,0.567,0.724,0.0,15.875,0.0
1784040653.6978483,27913,0,21297,0,1.0,0.567,0.724,0.0,15.872,0.0
1784040653.7045183,27913,0,21307,0,1.0,0.567,0.724,0.0,15.869,0.0
1784040653.7100816,27913,0,21317,0,1.0,0.567,0.724,0.0,15.867,0.0
1784040653.7151794,27913,0,21327,0,1.0,0.567,0.724,0.0,15.864,0.0
1784040653.7200425,27913,0,21337,0,1.0,0.567,0.723,0.0,15.861,0.0
1784040653.7246299,27913,0,21347,0,1.0,0.567,0.723,0.0,15.859,0.0
1784040653.7338111,27913,0,21357,0,1.0,0.567,0.723,0.0,15.856,0.0
1784040653.7396038,27913,0,21367,0,1.0,0.566,0.723,0.0,15.853,0.0
1784040653.7446406,27913,0,21377,0,1.0,0.566,0.723,0.0,15.851,0.0
1784040653.7501051,27913,0,21387,0,1.0,0.566,0.723,0.0,15.848,0.0
1784040653.7546365,27913,0,21397,0,1.0,0.566,0.723,0.0,15.845,0.0
1784040653.7583883,27913,0,21407,0,1.0,0.566,0.723,0.0,15.842,0.0
1784040653.7629895,27913,0,21417,0,1.0,0.566,0.723,0.0,15.84,0.0
1784040653.768957,27913,0,21427,0,1.0,0.566,0.723,0.0,15.837,0.0
1784040653.7751977,27913,0,21437,0,1.0,0.566,0.723,0.0,15.834,0.0
1784040653.7806103,27913,0,21447,0,1.0,0.565,0.722,0.0,15.832,0.0
1784040653.7880177,27913,0,21457,0,1.0,0.565,0.722,0.0,15.829,0.0
1784040653.794654,27913,0,21467,0,1.0,0.565,0.722,0.0,15.826,0.0
1784040653.8009925,27913,0,21477,0,1.0,0.565,0.722,0.0,15.824,0.0
1784040653.8067875,27913,0,21487,0,1.0,0.565,0.722,0.0,15.821,0.0
1784040653.8126564,27913,0,21497,0,1.0,0.565,0.722,0.0,15.818,0.0
1784040653.8193922,27913,0,21507,0,1.0,0.565,0.722,0.0,15.816,0.0
1784040653.8255386,27913,0,21517,0,1.0,0.565,0.722,0.0,15.813,0.0
1784040653.830376,27913,0,21527,0,1.0,0.565,0.722,0.0,15.81,0.0
1784040653.8368857,27913,0,21537,0,1.0,0.564,0.722,0.0,15.808,0.0
1784040653.8421974,27913,0,21547,0,1.0,0.564,0.722,0.0,15.805,0.0
1784040653.8473825,27913,0,21557,0,1.0,0.564,0.721,0.0,15.803,0.0
1784040653.8519557,27913,0,21567,0,1.0,0.564,0.721,0.0,15.8,0.0
1784040653.8575573,27913,0,21577,0,1.0,0.564,0.721,0.0,15.797,0.0
1784040653.8631206,27913,0,21587,0,1.0,0.564,0.721,0.0,15.795,0.0
1784040653.869206,27913,0,21597,0,1.0,0.564,0.721,0.0,15.792,0.0
1784040653.8738487,27913,0,21607,0,1.0,0.564,0.721,0.0,15.789,0.0
1784040653.8781588,27913,0,21617,0,1.0,0.564,0.721,0.0,15.787,0.0
1784040653.881837,27913,0,21627,0,1.0,0.563,0.721,0.0,15.784,0.0
1784040653.8894415,27913,0,21637,0,1.0,0.563,0.721,0.0,15.782,0.0
1784040653.8955042,27913,0,21647,0,1.0,0.563,0.721,0.0,15.779,0.0
1784040653.904398,27913,0,21657,0,1.0,0.563,0.72,0.0,15.776,0.0
1784040653.9093125,27913,0,21667,0,1.0,0.563,0.72,0.0,15.774,0.0
1784040653.9150507,27913,0,21677,0,1.0,0.563,0.72,0.0,15.771,0.0
1784040653.9196837,27913,0,21687,0,1.0,0.563,0.72,0.0,15.768,0.0
1784040653.9259381,27913,0,21697,0,1.0,0.563,0.72,0.0,15.766,0.0
1784040653.9320092,27913,0,21707,0,1.0,0.563,0.72,0.0,15.763,0.0
1784040653.9378028,27913,0,21717,0,1.0,0.562,0.72,0.0,15.761,0.0
1784040653.9440353,27913,0,21727,0,1.0,0.562,0.72,0.0,15.758,0.0
1784040653.9519124,27913,0,21737,0,1.0,0.562,0.72,0.0,15.755,0.0
1784040653.9604318,27913,0,21747,0,1.0,0.562,0.72,0.0,15.753,0.0
1784040653.965207,27913,0,21757,0,1.0,0.562,0.72,0.0,15.75,0.0
1784040653.970562,27913,0,21767,0,1.0,0.562,0.719,0.0,15.748,0.0
1784040653.9761748,27913,0,21777,0,1.0,0.562,0.719,0.0,15.745,0.0
1784040653.9822626,27913,0,21787,0,1.0,0.562,0.719,0.0,15.742,0.0
1784040653.9867446,27913,0,21797,0,1.0,0.562,0.719,0.0,15.74,0.0
1784040653.9912271,27913,0,21807,0,1.0,0.561,0.719,0.0,15.737,0.0
1784040653.9952323,27913,0,21817,0,1.0,0.561,0.719,0.0,15.735,0.0
1784040654.0003483,27913,0,21827,0,1.0,0.561,0.719,0.0,15.732,0.0
1784040654.005957,27913,0,21837,0,1.0,0.561,0.719,0.0,15.729,0.0
1784040654.0121012,27913,0,21847,0,1.0,0.561,0.719,0.0,15.727,0.0
1784040654.0175107,27913,0,21857,0,1.0,0.561,0.719,0.0,15.724,0.0
1784040654.0226834,27913,0,21867,0,1.0,0.561,0.719,0.0,15.722,0.0
1784040654.02742,27913,0,21877,0,1.0,0.561,0.718,0.0,15.719,0.0
1784040654.0324135,27913,0,21887,0,1.0,0.561,0.718,0.0,15.717,0.0
1784040654.0366306,27913,0,21897,0,1.0,0.56,0.718,0.0,15.714,0.0
1784040654.0426483,27913,0,21907,0,1.0,0.56,0.718,0.0,15.712,0.0
1784040654.048375,27913,0,21917,0,1.0,0.56,0.718,0.0,15.709,0.0
1784040654.0535147,27913,0,21927,0,1.0,0.56,0.718,0.0,15.706,0.0
1784040654.058115,27913,0,21937,0,1.0,0.56,0.718,0.0,15.704,0.0
1784040654.0621305,27913,0,21947,0,1.0,0.56,0.718,0.0,15.701,0.0
1784040654.0699441,27913,0,21957,0,1.0,0.56,0.718,0.0,15.699,0.0
1784040654.078706,27913,0,21967,0,1.0,0.56,0.718,0.0,15.696,0.0
1784040654.0861428,27913,0,21977,0,1.0,0.559,0.718,0.0,15.694,0.0
1784040654.0918477,27913,0,21987,0,1.0,0.559,0.717,0.0,15.691,0.0
1784040654.096782,27913,0,21997,0,1.0,0.559,0.717,0.0,15.689,0.0
1784040654.10098,27913,0,22007,0,1.0,0.559,0.717,0.0,15.686,0.0
1784040654.1049917,27913,0,22017,0,1.0,0.559,0.717,0.0,15.684,0.0
1784040654.1116064,27913,0,22027,0,1.0,0.559,0.717,0.0,15.681,0.0
1784040654.119206,27913,0,22037,0,1.0,0.559,0.717,0.0,15.679,0.0
1784040654.1240332,27913,0,22047,0,1.0,0.559,0.717,0.0,15.676,0.0
1784040654.128154,27913,0,22057,0,1.0,0.559,0.717,0.0,15.673,0.0
1784040654.1341105,27913,0,22067,0,1.0,0.558,0.717,0.0,15.671,0.0
1784040654.1402316,27913,0,22077,0,1.0,0.558,0.717,0.0,15.668,0.0
1784040654.1455104,27913,0,22087,0,1.0,0.558,0.717,0.0,15.666,0.0
1784040654.150277,27913,0,22097,0,1.0,0.558,0.716,0.0,15.663,0.0
1784040654.1550431,27913,0,22107,0,1.0,0.558,0.716,0.0,15.661,0.0
1784040654.1605647,27913,0,22117,0,1.0,0.558,0.716,0.0,15.658,0.0
1784040654.1660569,27913,0,22127,0,1.0,0.558,0.716,0.0,15.656,0.0
1784040654.1716125,27913,0,22137,0,1.0,0.558,0.716,0.0,15.653,0.0
1784040654.1766822,27913,0,22147,0,1.0,0.558,0.716,0.0,15.651,0.0
1784040654.1811404,27913,0,22157,0,1.0,0.557,0.716,0.0,15.648,0.0
1784040654.188071,27913,0,22167,0,1.0,0.557,0.716,0.0,15.646,0.0
1784040654.1952999,27913,0,22177,0,1.0,0.557,0.716,0.0,15.643,0.0
1784040654.201286,27913,0,22187,0,1.0,0.557,0.716,0.0,15.641,0.0
1784040654.2134018,27913,0,22197,0,1.0,0.557,0.716,0.0,15.638,0.0
1784040654.2187006,27913,0,22207,0,1.0,0.557,0.715,0.0,15.636,0.0
1784040654.2236958,27913,0,22217,0,1.0,0.557,0.715,0.0,15.634,0.0
1784040654.23105,27913,0,22227,0,1.0,0.557,0.715,0.0,15.631,0.0
1784040654.2381694,27913,0,22237,0,1.0,0.557,0.715,0.0,15.629,0.0
1784040654.2449796,27913,0,22247,0,1.0,0.556,0.715,0.0,15.626,0.0
1784040654.2564404,27913,0,22257,0,1.0,0.556,0.715,0.0,15.624,0.0
1784040654.2657626,27913,0,22267,0,1.0,0.556,0.715,0.0,15.621,0.0
1784040654.2718,27913,0,22277,0,1.0,0.556,0.715,0.0,15.619,0.0
1784040654.279427,27913,0,22287,0,1.0,0.556,0.715,0.0,15.616,0.0
1784040654.2852306,27913,0,22297,0,1.0,0.556,0.715,0.0,15.614,0.0
1784040654.2930567,27913,0,22307,0,1.0,0.556,0.714,0.0,15.611,0.0
1784040654.2987702,27913,0,22317,0,1.0,0.556,0.714,0.0,15.609,0.0
1784040654.3047194,27913,0,22327,0,1.0,0.556,0.714,0.0,15.606,0.0
1784040654.3085093,27913,0,22337,0,1.0,0.555,0.714,0.0,15.604,0.0
1784040654.3127117,27913,0,22347,0,1.0,0.555,0.714,0.0,15.602,0.0
1784040654.3170092,27913,0,22357,0,1.0,0.555,0.714,0.0,15.599,0.0
1784040654.3229122,27913,0,22367,0,1.0,0.555,0.714,0.0,15.597,0.0
1784040654.3291335,27913,0,22377,0,1.0,0.555,0.714,0.0,15.594,0.0
1784040654.3338444,27913,0,22387,0,1.0,0.555,0.714,0.0,15.592,0.0
1784040654.3404424,27913,0,22397,0,1.0,0.555,0.714,0.0,15.589,0.0
1784040654.348267,27913,0,22407,0,1.0,0.555,0.714,0.0,15.587,0.0
1784040654.3550184,27913,0,22417,0,1.0,0.555,0.713,0.0,15.584,0.0
1784040654.3622441,27913,0,22427,0,1.0,0.554,0.713,0.0,15.582,0.0
1784040654.3680608,27913,0,22437,0,1.0,0.554,0.713,0.0,15.58,0.0
1784040654.3746123,27913,0,22447,0,1.0,0.554,0.713,0.0,15.577,0.0
1784040654.383497,27913,0,22457,0,1.0,0.554,0.713,0.0,15.575,0.0
1784040654.3924112,27913,0,22467,0,1.0,0.554,0.713,0.0,15.572,0.0
1784040654.4002674,27913,0,22477,0,1.0,0.554,0.713,0.0,15.57,0.0
1784040654.405341,27913,0,22487,0,1.0,0.554,0.713,0.0,15.568,0.0
1784040654.4102626,27913,0,22497,0,1.0,0.554,0.713,0.0,15.565,0.0
1784040654.420227,27913,0,22507,0,1.0,0.554,0.713,0.0,15.563,0.0
1784040654.4272847,27913,0,22517,0,1.0,0.553,0.713,0.0,15.56,0.0
1784040654.4326477,27913,0,22527,0,1.0,0.553,0.712,0.0,15.558,0.0
1784040654.4393983,27913,0,22537,0,1.0,0.553,0.712,0.0,15.555,0.0
1784040654.4443393,27913,0,22547,0,1.0,0.553,0.712,0.0,15.553,0.0
1784040654.4490256,27913,0,22557,0,1.0,0.553,0.712,0.0,15.551,0.0
1784040654.4532168,27913,0,22567,0,1.0,0.553,0.712,0.0,15.548,0.0
1784040654.4604352,27913,0,22577,0,1.0,0.553,0.712,0.0,15.546,0.0
1784040654.4661877,27913,0,22587,0,1.0,0.553,0.712,0.0,15.544,0.0
1784040654.47257,27913,0,22597,0,1.0,0.553,0.712,0.0,15.541,0.0
1784040654.4813857,27913,0,22607,0,1.0,0.553,0.712,0.0,15.539,0.0
1784040654.4890285,27913,0,22617,0,1.0,0.552,0.712,0.0,15.536,0.0
1784040654.4951165,27913,0,22627,0,1.0,0.552,0.712,0.0,15.534,0.0
1784040654.5001965,27913,0,22637,0,1.0,0.552,0.711,0.0,15.532,0.0
1784040654.506291,27913,0,22647,0,1.0,0.552,0.711,0.0,15.529,0.0
1784040654.513521,27913,0,22657,0,1.0,0.552,0.711,0.0,15.527,0.0
1784040654.519072,27913,0,22667,0,1.0,0.552,0.711,0.0,15.525,0.0
1784040654.5261881,27913,0,22677,0,1.0,0.552,0.711,0.0,15.522,0.0
1784040654.5333765,27913,0,22687,0,1.0,0.552,0.711,0.0,15.52,0.0
1784040654.5381064,27913,0,22697,0,1.0,0.552,0.711,0.0,15.517,0.0
1784040654.5465703,27913,0,22707,0,1.0,0.551,0.711,0.0,15.515,0.0
1784040654.5535567,27913,0,22717,0,1.0,0.551,0.711,0.0,15.513,0.0
1784040654.5604138,27913,0,22727,0,1.0,0.551,0.711,0.0,15.51,0.0
1784040654.5657978,27913,0,22737,0,1.0,0.551,0.711,0.0,15.508,0.0
1784040654.5790837,27913,0,22747,0,1.0,0.551,0.71,0.0,15.506,0.0
1784040654.5854852,27913,0,22757,0,1.0,0.551,0.71,0.0,15.503,0.0
1784040654.5907087,27913,0,22767,0,1.0,0.551,0.71,0.0,15.501,0.0
1784040654.5967994,27913,0,22777,0,1.0,0.551,0.71,0.0,15.499,0.0
1784040654.6035311,27913,0,22787,0,1.0,0.551,0.71,0.0,15.496,0.0
1784040654.6095,27913,0,22797,0,1.0,0.55,0.71,0.0,15.494,0.0
1784040654.615562,27913,0,22807,0,1.0,0.55,0.71,0.0,15.492,0.0
1784040654.6208067,27913,0,22817,0,1.0,0.55,0.71,0.0,15.489,0.0
1784040654.6262398,27913,0,22827,0,1.0,0.55,0.71,0.0,15.487,0.0
1784040654.6310916,27913,0,22837,0,1.0,0.55,0.71,0.0,15.485,0.0
1784040654.636328,27913,0,22847,0,1.0,0.55,0.71,0.0,15.482,0.0
1784040654.6430724,27913,0,22857,0,1.0,0.55,0.71,0.0,15.48,0.0
1784040654.6480706,27913,0,22867,0,1.0,0.55,0.709,0.0,15.478,0.0
1784040654.6525915,27913,0,22877,0,1.0,0.55,0.709,0.0,15.475,0.0
1784040654.6582208,27913,0,22887,0,1.0,0.549,0.709,0.0,15.473,0.0
1784040654.6632543,27913,0,22897,0,1.0,0.549,0.709,0.0,15.471,0.0
1784040654.6686664,27913,0,22907,0,1.0,0.549,0.709,0.0,15.469,0.0
1784040654.6735587,27913,0,22917,0,1.0,0.549,0.709,0.0,15.466,0.0
1784040654.6780384,27913,0,22927,0,1.0,0.549,0.709,0.0,15.464,0.0
1784040654.6826074,27913,0,22937,0,1.0,0.549,0.709,0.0,15.462,0.0
1784040654.689535,27913,0,22947,0,1.0,0.549,0.709,0.0,15.459,0.0
1784040654.6958232,27913,0,22957,0,1.0,0.549,0.709,0.0,15.457,0.0
1784040654.703609,27913,0,22967,0,1.0,0.549,0.709,0.0,15.455,0.0
1784040654.7089763,27913,0,22977,0,1.0,0.548,0.708,0.0,15.452,0.0
1784040654.713813,27913,0,22987,0,1.0,0.548,0.708,0.0,15.45,0.0
1784040654.7194262,27913,0,22997,0,1.0,0.548,0.708,0.0,15.448,0.0
1784040654.7242858,27913,0,23007,0,1.0,0.548,0.708,0.0,15.446,0.0
1784040654.7302449,27913,0,23017,0,1.0,0.548,0.708,0.0,15.443,0.0
1784040654.7372653,27913,0,23027,0,1.0,0.548,0.708,0.0,15.441,0.0
1784040654.7434916,27913,0,23037,0,1.0,0.548,0.708,0.0,15.439,0.0
1784040654.751896,27913,0,23047,0,1.0,0.548,0.708,0.0,15.436,0.0
1784040654.7569573,27913,0,23057,0,1.0,0.548,0.708,0.0,15.434,0.0
1784040654.7693865,27913,0,23067,0,1.0,0.548,0.708,0.0,15.432,0.0
1784040654.7751682,27913,0,23077,0,1.0,0.547,0.708,0.0,15.43,0.0
1784040654.7797415,27913,0,23087,0,1.0,0.547,0.707,0.0,15.427,0.0
1784040654.7847328,27913,0,23097,0,1.0,0.547,0.707,0.0,15.425,0.0
1784040654.7911873,27913,0,23107,0,1.0,0.547,0.707,0.0,15.423,0.0
1784040654.796258,27913,0,23117,0,1.0,0.547,0.707,0.0,15.421,0.0
1784040654.8007152,27913,0,23127,0,1.0,0.547,0.707,0.0,15.418,0.0
1784040654.805973,27913,0,23137,0,1.0,0.547,0.707,0.0,15.416,0.0
1784040654.810503,27913,0,23147,0,1.0,0.547,0.707,0.0,15.414,0.0
1784040654.8145587,27913,0,23157,0,1.0,0.547,0.707,0.0,15.412,0.0
1784040654.818837,27913,0,23167,0,1.0,0.546,0.707,0.0,15.409,0.0
1784040654.8291051,27913,0,23177,0,1.0,0.546,0.707,0.0,15.407,0.0
1784040654.83503,27913,0,23187,0,1.0,0.546,0.707,0.0,15.405,0.0
1784040654.840662,27913,0,23197,0,1.0,0.546,0.706,0.0,15.403,0.0
1784040654.8452797,27913,0,23207,0,1.0,0.546,0.706,0.0,15.4,0.0
1784040654.8686805,27913,0,23217,0,1.0,0.546,0.706,0.0,15.398,0.0
1784040654.8770726,27913,0,23227,0,1.0,0.546,0.706,0.0,15.396,0.0
1784040654.8819363,27913,0,23237,0,1.0,0.546,0.706,0.0,15.394,0.0
1784040654.893503,27913,0,23247,0,1.0,0.546,0.706,0.0,15.391,0.0
1784040654.900637,27913,0,23257,0,1.0,0.545,0.706,0.0,15.389,0.0
1784040654.9054904,27913,0,23267,0,1.0,0.545,0.706,0.0,15.387,0.0
1784040654.911596,27913,0,23277,0,1.0,0.545,0.706,0.0,15.385,0.0
1784040654.9170141,27913,0,23287,0,1.0,0.545,0.706,0.0,15.382,0.0
1784040654.9214869,27913,0,23297,0,1.0,0.545,0.706,0.0,15.38,0.0
1784040654.9298627,27913,0,23307,0,1.0,0.545,0.705,0.0,15.378,0.0
1784040654.9349875,27913,0,23317,0,1.0,0.545,0.705,0.0,15.376,0.0
1784040654.9416883,27913,0,23327,0,1.0,0.545,0.705,0.0,15.374,0.0
1784040654.9471662,27913,0,23337,0,1.0,0.545,0.705,0.0,15.371,0.0
1784040654.9537814,27913,0,23347,0,1.0,0.545,0.705,0.0,15.369,0.0
1784040654.9605484,27913,0,23357,0,1.0,0.544,0.705,0.0,15.367,0.0
1784040654.9664254,27913,0,23367,0,1.0,0.544,0.705,0.0,15.365,0.0
1784040654.9708374,27913,0,23377,0,1.0,0.544,0.705,0.0,15.363,0.0
1784040654.9751153,27913,0,23387,0,1.0,0.544,0.705,0.0,15.36,0.0
1784040654.9826982,27913,0,23397,0,1.0,0.544,0.705,0.0,15.358,0.0
1784040654.9886396,27913,0,23407,0,1.0,0.544,0.705,0.0,15.356,0.0
1784040654.993977,27913,0,23417,0,1.0,0.544,0.704,0.0,15.354,0.0
1784040654.999317,27913,0,23427,0,1.0,0.544,0.704,0.0,15.352,0.0
1784040655.0037527,27913,0,23437,0,1.0,0.544,0.704,0.0,15.349,0.0
1784040655.012253,27913,0,23447,0,1.0,0.543,0.704,0.0,15.347,0.0
1784040655.019167,27913,0,23457,0,1.0,0.543,0.704,0.0,15.345,0.0
1784040655.0234199,27913,0,23467,0,1.0,0.543,0.704,0.0,15.343,0.0
1784040655.027918,27913,0,23477,0,1.0,0.543,0.704,0.0,15.341,0.0
1784040655.0330336,27913,0,23487,0,1.0,0.543,0.704,0.0,15.338,0.0
1784040655.0379999,27913,0,23497,0,1.0,0.543,0.704,0.0,15.336,0.0
1784040655.0490117,27913,0,23507,0,1.0,0.543,0.704,0.0,15.334,0.0
1784040655.06487,27913,0,23517,0,1.0,0.543,0.704,0.0,15.332,0.0
1784040655.070042,27913,0,23527,0,1.0,0.543,0.704,0.0,15.33,0.0
1784040655.0757568,27913,0,23537,0,1.0,0.543,0.703,0.0,15.328,0.0
1784040655.0803487,27913,0,23547,0,1.0,0.542,0.703,0.0,15.325,0.0
1784040655.0846927,27913,0,23557,0,1.0,0.542,0.703,0.0,15.323,0.0
1784040655.089651,27913,0,23567,0,1.0,0.542,0.703,0.0,15.321,0.0
1784040655.0952988,27913,0,23577,0,1.0,0.542,0.703,0.0,15.319,0.0
1784040655.1040013,27913,0,23587,0,1.0,0.542,0.703,0.0,15.317,0.0
1784040655.110325,27913,0,23597,0,1.0,0.542,0.703,0.0,15.315,0.0
1784040655.1151147,27913,0,23607,0,1.0,0.542,0.703,0.0,15.312,0.0
1784040655.1194873,27913,0,23617,0,1.0,0.542,0.703,0.0,15.31,0.0
1784040655.126448,27913,0,23627,0,1.0,0.542,0.703,0.0,15.308,0.0
1784040655.1321828,27913,0,23637,0,1.0,0.541,0.703,0.0,15.306,0.0
1784040655.1372783,27913,0,23647,0,1.0,0.541,0.702,0.0,15.304,0.0
1784040655.1461017,27913,0,23657,0,1.0,0.541,0.702,0.0,15.302,0.0
1784040655.1530488,27913,0,23667,0,1.0,0.541,0.702,0.0,15.299,0.0
1784040655.158201,27913,0,23677,0,1.0,0.541,0.702,0.0,15.297,0.0
1784040655.164307,27913,0,23687,0,1.0,0.541,0.702,0.0,15.295,0.0
1784040655.1708045,27913,0,23697,0,1.0,0.541,0.702,0.0,15.293,0.0
1784040655.1778367,27913,0,23707,0,1.0,0.541,0.702,0.0,15.291,0.0
1784040655.1833272,27913,0,23717,0,1.0,0.541,0.702,0.0,15.289,0.0
1784040655.1881776,27913,0,23727,0,1.0,0.541,0.702,0.0,15.287,0.0
1784040655.1940403,27913,0,23737,0,1.0,0.54,0.702,0.0,15.285,0.0
1784040655.201282,27913,0,23747,0,1.0,0.54,0.702,0.0,15.282,0.0
1784040655.208547,27913,0,23757,0,1.0,0.54,0.701,0.0,15.28,0.0
1784040655.215772,27913,0,23767,0,1.0,0.54,0.701,0.0,15.278,0.0
1784040655.2209094,27913,0,23777,0,1.0,0.54,0.701,0.0,15.276,0.0
1784040655.225685,27913,0,23787,0,1.0,0.54,0.701,0.0,15.274,0.0
1784040655.231912,27913,0,23797,0,1.0,0.54,0.701,0.0,15.272,0.0
1784040678.4575856,27914,0,23806,0,1.0,0.54,0.701,0.0,15.27,0.0
1784040678.5372422,27924,0,23806,0,1.0,0.54,0.701,0.0,15.275,0.0
1784040678.628774,27934,0,23806,0,1.0,0.54,0.701,0.0,15.281,0.0
1784040678.6893492,27944,0,23806,0,1.0,0.54,0.701,0.0,15.287,0.0
1784040678.7553637,27954,0,23806,0,1.0,0.54,0.701,0.0,15.293,0.0
1784040678.8037205,27964,0,23806,0,1.0,0.54,0.701,0.0,15.299,0.0
1784040678.852789,27974,0,23806,0,1.0,0.54,0.702,0.0,15.305,0.0
1784040678.9259758,27984,0,23806,0,1.0,0.54,0.702,0.0,15.31,0.0
1784040678.9641922,27994,0,23806,0,1.0,0.54,0.702,0.0,15.316,0.0
1784040679.0134273,28004,0,23806,0,1.0,0.541,0.702,0.0,15.322,0.0
1784040679.0543137,28014,0,23806,0,1.0,0.541,0.702,0.0,15.328,0.0
1784040679.1009429,28024,0,23806,0,1.0,0.541,0.702,0.0,15.334,0.0
1784040679.1392696,28034,0,23806,0,1.0,0.541,0.702,0.0,15.34,0.0
1784040679.1771357,28044,0,23806,0,1.0,0.541,0.702,0.0,15.346,0.0
1784040679.207058,28054,0,23806,0,1.0,0.541,0.702,0.0,15.352,0.0
1784040679.236078,28064,0,23806,0,1.0,0.541,0.702,0.0,15.358,0.0
1784040679.2659662,28074,0,23806,0,1.0,0.541,0.702,0.0,15.363,0.0
1784040679.30758,28084,0,23806,0,1.0,0.541,0.702,0.0,15.369,0.0
1784040679.3639045,28094,0,23806,0,1.0,0.541,0.702,0.0,15.375,0.0
1784040679.4041178,28104,0,23806,0,1.0,0.541,0.702,0.0,15.381,0.0
1784040679.4234383,28114,0,23806,0,1.0,0.541,0.703,0.0,15.387,0.0
1784040679.4602706,28124,0,23806,0,1.0,0.542,0.703,0.0,15.393,0.0
1784040679.4759514,28134,0,23806,0,1.0,0.542,0.703,0.0,15.399,0.0
1784040679.5176682,28144,0,23806,0,1.0,0.542,0.703,0.0,15.405,0.0
1784040679.552423,28154,0,23806,0,1.0,0.542,0.703,0.0,15.411,0.0
1784040679.5754213,28164,0,23806,0,1.0,0.542,0.703,0.0,15.417,0.0
1784040679.6202943,28174,0,23806,0,1.0,0.542,0.703,0.0,15.423,0.0
1784040679.6656556,28184,0,23806,0,1.0,0.542,0.703,0.0,15.429,0.0
1784040679.7643855,28194,0,23806,0,1.0,0.542,0.703,0.0,15.434,0.0
1784040679.783367,28204,0,23806,0,1.0,0.542,0.703,0.0,15.44,0.0
1784040679.845209,28214,0,23806,0,1.0,0.542,0.703,0.0,15.446,0.0
1784040679.8936074,28224,0,23806,0,1.0,0.542,0.703,0.0,15.452,0.0
1784040679.934292,28234,0,23806,0,1.0,0.543,0.703,0.0,15.458,0.0
1784040679.9654264,28244,0,23806,0,1.0,0.543,0.704,0.0,15.464,0.0
1784040679.9971943,28254,0,23806,0,1.0,0.543,0.704,0.0,15.47,0.0
1784040680.051523,28264,0,23806,0,1.0,0.543,0.704,0.0,15.476,0.0
1784040680.0968752,28274,0,23806,0,1.0,0.543,0.704,0.0,15.481,0.0
1784040680.135028,28284,0,23806,0,1.0,0.543,0.704,0.0,15.487,0.0
1784040680.1751363,28294,0,23806,0,1.0,0.543,0.704,0.0,15.493,0.0
1784040680.2079825,28304,0,23806,0,1.0,0.543,0.704,0.0,15.499,0.0
1784040680.2292771,28314,0,23806,0,1.0,0.543,0.704,0.0,15.505,0.0
1784040680.2414067,28324,0,23806,0,1.0,0.543,0.704,0.0,15.511,0.0
1784040680.268588,28334,0,23806,0,1.0,0.543,0.704,0.0,15.517,0.0
1784040680.2979445,28344,0,23806,0,1.0,0.544,0.704,0.0,15.523,0.0
1784040680.3399005,28354,0,23806,0,1.0,0.544,0.704,0.0,15.529,0.0
1784040680.3866336,28364,0,23806,0,1.0,0.544,0.704,0.0,15.535,0.0
1784040680.406697,28374,0,23806,0,1.0,0.544,0.704,0.0,15.541,0.0
1784040680.451694,28384,0,23806,0,1.0,0.544,0.705,0.0,15.547,0.0
1784040680.4815533,28394,0,23806,0,1.0,0.544,0.705,0.0,15.553,0.0
1784040680.5205405,28404,0,23806,0,1.0,0.544,0.705,0.0,15.559,0.0
1784040680.5428052,28414,0,23806,0,1.0,0.544,0.705,0.0,15.565,0.0
1784040680.5692334,28424,0,23806,0,1.0,0.544,0.705,0.0,15.571,0.0
1784040680.6185193,28434,0,23806,0,1.0,0.544,0.705,0.0,15.577,0.0
1784040680.679633,28444,0,23806,0,1.0,0.544,0.705,0.0,15.583,0.0
1784040680.7239223,28454,0,23806,0,1.0,0.544,0.705,0.0,15.589,0.0
1784040680.7729392,28464,0,23806,0,1.0,0.545,0.705,0.0,15.595,0.0
1784040680.8323083,28474,0,23806,0,1.0,0.545,0.705,0.0,15.602,0.0
1784040680.9210343,28484,0,23806,0,1.0,0.545,0.705,0.0,15.608,0.0
1784040680.9535713,28494,0,23806,0,1.0,0.545,0.705,0.0,15.614,0.0
1784040680.9804482,28504,0,23806,0,1.0,0.545,0.705,0.0,15.62,0.0
1784040681.0136683,28514,0,23806,0,1.0,0.545,0.705,0.0,15.626,0.0
1784040681.0331433,28524,0,23806,0,1.0,0.545,0.706,0.0,15.632,0.0
1784040681.0740125,28534,0,23806,0,1.0,0.545,0.706,0.0,15.638,0.0
1784040681.084888,28544,0,23806,0,1.0,0.545,0.706,0.0,15.644,0.0
1784040681.1405132,28554,0,23806,0,1.0,0.545,0.706,0.0,15.65,0.0
1784040681.1772022,28564,0,23806,0,1.0,0.545,0.706,0.0,15.656,0.0
1784040681.20754,28574,0,23806,0,1.0,0.546,0.706,0.0,15.662,0.0
1784040681.2198014,28584,0,23806,0,1.0,0.546,0.706,0.0,15.668,0.0
1784040681.2551048,28594,0,23806,0,1.0,0.546,0.706,0.0,15.674,0.0
1784040681.2867496,28604,0,23806,0,1.0,0.546,0.706,0.0,15.681,0.0
1784040681.3505354,28614,0,23806,0,1.0,0.546,0.706,0.0,15.687,0.0
1784040681.3713944,28624,0,23806,0,1.0,0.546,0.706,0.0,15.693,0.0
1784040681.393611,28634,0,23806,0,1.0,0.546,0.706,0.0,15.699,0.0
1784040681.4244971,28644,0,23806,0,1.0,0.546,0.706,0.0,15.705,0.0
1784040681.475917,28654,0,23806,0,1.0,0.546,0.707,0.0,15.711,0.0
1784040681.5035279,28664,0,23806,0,1.0,0.546,0.707,0.0,15.717,0.0
1784040681.5622616,28674,0,23806,0,1.0,0.546,0.707,0.0,15.723,0.0
1784040681.5935454,28684,0,23806,0,1.0,0.546,0.707,0.0,15.729,0.0
1784040681.6515365,28694,0,23806,0,1.0,0.547,0.707,0.0,15.736,0.0
1784040681.7448714,28704,0,23806,0,1.0,0.547,0.707,0.0,15.742,0.0
1784040681.8328032,28714,0,23806,0,1.0,0.547,0.707,0.0,15.748,0.0
1784040681.9014482,28724,0,23806,0,1.0,0.547,0.707,0.0,15.754,0.0
1784040681.927422,28734,0,23806,0,1.0,0.547,0.707,0.0,15.76,0.0
1784040681.959043,28744,0,23806,0,1.0,0.547,0.707,0.0,15.766,0.0
1784040681.9898572,28754,0,23806,0,1.0,0.547,0.707,0.0,15.773,0.0
1784040682.0393238,28764,0,23806,0,1.0,0.547,0.707,0.0,15.779,0.0
1784040682.075556,28774,0,23806,0,1.0,0.547,0.707,0.0,15.784,0.0
1784040682.1254148,28784,0,23806,0,1.0,0.547,0.707,0.0,15.79,0.0
1784040682.171897,28794,0,23806,0,1.0,0.547,0.708,0.0,15.796,0.0
1784040682.2344337,28804,0,23806,0,1.0,0.548,0.708,0.0,15.803,0.0
1784040682.2933943,28814,0,23806,0,1.0,0.548,0.708,0.0,15.809,0.0
1784040682.316135,28824,0,23806,0,1.0,0.548,0.708,0.0,15.815,0.0
1784040682.3575418,28834,0,23806,0,1.0,0.548,0.708,0.0,15.821,0.0
1784040682.4072018,28844,0,23806,0,1.0,0.548,0.708,0.0,15.828,0.0
1784040682.4464526,28854,0,23806,0,1.0,0.548,0.708,0.0,15.834,0.0
1784040682.4623575,28864,0,23806,0,1.0,0.548,0.708,0.0,15.84,0.0
1784040682.4908662,28874,0,23806,0,1.0,0.548,0.708,0.0,15.846,0.0
1784040682.5228107,28884,0,23806,0,1.0,0.548,0.708,0.0,15.852,0.0
1784040682.554522,28894,0,23806,0,1.0,0.548,0.708,0.0,15.859,0.0
1784040688.594244,28904,0,23806,0,1.0,0.548,0.708,0.0,15.86,0.0
1784040698.6833398,28914,0,23806,0,1.0,0.548,0.708,0.0,15.857,0.0
1784040708.5866683,28924,0,23806,0,1.0,0.549,0.708,0.0,15.854,0.0
1784040718.7099917,28934,0,23806,0,1.0,0.549,0.709,0.0,15.852,0.0
1784040728.1759865,28944,0,23806,0,1.0,0.549,0.709,0.0,15.849,0.0
1784040749.3591957,28954,0,23806,0,1.0,0.549,0.709,0.0,15.847,0.0
1784040751.3883288,28964,0,23806,0,1.0,0.549,0.709,0.0,15.845,0.0
1784040751.4964268,28965,0,23815,0,1.0,0.549,0.709,0.0,15.842,0.0
