timestamp,TP,FP,FN,TN,Precision,Recall,F1,FPR,Avg_Det_Delay,Avg_Block_Delay
1781964286.6989248,8,0,2,0,1.0,0.8,0.889,0.0,2.205,0.0
1781964286.8385696,18,0,2,0,1.0,0.9,0.947,0.0,2.105,0.0
1781964287.011282,28,0,2,0,1.0,0.933,0.966,0.0,2.072,0.0
1781964287.1603885,38,0,2,0,1.0,0.95,0.974,0.0,2.058,0.0
1781964287.269927,48,0,2,0,1.0,0.96,0.98,0.0,2.054,0.0
1781964287.3320396,58,0,2,0,1.0,0.967,0.983,0.0,2.055,0.0
1781964287.3856657,68,0,2,0,1.0,0.971,0.986,0.0,2.057,0.0
1781964287.4441683,78,0,2,0,1.0,0.975,0.987,0.0,2.063,0.0
1781964287.501452,88,0,2,0,1.0,0.978,0.989,0.0,2.069,0.0
1781964287.5970728,98,0,2,0,1.0,0.98,0.99,0.0,2.073,0.0
1781964287.7647014,108,0,2,0,1.0,0.982,0.991,0.0,2.079,0.0
1781964287.8303478,118,0,2,0,1.0,0.983,0.992,0.0,2.086,0.0
1781964287.9033935,128,0,2,0,1.0,0.985,0.992,0.0,2.093,0.0
1781964287.9603407,138,0,2,0,1.0,0.986,0.993,0.0,2.1,0.0
1781964288.001967,148,0,2,0,1.0,0.987,0.993,0.0,2.108,0.0
1781964288.0357845,158,0,2,0,1.0,0.988,0.994,0.0,2.115,0.0
1781964288.085279,168,0,2,0,1.0,0.988,0.994,0.0,2.123,0.0
1781964288.1320212,178,0,2,0,1.0,0.989,0.994,0.0,2.13,0.0
1781964288.1774778,188,0,2,0,1.0,0.989,0.995,0.0,2.137,0.0
1781964288.3283389,198,0,2,0,1.0,0.99,0.995,0.0,2.144,0.0
1781964288.3650544,208,0,2,0,1.0,0.99,0.995,0.0,2.151,0.0
1781964288.419647,218,0,2,0,1.0,0.991,0.995,0.0,2.157,0.0
1781964288.4792652,228,0,2,0,1.0,0.991,0.996,0.0,2.163,0.0
1781964288.5439708,238,0,2,0,1.0,0.992,0.996,0.0,2.17,0.0
1781964288.603657,248,0,2,0,1.0,0.992,0.996,0.0,2.176,0.0
1781964288.6635485,258,0,2,0,1.0,0.992,0.996,0.0,2.183,0.0
1781964288.7252293,268,0,2,0,1.0,0.993,0.996,0.0,2.189,0.0
1781964288.7772245,278,0,2,0,1.0,0.993,0.996,0.0,2.195,0.0
1781964288.8414097,288,0,2,0,1.0,0.993,0.997,0.0,2.201,0.0
1781964288.896965,298,0,2,0,1.0,0.993,0.997,0.0,2.208,0.0
1781964288.9445224,308,0,2,0,1.0,0.994,0.997,0.0,2.214,0.0
1781964288.9986315,318,0,2,0,1.0,0.994,0.997,0.0,2.22,0.0
1781964289.0841002,328,0,2,0,1.0,0.994,0.997,0.0,2.225,0.0
1781964289.1163485,338,0,2,0,1.0,0.994,0.997,0.0,2.231,0.0
1781964289.1617725,348,0,2,0,1.0,0.994,0.997,0.0,2.237,0.0
1781964289.2015378,358,0,2,0,1.0,0.994,0.997,0.0,2.243,0.0
1781964289.2379026,368,0,2,0,1.0,0.995,0.997,0.0,2.249,0.0
1781964289.275017,378,0,2,0,1.0,0.995,0.997,0.0,2.254,0.0
1781964289.3320975,388,0,2,0,1.0,0.995,0.997,0.0,2.26,0.0
1781964289.3626184,398,0,2,0,1.0,0.995,0.997,0.0,2.266,0.0
1781964289.4023418,408,0,2,0,1.0,0.995,0.998,0.0,2.272,0.0
1781964289.4448378,418,0,2,0,1.0,0.995,0.998,0.0,2.278,0.0
1781964289.4996464,428,0,2,0,1.0,0.995,0.998,0.0,2.284,0.0
1781964289.5445828,438,0,2,0,1.0,0.995,0.998,0.0,2.29,0.0
1781964289.578836,448,0,2,0,1.0,0.996,0.998,0.0,2.296,0.0
1781964289.6177342,458,0,2,0,1.0,0.996,0.998,0.0,2.302,0.0
1781964289.6662211,468,0,2,0,1.0,0.996,0.998,0.0,2.308,0.0
1781964289.7072477,478,0,2,0,1.0,0.996,0.998,0.0,2.314,0.0
1781964289.7732496,488,0,2,0,1.0,0.996,0.998,0.0,2.322,0.0
1781964289.8224285,498,0,2,0,1.0,0.996,0.998,0.0,2.334,0.0
1781964289.8732066,508,0,2,0,1.0,0.996,0.998,0.0,2.348,0.0
1781964289.9192338,518,0,2,0,1.0,0.996,0.998,0.0,2.365,0.0
1781964289.9677358,528,0,2,0,1.0,0.996,0.998,0.0,2.384,0.0
1781964290.0241034,538,0,2,0,1.0,0.996,0.998,0.0,2.403,0.0
1781964290.095134,548,0,2,0,1.0,0.996,0.998,0.0,2.422,0.0
1781964290.1924481,558,0,2,0,1.0,0.996,0.998,0.0,2.443,0.0
1781964290.2282844,568,0,2,0,1.0,0.996,0.998,0.0,2.466,0.0
1781964290.26305,578,0,2,0,1.0,0.997,0.998,0.0,2.489,0.0
1781964290.3117762,588,0,2,0,1.0,0.997,0.998,0.0,2.513,0.0
1781964290.3615258,598,0,2,0,1.0,0.997,0.998,0.0,2.538,0.0
1781964290.3999147,608,0,2,0,1.0,0.997,0.998,0.0,2.563,0.0
1781964290.4637175,618,0,2,0,1.0,0.997,0.998,0.0,2.588,0.0
1781964290.5020504,628,0,2,0,1.0,0.997,0.998,0.0,2.615,0.0
1781964290.5490425,638,0,2,0,1.0,0.997,0.998,0.0,2.643,0.0
1781964290.592561,648,0,2,0,1.0,0.997,0.998,0.0,2.672,0.0
1781964290.6381292,658,0,2,0,1.0,0.997,0.998,0.0,2.7,0.0
1781964290.6870995,668,0,2,0,1.0,0.997,0.999,0.0,2.727,0.0
1781964290.741425,678,0,2,0,1.0,0.997,0.999,0.0,2.755,0.0
1781964290.775651,688,0,2,0,1.0,0.997,0.999,0.0,2.783,0.0
1781964290.8206737,698,0,2,0,1.0,0.997,0.999,0.0,2.812,0.0
1781964290.8719814,708,0,2,0,1.0,0.997,0.999,0.0,2.839,0.0
1781964290.9077818,718,0,2,0,1.0,0.997,0.999,0.0,2.867,0.0
1781964290.971845,728,0,2,0,1.0,0.997,0.999,0.0,2.895,0.0
1781964291.0113854,738,0,2,0,1.0,0.997,0.999,0.0,2.924,0.0
1781964291.0567589,748,0,2,0,1.0,0.997,0.999,0.0,2.953,0.0
1781964291.1039784,758,0,2,0,1.0,0.997,0.999,0.0,2.981,0.0
1781964291.1504278,768,0,2,0,1.0,0.997,0.999,0.0,3.01,0.0
1781964291.2328005,778,0,2,0,1.0,0.997,0.999,0.0,3.039,0.0
1781964291.2891202,788,0,2,0,1.0,0.997,0.999,0.0,3.068,0.0
1781964291.3505816,798,0,2,0,1.0,0.998,0.999,0.0,3.096,0.0
1781964291.4163063,808,0,2,0,1.0,0.998,0.999,0.0,3.125,0.0
1781964291.4863136,818,0,2,0,1.0,0.998,0.999,0.0,3.153,0.0
1781964291.558375,828,0,2,0,1.0,0.998,0.999,0.0,3.182,0.0
1781964291.610364,838,0,2,0,1.0,0.998,0.999,0.0,3.21,0.0
1781964291.678449,848,0,2,0,1.0,0.998,0.999,0.0,3.238,0.0
1781964291.782066,858,0,2,0,1.0,0.998,0.999,0.0,3.265,0.0
1781964291.8337588,868,0,2,0,1.0,0.998,0.999,0.0,3.293,0.0
1781964291.892406,878,0,2,0,1.0,0.998,0.999,0.0,3.321,0.0
1781964291.9554453,888,0,2,0,1.0,0.998,0.999,0.0,3.349,0.0
1781964292.0249715,898,0,2,0,1.0,0.998,0.999,0.0,3.376,0.0
1781964292.058677,908,0,2,0,1.0,0.998,0.999,0.0,3.404,0.0
1781964292.103366,918,0,2,0,1.0,0.998,0.999,0.0,3.432,0.0
1781964292.1579797,928,0,2,0,1.0,0.998,0.999,0.0,3.46,0.0
1781964292.1993346,938,0,2,0,1.0,0.998,0.999,0.0,3.488,0.0
1781964292.2486486,948,0,2,0,1.0,0.998,0.999,0.0,3.516,0.0
1781964292.2917614,958,0,2,0,1.0,0.998,0.999,0.0,3.544,0.0
1781964292.3532102,968,0,2,0,1.0,0.998,0.999,0.0,3.572,0.0
1781964292.3990371,978,0,2,0,1.0,0.998,0.999,0.0,3.601,0.0
1781964292.4534771,988,0,2,0,1.0,0.998,0.999,0.0,3.629,0.0
1781964292.5022907,998,0,2,0,1.0,0.998,0.999,0.0,3.657,0.0
1781964292.5697076,1008,0,2,0,1.0,0.998,0.999,0.0,3.685,0.0
1781964292.6243527,1018,0,2,0,1.0,0.998,0.999,0.0,3.713,0.0
1781964292.669863,1028,0,2,0,1.0,0.998,0.999,0.0,3.74,0.0
1781964292.712305,1038,0,2,0,1.0,0.998,0.999,0.0,3.768,0.0
1781964292.7492917,1048,0,2,0,1.0,0.998,0.999,0.0,3.795,0.0
1781964292.7897167,1058,0,2,0,1.0,0.998,0.999,0.0,3.823,0.0
1781964292.8372114,1068,0,2,0,1.0,0.998,0.999,0.0,3.851,0.0
1781964292.8770237,1078,0,2,0,1.0,0.998,0.999,0.0,3.878,0.0
1781964292.9017282,1088,0,2,0,1.0,0.998,0.999,0.0,3.906,0.0
1781964292.9319057,1098,0,2,0,1.0,0.998,0.999,0.0,3.933,0.0
1781964292.9901016,1108,0,2,0,1.0,0.998,0.999,0.0,3.961,0.0
1781964293.063409,1118,0,2,0,1.0,0.998,0.999,0.0,3.989,0.0
1781964293.1115618,1128,0,2,0,1.0,0.998,0.999,0.0,4.016,0.0
1781964293.1616204,1138,0,2,0,1.0,0.998,0.999,0.0,4.043,0.0
1781964293.2007241,1148,0,2,0,1.0,0.998,0.999,0.0,4.07,0.0
1781964307.0966396,1158,0,2,0,1.0,0.998,0.999,0.0,4.135,0.0
1781964307.1477523,1168,0,2,0,1.0,0.998,0.999,0.0,4.237,0.0
1781964307.1954298,1178,0,2,0,1.0,0.998,0.999,0.0,4.337,0.0
1781964307.2337093,1188,0,2,0,1.0,0.998,0.999,0.0,4.436,0.0
1781964307.2772508,1198,0,2,0,1.0,0.998,0.999,0.0,4.533,0.0
1781964307.30993,1208,0,2,0,1.0,0.998,0.999,0.0,4.629,0.0
1781964307.3614194,1218,0,2,0,1.0,0.998,0.999,0.0,4.723,0.0
1781964307.4045908,1228,0,2,0,1.0,0.998,0.999,0.0,4.816,0.0
1781964307.4480963,1238,0,2,0,1.0,0.998,0.999,0.0,4.908,0.0
1781964307.488349,1248,0,2,0,1.0,0.998,0.999,0.0,4.998,0.0
1781964307.5210273,1258,0,2,0,1.0,0.998,0.999,0.0,5.087,0.0
1781964307.5467968,1268,0,2,0,1.0,0.998,0.999,0.0,5.175,0.0
1781964307.5777612,1278,0,2,0,1.0,0.998,0.999,0.0,5.262,0.0
1781964307.6099975,1288,0,2,0,1.0,0.998,0.999,0.0,5.347,0.0
1781964307.645125,1298,0,2,0,1.0,0.998,0.999,0.0,5.431,0.0
1781964307.677941,1308,0,2,0,1.0,0.998,0.999,0.0,5.514,0.0
1781964307.708517,1318,0,2,0,1.0,0.998,0.999,0.0,5.595,0.0
1781964307.7372763,1328,0,2,0,1.0,0.998,0.999,0.0,5.676,0.0
1781964307.7761683,1338,0,2,0,1.0,0.999,0.999,0.0,5.756,0.0
1781964307.8081632,1348,0,2,0,1.0,0.999,0.999,0.0,5.834,0.0
1781964307.8462846,1358,0,2,0,1.0,0.999,0.999,0.0,5.911,0.0
1781964307.8728476,1368,0,2,0,1.0,0.999,0.999,0.0,5.988,0.0
1781964307.901781,1378,0,2,0,1.0,0.999,0.999,0.0,6.063,0.0
1781964307.9327984,1388,0,2,0,1.0,0.999,0.999,0.0,6.138,0.0
1781964307.9739182,1398,0,2,0,1.0,0.999,0.999,0.0,6.211,0.0
1781964308.0147262,1408,0,2,0,1.0,0.999,0.999,0.0,6.284,0.0
1781964308.0645423,1418,0,2,0,1.0,0.999,0.999,0.0,6.355,0.0
1781964308.1200845,1428,0,2,0,1.0,0.999,0.999,0.0,6.426,0.0
1781964308.1609955,1438,0,2,0,1.0,0.999,0.999,0.0,6.496,0.0
1781964308.1987033,1448,0,2,0,1.0,0.999,0.999,0.0,6.565,0.0
1781964308.2371175,1458,0,2,0,1.0,0.999,0.999,0.0,6.634,0.0
1781964308.2826095,1468,0,2,0,1.0,0.999,0.999,0.0,6.701,0.0
1781964308.3302965,1478,0,2,0,1.0,0.999,0.999,0.0,6.768,0.0
1781964308.3546424,1488,0,2,0,1.0,0.999,0.999,0.0,6.834,0.0
1781964308.3934786,1498,0,2,0,1.0,0.999,0.999,0.0,6.9,0.0
1781964308.431676,1508,0,2,0,1.0,0.999,0.999,0.0,6.964,0.0
1781964308.4940922,1518,0,2,0,1.0,0.999,0.999,0.0,7.028,0.0
1781964308.5192835,1528,0,2,0,1.0,0.999,0.999,0.0,7.091,0.0
1781964308.5376346,1538,0,2,0,1.0,0.999,0.999,0.0,7.154,0.0
1781964308.5878193,1548,0,2,0,1.0,0.999,0.999,0.0,7.216,0.0
1781964308.61977,1558,0,2,0,1.0,0.999,0.999,0.0,7.277,0.0
1781964308.668535,1568,0,2,0,1.0,0.999,0.999,0.0,7.338,0.0
1781964308.715166,1578,0,2,0,1.0,0.999,0.999,0.0,7.398,0.0
1781964308.7801383,1588,0,2,0,1.0,0.999,0.999,0.0,7.457,0.0
1781964308.8185868,1598,0,2,0,1.0,0.999,0.999,0.0,7.516,0.0
1781964308.8945823,1608,0,2,0,1.0,0.999,0.999,0.0,7.574,0.0
1781964308.9456456,1618,0,2,0,1.0,0.999,0.999,0.0,7.631,0.0
1781964308.9973986,1628,0,2,0,1.0,0.999,0.999,0.0,7.688,0.0
1781964309.058047,1638,0,2,0,1.0,0.999,0.999,0.0,7.744,0.0
1781964309.164941,1648,0,2,0,1.0,0.999,0.999,0.0,7.8,0.0
1781964309.2854478,1658,0,2,0,1.0,0.999,0.999,0.0,7.855,0.0
1781964309.3621674,1668,0,2,0,1.0,0.999,0.999,0.0,7.91,0.0
1781964309.4002793,1678,0,2,0,1.0,0.999,0.999,0.0,7.964,0.0
1781964309.4430287,1688,0,2,0,1.0,0.999,0.999,0.0,8.018,0.0
1781964309.4789639,1698,0,2,0,1.0,0.999,0.999,0.0,8.071,0.0
1781964309.5271575,1708,0,2,0,1.0,0.999,0.999,0.0,8.124,0.0
1781964309.5716937,1718,0,2,0,1.0,0.999,0.999,0.0,8.176,0.0
1781964309.616089,1728,0,2,0,1.0,0.999,0.999,0.0,8.228,0.0
1781964309.656375,1738,0,2,0,1.0,0.999,0.999,0.0,8.279,0.0
1781964309.699441,1748,0,2,0,1.0,0.999,0.999,0.0,8.33,0.0
1781964309.7401597,1758,0,2,0,1.0,0.999,0.999,0.0,8.38,0.0
1781964309.7767158,1768,0,2,0,1.0,0.999,0.999,0.0,8.43,0.0
1781964309.816231,1778,0,2,0,1.0,0.999,0.999,0.0,8.479,0.0
1781964309.863955,1788,0,2,0,1.0,0.999,0.999,0.0,8.528,0.0
1781964309.8980181,1798,0,2,0,1.0,0.999,0.999,0.0,8.577,0.0
1781964309.957145,1808,0,2,0,1.0,0.999,0.999,0.0,8.625,0.0
1781964309.994326,1818,0,2,0,1.0,0.999,0.999,0.0,8.673,0.0
1781964310.0411386,1828,0,2,0,1.0,0.999,0.999,0.0,8.72,0.0
1781964310.0822785,1838,0,2,0,1.0,0.999,0.999,0.0,8.767,0.0
1781964310.1286454,1848,0,2,0,1.0,0.999,0.999,0.0,8.813,0.0
1781964310.1707318,1858,0,2,0,1.0,0.999,0.999,0.0,8.86,0.0
1781964310.2282379,1868,0,2,0,1.0,0.999,0.999,0.0,8.905,0.0
1781964310.3114076,1878,0,2,0,1.0,0.999,0.999,0.0,8.951,0.0
1781964310.3532405,1888,0,2,0,1.0,0.999,0.999,0.0,8.995,0.0
1781964310.397801,1898,0,2,0,1.0,0.999,0.999,0.0,9.04,0.0
1781964310.447911,1908,0,2,0,1.0,0.999,0.999,0.0,9.084,0.0
1781964310.5104656,1918,0,2,0,1.0,0.999,0.999,0.0,9.128,0.0
1781964310.562386,1928,0,2,0,1.0,0.999,0.999,0.0,9.171,0.0
1781964310.6039104,1938,0,2,0,1.0,0.999,0.999,0.0,9.215,0.0
1781964310.640665,1948,0,2,0,1.0,0.999,0.999,0.0,9.258,0.0
1781964310.6863003,1958,0,2,0,1.0,0.999,0.999,0.0,9.3,0.0
1781964310.7258472,1968,0,2,0,1.0,0.999,0.999,0.0,9.343,0.0
1781964310.782853,1978,0,2,0,1.0,0.999,0.999,0.0,9.384,0.0
1781964310.843019,1988,0,2,0,1.0,0.999,0.999,0.0,9.426,0.0
1781964310.895849,1998,0,2,0,1.0,0.999,0.999,0.0,9.467,0.0
1781964310.939378,2008,0,2,0,1.0,0.999,1.0,0.0,9.508,0.0
1781964310.989272,2018,0,2,0,1.0,0.999,1.0,0.0,9.549,0.0
1781964311.0338204,2028,0,2,0,1.0,0.999,1.0,0.0,9.59,0.0
1781964311.1017444,2038,0,2,0,1.0,0.999,1.0,0.0,9.63,0.0
1781964311.1439662,2048,0,2,0,1.0,0.999,1.0,0.0,9.67,0.0
1781964311.1914387,2058,0,2,0,1.0,0.999,1.0,0.0,9.709,0.0
1781964311.2257013,2068,0,2,0,1.0,0.999,1.0,0.0,9.748,0.0
1781964311.2537498,2078,0,2,0,1.0,0.999,1.0,0.0,9.787,0.0
1781964311.3043969,2088,0,2,0,1.0,0.999,1.0,0.0,9.826,0.0
1781964311.343705,2098,0,2,0,1.0,0.999,1.0,0.0,9.865,0.0
1781964311.4015298,2108,0,2,0,1.0,0.999,1.0,0.0,9.903,0.0
1781964311.4626646,2118,0,2,0,1.0,0.999,1.0,0.0,9.941,0.0
1781964311.5170708,2128,0,2,0,1.0,0.999,1.0,0.0,9.978,0.0
1781964311.5967875,2138,0,2,0,1.0,0.999,1.0,0.0,10.016,0.0
1781964311.6599185,2148,0,2,0,1.0,0.999,1.0,0.0,10.053,0.0
1781964311.6929805,2158,0,2,0,1.0,0.999,1.0,0.0,10.089,0.0
1781964311.7218478,2168,0,2,0,1.0,0.999,1.0,0.0,10.126,0.0
1781964311.759199,2178,0,2,0,1.0,0.999,1.0,0.0,10.162,0.0
1781964311.8061461,2188,0,2,0,1.0,0.999,1.0,0.0,10.198,0.0
1781964311.8446567,2198,0,2,0,1.0,0.999,1.0,0.0,10.234,0.0
1781964311.8919613,2208,0,2,0,1.0,0.999,1.0,0.0,10.27,0.0
1781964311.939583,2218,0,2,0,1.0,0.999,1.0,0.0,10.305,0.0
1781964312.0048473,2228,0,2,0,1.0,0.999,1.0,0.0,10.34,0.0
1781964312.0542748,2238,0,2,0,1.0,0.999,1.0,0.0,10.376,0.0
1781964312.0946233,2248,0,2,0,1.0,0.999,1.0,0.0,10.411,0.0
1781964312.1405387,2258,0,2,0,1.0,0.999,1.0,0.0,10.446,0.0
1781964312.1861985,2268,0,2,0,1.0,0.999,1.0,0.0,10.48,0.0
1781964312.2335536,2278,0,2,0,1.0,0.999,1.0,0.0,10.515,0.0
1781964312.271634,2288,0,2,0,1.0,0.999,1.0,0.0,10.549,0.0
1781964312.3105068,2298,0,2,0,1.0,0.999,1.0,0.0,10.584,0.0
1781964312.3425426,2308,0,2,0,1.0,0.999,1.0,0.0,10.618,0.0
1781964312.3799102,2318,0,2,0,1.0,0.999,1.0,0.0,10.652,0.0
1781964312.4163165,2328,0,2,0,1.0,0.999,1.0,0.0,10.685,0.0
1781964312.4707582,2338,0,2,0,1.0,0.999,1.0,0.0,10.719,0.0
1781964312.5156002,2348,0,2,0,1.0,0.999,1.0,0.0,10.752,0.0
1781964312.557769,2358,0,2,0,1.0,0.999,1.0,0.0,10.785,0.0
1781964312.6312196,2368,0,2,0,1.0,0.999,1.0,0.0,10.818,0.0
1781964312.6696584,2378,0,2,0,1.0,0.999,1.0,0.0,10.851,0.0
1781964312.7180133,2388,0,2,0,1.0,0.999,1.0,0.0,10.883,0.0
1781964312.764456,2398,0,2,0,1.0,0.999,1.0,0.0,10.916,0.0
1781964312.8113966,2408,0,2,0,1.0,0.999,1.0,0.0,10.948,0.0
1781964312.8636546,2418,0,2,0,1.0,0.999,1.0,0.0,10.98,0.0
1781964312.901491,2428,0,2,0,1.0,0.999,1.0,0.0,11.012,0.0
1781964312.943972,2438,0,2,0,1.0,0.999,1.0,0.0,11.044,0.0
1781964312.9797893,2448,0,2,0,1.0,0.999,1.0,0.0,11.076,0.0
1781964313.02008,2458,0,2,0,1.0,0.999,1.0,0.0,11.108,0.0
1781964313.0659056,2468,0,2,0,1.0,0.999,1.0,0.0,11.139,0.0
1781964313.1069655,2478,0,2,0,1.0,0.999,1.0,0.0,11.17,0.0
1781964313.1487856,2488,0,2,0,1.0,0.999,1.0,0.0,11.201,0.0
1781964313.1864247,2498,0,2,0,1.0,0.999,1.0,0.0,11.232,0.0
1781964313.2257147,2508,0,2,0,1.0,0.999,1.0,0.0,11.263,0.0
1781964313.2697344,2518,0,2,0,1.0,0.999,1.0,0.0,11.294,0.0
1781964313.314904,2528,0,2,0,1.0,0.999,1.0,0.0,11.324,0.0
1781964313.3617375,2538,0,2,0,1.0,0.999,1.0,0.0,11.354,0.0
1781964313.4178755,2548,0,2,0,1.0,0.999,1.0,0.0,11.384,0.0
1781964313.4615457,2558,0,2,0,1.0,0.999,1.0,0.0,11.414,0.0
1781964313.5142813,2568,0,2,0,1.0,0.999,1.0,0.0,11.444,0.0
1781964313.5635657,2578,0,2,0,1.0,0.999,1.0,0.0,11.473,0.0
1781964313.609438,2588,0,2,0,1.0,0.999,1.0,0.0,11.502,0.0
1781964313.6511278,2598,0,2,0,1.0,0.999,1.0,0.0,11.531,0.0
1781964313.7101288,2608,0,2,0,1.0,0.999,1.0,0.0,11.56,0.0
1781964313.7566602,2618,0,2,0,1.0,0.999,1.0,0.0,11.589,0.0
1781964313.7924962,2628,0,2,0,1.0,0.999,1.0,0.0,11.618,0.0
1781964316.7763371,2638,0,2,0,1.0,0.999,1.0,0.0,11.6,0.0
1781964316.864651,2648,0,2,0,1.0,0.999,1.0,0.0,11.57,0.0
1781964316.9974494,2658,0,2,0,1.0,0.999,1.0,0.0,11.541,0.0
1781964317.1266835,2668,0,2,0,1.0,0.999,1.0,0.0,11.512,0.0
1781964317.2144723,2678,0,2,0,1.0,0.999,1.0,0.0,11.484,0.0
1781964317.2685595,2688,0,2,0,1.0,0.999,1.0,0.0,11.456,0.0
1781964317.3177385,2698,0,2,0,1.0,0.999,1.0,0.0,11.429,0.0
1781964317.352725,2708,0,2,0,1.0,0.999,1.0,0.0,11.402,0.0
1781964317.3924096,2718,0,2,0,1.0,0.999,1.0,0.0,11.376,0.0
1781964317.4388645,2728,0,2,0,1.0,0.999,1.0,0.0,11.35,0.0
1781964317.4692128,2738,0,2,0,1.0,0.999,1.0,0.0,11.325,0.0
1781964317.507212,2748,0,2,0,1.0,0.999,1.0,0.0,11.3,0.0
1781964317.551497,2758,0,2,0,1.0,0.999,1.0,0.0,11.276,0.0
1781964317.5852225,2768,0,2,0,1.0,0.999,1.0,0.0,11.252,0.0
1781964317.6337733,2778,0,2,0,1.0,0.999,1.0,0.0,11.228,0.0
1781964317.6808574,2788,0,2,0,1.0,0.999,1.0,0.0,11.204,0.0
1781964317.7537925,2798,0,2,0,1.0,0.999,1.0,0.0,11.181,0.0
1781964317.8046057,2808,0,2,0,1.0,0.999,1.0,0.0,11.158,0.0
1781964317.9130688,2818,0,2,0,1.0,0.999,1.0,0.0,11.135,0.0
1781964317.9923618,2828,0,2,0,1.0,0.999,1.0,0.0,11.113,0.0
1781964318.0940797,2838,0,2,0,1.0,0.999,1.0,0.0,11.091,0.0
1781964318.1324117,2848,0,2,0,1.0,0.999,1.0,0.0,11.07,0.0
1781964318.19114,2858,0,2,0,1.0,0.999,1.0,0.0,11.049,0.0
1781964318.2322705,2868,0,2,0,1.0,0.999,1.0,0.0,11.028,0.0
1781964318.2675595,2878,0,2,0,1.0,0.999,1.0,0.0,11.008,0.0
1781964318.3252792,2888,0,2,0,1.0,0.999,1.0,0.0,10.987,0.0
1781964318.362067,2898,0,2,0,1.0,0.999,1.0,0.0,10.967,0.0
1781964318.4114249,2908,0,2,0,1.0,0.999,1.0,0.0,10.948,0.0
1781964318.452558,2918,0,2,0,1.0,0.999,1.0,0.0,10.929,0.0
1781964318.4857242,2928,0,2,0,1.0,0.999,1.0,0.0,10.91,0.0
1781964318.5270767,2938,0,2,0,1.0,0.999,1.0,0.0,10.891,0.0
1781964318.580081,2948,0,2,0,1.0,0.999,1.0,0.0,10.873,0.0
1781964318.6159132,2958,0,2,0,1.0,0.999,1.0,0.0,10.855,0.0
1781964318.668915,2968,0,2,0,1.0,0.999,1.0,0.0,10.837,0.0
1781964318.711055,2978,0,2,0,1.0,0.999,1.0,0.0,10.82,0.0
1781964318.768184,2988,0,2,0,1.0,0.999,1.0,0.0,10.803,0.0
1781964318.8179786,2998,0,2,0,1.0,0.999,1.0,0.0,10.786,0.0
1781964318.8630264,3008,0,2,0,1.0,0.999,1.0,0.0,10.77,0.0
1781964318.9337447,3018,0,2,0,1.0,0.999,1.0,0.0,10.754,0.0
1781964318.989995,3028,0,2,0,1.0,0.999,1.0,0.0,10.738,0.0
1781964319.0273738,3038,0,2,0,1.0,0.999,1.0,0.0,10.722,0.0
1781964319.0970254,3048,0,2,0,1.0,0.999,1.0,0.0,10.707,0.0
1781964319.124853,3058,0,2,0,1.0,0.999,1.0,0.0,10.692,0.0
1781964319.1562324,3068,0,2,0,1.0,0.999,1.0,0.0,10.677,0.0
1781964319.1988912,3078,0,2,0,1.0,0.999,1.0,0.0,10.663,0.0
1781964319.2400682,3088,0,2,0,1.0,0.999,1.0,0.0,10.648,0.0
1781964319.276873,3098,0,2,0,1.0,0.999,1.0,0.0,10.634,0.0
1781964319.325179,3108,0,2,0,1.0,0.999,1.0,0.0,10.621,0.0
1781964319.3750215,3118,0,2,0,1.0,0.999,1.0,0.0,10.607,0.0
1781964319.4157,3128,0,2,0,1.0,0.999,1.0,0.0,10.594,0.0
1781964319.4648244,3138,0,2,0,1.0,0.999,1.0,0.0,10.58,0.0
1781964319.5237608,3148,0,2,0,1.0,0.999,1.0,0.0,10.567,0.0
1781964319.5680733,3158,0,2,0,1.0,0.999,1.0,0.0,10.554,0.0
1781964319.6044393,3168,0,2,0,1.0,0.999,1.0,0.0,10.541,0.0
1781964319.6463747,3178,0,2,0,1.0,0.999,1.0,0.0,10.529,0.0
1781964319.6879368,3188,0,2,0,1.0,0.999,1.0,0.0,10.516,0.0
1781964319.732454,3198,0,2,0,1.0,0.999,1.0,0.0,10.504,0.0
1781964319.7751698,3208,0,2,0,1.0,0.999,1.0,0.0,10.491,0.0
1781964319.8111541,3218,0,2,0,1.0,0.999,1.0,0.0,10.479,0.0
1781964319.8625433,3228,0,2,0,1.0,0.999,1.0,0.0,10.466,0.0
1781964319.9224868,3238,0,2,0,1.0,0.999,1.0,0.0,10.454,0.0
1781964320.0072768,3248,0,2,0,1.0,0.999,1.0,0.0,10.441,0.0
1781964320.0505757,3258,0,2,0,1.0,0.999,1.0,0.0,10.429,0.0
1781964320.0976512,3268,0,2,0,1.0,0.999,1.0,0.0,10.417,0.0
1781964320.1578703,3278,0,2,0,1.0,0.999,1.0,0.0,10.405,0.0
1781964320.2108362,3288,0,2,0,1.0,0.999,1.0,0.0,10.393,0.0
1781964320.2775512,3298,0,2,0,1.0,0.999,1.0,0.0,10.381,0.0
1781964320.321004,3308,0,2,0,1.0,0.999,1.0,0.0,10.369,0.0
1781964320.3629463,3318,0,2,0,1.0,0.999,1.0,0.0,10.357,0.0
1781964320.4098449,3328,0,2,0,1.0,0.999,1.0,0.0,10.345,0.0
1781964320.4575484,3338,0,2,0,1.0,0.999,1.0,0.0,10.333,0.0
1781964320.4967434,3348,0,2,0,1.0,0.999,1.0,0.0,10.321,0.0
1781964320.5352871,3358,0,2,0,1.0,0.999,1.0,0.0,10.309,0.0
1781964320.5867367,3368,0,2,0,1.0,0.999,1.0,0.0,10.298,0.0
1781964320.6298518,3378,0,2,0,1.0,0.999,1.0,0.0,10.286,0.0
1781964320.664914,3388,0,2,0,1.0,0.999,1.0,0.0,10.274,0.0
1781964320.7127843,3398,0,2,0,1.0,0.999,1.0,0.0,10.262,0.0
1781964320.7436893,3408,0,2,0,1.0,0.999,1.0,0.0,10.25,0.0
1781964320.7865403,3418,0,2,0,1.0,0.999,1.0,0.0,10.239,0.0
1781964320.8194387,3428,0,2,0,1.0,0.999,1.0,0.0,10.227,0.0
1781964320.8558476,3438,0,2,0,1.0,0.999,1.0,0.0,10.215,0.0
1781964320.9110148,3448,0,2,0,1.0,0.999,1.0,0.0,10.204,0.0
1781964320.938193,3458,0,2,0,1.0,0.999,1.0,0.0,10.192,0.0
1781964320.9986122,3468,0,2,0,1.0,0.999,1.0,0.0,10.181,0.0
1781964321.0713284,3478,0,2,0,1.0,0.999,1.0,0.0,10.169,0.0
1781964321.1311686,3488,0,2,0,1.0,0.999,1.0,0.0,10.158,0.0
1781964321.1940513,3498,0,2,0,1.0,0.999,1.0,0.0,10.147,0.0
1781964321.2561255,3508,0,2,0,1.0,0.999,1.0,0.0,10.136,0.0
1781964321.3174896,3518,0,2,0,1.0,0.999,1.0,0.0,10.126,0.0
1781964321.3648922,3528,0,2,0,1.0,0.999,1.0,0.0,10.115,0.0
1781964321.4128478,3538,0,2,0,1.0,0.999,1.0,0.0,10.104,0.0
1781964321.4643264,3548,0,2,0,1.0,0.999,1.0,0.0,10.094,0.0
1781964321.5215218,3558,0,2,0,1.0,0.999,1.0,0.0,10.084,0.0
1781964321.5680842,3568,0,2,0,1.0,0.999,1.0,0.0,10.073,0.0
1781964321.6095963,3578,0,2,0,1.0,0.999,1.0,0.0,10.063,0.0
1781964321.657947,3588,0,2,0,1.0,0.999,1.0,0.0,10.053,0.0
1781964321.703643,3598,0,2,0,1.0,0.999,1.0,0.0,10.043,0.0
1781964321.7296944,3608,0,2,0,1.0,0.999,1.0,0.0,10.033,0.0
1781964321.7772193,3618,0,2,0,1.0,0.999,1.0,0.0,10.023,0.0
1781964321.81366,3628,0,2,0,1.0,0.999,1.0,0.0,10.014,0.0
1781964321.854061,3638,0,2,0,1.0,0.999,1.0,0.0,10.004,0.0
1781964321.8999522,3648,0,2,0,1.0,0.999,1.0,0.0,9.995,0.0
1781964321.9634178,3658,0,2,0,1.0,0.999,1.0,0.0,9.986,0.0
1781964322.0076337,3668,0,2,0,1.0,0.999,1.0,0.0,9.977,0.0
1781964322.041368,3678,0,2,0,1.0,0.999,1.0,0.0,9.968,0.0
1781964322.0875072,3688,0,2,0,1.0,0.999,1.0,0.0,9.959,0.0
1781964322.1428645,3698,0,2,0,1.0,0.999,1.0,0.0,9.95,0.0
1781964322.2073257,3708,0,2,0,1.0,0.999,1.0,0.0,9.941,0.0
1781964322.3029768,3718,0,2,0,1.0,0.999,1.0,0.0,9.933,0.0
1781964322.362735,3728,0,2,0,1.0,0.999,1.0,0.0,9.924,0.0
1781964322.4081483,3738,0,2,0,1.0,0.999,1.0,0.0,9.916,0.0
1781964322.4690008,3748,0,2,0,1.0,0.999,1.0,0.0,9.908,0.0
1781964322.5196764,3758,0,2,0,1.0,0.999,1.0,0.0,9.9,0.0
1781964322.595467,3768,0,2,0,1.0,0.999,1.0,0.0,9.892,0.0
1781964322.646139,3778,0,2,0,1.0,0.999,1.0,0.0,9.884,0.0
1781964322.6827607,3788,0,2,0,1.0,0.999,1.0,0.0,9.876,0.0
1781964322.7282586,3798,0,2,0,1.0,0.999,1.0,0.0,9.868,0.0
1781964322.776705,3808,0,2,0,1.0,0.999,1.0,0.0,9.86,0.0
1781964322.829569,3818,0,2,0,1.0,0.999,1.0,0.0,9.853,0.0
1781964322.8842123,3828,0,2,0,1.0,0.999,1.0,0.0,9.845,0.0
1781964322.9386415,3838,0,2,0,1.0,0.999,1.0,0.0,9.838,0.0
1781964322.9970453,3848,0,2,0,1.0,0.999,1.0,0.0,9.831,0.0
1781964323.0623808,3858,0,2,0,1.0,0.999,1.0,0.0,9.823,0.0
1781964323.1185243,3868,0,2,0,1.0,0.999,1.0,0.0,9.816,0.0
1781964323.165071,3878,0,2,0,1.0,0.999,1.0,0.0,9.809,0.0
1781964323.2186792,3888,0,2,0,1.0,0.999,1.0,0.0,9.803,0.0
1781964323.2683325,3898,0,2,0,1.0,0.999,1.0,0.0,9.796,0.0
1781964323.3289616,3908,0,2,0,1.0,0.999,1.0,0.0,9.789,0.0
1781964323.3727682,3918,0,2,0,1.0,0.999,1.0,0.0,9.783,0.0
1781964323.4180996,3928,0,2,0,1.0,0.999,1.0,0.0,9.776,0.0
1781964323.4523559,3938,0,2,0,1.0,0.999,1.0,0.0,9.77,0.0
1781964323.5324392,3948,0,2,0,1.0,0.999,1.0,0.0,9.764,0.0
1781964323.5945652,3958,0,2,0,1.0,0.999,1.0,0.0,9.757,0.0
1781964323.6338675,3968,0,2,0,1.0,0.999,1.0,0.0,9.751,0.0
1781964323.6783652,3978,0,2,0,1.0,0.999,1.0,0.0,9.745,0.0
1781964323.7207537,3988,0,2,0,1.0,0.999,1.0,0.0,9.739,0.0
1781964323.7653692,3998,0,2,0,1.0,1.0,1.0,0.0,9.733,0.0
1781964323.8170078,4008,0,2,0,1.0,1.0,1.0,0.0,9.727,0.0
1781964323.8508759,4018,0,2,0,1.0,1.0,1.0,0.0,9.721,0.0
1781964323.9010181,4028,0,2,0,1.0,1.0,1.0,0.0,9.716,0.0
1781964323.9405487,4038,0,2,0,1.0,1.0,1.0,0.0,9.709,0.0
1781964324.0073016,4048,0,2,0,1.0,1.0,1.0,0.0,9.69,0.0
1781964324.0576787,4058,0,2,0,1.0,1.0,1.0,0.0,9.671,0.0
1781964324.095757,4068,0,2,0,1.0,1.0,1.0,0.0,9.653,0.0
1781964324.1442912,4078,0,2,0,1.0,1.0,1.0,0.0,9.634,0.0
1781964324.183917,4088,0,2,0,1.0,1.0,1.0,0.0,9.616,0.0
1781964324.2280877,4098,0,2,0,1.0,1.0,1.0,0.0,9.599,0.0
1781964324.2780979,4108,0,2,0,1.0,1.0,1.0,0.0,9.581,0.0
1781964324.3135502,4118,0,2,0,1.0,1.0,1.0,0.0,9.564,0.0
1781964324.3747983,4128,0,2,0,1.0,1.0,1.0,0.0,9.546,0.0
1781964324.416911,4138,0,2,0,1.0,1.0,1.0,0.0,9.529,0.0
1781964324.4622142,4148,0,2,0,1.0,1.0,1.0,0.0,9.512,0.0
1781964324.5699856,4158,0,2,0,1.0,1.0,1.0,0.0,9.496,0.0
1781964324.6132648,4168,0,2,0,1.0,1.0,1.0,0.0,9.479,0.0
1781964324.6751332,4178,0,2,0,1.0,1.0,1.0,0.0,9.463,0.0
1781964324.7354505,4188,0,2,0,1.0,1.0,1.0,0.0,9.447,0.0
1781964324.7975576,4198,0,2,0,1.0,1.0,1.0,0.0,9.431,0.0
1781964324.8400056,4208,0,2,0,1.0,1.0,1.0,0.0,9.416,0.0
1781964324.8758314,4218,0,2,0,1.0,1.0,1.0,0.0,9.4,0.0
1781964324.9242518,4228,0,2,0,1.0,1.0,1.0,0.0,9.385,0.0
1781964324.9615817,4238,0,2,0,1.0,1.0,1.0,0.0,9.37,0.0
1781964324.9952831,4248,0,2,0,1.0,1.0,1.0,0.0,9.356,0.0
1781964325.0533676,4258,0,2,0,1.0,1.0,1.0,0.0,9.341,0.0
1781964325.091683,4268,0,2,0,1.0,1.0,1.0,0.0,9.327,0.0
1781964325.1309588,4278,0,2,0,1.0,1.0,1.0,0.0,9.313,0.0
1781964325.1684744,4288,0,2,0,1.0,1.0,1.0,0.0,9.299,0.0
1781964325.2168224,4298,0,2,0,1.0,1.0,1.0,0.0,9.286,0.0
1781964325.267297,4308,0,2,0,1.0,1.0,1.0,0.0,9.273,0.0
1781964325.3124495,4318,0,2,0,1.0,1.0,1.0,0.0,9.26,0.0
1781964325.3751035,4328,0,2,0,1.0,1.0,1.0,0.0,9.247,0.0
1781964325.4128876,4338,0,2,0,1.0,1.0,1.0,0.0,9.235,0.0
1781964325.4486241,4348,0,2,0,1.0,1.0,1.0,0.0,9.223,0.0
1781964325.5451686,4358,0,2,0,1.0,1.0,1.0,0.0,9.211,0.0
1781964325.5894425,4368,0,2,0,1.0,1.0,1.0,0.0,9.199,0.0
1781964325.631994,4378,0,2,0,1.0,1.0,1.0,0.0,9.187,0.0
1781964325.6736655,4388,0,2,0,1.0,1.0,1.0,0.0,9.176,0.0
1781964325.7167084,4398,0,2,0,1.0,1.0,1.0,0.0,9.165,0.0
1781964325.7530687,4408,0,2,0,1.0,1.0,1.0,0.0,9.153,0.0
1781964325.787886,4418,0,2,0,1.0,1.0,1.0,0.0,9.143,0.0
1781964325.8326633,4428,0,2,0,1.0,1.0,1.0,0.0,9.132,0.0
1781964325.8710527,4438,0,2,0,1.0,1.0,1.0,0.0,9.122,0.0
1781964325.9113307,4448,0,2,0,1.0,1.0,1.0,0.0,9.111,0.0
1781964325.946411,4458,0,2,0,1.0,1.0,1.0,0.0,9.101,0.0
1781964325.9934797,4468,0,2,0,1.0,1.0,1.0,0.0,9.092,0.0
1781964326.0249994,4478,0,2,0,1.0,1.0,1.0,0.0,9.082,0.0
1781964326.0485506,4488,0,2,0,1.0,1.0,1.0,0.0,9.073,0.0
1781964326.094171,4498,0,2,0,1.0,1.0,1.0,0.0,9.064,0.0
1781964326.1166728,4508,0,2,0,1.0,1.0,1.0,0.0,9.055,0.0
1781964326.1524308,4518,0,2,0,1.0,1.0,1.0,0.0,9.046,0.0
1781964326.2238467,4528,0,2,0,1.0,1.0,1.0,0.0,9.037,0.0
1781964326.2588792,4538,0,2,0,1.0,1.0,1.0,0.0,9.029,0.0
1781964326.2893867,4548,0,2,0,1.0,1.0,1.0,0.0,9.02,0.0
1781964326.3595514,4558,0,2,0,1.0,1.0,1.0,0.0,9.012,0.0
1781964326.401694,4568,0,2,0,1.0,1.0,1.0,0.0,9.004,0.0
1781964326.4392095,4578,0,2,0,1.0,1.0,1.0,0.0,8.996,0.0
1781964326.4802501,4588,0,2,0,1.0,1.0,1.0,0.0,8.988,0.0
1781964326.51949,4598,0,2,0,1.0,1.0,1.0,0.0,8.981,0.0
1781964326.563733,4608,0,2,0,1.0,1.0,1.0,0.0,8.973,0.0
1781964326.6085103,4618,0,2,0,1.0,1.0,1.0,0.0,8.966,0.0
1781964326.6568627,4628,0,2,0,1.0,1.0,1.0,0.0,8.959,0.0
1781964326.6969087,4638,0,2,0,1.0,1.0,1.0,0.0,8.952,0.0
1781964326.7621374,4648,0,2,0,1.0,1.0,1.0,0.0,8.946,0.0
1781964326.806216,4658,0,2,0,1.0,1.0,1.0,0.0,8.939,0.0
1781964326.871252,4668,0,2,0,1.0,1.0,1.0,0.0,8.933,0.0
1781964326.9178784,4678,0,2,0,1.0,1.0,1.0,0.0,8.927,0.0
1781964326.9642239,4688,0,2,0,1.0,1.0,1.0,0.0,8.921,0.0
1781964327.0021083,4698,0,2,0,1.0,1.0,1.0,0.0,8.915,0.0
1781964327.0317218,4708,0,2,0,1.0,1.0,1.0,0.0,8.91,0.0
1781964327.0762532,4718,0,2,0,1.0,1.0,1.0,0.0,8.905,0.0
1781964327.1207728,4728,0,2,0,1.0,1.0,1.0,0.0,8.899,0.0
1781964327.1687753,4738,0,2,0,1.0,1.0,1.0,0.0,8.894,0.0
1781964327.2178535,4748,0,2,0,1.0,1.0,1.0,0.0,8.89,0.0
1781964327.254262,4758,0,2,0,1.0,1.0,1.0,0.0,8.885,0.0
1781964327.3286517,4768,0,2,0,1.0,1.0,1.0,0.0,8.881,0.0
1781964327.3708317,4778,0,2,0,1.0,1.0,1.0,0.0,8.877,0.0
1781964327.4202194,4788,0,2,0,1.0,1.0,1.0,0.0,8.873,0.0
1781964327.4562323,4798,0,2,0,1.0,1.0,1.0,0.0,8.869,0.0
1781964327.5057719,4808,0,2,0,1.0,1.0,1.0,0.0,8.865,0.0
1781964327.552045,4818,0,2,0,1.0,1.0,1.0,0.0,8.862,0.0
1781964327.589699,4828,0,2,0,1.0,1.0,1.0,0.0,8.859,0.0
1781964327.6254041,4838,0,2,0,1.0,1.0,1.0,0.0,8.855,0.0
1781964327.6626902,4848,0,2,0,1.0,1.0,1.0,0.0,8.852,0.0
1781964327.7068264,4858,0,2,0,1.0,1.0,1.0,0.0,8.85,0.0
1781964327.7497554,4868,0,2,0,1.0,1.0,1.0,0.0,8.847,0.0
1781964327.776099,4878,0,2,0,1.0,1.0,1.0,0.0,8.844,0.0
1781964327.8073027,4888,0,2,0,1.0,1.0,1.0,0.0,8.842,0.0
1781964327.8561003,4898,0,2,0,1.0,1.0,1.0,0.0,8.839,0.0
1781964327.8835552,4908,0,2,0,1.0,1.0,1.0,0.0,8.837,0.0
1781964327.9366586,4918,0,2,0,1.0,1.0,1.0,0.0,8.835,0.0
1781964327.9853168,4928,0,2,0,1.0,1.0,1.0,0.0,8.833,0.0
1781964328.0304976,4938,0,2,0,1.0,1.0,1.0,0.0,8.832,0.0
1781964328.0752888,4948,0,2,0,1.0,1.0,1.0,0.0,8.83,0.0
1781964328.1170962,4958,0,2,0,1.0,1.0,1.0,0.0,8.828,0.0
1781964328.155088,4968,0,2,0,1.0,1.0,1.0,0.0,8.827,0.0
1781964328.1881118,4978,0,2,0,1.0,1.0,1.0,0.0,8.826,0.0
1781964328.2269795,4988,0,2,0,1.0,1.0,1.0,0.0,8.825,0.0
1781964328.278483,4998,0,2,0,1.0,1.0,1.0,0.0,8.824,0.0
1781964328.361683,5008,0,2,0,1.0,1.0,1.0,0.0,8.823,0.0
1781964328.4031491,5018,0,2,0,1.0,1.0,1.0,0.0,8.822,0.0
1781964328.4495473,5028,0,2,0,1.0,1.0,1.0,0.0,8.822,0.0
1781964328.4937758,5038,0,2,0,1.0,1.0,1.0,0.0,8.821,0.0
1781964328.5406146,5048,0,2,0,1.0,1.0,1.0,0.0,8.821,0.0
1781964328.5694172,5058,0,2,0,1.0,1.0,1.0,0.0,8.821,0.0
1781964328.6168854,5068,0,2,0,1.0,1.0,1.0,0.0,8.821,0.0
1781964328.6566663,5078,0,2,0,1.0,1.0,1.0,0.0,8.822,0.0
1781964328.702066,5088,0,2,0,1.0,1.0,1.0,0.0,8.822,0.0
1781964328.7486687,5098,0,2,0,1.0,1.0,1.0,0.0,8.822,0.0
1781964328.7927437,5108,0,2,0,1.0,1.0,1.0,0.0,8.823,0.0
1781964328.8283882,5118,0,2,0,1.0,1.0,1.0,0.0,8.823,0.0
1781964328.8576202,5128,0,2,0,1.0,1.0,1.0,0.0,8.824,0.0
1781964328.8990786,5138,0,2,0,1.0,1.0,1.0,0.0,8.825,0.0
1781964328.945171,5148,0,2,0,1.0,1.0,1.0,0.0,8.825,0.0
1781964328.9891748,5158,0,2,0,1.0,1.0,1.0,0.0,8.826,0.0
1781964329.02651,5168,0,2,0,1.0,1.0,1.0,0.0,8.828,0.0
1781964329.062178,5178,0,2,0,1.0,1.0,1.0,0.0,8.829,0.0
1781964329.112029,5188,0,2,0,1.0,1.0,1.0,0.0,8.83,0.0
1781964329.1614807,5198,0,2,0,1.0,1.0,1.0,0.0,8.832,0.0
1781964329.2107446,5208,0,2,0,1.0,1.0,1.0,0.0,8.834,0.0
1781964329.2406793,5218,0,2,0,1.0,1.0,1.0,0.0,8.836,0.0
1781964329.289168,5228,0,2,0,1.0,1.0,1.0,0.0,8.838,0.0
1781964329.3164155,5238,0,2,0,1.0,1.0,1.0,0.0,8.84,0.0
1781964329.3406389,5248,0,2,0,1.0,1.0,1.0,0.0,8.842,0.0
1781964329.3672237,5258,0,2,0,1.0,1.0,1.0,0.0,8.844,0.0
1781964329.3999956,5268,0,2,0,1.0,1.0,1.0,0.0,8.847,0.0
1781964329.436693,5278,0,2,0,1.0,1.0,1.0,0.0,8.849,0.0
1781964329.4812663,5288,0,2,0,1.0,1.0,1.0,0.0,8.852,0.0
1781964329.5263553,5298,0,2,0,1.0,1.0,1.0,0.0,8.855,0.0
1781964329.5638745,5308,0,2,0,1.0,1.0,1.0,0.0,8.858,0.0
1781964329.6035388,5318,0,2,0,1.0,1.0,1.0,0.0,8.861,0.0
1781964329.6461399,5328,0,2,0,1.0,1.0,1.0,0.0,8.864,0.0
1781964329.6848102,5338,0,2,0,1.0,1.0,1.0,0.0,8.867,0.0
1781964329.719314,5348,0,2,0,1.0,1.0,1.0,0.0,8.87,0.0
1781964329.7563455,5358,0,2,0,1.0,1.0,1.0,0.0,8.874,0.0
1781964329.7915735,5368,0,2,0,1.0,1.0,1.0,0.0,8.877,0.0
1781964329.8380423,5378,0,2,0,1.0,1.0,1.0,0.0,8.881,0.0
1781964329.8809807,5388,0,2,0,1.0,1.0,1.0,0.0,8.884,0.0
1781964329.9333127,5398,0,2,0,1.0,1.0,1.0,0.0,8.888,0.0
1781964330.000527,5408,0,2,0,1.0,1.0,1.0,0.0,8.892,0.0
1781964330.0369802,5418,0,2,0,1.0,1.0,1.0,0.0,8.896,0.0
1781964330.0766816,5428,0,2,0,1.0,1.0,1.0,0.0,8.899,0.0
1781964330.1030834,5438,0,2,0,1.0,1.0,1.0,0.0,8.903,0.0
1781964330.1390827,5448,0,2,0,1.0,1.0,1.0,0.0,8.908,0.0
1781964330.1927733,5458,0,2,0,1.0,1.0,1.0,0.0,8.912,0.0
1781964330.2252538,5468,0,2,0,1.0,1.0,1.0,0.0,8.916,0.0
1781964330.260437,5478,0,2,0,1.0,1.0,1.0,0.0,8.92,0.0
1781964330.3126163,5488,0,2,0,1.0,1.0,1.0,0.0,8.925,0.0
1781964330.3492649,5498,0,2,0,1.0,1.0,1.0,0.0,8.929,0.0
1781964330.395655,5508,0,2,0,1.0,1.0,1.0,0.0,8.934,0.0
1781964330.442897,5518,0,2,0,1.0,1.0,1.0,0.0,8.939,0.0
1781964330.4827955,5528,0,2,0,1.0,1.0,1.0,0.0,8.944,0.0
1781964330.527902,5538,0,2,0,1.0,1.0,1.0,0.0,8.949,0.0
1781964330.5575764,5548,0,2,0,1.0,1.0,1.0,0.0,8.954,0.0
1781964330.594361,5558,0,2,0,1.0,1.0,1.0,0.0,8.959,0.0
1781964330.619763,5568,0,2,0,1.0,1.0,1.0,0.0,8.964,0.0
1781964330.6579998,5578,0,2,0,1.0,1.0,1.0,0.0,8.969,0.0
1781964330.7185361,5588,0,2,0,1.0,1.0,1.0,0.0,8.975,0.0
1781964330.7614264,5598,0,2,0,1.0,1.0,1.0,0.0,8.98,0.0
1781964330.8035252,5608,0,2,0,1.0,1.0,1.0,0.0,8.986,0.0
1781964330.8696246,5618,0,2,0,1.0,1.0,1.0,0.0,8.992,0.0
1781964330.911991,5628,0,2,0,1.0,1.0,1.0,0.0,8.997,0.0
1781964330.9512444,5638,0,2,0,1.0,1.0,1.0,0.0,9.003,0.0
1781964330.9990842,5648,0,2,0,1.0,1.0,1.0,0.0,9.009,0.0
1781964331.0451033,5658,0,2,0,1.0,1.0,1.0,0.0,9.015,0.0
1781964331.0804389,5668,0,2,0,1.0,1.0,1.0,0.0,9.022,0.0
1781964331.1165247,5678,0,2,0,1.0,1.0,1.0,0.0,9.028,0.0
1781964331.16029,5688,0,2,0,1.0,1.0,1.0,0.0,9.034,0.0
1781964331.1979938,5698,0,2,0,1.0,1.0,1.0,0.0,9.041,0.0
1781964331.2568967,5708,0,2,0,1.0,1.0,1.0,0.0,9.047,0.0
1781964331.3018777,5718,0,2,0,1.0,1.0,1.0,0.0,9.054,0.0
1781964331.3516488,5728,0,2,0,1.0,1.0,1.0,0.0,9.06,0.0
1781964334.71038,5738,0,2,0,1.0,1.0,1.0,0.0,9.067,0.0
1781964334.8001463,5748,0,2,0,1.0,1.0,1.0,0.0,9.074,0.0
1781964334.8782392,5758,0,2,0,1.0,1.0,1.0,0.0,9.081,0.0
1781964334.9258463,5768,0,2,0,1.0,1.0,1.0,0.0,9.088,0.0
1781964334.9654303,5778,0,2,0,1.0,1.0,1.0,0.0,9.095,0.0
1781964335.0073562,5788,0,2,0,1.0,1.0,1.0,0.0,9.102,0.0
1781964335.0392244,5798,0,2,0,1.0,1.0,1.0,0.0,9.11,0.0
1781964335.078831,5808,0,2,0,1.0,1.0,1.0,0.0,9.117,0.0
1781964335.1216404,5818,0,2,0,1.0,1.0,1.0,0.0,9.124,0.0
1781964335.159787,5828,0,2,0,1.0,1.0,1.0,0.0,9.131,0.0
1781964335.2298853,5838,0,2,0,1.0,1.0,1.0,0.0,9.139,0.0
1781964335.2799573,5848,0,2,0,1.0,1.0,1.0,0.0,9.147,0.0
1781964335.323615,5858,0,2,0,1.0,1.0,1.0,0.0,9.155,0.0
1781964335.3607955,5868,0,2,0,1.0,1.0,1.0,0.0,9.162,0.0
1781964335.4220214,5878,0,2,0,1.0,1.0,1.0,0.0,9.17,0.0
1781964335.458888,5888,0,2,0,1.0,1.0,1.0,0.0,9.178,0.0
1781964335.4998574,5898,0,2,0,1.0,1.0,1.0,0.0,9.187,0.0
1781964335.537405,5908,0,2,0,1.0,1.0,1.0,0.0,9.195,0.0
1781964335.590998,5918,0,2,0,1.0,1.0,1.0,0.0,9.203,0.0
1781964335.6492953,5928,0,2,0,1.0,1.0,1.0,0.0,9.211,0.0
1781964335.7013266,5938,0,2,0,1.0,1.0,1.0,0.0,9.22,0.0
1781964335.763161,5948,0,2,0,1.0,1.0,1.0,0.0,9.228,0.0
1781964335.8146935,5958,0,2,0,1.0,1.0,1.0,0.0,9.237,0.0
1781964335.876449,5968,0,2,0,1.0,1.0,1.0,0.0,9.245,0.0
1781964335.9733794,5978,0,2,0,1.0,1.0,1.0,0.0,9.254,0.0
1781964336.04361,5988,0,2,0,1.0,1.0,1.0,0.0,9.263,0.0
1781964336.0928943,5998,0,2,0,1.0,1.0,1.0,0.0,9.272,0.0
1781964336.1295445,6008,0,2,0,1.0,1.0,1.0,0.0,9.281,0.0
1781964336.1595109,6018,0,2,0,1.0,1.0,1.0,0.0,9.29,0.0
1781964336.1948156,6028,0,2,0,1.0,1.0,1.0,0.0,9.299,0.0
1781964336.2472844,6038,0,2,0,1.0,1.0,1.0,0.0,9.308,0.0
1781964336.3200371,6048,0,2,0,1.0,1.0,1.0,0.0,9.317,0.0
1781964336.3757205,6058,0,2,0,1.0,1.0,1.0,0.0,9.326,0.0
1781964336.4094684,6068,0,2,0,1.0,1.0,1.0,0.0,9.335,0.0
1781964336.4654362,6078,0,2,0,1.0,1.0,1.0,0.0,9.344,0.0
1781964336.5180385,6088,0,2,0,1.0,1.0,1.0,0.0,9.353,0.0
1781964336.5860543,6098,0,2,0,1.0,1.0,1.0,0.0,9.362,0.0
1781964336.6586003,6108,0,2,0,1.0,1.0,1.0,0.0,9.371,0.0
1781964336.7064843,6118,0,2,0,1.0,1.0,1.0,0.0,9.38,0.0
1781964336.7599003,6128,0,2,0,1.0,1.0,1.0,0.0,9.389,0.0
1781964336.803057,6138,0,2,0,1.0,1.0,1.0,0.0,9.398,0.0
1781964336.84414,6148,0,2,0,1.0,1.0,1.0,0.0,9.407,0.0
1781964336.8851159,6158,0,2,0,1.0,1.0,1.0,0.0,9.416,0.0
1781964336.9279172,6168,0,2,0,1.0,1.0,1.0,0.0,9.425,0.0
1781964336.9797318,6178,0,2,0,1.0,1.0,1.0,0.0,9.434,0.0
1781964337.0197363,6188,0,2,0,1.0,1.0,1.0,0.0,9.443,0.0
1781964337.0587332,6198,0,2,0,1.0,1.0,1.0,0.0,9.452,0.0
1781964337.1037524,6208,0,2,0,1.0,1.0,1.0,0.0,9.461,0.0
1781964337.1583889,6218,0,2,0,1.0,1.0,1.0,0.0,9.469,0.0
1781964337.2065516,6228,0,2,0,1.0,1.0,1.0,0.0,9.478,0.0
1781964337.257123,6238,0,2,0,1.0,1.0,1.0,0.0,9.487,0.0
1781964337.3091674,6248,0,2,0,1.0,1.0,1.0,0.0,9.496,0.0
1781964337.3474488,6258,0,2,0,1.0,1.0,1.0,0.0,9.505,0.0
1781964337.4032588,6268,0,2,0,1.0,1.0,1.0,0.0,9.514,0.0
1781964337.4523969,6278,0,2,0,1.0,1.0,1.0,0.0,9.523,0.0
1781964337.511864,6288,0,2,0,1.0,1.0,1.0,0.0,9.532,0.0
1781964337.5692067,6298,0,2,0,1.0,1.0,1.0,0.0,9.541,0.0
1781964337.6093633,6308,0,2,0,1.0,1.0,1.0,0.0,9.549,0.0
1781964337.641539,6318,0,2,0,1.0,1.0,1.0,0.0,9.558,0.0
1781964337.6837618,6328,0,2,0,1.0,1.0,1.0,0.0,9.567,0.0
1781964337.7208467,6338,0,2,0,1.0,1.0,1.0,0.0,9.576,0.0
1781964337.775029,6348,0,2,0,1.0,1.0,1.0,0.0,9.585,0.0
1781964337.8169153,6358,0,2,0,1.0,1.0,1.0,0.0,9.594,0.0
1781964337.8612816,6368,0,2,0,1.0,1.0,1.0,0.0,9.602,0.0
1781964337.9094722,6378,0,2,0,1.0,1.0,1.0,0.0,9.611,0.0
1781964337.9598498,6388,0,2,0,1.0,1.0,1.0,0.0,9.62,0.0
1781964338.033036,6398,0,2,0,1.0,1.0,1.0,0.0,9.629,0.0
1781964338.097661,6408,0,2,0,1.0,1.0,1.0,0.0,9.638,0.0
1781964338.124301,6418,0,2,0,1.0,1.0,1.0,0.0,9.646,0.0
1781964338.150793,6428,0,2,0,1.0,1.0,1.0,0.0,9.655,0.0
1781964338.178183,6438,0,2,0,1.0,1.0,1.0,0.0,9.664,0.0
1781964338.2349117,6448,0,2,0,1.0,1.0,1.0,0.0,9.673,0.0
1781964338.279228,6458,0,2,0,1.0,1.0,1.0,0.0,9.682,0.0
1781964338.317164,6468,0,2,0,1.0,1.0,1.0,0.0,9.69,0.0
1781964338.3529,6478,0,2,0,1.0,1.0,1.0,0.0,9.699,0.0
1781964338.433113,6488,0,2,0,1.0,1.0,1.0,0.0,9.708,0.0
1781964338.4625301,6498,0,2,0,1.0,1.0,1.0,0.0,9.717,0.0
1781964338.5127304,6508,0,2,0,1.0,1.0,1.0,0.0,9.726,0.0
1781964338.556627,6518,0,2,0,1.0,1.0,1.0,0.0,9.734,0.0
1781964338.602836,6528,0,2,0,1.0,1.0,1.0,0.0,9.743,0.0
1781964338.645305,6538,0,2,0,1.0,1.0,1.0,0.0,9.752,0.0
1781964338.679809,6548,0,2,0,1.0,1.0,1.0,0.0,9.761,0.0
1781964338.7137344,6558,0,2,0,1.0,1.0,1.0,0.0,9.77,0.0
1781964338.7470884,6568,0,2,0,1.0,1.0,1.0,0.0,9.779,0.0
1781964338.7805853,6578,0,2,0,1.0,1.0,1.0,0.0,9.788,0.0
1781964338.8152583,6588,0,2,0,1.0,1.0,1.0,0.0,9.796,0.0
1781964338.8530312,6598,0,2,0,1.0,1.0,1.0,0.0,9.805,0.0
1781964338.8959184,6608,0,2,0,1.0,1.0,1.0,0.0,9.814,0.0
1781964338.9319458,6618,0,2,0,1.0,1.0,1.0,0.0,9.823,0.0
1781964338.97986,6628,0,2,0,1.0,1.0,1.0,0.0,9.832,0.0
1781964339.0212955,6638,0,2,0,1.0,1.0,1.0,0.0,9.841,0.0
1781964339.0674849,6648,0,2,0,1.0,1.0,1.0,0.0,9.85,0.0
1781964339.1120358,6658,0,2,0,1.0,1.0,1.0,0.0,9.858,0.0
1781964339.1532047,6668,0,2,0,1.0,1.0,1.0,0.0,9.867,0.0
1781964339.197213,6678,0,2,0,1.0,1.0,1.0,0.0,9.876,0.0
1781964339.254642,6688,0,2,0,1.0,1.0,1.0,0.0,9.885,0.0
1781964339.2934992,6698,0,2,0,1.0,1.0,1.0,0.0,9.894,0.0
1781964339.3621001,6708,0,2,0,1.0,1.0,1.0,0.0,9.903,0.0
1781964339.413903,6718,0,2,0,1.0,1.0,1.0,0.0,9.912,0.0
1781964339.4678886,6728,0,2,0,1.0,1.0,1.0,0.0,9.92,0.0
1781964339.5089831,6738,0,2,0,1.0,1.0,1.0,0.0,9.929,0.0
1781964339.5580237,6748,0,2,0,1.0,1.0,1.0,0.0,9.938,0.0
1781964339.5929255,6758,0,2,0,1.0,1.0,1.0,0.0,9.947,0.0
1781964339.6438556,6768,0,2,0,1.0,1.0,1.0,0.0,9.956,0.0
1781964339.6926153,6778,0,2,0,1.0,1.0,1.0,0.0,9.964,0.0
1781964339.7526484,6788,0,2,0,1.0,1.0,1.0,0.0,9.973,0.0
1781964339.796912,6798,0,2,0,1.0,1.0,1.0,0.0,9.982,0.0
1781964339.8422713,6808,0,2,0,1.0,1.0,1.0,0.0,9.99,0.0
1781964339.8783793,6818,0,2,0,1.0,1.0,1.0,0.0,9.999,0.0
1781964339.9163766,6828,0,2,0,1.0,1.0,1.0,0.0,10.008,0.0
1781964339.9629369,6838,0,2,0,1.0,1.0,1.0,0.0,10.016,0.0
1781964340.0138,6848,0,2,0,1.0,1.0,1.0,0.0,10.025,0.0
1781964340.0631642,6858,0,2,0,1.0,1.0,1.0,0.0,10.033,0.0
1781964340.1003768,6868,0,2,0,1.0,1.0,1.0,0.0,10.042,0.0
1781964340.1451526,6878,0,2,0,1.0,1.0,1.0,0.0,10.05,0.0
1781964340.186221,6888,0,2,0,1.0,1.0,1.0,0.0,10.059,0.0
1781964340.2227433,6898,0,2,0,1.0,1.0,1.0,0.0,10.067,0.0
1781964340.2616599,6908,0,2,0,1.0,1.0,1.0,0.0,10.076,0.0
1781964340.342128,6918,0,2,0,1.0,1.0,1.0,0.0,10.084,0.0
1781964340.38564,6928,0,2,0,1.0,1.0,1.0,0.0,10.093,0.0
1781964340.4367106,6938,0,2,0,1.0,1.0,1.0,0.0,10.101,0.0
1781964340.4883623,6948,0,2,0,1.0,1.0,1.0,0.0,10.11,0.0
1781964340.522045,6958,0,2,0,1.0,1.0,1.0,0.0,10.118,0.0
1781964340.5639648,6968,0,2,0,1.0,1.0,1.0,0.0,10.127,0.0
1781964340.612662,6978,0,2,0,1.0,1.0,1.0,0.0,10.135,0.0
1781964340.650794,6988,0,2,0,1.0,1.0,1.0,0.0,10.143,0.0
1781964340.6820936,6998,0,2,0,1.0,1.0,1.0,0.0,10.152,0.0
1781964340.7157867,7008,0,2,0,1.0,1.0,1.0,0.0,10.16,0.0
1781964340.7499492,7018,0,2,0,1.0,1.0,1.0,0.0,10.168,0.0
1781964340.7836823,7028,0,2,0,1.0,1.0,1.0,0.0,10.177,0.0
1781964340.8186765,7038,0,2,0,1.0,1.0,1.0,0.0,10.185,0.0
1781964340.8547242,7048,0,2,0,1.0,1.0,1.0,0.0,10.193,0.0
1781964340.8860795,7058,0,2,0,1.0,1.0,1.0,0.0,10.202,0.0
1781964340.9312432,7068,0,2,0,1.0,1.0,1.0,0.0,10.21,0.0
1781964340.971346,7078,0,2,0,1.0,1.0,1.0,0.0,10.218,0.0
1781964341.012226,7088,0,2,0,1.0,1.0,1.0,0.0,10.226,0.0
1781964341.0495806,7098,0,2,0,1.0,1.0,1.0,0.0,10.234,0.0
1781964341.0911033,7108,0,2,0,1.0,1.0,1.0,0.0,10.242,0.0
1781964341.1473198,7118,0,2,0,1.0,1.0,1.0,0.0,10.25,0.0
1781964341.1803687,7128,0,2,0,1.0,1.0,1.0,0.0,10.258,0.0
1781964341.2335742,7138,0,2,0,1.0,1.0,1.0,0.0,10.266,0.0
1781964341.2751975,7148,0,2,0,1.0,1.0,1.0,0.0,10.274,0.0
1781964341.3193085,7158,0,2,0,1.0,1.0,1.0,0.0,10.282,0.0
1781964341.3628514,7168,0,2,0,1.0,1.0,1.0,0.0,10.289,0.0
1781964341.408487,7178,0,2,0,1.0,1.0,1.0,0.0,10.297,0.0
1781964341.4537401,7188,0,2,0,1.0,1.0,1.0,0.0,10.305,0.0
1781964341.4944637,7198,0,2,0,1.0,1.0,1.0,0.0,10.312,0.0
1781964341.5539474,7208,0,2,0,1.0,1.0,1.0,0.0,10.32,0.0
1781964341.613325,7218,0,2,0,1.0,1.0,1.0,0.0,10.328,0.0
1781964341.653101,7228,0,2,0,1.0,1.0,1.0,0.0,10.335,0.0
1781964341.6873443,7238,0,2,0,1.0,1.0,1.0,0.0,10.343,0.0
1781964341.7281632,7248,0,2,0,1.0,1.0,1.0,0.0,10.35,0.0
1781964341.7603512,7258,0,2,0,1.0,1.0,1.0,0.0,10.358,0.0
1781964341.7904193,7268,0,2,0,1.0,1.0,1.0,0.0,10.365,0.0
1781964341.8424473,7278,0,2,0,1.0,1.0,1.0,0.0,10.373,0.0
1781964341.8963733,7288,0,2,0,1.0,1.0,1.0,0.0,10.38,0.0
1781964341.9375818,7298,0,2,0,1.0,1.0,1.0,0.0,10.388,0.0
1781964341.9775627,7308,0,2,0,1.0,1.0,1.0,0.0,10.395,0.0
1781964342.0390923,7318,0,2,0,1.0,1.0,1.0,0.0,10.399,0.0
1781964342.0838294,7328,0,2,0,1.0,1.0,1.0,0.0,10.387,0.0
1781964342.118346,7338,0,2,0,1.0,1.0,1.0,0.0,10.376,0.0
1781964342.1600595,7348,0,2,0,1.0,1.0,1.0,0.0,10.365,0.0
1781964342.189883,7358,0,2,0,1.0,1.0,1.0,0.0,10.354,0.0
1781964342.2218335,7368,0,2,0,1.0,1.0,1.0,0.0,10.343,0.0
1781964342.2586677,7378,0,2,0,1.0,1.0,1.0,0.0,10.332,0.0
1781964342.3076992,7388,0,2,0,1.0,1.0,1.0,0.0,10.321,0.0
1781964342.351853,7398,0,2,0,1.0,1.0,1.0,0.0,10.311,0.0
1781964342.3992875,7408,0,2,0,1.0,1.0,1.0,0.0,10.3,0.0
1781964342.444691,7418,0,2,0,1.0,1.0,1.0,0.0,10.29,0.0
1781964342.4889123,7428,0,2,0,1.0,1.0,1.0,0.0,10.28,0.0
1781964342.5216527,7438,0,2,0,1.0,1.0,1.0,0.0,10.269,0.0
1781964342.568156,7448,0,2,0,1.0,1.0,1.0,0.0,10.259,0.0
1781964342.6097283,7458,0,2,0,1.0,1.0,1.0,0.0,10.249,0.0
1781964342.6360726,7468,0,2,0,1.0,1.0,1.0,0.0,10.239,0.0
1781964342.6820254,7478,0,2,0,1.0,1.0,1.0,0.0,10.23,0.0
1781964342.7245958,7488,0,2,0,1.0,1.0,1.0,0.0,10.22,0.0
1781964342.772647,7498,0,2,0,1.0,1.0,1.0,0.0,10.21,0.0
1781964342.814467,7508,0,2,0,1.0,1.0,1.0,0.0,10.201,0.0
1781964342.8840163,7518,0,2,0,1.0,1.0,1.0,0.0,10.191,0.0
1781964342.9335208,7528,0,2,0,1.0,1.0,1.0,0.0,10.182,0.0
1781964342.9685833,7538,0,2,0,1.0,1.0,1.0,0.0,10.173,0.0
1781964343.0049515,7548,0,2,0,1.0,1.0,1.0,0.0,10.164,0.0
1781964343.0377038,7558,0,2,0,1.0,1.0,1.0,0.0,10.155,0.0
1781964343.0826132,7568,0,2,0,1.0,1.0,1.0,0.0,10.147,0.0
1781964343.1197274,7578,0,2,0,1.0,1.0,1.0,0.0,10.138,0.0
1781964343.1486895,7588,0,2,0,1.0,1.0,1.0,0.0,10.129,0.0
1781964343.1864665,7598,0,2,0,1.0,1.0,1.0,0.0,10.121,0.0
1781964343.2207608,7608,0,2,0,1.0,1.0,1.0,0.0,10.112,0.0
1781964343.255858,7618,0,2,0,1.0,1.0,1.0,0.0,10.104,0.0
1781964343.2931712,7628,0,2,0,1.0,1.0,1.0,0.0,10.096,0.0
1781964343.3394449,7638,0,2,0,1.0,1.0,1.0,0.0,10.088,0.0
1781964343.3718946,7648,0,2,0,1.0,1.0,1.0,0.0,10.08,0.0
1781964343.4069526,7658,0,2,0,1.0,1.0,1.0,0.0,10.072,0.0
1781964343.4444263,7668,0,2,0,1.0,1.0,1.0,0.0,10.064,0.0
1781964343.4910593,7678,0,2,0,1.0,1.0,1.0,0.0,10.056,0.0
1781964343.5286756,7688,0,2,0,1.0,1.0,1.0,0.0,10.049,0.0
1781964343.5716279,7698,0,2,0,1.0,1.0,1.0,0.0,10.041,0.0
1781964343.6406763,7708,0,2,0,1.0,1.0,1.0,0.0,10.034,0.0
1781964343.7224524,7718,0,2,0,1.0,1.0,1.0,0.0,10.027,0.0
1781964343.7670739,7728,0,2,0,1.0,1.0,1.0,0.0,10.02,0.0
1781964343.8183315,7738,0,2,0,1.0,1.0,1.0,0.0,10.013,0.0
1781964343.8588247,7748,0,2,0,1.0,1.0,1.0,0.0,10.006,0.0
1781964343.902115,7758,0,2,0,1.0,1.0,1.0,0.0,10.0,0.0
1781964343.9516551,7768,0,2,0,1.0,1.0,1.0,0.0,9.993,0.0
1781964343.9972303,7778,0,2,0,1.0,1.0,1.0,0.0,9.987,0.0
1781964344.054845,7788,0,2,0,1.0,1.0,1.0,0.0,9.98,0.0
1781964344.0903046,7798,0,2,0,1.0,1.0,1.0,0.0,9.974,0.0
1781964344.1312864,7808,0,2,0,1.0,1.0,1.0,0.0,9.968,0.0
1781964344.1656454,7818,0,2,0,1.0,1.0,1.0,0.0,9.962,0.0
1781964344.1999567,7828,0,2,0,1.0,1.0,1.0,0.0,9.956,0.0
1781964344.247845,7838,0,2,0,1.0,1.0,1.0,0.0,9.95,0.0
1781964344.305425,7848,0,2,0,1.0,1.0,1.0,0.0,9.944,0.0
1781964344.3457012,7858,0,2,0,1.0,1.0,1.0,0.0,9.939,0.0
1781964344.382451,7868,0,2,0,1.0,1.0,1.0,0.0,9.933,0.0
1781964344.4270637,7878,0,2,0,1.0,1.0,1.0,0.0,9.927,0.0
1781964344.4665766,7888,0,2,0,1.0,1.0,1.0,0.0,9.922,0.0
1781964344.5313563,7898,0,2,0,1.0,1.0,1.0,0.0,9.917,0.0
1781964344.5832236,7908,0,2,0,1.0,1.0,1.0,0.0,9.911,0.0
1781964344.6900835,7918,0,2,0,1.0,1.0,1.0,0.0,9.906,0.0
1781964344.7177782,7928,0,2,0,1.0,1.0,1.0,0.0,9.901,0.0
1781964344.7523603,7938,0,2,0,1.0,1.0,1.0,0.0,9.896,0.0
1781964344.8029983,7948,0,2,0,1.0,1.0,1.0,0.0,9.891,0.0
1781964344.8362982,7958,0,2,0,1.0,1.0,1.0,0.0,9.886,0.0
1781964344.8727355,7968,0,2,0,1.0,1.0,1.0,0.0,9.881,0.0
1781964344.9072957,7978,0,2,0,1.0,1.0,1.0,0.0,9.876,0.0
1781964344.9595265,7988,0,2,0,1.0,1.0,1.0,0.0,9.872,0.0
1781964344.990827,7998,0,2,0,1.0,1.0,1.0,0.0,9.867,0.0
1781964345.036148,8008,0,2,0,1.0,1.0,1.0,0.0,9.863,0.0
1781964345.0597973,8018,0,2,0,1.0,1.0,1.0,0.0,9.858,0.0
1781964345.1035,8028,0,2,0,1.0,1.0,1.0,0.0,9.854,0.0
1781964345.1443758,8038,0,2,0,1.0,1.0,1.0,0.0,9.85,0.0
1781964345.1868258,8048,0,2,0,1.0,1.0,1.0,0.0,9.845,0.0
1781964345.223754,8058,0,2,0,1.0,1.0,1.0,0.0,9.841,0.0
1781964345.2765968,8068,0,2,0,1.0,1.0,1.0,0.0,9.838,0.0
1781964345.3247168,8078,0,2,0,1.0,1.0,1.0,0.0,9.834,0.0
1781964345.3843033,8088,0,2,0,1.0,1.0,1.0,0.0,9.83,0.0
1781964345.4275894,8098,0,2,0,1.0,1.0,1.0,0.0,9.826,0.0
1781964345.4658766,8108,0,2,0,1.0,1.0,1.0,0.0,9.823,0.0
1781964345.531827,8118,0,2,0,1.0,1.0,1.0,0.0,9.819,0.0
1781964345.5681045,8128,0,2,0,1.0,1.0,1.0,0.0,9.816,0.0
1781964345.6086361,8138,0,2,0,1.0,1.0,1.0,0.0,9.812,0.0
1781964345.6532621,8148,0,2,0,1.0,1.0,1.0,0.0,9.809,0.0
1781964345.7026775,8158,0,2,0,1.0,1.0,1.0,0.0,9.806,0.0
1781964345.7476406,8168,0,2,0,1.0,1.0,1.0,0.0,9.803,0.0
1781964345.7807305,8178,0,2,0,1.0,1.0,1.0,0.0,9.8,0.0
1781964345.8254886,8188,0,2,0,1.0,1.0,1.0,0.0,9.797,0.0
1781964345.8754387,8198,0,2,0,1.0,1.0,1.0,0.0,9.794,0.0
1781964345.925971,8208,0,2,0,1.0,1.0,1.0,0.0,9.792,0.0
1781964345.971433,8218,0,2,0,1.0,1.0,1.0,0.0,9.789,0.0
1781964346.0144367,8228,0,2,0,1.0,1.0,1.0,0.0,9.787,0.0
1781964346.0616386,8238,0,2,0,1.0,1.0,1.0,0.0,9.784,0.0
1781964346.098567,8248,0,2,0,1.0,1.0,1.0,0.0,9.782,0.0
1781964346.1624808,8258,0,2,0,1.0,1.0,1.0,0.0,9.78,0.0
1781964346.2201393,8268,0,2,0,1.0,1.0,1.0,0.0,9.778,0.0
1781964346.2616174,8278,0,2,0,1.0,1.0,1.0,0.0,9.776,0.0
1781964346.3027143,8288,0,2,0,1.0,1.0,1.0,0.0,9.774,0.0
1781964346.3396788,8298,0,2,0,1.0,1.0,1.0,0.0,9.772,0.0
1781964346.3867862,8308,0,2,0,1.0,1.0,1.0,0.0,9.77,0.0
1781964346.440355,8318,0,2,0,1.0,1.0,1.0,0.0,9.769,0.0
1781964346.4960694,8328,0,2,0,1.0,1.0,1.0,0.0,9.767,0.0
1781964346.5415106,8338,0,2,0,1.0,1.0,1.0,0.0,9.765,0.0
1781964346.5778294,8348,0,2,0,1.0,1.0,1.0,0.0,9.764,0.0
1781964346.6143575,8358,0,2,0,1.0,1.0,1.0,0.0,9.763,0.0
1781964346.6550503,8368,0,2,0,1.0,1.0,1.0,0.0,9.761,0.0
1781964346.696641,8378,0,2,0,1.0,1.0,1.0,0.0,9.76,0.0
1781964346.7458901,8388,0,2,0,1.0,1.0,1.0,0.0,9.759,0.0
1781964346.8065996,8398,0,2,0,1.0,1.0,1.0,0.0,9.758,0.0
1781964346.8591533,8408,0,2,0,1.0,1.0,1.0,0.0,9.757,0.0
1781964346.9094582,8418,0,2,0,1.0,1.0,1.0,0.0,9.756,0.0
1781964346.9455302,8428,0,2,0,1.0,1.0,1.0,0.0,9.756,0.0
1781964346.9784505,8438,0,2,0,1.0,1.0,1.0,0.0,9.755,0.0
1781964347.0290236,8448,0,2,0,1.0,1.0,1.0,0.0,9.754,0.0
1781964347.0646489,8458,0,2,0,1.0,1.0,1.0,0.0,9.754,0.0
1781964347.1090858,8468,0,2,0,1.0,1.0,1.0,0.0,9.753,0.0
1781964347.1498797,8478,0,2,0,1.0,1.0,1.0,0.0,9.753,0.0
1781964347.186736,8488,0,2,0,1.0,1.0,1.0,0.0,9.753,0.0
1781964347.229082,8498,0,2,0,1.0,1.0,1.0,0.0,9.753,0.0
1781964347.2621305,8508,0,2,0,1.0,1.0,1.0,0.0,9.752,0.0
1781964347.301617,8518,0,2,0,1.0,1.0,1.0,0.0,9.752,0.0
1781964347.343798,8528,0,2,0,1.0,1.0,1.0,0.0,9.753,0.0
1781964347.3749952,8538,0,2,0,1.0,1.0,1.0,0.0,9.753,0.0
1781964347.422632,8548,0,2,0,1.0,1.0,1.0,0.0,9.753,0.0
1781964347.4920645,8558,0,2,0,1.0,1.0,1.0,0.0,9.754,0.0
1781964347.5362663,8568,0,2,0,1.0,1.0,1.0,0.0,9.754,0.0
1781964347.578222,8578,0,2,0,1.0,1.0,1.0,0.0,9.755,0.0
1781964347.6216047,8588,0,2,0,1.0,1.0,1.0,0.0,9.755,0.0
1781964347.6540058,8598,0,2,0,1.0,1.0,1.0,0.0,9.756,0.0
1781964347.6775835,8608,0,2,0,1.0,1.0,1.0,0.0,9.756,0.0
1781964347.7096765,8618,0,2,0,1.0,1.0,1.0,0.0,9.757,0.0
1781964347.7424183,8628,0,2,0,1.0,1.0,1.0,0.0,9.758,0.0
1781964347.7823856,8638,0,2,0,1.0,1.0,1.0,0.0,9.759,0.0
1781964347.823254,8648,0,2,0,1.0,1.0,1.0,0.0,9.759,0.0
1781964347.8570337,8658,0,2,0,1.0,1.0,1.0,0.0,9.76,0.0
1781964347.895248,8668,0,2,0,1.0,1.0,1.0,0.0,9.761,0.0
1781964347.9442184,8678,0,2,0,1.0,1.0,1.0,0.0,9.762,0.0
1781964347.9901817,8688,0,2,0,1.0,1.0,1.0,0.0,9.764,0.0
1781964348.0377502,8698,0,2,0,1.0,1.0,1.0,0.0,9.765,0.0
1781964348.0801282,8708,0,2,0,1.0,1.0,1.0,0.0,9.766,0.0
1781964348.116283,8718,0,2,0,1.0,1.0,1.0,0.0,9.767,0.0
1781964348.1561654,8728,0,2,0,1.0,1.0,1.0,0.0,9.769,0.0
1781964348.2115657,8738,0,2,0,1.0,1.0,1.0,0.0,9.77,0.0
1781964348.2473028,8748,0,2,0,1.0,1.0,1.0,0.0,9.772,0.0
1781964348.3324423,8758,0,2,0,1.0,1.0,1.0,0.0,9.774,0.0
1781964348.3870735,8768,0,2,0,1.0,1.0,1.0,0.0,9.775,0.0
1781964348.4163718,8778,0,2,0,1.0,1.0,1.0,0.0,9.777,0.0
1781964348.474809,8788,0,2,0,1.0,1.0,1.0,0.0,9.779,0.0
1781964348.5124257,8798,0,2,0,1.0,1.0,1.0,0.0,9.781,0.0
1781964348.5527153,8808,0,2,0,1.0,1.0,1.0,0.0,9.783,0.0
1781964348.6081145,8818,0,2,0,1.0,1.0,1.0,0.0,9.785,0.0
1781964348.6479597,8828,0,2,0,1.0,1.0,1.0,0.0,9.787,0.0
1781964348.688832,8838,0,2,0,1.0,1.0,1.0,0.0,9.789,0.0
1781964348.737366,8848,0,2,0,1.0,1.0,1.0,0.0,9.791,0.0
1781964348.772778,8858,0,2,0,1.0,1.0,1.0,0.0,9.793,0.0
1781964348.814789,8868,0,2,0,1.0,1.0,1.0,0.0,9.796,0.0
1781964352.4380066,8878,0,2,0,1.0,1.0,1.0,0.0,9.798,0.0
1781964352.6085968,8888,0,2,0,1.0,1.0,1.0,0.0,9.801,0.0
1781964352.6947749,8898,0,2,0,1.0,1.0,1.0,0.0,9.803,0.0
1781964352.7847722,8908,0,2,0,1.0,1.0,1.0,0.0,9.806,0.0
1781964352.9055314,8918,0,2,0,1.0,1.0,1.0,0.0,9.809,0.0
1781964352.9472306,8928,0,2,0,1.0,1.0,1.0,0.0,9.811,0.0
1781964352.9884775,8938,0,2,0,1.0,1.0,1.0,0.0,9.814,0.0
1781964353.0235174,8948,0,2,0,1.0,1.0,1.0,0.0,9.817,0.0
1781964353.0556145,8958,0,2,0,1.0,1.0,1.0,0.0,9.82,0.0
1781964353.0911932,8968,0,2,0,1.0,1.0,1.0,0.0,9.823,0.0
1781964353.1420186,8978,0,2,0,1.0,1.0,1.0,0.0,9.826,0.0
1781964353.170903,8988,0,2,0,1.0,1.0,1.0,0.0,9.83,0.0
1781964353.225287,8998,0,2,0,1.0,1.0,1.0,0.0,9.833,0.0
1781964353.2691731,9008,0,2,0,1.0,1.0,1.0,0.0,9.836,0.0
1781964353.318999,9018,0,2,0,1.0,1.0,1.0,0.0,9.84,0.0
1781964353.3645415,9028,0,2,0,1.0,1.0,1.0,0.0,9.843,0.0
1781964353.4312034,9038,0,2,0,1.0,1.0,1.0,0.0,9.847,0.0
1781964353.4924705,9048,0,2,0,1.0,1.0,1.0,0.0,9.85,0.0
1781964353.5477927,9058,0,2,0,1.0,1.0,1.0,0.0,9.854,0.0
1781964353.608033,9068,0,2,0,1.0,1.0,1.0,0.0,9.857,0.0
1781964353.6559072,9078,0,2,0,1.0,1.0,1.0,0.0,9.861,0.0
1781964353.7122374,9088,0,2,0,1.0,1.0,1.0,0.0,9.865,0.0
1781964353.7462265,9098,0,2,0,1.0,1.0,1.0,0.0,9.869,0.0
1781964353.790999,9108,0,2,0,1.0,1.0,1.0,0.0,9.873,0.0
1781964353.8249087,9118,0,2,0,1.0,1.0,1.0,0.0,9.877,0.0
1781964353.8530881,9128,0,2,0,1.0,1.0,1.0,0.0,9.881,0.0
1781964353.882363,9138,0,2,0,1.0,1.0,1.0,0.0,9.885,0.0
1781964353.9139743,9148,0,2,0,1.0,1.0,1.0,0.0,9.889,0.0
1781964353.9473882,9158,0,2,0,1.0,1.0,1.0,0.0,9.893,0.0
1781964353.9821987,9168,0,2,0,1.0,1.0,1.0,0.0,9.898,0.0
1781964354.0272996,9178,0,2,0,1.0,1.0,1.0,0.0,9.902,0.0
1781964354.0683491,9188,0,2,0,1.0,1.0,1.0,0.0,9.907,0.0
1781964354.1043706,9198,0,2,0,1.0,1.0,1.0,0.0,9.911,0.0
1781964354.1533465,9208,0,2,0,1.0,1.0,1.0,0.0,9.916,0.0
1781964354.1954918,9218,0,2,0,1.0,1.0,1.0,0.0,9.92,0.0
1781964354.239886,9228,0,2,0,1.0,1.0,1.0,0.0,9.925,0.0
1781964354.2817268,9238,0,2,0,1.0,1.0,1.0,0.0,9.93,0.0
1781964354.3211105,9248,0,2,0,1.0,1.0,1.0,0.0,9.935,0.0
1781964354.3672545,9258,0,2,0,1.0,1.0,1.0,0.0,9.939,0.0
1781964354.3970244,9268,0,2,0,1.0,1.0,1.0,0.0,9.944,0.0
1781964354.5342793,9278,0,2,0,1.0,1.0,1.0,0.0,9.949,0.0
1781964354.573273,9288,0,2,0,1.0,1.0,1.0,0.0,9.954,0.0
1781964354.6168635,9298,0,2,0,1.0,1.0,1.0,0.0,9.959,0.0
1781964354.6586626,9308,0,2,0,1.0,1.0,1.0,0.0,9.963,0.0
1781964354.6905706,9318,0,2,0,1.0,1.0,1.0,0.0,9.968,0.0
1781964354.7269173,9328,0,2,0,1.0,1.0,1.0,0.0,9.973,0.0
1781964354.7626755,9338,0,2,0,1.0,1.0,1.0,0.0,9.978,0.0
1781964354.8229299,9348,0,2,0,1.0,1.0,1.0,0.0,9.983,0.0
1781964354.8756208,9358,0,2,0,1.0,1.0,1.0,0.0,9.988,0.0
1781964354.9097717,9368,0,2,0,1.0,1.0,1.0,0.0,9.993,0.0
1781964354.9435833,9378,0,2,0,1.0,1.0,1.0,0.0,9.997,0.0
1781964354.977677,9388,0,2,0,1.0,1.0,1.0,0.0,10.002,0.0
1781964355.018188,9398,0,2,0,1.0,1.0,1.0,0.0,10.007,0.0
1781964355.0477803,9408,0,2,0,1.0,1.0,1.0,0.0,10.012,0.0
1781964355.090113,9418,0,2,0,1.0,1.0,1.0,0.0,10.017,0.0
1781964355.1319244,9428,0,2,0,1.0,1.0,1.0,0.0,10.022,0.0
1781964355.1611812,9438,0,2,0,1.0,1.0,1.0,0.0,10.027,0.0
1781964355.214582,9448,0,2,0,1.0,1.0,1.0,0.0,10.032,0.0
1781964355.2603123,9458,0,2,0,1.0,1.0,1.0,0.0,10.037,0.0
1781964355.3105004,9468,0,2,0,1.0,1.0,1.0,0.0,10.042,0.0
1781964355.3623657,9478,0,2,0,1.0,1.0,1.0,0.0,10.046,0.0
1781964355.4098094,9488,0,2,0,1.0,1.0,1.0,0.0,10.051,0.0
1781964355.4582553,9498,0,2,0,1.0,1.0,1.0,0.0,10.056,0.0
1781964355.5001051,9508,0,2,0,1.0,1.0,1.0,0.0,10.061,0.0
1781964355.5788295,9518,0,2,0,1.0,1.0,1.0,0.0,10.066,0.0
1781964355.619021,9528,0,2,0,1.0,1.0,1.0,0.0,10.071,0.0
1781964355.6657386,9538,0,2,0,1.0,1.0,1.0,0.0,10.076,0.0
1781964355.7070146,9548,0,2,0,1.0,1.0,1.0,0.0,10.081,0.0
1781964355.7558231,9558,0,2,0,1.0,1.0,1.0,0.0,10.086,0.0
1781964355.7913148,9568,0,2,0,1.0,1.0,1.0,0.0,10.091,0.0
1781964355.8204567,9578,0,2,0,1.0,1.0,1.0,0.0,10.096,0.0
1781964355.8668897,9588,0,2,0,1.0,1.0,1.0,0.0,10.101,0.0
1781964355.9098063,9598,0,2,0,1.0,1.0,1.0,0.0,10.106,0.0
1781964355.9612377,9608,0,2,0,1.0,1.0,1.0,0.0,10.111,0.0
1781964356.0001564,9618,0,2,0,1.0,1.0,1.0,0.0,10.116,0.0
1781964356.0348508,9628,0,2,0,1.0,1.0,1.0,0.0,10.121,0.0
1781964356.096805,9638,0,2,0,1.0,1.0,1.0,0.0,10.126,0.0
1781964356.1284838,9648,0,2,0,1.0,1.0,1.0,0.0,10.131,0.0
1781964356.1617987,9658,0,2,0,1.0,1.0,1.0,0.0,10.136,0.0
1781964356.2040665,9668,0,2,0,1.0,1.0,1.0,0.0,10.142,0.0
1781964356.2432954,9678,0,2,0,1.0,1.0,1.0,0.0,10.147,0.0
1781964356.3450475,9688,0,2,0,1.0,1.0,1.0,0.0,10.152,0.0
1781964356.3920574,9698,0,2,0,1.0,1.0,1.0,0.0,10.157,0.0
1781964356.4348679,9708,0,2,0,1.0,1.0,1.0,0.0,10.162,0.0
1781964356.473541,9718,0,2,0,1.0,1.0,1.0,0.0,10.167,0.0
1781964356.5219297,9728,0,2,0,1.0,1.0,1.0,0.0,10.172,0.0
1781964356.5947528,9738,0,2,0,1.0,1.0,1.0,0.0,10.177,0.0
1781964356.6314807,9748,0,2,0,1.0,1.0,1.0,0.0,10.182,0.0
1781964356.6773398,9758,0,2,0,1.0,1.0,1.0,0.0,10.188,0.0
1781964356.7141151,9768,0,2,0,1.0,1.0,1.0,0.0,10.193,0.0
1781964356.7551215,9778,0,2,0,1.0,1.0,1.0,0.0,10.198,0.0
1781964356.8079455,9788,0,2,0,1.0,1.0,1.0,0.0,10.203,0.0
1781964356.849036,9798,0,2,0,1.0,1.0,1.0,0.0,10.208,0.0
1781964356.885419,9808,0,2,0,1.0,1.0,1.0,0.0,10.213,0.0
1781964356.9350653,9818,0,2,0,1.0,1.0,1.0,0.0,10.219,0.0
1781964356.989015,9828,0,2,0,1.0,1.0,1.0,0.0,10.224,0.0
1781964357.0358505,9838,0,2,0,1.0,1.0,1.0,0.0,10.229,0.0
1781964357.0762155,9848,0,2,0,1.0,1.0,1.0,0.0,10.234,0.0
1781964357.1181862,9858,0,2,0,1.0,1.0,1.0,0.0,10.239,0.0
1781964357.1614041,9868,0,2,0,1.0,1.0,1.0,0.0,10.245,0.0
1781964357.208599,9878,0,2,0,1.0,1.0,1.0,0.0,10.25,0.0
1781964357.2495606,9888,0,2,0,1.0,1.0,1.0,0.0,10.255,0.0
1781964357.298749,9898,0,2,0,1.0,1.0,1.0,0.0,10.26,0.0
1781964357.3401413,9908,0,2,0,1.0,1.0,1.0,0.0,10.266,0.0
1781964357.3861537,9918,0,2,0,1.0,1.0,1.0,0.0,10.271,0.0
1781964357.4300065,9928,0,2,0,1.0,1.0,1.0,0.0,10.276,0.0
1781964357.4756823,9938,0,2,0,1.0,1.0,1.0,0.0,10.281,0.0
1781964357.5204983,9948,0,2,0,1.0,1.0,1.0,0.0,10.287,0.0
1781964357.5722191,9958,0,2,0,1.0,1.0,1.0,0.0,10.292,0.0
1781964357.6198049,9968,0,2,0,1.0,1.0,1.0,0.0,10.297,0.0
1781964357.6657002,9978,0,2,0,1.0,1.0,1.0,0.0,10.303,0.0
1781964357.7017982,9988,0,2,0,1.0,1.0,1.0,0.0,10.308,0.0
1781964357.7283065,9998,0,2,0,1.0,1.0,1.0,0.0,10.313,0.0
1781964357.7601492,10008,0,2,0,1.0,1.0,1.0,0.0,10.318,0.0
1781964357.8091698,10018,0,2,0,1.0,1.0,1.0,0.0,10.323,0.0
1781964357.8596783,10028,0,2,0,1.0,1.0,1.0,0.0,10.328,0.0
1781964357.9261582,10038,0,2,0,1.0,1.0,1.0,0.0,10.333,0.0
1781964357.9567804,10048,0,2,0,1.0,1.0,1.0,0.0,10.338,0.0
1781964358.0010014,10058,0,2,0,1.0,1.0,1.0,0.0,10.343,0.0
1781964358.0579152,10068,0,2,0,1.0,1.0,1.0,0.0,10.348,0.0
1781964358.1021504,10078,0,2,0,1.0,1.0,1.0,0.0,10.353,0.0
1781964358.1535907,10088,0,2,0,1.0,1.0,1.0,0.0,10.358,0.0
1781964358.1971936,10098,0,2,0,1.0,1.0,1.0,0.0,10.363,0.0
1781964358.2278342,10108,0,2,0,1.0,1.0,1.0,0.0,10.368,0.0
1781964358.280066,10118,0,2,0,1.0,1.0,1.0,0.0,10.373,0.0
1781964358.3167608,10128,0,2,0,1.0,1.0,1.0,0.0,10.378,0.0
1781964358.3798442,10138,0,2,0,1.0,1.0,1.0,0.0,10.383,0.0
1781964358.416179,10148,0,2,0,1.0,1.0,1.0,0.0,10.388,0.0
1781964358.456192,10158,0,2,0,1.0,1.0,1.0,0.0,10.393,0.0
1781964358.489107,10168,0,2,0,1.0,1.0,1.0,0.0,10.398,0.0
1781964358.5277286,10178,0,2,0,1.0,1.0,1.0,0.0,10.403,0.0
1781964358.5671058,10188,0,2,0,1.0,1.0,1.0,0.0,10.408,0.0
1781964358.6150072,10198,0,2,0,1.0,1.0,1.0,0.0,10.413,0.0
1781964358.6573758,10208,0,2,0,1.0,1.0,1.0,0.0,10.418,0.0
1781964358.7015858,10218,0,2,0,1.0,1.0,1.0,0.0,10.423,0.0
1781964358.7404492,10228,0,2,0,1.0,1.0,1.0,0.0,10.428,0.0
1781964358.7752364,10238,0,2,0,1.0,1.0,1.0,0.0,10.433,0.0
1781964358.8125393,10248,0,2,0,1.0,1.0,1.0,0.0,10.438,0.0
1781964358.8521104,10258,0,2,0,1.0,1.0,1.0,0.0,10.443,0.0
1781964358.8893955,10268,0,2,0,1.0,1.0,1.0,0.0,10.448,0.0
1781964358.921935,10278,0,2,0,1.0,1.0,1.0,0.0,10.453,0.0
1781964358.979337,10288,0,2,0,1.0,1.0,1.0,0.0,10.458,0.0
1781964359.0228803,10298,0,2,0,1.0,1.0,1.0,0.0,10.463,0.0
1781964359.0887935,10308,0,2,0,1.0,1.0,1.0,0.0,10.468,0.0
1781964359.143252,10318,0,2,0,1.0,1.0,1.0,0.0,10.473,0.0
1781964359.2064545,10328,0,2,0,1.0,1.0,1.0,0.0,10.478,0.0
1781964359.2682781,10338,0,2,0,1.0,1.0,1.0,0.0,10.484,0.0
1781964359.30888,10348,0,2,0,1.0,1.0,1.0,0.0,10.489,0.0
1781964359.3463366,10358,0,2,0,1.0,1.0,1.0,0.0,10.494,0.0
1781964359.3926036,10368,0,2,0,1.0,1.0,1.0,0.0,10.499,0.0
1781964359.4275928,10378,0,2,0,1.0,1.0,1.0,0.0,10.504,0.0
1781964359.4635613,10388,0,2,0,1.0,1.0,1.0,0.0,10.509,0.0
1781964359.4876833,10398,0,2,0,1.0,1.0,1.0,0.0,10.514,0.0
1781964359.5347064,10408,0,2,0,1.0,1.0,1.0,0.0,10.519,0.0
1781964359.5652666,10418,0,2,0,1.0,1.0,1.0,0.0,10.525,0.0
1781964359.612629,10428,0,2,0,1.0,1.0,1.0,0.0,10.53,0.0
1781964359.6401846,10438,0,2,0,1.0,1.0,1.0,0.0,10.535,0.0
1781964359.6860423,10448,0,2,0,1.0,1.0,1.0,0.0,10.54,0.0
1781964359.7165923,10458,0,2,0,1.0,1.0,1.0,0.0,10.545,0.0
1781964359.7705903,10468,0,2,0,1.0,1.0,1.0,0.0,10.55,0.0
1781964359.8118732,10478,0,2,0,1.0,1.0,1.0,0.0,10.556,0.0
1781964359.8605337,10488,0,2,0,1.0,1.0,1.0,0.0,10.561,0.0
1781964359.8987844,10498,0,2,0,1.0,1.0,1.0,0.0,10.566,0.0
1781964359.9407425,10508,0,2,0,1.0,1.0,1.0,0.0,10.571,0.0
1781964359.9905746,10518,0,2,0,1.0,1.0,1.0,0.0,10.576,0.0
1781964360.0319705,10528,0,2,0,1.0,1.0,1.0,0.0,10.581,0.0
1781964360.1003428,10538,0,2,0,1.0,1.0,1.0,0.0,10.586,0.0
1781964360.1299546,10548,0,2,0,1.0,1.0,1.0,0.0,10.591,0.0
1781964360.1615431,10558,0,2,0,1.0,1.0,1.0,0.0,10.596,0.0
1781964360.194481,10568,0,2,0,1.0,1.0,1.0,0.0,10.601,0.0
1781964360.239399,10578,0,2,0,1.0,1.0,1.0,0.0,10.606,0.0
1781964360.2888305,10588,0,2,0,1.0,1.0,1.0,0.0,10.611,0.0
1781964360.337176,10598,0,2,0,1.0,1.0,1.0,0.0,10.616,0.0
1781964360.366457,10608,0,2,0,1.0,1.0,1.0,0.0,10.621,0.0
1781964360.4076474,10618,0,2,0,1.0,1.0,1.0,0.0,10.626,0.0
1781964360.449711,10628,0,2,0,1.0,1.0,1.0,0.0,10.631,0.0
1781964360.480285,10638,0,2,0,1.0,1.0,1.0,0.0,10.636,0.0
1781964360.5187147,10648,0,2,0,1.0,1.0,1.0,0.0,10.641,0.0
1781964360.587294,10658,0,2,0,1.0,1.0,1.0,0.0,10.646,0.0
1781964360.625951,10668,0,2,0,1.0,1.0,1.0,0.0,10.651,0.0
1781964360.6696723,10678,0,2,0,1.0,1.0,1.0,0.0,10.656,0.0
1781964360.7122529,10688,0,2,0,1.0,1.0,1.0,0.0,10.661,0.0
1781964360.7485144,10698,0,2,0,1.0,1.0,1.0,0.0,10.666,0.0
1781964360.789512,10708,0,2,0,1.0,1.0,1.0,0.0,10.66,0.0
1781964360.8312385,10718,0,2,0,1.0,1.0,1.0,0.0,10.652,0.0
1781964360.8707862,10728,0,2,0,1.0,1.0,1.0,0.0,10.644,0.0
1781964360.9357772,10738,0,2,0,1.0,1.0,1.0,0.0,10.636,0.0
1781964360.978547,10748,0,2,0,1.0,1.0,1.0,0.0,10.628,0.0
1781964361.0113995,10758,0,2,0,1.0,1.0,1.0,0.0,10.62,0.0
1781964361.0452461,10768,0,2,0,1.0,1.0,1.0,0.0,10.613,0.0
1781964361.0879998,10778,0,2,0,1.0,1.0,1.0,0.0,10.605,0.0
1781964361.1268985,10788,0,2,0,1.0,1.0,1.0,0.0,10.597,0.0
1781964361.1617868,10798,0,2,0,1.0,1.0,1.0,0.0,10.59,0.0
1781964361.2053673,10808,0,2,0,1.0,1.0,1.0,0.0,10.582,0.0
1781964361.2658021,10818,0,2,0,1.0,1.0,1.0,0.0,10.574,0.0
1781964361.3390925,10828,0,2,0,1.0,1.0,1.0,0.0,10.567,0.0
1781964361.3868546,10838,0,2,0,1.0,1.0,1.0,0.0,10.56,0.0
1781964361.426605,10848,0,2,0,1.0,1.0,1.0,0.0,10.553,0.0
1781964361.4785728,10858,0,2,0,1.0,1.0,1.0,0.0,10.545,0.0
1781964361.5332472,10868,0,2,0,1.0,1.0,1.0,0.0,10.538,0.0
1781964361.5793657,10878,0,2,0,1.0,1.0,1.0,0.0,10.531,0.0
1781964361.6212883,10888,0,2,0,1.0,1.0,1.0,0.0,10.524,0.0
1781964361.6555464,10898,0,2,0,1.0,1.0,1.0,0.0,10.517,0.0
1781964361.6902747,10908,0,2,0,1.0,1.0,1.0,0.0,10.511,0.0
1781964361.7364128,10918,0,2,0,1.0,1.0,1.0,0.0,10.504,0.0
1781964361.7793665,10928,0,2,0,1.0,1.0,1.0,0.0,10.497,0.0
1781964361.8611584,10938,0,2,0,1.0,1.0,1.0,0.0,10.491,0.0
1781964361.8937628,10948,0,2,0,1.0,1.0,1.0,0.0,10.484,0.0
1781964361.9381618,10958,0,2,0,1.0,1.0,1.0,0.0,10.477,0.0
1781964361.9733891,10968,0,2,0,1.0,1.0,1.0,0.0,10.471,0.0
1781964362.0078664,10978,0,2,0,1.0,1.0,1.0,0.0,10.464,0.0
1781964362.0514913,10988,0,2,0,1.0,1.0,1.0,0.0,10.458,0.0
1781964362.100078,10998,0,2,0,1.0,1.0,1.0,0.0,10.452,0.0
1781964362.1360168,11008,0,2,0,1.0,1.0,1.0,0.0,10.445,0.0
1781964362.201562,11018,0,2,0,1.0,1.0,1.0,0.0,10.439,0.0
1781964362.248566,11028,0,2,0,1.0,1.0,1.0,0.0,10.433,0.0
1781964362.2918468,11038,0,2,0,1.0,1.0,1.0,0.0,10.427,0.0
1781964362.3413692,11048,0,2,0,1.0,1.0,1.0,0.0,10.421,0.0
1781964362.3962638,11058,0,2,0,1.0,1.0,1.0,0.0,10.415,0.0
1781964362.4320965,11068,0,2,0,1.0,1.0,1.0,0.0,10.409,0.0
1781964362.473036,11078,0,2,0,1.0,1.0,1.0,0.0,10.403,0.0
1781964362.51806,11088,0,2,0,1.0,1.0,1.0,0.0,10.397,0.0
1781964362.5567455,11098,0,2,0,1.0,1.0,1.0,0.0,10.392,0.0
1781964362.6029341,11108,0,2,0,1.0,1.0,1.0,0.0,10.386,0.0
1781964362.6343231,11118,0,2,0,1.0,1.0,1.0,0.0,10.38,0.0
1781964362.660056,11128,0,2,0,1.0,1.0,1.0,0.0,10.375,0.0
1781964362.7281272,11138,0,2,0,1.0,1.0,1.0,0.0,10.37,0.0
1781964362.762913,11148,0,2,0,1.0,1.0,1.0,0.0,10.364,0.0
1781964362.8094454,11158,0,2,0,1.0,1.0,1.0,0.0,10.359,0.0
1781964362.8462138,11168,0,2,0,1.0,1.0,1.0,0.0,10.354,0.0
1781964362.8790305,11178,0,2,0,1.0,1.0,1.0,0.0,10.349,0.0
1781964362.9226596,11188,0,2,0,1.0,1.0,1.0,0.0,10.343,0.0
1781964362.9573991,11198,0,2,0,1.0,1.0,1.0,0.0,10.338,0.0
1781964363.003112,11208,0,2,0,1.0,1.0,1.0,0.0,10.333,0.0
1781964363.0452483,11218,0,2,0,1.0,1.0,1.0,0.0,10.329,0.0
1781964363.0956233,11228,0,2,0,1.0,1.0,1.0,0.0,10.324,0.0
1781964363.1376052,11238,0,2,0,1.0,1.0,1.0,0.0,10.319,0.0
1781964363.1887012,11248,0,2,0,1.0,1.0,1.0,0.0,10.314,0.0
1781964363.2202582,11258,0,2,0,1.0,1.0,1.0,0.0,10.31,0.0
1781964363.2693532,11268,0,2,0,1.0,1.0,1.0,0.0,10.305,0.0
1781964363.3185525,11278,0,2,0,1.0,1.0,1.0,0.0,10.301,0.0
1781964363.3501406,11288,0,2,0,1.0,1.0,1.0,0.0,10.296,0.0
1781964363.3923583,11298,0,2,0,1.0,1.0,1.0,0.0,10.292,0.0
1781964363.4274492,11308,0,2,0,1.0,1.0,1.0,0.0,10.288,0.0
1781964363.4629993,11318,0,2,0,1.0,1.0,1.0,0.0,10.284,0.0
1781964363.5269847,11328,0,2,0,1.0,1.0,1.0,0.0,10.28,0.0
1781964363.6028752,11338,0,2,0,1.0,1.0,1.0,0.0,10.276,0.0
1781964363.6416144,11348,0,2,0,1.0,1.0,1.0,0.0,10.272,0.0
1781964363.6667788,11358,0,2,0,1.0,1.0,1.0,0.0,10.268,0.0
1781964363.708241,11368,0,2,0,1.0,1.0,1.0,0.0,10.264,0.0
1781964363.7427015,11378,0,2,0,1.0,1.0,1.0,0.0,10.26,0.0
1781964363.7789485,11388,0,2,0,1.0,1.0,1.0,0.0,10.257,0.0
1781964363.8280077,11398,0,2,0,1.0,1.0,1.0,0.0,10.253,0.0
1781964363.8685446,11408,0,2,0,1.0,1.0,1.0,0.0,10.25,0.0
1781964363.9142716,11418,0,2,0,1.0,1.0,1.0,0.0,10.246,0.0
1781964363.9644217,11428,0,2,0,1.0,1.0,1.0,0.0,10.243,0.0
1781964364.0053973,11438,0,2,0,1.0,1.0,1.0,0.0,10.239,0.0
1781964364.0413046,11448,0,2,0,1.0,1.0,1.0,0.0,10.236,0.0
1781964364.0851846,11458,0,2,0,1.0,1.0,1.0,0.0,10.233,0.0
1781964364.1147108,11468,0,2,0,1.0,1.0,1.0,0.0,10.23,0.0
1781964364.1646407,11478,0,2,0,1.0,1.0,1.0,0.0,10.227,0.0
1781964364.2101223,11488,0,2,0,1.0,1.0,1.0,0.0,10.224,0.0
1781964364.2392375,11498,0,2,0,1.0,1.0,1.0,0.0,10.221,0.0
1781964364.2871706,11508,0,2,0,1.0,1.0,1.0,0.0,10.218,0.0
1781964364.3308241,11518,0,2,0,1.0,1.0,1.0,0.0,10.215,0.0
1781964364.3722587,11528,0,2,0,1.0,1.0,1.0,0.0,10.212,0.0
1781964364.4460492,11538,0,2,0,1.0,1.0,1.0,0.0,10.21,0.0
1781964364.4756684,11548,0,2,0,1.0,1.0,1.0,0.0,10.207,0.0
1781964364.5149674,11558,0,2,0,1.0,1.0,1.0,0.0,10.205,0.0
1781964364.5538378,11568,0,2,0,1.0,1.0,1.0,0.0,10.202,0.0
1781964364.5945184,11578,0,2,0,1.0,1.0,1.0,0.0,10.2,0.0
1781964364.6281488,11588,0,2,0,1.0,1.0,1.0,0.0,10.198,0.0
1781964364.661552,11598,0,2,0,1.0,1.0,1.0,0.0,10.195,0.0
1781964364.6945426,11608,0,2,0,1.0,1.0,1.0,0.0,10.193,0.0
1781964364.7435179,11618,0,2,0,1.0,1.0,1.0,0.0,10.191,0.0
1781964364.771931,11628,0,2,0,1.0,1.0,1.0,0.0,10.189,0.0
1781964364.8200374,11638,0,2,0,1.0,1.0,1.0,0.0,10.187,0.0
1781964364.856977,11648,0,2,0,1.0,1.0,1.0,0.0,10.185,0.0
1781964364.8979409,11658,0,2,0,1.0,1.0,1.0,0.0,10.183,0.0
1781964364.9485834,11668,0,2,0,1.0,1.0,1.0,0.0,10.182,0.0
1781964368.3256094,11678,0,2,0,1.0,1.0,1.0,0.0,10.181,0.0
1781964368.398325,11688,0,2,0,1.0,1.0,1.0,0.0,10.181,0.0
1781964368.472968,11698,0,2,0,1.0,1.0,1.0,0.0,10.181,0.0
1781964368.5993254,11708,0,2,0,1.0,1.0,1.0,0.0,10.181,0.0
1781964368.7009833,11718,0,2,0,1.0,1.0,1.0,0.0,10.181,0.0
1781964368.763312,11728,0,2,0,1.0,1.0,1.0,0.0,10.181,0.0
1781964368.8048806,11738,0,2,0,1.0,1.0,1.0,0.0,10.181,0.0
1781964368.8481104,11748,0,2,0,1.0,1.0,1.0,0.0,10.181,0.0
1781964368.9113932,11758,0,2,0,1.0,1.0,1.0,0.0,10.182,0.0
1781964368.9552596,11768,0,2,0,1.0,1.0,1.0,0.0,10.182,0.0
1781964368.9865284,11778,0,2,0,1.0,1.0,1.0,0.0,10.182,0.0
1781964369.011202,11788,0,2,0,1.0,1.0,1.0,0.0,10.183,0.0
1781964369.0396817,11798,0,2,0,1.0,1.0,1.0,0.0,10.183,0.0
1781964369.081618,11808,0,2,0,1.0,1.0,1.0,0.0,10.184,0.0
1781964369.1085598,11818,0,2,0,1.0,1.0,1.0,0.0,10.184,0.0
1781964369.1419957,11828,0,2,0,1.0,1.0,1.0,0.0,10.185,0.0
1781964369.1912048,11838,0,2,0,1.0,1.0,1.0,0.0,10.185,0.0
1781964369.2242985,11848,0,2,0,1.0,1.0,1.0,0.0,10.186,0.0
1781964369.2821388,11858,0,2,0,1.0,1.0,1.0,0.0,10.187,0.0
1781964369.312774,11868,0,2,0,1.0,1.0,1.0,0.0,10.187,0.0
1781964369.3402095,11878,0,2,0,1.0,1.0,1.0,0.0,10.188,0.0
1781964369.3850741,11888,0,2,0,1.0,1.0,1.0,0.0,10.189,0.0
1781964369.4539347,11898,0,2,0,1.0,1.0,1.0,0.0,10.19,0.0
1781964369.5292637,11908,0,2,0,1.0,1.0,1.0,0.0,10.191,0.0
1781964369.5803185,11918,0,2,0,1.0,1.0,1.0,0.0,10.192,0.0
1781964369.624236,11928,0,2,0,1.0,1.0,1.0,0.0,10.193,0.0
1781964369.6627326,11938,0,2,0,1.0,1.0,1.0,0.0,10.194,0.0
1781964369.7174911,11948,0,2,0,1.0,1.0,1.0,0.0,10.195,0.0
1781964369.7616673,11958,0,2,0,1.0,1.0,1.0,0.0,10.197,0.0
1781964369.8064256,11968,0,2,0,1.0,1.0,1.0,0.0,10.198,0.0
1781964369.8473399,11978,0,2,0,1.0,1.0,1.0,0.0,10.199,0.0
1781964369.9101725,11988,0,2,0,1.0,1.0,1.0,0.0,10.2,0.0
1781964369.9462361,11998,0,2,0,1.0,1.0,1.0,0.0,10.202,0.0
1781964369.9856403,12008,0,2,0,1.0,1.0,1.0,0.0,10.203,0.0
1781964370.0215034,12018,0,2,0,1.0,1.0,1.0,0.0,10.205,0.0
1781964370.0603325,12028,0,2,0,1.0,1.0,1.0,0.0,10.206,0.0
1781964370.089577,12038,0,2,0,1.0,1.0,1.0,0.0,10.208,0.0
1781964370.1196735,12048,0,2,0,1.0,1.0,1.0,0.0,10.21,0.0
1781964370.1452718,12058,0,2,0,1.0,1.0,1.0,0.0,10.211,0.0
1781964370.1854248,12068,0,2,0,1.0,1.0,1.0,0.0,10.213,0.0
1781964370.2224936,12078,0,2,0,1.0,1.0,1.0,0.0,10.215,0.0
1781964370.267379,12088,0,2,0,1.0,1.0,1.0,0.0,10.217,0.0
1781964370.289547,12098,0,2,0,1.0,1.0,1.0,0.0,10.219,0.0
1781964370.3301363,12108,0,2,0,1.0,1.0,1.0,0.0,10.221,0.0
1781964370.390243,12118,0,2,0,1.0,1.0,1.0,0.0,10.223,0.0
1781964370.4603717,12128,0,2,0,1.0,1.0,1.0,0.0,10.225,0.0
1781964370.5461488,12138,0,2,0,1.0,1.0,1.0,0.0,10.227,0.0
1781964370.6530194,12148,0,2,0,1.0,1.0,1.0,0.0,10.229,0.0
1781964370.7084007,12158,0,2,0,1.0,1.0,1.0,0.0,10.231,0.0
1781964370.7423258,12168,0,2,0,1.0,1.0,1.0,0.0,10.233,0.0
1781964370.777582,12178,0,2,0,1.0,1.0,1.0,0.0,10.235,0.0
1781964370.8247254,12188,0,2,0,1.0,1.0,1.0,0.0,10.237,0.0
1781964370.8912814,12198,0,2,0,1.0,1.0,1.0,0.0,10.239,0.0
1781964370.935425,12208,0,2,0,1.0,1.0,1.0,0.0,10.241,0.0
1781964370.9739172,12218,0,2,0,1.0,1.0,1.0,0.0,10.243,0.0
1781964371.024411,12228,0,2,0,1.0,1.0,1.0,0.0,10.245,0.0
1781964371.0605466,12238,0,2,0,1.0,1.0,1.0,0.0,10.248,0.0
1781964371.1043134,12248,0,2,0,1.0,1.0,1.0,0.0,10.25,0.0
1781964371.1513643,12258,0,2,0,1.0,1.0,1.0,0.0,10.252,0.0
1781964371.1900778,12268,0,2,0,1.0,1.0,1.0,0.0,10.254,0.0
1781964371.225439,12278,0,2,0,1.0,1.0,1.0,0.0,10.256,0.0
1781964371.2752736,12288,0,2,0,1.0,1.0,1.0,0.0,10.258,0.0
1781964371.317519,12298,0,2,0,1.0,1.0,1.0,0.0,10.26,0.0
1781964371.3514364,12308,0,2,0,1.0,1.0,1.0,0.0,10.263,0.0
1781964371.390512,12318,0,2,0,1.0,1.0,1.0,0.0,10.265,0.0
1781964371.4275587,12328,0,2,0,1.0,1.0,1.0,0.0,10.267,0.0
1781964371.462855,12338,0,2,0,1.0,1.0,1.0,0.0,10.269,0.0
1781964371.509928,12348,0,2,0,1.0,1.0,1.0,0.0,10.271,0.0
1781964371.5526526,12358,0,2,0,1.0,1.0,1.0,0.0,10.274,0.0
1781964371.5898573,12368,0,2,0,1.0,1.0,1.0,0.0,10.276,0.0
1781964371.6296818,12378,0,2,0,1.0,1.0,1.0,0.0,10.278,0.0
1781964371.6624923,12388,0,2,0,1.0,1.0,1.0,0.0,10.28,0.0
1781964371.707375,12398,0,2,0,1.0,1.0,1.0,0.0,10.283,0.0
1781964371.7506142,12408,0,2,0,1.0,1.0,1.0,0.0,10.285,0.0
1781964371.829678,12418,0,2,0,1.0,1.0,1.0,0.0,10.287,0.0
1781964371.864653,12428,0,2,0,1.0,1.0,1.0,0.0,10.29,0.0
1781964371.8985708,12438,0,2,0,1.0,1.0,1.0,0.0,10.292,0.0
1781964371.9405677,12448,0,2,0,1.0,1.0,1.0,0.0,10.294,0.0
1781964371.9934661,12458,0,2,0,1.0,1.0,1.0,0.0,10.296,0.0
1781964372.0428886,12468,0,2,0,1.0,1.0,1.0,0.0,10.299,0.0
1781964372.0964508,12478,0,2,0,1.0,1.0,1.0,0.0,10.301,0.0
1781964372.1439557,12488,0,2,0,1.0,1.0,1.0,0.0,10.304,0.0
1781964372.1891444,12498,0,2,0,1.0,1.0,1.0,0.0,10.306,0.0
1781964372.2382116,12508,0,2,0,1.0,1.0,1.0,0.0,10.308,0.0
1781964372.2909882,12518,0,2,0,1.0,1.0,1.0,0.0,10.311,0.0
1781964372.322916,12528,0,2,0,1.0,1.0,1.0,0.0,10.313,0.0
1781964372.3666368,12538,0,2,0,1.0,1.0,1.0,0.0,10.315,0.0
1781964372.4060326,12548,0,2,0,1.0,1.0,1.0,0.0,10.317,0.0
1781964372.4442945,12558,0,2,0,1.0,1.0,1.0,0.0,10.32,0.0
1781964372.4942925,12568,0,2,0,1.0,1.0,1.0,0.0,10.322,0.0
1781964372.5311267,12578,0,2,0,1.0,1.0,1.0,0.0,10.324,0.0
1781964372.5652843,12588,0,2,0,1.0,1.0,1.0,0.0,10.326,0.0
1781964372.6015654,12598,0,2,0,1.0,1.0,1.0,0.0,10.328,0.0
1781964372.649736,12608,0,2,0,1.0,1.0,1.0,0.0,10.331,0.0
1781964372.6933553,12618,0,2,0,1.0,1.0,1.0,0.0,10.333,0.0
1781964372.7337294,12628,0,2,0,1.0,1.0,1.0,0.0,10.335,0.0
1781964372.784396,12638,0,2,0,1.0,1.0,1.0,0.0,10.337,0.0
1781964372.825743,12648,0,2,0,1.0,1.0,1.0,0.0,10.339,0.0
1781964372.8680515,12658,0,2,0,1.0,1.0,1.0,0.0,10.342,0.0
1781964372.9102669,12668,0,2,0,1.0,1.0,1.0,0.0,10.344,0.0
1781964372.9541216,12678,0,2,0,1.0,1.0,1.0,0.0,10.346,0.0
1781964372.9866827,12688,0,2,0,1.0,1.0,1.0,0.0,10.349,0.0
1781964373.0235739,12698,0,2,0,1.0,1.0,1.0,0.0,10.351,0.0
1781964373.0777702,12708,0,2,0,1.0,1.0,1.0,0.0,10.353,0.0
1781964373.1140504,12718,0,2,0,1.0,1.0,1.0,0.0,10.355,0.0
1781964373.166564,12728,0,2,0,1.0,1.0,1.0,0.0,10.358,0.0
1781964373.2008247,12738,0,2,0,1.0,1.0,1.0,0.0,10.36,0.0
1781964373.2507691,12748,0,2,0,1.0,1.0,1.0,0.0,10.362,0.0
1781964373.2990022,12758,0,2,0,1.0,1.0,1.0,0.0,10.364,0.0
1781964373.3380454,12768,0,2,0,1.0,1.0,1.0,0.0,10.367,0.0
1781964373.378662,12778,0,2,0,1.0,1.0,1.0,0.0,10.369,0.0
1781964373.406932,12788,0,2,0,1.0,1.0,1.0,0.0,10.371,0.0
1781964373.4443126,12798,0,2,0,1.0,1.0,1.0,0.0,10.373,0.0
1781964373.489551,12808,0,2,0,1.0,1.0,1.0,0.0,10.375,0.0
1781964373.5377622,12818,0,2,0,1.0,1.0,1.0,0.0,10.377,0.0
1781964373.5719633,12828,0,2,0,1.0,1.0,1.0,0.0,10.38,0.0
1781964373.6069336,12838,0,2,0,1.0,1.0,1.0,0.0,10.382,0.0
1781964373.6426935,12848,0,2,0,1.0,1.0,1.0,0.0,10.384,0.0
1781964373.7414203,12858,0,2,0,1.0,1.0,1.0,0.0,10.386,0.0
1781964373.7878492,12868,0,2,0,1.0,1.0,1.0,0.0,10.389,0.0
1781964373.8487191,12878,0,2,0,1.0,1.0,1.0,0.0,10.391,0.0
1781964373.8935628,12888,0,2,0,1.0,1.0,1.0,0.0,10.393,0.0
1781964373.9294207,12898,0,2,0,1.0,1.0,1.0,0.0,10.395,0.0
1781964373.9751241,12908,0,2,0,1.0,1.0,1.0,0.0,10.398,0.0
1781964374.008479,12918,0,2,0,1.0,1.0,1.0,0.0,10.4,0.0
1781964374.047776,12928,0,2,0,1.0,1.0,1.0,0.0,10.402,0.0
1781964374.082953,12938,0,2,0,1.0,1.0,1.0,0.0,10.404,0.0
1781964374.123579,12948,0,2,0,1.0,1.0,1.0,0.0,10.407,0.0
1781964374.181709,12958,0,2,0,1.0,1.0,1.0,0.0,10.409,0.0
1781964374.2161155,12968,0,2,0,1.0,1.0,1.0,0.0,10.411,0.0
1781964374.2501657,12978,0,2,0,1.0,1.0,1.0,0.0,10.414,0.0
1781964374.299401,12988,0,2,0,1.0,1.0,1.0,0.0,10.416,0.0
1781964374.3298533,12998,0,2,0,1.0,1.0,1.0,0.0,10.418,0.0
1781964374.358086,13008,0,2,0,1.0,1.0,1.0,0.0,10.421,0.0
1781964374.4034872,13018,0,2,0,1.0,1.0,1.0,0.0,10.423,0.0
1781964374.4506001,13028,0,2,0,1.0,1.0,1.0,0.0,10.425,0.0
1781964374.500465,13038,0,2,0,1.0,1.0,1.0,0.0,10.428,0.0
1781964374.5526805,13048,0,2,0,1.0,1.0,1.0,0.0,10.43,0.0
1781964374.591476,13058,0,2,0,1.0,1.0,1.0,0.0,10.433,0.0
1781964374.7379508,13068,0,2,0,1.0,1.0,1.0,0.0,10.435,0.0
1781964374.7866716,13078,0,2,0,1.0,1.0,1.0,0.0,10.437,0.0
1781964374.820167,13088,0,2,0,1.0,1.0,1.0,0.0,10.44,0.0
1781964374.8791819,13098,0,2,0,1.0,1.0,1.0,0.0,10.442,0.0
1781964374.922349,13108,0,2,0,1.0,1.0,1.0,0.0,10.445,0.0
1781964374.9672348,13118,0,2,0,1.0,1.0,1.0,0.0,10.447,0.0
1781964375.056553,13128,0,2,0,1.0,1.0,1.0,0.0,10.45,0.0
1781964375.1034532,13138,0,2,0,1.0,1.0,1.0,0.0,10.452,0.0
1781964375.1504958,13148,0,2,0,1.0,1.0,1.0,0.0,10.455,0.0
1781964375.2021055,13158,0,2,0,1.0,1.0,1.0,0.0,10.457,0.0
1781964375.2273211,13168,0,2,0,1.0,1.0,1.0,0.0,10.46,0.0
1781964375.3406458,13178,0,2,0,1.0,1.0,1.0,0.0,10.462,0.0
1781964375.375158,13188,0,2,0,1.0,1.0,1.0,0.0,10.465,0.0
1781964375.4238877,13198,0,2,0,1.0,1.0,1.0,0.0,10.467,0.0
1781964375.4576292,13208,0,2,0,1.0,1.0,1.0,0.0,10.47,0.0
1781964375.4928148,13218,0,2,0,1.0,1.0,1.0,0.0,10.472,0.0
1781964375.535912,13228,0,2,0,1.0,1.0,1.0,0.0,10.475,0.0
1781964375.5621676,13238,0,2,0,1.0,1.0,1.0,0.0,10.477,0.0
1781964375.5965788,13248,0,2,0,1.0,1.0,1.0,0.0,10.48,0.0
1781964375.6304584,13258,0,2,0,1.0,1.0,1.0,0.0,10.482,0.0
1781964375.6936462,13268,0,2,0,1.0,1.0,1.0,0.0,10.485,0.0
1781964375.7383828,13278,0,2,0,1.0,1.0,1.0,0.0,10.487,0.0
1781964375.788539,13288,0,2,0,1.0,1.0,1.0,0.0,10.49,0.0
1781964375.8197966,13298,0,2,0,1.0,1.0,1.0,0.0,10.492,0.0
1781964375.8591063,13308,0,2,0,1.0,1.0,1.0,0.0,10.495,0.0
1781964375.8913338,13318,0,2,0,1.0,1.0,1.0,0.0,10.497,0.0
1781964375.9329896,13328,0,2,0,1.0,1.0,1.0,0.0,10.5,0.0
1781964375.976532,13338,0,2,0,1.0,1.0,1.0,0.0,10.502,0.0
1781964376.0267477,13348,0,2,0,1.0,1.0,1.0,0.0,10.505,0.0
1781964376.0664763,13358,0,2,0,1.0,1.0,1.0,0.0,10.507,0.0
1781964376.0996256,13368,0,2,0,1.0,1.0,1.0,0.0,10.51,0.0
1781964376.1411335,13378,0,2,0,1.0,1.0,1.0,0.0,10.512,0.0
1781964376.1959896,13388,0,2,0,1.0,1.0,1.0,0.0,10.515,0.0
1781964376.2383316,13398,0,2,0,1.0,1.0,1.0,0.0,10.517,0.0
1781964376.280707,13408,0,2,0,1.0,1.0,1.0,0.0,10.516,0.0
1781964376.3370903,13418,0,2,0,1.0,1.0,1.0,0.0,10.51,0.0
1781964376.3954632,13428,0,2,0,1.0,1.0,1.0,0.0,10.504,0.0
1781964376.4545026,13438,0,2,0,1.0,1.0,1.0,0.0,10.498,0.0
1781964376.4958277,13448,0,2,0,1.0,1.0,1.0,0.0,10.491,0.0
1781964376.5451112,13458,0,2,0,1.0,1.0,1.0,0.0,10.485,0.0
1781964376.6047297,13468,0,2,0,1.0,1.0,1.0,0.0,10.479,0.0
1781964376.6561012,13478,0,2,0,1.0,1.0,1.0,0.0,10.473,0.0
1781964376.6965716,13488,0,2,0,1.0,1.0,1.0,0.0,10.468,0.0
1781964376.7391987,13498,0,2,0,1.0,1.0,1.0,0.0,10.462,0.0
1781964376.7903063,13508,0,2,0,1.0,1.0,1.0,0.0,10.456,0.0
1781964376.8237512,13518,0,2,0,1.0,1.0,1.0,0.0,10.45,0.0
1781964376.8670795,13528,0,2,0,1.0,1.0,1.0,0.0,10.445,0.0
1781964376.917753,13538,0,2,0,1.0,1.0,1.0,0.0,10.439,0.0
1781964376.9726205,13548,0,2,0,1.0,1.0,1.0,0.0,10.433,0.0
1781964377.0163348,13558,0,2,0,1.0,1.0,1.0,0.0,10.428,0.0
1781964377.0627959,13568,0,2,0,1.0,1.0,1.0,0.0,10.422,0.0
1781964377.0907948,13578,0,2,0,1.0,1.0,1.0,0.0,10.417,0.0
1781964377.1315043,13588,0,2,0,1.0,1.0,1.0,0.0,10.411,0.0
1781964377.180782,13598,0,2,0,1.0,1.0,1.0,0.0,10.406,0.0
1781964377.22007,13608,0,2,0,1.0,1.0,1.0,0.0,10.401,0.0
1781964377.272247,13618,0,2,0,1.0,1.0,1.0,0.0,10.396,0.0
1781964377.3136714,13628,0,2,0,1.0,1.0,1.0,0.0,10.39,0.0
1781964377.344402,13638,0,2,0,1.0,1.0,1.0,0.0,10.385,0.0
1781964377.396215,13648,0,2,0,1.0,1.0,1.0,0.0,10.38,0.0
1781964377.4412503,13658,0,2,0,1.0,1.0,1.0,0.0,10.375,0.0
1781964377.5480926,13668,0,2,0,1.0,1.0,1.0,0.0,10.37,0.0
1781964377.6041608,13678,0,2,0,1.0,1.0,1.0,0.0,10.365,0.0
1781964377.6575131,13688,0,2,0,1.0,1.0,1.0,0.0,10.36,0.0
1781964377.7205927,13698,0,2,0,1.0,1.0,1.0,0.0,10.356,0.0
1781964377.7763627,13708,0,2,0,1.0,1.0,1.0,0.0,10.351,0.0
1781964377.834856,13718,0,2,0,1.0,1.0,1.0,0.0,10.346,0.0
1781964377.8876383,13728,0,2,0,1.0,1.0,1.0,0.0,10.341,0.0
1781964377.947892,13738,0,2,0,1.0,1.0,1.0,0.0,10.337,0.0
1781964377.9940255,13748,0,2,0,1.0,1.0,1.0,0.0,10.332,0.0
1781964378.0332978,13758,0,2,0,1.0,1.0,1.0,0.0,10.328,0.0
1781964378.0720243,13768,0,2,0,1.0,1.0,1.0,0.0,10.323,0.0
1781964378.10428,13778,0,2,0,1.0,1.0,1.0,0.0,10.319,0.0
1781964378.1563268,13788,0,2,0,1.0,1.0,1.0,0.0,10.314,0.0
1781964378.2019408,13798,0,2,0,1.0,1.0,1.0,0.0,10.31,0.0
1781964378.2448366,13808,0,2,0,1.0,1.0,1.0,0.0,10.306,0.0
1781964378.2974331,13818,0,2,0,1.0,1.0,1.0,0.0,10.302,0.0
1781964378.3251874,13828,0,2,0,1.0,1.0,1.0,0.0,10.298,0.0
1781964378.3597968,13838,0,2,0,1.0,1.0,1.0,0.0,10.293,0.0
1781964378.4071395,13848,0,2,0,1.0,1.0,1.0,0.0,10.289,0.0
1781964378.4358273,13858,0,2,0,1.0,1.0,1.0,0.0,10.285,0.0
1781964378.4922621,13868,0,2,0,1.0,1.0,1.0,0.0,10.281,0.0
1781964378.5301707,13878,0,2,0,1.0,1.0,1.0,0.0,10.277,0.0
1781964378.5909746,13888,0,2,0,1.0,1.0,1.0,0.0,10.274,0.0
1781964378.6356559,13898,0,2,0,1.0,1.0,1.0,0.0,10.27,0.0
1781964378.71016,13908,0,2,0,1.0,1.0,1.0,0.0,10.266,0.0
1781964378.7525015,13918,0,2,0,1.0,1.0,1.0,0.0,10.262,0.0
1781964378.8003666,13928,0,2,0,1.0,1.0,1.0,0.0,10.258,0.0
1781964378.8523824,13938,0,2,0,1.0,1.0,1.0,0.0,10.255,0.0
1781964378.9109771,13948,0,2,0,1.0,1.0,1.0,0.0,10.251,0.0
1781964378.953352,13958,0,2,0,1.0,1.0,1.0,0.0,10.248,0.0
1781964378.9972668,13968,0,2,0,1.0,1.0,1.0,0.0,10.244,0.0
1781964379.039577,13978,0,2,0,1.0,1.0,1.0,0.0,10.241,0.0
1781964379.0822937,13988,0,2,0,1.0,1.0,1.0,0.0,10.237,0.0
1781964379.121359,13998,0,2,0,1.0,1.0,1.0,0.0,10.234,0.0
1781964379.1567497,14008,0,2,0,1.0,1.0,1.0,0.0,10.231,0.0
1781964379.1998377,14018,0,2,0,1.0,1.0,1.0,0.0,10.227,0.0
1781964379.2356656,14028,0,2,0,1.0,1.0,1.0,0.0,10.224,0.0
1781964379.2749698,14038,0,2,0,1.0,1.0,1.0,0.0,10.221,0.0
1781964379.3167162,14048,0,2,0,1.0,1.0,1.0,0.0,10.218,0.0
1781964379.3459444,14058,0,2,0,1.0,1.0,1.0,0.0,10.215,0.0
1781964379.3838768,14068,0,2,0,1.0,1.0,1.0,0.0,10.212,0.0
1781964379.4216049,14078,0,2,0,1.0,1.0,1.0,0.0,10.209,0.0
1781964379.4625514,14088,0,2,0,1.0,1.0,1.0,0.0,10.206,0.0
1781964379.5060534,14098,0,2,0,1.0,1.0,1.0,0.0,10.203,0.0
1781964379.540783,14108,0,2,0,1.0,1.0,1.0,0.0,10.2,0.0
1781964379.6013587,14118,0,2,0,1.0,1.0,1.0,0.0,10.197,0.0
1781964379.6355338,14128,0,2,0,1.0,1.0,1.0,0.0,10.194,0.0
1781964379.6768396,14138,0,2,0,1.0,1.0,1.0,0.0,10.192,0.0
1781964379.7811565,14148,0,2,0,1.0,1.0,1.0,0.0,10.189,0.0
1781964383.167496,14158,0,2,0,1.0,1.0,1.0,0.0,10.187,0.0
1781964383.2456653,14168,0,2,0,1.0,1.0,1.0,0.0,10.186,0.0
1781964383.3237064,14178,0,2,0,1.0,1.0,1.0,0.0,10.186,0.0
1781964383.4266555,14188,0,2,0,1.0,1.0,1.0,0.0,10.185,0.0
1781964383.4819036,14198,0,2,0,1.0,1.0,1.0,0.0,10.184,0.0
1781964383.569585,14208,0,2,0,1.0,1.0,1.0,0.0,10.184,0.0
1781964383.6433928,14218,0,2,0,1.0,1.0,1.0,0.0,10.183,0.0
1781964383.686827,14228,0,2,0,1.0,1.0,1.0,0.0,10.182,0.0
1781964383.7390568,14238,0,2,0,1.0,1.0,1.0,0.0,10.182,0.0
1781964383.7848568,14248,0,2,0,1.0,1.0,1.0,0.0,10.181,0.0
1781964383.8167083,14258,0,2,0,1.0,1.0,1.0,0.0,10.181,0.0
1781964383.8426516,14268,0,2,0,1.0,1.0,1.0,0.0,10.181,0.0
1781964383.8783457,14278,0,2,0,1.0,1.0,1.0,0.0,10.18,0.0
1781964383.9125845,14288,0,2,0,1.0,1.0,1.0,0.0,10.18,0.0
1781964383.9496634,14298,0,2,0,1.0,1.0,1.0,0.0,10.18,0.0
1781964383.9844773,14308,0,2,0,1.0,1.0,1.0,0.0,10.179,0.0
1781964384.0123727,14318,0,2,0,1.0,1.0,1.0,0.0,10.179,0.0
1781964384.0545826,14328,0,2,0,1.0,1.0,1.0,0.0,10.179,0.0
1781964384.0963137,14338,0,2,0,1.0,1.0,1.0,0.0,10.179,0.0
1781964384.1445694,14348,0,2,0,1.0,1.0,1.0,0.0,10.179,0.0
1781964384.2228942,14358,0,2,0,1.0,1.0,1.0,0.0,10.179,0.0
1781964384.283031,14368,0,2,0,1.0,1.0,1.0,0.0,10.179,0.0
1781964384.4081836,14378,0,2,0,1.0,1.0,1.0,0.0,10.179,0.0
1781964384.4405296,14388,0,2,0,1.0,1.0,1.0,0.0,10.179,0.0
1781964384.4791431,14398,0,2,0,1.0,1.0,1.0,0.0,10.179,0.0
1781964384.5181448,14408,0,2,0,1.0,1.0,1.0,0.0,10.18,0.0
1781964384.554719,14418,0,2,0,1.0,1.0,1.0,0.0,10.18,0.0
1781964384.599391,14428,0,2,0,1.0,1.0,1.0,0.0,10.18,0.0
1781964384.6368954,14438,0,2,0,1.0,1.0,1.0,0.0,10.18,0.0
1781964384.6821606,14448,0,2,0,1.0,1.0,1.0,0.0,10.181,0.0
1781964384.720301,14458,0,2,0,1.0,1.0,1.0,0.0,10.181,0.0
1781964384.759428,14468,0,2,0,1.0,1.0,1.0,0.0,10.182,0.0
1781964384.7898283,14478,0,2,0,1.0,1.0,1.0,0.0,10.182,0.0
1781964384.8375037,14488,0,2,0,1.0,1.0,1.0,0.0,10.183,0.0
1781964384.8701847,14498,0,2,0,1.0,1.0,1.0,0.0,10.183,0.0
1781964384.9178846,14508,0,2,0,1.0,1.0,1.0,0.0,10.184,0.0
1781964384.9786637,14518,0,2,0,1.0,1.0,1.0,0.0,10.184,0.0
1781964385.0186343,14528,0,2,0,1.0,1.0,1.0,0.0,10.185,0.0
1781964385.0698066,14538,0,2,0,1.0,1.0,1.0,0.0,10.186,0.0
1781964385.1028461,14548,0,2,0,1.0,1.0,1.0,0.0,10.187,0.0
1781964385.133166,14558,0,2,0,1.0,1.0,1.0,0.0,10.188,0.0
1781964385.180163,14568,0,2,0,1.0,1.0,1.0,0.0,10.189,0.0
1781964385.2413986,14578,0,2,0,1.0,1.0,1.0,0.0,10.19,0.0
1781964385.3358636,14588,0,2,0,1.0,1.0,1.0,0.0,10.19,0.0
1781964385.4062402,14598,0,2,0,1.0,1.0,1.0,0.0,10.191,0.0
1781964385.4547868,14608,0,2,0,1.0,1.0,1.0,0.0,10.192,0.0
1781964385.543496,14618,0,2,0,1.0,1.0,1.0,0.0,10.193,0.0
1781964385.5814502,14628,0,2,0,1.0,1.0,1.0,0.0,10.194,0.0
1781964385.6279263,14638,0,2,0,1.0,1.0,1.0,0.0,10.195,0.0
1781964385.66606,14648,0,2,0,1.0,1.0,1.0,0.0,10.196,0.0
1781964385.7178895,14658,0,2,0,1.0,1.0,1.0,0.0,10.197,0.0
1781964385.7592394,14668,0,2,0,1.0,1.0,1.0,0.0,10.198,0.0
1781964385.7906249,14678,0,2,0,1.0,1.0,1.0,0.0,10.199,0.0
1781964385.8536742,14688,0,2,0,1.0,1.0,1.0,0.0,10.2,0.0
1781964385.8853748,14698,0,2,0,1.0,1.0,1.0,0.0,10.201,0.0
1781964385.942331,14708,0,2,0,1.0,1.0,1.0,0.0,10.203,0.0
1781964385.986029,14718,0,2,0,1.0,1.0,1.0,0.0,10.204,0.0
1781964386.033605,14728,0,2,0,1.0,1.0,1.0,0.0,10.205,0.0
1781964386.0726244,14738,0,2,0,1.0,1.0,1.0,0.0,10.206,0.0
1781964386.1054072,14748,0,2,0,1.0,1.0,1.0,0.0,10.207,0.0
1781964386.1476839,14758,0,2,0,1.0,1.0,1.0,0.0,10.208,0.0
1781964386.186066,14768,0,2,0,1.0,1.0,1.0,0.0,10.209,0.0
1781964386.224469,14778,0,2,0,1.0,1.0,1.0,0.0,10.21,0.0
1781964386.2751198,14788,0,2,0,1.0,1.0,1.0,0.0,10.211,0.0
1781964386.3110201,14798,0,2,0,1.0,1.0,1.0,0.0,10.212,0.0
1781964386.34414,14808,0,2,0,1.0,1.0,1.0,0.0,10.213,0.0
1781964386.3939118,14818,0,2,0,1.0,1.0,1.0,0.0,10.215,0.0
1781964386.4903536,14828,0,2,0,1.0,1.0,1.0,0.0,10.216,0.0
1781964386.5321815,14838,0,2,0,1.0,1.0,1.0,0.0,10.217,0.0
1781964386.5962276,14848,0,2,0,1.0,1.0,1.0,0.0,10.218,0.0
1781964386.6355894,14858,0,2,0,1.0,1.0,1.0,0.0,10.219,0.0
1781964386.6834235,14868,0,2,0,1.0,1.0,1.0,0.0,10.22,0.0
1781964386.7147732,14878,0,2,0,1.0,1.0,1.0,0.0,10.222,0.0
1781964386.7610002,14888,0,2,0,1.0,1.0,1.0,0.0,10.223,0.0
1781964386.8045795,14898,0,2,0,1.0,1.0,1.0,0.0,10.224,0.0
1781964386.8394754,14908,0,2,0,1.0,1.0,1.0,0.0,10.225,0.0
1781964386.880826,14918,0,2,0,1.0,1.0,1.0,0.0,10.226,0.0
1781964386.9225657,14928,0,2,0,1.0,1.0,1.0,0.0,10.228,0.0
1781964386.9594882,14938,0,2,0,1.0,1.0,1.0,0.0,10.229,0.0
1781964386.9990175,14948,0,2,0,1.0,1.0,1.0,0.0,10.23,0.0
1781964387.0402005,14958,0,2,0,1.0,1.0,1.0,0.0,10.232,0.0
1781964387.0800273,14968,0,2,0,1.0,1.0,1.0,0.0,10.233,0.0
1781964387.1208916,14978,0,2,0,1.0,1.0,1.0,0.0,10.234,0.0
1781964387.16787,14988,0,2,0,1.0,1.0,1.0,0.0,10.236,0.0
1781964387.2259028,14998,0,2,0,1.0,1.0,1.0,0.0,10.237,0.0
1781964387.2572768,15008,0,2,0,1.0,1.0,1.0,0.0,10.238,0.0
1781964387.2885127,15018,0,2,0,1.0,1.0,1.0,0.0,10.24,0.0
1781964387.3418303,15028,0,2,0,1.0,1.0,1.0,0.0,10.241,0.0
1781964387.3860118,15038,0,2,0,1.0,1.0,1.0,0.0,10.242,0.0
1781964387.4300683,15048,0,2,0,1.0,1.0,1.0,0.0,10.244,0.0
1781964387.475776,15058,0,2,0,1.0,1.0,1.0,0.0,10.245,0.0
1781964387.5088978,15068,0,2,0,1.0,1.0,1.0,0.0,10.246,0.0
1781964387.5482457,15078,0,2,0,1.0,1.0,1.0,0.0,10.248,0.0
1781964387.5962424,15088,0,2,0,1.0,1.0,1.0,0.0,10.249,0.0
1781964387.6288354,15098,0,2,0,1.0,1.0,1.0,0.0,10.25,0.0
1781964387.6816494,15108,0,2,0,1.0,1.0,1.0,0.0,10.251,0.0
1781964387.7320666,15118,0,2,0,1.0,1.0,1.0,0.0,10.252,0.0
1781964387.7847404,15128,0,2,0,1.0,1.0,1.0,0.0,10.253,0.0
1781964387.8338716,15138,0,2,0,1.0,1.0,1.0,0.0,10.254,0.0
1781964387.8706555,15148,0,2,0,1.0,1.0,1.0,0.0,10.256,0.0
1781964387.9243338,15158,0,2,0,1.0,1.0,1.0,0.0,10.257,0.0
1781964387.9664862,15168,0,2,0,1.0,1.0,1.0,0.0,10.258,0.0
1781964388.0089269,15178,0,2,0,1.0,1.0,1.0,0.0,10.259,0.0
1781964388.0417027,15188,0,2,0,1.0,1.0,1.0,0.0,10.26,0.0
1781964388.1002393,15198,0,2,0,1.0,1.0,1.0,0.0,10.261,0.0
1781964388.1517293,15208,0,2,0,1.0,1.0,1.0,0.0,10.262,0.0
1781964388.1844258,15218,0,2,0,1.0,1.0,1.0,0.0,10.263,0.0
1781964388.246621,15228,0,2,0,1.0,1.0,1.0,0.0,10.264,0.0
1781964388.2939448,15238,0,2,0,1.0,1.0,1.0,0.0,10.266,0.0
1781964388.3370414,15248,0,2,0,1.0,1.0,1.0,0.0,10.267,0.0
1781964388.3794088,15258,0,2,0,1.0,1.0,1.0,0.0,10.268,0.0
1781964388.4325507,15268,0,2,0,1.0,1.0,1.0,0.0,10.269,0.0
1781964388.4788752,15278,0,2,0,1.0,1.0,1.0,0.0,10.27,0.0
1781964388.5183306,15288,0,2,0,1.0,1.0,1.0,0.0,10.271,0.0
1781964388.5697403,15298,0,2,0,1.0,1.0,1.0,0.0,10.272,0.0
1781964388.6372347,15308,0,2,0,1.0,1.0,1.0,0.0,10.273,0.0
1781964388.677723,15318,0,2,0,1.0,1.0,1.0,0.0,10.274,0.0
1781964388.7261415,15328,0,2,0,1.0,1.0,1.0,0.0,10.276,0.0
1781964388.7827947,15338,0,2,0,1.0,1.0,1.0,0.0,10.277,0.0
1781964388.8279946,15348,0,2,0,1.0,1.0,1.0,0.0,10.278,0.0
1781964388.8713553,15358,0,2,0,1.0,1.0,1.0,0.0,10.279,0.0
1781964388.9110284,15368,0,2,0,1.0,1.0,1.0,0.0,10.28,0.0
1781964388.957077,15378,0,2,0,1.0,1.0,1.0,0.0,10.281,0.0
1781964388.9875891,15388,0,2,0,1.0,1.0,1.0,0.0,10.283,0.0
1781964389.0380938,15398,0,2,0,1.0,1.0,1.0,0.0,10.284,0.0
1781964389.0820694,15408,0,2,0,1.0,1.0,1.0,0.0,10.285,0.0
1781964389.129501,15418,0,2,0,1.0,1.0,1.0,0.0,10.286,0.0
1781964389.188872,15428,0,2,0,1.0,1.0,1.0,0.0,10.288,0.0
1781964389.2371736,15438,0,2,0,1.0,1.0,1.0,0.0,10.289,0.0
1781964389.3127983,15448,0,2,0,1.0,1.0,1.0,0.0,10.29,0.0
1781964389.3562458,15458,0,2,0,1.0,1.0,1.0,0.0,10.291,0.0
1781964389.4056442,15468,0,2,0,1.0,1.0,1.0,0.0,10.293,0.0
1781964389.457021,15478,0,2,0,1.0,1.0,1.0,0.0,10.294,0.0
1781964389.504582,15488,0,2,0,1.0,1.0,1.0,0.0,10.295,0.0
1781964389.544396,15498,0,2,0,1.0,1.0,1.0,0.0,10.297,0.0
1781964389.5948098,15508,0,2,0,1.0,1.0,1.0,0.0,10.298,0.0
1781964389.634182,15518,0,2,0,1.0,1.0,1.0,0.0,10.3,0.0
1781964389.6738136,15528,0,2,0,1.0,1.0,1.0,0.0,10.301,0.0
1781964389.7336571,15538,0,2,0,1.0,1.0,1.0,0.0,10.302,0.0
1781964389.7808719,15548,0,2,0,1.0,1.0,1.0,0.0,10.303,0.0
1781964389.8280482,15558,0,2,0,1.0,1.0,1.0,0.0,10.305,0.0
1781964389.8834972,15568,0,2,0,1.0,1.0,1.0,0.0,10.306,0.0
1781964389.930982,15578,0,2,0,1.0,1.0,1.0,0.0,10.307,0.0
1781964389.9742796,15588,0,2,0,1.0,1.0,1.0,0.0,10.309,0.0
1781964390.0342808,15598,0,2,0,1.0,1.0,1.0,0.0,10.31,0.0
1781964390.0712848,15608,0,2,0,1.0,1.0,1.0,0.0,10.311,0.0
1781964390.107361,15618,0,2,0,1.0,1.0,1.0,0.0,10.313,0.0
1781964390.149606,15628,0,2,0,1.0,1.0,1.0,0.0,10.314,0.0
1781964390.1883926,15638,0,2,0,1.0,1.0,1.0,0.0,10.316,0.0
1781964390.2410522,15648,0,2,0,1.0,1.0,1.0,0.0,10.317,0.0
1781964390.2850518,15658,0,2,0,1.0,1.0,1.0,0.0,10.318,0.0
1781964390.3266892,15668,0,2,0,1.0,1.0,1.0,0.0,10.32,0.0
1781964390.380938,15678,0,2,0,1.0,1.0,1.0,0.0,10.321,0.0
1781964390.4260657,15688,0,2,0,1.0,1.0,1.0,0.0,10.323,0.0
1781964390.4635966,15698,0,2,0,1.0,1.0,1.0,0.0,10.324,0.0
1781964390.5117507,15708,0,2,0,1.0,1.0,1.0,0.0,10.325,0.0
1781964390.567192,15718,0,2,0,1.0,1.0,1.0,0.0,10.327,0.0
1781964390.61702,15728,0,2,0,1.0,1.0,1.0,0.0,10.328,0.0
1781964390.6607363,15738,0,2,0,1.0,1.0,1.0,0.0,10.33,0.0
1781964390.7114365,15748,0,2,0,1.0,1.0,1.0,0.0,10.331,0.0
1781964390.7509735,15758,0,2,0,1.0,1.0,1.0,0.0,10.333,0.0
1781964390.785945,15768,0,2,0,1.0,1.0,1.0,0.0,10.334,0.0
1781964390.8314836,15778,0,2,0,1.0,1.0,1.0,0.0,10.336,0.0
1781964390.8725681,15788,0,2,0,1.0,1.0,1.0,0.0,10.337,0.0
1781964390.9282324,15798,0,2,0,1.0,1.0,1.0,0.0,10.339,0.0
1781964390.981319,15808,0,2,0,1.0,1.0,1.0,0.0,10.34,0.0
1781964391.0323417,15818,0,2,0,1.0,1.0,1.0,0.0,10.334,0.0
1781964391.0663993,15828,0,2,0,1.0,1.0,1.0,0.0,10.329,0.0
1781964391.109828,15838,0,2,0,1.0,1.0,1.0,0.0,10.324,0.0
1781964391.1566536,15848,0,2,0,1.0,1.0,1.0,0.0,10.319,0.0
1781964391.2010984,15858,0,2,0,1.0,1.0,1.0,0.0,10.314,0.0
1781964391.2370393,15868,0,2,0,1.0,1.0,1.0,0.0,10.309,0.0
1781964391.2972605,15878,0,2,0,1.0,1.0,1.0,0.0,10.304,0.0
1781964391.3552134,15888,0,2,0,1.0,1.0,1.0,0.0,10.299,0.0
1781964391.3968472,15898,0,2,0,1.0,1.0,1.0,0.0,10.294,0.0
1781964391.4519432,15908,0,2,0,1.0,1.0,1.0,0.0,10.289,0.0
1781964391.4998343,15918,0,2,0,1.0,1.0,1.0,0.0,10.284,0.0
1781964391.5359862,15928,0,2,0,1.0,1.0,1.0,0.0,10.279,0.0
1781964391.5741806,15938,0,2,0,1.0,1.0,1.0,0.0,10.274,0.0
1781964391.617589,15948,0,2,0,1.0,1.0,1.0,0.0,10.27,0.0
1781964391.6478243,15958,0,2,0,1.0,1.0,1.0,0.0,10.265,0.0
1781964391.6807773,15968,0,2,0,1.0,1.0,1.0,0.0,10.26,0.0
1781964391.7208774,15978,0,2,0,1.0,1.0,1.0,0.0,10.255,0.0
1781964391.7598894,15988,0,2,0,1.0,1.0,1.0,0.0,10.251,0.0
1781964391.806265,15998,0,2,0,1.0,1.0,1.0,0.0,10.246,0.0
1781964391.8459291,16008,0,2,0,1.0,1.0,1.0,0.0,10.242,0.0
1781964391.8887491,16018,0,2,0,1.0,1.0,1.0,0.0,10.237,0.0
1781964391.9352517,16028,0,2,0,1.0,1.0,1.0,0.0,10.233,0.0
1781964391.9637299,16038,0,2,0,1.0,1.0,1.0,0.0,10.228,0.0
1781964392.0017774,16048,0,2,0,1.0,1.0,1.0,0.0,10.224,0.0
1781964392.0409138,16058,0,2,0,1.0,1.0,1.0,0.0,10.219,0.0
1781964392.0700505,16068,0,2,0,1.0,1.0,1.0,0.0,10.215,0.0
1781964392.1109433,16078,0,2,0,1.0,1.0,1.0,0.0,10.211,0.0
1781964392.1470926,16088,0,2,0,1.0,1.0,1.0,0.0,10.206,0.0
1781964392.1928875,16098,0,2,0,1.0,1.0,1.0,0.0,10.202,0.0
1781964392.2370472,16108,0,2,0,1.0,1.0,1.0,0.0,10.198,0.0
1781964392.2975652,16118,0,2,0,1.0,1.0,1.0,0.0,10.194,0.0
1781964392.3440504,16128,0,2,0,1.0,1.0,1.0,0.0,10.19,0.0
1781964392.389976,16138,0,2,0,1.0,1.0,1.0,0.0,10.186,0.0
1781964392.4233072,16148,0,2,0,1.0,1.0,1.0,0.0,10.182,0.0
1781964392.4833324,16158,0,2,0,1.0,1.0,1.0,0.0,10.178,0.0
1781964392.5437164,16168,0,2,0,1.0,1.0,1.0,0.0,10.174,0.0
1781964392.6040685,16178,0,2,0,1.0,1.0,1.0,0.0,10.17,0.0
1781964392.6521845,16188,0,2,0,1.0,1.0,1.0,0.0,10.166,0.0
1781964392.6948178,16198,0,2,0,1.0,1.0,1.0,0.0,10.162,0.0
1781964392.7418506,16208,0,2,0,1.0,1.0,1.0,0.0,10.158,0.0
1781964392.78619,16218,0,2,0,1.0,1.0,1.0,0.0,10.154,0.0
1781964392.8130841,16228,0,2,0,1.0,1.0,1.0,0.0,10.151,0.0
1781964392.8567088,16238,0,2,0,1.0,1.0,1.0,0.0,10.147,0.0
1781964392.9151735,16248,0,2,0,1.0,1.0,1.0,0.0,10.143,0.0
1781964392.9636264,16258,0,2,0,1.0,1.0,1.0,0.0,10.14,0.0
1781964392.9934652,16268,0,2,0,1.0,1.0,1.0,0.0,10.136,0.0
1781964393.0292315,16278,0,2,0,1.0,1.0,1.0,0.0,10.132,0.0
1781964393.0833776,16288,0,2,0,1.0,1.0,1.0,0.0,10.129,0.0
1781964393.1286917,16298,0,2,0,1.0,1.0,1.0,0.0,10.126,0.0
1781964393.1744878,16308,0,2,0,1.0,1.0,1.0,0.0,10.122,0.0
1781964393.2217166,16318,0,2,0,1.0,1.0,1.0,0.0,10.119,0.0
1781964393.2618845,16328,0,2,0,1.0,1.0,1.0,0.0,10.115,0.0
1781964393.3099768,16338,0,2,0,1.0,1.0,1.0,0.0,10.112,0.0
1781964393.383428,16348,0,2,0,1.0,1.0,1.0,0.0,10.109,0.0
1781964393.4253411,16358,0,2,0,1.0,1.0,1.0,0.0,10.106,0.0
1781964393.4721725,16368,0,2,0,1.0,1.0,1.0,0.0,10.103,0.0
1781964393.52653,16378,0,2,0,1.0,1.0,1.0,0.0,10.1,0.0
1781964393.575143,16388,0,2,0,1.0,1.0,1.0,0.0,10.097,0.0
1781964393.6361074,16398,0,2,0,1.0,1.0,1.0,0.0,10.094,0.0
1781964393.6857219,16408,0,2,0,1.0,1.0,1.0,0.0,10.091,0.0
1781964393.737652,16418,0,2,0,1.0,1.0,1.0,0.0,10.088,0.0
1781964393.7724483,16428,0,2,0,1.0,1.0,1.0,0.0,10.085,0.0
1781964393.8410459,16438,0,2,0,1.0,1.0,1.0,0.0,10.082,0.0
1781964393.8787403,16448,0,2,0,1.0,1.0,1.0,0.0,10.08,0.0
1781964393.9256542,16458,0,2,0,1.0,1.0,1.0,0.0,10.077,0.0
1781964393.9784853,16468,0,2,0,1.0,1.0,1.0,0.0,10.074,0.0
1781964394.0146863,16478,0,2,0,1.0,1.0,1.0,0.0,10.072,0.0
1781964394.0495853,16488,0,2,0,1.0,1.0,1.0,0.0,10.069,0.0
1781964394.091726,16498,0,2,0,1.0,1.0,1.0,0.0,10.066,0.0
1781964394.143391,16508,0,2,0,1.0,1.0,1.0,0.0,10.064,0.0
1781964394.183095,16518,0,2,0,1.0,1.0,1.0,0.0,10.061,0.0
1781964394.230103,16528,0,2,0,1.0,1.0,1.0,0.0,10.059,0.0
1781964394.2796104,16538,0,2,0,1.0,1.0,1.0,0.0,10.056,0.0
1781964394.3343565,16548,0,2,0,1.0,1.0,1.0,0.0,10.054,0.0
1781964394.381663,16558,0,2,0,1.0,1.0,1.0,0.0,10.052,0.0
1781964394.4257882,16568,0,2,0,1.0,1.0,1.0,0.0,10.049,0.0
1781964394.5049725,16578,0,2,0,1.0,1.0,1.0,0.0,10.047,0.0
1781964394.5564106,16588,0,2,0,1.0,1.0,1.0,0.0,10.045,0.0
1781964394.5933845,16598,0,2,0,1.0,1.0,1.0,0.0,10.043,0.0
1781964394.6346478,16608,0,2,0,1.0,1.0,1.0,0.0,10.041,0.0
1781964394.6891532,16618,0,2,0,1.0,1.0,1.0,0.0,10.038,0.0
1781964394.7274508,16628,0,2,0,1.0,1.0,1.0,0.0,10.036,0.0
1781964394.7806945,16638,0,2,0,1.0,1.0,1.0,0.0,10.034,0.0
1781964394.8084629,16648,0,2,0,1.0,1.0,1.0,0.0,10.032,0.0
1781964394.8630168,16658,0,2,0,1.0,1.0,1.0,0.0,10.03,0.0
1781964394.9116414,16668,0,2,0,1.0,1.0,1.0,0.0,10.029,0.0
1781964394.9589138,16678,0,2,0,1.0,1.0,1.0,0.0,10.027,0.0
1781964395.0077543,16688,0,2,0,1.0,1.0,1.0,0.0,10.025,0.0
1781964395.0538397,16698,0,2,0,1.0,1.0,1.0,0.0,10.023,0.0
1781964395.103585,16708,0,2,0,1.0,1.0,1.0,0.0,10.021,0.0
1781964395.1546817,16718,0,2,0,1.0,1.0,1.0,0.0,10.02,0.0
1781964395.202801,16728,0,2,0,1.0,1.0,1.0,0.0,10.018,0.0
1781964395.2308898,16738,0,2,0,1.0,1.0,1.0,0.0,10.016,0.0
1781964395.2708201,16748,0,2,0,1.0,1.0,1.0,0.0,10.015,0.0
1781964395.378598,16758,0,2,0,1.0,1.0,1.0,0.0,10.013,0.0
1781964395.4389846,16768,0,2,0,1.0,1.0,1.0,0.0,10.012,0.0
1781964395.4851427,16778,0,2,0,1.0,1.0,1.0,0.0,10.01,0.0
1781964395.5290675,16788,0,2,0,1.0,1.0,1.0,0.0,10.009,0.0
1781964395.5982487,16798,0,2,0,1.0,1.0,1.0,0.0,10.007,0.0
1781964395.639659,16808,0,2,0,1.0,1.0,1.0,0.0,10.006,0.0
1781964395.679837,16818,0,2,0,1.0,1.0,1.0,0.0,10.004,0.0
1781964395.7486906,16828,0,2,0,1.0,1.0,1.0,0.0,10.003,0.0
1781964395.7930515,16838,0,2,0,1.0,1.0,1.0,0.0,10.002,0.0
1781964395.8291895,16848,0,2,0,1.0,1.0,1.0,0.0,10.001,0.0
1781964395.8554926,16858,0,2,0,1.0,1.0,1.0,0.0,9.999,0.0
1781964395.8840337,16868,0,2,0,1.0,1.0,1.0,0.0,9.998,0.0
1781964395.9163327,16878,0,2,0,1.0,1.0,1.0,0.0,9.997,0.0
1781964395.965129,16888,0,2,0,1.0,1.0,1.0,0.0,9.996,0.0
1781964396.014725,16898,0,2,0,1.0,1.0,1.0,0.0,9.995,0.0
1781964396.0639477,16908,0,2,0,1.0,1.0,1.0,0.0,9.994,0.0
1781964396.097431,16918,0,2,0,1.0,1.0,1.0,0.0,9.993,0.0
1781964396.151362,16928,0,2,0,1.0,1.0,1.0,0.0,9.992,0.0
1781964396.1917825,16938,0,2,0,1.0,1.0,1.0,0.0,9.991,0.0
1781964396.2485442,16948,0,2,0,1.0,1.0,1.0,0.0,9.991,0.0
1781964396.2914066,16958,0,2,0,1.0,1.0,1.0,0.0,9.99,0.0
1781964396.3351781,16968,0,2,0,1.0,1.0,1.0,0.0,9.989,0.0
1781964396.3864121,16978,0,2,0,1.0,1.0,1.0,0.0,9.988,0.0
1781964396.4395688,16988,0,2,0,1.0,1.0,1.0,0.0,9.988,0.0
1781964396.4804544,16998,0,2,0,1.0,1.0,1.0,0.0,9.987,0.0
1781964396.519472,17008,0,2,0,1.0,1.0,1.0,0.0,9.987,0.0
1781964396.5789585,17018,0,2,0,1.0,1.0,1.0,0.0,9.986,0.0
1781964396.6318328,17028,0,2,0,1.0,1.0,1.0,0.0,9.986,0.0
1781964396.671264,17038,0,2,0,1.0,1.0,1.0,0.0,9.985,0.0
1781964396.7129254,17048,0,2,0,1.0,1.0,1.0,0.0,9.985,0.0
1781964396.7625048,17058,0,2,0,1.0,1.0,1.0,0.0,9.985,0.0
1781964396.8094454,17068,0,2,0,1.0,1.0,1.0,0.0,9.984,0.0
1781964396.8611195,17078,0,2,0,1.0,1.0,1.0,0.0,9.984,0.0
1781964396.90281,17088,0,2,0,1.0,1.0,1.0,0.0,9.984,0.0
1781964400.171213,17098,0,2,0,1.0,1.0,1.0,0.0,9.984,0.0
1781964400.2330542,17108,0,2,0,1.0,1.0,1.0,0.0,9.985,0.0
1781964400.3002777,17118,0,2,0,1.0,1.0,1.0,0.0,9.985,0.0
1781964400.368161,17128,0,2,0,1.0,1.0,1.0,0.0,9.986,0.0
1781964400.4245942,17138,0,2,0,1.0,1.0,1.0,0.0,9.987,0.0
1781964400.489849,17148,0,2,0,1.0,1.0,1.0,0.0,9.987,0.0
1781964400.5697834,17158,0,2,0,1.0,1.0,1.0,0.0,9.988,0.0
1781964400.6282024,17168,0,2,0,1.0,1.0,1.0,0.0,9.989,0.0
1781964400.67383,17178,0,2,0,1.0,1.0,1.0,0.0,9.99,0.0
1781964400.7129066,17188,0,2,0,1.0,1.0,1.0,0.0,9.991,0.0
1781964400.7498355,17198,0,2,0,1.0,1.0,1.0,0.0,9.992,0.0
1781964400.789803,17208,0,2,0,1.0,1.0,1.0,0.0,9.993,0.0
1781964400.8329241,17218,0,2,0,1.0,1.0,1.0,0.0,9.994,0.0
1781964400.8675916,17228,0,2,0,1.0,1.0,1.0,0.0,9.995,0.0
1781964400.904213,17238,0,2,0,1.0,1.0,1.0,0.0,9.996,0.0
1781964400.959623,17248,0,2,0,1.0,1.0,1.0,0.0,9.997,0.0
1781964400.986035,17258,0,2,0,1.0,1.0,1.0,0.0,9.999,0.0
1781964401.020959,17268,0,2,0,1.0,1.0,1.0,0.0,10.0,0.0
1781964401.0572991,17278,0,2,0,1.0,1.0,1.0,0.0,10.001,0.0
1781964401.098068,17288,0,2,0,1.0,1.0,1.0,0.0,10.002,0.0
1781964401.1865237,17298,0,2,0,1.0,1.0,1.0,0.0,10.004,0.0
1781964401.2624824,17308,0,2,0,1.0,1.0,1.0,0.0,10.005,0.0
1781964401.3207383,17318,0,2,0,1.0,1.0,1.0,0.0,10.006,0.0
1781964401.3670077,17328,0,2,0,1.0,1.0,1.0,0.0,10.008,0.0
1781964401.431758,17338,0,2,0,1.0,1.0,1.0,0.0,10.009,0.0
1781964401.467509,17348,0,2,0,1.0,1.0,1.0,0.0,10.011,0.0
1781964401.51933,17358,0,2,0,1.0,1.0,1.0,0.0,10.012,0.0
1781964401.5745876,17368,0,2,0,1.0,1.0,1.0,0.0,10.014,0.0
1781964401.6200774,17378,0,2,0,1.0,1.0,1.0,0.0,10.015,0.0
1781964401.6657465,17388,0,2,0,1.0,1.0,1.0,0.0,10.017,0.0
1781964401.712845,17398,0,2,0,1.0,1.0,1.0,0.0,10.018,0.0
1781964401.759183,17408,0,2,0,1.0,1.0,1.0,0.0,10.02,0.0
1781964401.8067563,17418,0,2,0,1.0,1.0,1.0,0.0,10.022,0.0
1781964401.84676,17428,0,2,0,1.0,1.0,1.0,0.0,10.024,0.0
1781964401.879512,17438,0,2,0,1.0,1.0,1.0,0.0,10.025,0.0
1781964401.9636297,17448,0,2,0,1.0,1.0,1.0,0.0,10.027,0.0
1781964402.0069325,17458,0,2,0,1.0,1.0,1.0,0.0,10.029,0.0
1781964402.0380938,17468,0,2,0,1.0,1.0,1.0,0.0,10.031,0.0
1781964402.075079,17478,0,2,0,1.0,1.0,1.0,0.0,10.032,0.0
1781964402.100302,17488,0,2,0,1.0,1.0,1.0,0.0,10.034,0.0
1781964402.1495183,17498,0,2,0,1.0,1.0,1.0,0.0,10.036,0.0
1781964402.2257433,17508,0,2,0,1.0,1.0,1.0,0.0,10.038,0.0
1781964402.309591,17518,0,2,0,1.0,1.0,1.0,0.0,10.04,0.0
1781964402.3514214,17528,0,2,0,1.0,1.0,1.0,0.0,10.042,0.0
1781964402.3842523,17538,0,2,0,1.0,1.0,1.0,0.0,10.044,0.0
1781964402.423447,17548,0,2,0,1.0,1.0,1.0,0.0,10.046,0.0
1781964402.4686155,17558,0,2,0,1.0,1.0,1.0,0.0,10.048,0.0
1781964402.5123484,17568,0,2,0,1.0,1.0,1.0,0.0,10.05,0.0
1781964402.5584776,17578,0,2,0,1.0,1.0,1.0,0.0,10.052,0.0
1781964402.6027641,17588,0,2,0,1.0,1.0,1.0,0.0,10.054,0.0
1781964402.6370163,17598,0,2,0,1.0,1.0,1.0,0.0,10.057,0.0
1781964402.680307,17608,0,2,0,1.0,1.0,1.0,0.0,10.059,0.0
1781964402.7248158,17618,0,2,0,1.0,1.0,1.0,0.0,10.061,0.0
1781964402.7803354,17628,0,2,0,1.0,1.0,1.0,0.0,10.063,0.0
1781964402.830828,17638,0,2,0,1.0,1.0,1.0,0.0,10.065,0.0
1781964402.8701088,17648,0,2,0,1.0,1.0,1.0,0.0,10.068,0.0
1781964402.9178581,17658,0,2,0,1.0,1.0,1.0,0.0,10.07,0.0
1781964402.9778068,17668,0,2,0,1.0,1.0,1.0,0.0,10.072,0.0
1781964403.024559,17678,0,2,0,1.0,1.0,1.0,0.0,10.074,0.0
1781964403.0661037,17688,0,2,0,1.0,1.0,1.0,0.0,10.077,0.0
1781964403.1048157,17698,0,2,0,1.0,1.0,1.0,0.0,10.079,0.0
1781964403.1564791,17708,0,2,0,1.0,1.0,1.0,0.0,10.081,0.0
1781964403.1933522,17718,0,2,0,1.0,1.0,1.0,0.0,10.083,0.0
1781964403.2170508,17728,0,2,0,1.0,1.0,1.0,0.0,10.086,0.0
1781964403.2486684,17738,0,2,0,1.0,1.0,1.0,0.0,10.088,0.0
1781964403.280761,17748,0,2,0,1.0,1.0,1.0,0.0,10.09,0.0
1781964403.3154209,17758,0,2,0,1.0,1.0,1.0,0.0,10.093,0.0
1781964403.3617816,17768,0,2,0,1.0,1.0,1.0,0.0,10.095,0.0
1781964403.3997452,17778,0,2,0,1.0,1.0,1.0,0.0,10.097,0.0
1781964403.4292934,17788,0,2,0,1.0,1.0,1.0,0.0,10.099,0.0
1781964403.475807,17798,0,2,0,1.0,1.0,1.0,0.0,10.102,0.0
1781964403.5113075,17808,0,2,0,1.0,1.0,1.0,0.0,10.104,0.0
1781964403.5446951,17818,0,2,0,1.0,1.0,1.0,0.0,10.106,0.0
1781964403.5874066,17828,0,2,0,1.0,1.0,1.0,0.0,10.109,0.0
1781964403.6282628,17838,0,2,0,1.0,1.0,1.0,0.0,10.111,0.0
1781964403.6731489,17848,0,2,0,1.0,1.0,1.0,0.0,10.113,0.0
1781964403.7055387,17858,0,2,0,1.0,1.0,1.0,0.0,10.116,0.0
1781964403.7773497,17868,0,2,0,1.0,1.0,1.0,0.0,10.118,0.0
1781964403.818578,17878,0,2,0,1.0,1.0,1.0,0.0,10.12,0.0
1781964403.8551188,17888,0,2,0,1.0,1.0,1.0,0.0,10.123,0.0
1781964403.9089773,17898,0,2,0,1.0,1.0,1.0,0.0,10.125,0.0
1781964403.960622,17908,0,2,0,1.0,1.0,1.0,0.0,10.128,0.0
1781964404.0188231,17918,0,2,0,1.0,1.0,1.0,0.0,10.13,0.0
1781964404.0593302,17928,0,2,0,1.0,1.0,1.0,0.0,10.132,0.0
1781964404.0973144,17938,0,2,0,1.0,1.0,1.0,0.0,10.135,0.0
1781964404.1421897,17948,0,2,0,1.0,1.0,1.0,0.0,10.137,0.0
1781964404.1913283,17958,0,2,0,1.0,1.0,1.0,0.0,10.14,0.0
1781964404.2309036,17968,0,2,0,1.0,1.0,1.0,0.0,10.142,0.0
1781964404.277971,17978,0,2,0,1.0,1.0,1.0,0.0,10.145,0.0
1781964404.3052359,17988,0,2,0,1.0,1.0,1.0,0.0,10.147,0.0
1781964404.3590798,17998,0,2,0,1.0,1.0,1.0,0.0,10.149,0.0
1781964404.4025946,18008,0,2,0,1.0,1.0,1.0,0.0,10.152,0.0
1781964404.4412322,18018,0,2,0,1.0,1.0,1.0,0.0,10.154,0.0
1781964404.4740124,18028,0,2,0,1.0,1.0,1.0,0.0,10.157,0.0
1781964404.5235612,18038,0,2,0,1.0,1.0,1.0,0.0,10.159,0.0
1781964404.5712848,18048,0,2,0,1.0,1.0,1.0,0.0,10.162,0.0
1781964404.6060278,18058,0,2,0,1.0,1.0,1.0,0.0,10.164,0.0
1781964404.6784096,18068,0,2,0,1.0,1.0,1.0,0.0,10.167,0.0
1781964404.7178044,18078,0,2,0,1.0,1.0,1.0,0.0,10.169,0.0
1781964404.7484508,18088,0,2,0,1.0,1.0,1.0,0.0,10.172,0.0
1781964404.7848947,18098,0,2,0,1.0,1.0,1.0,0.0,10.174,0.0
1781964404.8218992,18108,0,2,0,1.0,1.0,1.0,0.0,10.177,0.0
1781964404.8639004,18118,0,2,0,1.0,1.0,1.0,0.0,10.18,0.0
1781964404.905158,18128,0,2,0,1.0,1.0,1.0,0.0,10.182,0.0
1781964404.9536908,18138,0,2,0,1.0,1.0,1.0,0.0,10.185,0.0
1781964404.996924,18148,0,2,0,1.0,1.0,1.0,0.0,10.187,0.0
1781964405.0363357,18158,0,2,0,1.0,1.0,1.0,0.0,10.19,0.0
1781964405.0938363,18168,0,2,0,1.0,1.0,1.0,0.0,10.193,0.0
1781964405.1354156,18178,0,2,0,1.0,1.0,1.0,0.0,10.195,0.0
1781964405.170592,18188,0,2,0,1.0,1.0,1.0,0.0,10.198,0.0
1781964405.2221131,18198,0,2,0,1.0,1.0,1.0,0.0,10.2,0.0
1781964405.2721148,18208,0,2,0,1.0,1.0,1.0,0.0,10.203,0.0
1781964405.3109355,18218,0,2,0,1.0,1.0,1.0,0.0,10.206,0.0
1781964405.3576057,18228,0,2,0,1.0,1.0,1.0,0.0,10.208,0.0
1781964405.4040973,18238,0,2,0,1.0,1.0,1.0,0.0,10.211,0.0
1781964405.4405553,18248,0,2,0,1.0,1.0,1.0,0.0,10.214,0.0
1781964405.4796379,18258,0,2,0,1.0,1.0,1.0,0.0,10.216,0.0
1781964405.5578053,18268,0,2,0,1.0,1.0,1.0,0.0,10.219,0.0
1781964405.608806,18278,0,2,0,1.0,1.0,1.0,0.0,10.221,0.0
1781964405.6860473,18288,0,2,0,1.0,1.0,1.0,0.0,10.224,0.0
1781964405.7246127,18298,0,2,0,1.0,1.0,1.0,0.0,10.226,0.0
1781964405.7774007,18308,0,2,0,1.0,1.0,1.0,0.0,10.228,0.0
1781964405.8231573,18318,0,2,0,1.0,1.0,1.0,0.0,10.231,0.0
1781964405.8561697,18328,0,2,0,1.0,1.0,1.0,0.0,10.233,0.0
1781964405.8904028,18338,0,2,0,1.0,1.0,1.0,0.0,10.236,0.0
1781964405.917824,18348,0,2,0,1.0,1.0,1.0,0.0,10.238,0.0
1781964405.9753613,18358,0,2,0,1.0,1.0,1.0,0.0,10.241,0.0
1781964406.0120926,18368,0,2,0,1.0,1.0,1.0,0.0,10.243,0.0
1781964406.0514326,18378,0,2,0,1.0,1.0,1.0,0.0,10.245,0.0
1781964406.1017509,18388,0,2,0,1.0,1.0,1.0,0.0,10.248,0.0
1781964406.1409192,18398,0,2,0,1.0,1.0,1.0,0.0,10.25,0.0
1781964406.1852045,18408,0,2,0,1.0,1.0,1.0,0.0,10.252,0.0
1781964406.2342865,18418,0,2,0,1.0,1.0,1.0,0.0,10.255,0.0
1781964406.2996109,18428,0,2,0,1.0,1.0,1.0,0.0,10.257,0.0
1781964406.3494558,18438,0,2,0,1.0,1.0,1.0,0.0,10.26,0.0
1781964406.3950493,18448,0,2,0,1.0,1.0,1.0,0.0,10.262,0.0
1781964406.453542,18458,0,2,0,1.0,1.0,1.0,0.0,10.264,0.0
1781964406.5628178,18468,0,2,0,1.0,1.0,1.0,0.0,10.267,0.0
1781964406.607218,18478,0,2,0,1.0,1.0,1.0,0.0,10.269,0.0
1781964406.6590846,18488,0,2,0,1.0,1.0,1.0,0.0,10.271,0.0
1781964406.7074666,18498,0,2,0,1.0,1.0,1.0,0.0,10.274,0.0
1781964406.7457864,18508,0,2,0,1.0,1.0,1.0,0.0,10.276,0.0
1781964406.7857728,18518,0,2,0,1.0,1.0,1.0,0.0,10.279,0.0
1781964406.8258438,18528,0,2,0,1.0,1.0,1.0,0.0,10.281,0.0
1781964406.8701148,18538,0,2,0,1.0,1.0,1.0,0.0,10.284,0.0
1781964406.9023883,18548,0,2,0,1.0,1.0,1.0,0.0,10.286,0.0
1781964406.938861,18558,0,2,0,1.0,1.0,1.0,0.0,10.289,0.0
1781964406.9850912,18568,0,2,0,1.0,1.0,1.0,0.0,10.291,0.0
1781964407.0327513,18578,0,2,0,1.0,1.0,1.0,0.0,10.293,0.0
1781964407.0730448,18588,0,2,0,1.0,1.0,1.0,0.0,10.296,0.0
1781964407.1160262,18598,0,2,0,1.0,1.0,1.0,0.0,10.298,0.0
1781964407.1683753,18608,0,2,0,1.0,1.0,1.0,0.0,10.301,0.0
1781964407.2396774,18618,0,2,0,1.0,1.0,1.0,0.0,10.303,0.0
1781964407.2966814,18628,0,2,0,1.0,1.0,1.0,0.0,10.306,0.0
1781964407.3420439,18638,0,2,0,1.0,1.0,1.0,0.0,10.308,0.0
1781964407.3955147,18648,0,2,0,1.0,1.0,1.0,0.0,10.311,0.0
1781964407.450201,18658,0,2,0,1.0,1.0,1.0,0.0,10.313,0.0
1781964407.4910731,18668,0,2,0,1.0,1.0,1.0,0.0,10.315,0.0
1781964407.539958,18678,0,2,0,1.0,1.0,1.0,0.0,10.318,0.0
1781964407.611973,18688,0,2,0,1.0,1.0,1.0,0.0,10.32,0.0
1781964407.6477556,18698,0,2,0,1.0,1.0,1.0,0.0,10.323,0.0
1781964407.6871555,18708,0,2,0,1.0,1.0,1.0,0.0,10.325,0.0
1781964407.7410169,18718,0,2,0,1.0,1.0,1.0,0.0,10.327,0.0
1781964407.7817864,18728,0,2,0,1.0,1.0,1.0,0.0,10.33,0.0
1781964407.8158157,18738,0,2,0,1.0,1.0,1.0,0.0,10.332,0.0
1781964407.871495,18748,0,2,0,1.0,1.0,1.0,0.0,10.335,0.0
1781964407.9129026,18758,0,2,0,1.0,1.0,1.0,0.0,10.337,0.0
1781964407.9552755,18768,0,2,0,1.0,1.0,1.0,0.0,10.339,0.0
1781964407.995485,18778,0,2,0,1.0,1.0,1.0,0.0,10.342,0.0
1781964408.055008,18788,0,2,0,1.0,1.0,1.0,0.0,10.342,0.0
1781964408.0964553,18798,0,2,0,1.0,1.0,1.0,0.0,10.338,0.0
1781964408.149056,18808,0,2,0,1.0,1.0,1.0,0.0,10.333,0.0
1781964408.1936855,18818,0,2,0,1.0,1.0,1.0,0.0,10.329,0.0
1781964408.2265503,18828,0,2,0,1.0,1.0,1.0,0.0,10.325,0.0
1781964408.2534294,18838,0,2,0,1.0,1.0,1.0,0.0,10.32,0.0
1781964408.2926126,18848,0,2,0,1.0,1.0,1.0,0.0,10.316,0.0
1781964408.344225,18858,0,2,0,1.0,1.0,1.0,0.0,10.312,0.0
1781964408.411532,18868,0,2,0,1.0,1.0,1.0,0.0,10.308,0.0
1781964408.463539,18878,0,2,0,1.0,1.0,1.0,0.0,10.304,0.0
1781964408.5082695,18888,0,2,0,1.0,1.0,1.0,0.0,10.3,0.0
1781964408.5724716,18898,0,2,0,1.0,1.0,1.0,0.0,10.296,0.0
1781964408.6419027,18908,0,2,0,1.0,1.0,1.0,0.0,10.292,0.0
1781964408.688913,18918,0,2,0,1.0,1.0,1.0,0.0,10.288,0.0
1781964408.7506123,18928,0,2,0,1.0,1.0,1.0,0.0,10.284,0.0
1781964408.7970428,18938,0,2,0,1.0,1.0,1.0,0.0,10.28,0.0
1781964408.8385432,18948,0,2,0,1.0,1.0,1.0,0.0,10.276,0.0
1781964408.8757644,18958,0,2,0,1.0,1.0,1.0,0.0,10.272,0.0
1781964408.922885,18968,0,2,0,1.0,1.0,1.0,0.0,10.268,0.0
1781964408.9682777,18978,0,2,0,1.0,1.0,1.0,0.0,10.265,0.0
1781964409.0067382,18988,0,2,0,1.0,1.0,1.0,0.0,10.261,0.0
1781964409.0561416,18998,0,2,0,1.0,1.0,1.0,0.0,10.257,0.0
1781964409.11044,19008,0,2,0,1.0,1.0,1.0,0.0,10.253,0.0
1781964409.1524415,19018,0,2,0,1.0,1.0,1.0,0.0,10.25,0.0
1781964409.2067015,19028,0,2,0,1.0,1.0,1.0,0.0,10.246,0.0
1781964409.2725644,19038,0,2,0,1.0,1.0,1.0,0.0,10.243,0.0
1781964409.3197,19048,0,2,0,1.0,1.0,1.0,0.0,10.239,0.0
1781964409.3745317,19058,0,2,0,1.0,1.0,1.0,0.0,10.236,0.0
1781964409.4275076,19068,0,2,0,1.0,1.0,1.0,0.0,10.232,0.0
1781964409.4838862,19078,0,2,0,1.0,1.0,1.0,0.0,10.229,0.0
1781964409.5288951,19088,0,2,0,1.0,1.0,1.0,0.0,10.226,0.0
1781964409.5759072,19098,0,2,0,1.0,1.0,1.0,0.0,10.222,0.0
1781964409.653333,19108,0,2,0,1.0,1.0,1.0,0.0,10.219,0.0
1781964409.6953275,19118,0,2,0,1.0,1.0,1.0,0.0,10.216,0.0
1781964409.739235,19128,0,2,0,1.0,1.0,1.0,0.0,10.213,0.0
1781964409.784352,19138,0,2,0,1.0,1.0,1.0,0.0,10.209,0.0
1781964409.8244529,19148,0,2,0,1.0,1.0,1.0,0.0,10.206,0.0
1781964409.8584347,19158,0,2,0,1.0,1.0,1.0,0.0,10.203,0.0
1781964409.9003718,19168,0,2,0,1.0,1.0,1.0,0.0,10.2,0.0
1781964409.9476244,19178,0,2,0,1.0,1.0,1.0,0.0,10.197,0.0
1781964409.9985745,19188,0,2,0,1.0,1.0,1.0,0.0,10.194,0.0
1781964410.0379047,19198,0,2,0,1.0,1.0,1.0,0.0,10.191,0.0
1781964410.0839503,19208,0,2,0,1.0,1.0,1.0,0.0,10.188,0.0
1781964410.133977,19218,0,2,0,1.0,1.0,1.0,0.0,10.186,0.0
1781964410.195501,19228,0,2,0,1.0,1.0,1.0,0.0,10.183,0.0
1781964410.2417092,19238,0,2,0,1.0,1.0,1.0,0.0,10.18,0.0
1781964410.288003,19248,0,2,0,1.0,1.0,1.0,0.0,10.177,0.0
1781964410.3467422,19258,0,2,0,1.0,1.0,1.0,0.0,10.174,0.0
1781964410.4043422,19268,0,2,0,1.0,1.0,1.0,0.0,10.172,0.0
1781964410.457158,19278,0,2,0,1.0,1.0,1.0,0.0,10.169,0.0
1781964410.502885,19288,0,2,0,1.0,1.0,1.0,0.0,10.166,0.0
1781964410.5429437,19298,0,2,0,1.0,1.0,1.0,0.0,10.164,0.0
1781964410.6018376,19308,0,2,0,1.0,1.0,1.0,0.0,10.161,0.0
1781964410.6443436,19318,0,2,0,1.0,1.0,1.0,0.0,10.158,0.0
1781964410.7130642,19328,0,2,0,1.0,1.0,1.0,0.0,10.156,0.0
1781964410.7732286,19338,0,2,0,1.0,1.0,1.0,0.0,10.153,0.0
1781964410.8117673,19348,0,2,0,1.0,1.0,1.0,0.0,10.151,0.0
1781964410.867914,19358,0,2,0,1.0,1.0,1.0,0.0,10.148,0.0
1781964410.9141736,19368,0,2,0,1.0,1.0,1.0,0.0,10.146,0.0
1781964410.962479,19378,0,2,0,1.0,1.0,1.0,0.0,10.143,0.0
1781964411.0002022,19388,0,2,0,1.0,1.0,1.0,0.0,10.141,0.0
1781964411.0548759,19398,0,2,0,1.0,1.0,1.0,0.0,10.139,0.0
1781964411.0932593,19408,0,2,0,1.0,1.0,1.0,0.0,10.136,0.0
1781964411.15505,19418,0,2,0,1.0,1.0,1.0,0.0,10.134,0.0
1781964411.1982613,19428,0,2,0,1.0,1.0,1.0,0.0,10.132,0.0
1781964411.2487411,19438,0,2,0,1.0,1.0,1.0,0.0,10.129,0.0
1781964411.2911842,19448,0,2,0,1.0,1.0,1.0,0.0,10.127,0.0
1781964411.338405,19458,0,2,0,1.0,1.0,1.0,0.0,10.125,0.0
1781964411.3753836,19468,0,2,0,1.0,1.0,1.0,0.0,10.123,0.0
1781964411.4159594,19478,0,2,0,1.0,1.0,1.0,0.0,10.121,0.0
1781964411.4536057,19488,0,2,0,1.0,1.0,1.0,0.0,10.119,0.0
1781964411.509057,19498,0,2,0,1.0,1.0,1.0,0.0,10.117,0.0
1781964411.5664914,19508,0,2,0,1.0,1.0,1.0,0.0,10.115,0.0
1781964411.6177266,19518,0,2,0,1.0,1.0,1.0,0.0,10.113,0.0
1781964411.6742384,19528,0,2,0,1.0,1.0,1.0,0.0,10.111,0.0
1781964411.7106366,19538,0,2,0,1.0,1.0,1.0,0.0,10.109,0.0
1781964411.7508903,19548,0,2,0,1.0,1.0,1.0,0.0,10.107,0.0
1781964411.815621,19558,0,2,0,1.0,1.0,1.0,0.0,10.105,0.0
1781964411.8527427,19568,0,2,0,1.0,1.0,1.0,0.0,10.103,0.0
1781964411.8949382,19578,0,2,0,1.0,1.0,1.0,0.0,10.102,0.0
1781964411.9335942,19588,0,2,0,1.0,1.0,1.0,0.0,10.1,0.0
1781964411.9745507,19598,0,2,0,1.0,1.0,1.0,0.0,10.098,0.0
1781964412.0220401,19608,0,2,0,1.0,1.0,1.0,0.0,10.097,0.0
1781964412.0706146,19618,0,2,0,1.0,1.0,1.0,0.0,10.095,0.0
1781964412.112879,19628,0,2,0,1.0,1.0,1.0,0.0,10.093,0.0
1781964412.1568832,19638,0,2,0,1.0,1.0,1.0,0.0,10.092,0.0
1781964412.2133985,19648,0,2,0,1.0,1.0,1.0,0.0,10.09,0.0
1781964412.2522726,19658,0,2,0,1.0,1.0,1.0,0.0,10.089,0.0
1781964412.2954433,19668,0,2,0,1.0,1.0,1.0,0.0,10.087,0.0
1781964412.3414478,19678,0,2,0,1.0,1.0,1.0,0.0,10.086,0.0
1781964412.3846562,19688,0,2,0,1.0,1.0,1.0,0.0,10.085,0.0
1781964412.4286854,19698,0,2,0,1.0,1.0,1.0,0.0,10.083,0.0
1781964412.4733057,19708,0,2,0,1.0,1.0,1.0,0.0,10.082,0.0
1781964412.519978,19718,0,2,0,1.0,1.0,1.0,0.0,10.081,0.0
1781964412.5655377,19728,0,2,0,1.0,1.0,1.0,0.0,10.079,0.0
1781964412.6075203,19738,0,2,0,1.0,1.0,1.0,0.0,10.078,0.0
1781964412.6488676,19748,0,2,0,1.0,1.0,1.0,0.0,10.077,0.0
1781964412.6925905,19758,0,2,0,1.0,1.0,1.0,0.0,10.076,0.0
1781964412.7379284,19768,0,2,0,1.0,1.0,1.0,0.0,10.075,0.0
1781964412.7782376,19778,0,2,0,1.0,1.0,1.0,0.0,10.073,0.0
1781964412.841739,19788,0,2,0,1.0,1.0,1.0,0.0,10.072,0.0
1781964412.8974855,19798,0,2,0,1.0,1.0,1.0,0.0,10.071,0.0
1781964412.946429,19808,0,2,0,1.0,1.0,1.0,0.0,10.07,0.0
1781964413.0069506,19818,0,2,0,1.0,1.0,1.0,0.0,10.069,0.0
1781964413.0582368,19828,0,2,0,1.0,1.0,1.0,0.0,10.068,0.0
1781964413.1053405,19838,0,2,0,1.0,1.0,1.0,0.0,10.068,0.0
1781964413.1552932,19848,0,2,0,1.0,1.0,1.0,0.0,10.067,0.0
1781964413.205384,19858,0,2,0,1.0,1.0,1.0,0.0,10.066,0.0
1781964413.2435737,19868,0,2,0,1.0,1.0,1.0,0.0,10.065,0.0
1781964413.2911928,19878,0,2,0,1.0,1.0,1.0,0.0,10.064,0.0
1781964416.5542774,19888,0,2,0,1.0,1.0,1.0,0.0,10.065,0.0
1781964416.6588898,19898,0,2,0,1.0,1.0,1.0,0.0,10.065,0.0
1781964416.7408688,19908,0,2,0,1.0,1.0,1.0,0.0,10.065,0.0
1781964416.8052173,19918,0,2,0,1.0,1.0,1.0,0.0,10.065,0.0
1781964416.8627186,19928,0,2,0,1.0,1.0,1.0,0.0,10.066,0.0
1781964416.901858,19938,0,2,0,1.0,1.0,1.0,0.0,10.066,0.0
1781964416.9346266,19948,0,2,0,1.0,1.0,1.0,0.0,10.066,0.0
1781964416.979578,19958,0,2,0,1.0,1.0,1.0,0.0,10.067,0.0
1781964417.0281477,19968,0,2,0,1.0,1.0,1.0,0.0,10.067,0.0
1781964417.0549433,19978,0,2,0,1.0,1.0,1.0,0.0,10.068,0.0
1781964417.0956876,19988,0,2,0,1.0,1.0,1.0,0.0,10.068,0.0
1781964417.1454682,19998,0,2,0,1.0,1.0,1.0,0.0,10.069,0.0
1781964417.177141,20008,0,2,0,1.0,1.0,1.0,0.0,10.07,0.0
1781964417.242597,20018,0,2,0,1.0,1.0,1.0,0.0,10.07,0.0
1781964417.2688673,20028,0,2,0,1.0,1.0,1.0,0.0,10.071,0.0
1781964417.3053653,20038,0,2,0,1.0,1.0,1.0,0.0,10.072,0.0
1781964417.3445015,20048,0,2,0,1.0,1.0,1.0,0.0,10.072,0.0
1781964417.3815649,20058,0,2,0,1.0,1.0,1.0,0.0,10.073,0.0
1781964417.4165008,20068,0,2,0,1.0,1.0,1.0,0.0,10.074,0.0
1781964417.450114,20078,0,2,0,1.0,1.0,1.0,0.0,10.075,0.0
1781964417.4978244,20088,0,2,0,1.0,1.0,1.0,0.0,10.075,0.0
1781964417.5915797,20098,0,2,0,1.0,1.0,1.0,0.0,10.076,0.0
1781964417.668017,20108,0,2,0,1.0,1.0,1.0,0.0,10.077,0.0
1781964417.7392528,20118,0,2,0,1.0,1.0,1.0,0.0,10.078,0.0
1781964417.818129,20128,0,2,0,1.0,1.0,1.0,0.0,10.079,0.0
1781964417.8664312,20138,0,2,0,1.0,1.0,1.0,0.0,10.08,0.0
1781964417.9135594,20148,0,2,0,1.0,1.0,1.0,0.0,10.081,0.0
1781964417.946455,20158,0,2,0,1.0,1.0,1.0,0.0,10.082,0.0
1781964418.0045514,20168,0,2,0,1.0,1.0,1.0,0.0,10.083,0.0
1781964418.0455778,20178,0,2,0,1.0,1.0,1.0,0.0,10.084,0.0
1781964418.0904183,20188,0,2,0,1.0,1.0,1.0,0.0,10.085,0.0
1781964418.131646,20198,0,2,0,1.0,1.0,1.0,0.0,10.086,0.0
1781964418.1763222,20208,0,2,0,1.0,1.0,1.0,0.0,10.087,0.0
1781964418.225827,20218,0,2,0,1.0,1.0,1.0,0.0,10.089,0.0
1781964418.2732058,20228,0,2,0,1.0,1.0,1.0,0.0,10.09,0.0
1781964418.3204746,20238,0,2,0,1.0,1.0,1.0,0.0,10.091,0.0
1781964418.40853,20248,0,2,0,1.0,1.0,1.0,0.0,10.092,0.0
1781964418.4514387,20258,0,2,0,1.0,1.0,1.0,0.0,10.093,0.0
1781964418.5081575,20268,0,2,0,1.0,1.0,1.0,0.0,10.095,0.0
1781964418.570549,20278,0,2,0,1.0,1.0,1.0,0.0,10.096,0.0
1781964418.66172,20288,0,2,0,1.0,1.0,1.0,0.0,10.097,0.0
1781964418.7882864,20298,0,2,0,1.0,1.0,1.0,0.0,10.099,0.0
1781964418.8367736,20308,0,2,0,1.0,1.0,1.0,0.0,10.1,0.0
1781964418.8862836,20318,0,2,0,1.0,1.0,1.0,0.0,10.102,0.0
1781964418.93042,20328,0,2,0,1.0,1.0,1.0,0.0,10.103,0.0
1781964418.9767647,20338,0,2,0,1.0,1.0,1.0,0.0,10.105,0.0
1781964419.0260797,20348,0,2,0,1.0,1.0,1.0,0.0,10.106,0.0
1781964419.0672116,20358,0,2,0,1.0,1.0,1.0,0.0,10.108,0.0
1781964419.102879,20368,0,2,0,1.0,1.0,1.0,0.0,10.109,0.0
1781964419.163612,20378,0,2,0,1.0,1.0,1.0,0.0,10.111,0.0
1781964419.2545698,20388,0,2,0,1.0,1.0,1.0,0.0,10.112,0.0
1781964419.2925284,20398,0,2,0,1.0,1.0,1.0,0.0,10.114,0.0
1781964419.3468387,20408,0,2,0,1.0,1.0,1.0,0.0,10.116,0.0
1781964419.3847072,20418,0,2,0,1.0,1.0,1.0,0.0,10.117,0.0
1781964419.4434476,20428,0,2,0,1.0,1.0,1.0,0.0,10.119,0.0
1781964419.4921343,20438,0,2,0,1.0,1.0,1.0,0.0,10.12,0.0
1781964419.561581,20448,0,2,0,1.0,1.0,1.0,0.0,10.122,0.0
1781964419.6016095,20458,0,2,0,1.0,1.0,1.0,0.0,10.124,0.0
1781964419.648811,20468,0,2,0,1.0,1.0,1.0,0.0,10.125,0.0
1781964419.6934197,20478,0,2,0,1.0,1.0,1.0,0.0,10.127,0.0
1781964419.7786577,20488,0,2,0,1.0,1.0,1.0,0.0,10.128,0.0
1781964419.8209114,20498,0,2,0,1.0,1.0,1.0,0.0,10.13,0.0
1781964419.8646457,20508,0,2,0,1.0,1.0,1.0,0.0,10.132,0.0
1781964419.9117792,20518,0,2,0,1.0,1.0,1.0,0.0,10.133,0.0
1781964419.9475718,20528,0,2,0,1.0,1.0,1.0,0.0,10.135,0.0
1781964419.9948602,20538,0,2,0,1.0,1.0,1.0,0.0,10.137,0.0
1781964420.0396843,20548,0,2,0,1.0,1.0,1.0,0.0,10.138,0.0
1781964420.0787597,20558,0,2,0,1.0,1.0,1.0,0.0,10.14,0.0
1781964420.1417525,20568,0,2,0,1.0,1.0,1.0,0.0,10.142,0.0
1781964420.1904142,20578,0,2,0,1.0,1.0,1.0,0.0,10.143,0.0
1781964420.2562304,20588,0,2,0,1.0,1.0,1.0,0.0,10.145,0.0
1781964420.336803,20598,0,2,0,1.0,1.0,1.0,0.0,10.147,0.0
1781964420.3958626,20608,0,2,0,1.0,1.0,1.0,0.0,10.149,0.0
1781964420.434505,20618,0,2,0,1.0,1.0,1.0,0.0,10.15,0.0
1781964420.4821374,20628,0,2,0,1.0,1.0,1.0,0.0,10.152,0.0
1781964420.5246367,20638,0,2,0,1.0,1.0,1.0,0.0,10.154,0.0
1781964420.570829,20648,0,2,0,1.0,1.0,1.0,0.0,10.156,0.0
1781964420.6054845,20658,0,2,0,1.0,1.0,1.0,0.0,10.157,0.0
1781964420.659977,20668,0,2,0,1.0,1.0,1.0,0.0,10.159,0.0
1781964420.720808,20678,0,2,0,1.0,1.0,1.0,0.0,10.161,0.0
1781964420.7724128,20688,0,2,0,1.0,1.0,1.0,0.0,10.163,0.0
1781964420.8135557,20698,0,2,0,1.0,1.0,1.0,0.0,10.164,0.0
1781964420.869924,20708,0,2,0,1.0,1.0,1.0,0.0,10.166,0.0
1781964420.948857,20718,0,2,0,1.0,1.0,1.0,0.0,10.168,0.0
1781964420.9935844,20728,0,2,0,1.0,1.0,1.0,0.0,10.17,0.0
1781964421.0362353,20738,0,2,0,1.0,1.0,1.0,0.0,10.171,0.0
1781964421.0812943,20748,0,2,0,1.0,1.0,1.0,0.0,10.173,0.0
1781964421.1308951,20758,0,2,0,1.0,1.0,1.0,0.0,10.175,0.0
1781964421.1870565,20768,0,2,0,1.0,1.0,1.0,0.0,10.177,0.0
1781964421.228116,20778,0,2,0,1.0,1.0,1.0,0.0,10.179,0.0
1781964421.2773776,20788,0,2,0,1.0,1.0,1.0,0.0,10.181,0.0
1781964421.3299937,20798,0,2,0,1.0,1.0,1.0,0.0,10.183,0.0
1781964421.3716192,20808,0,2,0,1.0,1.0,1.0,0.0,10.184,0.0
1781964421.4068596,20818,0,2,0,1.0,1.0,1.0,0.0,10.186,0.0
1781964421.460152,20828,0,2,0,1.0,1.0,1.0,0.0,10.188,0.0
1781964421.5018873,20838,0,2,0,1.0,1.0,1.0,0.0,10.19,0.0
1781964421.5405877,20848,0,2,0,1.0,1.0,1.0,0.0,10.192,0.0
1781964421.6026883,20858,0,2,0,1.0,1.0,1.0,0.0,10.194,0.0
1781964421.6434913,20868,0,2,0,1.0,1.0,1.0,0.0,10.196,0.0
1781964421.6810138,20878,0,2,0,1.0,1.0,1.0,0.0,10.198,0.0
1781964421.7479997,20888,0,2,0,1.0,1.0,1.0,0.0,10.2,0.0
1781964421.7844605,20898,0,2,0,1.0,1.0,1.0,0.0,10.202,0.0
1781964421.8234138,20908,0,2,0,1.0,1.0,1.0,0.0,10.204,0.0
1781964421.8685012,20918,0,2,0,1.0,1.0,1.0,0.0,10.206,0.0
1781964421.9105198,20928,0,2,0,1.0,1.0,1.0,0.0,10.208,0.0
1781964421.9499927,20938,0,2,0,1.0,1.0,1.0,0.0,10.21,0.0
1781964421.9875238,20948,0,2,0,1.0,1.0,1.0,0.0,10.212,0.0
1781964422.0737824,20958,0,2,0,1.0,1.0,1.0,0.0,10.214,0.0
1781964422.1034648,20968,0,2,0,1.0,1.0,1.0,0.0,10.216,0.0
1781964422.1481519,20978,0,2,0,1.0,1.0,1.0,0.0,10.218,0.0
1781964422.1859505,20988,0,2,0,1.0,1.0,1.0,0.0,10.22,0.0
1781964422.2138388,20998,0,2,0,1.0,1.0,1.0,0.0,10.222,0.0
1781964422.251027,21008,0,2,0,1.0,1.0,1.0,0.0,10.224,0.0
1781964422.2976615,21018,0,2,0,1.0,1.0,1.0,0.0,10.226,0.0
1781964422.3359528,21028,0,2,0,1.0,1.0,1.0,0.0,10.228,0.0
1781964422.3824708,21038,0,2,0,1.0,1.0,1.0,0.0,10.23,0.0
1781964422.4151702,21048,0,2,0,1.0,1.0,1.0,0.0,10.232,0.0
1781964422.4626853,21058,0,2,0,1.0,1.0,1.0,0.0,10.234,0.0
1781964422.50366,21068,0,2,0,1.0,1.0,1.0,0.0,10.236,0.0
1781964422.5563083,21078,0,2,0,1.0,1.0,1.0,0.0,10.238,0.0
1781964422.5968955,21088,0,2,0,1.0,1.0,1.0,0.0,10.24,0.0
1781964422.6462595,21098,0,2,0,1.0,1.0,1.0,0.0,10.243,0.0
1781964422.6901019,21108,0,2,0,1.0,1.0,1.0,0.0,10.245,0.0
1781964422.7434235,21118,0,2,0,1.0,1.0,1.0,0.0,10.247,0.0
1781964422.779769,21128,0,2,0,1.0,1.0,1.0,0.0,10.249,0.0
1781964422.821104,21138,0,2,0,1.0,1.0,1.0,0.0,10.251,0.0
1781964422.865811,21148,0,2,0,1.0,1.0,1.0,0.0,10.253,0.0
1781964422.909368,21158,0,2,0,1.0,1.0,1.0,0.0,10.256,0.0
1781964422.9798653,21168,0,2,0,1.0,1.0,1.0,0.0,10.258,0.0
1781964423.0326304,21178,0,2,0,1.0,1.0,1.0,0.0,10.26,0.0
1781964423.0803688,21188,0,2,0,1.0,1.0,1.0,0.0,10.262,0.0
1781964423.1257997,21198,0,2,0,1.0,1.0,1.0,0.0,10.264,0.0
1781964423.1722968,21208,0,2,0,1.0,1.0,1.0,0.0,10.267,0.0
1781964423.2219024,21218,0,2,0,1.0,1.0,1.0,0.0,10.269,0.0
1781964423.2580698,21228,0,2,0,1.0,1.0,1.0,0.0,10.271,0.0
1781964423.3080316,21238,0,2,0,1.0,1.0,1.0,0.0,10.273,0.0
1781964423.370559,21248,0,2,0,1.0,1.0,1.0,0.0,10.275,0.0
1781964423.4228723,21258,0,2,0,1.0,1.0,1.0,0.0,10.278,0.0
1781964423.4602692,21268,0,2,0,1.0,1.0,1.0,0.0,10.28,0.0
1781964423.5147665,21278,0,2,0,1.0,1.0,1.0,0.0,10.282,0.0
1781964423.5703158,21288,0,2,0,1.0,1.0,1.0,0.0,10.284,0.0
1781964423.620989,21298,0,2,0,1.0,1.0,1.0,0.0,10.287,0.0
1781964423.696388,21308,0,2,0,1.0,1.0,1.0,0.0,10.289,0.0
1781964423.7373886,21318,0,2,0,1.0,1.0,1.0,0.0,10.291,0.0
1781964423.7802448,21328,0,2,0,1.0,1.0,1.0,0.0,10.293,0.0
1781964423.842462,21338,0,2,0,1.0,1.0,1.0,0.0,10.295,0.0
1781964423.8854353,21348,0,2,0,1.0,1.0,1.0,0.0,10.297,0.0
1781964423.9483714,21358,0,2,0,1.0,1.0,1.0,0.0,10.3,0.0
1781964423.9992566,21368,0,2,0,1.0,1.0,1.0,0.0,10.302,0.0
1781964424.0396,21378,0,2,0,1.0,1.0,1.0,0.0,10.304,0.0
1781964424.1403623,21388,0,2,0,1.0,1.0,1.0,0.0,10.306,0.0
1781964424.1957202,21398,0,2,0,1.0,1.0,1.0,0.0,10.308,0.0
1781964424.261751,21408,0,2,0,1.0,1.0,1.0,0.0,10.31,0.0
1781964424.2994103,21418,0,2,0,1.0,1.0,1.0,0.0,10.312,0.0
1781964424.3482032,21428,0,2,0,1.0,1.0,1.0,0.0,10.314,0.0
1781964424.3935373,21438,0,2,0,1.0,1.0,1.0,0.0,10.316,0.0
1781964424.4366176,21448,0,2,0,1.0,1.0,1.0,0.0,10.318,0.0
1781964424.4844244,21458,0,2,0,1.0,1.0,1.0,0.0,10.32,0.0
1781964424.5405397,21468,0,2,0,1.0,1.0,1.0,0.0,10.322,0.0
1781964424.5955582,21478,0,2,0,1.0,1.0,1.0,0.0,10.324,0.0
1781964424.6475694,21488,0,2,0,1.0,1.0,1.0,0.0,10.326,0.0
1781964424.70629,21498,0,2,0,1.0,1.0,1.0,0.0,10.328,0.0
1781964424.7364557,21508,0,2,0,1.0,1.0,1.0,0.0,10.33,0.0
1781964424.8293874,21518,0,2,0,1.0,1.0,1.0,0.0,10.332,0.0
1781964424.8796237,21528,0,2,0,1.0,1.0,1.0,0.0,10.334,0.0
1781964424.936211,21538,0,2,0,1.0,1.0,1.0,0.0,10.336,0.0
1781964424.9851387,21548,0,2,0,1.0,1.0,1.0,0.0,10.338,0.0
1781964425.0380979,21558,0,2,0,1.0,1.0,1.0,0.0,10.34,0.0
1781964425.0812566,21568,0,2,0,1.0,1.0,1.0,0.0,10.342,0.0
1781964425.1268897,21578,0,2,0,1.0,1.0,1.0,0.0,10.344,0.0
1781964425.171273,21588,0,2,0,1.0,1.0,1.0,0.0,10.346,0.0
1781964425.2402575,21598,0,2,0,1.0,1.0,1.0,0.0,10.348,0.0
1781964425.2688296,21608,0,2,0,1.0,1.0,1.0,0.0,10.35,0.0
1781964425.3147573,21618,0,2,0,1.0,1.0,1.0,0.0,10.352,0.0
1781964425.37132,21628,0,2,0,1.0,1.0,1.0,0.0,10.354,0.0
1781964425.4152386,21638,0,2,0,1.0,1.0,1.0,0.0,10.356,0.0
1781964425.4790437,21648,0,2,0,1.0,1.0,1.0,0.0,10.355,0.0
1781964425.524712,21658,0,2,0,1.0,1.0,1.0,0.0,10.351,0.0
1781964425.5722122,21668,0,2,0,1.0,1.0,1.0,0.0,10.348,0.0
1781964425.6083539,21678,0,2,0,1.0,1.0,1.0,0.0,10.344,0.0
1781964425.6433086,21688,0,2,0,1.0,1.0,1.0,0.0,10.34,0.0
1781964425.6862605,21698,0,2,0,1.0,1.0,1.0,0.0,10.336,0.0
1781964425.7256389,21708,0,2,0,1.0,1.0,1.0,0.0,10.332,0.0
1781964425.77747,21718,0,2,0,1.0,1.0,1.0,0.0,10.329,0.0
1781964425.8319156,21728,0,2,0,1.0,1.0,1.0,0.0,10.325,0.0
1781964425.884855,21738,0,2,0,1.0,1.0,1.0,0.0,10.321,0.0
1781964425.9343584,21748,0,2,0,1.0,1.0,1.0,0.0,10.318,0.0
1781964426.0086153,21758,0,2,0,1.0,1.0,1.0,0.0,10.314,0.0
1781964426.0507565,21768,0,2,0,1.0,1.0,1.0,0.0,10.31,0.0
1781964426.093677,21778,0,2,0,1.0,1.0,1.0,0.0,10.307,0.0
1781964426.136453,21788,0,2,0,1.0,1.0,1.0,0.0,10.304,0.0
1781964426.181401,21798,0,2,0,1.0,1.0,1.0,0.0,10.3,0.0
1781964426.2192814,21808,0,2,0,1.0,1.0,1.0,0.0,10.297,0.0
1781964426.2659228,21818,0,2,0,1.0,1.0,1.0,0.0,10.293,0.0
1781964426.3156557,21828,0,2,0,1.0,1.0,1.0,0.0,10.29,0.0
1781964426.352562,21838,0,2,0,1.0,1.0,1.0,0.0,10.286,0.0
1781964426.4157126,21848,0,2,0,1.0,1.0,1.0,0.0,10.283,0.0
1781964426.4600823,21858,0,2,0,1.0,1.0,1.0,0.0,10.28,0.0
1781964426.5243268,21868,0,2,0,1.0,1.0,1.0,0.0,10.277,0.0
1781964426.5798144,21878,0,2,0,1.0,1.0,1.0,0.0,10.273,0.0
1781964426.6266081,21888,0,2,0,1.0,1.0,1.0,0.0,10.27,0.0
1781964426.6858923,21898,0,2,0,1.0,1.0,1.0,0.0,10.267,0.0
1781964426.7363966,21908,0,2,0,1.0,1.0,1.0,0.0,10.264,0.0
1781964426.7992728,21918,0,2,0,1.0,1.0,1.0,0.0,10.261,0.0
1781964426.8380854,21928,0,2,0,1.0,1.0,1.0,0.0,10.258,0.0
1781964426.8759573,21938,0,2,0,1.0,1.0,1.0,0.0,10.255,0.0
1781964426.9104962,21948,0,2,0,1.0,1.0,1.0,0.0,10.251,0.0
1781964426.9539015,21958,0,2,0,1.0,1.0,1.0,0.0,10.248,0.0
1781964427.0026999,21968,0,2,0,1.0,1.0,1.0,0.0,10.245,0.0
1781964427.0577989,21978,0,2,0,1.0,1.0,1.0,0.0,10.242,0.0
1781964427.1149414,21988,0,2,0,1.0,1.0,1.0,0.0,10.239,0.0
1781964427.1529248,21998,0,2,0,1.0,1.0,1.0,0.0,10.236,0.0
1781964427.1881015,22008,0,2,0,1.0,1.0,1.0,0.0,10.233,0.0
1781964427.2381337,22018,0,2,0,1.0,1.0,1.0,0.0,10.231,0.0
1781964427.3024619,22028,0,2,0,1.0,1.0,1.0,0.0,10.228,0.0
1781964427.3578,22038,0,2,0,1.0,1.0,1.0,0.0,10.225,0.0
1781964427.4111497,22048,0,2,0,1.0,1.0,1.0,0.0,10.222,0.0
1781964427.45901,22058,0,2,0,1.0,1.0,1.0,0.0,10.219,0.0
1781964427.507893,22068,0,2,0,1.0,1.0,1.0,0.0,10.216,0.0
1781964427.5570428,22078,0,2,0,1.0,1.0,1.0,0.0,10.214,0.0
1781964427.6243935,22088,0,2,0,1.0,1.0,1.0,0.0,10.211,0.0
1781964427.6764078,22098,0,2,0,1.0,1.0,1.0,0.0,10.208,0.0
1781964427.715859,22108,0,2,0,1.0,1.0,1.0,0.0,10.206,0.0
1781964427.7673118,22118,0,2,0,1.0,1.0,1.0,0.0,10.203,0.0
1781964427.8122475,22128,0,2,0,1.0,1.0,1.0,0.0,10.2,0.0
1781964427.8574352,22138,0,2,0,1.0,1.0,1.0,0.0,10.198,0.0
1781964427.92031,22148,0,2,0,1.0,1.0,1.0,0.0,10.195,0.0
1781964427.9763477,22158,0,2,0,1.0,1.0,1.0,0.0,10.193,0.0
1781964428.0059252,22168,0,2,0,1.0,1.0,1.0,0.0,10.19,0.0
1781964428.0354733,22178,0,2,0,1.0,1.0,1.0,0.0,10.188,0.0
1781964428.0868483,22188,0,2,0,1.0,1.0,1.0,0.0,10.186,0.0
1781964428.1433516,22198,0,2,0,1.0,1.0,1.0,0.0,10.183,0.0
1781964428.2004876,22208,0,2,0,1.0,1.0,1.0,0.0,10.181,0.0
1781964428.2489934,22218,0,2,0,1.0,1.0,1.0,0.0,10.178,0.0
1781964428.3032212,22228,0,2,0,1.0,1.0,1.0,0.0,10.176,0.0
1781964428.3522289,22238,0,2,0,1.0,1.0,1.0,0.0,10.174,0.0
1781964428.3863747,22248,0,2,0,1.0,1.0,1.0,0.0,10.172,0.0
1781964428.424099,22258,0,2,0,1.0,1.0,1.0,0.0,10.169,0.0
1781964428.4588852,22268,0,2,0,1.0,1.0,1.0,0.0,10.167,0.0
1781964428.5051284,22278,0,2,0,1.0,1.0,1.0,0.0,10.165,0.0
1781964428.5681186,22288,0,2,0,1.0,1.0,1.0,0.0,10.163,0.0
1781964428.6217675,22298,0,2,0,1.0,1.0,1.0,0.0,10.161,0.0
1781964428.6710181,22308,0,2,0,1.0,1.0,1.0,0.0,10.159,0.0
1781964428.7084455,22318,0,2,0,1.0,1.0,1.0,0.0,10.157,0.0
1781964428.743059,22328,0,2,0,1.0,1.0,1.0,0.0,10.155,0.0
1781964428.784304,22338,0,2,0,1.0,1.0,1.0,0.0,10.153,0.0
1781964428.8112829,22348,0,2,0,1.0,1.0,1.0,0.0,10.151,0.0
1781964428.853959,22358,0,2,0,1.0,1.0,1.0,0.0,10.149,0.0
1781964428.905983,22368,0,2,0,1.0,1.0,1.0,0.0,10.147,0.0
1781964428.965798,22378,0,2,0,1.0,1.0,1.0,0.0,10.145,0.0
1781964429.004858,22388,0,2,0,1.0,1.0,1.0,0.0,10.144,0.0
1781964431.8272254,22398,0,2,0,1.0,1.0,1.0,0.0,10.143,0.0
1781964431.8788476,22408,0,2,0,1.0,1.0,1.0,0.0,10.143,0.0
1781964431.936935,22418,0,2,0,1.0,1.0,1.0,0.0,10.142,0.0
1781964431.985013,22428,0,2,0,1.0,1.0,1.0,0.0,10.142,0.0
1781964432.084292,22438,0,2,0,1.0,1.0,1.0,0.0,10.142,0.0
1781964432.151144,22448,0,2,0,1.0,1.0,1.0,0.0,10.141,0.0
1781964432.223918,22458,0,2,0,1.0,1.0,1.0,0.0,10.141,0.0
1781964432.284709,22468,0,2,0,1.0,1.0,1.0,0.0,10.141,0.0
1781964432.3300643,22478,0,2,0,1.0,1.0,1.0,0.0,10.141,0.0
1781964432.3689766,22488,0,2,0,1.0,1.0,1.0,0.0,10.141,0.0
1781964432.4095294,22498,0,2,0,1.0,1.0,1.0,0.0,10.141,0.0
1781964432.4470334,22508,0,2,0,1.0,1.0,1.0,0.0,10.14,0.0
1781964432.496025,22518,0,2,0,1.0,1.0,1.0,0.0,10.14,0.0
1781964432.5525322,22528,0,2,0,1.0,1.0,1.0,0.0,10.14,0.0
1781964432.587046,22538,0,2,0,1.0,1.0,1.0,0.0,10.14,0.0
1781964432.6317909,22548,0,2,0,1.0,1.0,1.0,0.0,10.14,0.0
1781964432.6730516,22558,0,2,0,1.0,1.0,1.0,0.0,10.14,0.0
1781964432.7220526,22568,0,2,0,1.0,1.0,1.0,0.0,10.14,0.0
1781964432.778864,22578,0,2,0,1.0,1.0,1.0,0.0,10.14,0.0
1781964432.8301532,22588,0,2,0,1.0,1.0,1.0,0.0,10.14,0.0
1781964432.9009075,22598,0,2,0,1.0,1.0,1.0,0.0,10.141,0.0
1781964432.962453,22608,0,2,0,1.0,1.0,1.0,0.0,10.141,0.0
1781964433.0307615,22618,0,2,0,1.0,1.0,1.0,0.0,10.141,0.0
1781964433.0926976,22628,0,2,0,1.0,1.0,1.0,0.0,10.141,0.0
1781964433.1521518,22638,0,2,0,1.0,1.0,1.0,0.0,10.141,0.0
1781964433.1908367,22648,0,2,0,1.0,1.0,1.0,0.0,10.141,0.0
1781964433.2312481,22658,0,2,0,1.0,1.0,1.0,0.0,10.142,0.0
1781964433.2743504,22668,0,2,0,1.0,1.0,1.0,0.0,10.142,0.0
1781964433.3231158,22678,0,2,0,1.0,1.0,1.0,0.0,10.142,0.0
1781964433.3625555,22688,0,2,0,1.0,1.0,1.0,0.0,10.143,0.0
1781964433.3921807,22698,0,2,0,1.0,1.0,1.0,0.0,10.143,0.0
1781964433.4292357,22708,0,2,0,1.0,1.0,1.0,0.0,10.144,0.0
1781964433.4765563,22718,0,2,0,1.0,1.0,1.0,0.0,10.144,0.0
1781964433.6038194,22728,0,2,0,1.0,1.0,1.0,0.0,10.145,0.0
1781964433.6481845,22738,0,2,0,1.0,1.0,1.0,0.0,10.145,0.0
1781964433.7382755,22748,0,2,0,1.0,1.0,1.0,0.0,10.146,0.0
1781964433.8234458,22758,0,2,0,1.0,1.0,1.0,0.0,10.146,0.0
1781964433.8976064,22768,0,2,0,1.0,1.0,1.0,0.0,10.147,0.0
1781964433.9485993,22778,0,2,0,1.0,1.0,1.0,0.0,10.148,0.0
1781964434.0089676,22788,0,2,0,1.0,1.0,1.0,0.0,10.148,0.0
1781964434.065615,22798,0,2,0,1.0,1.0,1.0,0.0,10.149,0.0
1781964434.1243618,22808,0,2,0,1.0,1.0,1.0,0.0,10.15,0.0
1781964434.1770258,22818,0,2,0,1.0,1.0,1.0,0.0,10.151,0.0
1781964434.2047632,22828,0,2,0,1.0,1.0,1.0,0.0,10.151,0.0
1781964434.2556787,22838,0,2,0,1.0,1.0,1.0,0.0,10.152,0.0
1781964434.312554,22848,0,2,0,1.0,1.0,1.0,0.0,10.153,0.0
1781964434.3581884,22858,0,2,0,1.0,1.0,1.0,0.0,10.154,0.0
1781964434.416493,22868,0,2,0,1.0,1.0,1.0,0.0,10.155,0.0
1781964434.4647794,22878,0,2,0,1.0,1.0,1.0,0.0,10.156,0.0
1781964434.5107157,22888,0,2,0,1.0,1.0,1.0,0.0,10.157,0.0
1781964434.597522,22898,0,2,0,1.0,1.0,1.0,0.0,10.158,0.0
1781964434.668993,22908,0,2,0,1.0,1.0,1.0,0.0,10.159,0.0
1781964434.7238128,22918,0,2,0,1.0,1.0,1.0,0.0,10.16,0.0
1781964434.7686775,22928,0,2,0,1.0,1.0,1.0,0.0,10.161,0.0
1781964434.8139055,22938,0,2,0,1.0,1.0,1.0,0.0,10.162,0.0
1781964434.8563817,22948,0,2,0,1.0,1.0,1.0,0.0,10.163,0.0
1781964434.919402,22958,0,2,0,1.0,1.0,1.0,0.0,10.164,0.0
1781964434.9725146,22968,0,2,0,1.0,1.0,1.0,0.0,10.165,0.0
1781964435.0254238,22978,0,2,0,1.0,1.0,1.0,0.0,10.166,0.0
1781964435.0804613,22988,0,2,0,1.0,1.0,1.0,0.0,10.167,0.0
1781964435.1406057,22998,0,2,0,1.0,1.0,1.0,0.0,10.168,0.0
1781964435.1819625,23008,0,2,0,1.0,1.0,1.0,0.0,10.169,0.0
1781964435.226111,23018,0,2,0,1.0,1.0,1.0,0.0,10.17,0.0
1781964435.2694626,23028,0,2,0,1.0,1.0,1.0,0.0,10.171,0.0
1781964435.3103313,23038,0,2,0,1.0,1.0,1.0,0.0,10.172,0.0
1781964435.3521116,23048,0,2,0,1.0,1.0,1.0,0.0,10.174,0.0
1781964435.421131,23058,0,2,0,1.0,1.0,1.0,0.0,10.175,0.0
1781964435.4734674,23068,0,2,0,1.0,1.0,1.0,0.0,10.176,0.0
1781964435.5061934,23078,0,2,0,1.0,1.0,1.0,0.0,10.177,0.0
1781964435.5644195,23088,0,2,0,1.0,1.0,1.0,0.0,10.178,0.0
1781964435.6105788,23098,0,2,0,1.0,1.0,1.0,0.0,10.179,0.0
1781964435.6589868,23108,0,2,0,1.0,1.0,1.0,0.0,10.18,0.0
1781964435.7022982,23118,0,2,0,1.0,1.0,1.0,0.0,10.181,0.0
1781964435.7453578,23128,0,2,0,1.0,1.0,1.0,0.0,10.182,0.0
1781964435.7835855,23138,0,2,0,1.0,1.0,1.0,0.0,10.183,0.0
1781964435.8342304,23148,0,2,0,1.0,1.0,1.0,0.0,10.184,0.0
1781964435.875361,23158,0,2,0,1.0,1.0,1.0,0.0,10.185,0.0
1781964435.9515605,23168,0,2,0,1.0,1.0,1.0,0.0,10.186,0.0
1781964435.9940414,23178,0,2,0,1.0,1.0,1.0,0.0,10.187,0.0
1781964436.035683,23188,0,2,0,1.0,1.0,1.0,0.0,10.188,0.0
1781964436.0870986,23198,0,2,0,1.0,1.0,1.0,0.0,10.189,0.0
1781964436.1259313,23208,0,2,0,1.0,1.0,1.0,0.0,10.19,0.0
1781964436.1849525,23218,0,2,0,1.0,1.0,1.0,0.0,10.191,0.0
1781964436.2276719,23228,0,2,0,1.0,1.0,1.0,0.0,10.192,0.0
1781964436.2881565,23238,0,2,0,1.0,1.0,1.0,0.0,10.193,0.0
1781964436.3239598,23248,0,2,0,1.0,1.0,1.0,0.0,10.194,0.0
1781964436.379017,23258,0,2,0,1.0,1.0,1.0,0.0,10.195,0.0
1781964436.4190094,23268,0,2,0,1.0,1.0,1.0,0.0,10.196,0.0
1781964436.470149,23278,0,2,0,1.0,1.0,1.0,0.0,10.197,0.0
1781964436.52493,23288,0,2,0,1.0,1.0,1.0,0.0,10.198,0.0
1781964436.5695307,23298,0,2,0,1.0,1.0,1.0,0.0,10.199,0.0
1781964436.61652,23308,0,2,0,1.0,1.0,1.0,0.0,10.2,0.0
1781964436.6578848,23318,0,2,0,1.0,1.0,1.0,0.0,10.201,0.0
1781964436.7154756,23328,0,2,0,1.0,1.0,1.0,0.0,10.202,0.0
1781964436.7538104,23338,0,2,0,1.0,1.0,1.0,0.0,10.203,0.0
1781964436.8150682,23348,0,2,0,1.0,1.0,1.0,0.0,10.204,0.0
1781964436.8674445,23358,0,2,0,1.0,1.0,1.0,0.0,10.205,0.0
1781964436.9067464,23368,0,2,0,1.0,1.0,1.0,0.0,10.206,0.0
1781964436.9788642,23378,0,2,0,1.0,1.0,1.0,0.0,10.207,0.0
1781964437.0478935,23388,0,2,0,1.0,1.0,1.0,0.0,10.208,0.0
1781964437.109302,23398,0,2,0,1.0,1.0,1.0,0.0,10.209,0.0
1781964437.1647959,23408,0,2,0,1.0,1.0,1.0,0.0,10.21,0.0
1781964437.206124,23418,0,2,0,1.0,1.0,1.0,0.0,10.211,0.0
1781964437.2627451,23428,0,2,0,1.0,1.0,1.0,0.0,10.212,0.0
1781964437.30991,23438,0,2,0,1.0,1.0,1.0,0.0,10.213,0.0
1781964437.3562982,23448,0,2,0,1.0,1.0,1.0,0.0,10.214,0.0
1781964437.398903,23458,0,2,0,1.0,1.0,1.0,0.0,10.215,0.0
1781964437.4323542,23468,0,2,0,1.0,1.0,1.0,0.0,10.216,0.0
1781964437.4773881,23478,0,2,0,1.0,1.0,1.0,0.0,10.217,0.0
1781964437.522076,23488,0,2,0,1.0,1.0,1.0,0.0,10.218,0.0
1781964437.566388,23498,0,2,0,1.0,1.0,1.0,0.0,10.219,0.0
1781964437.607535,23508,0,2,0,1.0,1.0,1.0,0.0,10.22,0.0
1781964437.6509502,23518,0,2,0,1.0,1.0,1.0,0.0,10.221,0.0
1781964437.6999393,23528,0,2,0,1.0,1.0,1.0,0.0,10.223,0.0
1781964437.7484574,23538,0,2,0,1.0,1.0,1.0,0.0,10.224,0.0
1781964437.789012,23548,0,2,0,1.0,1.0,1.0,0.0,10.225,0.0
1781964437.8468294,23558,0,2,0,1.0,1.0,1.0,0.0,10.226,0.0
1781964437.8874123,23568,0,2,0,1.0,1.0,1.0,0.0,10.227,0.0
1781964437.9357884,23578,0,2,0,1.0,1.0,1.0,0.0,10.228,0.0
1781964437.9711878,23588,0,2,0,1.0,1.0,1.0,0.0,10.229,0.0
1781964438.0198953,23598,0,2,0,1.0,1.0,1.0,0.0,10.23,0.0
1781964438.067915,23608,0,2,0,1.0,1.0,1.0,0.0,10.231,0.0
1781964438.1021168,23618,0,2,0,1.0,1.0,1.0,0.0,10.232,0.0
1781964438.1527596,23628,0,2,0,1.0,1.0,1.0,0.0,10.233,0.0
1781964438.184224,23638,0,2,0,1.0,1.0,1.0,0.0,10.234,0.0
1781964438.2217996,23648,0,2,0,1.0,1.0,1.0,0.0,10.235,0.0
1781964438.267828,23658,0,2,0,1.0,1.0,1.0,0.0,10.236,0.0
1781964438.3090546,23668,0,2,0,1.0,1.0,1.0,0.0,10.237,0.0
1781964438.3560195,23678,0,2,0,1.0,1.0,1.0,0.0,10.239,0.0
1781964438.4070253,23688,0,2,0,1.0,1.0,1.0,0.0,10.24,0.0
1781964438.4472806,23698,0,2,0,1.0,1.0,1.0,0.0,10.241,0.0
1781964438.504651,23708,0,2,0,1.0,1.0,1.0,0.0,10.242,0.0
1781964438.5458605,23718,0,2,0,1.0,1.0,1.0,0.0,10.243,0.0
1781964438.594788,23728,0,2,0,1.0,1.0,1.0,0.0,10.244,0.0
1781964438.6319184,23738,0,2,0,1.0,1.0,1.0,0.0,10.245,0.0
1781964438.6848886,23748,0,2,0,1.0,1.0,1.0,0.0,10.246,0.0
1781964438.7102993,23758,0,2,0,1.0,1.0,1.0,0.0,10.247,0.0
1781964438.7517593,23768,0,2,0,1.0,1.0,1.0,0.0,10.248,0.0
1781964438.8032672,23778,0,2,0,1.0,1.0,1.0,0.0,10.25,0.0
1781964438.8408937,23788,0,2,0,1.0,1.0,1.0,0.0,10.251,0.0
1781964438.9014328,23798,0,2,0,1.0,1.0,1.0,0.0,10.252,0.0
1781964438.9450736,23808,0,2,0,1.0,1.0,1.0,0.0,10.253,0.0
1781964439.0118248,23818,0,2,0,1.0,1.0,1.0,0.0,10.254,0.0
1781964439.0513284,23828,0,2,0,1.0,1.0,1.0,0.0,10.255,0.0
1781964439.087456,23838,0,2,0,1.0,1.0,1.0,0.0,10.256,0.0
1781964439.1435974,23848,0,2,0,1.0,1.0,1.0,0.0,10.257,0.0
1781964439.1780472,23858,0,2,0,1.0,1.0,1.0,0.0,10.258,0.0
1781964439.2271543,23868,0,2,0,1.0,1.0,1.0,0.0,10.26,0.0
1781964439.2823734,23878,0,2,0,1.0,1.0,1.0,0.0,10.261,0.0
1781964439.3082614,23888,0,2,0,1.0,1.0,1.0,0.0,10.262,0.0
1781964439.3556175,23898,0,2,0,1.0,1.0,1.0,0.0,10.263,0.0
1781964439.404904,23908,0,2,0,1.0,1.0,1.0,0.0,10.264,0.0
1781964439.4410849,23918,0,2,0,1.0,1.0,1.0,0.0,10.265,0.0
1781964439.49536,23928,0,2,0,1.0,1.0,1.0,0.0,10.266,0.0
1781964439.550417,23938,0,2,0,1.0,1.0,1.0,0.0,10.267,0.0
1781964439.5974212,23948,0,2,0,1.0,1.0,1.0,0.0,10.269,0.0
1781964439.6498792,23958,0,2,0,1.0,1.0,1.0,0.0,10.265,0.0
1781964439.704805,23968,0,2,0,1.0,1.0,1.0,0.0,10.262,0.0
1781964439.7533002,23978,0,2,0,1.0,1.0,1.0,0.0,10.258,0.0
1781964439.7974446,23988,0,2,0,1.0,1.0,1.0,0.0,10.255,0.0
1781964439.842225,23998,0,2,0,1.0,1.0,1.0,0.0,10.252,0.0
1781964439.893933,24008,0,2,0,1.0,1.0,1.0,0.0,10.248,0.0
1781964439.9384363,24018,0,2,0,1.0,1.0,1.0,0.0,10.245,0.0
1781964439.9864395,24028,0,2,0,1.0,1.0,1.0,0.0,10.242,0.0
1781964440.0557005,24038,0,2,0,1.0,1.0,1.0,0.0,10.239,0.0
1781964440.1084292,24048,0,2,0,1.0,1.0,1.0,0.0,10.236,0.0
1781964440.15099,24058,0,2,0,1.0,1.0,1.0,0.0,10.232,0.0
1781964440.2081053,24068,0,2,0,1.0,1.0,1.0,0.0,10.229,0.0
1781964440.261778,24078,0,2,0,1.0,1.0,1.0,0.0,10.226,0.0
1781964440.314427,24088,0,2,0,1.0,1.0,1.0,0.0,10.223,0.0
1781964440.3649766,24098,0,2,0,1.0,1.0,1.0,0.0,10.22,0.0
1781964440.4140275,24108,0,2,0,1.0,1.0,1.0,0.0,10.217,0.0
1781964440.4627116,24118,0,2,0,1.0,1.0,1.0,0.0,10.214,0.0
1781964440.5091136,24128,0,2,0,1.0,1.0,1.0,0.0,10.211,0.0
1781964440.553299,24138,0,2,0,1.0,1.0,1.0,0.0,10.208,0.0
1781964440.6063414,24148,0,2,0,1.0,1.0,1.0,0.0,10.205,0.0
1781964440.6752515,24158,0,2,0,1.0,1.0,1.0,0.0,10.202,0.0
1781964440.7696514,24168,0,2,0,1.0,1.0,1.0,0.0,10.199,0.0
1781964440.8177261,24178,0,2,0,1.0,1.0,1.0,0.0,10.196,0.0
1781964440.8616202,24188,0,2,0,1.0,1.0,1.0,0.0,10.194,0.0
1781964440.9159536,24198,0,2,0,1.0,1.0,1.0,0.0,10.191,0.0
1781964440.9548326,24208,0,2,0,1.0,1.0,1.0,0.0,10.188,0.0
1781964441.0054536,24218,0,2,0,1.0,1.0,1.0,0.0,10.185,0.0
1781964441.0616858,24228,0,2,0,1.0,1.0,1.0,0.0,10.182,0.0
1781964441.133173,24238,0,2,0,1.0,1.0,1.0,0.0,10.18,0.0
1781964441.192293,24248,0,2,0,1.0,1.0,1.0,0.0,10.177,0.0
1781964441.2324896,24258,0,2,0,1.0,1.0,1.0,0.0,10.174,0.0
1781964441.2709725,24268,0,2,0,1.0,1.0,1.0,0.0,10.171,0.0
1781964441.3148305,24278,0,2,0,1.0,1.0,1.0,0.0,10.169,0.0
1781964441.364933,24288,0,2,0,1.0,1.0,1.0,0.0,10.166,0.0
1781964441.4158814,24298,0,2,0,1.0,1.0,1.0,0.0,10.164,0.0
1781964441.4716866,24308,0,2,0,1.0,1.0,1.0,0.0,10.161,0.0
1781964441.5178716,24318,0,2,0,1.0,1.0,1.0,0.0,10.159,0.0
1781964441.5596082,24328,0,2,0,1.0,1.0,1.0,0.0,10.156,0.0
1781964441.6154127,24338,0,2,0,1.0,1.0,1.0,0.0,10.154,0.0
1781964441.6597314,24348,0,2,0,1.0,1.0,1.0,0.0,10.151,0.0
1781964441.7097862,24358,0,2,0,1.0,1.0,1.0,0.0,10.149,0.0
1781964441.7748039,24368,0,2,0,1.0,1.0,1.0,0.0,10.146,0.0
1781964441.8277464,24378,0,2,0,1.0,1.0,1.0,0.0,10.144,0.0
1781964441.8789322,24388,0,2,0,1.0,1.0,1.0,0.0,10.142,0.0
1781964441.9328074,24398,0,2,0,1.0,1.0,1.0,0.0,10.139,0.0
1781964441.9674125,24408,0,2,0,1.0,1.0,1.0,0.0,10.137,0.0
1781964442.0252314,24418,0,2,0,1.0,1.0,1.0,0.0,10.135,0.0
1781964442.073644,24428,0,2,0,1.0,1.0,1.0,0.0,10.132,0.0
1781964442.164957,24438,0,2,0,1.0,1.0,1.0,0.0,10.13,0.0
1781964442.2107863,24448,0,2,0,1.0,1.0,1.0,0.0,10.128,0.0
1781964442.249869,24458,0,2,0,1.0,1.0,1.0,0.0,10.125,0.0
1781964442.2931764,24468,0,2,0,1.0,1.0,1.0,0.0,10.123,0.0
1781964442.3443499,24478,0,2,0,1.0,1.0,1.0,0.0,10.121,0.0
1781964442.3903177,24488,0,2,0,1.0,1.0,1.0,0.0,10.119,0.0
1781964442.4428062,24498,0,2,0,1.0,1.0,1.0,0.0,10.117,0.0
1781964442.495626,24508,0,2,0,1.0,1.0,1.0,0.0,10.115,0.0
1781964442.5270028,24518,0,2,0,1.0,1.0,1.0,0.0,10.112,0.0
1781964442.600585,24528,0,2,0,1.0,1.0,1.0,0.0,10.11,0.0
1781964442.6530716,24538,0,2,0,1.0,1.0,1.0,0.0,10.108,0.0
1781964442.6982982,24548,0,2,0,1.0,1.0,1.0,0.0,10.106,0.0
1781964442.7429924,24558,0,2,0,1.0,1.0,1.0,0.0,10.104,0.0
1781964442.8070827,24568,0,2,0,1.0,1.0,1.0,0.0,10.103,0.0
1781964442.8551528,24578,0,2,0,1.0,1.0,1.0,0.0,10.101,0.0
1781964442.899463,24588,0,2,0,1.0,1.0,1.0,0.0,10.099,0.0
1781964442.9258382,24598,0,2,0,1.0,1.0,1.0,0.0,10.097,0.0
1781964442.96659,24608,0,2,0,1.0,1.0,1.0,0.0,10.095,0.0
1781964443.0155191,24618,0,2,0,1.0,1.0,1.0,0.0,10.093,0.0
1781964443.0544455,24628,0,2,0,1.0,1.0,1.0,0.0,10.092,0.0
1781964443.1008973,24638,0,2,0,1.0,1.0,1.0,0.0,10.09,0.0
1781964443.1464806,24648,0,2,0,1.0,1.0,1.0,0.0,10.088,0.0
1781964443.1908314,24658,0,2,0,1.0,1.0,1.0,0.0,10.087,0.0
1781964443.2616417,24668,0,2,0,1.0,1.0,1.0,0.0,10.085,0.0
1781964443.312639,24678,0,2,0,1.0,1.0,1.0,0.0,10.083,0.0
1781964443.353764,24688,0,2,0,1.0,1.0,1.0,0.0,10.082,0.0
1781964443.3928812,24698,0,2,0,1.0,1.0,1.0,0.0,10.08,0.0
1781964443.431596,24708,0,2,0,1.0,1.0,1.0,0.0,10.079,0.0
1781964443.4827437,24718,0,2,0,1.0,1.0,1.0,0.0,10.077,0.0
1781964443.5404627,24728,0,2,0,1.0,1.0,1.0,0.0,10.076,0.0
1781964443.595923,24738,0,2,0,1.0,1.0,1.0,0.0,10.074,0.0
1781964443.6335654,24748,0,2,0,1.0,1.0,1.0,0.0,10.073,0.0
1781964443.6886215,24758,0,2,0,1.0,1.0,1.0,0.0,10.071,0.0
1781964443.7254882,24768,0,2,0,1.0,1.0,1.0,0.0,10.07,0.0
1781964443.7711518,24778,0,2,0,1.0,1.0,1.0,0.0,10.069,0.0
1781964443.8141541,24788,0,2,0,1.0,1.0,1.0,0.0,10.067,0.0
1781964443.8692029,24798,0,2,0,1.0,1.0,1.0,0.0,10.066,0.0
1781964443.937086,24808,0,2,0,1.0,1.0,1.0,0.0,10.065,0.0
1781964443.9755166,24818,0,2,0,1.0,1.0,1.0,0.0,10.064,0.0
1781964444.0014012,24828,0,2,0,1.0,1.0,1.0,0.0,10.062,0.0
1781964444.0381694,24838,0,2,0,1.0,1.0,1.0,0.0,10.061,0.0
1781964444.0841498,24848,0,2,0,1.0,1.0,1.0,0.0,10.06,0.0
1781964444.1189594,24858,0,2,0,1.0,1.0,1.0,0.0,10.059,0.0
1781964444.1495035,24868,0,2,0,1.0,1.0,1.0,0.0,10.058,0.0
1781964444.2305677,24878,0,2,0,1.0,1.0,1.0,0.0,10.057,0.0
1781964444.286962,24888,0,2,0,1.0,1.0,1.0,0.0,10.056,0.0
1781964444.3287303,24898,0,2,0,1.0,1.0,1.0,0.0,10.055,0.0
1781964444.3686678,24908,0,2,0,1.0,1.0,1.0,0.0,10.054,0.0
1781964444.4136448,24918,0,2,0,1.0,1.0,1.0,0.0,10.053,0.0
1781964444.449026,24928,0,2,0,1.0,1.0,1.0,0.0,10.052,0.0
1781964444.4929307,24938,0,2,0,1.0,1.0,1.0,0.0,10.051,0.0
1781964444.5512435,24948,0,2,0,1.0,1.0,1.0,0.0,10.05,0.0
1781964444.583537,24958,0,2,0,1.0,1.0,1.0,0.0,10.049,0.0
1781964444.6246297,24968,0,2,0,1.0,1.0,1.0,0.0,10.048,0.0
1781964444.6522489,24978,0,2,0,1.0,1.0,1.0,0.0,10.048,0.0
1781964444.7077527,24988,0,2,0,1.0,1.0,1.0,0.0,10.047,0.0
1781964444.7437873,24998,0,2,0,1.0,1.0,1.0,0.0,10.046,0.0
1781964444.7829096,25008,0,2,0,1.0,1.0,1.0,0.0,10.045,0.0
1781964444.8464358,25018,0,2,0,1.0,1.0,1.0,0.0,10.045,0.0
1781964444.8877835,25028,0,2,0,1.0,1.0,1.0,0.0,10.044,0.0
1781964444.9545574,25038,0,2,0,1.0,1.0,1.0,0.0,10.043,0.0
1781964445.007973,25048,0,2,0,1.0,1.0,1.0,0.0,10.043,0.0
1781964445.0655105,25058,0,2,0,1.0,1.0,1.0,0.0,10.042,0.0
1781964445.107583,25068,0,2,0,1.0,1.0,1.0,0.0,10.041,0.0
1781964445.149401,25078,0,2,0,1.0,1.0,1.0,0.0,10.041,0.0
1781964445.199089,25088,0,2,0,1.0,1.0,1.0,0.0,10.04,0.0
1781964445.273136,25098,0,2,0,1.0,1.0,1.0,0.0,10.04,0.0
1781964445.3134284,25108,0,2,0,1.0,1.0,1.0,0.0,10.039,0.0
1781964445.3509932,25118,0,2,0,1.0,1.0,1.0,0.0,10.039,0.0
1781964445.4088361,25128,0,2,0,1.0,1.0,1.0,0.0,10.038,0.0
1781964445.4526577,25138,0,2,0,1.0,1.0,1.0,0.0,10.038,0.0
1781964445.4992855,25148,0,2,0,1.0,1.0,1.0,0.0,10.038,0.0
1781964445.544812,25158,0,2,0,1.0,1.0,1.0,0.0,10.037,0.0
1781964445.5993748,25168,0,2,0,1.0,1.0,1.0,0.0,10.037,0.0
1781964445.6377444,25178,0,2,0,1.0,1.0,1.0,0.0,10.037,0.0
1781964445.6758537,25188,0,2,0,1.0,1.0,1.0,0.0,10.036,0.0
1781964445.7200618,25198,0,2,0,1.0,1.0,1.0,0.0,10.036,0.0
1781964445.755965,25208,0,2,0,1.0,1.0,1.0,0.0,10.036,0.0
1781964445.814216,25218,0,2,0,1.0,1.0,1.0,0.0,10.036,0.0
1781964445.8578904,25228,0,2,0,1.0,1.0,1.0,0.0,10.035,0.0
1781964445.899643,25238,0,2,0,1.0,1.0,1.0,0.0,10.035,0.0
1781964445.9424424,25248,0,2,0,1.0,1.0,1.0,0.0,10.035,0.0
1781964445.9802413,25258,0,2,0,1.0,1.0,1.0,0.0,10.035,0.0
1781964446.0393074,25268,0,2,0,1.0,1.0,1.0,0.0,10.035,0.0
1781964446.10204,25278,0,2,0,1.0,1.0,1.0,0.0,10.035,0.0
1781964446.1482263,25288,0,2,0,1.0,1.0,1.0,0.0,10.035,0.0
1781964446.195329,25298,0,2,0,1.0,1.0,1.0,0.0,10.035,0.0
1781964446.2788954,25308,0,2,0,1.0,1.0,1.0,0.0,10.035,0.0
1781964446.3174,25318,0,2,0,1.0,1.0,1.0,0.0,10.035,0.0
1781964446.3502052,25328,0,2,0,1.0,1.0,1.0,0.0,10.035,0.0
1781964446.4047945,25338,0,2,0,1.0,1.0,1.0,0.0,10.035,0.0
1781964446.4570704,25348,0,2,0,1.0,1.0,1.0,0.0,10.035,0.0
1781964446.493374,25358,0,2,0,1.0,1.0,1.0,0.0,10.035,0.0
1781964446.5315878,25368,0,2,0,1.0,1.0,1.0,0.0,10.035,0.0
1781964446.568679,25378,0,2,0,1.0,1.0,1.0,0.0,10.035,0.0
1781964446.6128993,25388,0,2,0,1.0,1.0,1.0,0.0,10.035,0.0
1781964446.6455548,25398,0,2,0,1.0,1.0,1.0,0.0,10.036,0.0
1781964446.700267,25408,0,2,0,1.0,1.0,1.0,0.0,10.036,0.0
1781964446.7489195,25418,0,2,0,1.0,1.0,1.0,0.0,10.036,0.0
1781964446.799586,25428,0,2,0,1.0,1.0,1.0,0.0,10.036,0.0
1781964446.8387609,25438,0,2,0,1.0,1.0,1.0,0.0,10.037,0.0
1781964446.879778,25448,0,2,0,1.0,1.0,1.0,0.0,10.037,0.0
1781964446.925634,25458,0,2,0,1.0,1.0,1.0,0.0,10.037,0.0
1781964449.67725,25468,0,2,0,1.0,1.0,1.0,0.0,10.038,0.0
1781964449.748065,25478,0,2,0,1.0,1.0,1.0,0.0,10.039,0.0
1781964449.7922535,25488,0,2,0,1.0,1.0,1.0,0.0,10.039,0.0
1781964449.844225,25498,0,2,0,1.0,1.0,1.0,0.0,10.04,0.0
1781964449.9124477,25508,0,2,0,1.0,1.0,1.0,0.0,10.041,0.0
1781964449.9655774,25518,0,2,0,1.0,1.0,1.0,0.0,10.042,0.0
1781964450.0424721,25528,0,2,0,1.0,1.0,1.0,0.0,10.043,0.0
1781964450.0911908,25538,0,2,0,1.0,1.0,1.0,0.0,10.044,0.0
1781964450.1532426,25548,0,2,0,1.0,1.0,1.0,0.0,10.045,0.0
1781964450.2043605,25558,0,2,0,1.0,1.0,1.0,0.0,10.046,0.0
1781964450.2633905,25568,0,2,0,1.0,1.0,1.0,0.0,10.047,0.0
1781964450.304006,25578,0,2,0,1.0,1.0,1.0,0.0,10.048,0.0
1781964450.3518553,25588,0,2,0,1.0,1.0,1.0,0.0,10.049,0.0
1781964450.3994172,25598,0,2,0,1.0,1.0,1.0,0.0,10.05,0.0
1781964450.4336965,25608,0,2,0,1.0,1.0,1.0,0.0,10.051,0.0
1781964450.4693553,25618,0,2,0,1.0,1.0,1.0,0.0,10.052,0.0
1781964450.5095828,25628,0,2,0,1.0,1.0,1.0,0.0,10.053,0.0
1781964450.5675814,25638,0,2,0,1.0,1.0,1.0,0.0,10.054,0.0
1781964450.6014657,25648,0,2,0,1.0,1.0,1.0,0.0,10.056,0.0
1781964450.6287084,25658,0,2,0,1.0,1.0,1.0,0.0,10.057,0.0
1781964450.663951,25668,0,2,0,1.0,1.0,1.0,0.0,10.058,0.0
1781964450.7206674,25678,0,2,0,1.0,1.0,1.0,0.0,10.059,0.0
1781964450.79257,25688,0,2,0,1.0,1.0,1.0,0.0,10.061,0.0
1781964450.8572743,25698,0,2,0,1.0,1.0,1.0,0.0,10.062,0.0
1781964450.918862,25708,0,2,0,1.0,1.0,1.0,0.0,10.063,0.0
1781964450.963848,25718,0,2,0,1.0,1.0,1.0,0.0,10.065,0.0
1781964450.9979155,25728,0,2,0,1.0,1.0,1.0,0.0,10.066,0.0
1781964451.0593147,25738,0,2,0,1.0,1.0,1.0,0.0,10.067,0.0
1781964451.0942233,25748,0,2,0,1.0,1.0,1.0,0.0,10.069,0.0
1781964451.1365435,25758,0,2,0,1.0,1.0,1.0,0.0,10.07,0.0
1781964451.1904204,25768,0,2,0,1.0,1.0,1.0,0.0,10.072,0.0
1781964451.237736,25778,0,2,0,1.0,1.0,1.0,0.0,10.073,0.0
1781964451.2853727,25788,0,2,0,1.0,1.0,1.0,0.0,10.075,0.0
1781964451.3336766,25798,0,2,0,1.0,1.0,1.0,0.0,10.076,0.0
1781964451.380434,25808,0,2,0,1.0,1.0,1.0,0.0,10.078,0.0
1781964451.4260907,25818,0,2,0,1.0,1.0,1.0,0.0,10.08,0.0
1781964451.4902914,25828,0,2,0,1.0,1.0,1.0,0.0,10.081,0.0
1781964451.5240104,25838,0,2,0,1.0,1.0,1.0,0.0,10.083,0.0
1781964451.558297,25848,0,2,0,1.0,1.0,1.0,0.0,10.084,0.0
1781964451.6107457,25858,0,2,0,1.0,1.0,1.0,0.0,10.086,0.0
1781964451.6414244,25868,0,2,0,1.0,1.0,1.0,0.0,10.088,0.0
1781964451.6952317,25878,0,2,0,1.0,1.0,1.0,0.0,10.09,0.0
1781964451.7478638,25888,0,2,0,1.0,1.0,1.0,0.0,10.091,0.0
1781964451.814932,25898,0,2,0,1.0,1.0,1.0,0.0,10.093,0.0
1781964451.875517,25908,0,2,0,1.0,1.0,1.0,0.0,10.095,0.0
1781964451.9246836,25918,0,2,0,1.0,1.0,1.0,0.0,10.097,0.0
1781964451.9812133,25928,0,2,0,1.0,1.0,1.0,0.0,10.098,0.0
1781964452.1341817,25938,0,2,0,1.0,1.0,1.0,0.0,10.1,0.0
1781964452.161635,25948,0,2,0,1.0,1.0,1.0,0.0,10.102,0.0
1781964452.219534,25958,0,2,0,1.0,1.0,1.0,0.0,10.104,0.0
1781964452.275476,25968,0,2,0,1.0,1.0,1.0,0.0,10.106,0.0
1781964452.3246303,25978,0,2,0,1.0,1.0,1.0,0.0,10.108,0.0
1781964452.3695126,25988,0,2,0,1.0,1.0,1.0,0.0,10.11,0.0
1781964452.4094043,25998,0,2,0,1.0,1.0,1.0,0.0,10.112,0.0
1781964452.4571505,26008,0,2,0,1.0,1.0,1.0,0.0,10.114,0.0
1781964452.5024252,26018,0,2,0,1.0,1.0,1.0,0.0,10.116,0.0
1781964452.5535772,26028,0,2,0,1.0,1.0,1.0,0.0,10.118,0.0
1781964452.5896695,26038,0,2,0,1.0,1.0,1.0,0.0,10.12,0.0
1781964452.6235476,26048,0,2,0,1.0,1.0,1.0,0.0,10.122,0.0
1781964452.6628363,26058,0,2,0,1.0,1.0,1.0,0.0,10.124,0.0
1781964452.724011,26068,0,2,0,1.0,1.0,1.0,0.0,10.126,0.0
1781964452.7731514,26078,0,2,0,1.0,1.0,1.0,0.0,10.128,0.0
1781964452.8010302,26088,0,2,0,1.0,1.0,1.0,0.0,10.13,0.0
1781964452.8488038,26098,0,2,0,1.0,1.0,1.0,0.0,10.132,0.0
1781964452.893689,26108,0,2,0,1.0,1.0,1.0,0.0,10.134,0.0
1781964452.925364,26118,0,2,0,1.0,1.0,1.0,0.0,10.136,0.0
1781964452.9948323,26128,0,2,0,1.0,1.0,1.0,0.0,10.138,0.0
1781964453.0701246,26138,0,2,0,1.0,1.0,1.0,0.0,10.141,0.0
1781964453.11441,26148,0,2,0,1.0,1.0,1.0,0.0,10.143,0.0
1781964453.164045,26158,0,2,0,1.0,1.0,1.0,0.0,10.145,0.0
1781964453.1986964,26168,0,2,0,1.0,1.0,1.0,0.0,10.147,0.0
1781964453.24801,26178,0,2,0,1.0,1.0,1.0,0.0,10.149,0.0
1781964453.3032022,26188,0,2,0,1.0,1.0,1.0,0.0,10.151,0.0
1781964453.3641782,26198,0,2,0,1.0,1.0,1.0,0.0,10.153,0.0
1781964453.4303098,26208,0,2,0,1.0,1.0,1.0,0.0,10.155,0.0
1781964453.4984367,26218,0,2,0,1.0,1.0,1.0,0.0,10.157,0.0
1781964453.5427275,26228,0,2,0,1.0,1.0,1.0,0.0,10.159,0.0
1781964453.592383,26238,0,2,0,1.0,1.0,1.0,0.0,10.161,0.0
1781964453.6374085,26248,0,2,0,1.0,1.0,1.0,0.0,10.163,0.0
1781964453.6737485,26258,0,2,0,1.0,1.0,1.0,0.0,10.165,0.0
1781964453.717697,26268,0,2,0,1.0,1.0,1.0,0.0,10.168,0.0
1781964453.7518077,26278,0,2,0,1.0,1.0,1.0,0.0,10.17,0.0
1781964453.8370075,26288,0,2,0,1.0,1.0,1.0,0.0,10.172,0.0
1781964453.8940272,26298,0,2,0,1.0,1.0,1.0,0.0,10.174,0.0
1781964453.9358616,26308,0,2,0,1.0,1.0,1.0,0.0,10.176,0.0
1781964453.9907196,26318,0,2,0,1.0,1.0,1.0,0.0,10.178,0.0
1781964454.06223,26328,0,2,0,1.0,1.0,1.0,0.0,10.18,0.0
1781964454.1568148,26338,0,2,0,1.0,1.0,1.0,0.0,10.182,0.0
1781964454.2010028,26348,0,2,0,1.0,1.0,1.0,0.0,10.185,0.0
1781964454.2420166,26358,0,2,0,1.0,1.0,1.0,0.0,10.187,0.0
1781964454.2718754,26368,0,2,0,1.0,1.0,1.0,0.0,10.189,0.0
1781964454.3172808,26378,0,2,0,1.0,1.0,1.0,0.0,10.191,0.0
1781964454.357914,26388,0,2,0,1.0,1.0,1.0,0.0,10.193,0.0
1781964454.4035773,26398,0,2,0,1.0,1.0,1.0,0.0,10.195,0.0
1781964454.4513085,26408,0,2,0,1.0,1.0,1.0,0.0,10.198,0.0
1781964454.4959052,26418,0,2,0,1.0,1.0,1.0,0.0,10.2,0.0
1781964454.5529995,26428,0,2,0,1.0,1.0,1.0,0.0,10.202,0.0
1781964454.593158,26438,0,2,0,1.0,1.0,1.0,0.0,10.204,0.0
1781964454.6456409,26448,0,2,0,1.0,1.0,1.0,0.0,10.206,0.0
1781964454.690874,26458,0,2,0,1.0,1.0,1.0,0.0,10.208,0.0
1781964454.7306478,26468,0,2,0,1.0,1.0,1.0,0.0,10.211,0.0
1781964454.762634,26478,0,2,0,1.0,1.0,1.0,0.0,10.213,0.0
1781964454.797133,26488,0,2,0,1.0,1.0,1.0,0.0,10.215,0.0
1781964454.8499782,26498,0,2,0,1.0,1.0,1.0,0.0,10.217,0.0
1781964454.8987925,26508,0,2,0,1.0,1.0,1.0,0.0,10.219,0.0
1781964454.9490106,26518,0,2,0,1.0,1.0,1.0,0.0,10.221,0.0
1781964454.9930305,26528,0,2,0,1.0,1.0,1.0,0.0,10.223,0.0
1781964455.0550463,26538,0,2,0,1.0,1.0,1.0,0.0,10.225,0.0
1781964455.0861602,26548,0,2,0,1.0,1.0,1.0,0.0,10.227,0.0
1781964455.1141727,26558,0,2,0,1.0,1.0,1.0,0.0,10.229,0.0
1781964455.1419597,26568,0,2,0,1.0,1.0,1.0,0.0,10.231,0.0
1781964455.1748397,26578,0,2,0,1.0,1.0,1.0,0.0,10.233,0.0
1781964455.2169123,26588,0,2,0,1.0,1.0,1.0,0.0,10.235,0.0
1781964455.2568018,26598,0,2,0,1.0,1.0,1.0,0.0,10.237,0.0
1781964455.302846,26608,0,2,0,1.0,1.0,1.0,0.0,10.239,0.0
1781964455.3311248,26618,0,2,0,1.0,1.0,1.0,0.0,10.241,0.0
1781964455.3665617,26628,0,2,0,1.0,1.0,1.0,0.0,10.243,0.0
1781964455.4227118,26638,0,2,0,1.0,1.0,1.0,0.0,10.245,0.0
1781964455.4568393,26648,0,2,0,1.0,1.0,1.0,0.0,10.247,0.0
1781964455.4982882,26658,0,2,0,1.0,1.0,1.0,0.0,10.249,0.0
1781964455.5494308,26668,0,2,0,1.0,1.0,1.0,0.0,10.251,0.0
1781964455.585598,26678,0,2,0,1.0,1.0,1.0,0.0,10.253,0.0
1781964455.6314905,26688,0,2,0,1.0,1.0,1.0,0.0,10.255,0.0
1781964455.6743286,26698,0,2,0,1.0,1.0,1.0,0.0,10.257,0.0
1781964455.7085888,26708,0,2,0,1.0,1.0,1.0,0.0,10.259,0.0
1781964455.7537558,26718,0,2,0,1.0,1.0,1.0,0.0,10.261,0.0
1781964455.7918215,26728,0,2,0,1.0,1.0,1.0,0.0,10.263,0.0
1781964455.865164,26738,0,2,0,1.0,1.0,1.0,0.0,10.265,0.0
1781964455.912468,26748,0,2,0,1.0,1.0,1.0,0.0,10.267,0.0
1781964455.967635,26758,0,2,0,1.0,1.0,1.0,0.0,10.269,0.0
1781964456.0099802,26768,0,2,0,1.0,1.0,1.0,0.0,10.272,0.0
1781964456.0683985,26778,0,2,0,1.0,1.0,1.0,0.0,10.274,0.0
1781964456.1082008,26788,0,2,0,1.0,1.0,1.0,0.0,10.276,0.0
1781964456.1536825,26798,0,2,0,1.0,1.0,1.0,0.0,10.278,0.0
1781964456.210932,26808,0,2,0,1.0,1.0,1.0,0.0,10.28,0.0
1781964456.2691123,26818,0,2,0,1.0,1.0,1.0,0.0,10.282,0.0
1781964456.3173587,26828,0,2,0,1.0,1.0,1.0,0.0,10.284,0.0
1781964456.358896,26838,0,2,0,1.0,1.0,1.0,0.0,10.286,0.0
1781964456.4041219,26848,0,2,0,1.0,1.0,1.0,0.0,10.288,0.0
1781964456.4540792,26858,0,2,0,1.0,1.0,1.0,0.0,10.29,0.0
1781964456.5121126,26868,0,2,0,1.0,1.0,1.0,0.0,10.293,0.0
1781964456.557216,26878,0,2,0,1.0,1.0,1.0,0.0,10.295,0.0
1781964456.613512,26888,0,2,0,1.0,1.0,1.0,0.0,10.297,0.0
1781964456.6572914,26898,0,2,0,1.0,1.0,1.0,0.0,10.299,0.0
1781964456.7030232,26908,0,2,0,1.0,1.0,1.0,0.0,10.301,0.0
1781964456.7568002,26918,0,2,0,1.0,1.0,1.0,0.0,10.303,0.0
1781964456.7978876,26928,0,2,0,1.0,1.0,1.0,0.0,10.305,0.0
1781964456.851864,26938,0,2,0,1.0,1.0,1.0,0.0,10.307,0.0
1781964456.900591,26948,0,2,0,1.0,1.0,1.0,0.0,10.309,0.0
1781964456.975977,26958,0,2,0,1.0,1.0,1.0,0.0,10.312,0.0
1781964457.027725,26968,0,2,0,1.0,1.0,1.0,0.0,10.314,0.0
1781964457.081022,26978,0,2,0,1.0,1.0,1.0,0.0,10.316,0.0
1781964457.1326618,26988,0,2,0,1.0,1.0,1.0,0.0,10.318,0.0
1781964457.1912572,26998,0,2,0,1.0,1.0,1.0,0.0,10.32,0.0
1781964457.2419288,27008,0,2,0,1.0,1.0,1.0,0.0,10.322,0.0
1781964457.2972572,27018,0,2,0,1.0,1.0,1.0,0.0,10.324,0.0
1781964457.3300066,27028,0,2,0,1.0,1.0,1.0,0.0,10.326,0.0
1781964457.373548,27038,0,2,0,1.0,1.0,1.0,0.0,10.328,0.0
1781964457.4132938,27048,0,2,0,1.0,1.0,1.0,0.0,10.329,0.0
1781964457.4743545,27058,0,2,0,1.0,1.0,1.0,0.0,10.326,0.0
1781964457.5190036,27068,0,2,0,1.0,1.0,1.0,0.0,10.323,0.0
1781964457.571893,27078,0,2,0,1.0,1.0,1.0,0.0,10.32,0.0
1781964457.6255014,27088,0,2,0,1.0,1.0,1.0,0.0,10.317,0.0
1781964457.6774218,27098,0,2,0,1.0,1.0,1.0,0.0,10.314,0.0
1781964457.723371,27108,0,2,0,1.0,1.0,1.0,0.0,10.311,0.0
1781964457.7645729,27118,0,2,0,1.0,1.0,1.0,0.0,10.308,0.0
1781964457.8080547,27128,0,2,0,1.0,1.0,1.0,0.0,10.305,0.0
1781964457.8435202,27138,0,2,0,1.0,1.0,1.0,0.0,10.302,0.0
1781964457.8986485,27148,0,2,0,1.0,1.0,1.0,0.0,10.299,0.0
1781964457.9431987,27158,0,2,0,1.0,1.0,1.0,0.0,10.296,0.0
1781964458.04126,27168,0,2,0,1.0,1.0,1.0,0.0,10.294,0.0
1781964458.093492,27178,0,2,0,1.0,1.0,1.0,0.0,10.291,0.0
1781964458.1520061,27188,0,2,0,1.0,1.0,1.0,0.0,10.288,0.0
1781964458.2069874,27198,0,2,0,1.0,1.0,1.0,0.0,10.285,0.0
1781964458.2539334,27208,0,2,0,1.0,1.0,1.0,0.0,10.282,0.0
1781964458.299722,27218,0,2,0,1.0,1.0,1.0,0.0,10.28,0.0
1781964458.3763463,27228,0,2,0,1.0,1.0,1.0,0.0,10.277,0.0
1781964458.460812,27238,0,2,0,1.0,1.0,1.0,0.0,10.274,0.0
1781964458.4928417,27248,0,2,0,1.0,1.0,1.0,0.0,10.272,0.0
1781964458.5235276,27258,0,2,0,1.0,1.0,1.0,0.0,10.269,0.0
1781964458.5771596,27268,0,2,0,1.0,1.0,1.0,0.0,10.267,0.0
1781964458.630839,27278,0,2,0,1.0,1.0,1.0,0.0,10.264,0.0
1781964458.6852093,27288,0,2,0,1.0,1.0,1.0,0.0,10.261,0.0
1781964458.7306948,27298,0,2,0,1.0,1.0,1.0,0.0,10.259,0.0
1781964458.8016171,27308,0,2,0,1.0,1.0,1.0,0.0,10.256,0.0
1781964458.8685062,27318,0,2,0,1.0,1.0,1.0,0.0,10.254,0.0
1781964458.92473,27328,0,2,0,1.0,1.0,1.0,0.0,10.251,0.0
1781964458.9741158,27338,0,2,0,1.0,1.0,1.0,0.0,10.249,0.0
1781964459.0277202,27348,0,2,0,1.0,1.0,1.0,0.0,10.246,0.0
1781964459.0708687,27358,0,2,0,1.0,1.0,1.0,0.0,10.244,0.0
1781964459.1724582,27368,0,2,0,1.0,1.0,1.0,0.0,10.242,0.0
1781964459.2144387,27378,0,2,0,1.0,1.0,1.0,0.0,10.239,0.0
1781964459.2650645,27388,0,2,0,1.0,1.0,1.0,0.0,10.237,0.0
1781964459.298799,27398,0,2,0,1.0,1.0,1.0,0.0,10.235,0.0
1781964459.3472676,27408,0,2,0,1.0,1.0,1.0,0.0,10.232,0.0
1781964459.400238,27418,0,2,0,1.0,1.0,1.0,0.0,10.23,0.0
1781964459.4813576,27428,0,2,0,1.0,1.0,1.0,0.0,10.228,0.0
1781964459.5505588,27438,0,2,0,1.0,1.0,1.0,0.0,10.225,0.0
1781964459.6176682,27448,0,2,0,1.0,1.0,1.0,0.0,10.223,0.0
1781964459.661495,27458,0,2,0,1.0,1.0,1.0,0.0,10.221,0.0
1781964459.712935,27468,0,2,0,1.0,1.0,1.0,0.0,10.219,0.0
1781964459.788956,27478,0,2,0,1.0,1.0,1.0,0.0,10.217,0.0
1781964459.8505936,27488,0,2,0,1.0,1.0,1.0,0.0,10.214,0.0
1781964459.8991818,27498,0,2,0,1.0,1.0,1.0,0.0,10.212,0.0
1781964459.9483695,27508,0,2,0,1.0,1.0,1.0,0.0,10.21,0.0
1781964460.0157228,27518,0,2,0,1.0,1.0,1.0,0.0,10.208,0.0
1781964460.06694,27528,0,2,0,1.0,1.0,1.0,0.0,10.206,0.0
1781964460.164213,27538,0,2,0,1.0,1.0,1.0,0.0,10.204,0.0
1781964460.2113066,27548,0,2,0,1.0,1.0,1.0,0.0,10.202,0.0
1781964460.2527714,27558,0,2,0,1.0,1.0,1.0,0.0,10.2,0.0
1781964460.3246403,27568,0,2,0,1.0,1.0,1.0,0.0,10.198,0.0
1781964460.3734913,27578,0,2,0,1.0,1.0,1.0,0.0,10.197,0.0
1781964460.4347544,27588,0,2,0,1.0,1.0,1.0,0.0,10.195,0.0
1781964460.4744315,27598,0,2,0,1.0,1.0,1.0,0.0,10.193,0.0
1781964460.5199351,27608,0,2,0,1.0,1.0,1.0,0.0,10.191,0.0
1781964460.5698762,27618,0,2,0,1.0,1.0,1.0,0.0,10.189,0.0
1781964460.6050572,27628,0,2,0,1.0,1.0,1.0,0.0,10.188,0.0
1781964460.6574469,27638,0,2,0,1.0,1.0,1.0,0.0,10.186,0.0
1781964460.7180939,27648,0,2,0,1.0,1.0,1.0,0.0,10.184,0.0
1781964460.7623749,27658,0,2,0,1.0,1.0,1.0,0.0,10.182,0.0
1781964460.8014944,27668,0,2,0,1.0,1.0,1.0,0.0,10.181,0.0
1781964460.842981,27678,0,2,0,1.0,1.0,1.0,0.0,10.179,0.0
1781964460.894381,27688,0,2,0,1.0,1.0,1.0,0.0,10.177,0.0
1781964460.9434953,27698,0,2,0,1.0,1.0,1.0,0.0,10.176,0.0
1781964461.0041025,27708,0,2,0,1.0,1.0,1.0,0.0,10.174,0.0
1781964461.0524998,27718,0,2,0,1.0,1.0,1.0,0.0,10.173,0.0
1781964461.091569,27728,0,2,0,1.0,1.0,1.0,0.0,10.171,0.0
1781964461.146876,27738,0,2,0,1.0,1.0,1.0,0.0,10.17,0.0
1781964461.1831608,27748,0,2,0,1.0,1.0,1.0,0.0,10.168,0.0
1781964461.2280254,27758,0,2,0,1.0,1.0,1.0,0.0,10.167,0.0
1781964461.2910573,27768,0,2,0,1.0,1.0,1.0,0.0,10.165,0.0
1781964461.3603718,27778,0,2,0,1.0,1.0,1.0,0.0,10.164,0.0
1781964461.3994596,27788,0,2,0,1.0,1.0,1.0,0.0,10.163,0.0
1781964461.452609,27798,0,2,0,1.0,1.0,1.0,0.0,10.161,0.0
1781964461.488427,27808,0,2,0,1.0,1.0,1.0,0.0,10.16,0.0
1781964461.5320141,27818,0,2,0,1.0,1.0,1.0,0.0,10.159,0.0
1781964461.5852342,27828,0,2,0,1.0,1.0,1.0,0.0,10.157,0.0
1781964461.6260135,27838,0,2,0,1.0,1.0,1.0,0.0,10.156,0.0
1781964461.6765177,27848,0,2,0,1.0,1.0,1.0,0.0,10.155,0.0
1781964461.719486,27858,0,2,0,1.0,1.0,1.0,0.0,10.153,0.0
1781964461.7702754,27868,0,2,0,1.0,1.0,1.0,0.0,10.152,0.0
1781964461.8177068,27878,0,2,0,1.0,1.0,1.0,0.0,10.151,0.0
1781964461.8588693,27888,0,2,0,1.0,1.0,1.0,0.0,10.15,0.0
1781964461.908678,27898,0,2,0,1.0,1.0,1.0,0.0,10.149,0.0
1781964461.9682689,27908,0,2,0,1.0,1.0,1.0,0.0,10.148,0.0
1781964462.0304158,27918,0,2,0,1.0,1.0,1.0,0.0,10.146,0.0
1781964462.0950797,27928,0,2,0,1.0,1.0,1.0,0.0,10.145,0.0
1781964462.138951,27938,0,2,0,1.0,1.0,1.0,0.0,10.144,0.0
1781964462.1968772,27948,0,2,0,1.0,1.0,1.0,0.0,10.143,0.0
1781964462.250064,27958,0,2,0,1.0,1.0,1.0,0.0,10.142,0.0
1781964462.2911432,27968,0,2,0,1.0,1.0,1.0,0.0,10.141,0.0
1781964462.3602269,27978,0,2,0,1.0,1.0,1.0,0.0,10.14,0.0
1781964462.4080708,27988,0,2,0,1.0,1.0,1.0,0.0,10.139,0.0
1781964462.4697828,27998,0,2,0,1.0,1.0,1.0,0.0,10.139,0.0
1781964462.550028,28008,0,2,0,1.0,1.0,1.0,0.0,10.138,0.0
1781964462.6043823,28018,0,2,0,1.0,1.0,1.0,0.0,10.137,0.0
1781964462.6789548,28028,0,2,0,1.0,1.0,1.0,0.0,10.136,0.0
1781964462.7460039,28038,0,2,0,1.0,1.0,1.0,0.0,10.135,0.0
1781964462.7952304,28048,0,2,0,1.0,1.0,1.0,0.0,10.134,0.0
1781964462.8477542,28058,0,2,0,1.0,1.0,1.0,0.0,10.134,0.0
1781964462.9010322,28068,0,2,0,1.0,1.0,1.0,0.0,10.133,0.0
1781964462.9316745,28078,0,2,0,1.0,1.0,1.0,0.0,10.132,0.0
1781964462.961102,28088,0,2,0,1.0,1.0,1.0,0.0,10.131,0.0
1781964463.0126293,28098,0,2,0,1.0,1.0,1.0,0.0,10.131,0.0
1781964463.068456,28108,0,2,0,1.0,1.0,1.0,0.0,10.13,0.0
1781964463.1331942,28118,0,2,0,1.0,1.0,1.0,0.0,10.13,0.0
1781964463.1535919,28128,0,2,0,1.0,1.0,1.0,0.0,10.129,0.0
1781964463.1921573,28138,0,2,0,1.0,1.0,1.0,0.0,10.128,0.0
1781964463.228279,28148,0,2,0,1.0,1.0,1.0,0.0,10.128,0.0
1781964463.2587452,28158,0,2,0,1.0,1.0,1.0,0.0,10.127,0.0
1781964466.1803007,28168,0,2,0,1.0,1.0,1.0,0.0,10.127,0.0
1781964466.2310472,28178,0,2,0,1.0,1.0,1.0,0.0,10.127,0.0
1781964466.3615599,28188,0,2,0,1.0,1.0,1.0,0.0,10.128,0.0
1781964466.4173596,28198,0,2,0,1.0,1.0,1.0,0.0,10.128,0.0
1781964466.536337,28208,0,2,0,1.0,1.0,1.0,0.0,10.128,0.0
1781964466.5851884,28218,0,2,0,1.0,1.0,1.0,0.0,10.128,0.0
1781964466.6448615,28228,0,2,0,1.0,1.0,1.0,0.0,10.129,0.0
1781964466.688663,28238,0,2,0,1.0,1.0,1.0,0.0,10.129,0.0
1781964466.7344122,28248,0,2,0,1.0,1.0,1.0,0.0,10.129,0.0
1781964466.7739289,28258,0,2,0,1.0,1.0,1.0,0.0,10.129,0.0
1781964466.8142247,28268,0,2,0,1.0,1.0,1.0,0.0,10.13,0.0
1781964466.8482785,28278,0,2,0,1.0,1.0,1.0,0.0,10.13,0.0
1781964466.8768003,28288,0,2,0,1.0,1.0,1.0,0.0,10.131,0.0
1781964466.910826,28298,0,2,0,1.0,1.0,1.0,0.0,10.131,0.0
1781964466.945951,28308,0,2,0,1.0,1.0,1.0,0.0,10.131,0.0
1781964466.9984348,28318,0,2,0,1.0,1.0,1.0,0.0,10.132,0.0
1781964467.0530615,28328,0,2,0,1.0,1.0,1.0,0.0,10.132,0.0
1781964467.1010737,28338,0,2,0,1.0,1.0,1.0,0.0,10.133,0.0
1781964467.151573,28348,0,2,0,1.0,1.0,1.0,0.0,10.134,0.0
1781964467.2295148,28358,0,2,0,1.0,1.0,1.0,0.0,10.134,0.0
1781964467.301922,28368,0,2,0,1.0,1.0,1.0,0.0,10.135,0.0
1781964467.3712513,28378,0,2,0,1.0,1.0,1.0,0.0,10.135,0.0
1781964467.5036178,28388,0,2,0,1.0,1.0,1.0,0.0,10.136,0.0
1781964467.5612357,28398,0,2,0,1.0,1.0,1.0,0.0,10.137,0.0
1781964467.5974739,28408,0,2,0,1.0,1.0,1.0,0.0,10.137,0.0
1781964467.6537511,28418,0,2,0,1.0,1.0,1.0,0.0,10.138,0.0
1781964467.6896741,28428,0,2,0,1.0,1.0,1.0,0.0,10.139,0.0
1781964467.7466729,28438,0,2,0,1.0,1.0,1.0,0.0,10.139,0.0
1781964467.7828603,28448,0,2,0,1.0,1.0,1.0,0.0,10.14,0.0
1781964467.8205523,28458,0,2,0,1.0,1.0,1.0,0.0,10.141,0.0
1781964467.865581,28468,0,2,0,1.0,1.0,1.0,0.0,10.142,0.0
1781964467.906562,28478,0,2,0,1.0,1.0,1.0,0.0,10.143,0.0
1781964467.9334276,28488,0,2,0,1.0,1.0,1.0,0.0,10.143,0.0
1781964467.9774911,28498,0,2,0,1.0,1.0,1.0,0.0,10.144,0.0
1781964468.019638,28508,0,2,0,1.0,1.0,1.0,0.0,10.145,0.0
1781964468.0698426,28518,0,2,0,1.0,1.0,1.0,0.0,10.146,0.0
1781964468.1302292,28528,0,2,0,1.0,1.0,1.0,0.0,10.147,0.0
1781964468.208561,28538,0,2,0,1.0,1.0,1.0,0.0,10.148,0.0
1781964468.2731822,28548,0,2,0,1.0,1.0,1.0,0.0,10.149,0.0
1781964468.3225372,28558,0,2,0,1.0,1.0,1.0,0.0,10.15,0.0
1781964468.3659542,28568,0,2,0,1.0,1.0,1.0,0.0,10.151,0.0
1781964468.4124544,28578,0,2,0,1.0,1.0,1.0,0.0,10.152,0.0
1781964468.4518075,28588,0,2,0,1.0,1.0,1.0,0.0,10.153,0.0
1781964468.5469813,28598,0,2,0,1.0,1.0,1.0,0.0,10.154,0.0
1781964468.5996404,28608,0,2,0,1.0,1.0,1.0,0.0,10.155,0.0
1781964468.6527007,28618,0,2,0,1.0,1.0,1.0,0.0,10.156,0.0
1781964468.6900694,28628,0,2,0,1.0,1.0,1.0,0.0,10.158,0.0
1781964468.7372758,28638,0,2,0,1.0,1.0,1.0,0.0,10.159,0.0
1781964468.7788908,28648,0,2,0,1.0,1.0,1.0,0.0,10.16,0.0
1781964468.8187587,28658,0,2,0,1.0,1.0,1.0,0.0,10.161,0.0
1781964468.8866992,28668,0,2,0,1.0,1.0,1.0,0.0,10.162,0.0
1781964468.9242783,28678,0,2,0,1.0,1.0,1.0,0.0,10.164,0.0
1781964468.9643967,28688,0,2,0,1.0,1.0,1.0,0.0,10.165,0.0
1781964469.011367,28698,0,2,0,1.0,1.0,1.0,0.0,10.166,0.0
1781964469.0557454,28708,0,2,0,1.0,1.0,1.0,0.0,10.167,0.0
1781964469.1059978,28718,0,2,0,1.0,1.0,1.0,0.0,10.169,0.0
1781964469.1611187,28728,0,2,0,1.0,1.0,1.0,0.0,10.17,0.0
1781964469.2152812,28738,0,2,0,1.0,1.0,1.0,0.0,10.171,0.0
1781964469.2672691,28748,0,2,0,1.0,1.0,1.0,0.0,10.173,0.0
1781964469.308057,28758,0,2,0,1.0,1.0,1.0,0.0,10.174,0.0
1781964469.3443613,28768,0,2,0,1.0,1.0,1.0,0.0,10.175,0.0
1781964469.3812313,28778,0,2,0,1.0,1.0,1.0,0.0,10.176,0.0
1781964469.4367597,28788,0,2,0,1.0,1.0,1.0,0.0,10.178,0.0
1781964469.5261953,28798,0,2,0,1.0,1.0,1.0,0.0,10.179,0.0
1781964469.573124,28808,0,2,0,1.0,1.0,1.0,0.0,10.18,0.0
1781964469.6195016,28818,0,2,0,1.0,1.0,1.0,0.0,10.182,0.0
1781964469.667039,28828,0,2,0,1.0,1.0,1.0,0.0,10.183,0.0
1781964469.7089543,28838,0,2,0,1.0,1.0,1.0,0.0,10.184,0.0
1781964469.7461827,28848,0,2,0,1.0,1.0,1.0,0.0,10.186,0.0
1781964469.779875,28858,0,2,0,1.0,1.0,1.0,0.0,10.187,0.0
1781964469.8340778,28868,0,2,0,1.0,1.0,1.0,0.0,10.188,0.0
1781964469.879308,28878,0,2,0,1.0,1.0,1.0,0.0,10.19,0.0
1781964469.9266448,28888,0,2,0,1.0,1.0,1.0,0.0,10.191,0.0
1781964469.9700232,28898,0,2,0,1.0,1.0,1.0,0.0,10.193,0.0
1781964470.0166228,28908,0,2,0,1.0,1.0,1.0,0.0,10.194,0.0
1781964470.0622406,28918,0,2,0,1.0,1.0,1.0,0.0,10.195,0.0
1781964470.1082006,28928,0,2,0,1.0,1.0,1.0,0.0,10.197,0.0
1781964470.163633,28938,0,2,0,1.0,1.0,1.0,0.0,10.198,0.0
1781964470.2161403,28948,0,2,0,1.0,1.0,1.0,0.0,10.2,0.0
1781964470.2570138,28958,0,2,0,1.0,1.0,1.0,0.0,10.201,0.0
1781964470.3158784,28968,0,2,0,1.0,1.0,1.0,0.0,10.202,0.0
1781964470.373874,28978,0,2,0,1.0,1.0,1.0,0.0,10.204,0.0
1781964470.4443889,28988,0,2,0,1.0,1.0,1.0,0.0,10.205,0.0
1781964470.5303457,28998,0,2,0,1.0,1.0,1.0,0.0,10.207,0.0
1781964470.5712988,29008,0,2,0,1.0,1.0,1.0,0.0,10.208,0.0
1781964470.612609,29018,0,2,0,1.0,1.0,1.0,0.0,10.21,0.0
1781964470.6651309,29028,0,2,0,1.0,1.0,1.0,0.0,10.211,0.0
1781964470.7192292,29038,0,2,0,1.0,1.0,1.0,0.0,10.212,0.0
1781964470.762302,29048,0,2,0,1.0,1.0,1.0,0.0,10.214,0.0
1781964470.8026288,29058,0,2,0,1.0,1.0,1.0,0.0,10.215,0.0
1781964470.8550618,29068,0,2,0,1.0,1.0,1.0,0.0,10.216,0.0
1781964470.9058375,29078,0,2,0,1.0,1.0,1.0,0.0,10.218,0.0
1781964470.9597166,29088,0,2,0,1.0,1.0,1.0,0.0,10.219,0.0
1781964471.012421,29098,0,2,0,1.0,1.0,1.0,0.0,10.22,0.0
1781964471.069335,29108,0,2,0,1.0,1.0,1.0,0.0,10.222,0.0
1781964471.1041899,29118,0,2,0,1.0,1.0,1.0,0.0,10.223,0.0
1781964471.152582,29128,0,2,0,1.0,1.0,1.0,0.0,10.224,0.0
1781964471.2037606,29138,0,2,0,1.0,1.0,1.0,0.0,10.225,0.0
1781964471.2534277,29148,0,2,0,1.0,1.0,1.0,0.0,10.227,0.0
1781964471.315301,29158,0,2,0,1.0,1.0,1.0,0.0,10.228,0.0
1781964471.3506603,29168,0,2,0,1.0,1.0,1.0,0.0,10.229,0.0
1781964471.389918,29178,0,2,0,1.0,1.0,1.0,0.0,10.23,0.0
1781964471.4358466,29188,0,2,0,1.0,1.0,1.0,0.0,10.232,0.0
1781964471.4762352,29198,0,2,0,1.0,1.0,1.0,0.0,10.233,0.0
1781964471.5627759,29208,0,2,0,1.0,1.0,1.0,0.0,10.234,0.0
1781964471.6064277,29218,0,2,0,1.0,1.0,1.0,0.0,10.235,0.0
1781964471.6544135,29228,0,2,0,1.0,1.0,1.0,0.0,10.237,0.0
1781964471.7038248,29238,0,2,0,1.0,1.0,1.0,0.0,10.238,0.0
1781964471.7517579,29248,0,2,0,1.0,1.0,1.0,0.0,10.239,0.0
1781964471.8067076,29258,0,2,0,1.0,1.0,1.0,0.0,10.24,0.0
1781964471.8746672,29268,0,2,0,1.0,1.0,1.0,0.0,10.242,0.0
1781964471.925882,29278,0,2,0,1.0,1.0,1.0,0.0,10.243,0.0
1781964471.9925597,29288,0,2,0,1.0,1.0,1.0,0.0,10.244,0.0
1781964472.04113,29298,0,2,0,1.0,1.0,1.0,0.0,10.245,0.0
1781964472.0989037,29308,0,2,0,1.0,1.0,1.0,0.0,10.247,0.0
1781964472.1528323,29318,0,2,0,1.0,1.0,1.0,0.0,10.248,0.0
1781964472.1965218,29328,0,2,0,1.0,1.0,1.0,0.0,10.249,0.0
1781964472.261456,29338,0,2,0,1.0,1.0,1.0,0.0,10.25,0.0
1781964472.3187265,29348,0,2,0,1.0,1.0,1.0,0.0,10.252,0.0
1781964472.3968446,29358,0,2,0,1.0,1.0,1.0,0.0,10.253,0.0
1781964472.4458632,29368,0,2,0,1.0,1.0,1.0,0.0,10.254,0.0
1781964472.4916253,29378,0,2,0,1.0,1.0,1.0,0.0,10.255,0.0
1781964472.5385003,29388,0,2,0,1.0,1.0,1.0,0.0,10.257,0.0
1781964472.5784771,29398,0,2,0,1.0,1.0,1.0,0.0,10.258,0.0
1781964472.6425128,29408,0,2,0,1.0,1.0,1.0,0.0,10.259,0.0
1781964472.6868842,29418,0,2,0,1.0,1.0,1.0,0.0,10.261,0.0
1781964472.7310908,29428,0,2,0,1.0,1.0,1.0,0.0,10.262,0.0
1781964472.7908823,29438,0,2,0,1.0,1.0,1.0,0.0,10.263,0.0
1781964472.9043746,29448,0,2,0,1.0,1.0,1.0,0.0,10.264,0.0
