timestamp,total_decisions,blocked_count,allowed_count,avg_decision_delay
1789652397.5300605,10,0,10,1.114
1789652407.5221214,20,0,20,0.76
1789652417.540597,30,0,30,0.7
1789652421.5488658,40,0,40,0.575
1789652421.556224,50,0,50,0.46
1789652421.6421247,60,0,60,0.383
1789652421.645812,70,0,70,0.329
1789652421.6537673,80,0,80,0.288
1789652421.6571105,90,0,90,0.256
1789652421.6606908,100,0,100,0.23
1789652421.6646557,110,0,110,0.209
1789652421.6679082,120,0,120,0.192
1789652421.6723607,130,0,130,0.177
1789652421.6770782,140,0,140,0.164
1789652421.6847088,150,0,150,0.153
1789652421.6894956,160,0,160,0.144
1789652421.6933467,170,0,170,0.135
1789652421.6979527,180,0,180,0.128
1789652421.70352,190,0,190,0.121
1789652421.7079895,200,0,200,0.115
1789652421.7117927,210,0,210,0.11
1789652421.7162533,220,0,220,0.105
1789652421.7213013,230,0,230,0.1
1789652421.7335534,240,0,240,0.096
1789652421.7402291,250,0,250,0.092
1789652421.7477977,260,0,260,0.089
1789652421.754415,270,0,270,0.085
1789652421.7604556,280,0,280,0.082
1789652421.766926,290,0,290,0.08
1789652421.7734761,300,0,300,0.077
1789652421.7806804,310,0,310,0.074
1789652421.7881155,320,0,320,0.072
1789652421.7969017,330,0,330,0.07
1789652421.806051,340,0,340,0.068
1789652421.8126209,350,0,350,0.066
1789652421.8230727,360,0,360,0.064
1789652421.8786588,370,0,370,0.062
1789652421.898553,380,0,380,0.061
1789652421.9043655,390,0,390,0.059
1789652421.9102411,400,0,400,0.058
1789652421.9163764,410,0,410,0.056
1789652421.922684,420,0,420,0.055
1789652421.9288316,430,0,430,0.054
1789652421.9359918,440,0,440,0.053
1789652421.9442027,450,0,450,0.051
1789652421.9500492,460,0,460,0.05
1789652421.9549694,470,0,470,0.049
1789652421.9598055,480,0,480,0.048
1789652421.9656456,490,0,490,0.047
1789652421.97365,500,0,500,0.046
1789652421.9830444,510,0,510,0.045
1789652421.9965491,520,0,520,0.045
1789652422.0028713,530,0,530,0.044
1789652422.010358,540,0,540,0.043
1789652422.0199811,550,0,550,0.042
1789652422.0293407,560,0,560,0.041
1789652422.035748,570,0,570,0.041
1789652422.046654,580,0,580,0.04
1789652422.0577087,590,0,590,0.039
1789652422.0722225,600,0,600,0.039
1789652422.0874379,610,0,610,0.038
1789652422.1175895,620,0,620,0.037
1789652422.1296978,630,0,630,0.037
1789652422.1411064,640,0,640,0.036
1789652422.1508563,650,0,650,0.036
1789652422.1669796,660,0,660,0.035
1789652422.1839123,670,0,670,0.035
1789652422.198281,680,0,680,0.034
1789652422.212231,690,0,690,0.034
1789652422.2249222,700,0,700,0.033
1789652422.234615,710,0,710,0.033
1789652422.2403042,720,0,720,0.032
1789652422.2481735,730,0,730,0.032
1789652422.2559943,740,0,740,0.031
1789652422.2630043,750,0,750,0.031
1789652422.272752,760,0,760,0.031
1789652422.2822764,770,0,770,0.03
1789652422.2891734,780,0,780,0.03
1789652422.2980757,790,0,790,0.03
1789652422.3123329,800,0,800,0.029
1789652422.3243806,810,0,810,0.029
1789652422.3363805,820,0,820,0.028
1789652422.3477163,830,0,830,0.028
1789652422.3533893,840,0,840,0.028
1789652422.3612165,850,0,850,0.027
1789652422.368469,860,0,860,0.027
1789652422.3771617,870,0,870,0.027
1789652422.3842778,880,0,880,0.027
1789652422.3924084,890,0,890,0.026
1789652422.4007068,900,0,900,0.026
1789652422.4113808,910,0,910,0.026
1789652422.425122,920,0,920,0.025
1789652422.4362605,930,0,930,0.025
1789652422.4495661,940,0,940,0.025
1789652422.4604294,950,0,950,0.025
1789652422.469853,960,0,960,0.024
1789652422.4775019,970,0,970,0.024
1789652422.4838803,980,0,980,0.024
1789652422.4918149,990,0,990,0.024
1789652422.501036,1000,0,1000,0.023
1789652422.5072427,1010,0,1010,0.023
1789652422.5178761,1020,0,1020,0.023
1789652422.5310473,1030,0,1030,0.023
1789652422.539356,1040,0,1040,0.023
1789652422.552048,1050,0,1050,0.022
1789652422.5598295,1060,0,1060,0.022
1789652422.5692496,1070,0,1070,0.022
1789652422.5752485,1080,0,1080,0.022
1789652422.5841339,1090,0,1090,0.022
1789652422.5906997,1100,0,1100,0.021
1789652422.6000981,1110,0,1110,0.021
1789652422.6061552,1120,0,1120,0.021
1789652422.6153524,1130,0,1130,0.021
1789652422.6237526,1140,0,1140,0.021
1789652422.6386123,1150,0,1150,0.02
1789652422.6508653,1160,0,1160,0.02
1789652422.6657038,1170,0,1170,0.02
1789652422.6810353,1180,0,1180,0.02
1789652422.6962805,1190,0,1190,0.02
1789652422.7112882,1200,0,1200,0.02
1789652422.7282906,1210,0,1210,0.019
1789652422.7452548,1220,0,1220,0.019
1789652422.7651305,1230,0,1230,0.019
1789652422.7880957,1240,0,1240,0.019
1789652422.8005779,1250,0,1250,0.019
1789652422.819142,1260,0,1260,0.019
1789652422.8317006,1270,0,1270,0.019
1789652422.8408542,1280,0,1280,0.018
1789652422.854427,1290,0,1290,0.018
1789652422.864792,1300,0,1300,0.018
1789652422.8787847,1310,0,1310,0.018
1789652422.88643,1320,0,1320,0.018
1789652422.8956616,1330,0,1330,0.018
1789652422.906911,1340,0,1340,0.018
1789652422.91615,1350,0,1350,0.018
1789652422.9265406,1360,0,1360,0.017
1789652422.9358034,1370,0,1370,0.017
1789652422.9453156,1380,0,1380,0.017
1789652422.954832,1390,0,1390,0.017
1789652422.963027,1400,0,1400,0.017
1789652422.9726644,1410,0,1410,0.017
1789652422.9804528,1420,0,1420,0.017
1789652422.9908488,1430,0,1430,0.017
1789652422.9966104,1440,0,1440,0.016
1789652423.0040414,1450,0,1450,0.016
1789652423.0099897,1460,0,1460,0.016
1789652423.0155392,1470,0,1470,0.016
1789652423.0229235,1480,0,1480,0.016
1789652423.0300202,1490,0,1490,0.016
1789652423.03678,1500,0,1500,0.016
1789652423.044524,1510,0,1510,0.016
1789652423.0526056,1520,0,1520,0.016
1789652423.0583563,1530,0,1530,0.016
1789652423.065661,1540,0,1540,0.015
1789652423.0757055,1550,0,1550,0.015
1789652423.084117,1560,0,1560,0.015
1789652423.095493,1570,0,1570,0.015
1789652423.104369,1580,0,1580,0.015
1789652423.1135757,1590,0,1590,0.015
1789652423.1212587,1600,0,1600,0.015
1789652423.128744,1610,0,1610,0.015
1789652423.1363406,1620,0,1620,0.015
1789652423.1446605,1630,0,1630,0.015
1789652423.1534052,1640,0,1640,0.015
1789652423.1610682,1650,0,1650,0.014
1789652423.1672063,1660,0,1660,0.014
1789652423.17686,1670,0,1670,0.014
1789652423.1887054,1680,0,1680,0.014
1789652423.2001936,1690,0,1690,0.014
1789652423.2109191,1700,0,1700,0.014
1789652423.2206695,1710,0,1710,0.014
1789652423.2315133,1720,0,1720,0.014
1789652423.2414455,1730,0,1730,0.014
1789652423.2507,1740,0,1740,0.014
1789652423.2647684,1750,0,1750,0.014
1789652423.2809308,1760,0,1760,0.014
1789652423.2906504,1770,0,1770,0.014
1789652423.3037179,1780,0,1780,0.013
1789652423.3151402,1790,0,1790,0.013
1789652423.3280883,1800,0,1800,0.013
1789652423.3399475,1810,0,1810,0.013
1789652423.353596,1820,0,1820,0.013
1789652423.3644218,1830,0,1830,0.013
1789652423.3760595,1840,0,1840,0.013
1789652423.3869977,1850,0,1850,0.013
1789652423.3991542,1860,0,1860,0.013
1789652423.4101756,1870,0,1870,0.013
1789652423.4241,1880,0,1880,0.013
1789652423.437359,1890,0,1890,0.013
1789652423.444285,1900,0,1900,0.013
1789652423.451336,1910,0,1910,0.013
1789652423.4589326,1920,0,1920,0.013
1789652423.4671288,1930,0,1930,0.012
1789652423.478941,1940,0,1940,0.012
1789652423.4851007,1950,0,1950,0.012
1789652423.4951847,1960,0,1960,0.012
1789652423.5058336,1970,0,1970,0.012
1789652423.525337,1980,0,1980,0.012
1789652423.5339365,1990,0,1990,0.012
1789652423.5442843,2000,0,2000,0.013
1789652423.5466714,2010,0,2010,0.023
1789652423.5495963,2020,0,2020,0.033
1789652423.5518136,2030,0,2030,0.042
1789652423.5537753,2040,0,2040,0.051
1789652423.555844,2050,0,2050,0.06
1789652423.5579069,2060,0,2060,0.069
1789652423.560225,2070,0,2070,0.078
1789652423.5622752,2080,0,2080,0.087
1789652423.5646434,2090,0,2090,0.096
1789652423.5676625,2100,0,2100,0.105
1789652423.5701911,2110,0,2110,0.113
1789652423.5729444,2120,0,2120,0.122
1789652423.576184,2130,0,2130,0.13
1789652423.5792801,2140,0,2140,0.138
1789652423.582346,2150,0,2150,0.146
1789652423.5860038,2160,0,2160,0.155
1789652423.589447,2170,0,2170,0.163
1789652423.592632,2180,0,2180,0.17
1789652423.596493,2190,0,2190,0.178
1789652423.599715,2200,0,2200,0.186
1789652423.6022081,2210,0,2210,0.194
1789652423.6047635,2220,0,2220,0.201
1789652423.6073966,2230,0,2230,0.209
1789652423.6102047,2240,0,2240,0.216
1789652423.613208,2250,0,2250,0.223
1789652423.6170182,2260,0,2260,0.23
1789652423.6202846,2270,0,2270,0.238
1789652423.6251543,2280,0,2280,0.245
1789652423.6302145,2290,0,2290,0.252
1789652423.633264,2300,0,2300,0.258
1789652423.63748,2310,0,2310,0.265
1789652423.6422348,2320,0,2320,0.272
1789652423.6486008,2330,0,2330,0.279
1789652423.653219,2340,0,2340,0.285
1789652423.659174,2350,0,2350,0.292
1789652423.665463,2360,0,2360,0.298
1789652423.669641,2370,0,2370,0.304
1789652423.6734056,2380,0,2380,0.31
1789652423.6779597,2390,0,2390,0.316
1789652423.683349,2400,0,2400,0.323
1789652423.6886513,2410,0,2410,0.329
1789652423.6939487,2420,0,2420,0.335
1789652423.697698,2430,0,2430,0.34
1789652423.7028825,2440,0,2440,0.346
1789652423.7082427,2450,0,2450,0.352
1789652423.7116396,2460,0,2460,0.358
1789652423.7150981,2470,0,2470,0.363
1789652423.718869,2480,0,2480,0.369
1789652423.7233737,2490,0,2490,0.375
1789652423.7286248,2500,0,2500,0.38
1789652423.7344284,2510,0,2510,0.385
1789652423.7404335,2520,0,2520,0.391
1789652423.7452106,2530,0,2530,0.396
1789652423.7492182,2540,0,2540,0.401
1789652423.7536132,2550,0,2550,0.407
1789652423.7574253,2560,0,2560,0.412
1789652423.7613113,2570,0,2570,0.417
1789652423.7650137,2580,0,2580,0.422
1789652423.7692292,2590,0,2590,0.427
1789652423.7749212,2600,0,2600,0.432
1789652423.7819126,2610,0,2610,0.437
1789652423.7878876,2620,0,2620,0.441
1789652423.7949555,2630,0,2630,0.446
1789652423.8017952,2640,0,2640,0.451
1789652423.808743,2650,0,2650,0.455
1789652423.8140028,2660,0,2660,0.46
1789652423.8201683,2670,0,2670,0.464
1789652423.8259282,2680,0,2680,0.469
1789652423.8315158,2690,0,2690,0.473
1789652423.8385475,2700,0,2700,0.478
1789652423.8466012,2710,0,2710,0.482
1789652423.854343,2720,0,2720,0.486
1789652423.8635056,2730,0,2730,0.49
1789652423.8748043,2740,0,2740,0.495
1789652423.8811893,2750,0,2750,0.499
1789652423.8859746,2760,0,2760,0.503
1789652423.8902767,2770,0,2770,0.507
1789652423.8969772,2780,0,2780,0.511
1789652423.9060817,2790,0,2790,0.515
1789652423.9187212,2800,0,2800,0.519
1789652423.9308078,2810,0,2810,0.523
1789652423.9405718,2820,0,2820,0.527
1789652423.954685,2830,0,2830,0.531
1789652423.9635134,2840,0,2840,0.535
1789652423.9716,2850,0,2850,0.539
1789652423.9778714,2860,0,2860,0.543
1789652423.9865263,2870,0,2870,0.547
1789652423.994144,2880,0,2880,0.551
1789652423.9991882,2890,0,2890,0.555
1789652424.0056038,2900,0,2900,0.558
1789652424.0108633,2910,0,2910,0.562
1789652424.018759,2920,0,2920,0.566
1789652424.0288916,2930,0,2930,0.57
1789652424.0412025,2940,0,2940,0.573
1789652424.0505605,2950,0,2950,0.577
1789652424.0575712,2960,0,2960,0.58
1789652424.063901,2970,0,2970,0.584
1789652424.0703688,2980,0,2980,0.588
1789652424.0754502,2990,0,2990,0.591
1789652424.0815203,3000,0,3000,0.595
1789652424.0866077,3010,0,3010,0.598
1789652424.0915554,3020,0,3020,0.602
1789652424.0971205,3030,0,3030,0.605
1789652424.1013443,3040,0,3040,0.608
1789652424.105722,3050,0,3050,0.612
1789652424.109589,3060,0,3060,0.615
1789652424.114727,3070,0,3070,0.618
1789652424.118861,3080,0,3080,0.621
1789652424.122589,3090,0,3090,0.624
1789652424.1261868,3100,0,3100,0.627
1789652424.131379,3110,0,3110,0.63
1789652424.1361887,3120,0,3120,0.634
1789652424.1423733,3130,0,3130,0.637
1789652424.1495962,3140,0,3140,0.64
1789652424.1573107,3150,0,3150,0.643
1789652424.1630306,3160,0,3160,0.646
1789652424.1680202,3170,0,3170,0.648
1789652424.1742234,3180,0,3180,0.651
1789652424.178062,3190,0,3190,0.654
1789652424.1822114,3200,0,3200,0.657
1789652424.1861153,3210,0,3210,0.66
1789652424.1921318,3220,0,3220,0.663
1789652424.1962469,3230,0,3230,0.666
1789652424.2005076,3240,0,3240,0.668
1789652424.2046864,3250,0,3250,0.671
1789652424.2110696,3260,0,3260,0.674
1789652424.217556,3270,0,3270,0.676
1789652424.2212021,3280,0,3280,0.679
1789652424.2251303,3290,0,3290,0.681
1789652424.2287455,3300,0,3300,0.684
1789652424.23232,3310,0,3310,0.686
1789652424.2361908,3320,0,3320,0.688
1789652424.2430358,3330,0,3330,0.69
1789652424.2485843,3340,0,3340,0.693
1789652424.254907,3350,0,3350,0.695
1789652424.2587729,3360,0,3360,0.697
1789652424.2630837,3370,0,3370,0.699
1789652424.2672315,3380,0,3380,0.701
1789652424.2760096,3390,0,3390,0.703
1789652424.2821658,3400,0,3400,0.705
1789652424.2893386,3410,0,3410,0.708
1789652424.2951624,3420,0,3420,0.71
1789652424.3028398,3430,0,3430,0.712
1789652424.3070767,3440,0,3440,0.714
1789652424.3109455,3450,0,3450,0.716
1789652424.3148372,3460,0,3460,0.718
1789652424.3187501,3470,0,3470,0.72
1789652424.322329,3480,0,3480,0.722
1789652424.3260372,3490,0,3490,0.724
1789652424.329781,3500,0,3500,0.726
1789652424.3358667,3510,0,3510,0.728
1789652424.3422616,3520,0,3520,0.73
1789652424.346649,3530,0,3530,0.732
1789652424.3509023,3540,0,3540,0.734
1789652424.3550217,3550,0,3550,0.736
1789652424.358783,3560,0,3560,0.738
1789652424.363615,3570,0,3570,0.74
1789652424.3703227,3580,0,3580,0.742
1789652424.3775268,3590,0,3590,0.744
1789652424.3856127,3600,0,3600,0.745
1789652424.3936558,3610,0,3610,0.747
1789652424.3977637,3620,0,3620,0.749
1789652424.401395,3630,0,3630,0.751
1789652424.4051833,3640,0,3640,0.752
1789652424.411677,3650,0,3650,0.754
1789652424.4186256,3660,0,3660,0.756
1789652424.4257572,3670,0,3670,0.757
1789652424.4319327,3680,0,3680,0.759
1789652424.4384525,3690,0,3690,0.76
1789652424.443628,3700,0,3700,0.762
1789652424.4476743,3710,0,3710,0.763
1789652424.4516706,3720,0,3720,0.765
1789652424.456033,3730,0,3730,0.766
1789652424.460355,3740,0,3740,0.768
1789652424.4644034,3750,0,3750,0.769
1789652424.4685924,3760,0,3760,0.771
1789652424.473711,3770,0,3770,0.772
1789652424.4822311,3780,0,3780,0.774
1789652424.489068,3790,0,3790,0.775
1789652424.496877,3800,0,3800,0.777
1789652424.5059564,3810,0,3810,0.778
1789652424.5160027,3820,0,3820,0.78
1789652424.5209882,3830,0,3830,0.781
1789652424.5251315,3840,0,3840,0.783
1789652424.5295095,3850,0,3850,0.784
1789652424.5341525,3860,0,3860,0.785
1789652424.5388038,3870,0,3870,0.787
1789652424.5466204,3880,0,3880,0.788
1789652424.5526826,3890,0,3890,0.79
1789652424.557242,3900,0,3900,0.791
1789652424.5618029,3910,0,3910,0.792
1789652424.5693493,3920,0,3920,0.794
1789652424.5797448,3930,0,3930,0.795
1789652424.5906525,3940,0,3940,0.796
1789652424.6011488,3950,0,3950,0.798
1789652424.6107068,3960,0,3960,0.799
1789652424.6219726,3970,0,3970,0.8
1789652424.6318126,3980,0,3980,0.801
1789652424.6377442,3990,0,3990,0.802
1789652424.647187,4000,0,4000,0.803
1789652424.6581066,4010,0,4010,0.805
1789652424.6673043,4020,0,4020,0.806
1789652424.6776237,4030,0,4030,0.807
1789652424.6854517,4040,0,4040,0.808
1789652424.6925144,4050,0,4050,0.809
1789652424.6977549,4060,0,4060,0.81
1789652424.704012,4070,0,4070,0.811
1789652424.71139,4080,0,4080,0.812
1789652424.7202477,4090,0,4090,0.813
1789652424.7279415,4100,0,4100,0.814
1789652424.7352173,4110,0,4110,0.815
1789652424.742982,4120,0,4120,0.816
1789652424.7500594,4130,0,4130,0.817
1789652424.7569876,4140,0,4140,0.818
1789652424.7637124,4150,0,4150,0.819
1789652424.770738,4160,0,4160,0.82
1789652424.7778451,4170,0,4170,0.821
1789652424.782162,4180,0,4180,0.822
1789652424.7884223,4190,0,4190,0.823
1789652424.7966619,4200,0,4200,0.823
1789652424.804414,4210,0,4210,0.821
1789652424.8102531,4220,0,4220,0.819
1789652424.8150403,4230,0,4230,0.817
1789652424.825006,4240,0,4240,0.815
1789652424.8328912,4250,0,4250,0.813
1789652424.8491147,4260,0,4260,0.811
1789652424.8560925,4270,0,4270,0.809
1789652424.8709853,4280,0,4280,0.807
1789652424.8882215,4290,0,4290,0.806
1789652424.8980398,4300,0,4300,0.804
1789652424.906285,4310,0,4310,0.802
1789652424.9151678,4320,0,4320,0.8
1789652424.9225183,4330,0,4330,0.798
1789652424.9297032,4340,0,4340,0.796
1789652424.9391282,4350,0,4350,0.794
1789652424.9460394,4360,0,4360,0.793
1789652424.9541872,4370,0,4370,0.791
1789652424.9665048,4380,0,4380,0.789
1789652424.978539,4390,0,4390,0.787
1789652424.9874058,4400,0,4400,0.785
1789652424.996834,4410,0,4410,0.784
1789652425.0038667,4420,0,4420,0.782
1789652425.2601907,4430,0,4430,0.78
1789652425.2670765,4440,0,4440,0.778
1789652425.274233,4450,0,4450,0.777
1789652425.282542,4460,0,4460,0.775
1789652425.292834,4470,0,4470,0.773
1789652425.3076143,4480,0,4480,0.771
1789652425.3180714,4490,0,4490,0.77
1789652425.3273695,4500,0,4500,0.768
1789652425.3344269,4510,0,4510,0.766
1789652425.3421443,4520,0,4520,0.765
1789652425.3519163,4530,0,4530,0.763
1789652425.3609223,4540,0,4540,0.761
1789652425.3717856,4550,0,4550,0.76
1789652425.3824706,4560,0,4560,0.758
1789652425.3920343,4570,0,4570,0.756
1789652425.4045424,4580,0,4580,0.755
1789652425.4200635,4590,0,4590,0.753
1789652425.4368138,4600,0,4600,0.751
1789652425.4524868,4610,0,4610,0.75
1789652425.483294,4620,0,4620,0.748
1789652425.4981232,4630,0,4630,0.746
1789652425.5170078,4640,0,4640,0.745
1789652425.5306485,4650,0,4650,0.743
1789652425.541574,4660,0,4660,0.742
1789652425.5625396,4670,0,4670,0.74
1789652425.5938911,4680,0,4680,0.738
1789652425.6072252,4690,0,4690,0.737
1789652425.6148126,4700,0,4700,0.735
1789652425.6266694,4710,0,4710,0.734
1789652425.6380022,4720,0,4720,0.732
1789652425.645607,4730,0,4730,0.731
1789652425.6593177,4740,0,4740,0.729
1789652425.6696787,4750,0,4750,0.728
1789652425.68189,4760,0,4760,0.726
1789652425.6917386,4770,0,4770,0.725
1789652425.696645,4780,0,4780,0.723
1789652425.7033784,4790,0,4790,0.722
1789652425.7118115,4800,0,4800,0.72
1789652425.7189484,4810,0,4810,0.719
1789652425.7288055,4820,0,4820,0.717
1789652425.7403495,4830,0,4830,0.716
1789652425.7489567,4840,0,4840,0.714
1789652425.7568622,4850,0,4850,0.713
1789652425.7652261,4860,0,4860,0.711
1789652425.7726429,4870,0,4870,0.71
1789652425.7800546,4880,0,4880,0.708
1789652425.7881677,4890,0,4890,0.707
1789652425.7952223,4900,0,4900,0.705
1789652425.8038402,4910,0,4910,0.704
1789652425.8139992,4920,0,4920,0.702
1789652425.826625,4930,0,4930,0.701
1789652425.8356059,4940,0,4940,0.7
1789652425.8514528,4950,0,4950,0.698
1789652425.8645346,4960,0,4960,0.697
1789652425.8766506,4970,0,4970,0.695
1789652425.8862207,4980,0,4980,0.694
1789652425.8950558,4990,0,4990,0.693
1789652425.907849,5000,0,5000,0.691
1789652425.9218554,5010,0,5010,0.69
1789652425.9347332,5020,0,5020,0.688
1789652425.9461553,5030,0,5030,0.687
1789652425.9600933,5040,0,5040,0.686
1789652425.971224,5050,0,5050,0.684
1789652425.9841654,5060,0,5060,0.683
1789652425.9986823,5070,0,5070,0.682
1789652426.0093067,5080,0,5080,0.68
1789652426.0234623,5090,0,5090,0.679
1789652426.0383148,5100,0,5100,0.678
1789652426.0460184,5110,0,5110,0.676
1789652426.0587833,5120,0,5120,0.675
1789652426.0661905,5130,0,5130,0.674
1789652426.0723398,5140,0,5140,0.672
1789652426.0797586,5150,0,5150,0.671
1789652426.0899353,5160,0,5160,0.67
1789652426.1020992,5170,0,5170,0.669
1789652426.1122775,5180,0,5180,0.667
1789652426.1200676,5190,0,5190,0.666
1789652426.1272202,5200,0,5200,0.665
1789652426.1372428,5210,0,5210,0.663
1789652426.1461189,5220,0,5220,0.662
1789652426.1540365,5230,0,5230,0.661
1789652426.1611636,5240,0,5240,0.66
1789652426.16884,5250,0,5250,0.658
1789652426.1749277,5260,0,5260,0.657
1789652426.1809888,5270,0,5270,0.656
1789652426.188006,5280,0,5280,0.655
1789652426.1933448,5290,0,5290,0.653
1789652426.2012877,5300,0,5300,0.652
1789652426.2090607,5310,0,5310,0.651
1789652426.21922,5320,0,5320,0.65
1789652426.227639,5330,0,5330,0.648
1789652426.2356043,5340,0,5340,0.647
1789652426.2456756,5350,0,5350,0.646
1789652426.2539763,5360,0,5360,0.645
1789652426.261046,5370,0,5370,0.644
1789652426.2693002,5380,0,5380,0.642
1789652426.2763186,5390,0,5390,0.641
1789652426.290981,5400,0,5400,0.64
1789652426.3055003,5410,0,5410,0.639
1789652426.3169694,5420,0,5420,0.638
1789652426.3305948,5430,0,5430,0.637
1789652426.3419847,5440,0,5440,0.635
1789652426.3544803,5450,0,5450,0.634
1789652426.365383,5460,0,5460,0.633
1789652426.3769772,5470,0,5470,0.632
1789652426.3907542,5480,0,5480,0.631
1789652426.4006417,5490,0,5490,0.63
1789652426.4109924,5500,0,5500,0.628
1789652426.4189842,5510,0,5510,0.627
1789652426.4276974,5520,0,5520,0.626
1789652426.4392405,5530,0,5530,0.625
1789652426.44692,5540,0,5540,0.624
1789652426.453456,5550,0,5550,0.623
1789652426.4638915,5560,0,5560,0.622
1789652426.472345,5570,0,5570,0.621
1789652426.4784496,5580,0,5580,0.619
1789652426.4864123,5590,0,5590,0.618
1789652426.4959424,5600,0,5600,0.617
1789652426.5033267,5610,0,5610,0.616
1789652426.511396,5620,0,5620,0.615
1789652426.5183825,5630,0,5630,0.614
1789652426.5263247,5640,0,5640,0.613
1789652426.5325243,5650,0,5650,0.612
1789652426.5380342,5660,0,5660,0.611
1789652426.5447369,5670,0,5670,0.61
1789652426.5507405,5680,0,5680,0.609
1789652426.5600104,5690,0,5690,0.607
1789652426.5671816,5700,0,5700,0.606
1789652426.580377,5710,0,5710,0.605
1789652426.5893483,5720,0,5720,0.604
1789652426.5958073,5730,0,5730,0.603
1789652426.6035452,5740,0,5740,0.602
1789652426.6133235,5750,0,5750,0.601
1789652426.6195862,5760,0,5760,0.6
1789652426.624799,5770,0,5770,0.599
1789652426.6308699,5780,0,5780,0.598
1789652426.6379292,5790,0,5790,0.597
1789652426.6449916,5800,0,5800,0.596
1789652426.6522973,5810,0,5810,0.595
1789652426.6611397,5820,0,5820,0.594
1789652426.6682482,5830,0,5830,0.593
1789652426.6767688,5840,0,5840,0.592
1789652426.687252,5850,0,5850,0.591
1789652426.6958442,5860,0,5860,0.59
1789652426.704136,5870,0,5870,0.589
1789652426.7121162,5880,0,5880,0.588
1789652426.7203038,5890,0,5890,0.587
1789652426.728097,5900,0,5900,0.586
1789652426.7353454,5910,0,5910,0.585
1789652426.7442994,5920,0,5920,0.584
1789652426.752278,5930,0,5930,0.583
1789652426.758219,5940,0,5940,0.582
1789652426.764193,5950,0,5950,0.581
1789652426.7699118,5960,0,5960,0.58
1789652426.786724,5970,0,5970,0.579
1789652426.7963197,5980,0,5980,0.58
1789652426.8008714,5990,0,5990,0.582
1789652426.8059373,6000,0,6000,0.585
1789652426.8113747,6010,0,6010,0.587
1789652426.8167675,6020,0,6020,0.59
1789652426.8384874,6030,0,6030,0.592
1789652426.842678,6040,0,6040,0.594
1789652426.8464518,6050,0,6050,0.597
1789652426.8500278,6060,0,6060,0.599
1789652426.8536136,6070,0,6070,0.601
1789652426.8571768,6080,0,6080,0.604
1789652426.8610117,6090,0,6090,0.606
1789652426.8654704,6100,0,6100,0.608
1789652426.8714178,6110,0,6110,0.611
1789652426.875275,6120,0,6120,0.613
1789652426.879629,6130,0,6130,0.615
1789652426.883915,6140,0,6140,0.617
1789652426.8887384,6150,0,6150,0.62
1789652426.893292,6160,0,6160,0.622
1789652426.8985727,6170,0,6170,0.624
1789652426.904101,6180,0,6180,0.626
1789652426.9089475,6190,0,6190,0.629
1789652426.9170523,6200,0,6200,0.631
1789652426.9235764,6210,0,6210,0.633
1789652426.9289808,6220,0,6220,0.635
1789652426.9357758,6230,0,6230,0.637
1789652426.9398062,6240,0,6240,0.639
1789652426.9440773,6250,0,6250,0.641
1789652426.947288,6260,0,6260,0.643
1789652426.9503596,6270,0,6270,0.645
1789652426.9535031,6280,0,6280,0.647
1789652426.9571924,6290,0,6290,0.649
1789652426.9639933,6300,0,6300,0.652
1789652426.9687726,6310,0,6310,0.654
1789652426.9728773,6320,0,6320,0.656
1789652426.976327,6330,0,6330,0.658
1789652426.979718,6340,0,6340,0.66
1789652426.9832802,6350,0,6350,0.662
1789652426.9873407,6360,0,6360,0.664
1789652426.9910896,6370,0,6370,0.666
1789652426.99462,6380,0,6380,0.668
1789652426.9982932,6390,0,6390,0.67
1789652427.0018578,6400,0,6400,0.672
1789652427.0060546,6410,0,6410,0.674
1789652427.0095448,6420,0,6420,0.676
1789652427.0133216,6430,0,6430,0.678
1789652427.0172498,6440,0,6440,0.68
1789652427.0219042,6450,0,6450,0.682
1789652427.0258353,6460,0,6460,0.684
1789652427.030874,6470,0,6470,0.686
1789652427.0381372,6480,0,6480,0.688
1789652427.044315,6490,0,6490,0.69
1789652427.0511248,6500,0,6500,0.692
1789652427.0594609,6510,0,6510,0.694
1789652427.0685976,6520,0,6520,0.696
1789652427.0746453,6530,0,6530,0.698
1789652427.0807002,6540,0,6540,0.7
1789652427.0886238,6550,0,6550,0.702
1789652427.09486,6560,0,6560,0.704
1789652427.0998106,6570,0,6570,0.706
1789652427.103609,6580,0,6580,0.708
1789652427.1072738,6590,0,6590,0.71
1789652427.110935,6600,0,6600,0.712
1789652427.1149864,6610,0,6610,0.715
1789652427.11869,6620,0,6620,0.717
1789652427.1223576,6630,0,6630,0.719
1789652427.1262772,6640,0,6640,0.721
1789652427.1309729,6650,0,6650,0.723
1789652427.1347547,6660,0,6660,0.725
1789652427.1384988,6670,0,6670,0.727
1789652427.1445901,6680,0,6680,0.729
1789652427.148551,6690,0,6690,0.731
1789652427.1523025,6700,0,6700,0.733
1789652427.156122,6710,0,6710,0.735
1789652427.1612566,6720,0,6720,0.737
1789652427.1670022,6730,0,6730,0.739
1789652427.1731243,6740,0,6740,0.741
1789652427.1790285,6750,0,6750,0.743
1789652427.1856427,6760,0,6760,0.745
1789652427.1921852,6770,0,6770,0.747
1789652427.1973765,6780,0,6780,0.749
1789652427.2061908,6790,0,6790,0.751
1789652427.2173,6800,0,6800,0.753
1789652427.2234657,6810,0,6810,0.755
1789652427.2297013,6820,0,6820,0.757
1789652427.2356062,6830,0,6830,0.759
1789652427.2394674,6840,0,6840,0.761
1789652427.243211,6850,0,6850,0.763
1789652427.2473326,6860,0,6860,0.765
1789652427.2523863,6870,0,6870,0.767
1789652427.2561014,6880,0,6880,0.769
1789652427.2597444,6890,0,6890,0.771
1789652427.2632978,6900,0,6900,0.773
1789652427.268869,6910,0,6910,0.775
1789652427.2756143,6920,0,6920,0.777
1789652427.2823315,6930,0,6930,0.779
1789652427.289265,6940,0,6940,0.781
1789652427.29649,6950,0,6950,0.783
1789652427.303106,6960,0,6960,0.785
1789652427.310053,6970,0,6970,0.787
1789652427.3167856,6980,0,6980,0.789
1789652427.332414,6990,0,6990,0.791
1789652427.3402653,7000,0,7000,0.793
1789652427.3481987,7010,0,7010,0.795
1789652427.357216,7020,0,7020,0.797
1789652427.365004,7030,0,7030,0.799
1789652427.3695877,7040,0,7040,0.801
1789652427.3746982,7050,0,7050,0.803
1789652427.3802023,7060,0,7060,0.805
1789652427.387367,7070,0,7070,0.807
1789652427.3955162,7080,0,7080,0.809
1789652427.4042358,7090,0,7090,0.811
1789652427.4121504,7100,0,7100,0.814
1789652427.4203556,7110,0,7110,0.816
1789652427.4258354,7120,0,7120,0.818
1789652427.4301872,7130,0,7130,0.82
1789652427.435265,7140,0,7140,0.822
1789652427.4473798,7150,0,7150,0.824
1789652427.453012,7160,0,7160,0.826
1789652427.4569767,7170,0,7170,0.828
1789652427.46332,7180,0,7180,0.83
1789652427.4712052,7190,0,7190,0.832
1789652427.4797928,7200,0,7200,0.834
1789652427.486961,7210,0,7210,0.836
1789652427.4916534,7220,0,7220,0.838
1789652427.4957516,7230,0,7230,0.84
1789652427.5013616,7240,0,7240,0.842
1789652427.507894,7250,0,7250,0.844
1789652427.5144868,7260,0,7260,0.846
1789652427.5207217,7270,0,7270,0.849
1789652427.5275807,7280,0,7280,0.851
1789652427.5340705,7290,0,7290,0.853
1789652427.5380597,7300,0,7300,0.855
1789652427.542266,7310,0,7310,0.857
1789652427.5472236,7320,0,7320,0.859
1789652427.5515296,7330,0,7330,0.861
1789652427.5559905,7340,0,7340,0.863
1789652427.5620868,7350,0,7350,0.865
1789652427.5706246,7360,0,7360,0.867
1789652427.5756345,7370,0,7370,0.869
1789652427.5794747,7380,0,7380,0.871
1789652427.583219,7390,0,7390,0.873
1789652427.5868607,7400,0,7400,0.875
1789652427.593222,7410,0,7410,0.877
1789652427.600769,7420,0,7420,0.879
1789652427.6076214,7430,0,7430,0.881
1789652427.6146517,7440,0,7440,0.883
1789652427.6225014,7450,0,7450,0.885
1789652427.629182,7460,0,7460,0.888
1789652427.6366897,7470,0,7470,0.89
1789652427.6414354,7480,0,7480,0.892
1789652427.6457334,7490,0,7490,0.894
1789652427.6498325,7500,0,7500,0.896
1789652427.6539583,7510,0,7510,0.898
1789652427.657785,7520,0,7520,0.9
1789652427.6617515,7530,0,7530,0.902
1789652427.665331,7540,0,7540,0.904
1789652427.6713653,7550,0,7550,0.906
1789652427.6774368,7560,0,7560,0.908
1789652427.685267,7570,0,7570,0.91
1789652427.689311,7580,0,7580,0.912
1789652427.6946037,7590,0,7590,0.914
1789652427.6994553,7600,0,7600,0.916
1789652427.7036242,7610,0,7610,0.918
1789652427.707311,7620,0,7620,0.92
1789652427.7109406,7630,0,7630,0.922
1789652427.7164962,7640,0,7640,0.924
1789652427.7202535,7650,0,7650,0.926
1789652427.7255561,7660,0,7660,0.929
1789652427.732403,7670,0,7670,0.931
1789652427.7394836,7680,0,7680,0.933
1789652427.745238,7690,0,7690,0.935
1789652427.751749,7700,0,7700,0.937
1789652427.7588065,7710,0,7710,0.939
1789652427.764061,7720,0,7720,0.941
1789652427.7683833,7730,0,7730,0.943
1789652427.7727268,7740,0,7740,0.945
1789652427.776926,7750,0,7750,0.947
1789652427.7809842,7760,0,7760,0.949
1789652427.7854974,7770,0,7770,0.951
1789652427.790325,7780,0,7780,0.953
1789652427.794806,7790,0,7790,0.955
1789652427.7993383,7800,0,7800,0.957
1789652427.80607,7810,0,7810,0.959
1789652427.81288,7820,0,7820,0.961
1789652427.8176427,7830,0,7830,0.962
1789652427.823015,7840,0,7840,0.964
1789652427.8292265,7850,0,7850,0.966
1789652427.8376982,7860,0,7860,0.968
1789652427.8441231,7870,0,7870,0.97
1789652427.8511083,7880,0,7880,0.972
1789652427.8586318,7890,0,7890,0.973
1789652427.866415,7900,0,7900,0.975
1789652427.872142,7910,0,7910,0.977
1789652427.8770719,7920,0,7920,0.979
1789652427.8848925,7930,0,7930,0.981
1789652427.8912256,7940,0,7940,0.982
1789652427.8996477,7950,0,7950,0.984
1789652427.9095612,7960,0,7960,0.986
1789652427.916313,7970,0,7970,0.987
1789652427.926911,7980,0,7980,0.989
1789652427.9328418,7990,0,7990,0.991
1789652427.93941,8000,0,8000,0.992
1789652427.945923,8010,0,8010,0.994
1789652427.9532645,8020,0,8020,0.996
1789652427.9605207,8030,0,8030,0.997
1789652427.9678407,8040,0,8040,0.999
1789652427.9813886,8050,0,8050,1.0
1789652427.9918325,8060,0,8060,1.001
1789652428.0006642,8070,0,8070,1.003
1789652428.008827,8080,0,8080,1.004
1789652428.0160353,8090,0,8090,1.005
1789652428.0215895,8100,0,8100,1.006
1789652428.0259197,8110,0,8110,1.007
1789652428.03,8120,0,8120,1.008
1789652428.0347302,8130,0,8130,1.009
1789652428.040856,8140,0,8140,1.01
1789652428.0470235,8150,0,8150,1.011
1789652428.0529199,8160,0,8160,1.011
1789652428.060758,8170,0,8170,1.012
1789652428.0672798,8180,0,8180,1.013
1789652428.074049,8190,0,8190,1.013
1789652428.0795314,8200,0,8200,1.014
1789652428.0862799,8210,0,8210,1.015
1789652428.0930183,8220,0,8220,1.015
1789652428.1003103,8230,0,8230,1.016
1789652428.1070275,8240,0,8240,1.016
1789652428.1174254,8250,0,8250,1.017
1789652428.1249774,8260,0,8260,1.016
1789652428.1315935,8270,0,8270,1.015
1789652428.137217,8280,0,8280,1.013
1789652428.1421652,8290,0,8290,1.012
1789652428.1476731,8300,0,8300,1.011
1789652428.1521745,8310,0,8310,1.01
1789652428.1564872,8320,0,8320,1.009
1789652428.1622162,8330,0,8330,1.007
1789652428.1682336,8340,0,8340,1.006
1789652428.1746674,8350,0,8350,1.005
1789652428.1802864,8360,0,8360,1.004
1789652428.1861248,8370,0,8370,1.003
1789652428.192021,8380,0,8380,1.001
1789652428.1972222,8390,0,8390,1.0
1789652428.2021863,8400,0,8400,0.999
1789652428.207743,8410,0,8410,0.998
1789652428.2139406,8420,0,8420,0.997
1789652428.2199697,8430,0,8430,0.995
1789652428.231785,8440,0,8440,0.994
1789652428.239196,8450,0,8450,0.993
1789652428.2441924,8460,0,8460,0.992
1789652428.2506745,8470,0,8470,0.991
1789652428.2574382,8480,0,8480,0.99
1789652428.2654736,8490,0,8490,0.988
1789652428.272029,8500,0,8500,0.987
1789652428.2774317,8510,0,8510,0.986
1789652428.2930999,8520,0,8520,0.985
1789652428.3063931,8530,0,8530,0.984
1789652428.3154316,8540,0,8540,0.983
1789652428.3217533,8550,0,8550,0.981
1789652428.3284004,8560,0,8560,0.98
1789652428.3372178,8570,0,8570,0.979
1789652428.35155,8580,0,8580,0.978
1789652428.3611162,8590,0,8590,0.977
1789652428.3727717,8600,0,8600,0.976
1789652428.3807933,8610,0,8610,0.975
1789652428.3885705,8620,0,8620,0.974
1789652428.3966813,8630,0,8630,0.972
1789652428.40363,8640,0,8640,0.971
1789652428.4117186,8650,0,8650,0.97
1789652428.4257545,8660,0,8660,0.969
1789652428.4333422,8670,0,8670,0.968
1789652428.4433777,8680,0,8680,0.967
1789652428.4667563,8690,0,8690,0.966
1789652428.480123,8700,0,8700,0.965
1789652428.4945233,8710,0,8710,0.963
1789652428.5040233,8720,0,8720,0.962
1789652428.512429,8730,0,8730,0.961
1789652428.53126,8740,0,8740,0.96
1789652428.5687287,8750,0,8750,0.959
1789652428.6030958,8760,0,8760,0.958
1789652428.6180725,8770,0,8770,0.957
1789652428.6346343,8780,0,8780,0.956
1789652428.6541727,8790,0,8790,0.955
1789652428.6716096,8800,0,8800,0.954
1789652428.69447,8810,0,8810,0.953
1789652428.7101529,8820,0,8820,0.951
1789652428.726408,8830,0,8830,0.95
1789652428.740502,8840,0,8840,0.949
1789652428.7610636,8850,0,8850,0.948
1789652428.7785835,8860,0,8860,0.947
1789652428.8034248,8870,0,8870,0.946
1789652428.826446,8880,0,8880,0.945
1789652428.8537889,8890,0,8890,0.944
1789652428.8748927,8900,0,8900,0.943
1789652428.9019938,8910,0,8910,0.942
1789652428.916804,8920,0,8920,0.941
1789652428.9341824,8930,0,8930,0.94
1789652428.954249,8940,0,8940,0.939
1789652428.970395,8950,0,8950,0.938
1789652428.984297,8960,0,8960,0.937
1789652429.0145404,8970,0,8970,0.936
1789652429.0294662,8980,0,8980,0.935
1789652429.3480327,8990,0,8990,0.933
1789652429.3590631,9000,0,9000,0.932
1789652429.376059,9010,0,9010,0.931
1789652429.3943803,9020,0,9020,0.93
1789652429.4142869,9030,0,9030,0.929
1789652429.432552,9040,0,9040,0.928
1789652429.4445422,9050,0,9050,0.927
1789652429.4679651,9060,0,9060,0.926
1789652429.4772496,9070,0,9070,0.925
1789652429.4830377,9080,0,9080,0.924
1789652429.4922402,9090,0,9090,0.923
1789652429.500432,9100,0,9100,0.922
1789652429.514414,9110,0,9110,0.921
1789652429.5212388,9120,0,9120,0.92
1789652429.5288727,9130,0,9130,0.919
1789652429.5451953,9140,0,9140,0.918
1789652429.5549767,9150,0,9150,0.917
1789652429.5692751,9160,0,9160,0.916
1789652429.5839818,9170,0,9170,0.915
1789652429.590951,9180,0,9180,0.914
1789652429.5993943,9190,0,9190,0.913
1789652429.6050048,9200,0,9200,0.912
1789652429.611693,9210,0,9210,0.911
1789652429.6210775,9220,0,9220,0.91
1789652429.629119,9230,0,9230,0.909
1789652429.6371439,9240,0,9240,0.908
1789652429.6467252,9250,0,9250,0.907
1789652429.6544664,9260,0,9260,0.906
1789652429.6634252,9270,0,9270,0.905
1789652429.6729593,9280,0,9280,0.904
1789652429.6839497,9290,0,9290,0.903
1789652429.701495,9300,0,9300,0.902
1789652429.711016,9310,0,9310,0.901
1789652429.718844,9320,0,9320,0.9
1789652429.728041,9330,0,9330,0.9
1789652429.7372842,9340,0,9340,0.899
1789652429.7451246,9350,0,9350,0.898
1789652429.7546809,9360,0,9360,0.897
1789652429.7615936,9370,0,9370,0.896
1789652429.7682683,9380,0,9380,0.895
1789652429.7767406,9390,0,9390,0.894
1789652429.7946718,9400,0,9400,0.893
1789652429.8118436,9410,0,9410,0.892
1789652429.8216019,9420,0,9420,0.891
1789652429.8377311,9430,0,9430,0.89
1789652429.855044,9440,0,9440,0.889
1789652429.869962,9450,0,9450,0.888
1789652429.8845623,9460,0,9460,0.887
1789652429.9016674,9470,0,9470,0.886
1789652429.9208865,9480,0,9480,0.885
1789652429.930247,9490,0,9490,0.884
1789652429.9393265,9500,0,9500,0.883
1789652429.9508486,9510,0,9510,0.882
1789652429.9602754,9520,0,9520,0.882
1789652429.9690592,9530,0,9530,0.881
1789652429.97973,9540,0,9540,0.88
1789652429.9919899,9550,0,9550,0.879
1789652430.002287,9560,0,9560,0.878
1789652430.0141635,9570,0,9570,0.877
1789652430.030152,9580,0,9580,0.876
1789652430.0394397,9590,0,9590,0.875
1789652430.049339,9600,0,9600,0.874
1789652430.0578883,9610,0,9610,0.873
1789652430.0690475,9620,0,9620,0.872
1789652430.0782008,9630,0,9630,0.872
1789652430.0901625,9640,0,9640,0.871
1789652430.096198,9650,0,9650,0.87
1789652430.1059258,9660,0,9660,0.869
1789652430.1153617,9670,0,9670,0.868
1789652430.1230419,9680,0,9680,0.868
1789652430.1260283,9690,0,9690,0.869
1789652430.1297998,9700,0,9700,0.87
1789652430.1338136,9710,0,9710,0.871
1789652430.1374977,9720,0,9720,0.872
1789652430.1412475,9730,0,9730,0.873
1789652430.1448903,9740,0,9740,0.874
1789652430.148567,9750,0,9750,0.875
1789652430.1514797,9760,0,9760,0.876
1789652430.1547625,9770,0,9770,0.877
1789652430.1585836,9780,0,9780,0.878
1789652430.1658587,9790,0,9790,0.879
1789652430.1715577,9800,0,9800,0.88
1789652430.1752102,9810,0,9810,0.881
1789652430.179567,9820,0,9820,0.882
1789652430.195943,9830,0,9830,0.883
1789652430.2013927,9840,0,9840,0.884
1789652430.2105658,9850,0,9850,0.885
1789652430.2173767,9860,0,9860,0.886
1789652430.2215047,9870,0,9870,0.887
1789652430.2261193,9880,0,9880,0.888
1789652430.2302556,9890,0,9890,0.889
1789652430.23389,9900,0,9900,0.891
1789652430.2381032,9910,0,9910,0.892
1789652430.2448997,9920,0,9920,0.893
1789652430.249051,9930,0,9930,0.894
1789652430.2533574,9940,0,9940,0.895
1789652430.259968,9950,0,9950,0.896
1789652430.2666886,9960,0,9960,0.897
1789652430.2741857,9970,0,9970,0.898
1789652430.2782674,9980,0,9980,0.899
1789652430.2822695,9990,0,9990,0.9
1789652430.2931848,10000,0,10000,0.901
1789652430.2993548,10010,0,10010,0.902
1789652430.3044078,10020,0,10020,0.903
1789652430.309972,10030,0,10030,0.904
1789652430.315694,10040,0,10040,0.904
1789652430.3204541,10050,0,10050,0.905
1789652430.3263488,10060,0,10060,0.906
1789652430.333857,10070,0,10070,0.907
1789652430.3429105,10080,0,10080,0.908
1789652430.348153,10090,0,10090,0.909
1789652430.352238,10100,0,10100,0.91
1789652430.3567076,10110,0,10110,0.911
1789652430.3622415,10120,0,10120,0.912
1789652430.3687322,10130,0,10130,0.913
1789652430.374812,10140,0,10140,0.914
1789652430.3808546,10150,0,10150,0.915
1789652430.3851612,10160,0,10160,0.916
1789652430.38919,10170,0,10170,0.917
1789652430.3936367,10180,0,10180,0.918
1789652430.3982577,10190,0,10190,0.919
1789652430.4026022,10200,0,10200,0.92
1789652430.4068546,10210,0,10210,0.921
1789652430.4113784,10220,0,10220,0.922
1789652430.4179873,10230,0,10230,0.922
1789652430.4262698,10240,0,10240,0.923
1789652430.43277,10250,0,10250,0.924
1789652430.439307,10260,0,10260,0.925
1789652430.4468975,10270,0,10270,0.926
1789652430.4554868,10280,0,10280,0.927
1789652430.4661891,10290,0,10290,0.928
1789652430.4726028,10300,0,10300,0.929
1789652430.4779978,10310,0,10310,0.93
1789652430.4827151,10320,0,10320,0.931
1789652430.4880674,10330,0,10330,0.932
1789652430.4945943,10340,0,10340,0.933
1789652430.5018022,10350,0,10350,0.934
1789652430.508162,10360,0,10360,0.934
1789652430.5137925,10370,0,10370,0.935
1789652430.5224159,10380,0,10380,0.936
1789652430.5346518,10390,0,10390,0.937
1789652430.5394251,10400,0,10400,0.938
1789652430.5444057,10410,0,10410,0.939
1789652430.549292,10420,0,10420,0.94
1789652430.5544357,10430,0,10430,0.941
1789652430.5626214,10440,0,10440,0.942
1789652430.5722094,10450,0,10450,0.943
1789652430.5816772,10460,0,10460,0.944
1789652430.5895076,10470,0,10470,0.945
1789652430.6034706,10480,0,10480,0.946
1789652430.6094093,10490,0,10490,0.947
1789652430.615285,10500,0,10500,0.948
1789652430.6218653,10510,0,10510,0.949
1789652430.6267688,10520,0,10520,0.95
1789652430.6318738,10530,0,10530,0.951
1789652430.636706,10540,0,10540,0.952
1789652430.641465,10550,0,10550,0.953
1789652430.6465547,10560,0,10560,0.954
1789652430.652225,10570,0,10570,0.954
1789652430.65906,10580,0,10580,0.955
1789652430.6649957,10590,0,10590,0.956
1789652430.6695902,10600,0,10600,0.957
1789652430.6739924,10610,0,10610,0.958
1789652430.6790733,10620,0,10620,0.959
1789652430.685313,10630,0,10630,0.96
1789652430.6913805,10640,0,10640,0.961
1789652430.6981468,10650,0,10650,0.962
1789652430.7048984,10660,0,10660,0.963
1789652430.7089963,10670,0,10670,0.964
1789652430.7142923,10680,0,10680,0.965
1789652430.7216773,10690,0,10690,0.966
1789652430.7283466,10700,0,10700,0.967
1789652430.7429705,10710,0,10710,0.968
1789652430.7511096,10720,0,10720,0.969
1789652430.7588165,10730,0,10730,0.97
1789652430.765317,10740,0,10740,0.971
1789652430.7712574,10750,0,10750,0.972
1789652430.7773173,10760,0,10760,0.973
1789652430.7832737,10770,0,10770,0.974
1789652430.7890415,10780,0,10780,0.975
1789652430.795382,10790,0,10790,0.976
1789652430.8014553,10800,0,10800,0.977
1789652430.807282,10810,0,10810,0.978
1789652430.8140075,10820,0,10820,0.979
1789652430.8234088,10830,0,10830,0.98
1789652430.8342621,10840,0,10840,0.981
1789652430.844172,10850,0,10850,0.982
1789652430.8610137,10860,0,10860,0.983
1789652430.8709514,10870,0,10870,0.984
1789652430.8801641,10880,0,10880,0.985
1789652430.887045,10890,0,10890,0.987
1789652430.8940682,10900,0,10900,0.988
1789652430.9018445,10910,0,10910,0.989
1789652430.91056,10920,0,10920,0.99
1789652430.9191217,10930,0,10930,0.991
1789652430.92717,10940,0,10940,0.992
1789652430.9415007,10950,0,10950,0.993
1789652430.9491935,10960,0,10960,0.994
1789652430.9562576,10970,0,10970,0.995
1789652430.9725325,10980,0,10980,0.996
1789652430.978611,10990,0,10990,0.997
1789652430.9856477,11000,0,11000,0.998
1789652430.9915469,11010,0,11010,0.999
1789652430.9957209,11020,0,11020,1.0
1789652430.9996784,11030,0,11030,1.001
1789652431.0038846,11040,0,11040,1.002
1789652431.0077271,11050,0,11050,1.003
1789652431.0115902,11060,0,11060,1.005
1789652431.0153751,11070,0,11070,1.006
1789652431.0197823,11080,0,11080,1.007
1789652431.024086,11090,0,11090,1.008
1789652431.0281327,11100,0,11100,1.009
1789652431.0321462,11110,0,11110,1.01
1789652431.0365188,11120,0,11120,1.011
1789652431.0409818,11130,0,11130,1.012
1789652431.045125,11140,0,11140,1.013
1789652431.0502615,11150,0,11150,1.014
1789652431.0546162,11160,0,11160,1.015
1789652431.0583847,11170,0,11170,1.016
1789652431.0622988,11180,0,11180,1.017
1789652431.0669184,11190,0,11190,1.018
1789652431.073298,11200,0,11200,1.019
1789652431.0798697,11210,0,11210,1.02
1789652431.084153,11220,0,11220,1.021
1789652431.0892644,11230,0,11230,1.022
1789652431.0974624,11240,0,11240,1.023
1789652431.1099806,11250,0,11250,1.024
1789652431.1165307,11260,0,11260,1.025
1789652431.1240735,11270,0,11270,1.026
1789652431.130529,11280,0,11280,1.027
1789652431.1352956,11290,0,11290,1.028
1789652431.14015,11300,0,11300,1.029
1789652431.1445606,11310,0,11310,1.03
1789652431.1484222,11320,0,11320,1.031
1789652431.152182,11330,0,11330,1.032
1789652431.15596,11340,0,11340,1.033
1789652431.1602497,11350,0,11350,1.034
1789652431.1643724,11360,0,11360,1.035
1789652431.1682334,11370,0,11370,1.036
1789652431.1722484,11380,0,11380,1.037
1789652431.176716,11390,0,11390,1.038
1789652431.1811786,11400,0,11400,1.04
1789652431.185222,11410,0,11410,1.041
1789652431.1888738,11420,0,11420,1.041
1789652431.1947796,11430,0,11430,1.042
1789652431.1989908,11440,0,11440,1.043
1789652431.202822,11450,0,11450,1.044
1789652431.207264,11460,0,11460,1.045
1789652431.2197392,11470,0,11470,1.046
1789652431.2269692,11480,0,11480,1.047
1789652431.2339401,11490,0,11490,1.048
1789652431.2440295,11500,0,11500,1.049
1789652431.2558858,11510,0,11510,1.05
1789652431.2626452,11520,0,11520,1.052
1789652431.2697322,11530,0,11530,1.053
1789652431.2749996,11540,0,11540,1.054
1789652431.2799525,11550,0,11550,1.055
1789652431.2858593,11560,0,11560,1.056
1789652431.292311,11570,0,11570,1.057
1789652431.2996051,11580,0,11580,1.058
1789652431.3068898,11590,0,11590,1.059
1789652431.314656,11600,0,11600,1.06
1789652431.3260229,11610,0,11610,1.061
1789652431.3316917,11620,0,11620,1.062
1789652431.3393297,11630,0,11630,1.063
1789652431.3501391,11640,0,11640,1.064
1789652431.3547432,11650,0,11650,1.065
1789652431.35981,11660,0,11660,1.066
1789652431.3697603,11670,0,11670,1.067
1789652431.3801377,11680,0,11680,1.068
1789652431.3879323,11690,0,11690,1.069
1789652431.3952777,11700,0,11700,1.07
1789652431.4006138,11710,0,11710,1.071
1789652431.4055905,11720,0,11720,1.072
1789652431.4119847,11730,0,11730,1.074
1789652431.416812,11740,0,11740,1.075
1789652431.421403,11750,0,11750,1.076
1789652431.4261513,11760,0,11760,1.077
1789652431.431258,11770,0,11770,1.078
1789652431.437325,11780,0,11780,1.079
1789652431.443154,11790,0,11790,1.08
1789652431.4478533,11800,0,11800,1.081
1789652431.4526012,11810,0,11810,1.082
1789652431.4572465,11820,0,11820,1.083
1789652431.4615643,11830,0,11830,1.084
1789652431.4654715,11840,0,11840,1.086
1789652431.469666,11850,0,11850,1.087
1789652431.4756742,11860,0,11860,1.088
1789652431.48149,11870,0,11870,1.089
1789652431.4881697,11880,0,11880,1.09
1789652431.500313,11890,0,11890,1.091
1789652431.5088084,11900,0,11900,1.092
1789652431.5150023,11910,0,11910,1.093
1789652431.522328,11920,0,11920,1.094
1789652431.5284576,11930,0,11930,1.095
1789652431.5354137,11940,0,11940,1.097
1789652431.5411377,11950,0,11950,1.098
1789652431.5477831,11960,0,11960,1.099
1789652431.5544596,11970,0,11970,1.1
1789652431.5601964,11980,0,11980,1.101
1789652431.5658476,11990,0,11990,1.102
1789652431.5699692,12000,0,12000,1.103
1789652431.5742493,12010,0,12010,1.105
1789652431.5780926,12020,0,12020,1.106
1789652431.5823827,12030,0,12030,1.107
1789652431.5864084,12040,0,12040,1.108
1789652431.5914934,12050,0,12050,1.109
1789652431.5975938,12060,0,12060,1.11
1789652431.6015604,12070,0,12070,1.111
1789652431.6074767,12080,0,12080,1.112
1789652431.6190944,12090,0,12090,1.114
1789652431.62507,12100,0,12100,1.115
1789652431.6298912,12110,0,12110,1.116
1789652431.6335502,12120,0,12120,1.117
1789652431.637884,12130,0,12130,1.118
1789652431.6425464,12140,0,12140,1.119
1789652431.6491637,12150,0,12150,1.12
1789652431.6559825,12160,0,12160,1.122
1789652431.6655269,12170,0,12170,1.123
1789652431.673978,12180,0,12180,1.124
1789652431.6831603,12190,0,12190,1.125
1789652431.6924226,12200,0,12200,1.126
1789652431.703614,12210,0,12210,1.127
1789652431.7127388,12220,0,12220,1.129
1789652431.7195292,12230,0,12230,1.13
1789652431.7251093,12240,0,12240,1.131
1789652431.7327209,12250,0,12250,1.132
1789652431.7394981,12260,0,12260,1.133
1789652431.7466452,12270,0,12270,1.135
1789652431.7636302,12280,0,12280,1.136
1789652431.7737172,12290,0,12290,1.137
1789652431.7815127,12300,0,12300,1.138
1789652431.7881315,12310,0,12310,1.139
1789652431.7976801,12320,0,12320,1.141
1789652431.8059926,12330,0,12330,1.142
1789652431.818811,12340,0,12340,1.143
1789652431.8257365,12350,0,12350,1.144
1789652431.8324432,12360,0,12360,1.145
1789652431.8374927,12370,0,12370,1.147
1789652431.8425043,12380,0,12380,1.148
1789652431.8471656,12390,0,12390,1.149
1789652431.8512173,12400,0,12400,1.15
1789652431.8559902,12410,0,12410,1.152
1789652431.862359,12420,0,12420,1.153
1789652431.867965,12430,0,12430,1.154
1789652431.87396,12440,0,12440,1.155
1789652431.8833165,12450,0,12450,1.156
1789652431.8892298,12460,0,12460,1.158
1789652431.8971305,12470,0,12470,1.159
1789652431.9030225,12480,0,12480,1.16
1789652431.9095044,12490,0,12490,1.161
1789652431.9167767,12500,0,12500,1.163
1789652431.9232519,12510,0,12510,1.164
1789652431.9297242,12520,0,12520,1.165
1789652431.936079,12530,0,12530,1.166
1789652431.9420235,12540,0,12540,1.168
1789652431.9460347,12550,0,12550,1.169
1789652431.9501374,12560,0,12560,1.17
1789652431.9548223,12570,0,12570,1.171
1789652431.9589336,12580,0,12580,1.173
1789652431.9632277,12590,0,12590,1.174
1789652431.9691188,12600,0,12600,1.175
1789652431.9760182,12610,0,12610,1.176
1789652431.982433,12620,0,12620,1.178
1789652431.9894774,12630,0,12630,1.179
1789652431.9955256,12640,0,12640,1.18
1789652432.0068223,12650,0,12650,1.182
1789652432.0133057,12660,0,12660,1.183
1789652432.0198843,12670,0,12670,1.184
1789652432.0260155,12680,0,12680,1.185
1789652432.032128,12690,0,12690,1.187
1789652432.0376844,12700,0,12700,1.188
1789652432.0420187,12710,0,12710,1.189
1789652432.0460603,12720,0,12720,1.19
1789652432.0505245,12730,0,12730,1.192
1789652432.0544593,12740,0,12740,1.193
1789652432.0581386,12750,0,12750,1.194
1789652432.061902,12760,0,12760,1.195
1789652432.0664694,12770,0,12770,1.197
1789652432.073798,12780,0,12780,1.198
1789652432.0781891,12790,0,12790,1.199
1789652432.083061,12800,0,12800,1.2
1789652432.0907428,12810,0,12810,1.202
1789652432.0978107,12820,0,12820,1.203
1789652432.1024206,12830,0,12830,1.204
1789652432.1067686,12840,0,12840,1.205
1789652432.1115675,12850,0,12850,1.207
1789652432.1173923,12860,0,12860,1.208
1789652432.1235905,12870,0,12870,1.209
1789652432.1415472,12880,0,12880,1.211
1789652432.148156,12890,0,12890,1.212
1789652432.155473,12900,0,12900,1.213
1789652432.1648164,12910,0,12910,1.214
1789652432.1734467,12920,0,12920,1.216
1789652432.1829944,12930,0,12930,1.217
1789652432.1925185,12940,0,12940,1.218
1789652432.2040396,12950,0,12950,1.22
1789652432.2119036,12960,0,12960,1.221
1789652432.2195385,12970,0,12970,1.222
1789652432.2284606,12980,0,12980,1.223
1789652432.235886,12990,0,12990,1.225
1789652432.241095,13000,0,13000,1.226
1789652432.245693,13010,0,13010,1.227
1789652432.2501903,13020,0,13020,1.229
1789652432.2561972,13030,0,13030,1.23
1789652432.265119,13040,0,13040,1.231
1789652432.2816794,13050,0,13050,1.233
1789652432.28976,13060,0,13060,1.234
1789652432.2957103,13070,0,13070,1.235
1789652432.3046734,13080,0,13080,1.237
1789652432.3127673,13090,0,13090,1.238
1789652432.3220458,13100,0,13100,1.239
1789652432.3290818,13110,0,13110,1.241
1789652432.333213,13120,0,13120,1.242
1789652432.3368263,13130,0,13130,1.243
1789652432.340522,13140,0,13140,1.245
1789652432.3442051,13150,0,13150,1.246
1789652432.3488262,13160,0,13160,1.247
1789652432.3529031,13170,0,13170,1.249
1789652432.3564146,13180,0,13180,1.25
1789652432.3601468,13190,0,13190,1.251
1789652432.3643563,13200,0,13200,1.253
1789652432.3684022,13210,0,13210,1.254
1789652432.3720636,13220,0,13220,1.255
1789652432.3755615,13230,0,13230,1.257
1789652432.379464,13240,0,13240,1.258
1789652432.3831863,13250,0,13250,1.259
1789652432.3867247,13260,0,13260,1.261
1789652432.390409,13270,0,13270,1.262
1789652432.3952348,13280,0,13280,1.263
1789652432.40512,13290,0,13290,1.264
1789652432.4106033,13300,0,13300,1.266
1789652432.4173899,13310,0,13310,1.267
1789652432.4246252,13320,0,13320,1.268
1789652432.433079,13330,0,13330,1.269
1789652432.4406981,13340,0,13340,1.271
1789652432.445196,13350,0,13350,1.272
1789652432.4491434,13360,0,13360,1.273
1789652432.4529092,13370,0,13370,1.274
1789652432.4582658,13380,0,13380,1.275
1789652432.4641886,13390,0,13390,1.277
1789652432.4700537,13400,0,13400,1.278
1789652432.4748943,13410,0,13410,1.279
1789652432.478892,13420,0,13420,1.28
1789652432.4826775,13430,0,13430,1.281
1789652432.4869807,13440,0,13440,1.282
1789652432.491174,13450,0,13450,1.283
1789652432.4950223,13460,0,13460,1.285
1789652432.4987075,13470,0,13470,1.286
1789652432.5029266,13480,0,13480,1.287
1789652432.507492,13490,0,13490,1.288
1789652432.512051,13500,0,13500,1.289
1789652432.5185928,13510,0,13510,1.29
1789652432.5304317,13520,0,13520,1.291
1789652432.5355823,13530,0,13530,1.292
1789652432.5395174,13540,0,13540,1.293
1789652432.5433471,13550,0,13550,1.294
1789652432.547604,13560,0,13560,1.295
1789652432.552685,13570,0,13570,1.296
1789652432.5610635,13580,0,13580,1.297
1789652432.567532,13590,0,13590,1.298
1789652432.5747948,13600,0,13600,1.299
1789652432.582173,13610,0,13610,1.3
1789652432.5865781,13620,0,13620,1.301
1789652432.59085,13630,0,13630,1.302
1789652432.5954118,13640,0,13640,1.303
1789652432.6003034,13650,0,13650,1.304
1789652432.6047924,13660,0,13660,1.305
1789652432.608903,13670,0,13670,1.306
1789652432.613664,13680,0,13680,1.306
1789652432.6201658,13690,0,13690,1.307
1789652432.6244166,13700,0,13700,1.306
1789652432.6290994,13710,0,13710,1.305
1789652432.6335027,13720,0,13720,1.304
1789652432.6420927,13730,0,13730,1.303
1789652432.646108,13740,0,13740,1.302
1789652432.6497056,13750,0,13750,1.301
1789652432.653533,13760,0,13760,1.301
1789652432.6612558,13770,0,13770,1.3
1789652432.671172,13780,0,13780,1.299
1789652432.6835458,13790,0,13790,1.298
1789652432.6961577,13800,0,13800,1.297
1789652432.7053947,13810,0,13810,1.296
1789652432.720708,13820,0,13820,1.295
1789652432.7334092,13830,0,13830,1.294
1789652432.7550483,13840,0,13840,1.293
1789652432.76506,13850,0,13850,1.292
1789652432.7750878,13860,0,13860,1.291
1789652432.7843742,13870,0,13870,1.29
1789652432.7987921,13880,0,13880,1.289
1789652432.8079286,13890,0,13890,1.288
1789652432.8192327,13900,0,13900,1.287
1789652432.8292012,13910,0,13910,1.286
1789652432.8344536,13920,0,13920,1.286
1789652432.8409593,13930,0,13930,1.285
1789652432.8472517,13940,0,13940,1.284
1789652432.8622513,13950,0,13950,1.283
1789652432.8712876,13960,0,13960,1.282
1789652432.8817077,13970,0,13970,1.281
1789652432.8894925,13980,0,13980,1.28
1789652432.899177,13990,0,13990,1.279
1789652432.906957,14000,0,14000,1.278
1789652432.9146788,14010,0,14010,1.277
1789652432.9221642,14020,0,14020,1.276
1789652432.9290528,14030,0,14030,1.275
1789652432.9362855,14040,0,14040,1.275
1789652432.9447484,14050,0,14050,1.274
1789652432.9520655,14060,0,14060,1.273
1789652432.9591098,14070,0,14070,1.272
1789652432.971228,14080,0,14080,1.271
1789652432.9773154,14090,0,14090,1.27
1789652432.9854057,14100,0,14100,1.269
1789652432.9932175,14110,0,14110,1.268
1789652433.0038445,14120,0,14120,1.267
1789652433.01092,14130,0,14130,1.266
1789652433.0194833,14140,0,14140,1.266
1789652433.0271928,14150,0,14150,1.265
1789652433.033644,14160,0,14160,1.264
1789652433.0387363,14170,0,14170,1.263
1789652433.0443683,14180,0,14180,1.262
1789652433.0512667,14190,0,14190,1.261
1789652433.0593026,14200,0,14200,1.26
1789652433.0676134,14210,0,14210,1.259
1789652433.080333,14220,0,14220,1.258
1789652433.089571,14230,0,14230,1.258
1789652433.100148,14240,0,14240,1.257
1789652433.1120389,14250,0,14250,1.256
1789652433.1214972,14260,0,14260,1.255
1789652433.1331131,14270,0,14270,1.254
1789652433.1415348,14280,0,14280,1.253
1789652433.1481519,14290,0,14290,1.252
1789652433.1538405,14300,0,14300,1.251
1789652433.160606,14310,0,14310,1.251
1789652433.1668208,14320,0,14320,1.25
1789652433.1720464,14330,0,14330,1.249
1789652433.1839488,14340,0,14340,1.248
1789652433.19284,14350,0,14350,1.247
1789652433.2049205,14360,0,14360,1.246
1789652433.21547,14370,0,14370,1.245
1789652433.2247612,14380,0,14380,1.244
1789652433.234601,14390,0,14390,1.244
1789652433.244775,14400,0,14400,1.243
1789652433.2526736,14410,0,14410,1.242
1789652433.2667675,14420,0,14420,1.241
1789652433.2757812,14430,0,14430,1.24
1789652433.2852478,14440,0,14440,1.239
1789652433.303691,14450,0,14450,1.238
1789652433.3146446,14460,0,14460,1.238
1789652433.3280692,14470,0,14470,1.237
1789652433.3391623,14480,0,14480,1.236
1789652433.351921,14490,0,14490,1.235
1789652433.3672044,14500,0,14500,1.234
1789652433.3820167,14510,0,14510,1.233
1789652433.409625,14520,0,14520,1.232
1789652433.4222095,14530,0,14530,1.232
1789652433.4346735,14540,0,14540,1.231
1789652433.4454346,14550,0,14550,1.23
1789652433.457125,14560,0,14560,1.229
1789652433.4663022,14570,0,14570,1.228
1789652433.4745207,14580,0,14580,1.227
1789652433.4812906,14590,0,14590,1.227
1789652433.4864786,14600,0,14600,1.226
1789652433.4949734,14610,0,14610,1.225
1789652433.5003576,14620,0,14620,1.224
1789652433.5108733,14630,0,14630,1.223
1789652433.5185215,14640,0,14640,1.222
1789652433.5338848,14650,0,14650,1.222
1789652433.5460284,14660,0,14660,1.221
1789652433.5593474,14670,0,14670,1.22
1789652433.5688968,14680,0,14680,1.219
1789652433.5764089,14690,0,14690,1.218
1789652433.5842204,14700,0,14700,1.217
1789652433.5908828,14710,0,14710,1.217
1789652433.597088,14720,0,14720,1.216
1789652433.6035721,14730,0,14730,1.215
1789652433.6138275,14740,0,14740,1.214
1789652433.6217017,14750,0,14750,1.213
1789652433.6293836,14760,0,14760,1.212
1789652433.6452262,14770,0,14770,1.212
1789652433.6558256,14780,0,14780,1.211
1789652433.6676009,14790,0,14790,1.21
1789652433.6771245,14800,0,14800,1.209
1789652433.6859257,14810,0,14810,1.208
1789652433.6942077,14820,0,14820,1.208
1789652433.7023928,14830,0,14830,1.207
1789652433.7103472,14840,0,14840,1.206
1789652433.7183702,14850,0,14850,1.205
1789652433.7242424,14860,0,14860,1.204
1789652433.730485,14870,0,14870,1.203
1789652433.746353,14880,0,14880,1.203
1789652433.757591,14890,0,14890,1.202
1789652433.7819672,14900,0,14900,1.201
1789652433.7896197,14910,0,14910,1.2
1789652433.7967477,14920,0,14920,1.199
1789652433.803217,14930,0,14930,1.199
1789652433.8083415,14940,0,14940,1.198
1789652433.8145797,14950,0,14950,1.197
1789652433.8206418,14960,0,14960,1.196
1789652433.8265133,14970,0,14970,1.195
1789652433.831994,14980,0,14980,1.195
1789652433.8373334,14990,0,14990,1.194
1789652433.84328,15000,0,15000,1.193
1789652433.849281,15010,0,15010,1.192
1789652433.855457,15020,0,15020,1.191
1789652433.862025,15030,0,15030,1.191
1789652433.8702683,15040,0,15040,1.19
1789652433.8949473,15050,0,15050,1.189
1789652433.9254234,15060,0,15060,1.188
1789652433.9369037,15070,0,15070,1.188
1789652433.9463143,15080,0,15080,1.187
1789652433.9557054,15090,0,15090,1.186
1789652433.966168,15100,0,15100,1.185
1789652433.9759462,15110,0,15110,1.184
1789652433.9866161,15120,0,15120,1.184
1789652433.9945543,15130,0,15130,1.183
1789652434.0013192,15140,0,15140,1.182
1789652434.0151021,15150,0,15150,1.181
1789652434.048235,15160,0,15160,1.18
1789652434.0699933,15170,0,15170,1.18
1789652434.0836413,15180,0,15180,1.179
1789652434.0949185,15190,0,15190,1.178
1789652434.1024637,15200,0,15200,1.177
1789652434.1085663,15210,0,15210,1.177
1789652434.1158574,15220,0,15220,1.176
1789652434.5251076,15230,0,15230,1.175
1789652434.5326571,15240,0,15240,1.174
1789652434.5526886,15250,0,15250,1.174
1789652434.5630925,15260,0,15260,1.173
1789652434.5864534,15270,0,15270,1.172
1789652434.5952435,15280,0,15280,1.171
1789652434.6235597,15290,0,15290,1.171
1789652434.6277232,15300,0,15300,1.171
1789652434.6318977,15310,0,15310,1.172
1789652434.6355903,15320,0,15320,1.172
1789652434.6390178,15330,0,15330,1.173
1789652434.6429667,15340,0,15340,1.173
1789652434.647887,15350,0,15350,1.174
1789652434.6524353,15360,0,15360,1.174
1789652434.6598125,15370,0,15370,1.175
1789652434.6642318,15380,0,15380,1.175
1789652434.6694753,15390,0,15390,1.175
1789652434.6744986,15400,0,15400,1.176
1789652434.6808658,15410,0,15410,1.176
1789652434.6863031,15420,0,15420,1.176
1789652434.692055,15430,0,15430,1.177
1789652434.6968076,15440,0,15440,1.177
1789652434.7010741,15450,0,15450,1.177
1789652434.7049766,15460,0,15460,1.178
1789652434.709783,15470,0,15470,1.178
1789652434.7144043,15480,0,15480,1.178
1789652434.7193344,15490,0,15490,1.178
1789652434.7283044,15500,0,15500,1.179
1789652434.7353034,15510,0,15510,1.179
1789652434.7421796,15520,0,15520,1.179
1789652434.759468,15530,0,15530,1.18
1789652434.772223,15540,0,15540,1.18
1789652434.7773893,15550,0,15550,1.18
1789652434.793126,15560,0,15560,1.18
1789652434.8007019,15570,0,15570,1.181
1789652434.8069751,15580,0,15580,1.181
1789652434.8128,15590,0,15590,1.181
1789652434.8241773,15600,0,15600,1.181
1789652434.8324027,15610,0,15610,1.181
1789652434.8392863,15620,0,15620,1.181
1789652434.845078,15630,0,15630,1.182
1789652434.851563,15640,0,15640,1.182
1789652434.8572662,15650,0,15650,1.182
1789652434.8637342,15660,0,15660,1.182
1789652434.8686671,15670,0,15670,1.182
1789652434.8734338,15680,0,15680,1.182
1789652434.87851,15690,0,15690,1.182
1789652434.8846111,15700,0,15700,1.182
1789652434.891903,15710,0,15710,1.183
1789652434.9024065,15720,0,15720,1.183
1789652434.9105573,15730,0,15730,1.183
1789652434.918842,15740,0,15740,1.183
1789652434.9280941,15750,0,15750,1.183
1789652434.942593,15760,0,15760,1.183
1789652434.966085,15770,0,15770,1.183
1789652434.973637,15780,0,15780,1.183
1789652434.9820178,15790,0,15790,1.183
1789652434.9901469,15800,0,15800,1.183
1789652434.9966896,15810,0,15810,1.183
1789652435.0036278,15820,0,15820,1.183
1789652435.0102284,15830,0,15830,1.183
1789652435.0184512,15840,0,15840,1.182
1789652435.0265064,15850,0,15850,1.181
1789652435.033257,15860,0,15860,1.18
1789652435.0386467,15870,0,15870,1.18
1789652435.0440347,15880,0,15880,1.179
1789652435.049972,15890,0,15890,1.178
1789652435.0546203,15900,0,15900,1.177
1789652435.0585113,15910,0,15910,1.177
1789652435.063076,15920,0,15920,1.176
1789652435.0756636,15930,0,15930,1.175
1789652435.0939093,15940,0,15940,1.175
1789652435.099589,15950,0,15950,1.174
1789652435.1052475,15960,0,15960,1.173
1789652435.1119647,15970,0,15970,1.172
1789652435.1194973,15980,0,15980,1.172
1789652435.128871,15990,0,15990,1.171
1789652435.1342669,16000,0,16000,1.17
1789652435.1401997,16010,0,16010,1.169
1789652435.1457784,16020,0,16020,1.169
1789652435.150959,16030,0,16030,1.168
1789652435.1568773,16040,0,16040,1.167
1789652435.1620438,16050,0,16050,1.166
1789652435.1682985,16060,0,16060,1.166
1789652435.175009,16070,0,16070,1.165
1789652435.1807563,16080,0,16080,1.164
1789652435.185296,16090,0,16090,1.164
1789652435.1921716,16100,0,16100,1.163
1789652435.199182,16110,0,16110,1.162
1789652435.2073088,16120,0,16120,1.161
1789652435.2304153,16130,0,16130,1.161
1789652435.241173,16140,0,16140,1.16
1789652435.2685993,16150,0,16150,1.159
1789652435.2870862,16160,0,16160,1.159
1789652435.302092,16170,0,16170,1.158
1789652435.3109436,16180,0,16180,1.157
1789652435.3206193,16190,0,16190,1.156
1789652435.3295,16200,0,16200,1.156
1789652435.3392668,16210,0,16210,1.155
1789652435.3489451,16220,0,16220,1.154
1789652435.3572743,16230,0,16230,1.154
1789652435.3819764,16240,0,16240,1.153
1789652435.395463,16250,0,16250,1.152
1789652435.4036632,16260,0,16260,1.151
1789652435.4113371,16270,0,16270,1.151
1789652435.4181483,16280,0,16280,1.15
1789652435.4271035,16290,0,16290,1.149
1789652435.4365215,16300,0,16300,1.149
1789652435.443252,16310,0,16310,1.148
1789652435.4514625,16320,0,16320,1.147
1789652435.4592202,16330,0,16330,1.146
1789652435.4659882,16340,0,16340,1.146
1789652435.4728801,16350,0,16350,1.145
1789652435.4837189,16360,0,16360,1.144
1789652435.494359,16370,0,16370,1.144
1789652435.5217195,16380,0,16380,1.143
1789652435.5285428,16390,0,16390,1.142
1789652435.5340848,16400,0,16400,1.142
1789652435.539385,16410,0,16410,1.141
1789652435.5443153,16420,0,16420,1.14
1789652435.5538135,16430,0,16430,1.14
1789652435.5688443,16440,0,16440,1.139
1789652435.5779414,16450,0,16450,1.138
1789652435.5889857,16460,0,16460,1.137
1789652435.5995302,16470,0,16470,1.137
1789652435.6157045,16480,0,16480,1.136
1789652435.6260889,16490,0,16490,1.135
1789652435.6663747,16500,0,16500,1.135
1789652435.6998098,16510,0,16510,1.134
1789652435.7211103,16520,0,16520,1.133
1789652435.7322054,16530,0,16530,1.133
1789652435.7417948,16540,0,16540,1.132
1789652435.7492554,16550,0,16550,1.131
1789652435.7557817,16560,0,16560,1.131
1789652435.7633884,16570,0,16570,1.13
1789652435.7701442,16580,0,16580,1.129
1789652435.7770581,16590,0,16590,1.129
1789652435.7829967,16600,0,16600,1.128
1789652435.7894847,16610,0,16610,1.127
1789652435.7974226,16620,0,16620,1.127
1789652435.8132393,16630,0,16630,1.126
1789652435.8395758,16640,0,16640,1.125
1789652435.855617,16650,0,16650,1.124
1789652435.8774047,16660,0,16660,1.124
1789652435.8878465,16670,0,16670,1.123
1789652435.897203,16680,0,16680,1.122
1789652435.9056594,16690,0,16690,1.122
1789652435.913617,16700,0,16700,1.121
1789652435.9224865,16710,0,16710,1.12
1789652435.9317899,16720,0,16720,1.12
1789652435.937964,16730,0,16730,1.119
1789652435.944336,16740,0,16740,1.118
1789652435.9505112,16750,0,16750,1.118
1789652435.9569535,16760,0,16760,1.117
1789652435.9646573,16770,0,16770,1.116
1789652435.970707,16780,0,16780,1.116
1789652436.01062,16790,0,16790,1.115
1789652436.0252469,16800,0,16800,1.114
1789652436.0362837,16810,0,16810,1.114
1789652436.0472202,16820,0,16820,1.113
1789652436.0565023,16830,0,16830,1.112
1789652436.0637853,16840,0,16840,1.112
1789652436.0726924,16850,0,16850,1.111
1789652436.081665,16860,0,16860,1.11
1789652436.0943706,16870,0,16870,1.11
1789652436.109558,16880,0,16880,1.109
1789652436.133909,16890,0,16890,1.109
1789652436.158478,16900,0,16900,1.108
1789652436.1648383,16910,0,16910,1.107
1789652436.171305,16920,0,16920,1.107
1789652436.1775854,16930,0,16930,1.106
1789652436.1838794,16940,0,16940,1.105
1789652436.1917534,16950,0,16950,1.105
1789652436.197658,16960,0,16960,1.104
1789652436.2055771,16970,0,16970,1.103
1789652436.2121718,16980,0,16980,1.103
1789652436.224019,16990,0,16990,1.102
1789652436.2320533,17000,0,17000,1.101
1789652436.2394414,17010,0,17010,1.101
1789652436.2495072,17020,0,17020,1.1
1789652436.26581,17030,0,17030,1.099
1789652436.2785966,17040,0,17040,1.099
1789652436.2980356,17050,0,17050,1.098
1789652436.3075867,17060,0,17060,1.097
1789652436.3158927,17070,0,17070,1.097
1789652436.3296156,17080,0,17080,1.096
1789652436.3399591,17090,0,17090,1.096
1789652436.3511598,17100,0,17100,1.095
1789652436.3633428,17110,0,17110,1.094
1789652436.3706899,17120,0,17120,1.094
1789652436.3789163,17130,0,17130,1.093
1789652436.3842087,17140,0,17140,1.092
1789652436.39052,17150,0,17150,1.092
1789652436.4170113,17160,0,17160,1.091
1789652436.4528813,17170,0,17170,1.09
1789652436.4773848,17180,0,17180,1.09
1789652436.4954147,17190,0,17190,1.089
1789652436.5047455,17200,0,17200,1.089
1789652436.5133426,17210,0,17210,1.088
1789652436.5235095,17220,0,17220,1.087
1789652436.5336761,17230,0,17230,1.087
1789652436.5730345,17240,0,17240,1.086
1789652436.590749,17250,0,17250,1.085
1789652436.602707,17260,0,17260,1.085
1789652436.6124637,17270,0,17270,1.084
1789652436.622293,17280,0,17280,1.083
1789652436.6302536,17290,0,17290,1.083
1789652436.6376247,17300,0,17300,1.082
1789652436.6463501,17310,0,17310,1.082
1789652436.6549442,17320,0,17320,1.081
1789652436.6667495,17330,0,17330,1.08
1789652436.7038596,17340,0,17340,1.08
1789652436.711875,17350,0,17350,1.079
1789652436.7217922,17360,0,17360,1.079
1789652436.7306805,17370,0,17370,1.078
1789652436.7420442,17380,0,17380,1.077
1789652436.7550035,17390,0,17390,1.077
1789652436.7671251,17400,0,17400,1.076
1789652436.7789798,17410,0,17410,1.075
1789652436.796722,17420,0,17420,1.075
1789652436.8322046,17430,0,17430,1.074
1789652436.8473632,17440,0,17440,1.074
1789652436.8688233,17450,0,17450,1.073
1789652436.8857636,17460,0,17460,1.072
1789652436.9089637,17470,0,17470,1.072
1789652436.9469798,17480,0,17480,1.071
1789652436.9639142,17490,0,17490,1.07
1789652436.975668,17500,0,17500,1.07
1789652436.98818,17510,0,17510,1.069
1789652437.0079763,17520,0,17520,1.069
1789652437.0174465,17530,0,17530,1.069
1789652437.022045,17540,0,17540,1.069
1789652437.0254738,17550,0,17550,1.07
1789652437.0286918,17560,0,17560,1.07
1789652437.0323822,17570,0,17570,1.071
1789652437.035901,17580,0,17580,1.071
1789652437.0397415,17590,0,17590,1.072
1789652437.0432603,17600,0,17600,1.072
1789652437.0467577,17610,0,17610,1.072
1789652437.050721,17620,0,17620,1.073
1789652437.0544276,17630,0,17630,1.073
1789652437.0583656,17640,0,17640,1.073
1789652437.0619547,17650,0,17650,1.074
1789652437.0651407,17660,0,17660,1.074
1789652437.0683506,17670,0,17670,1.074
1789652437.0714557,17680,0,17680,1.074
1789652437.0745397,17690,0,17690,1.074
1789652437.0777075,17700,0,17700,1.074
1789652437.0811563,17710,0,17710,1.074
1789652437.084523,17720,0,17720,1.075
1789652437.087957,17730,0,17730,1.075
1789652437.0914798,17740,0,17740,1.075
1789652437.0954332,17750,0,17750,1.075
1789652437.0990965,17760,0,17760,1.074
1789652437.1028407,17770,0,17770,1.074
1789652437.1070518,17780,0,17780,1.074
1789652437.1116989,17790,0,17790,1.074
1789652437.1161764,17800,0,17800,1.074
1789652437.128612,17810,0,17810,1.074
1789652437.1376493,17820,0,17820,1.074
1789652437.144138,17830,0,17830,1.074
1789652437.1511812,17840,0,17840,1.073
1789652437.1568189,17850,0,17850,1.073
1789652437.1613927,17860,0,17860,1.073
1789652437.16628,17870,0,17870,1.073
1789652437.1716177,17880,0,17880,1.073
1789652437.1755795,17890,0,17890,1.073
1789652437.1795564,17900,0,17900,1.072
1789652437.1835406,17910,0,17910,1.072
1789652437.1881843,17920,0,17920,1.072
1789652437.1929529,17930,0,17930,1.072
1789652437.1969304,17940,0,17940,1.072
1789652437.2010758,17950,0,17950,1.072
1789652437.206363,17960,0,17960,1.071
1789652437.2109933,17970,0,17970,1.071
1789652437.2154984,17980,0,17980,1.071
1789652437.2202744,17990,0,17990,1.071
1789652437.227943,18000,0,18000,1.071
1789652437.2352648,18010,0,18010,1.07
1789652437.2411864,18020,0,18020,1.07
1789652437.2468386,18030,0,18030,1.07
1789652437.2530057,18040,0,18040,1.07
1789652437.2570436,18050,0,18050,1.07
1789652437.2611754,18060,0,18060,1.069
1789652437.2673585,18070,0,18070,1.069
1789652437.2744164,18080,0,18080,1.069
1789652437.2811723,18090,0,18090,1.069
1789652437.28762,18100,0,18100,1.069
1789652437.2939286,18110,0,18110,1.068
1789652437.299117,18120,0,18120,1.068
1789652437.3034103,18130,0,18130,1.068
1789652437.3076227,18140,0,18140,1.068
1789652437.311957,18150,0,18150,1.068
1789652437.3163474,18160,0,18160,1.067
1789652437.322895,18170,0,18170,1.067
1789652437.329886,18180,0,18180,1.067
1789652437.337219,18190,0,18190,1.067
1789652437.3432808,18200,0,18200,1.067
1789652437.3486974,18210,0,18210,1.066
1789652437.3550727,18220,0,18220,1.066
1789652437.3645475,18230,0,18230,1.066
1789652437.3727353,18240,0,18240,1.066
1789652437.37918,18250,0,18250,1.066
1789652437.3834321,18260,0,18260,1.065
1789652437.3885548,18270,0,18270,1.065
1789652437.3929338,18280,0,18280,1.065
1789652437.397091,18290,0,18290,1.065
1789652437.4024007,18300,0,18300,1.065
1789652437.4157515,18310,0,18310,1.064
1789652437.4289706,18320,0,18320,1.064
1789652437.4366539,18330,0,18330,1.064
1789652437.442326,18340,0,18340,1.064
1789652437.4471622,18350,0,18350,1.064
1789652437.4623504,18360,0,18360,1.063
1789652437.469176,18370,0,18370,1.063
1789652437.4783838,18380,0,18380,1.063
1789652437.4883723,18390,0,18390,1.063
1789652437.4977536,18400,0,18400,1.063
1789652437.5060463,18410,0,18410,1.062
1789652437.5141268,18420,0,18420,1.062
1789652437.5197442,18430,0,18430,1.062
1789652437.5285563,18440,0,18440,1.062
1789652437.5366461,18450,0,18450,1.061
1789652437.5542192,18460,0,18460,1.061
1789652437.5640054,18470,0,18470,1.061
1789652437.5715792,18480,0,18480,1.061
1789652437.5759103,18490,0,18490,1.061
1789652437.5802848,18500,0,18500,1.06
1789652437.58465,18510,0,18510,1.06
1789652437.5897875,18520,0,18520,1.06
1789652437.594647,18530,0,18530,1.06
1789652437.600393,18540,0,18540,1.06
1789652437.6058288,18550,0,18550,1.059
1789652437.6109889,18560,0,18560,1.059
1789652437.6192074,18570,0,18570,1.059
1789652437.6252613,18580,0,18580,1.059
1789652437.6311805,18590,0,18590,1.059
1789652437.638637,18600,0,18600,1.058
1789652437.6451812,18610,0,18610,1.058
1789652437.650676,18620,0,18620,1.058
1789652437.66557,18630,0,18630,1.057
1789652437.6742692,18640,0,18640,1.057
1789652437.682646,18650,0,18650,1.056
1789652438.2741325,18660,0,18660,1.056
1789652438.2830253,18670,0,18670,1.055
1789652438.2927122,18680,0,18680,1.055
1789652438.3148162,18690,0,18690,1.054
1789652438.3326483,18700,0,18700,1.053
1789652438.3646731,18710,0,18710,1.053
1789652438.3758693,18720,0,18720,1.052
1789652438.3887355,18730,0,18730,1.052
1789652438.3991418,18740,0,18740,1.051
1789652438.410277,18750,0,18750,1.051
1789652438.4186704,18760,0,18760,1.05
1789652438.427349,18770,0,18770,1.049
1789652438.4381359,18780,0,18780,1.049
1789652438.4490683,18790,0,18790,1.048
1789652438.4822636,18800,0,18800,1.048
1789652438.489624,18810,0,18810,1.047
1789652438.4957714,18820,0,18820,1.047
1789652438.506198,18830,0,18830,1.046
1789652438.5191243,18840,0,18840,1.046
1789652438.527985,18850,0,18850,1.045
1789652438.5371785,18860,0,18860,1.044
1789652438.544885,18870,0,18870,1.044
1789652438.5527995,18880,0,18880,1.043
1789652438.5674815,18890,0,18890,1.043
1789652438.5732203,18900,0,18900,1.042
1789652438.5972826,18910,0,18910,1.042
1789652438.6068137,18920,0,18920,1.041
1789652438.6201065,18930,0,18930,1.041
1789652438.634245,18940,0,18940,1.04
1789652438.6537406,18950,0,18950,1.039
1789652438.6798544,18960,0,18960,1.039
1789652438.6955073,18970,0,18970,1.038
1789652438.7363217,18980,0,18980,1.038
1789652438.7715623,18990,0,18990,1.037
1789652438.792988,19000,0,19000,1.037
1789652438.812626,19010,0,19010,1.036
1789652438.8346047,19020,0,19020,1.036
1789652438.8746097,19030,0,19030,1.035
1789652438.897636,19040,0,19040,1.035
1789652438.9101794,19050,0,19050,1.034
1789652438.9249332,19060,0,19060,1.033
1789652438.9403918,19070,0,19070,1.033
1789652438.9622514,19080,0,19080,1.032
1789652439.006822,19090,0,19090,1.032
1789652439.0160985,19100,0,19100,1.031
1789652439.0259168,19110,0,19110,1.031
1789652439.0390863,19120,0,19120,1.03
1789652439.0489142,19130,0,19130,1.03
1789652439.0577505,19140,0,19140,1.029
1789652439.083495,19150,0,19150,1.029
1789652439.102202,19160,0,19160,1.028
1789652439.1406183,19170,0,19170,1.028
1789652439.1612308,19180,0,19180,1.027
1789652439.1770236,19190,0,19190,1.026
1789652439.2117662,19200,0,19200,1.026
1789652439.6234004,19210,0,19210,1.025
1789652439.6537466,19220,0,19220,1.025
1789652439.6630208,19230,0,19230,1.025
1789652439.6682138,19240,0,19240,1.026
1789652439.6739912,19250,0,19250,1.026
1789652439.6816435,19260,0,19260,1.027
1789652439.6876135,19270,0,19270,1.027
1789652439.6924698,19280,0,19280,1.028
1789652439.697164,19290,0,19290,1.028
1789652439.7021487,19300,0,19300,1.029
1789652439.717209,19310,0,19310,1.029
1789652439.7221954,19320,0,19320,1.03
1789652439.7267535,19330,0,19330,1.031
1789652439.7313669,19340,0,19340,1.031
1789652439.740631,19350,0,19350,1.032
1789652439.7456102,19360,0,19360,1.032
1789652439.750561,19370,0,19370,1.033
1789652439.7555344,19380,0,19380,1.033
1789652439.7603736,19390,0,19390,1.034
1789652439.7655487,19400,0,19400,1.034
1789652439.7769222,19410,0,19410,1.035
1789652439.7820385,19420,0,19420,1.035
1789652439.7870877,19430,0,19430,1.036
1789652439.7937768,19440,0,19440,1.036
1789652439.8002295,19450,0,19450,1.037
1789652439.8060923,19460,0,19460,1.037
1789652439.8117783,19470,0,19470,1.038
1789652439.8170788,19480,0,19480,1.039
1789652439.821153,19490,0,19490,1.039
1789652439.8268685,19500,0,19500,1.04
1789652439.83389,19510,0,19510,1.04
1789652439.8400393,19520,0,19520,1.041
1789652439.8470888,19530,0,19530,1.041
1789652439.8552368,19540,0,19540,1.042
1789652439.8643725,19550,0,19550,1.042
1789652439.8736327,19560,0,19560,1.043
1789652439.880953,19570,0,19570,1.044
1789652439.8904192,19580,0,19580,1.044
1789652439.9005103,19590,0,19590,1.045
1789652439.9231317,19600,0,19600,1.045
1789652439.9425735,19610,0,19610,1.046
1789652439.9515681,19620,0,19620,1.046
1789652439.9650202,19630,0,19630,1.047
1789652439.9812093,19640,0,19640,1.048
1789652439.990273,19650,0,19650,1.048
1789652440.0093868,19660,0,19660,1.049
1789652440.019156,19670,0,19670,1.049
1789652440.0250475,19680,0,19680,1.05
1789652440.0320256,19690,0,19690,1.051
1789652440.0424962,19700,0,19700,1.051
1789652440.0494907,19710,0,19710,1.052
1789652440.054334,19720,0,19720,1.053
1789652440.060191,19730,0,19730,1.053
1789652440.0687907,19740,0,19740,1.054
1789652440.0766184,19750,0,19750,1.054
1789652440.0832393,19760,0,19760,1.055
1789652440.0896008,19770,0,19770,1.056
1789652440.0969987,19780,0,19780,1.056
1789652440.105538,19790,0,19790,1.057
1789652440.1128602,19800,0,19800,1.058
1789652440.1191761,19810,0,19810,1.058
1789652440.1259003,19820,0,19820,1.059
1789652440.133197,19830,0,19830,1.06
1789652440.1400316,19840,0,19840,1.06
1789652440.1471775,19850,0,19850,1.061
1789652440.1540794,19860,0,19860,1.062
1789652440.160276,19870,0,19870,1.062
1789652440.1684878,19880,0,19880,1.063
1789652440.1733885,19890,0,19890,1.063
1789652440.1780112,19900,0,19900,1.064
1789652440.1824822,19910,0,19910,1.065
1789652440.1870573,19920,0,19920,1.065
1789652440.2017684,19930,0,19930,1.066
1789652440.2108345,19940,0,19940,1.067
1789652440.2206545,19950,0,19950,1.067
1789652440.2335875,19960,0,19960,1.068
1789652440.2432523,19970,0,19970,1.069
1789652440.254126,19980,0,19980,1.07
1789652440.2671084,19990,0,19990,1.07
1789652440.2796328,20000,0,20000,1.071
1789652440.2941165,20010,0,20010,1.072
1789652440.3030431,20020,0,20020,1.072
1789652440.3153498,20030,0,20030,1.073
1789652440.3326795,20040,0,20040,1.074
1789652440.343951,20050,0,20050,1.074
1789652440.3503644,20060,0,20060,1.075
1789652440.3587208,20070,0,20070,1.076
1789652440.365757,20080,0,20080,1.077
1789652440.3705,20090,0,20090,1.077
1789652440.3780231,20100,0,20100,1.078
1789652440.3829422,20110,0,20110,1.079
1789652440.3876426,20120,0,20120,1.079
1789652440.3923633,20130,0,20130,1.08
1789652440.3972528,20140,0,20140,1.081
1789652440.4020388,20150,0,20150,1.082
1789652440.4066882,20160,0,20160,1.082
1789652440.4135013,20170,0,20170,1.083
1789652440.4183,20180,0,20180,1.084
1789652440.423441,20190,0,20190,1.084
1789652440.4281967,20200,0,20200,1.085
1789652440.432578,20210,0,20210,1.086
1789652440.4624286,20220,0,20220,1.087
1789652440.4779096,20230,0,20230,1.087
1789652440.485359,20240,0,20240,1.088
1789652440.4916964,20250,0,20250,1.089
1789652440.4965134,20260,0,20260,1.09
1789652440.5011084,20270,0,20270,1.09
1789652440.5057788,20280,0,20280,1.091
1789652440.509973,20290,0,20290,1.092
1789652440.5147588,20300,0,20300,1.093
1789652440.521003,20310,0,20310,1.093
1789652440.525562,20320,0,20320,1.094
1789652440.5319688,20330,0,20330,1.095
1789652440.5381186,20340,0,20340,1.096
1789652440.5442667,20350,0,20350,1.096
1789652440.5501926,20360,0,20360,1.097
1789652440.554345,20370,0,20370,1.098
1789652440.5585802,20380,0,20380,1.099
1789652440.562548,20390,0,20390,1.099
1789652440.56763,20400,0,20400,1.1
1789652440.5722466,20410,0,20410,1.101
1789652440.5766666,20420,0,20420,1.102
1789652440.5906699,20430,0,20430,1.102
1789652440.6011968,20440,0,20440,1.103
1789652440.609194,20450,0,20450,1.104
1789652440.6217418,20460,0,20460,1.105
1789652440.6290572,20470,0,20470,1.105
1789652440.6371162,20480,0,20480,1.106
1789652440.6489854,20490,0,20490,1.107
1789652440.6574879,20500,0,20500,1.108
1789652440.669273,20510,0,20510,1.109
1789652440.6772575,20520,0,20520,1.109
1789652440.687148,20530,0,20530,1.11
1789652440.7025044,20540,0,20540,1.111
1789652440.7107773,20550,0,20550,1.112
1789652440.7160428,20560,0,20560,1.113
1789652440.7220027,20570,0,20570,1.113
1789652440.7312577,20580,0,20580,1.114
1789652440.753109,20590,0,20590,1.115
1789652440.7632747,20600,0,20600,1.116
1789652440.773219,20610,0,20610,1.117
1789652440.7832778,20620,0,20620,1.118
1789652440.7940478,20630,0,20630,1.118
1789652440.8034823,20640,0,20640,1.119
1789652440.809934,20650,0,20650,1.12
1789652440.8173397,20660,0,20660,1.121
1789652440.8249807,20670,0,20670,1.122
1789652440.829771,20680,0,20680,1.123
1789652440.835396,20690,0,20690,1.123
1789652440.841938,20700,0,20700,1.124
1789652440.8481345,20710,0,20710,1.125
1789652440.8543043,20720,0,20720,1.126
1789652440.8607495,20730,0,20730,1.127
1789652440.8665621,20740,0,20740,1.128
1789652440.8728018,20750,0,20750,1.129
1789652440.8801987,20760,0,20760,1.129
1789652440.8845983,20770,0,20770,1.13
1789652440.8892605,20780,0,20780,1.131
1789652440.894306,20790,0,20790,1.132
1789652440.9006045,20800,0,20800,1.133
1789652440.9049187,20810,0,20810,1.134
1789652440.9117284,20820,0,20820,1.135
1789652440.9176881,20830,0,20830,1.135
1789652440.9251764,20840,0,20840,1.136
1789652440.9315436,20850,0,20850,1.137
1789652440.947804,20860,0,20860,1.138
1789652440.9559913,20870,0,20870,1.139
1789652440.9613407,20880,0,20880,1.14
1789652440.9691875,20890,0,20890,1.141
1789652440.9738328,20900,0,20900,1.141
1789652440.978303,20910,0,20910,1.142
1789652440.9834335,20920,0,20920,1.143
1789652440.9896042,20930,0,20930,1.144
1789652441.0003605,20940,0,20940,1.145
1789652441.006235,20950,0,20950,1.146
1789652441.0108635,20960,0,20960,1.147
1789652441.0152228,20970,0,20970,1.148
1789652441.0202446,20980,0,20980,1.149
1789652441.0248733,20990,0,20990,1.149
1789652441.0294547,21000,0,21000,1.15
1789652441.0369043,21010,0,21010,1.151
1789652441.0451658,21020,0,21020,1.152
1789652441.057566,21030,0,21030,1.153
1789652441.0670784,21040,0,21040,1.154
1789652441.0724454,21050,0,21050,1.155
1789652441.0783706,21060,0,21060,1.156
1789652441.0871477,21070,0,21070,1.157
1789652441.093593,21080,0,21080,1.157
1789652441.1039984,21090,0,21090,1.158
1789652441.1189973,21100,0,21100,1.159
1789652441.129316,21110,0,21110,1.16
1789652441.1405685,21120,0,21120,1.161
1789652441.147252,21130,0,21130,1.162
1789652441.1531782,21140,0,21140,1.163
1789652441.1596286,21150,0,21150,1.164
1789652441.168274,21160,0,21160,1.165
1789652441.174311,21170,0,21170,1.166
1789652441.1800482,21180,0,21180,1.167
1789652441.185064,21190,0,21190,1.168
1789652441.1924,21200,0,21200,1.168
1789652441.2027493,21210,0,21210,1.169
1789652441.207256,21220,0,21220,1.17
1789652441.2119215,21230,0,21230,1.171
1789652441.2171621,21240,0,21240,1.172
1789652441.2244747,21250,0,21250,1.173
1789652441.2319403,21260,0,21260,1.174
1789652441.2386594,21270,0,21270,1.175
1789652441.2461789,21280,0,21280,1.176
1789652441.2603111,21290,0,21290,1.177
1789652441.2668319,21300,0,21300,1.178
1789652441.2766845,21310,0,21310,1.179
1789652441.2827976,21320,0,21320,1.18
1789652441.2886307,21330,0,21330,1.181
1789652441.2936878,21340,0,21340,1.182
1789652441.298101,21350,0,21350,1.183
1789652441.3033679,21360,0,21360,1.183
1789652441.3078198,21370,0,21370,1.184
1789652441.3118958,21380,0,21380,1.185
1789652441.3171303,21390,0,21390,1.186
1789652441.3220532,21400,0,21400,1.187
1789652441.3261688,21410,0,21410,1.188
1789652441.3308873,21420,0,21420,1.189
1789652441.335217,21430,0,21430,1.19
1789652441.3395941,21440,0,21440,1.191
1789652441.3436325,21450,0,21450,1.192
1789652441.3487024,21460,0,21460,1.193
1789652441.3529782,21470,0,21470,1.194
1789652441.357086,21480,0,21480,1.195
1789652441.3618631,21490,0,21490,1.196
1789652441.368553,21500,0,21500,1.197
1789652441.3771224,21510,0,21510,1.198
1789652441.382492,21520,0,21520,1.199
1789652441.3958793,21530,0,21530,1.2
1789652441.407003,21540,0,21540,1.201
1789652441.4162517,21550,0,21550,1.202
1789652441.4241507,21560,0,21560,1.203
1789652441.4311886,21570,0,21570,1.204
1789652441.4376783,21580,0,21580,1.205
1789652441.4433649,21590,0,21590,1.205
1789652441.4477983,21600,0,21600,1.206
1789652441.4526203,21610,0,21610,1.207
1789652441.4573603,21620,0,21620,1.208
1789652441.4616268,21630,0,21630,1.209
1789652441.4659953,21640,0,21640,1.21
1789652441.4701593,21650,0,21650,1.211
1789652441.4763198,21660,0,21660,1.212
1789652441.4828467,21670,0,21670,1.213
1789652441.4901485,21680,0,21680,1.214
1789652441.4966202,21690,0,21690,1.215
1789652441.5039678,21700,0,21700,1.216
1789652441.5093322,21710,0,21710,1.217
1789652441.5139885,21720,0,21720,1.218
1789652441.5199435,21730,0,21730,1.219
1789652441.5368707,21740,0,21740,1.22
1789652441.5468943,21750,0,21750,1.221
1789652441.5616055,21760,0,21760,1.222
1789652441.5712824,21770,0,21770,1.223
1789652441.5812705,21780,0,21780,1.224
1789652441.5868485,21790,0,21790,1.225
1789652441.591764,21800,0,21800,1.226
1789652441.6010902,21810,0,21810,1.227
1789652441.6074848,21820,0,21820,1.228
1789652441.6142359,21830,0,21830,1.229
1789652441.6214745,21840,0,21840,1.23
1789652441.6319227,21850,0,21850,1.231
1789652441.644482,21860,0,21860,1.232
1789652441.6505146,21870,0,21870,1.233
1789652441.6617537,21880,0,21880,1.234
1789652441.667233,21890,0,21890,1.235
1789652441.6738017,21900,0,21900,1.236
1789652441.6833296,21910,0,21910,1.237
1789652441.6920831,21920,0,21920,1.239
1789652441.7100034,21930,0,21930,1.24
1789652441.7149348,21940,0,21940,1.241
1789652441.7267666,21950,0,21950,1.242
1789652441.732226,21960,0,21960,1.243
1789652441.7398102,21970,0,21970,1.244
1789652441.7444909,21980,0,21980,1.245
1789652441.7489934,21990,0,21990,1.246
1789652441.7537513,22000,0,22000,1.247
1789652441.7582095,22010,0,22010,1.248
1789652441.7625265,22020,0,22020,1.249
1789652441.7669132,22030,0,22030,1.25
1789652441.7719915,22040,0,22040,1.251
1789652441.77631,22050,0,22050,1.252
1789652441.782806,22060,0,22060,1.253
1789652441.7879853,22070,0,22070,1.254
1789652441.7926598,22080,0,22080,1.255
1789652441.7971625,22090,0,22090,1.256
1789652441.8035119,22100,0,22100,1.257
1789652441.8142107,22110,0,22110,1.259
1789652441.8238537,22120,0,22120,1.26
1789652441.8311768,22130,0,22130,1.261
1789652441.835762,22140,0,22140,1.262
1789652441.8401923,22150,0,22150,1.263
1789652441.845014,22160,0,22160,1.264
1789652441.8499453,22170,0,22170,1.265
1789652441.8542829,22180,0,22180,1.266
1789652441.858486,22190,0,22190,1.267
1789652441.8633585,22200,0,22200,1.268
1789652441.868077,22210,0,22210,1.269
1789652441.8722377,22220,0,22220,1.27
1789652441.876711,22230,0,22230,1.271
1789652441.8818312,22240,0,22240,1.272
1789652441.8861232,22250,0,22250,1.273
1789652441.890251,22260,0,22260,1.274
1789652441.8967316,22270,0,22270,1.276
1789652441.90349,22280,0,22280,1.277
1789652441.9077058,22290,0,22290,1.278
1789652441.912517,22300,0,22300,1.279
1789652441.9172127,22310,0,22310,1.28
1789652441.9221313,22320,0,22320,1.281
1789652441.927023,22330,0,22330,1.282
1789652441.9323525,22340,0,22340,1.283
1789652441.9401495,22350,0,22350,1.284
1789652441.961821,22360,0,22360,1.285
1789652441.970415,22370,0,22370,1.286
1789652441.9800882,22380,0,22380,1.287
1789652441.9889388,22390,0,22390,1.288
1789652441.9958966,22400,0,22400,1.289
1789652442.0008628,22410,0,22410,1.29
1789652442.0090551,22420,0,22420,1.292
1789652442.0162163,22430,0,22430,1.293
1789652442.0212731,22440,0,22440,1.294
1789652442.026103,22450,0,22450,1.295
1789652442.0308056,22460,0,22460,1.296
1789652442.040568,22470,0,22470,1.297
1789652442.0467904,22480,0,22480,1.298
1789652442.0579872,22490,0,22490,1.299
1789652442.0716062,22500,0,22500,1.3
1789652442.0824294,22510,0,22510,1.301
1789652442.0924733,22520,0,22520,1.302
1789652442.1060023,22530,0,22530,1.303
1789652442.11528,22540,0,22540,1.304
1789652442.1239946,22550,0,22550,1.306
1789652442.134358,22560,0,22560,1.307
1789652442.1415005,22570,0,22570,1.308
1789652442.1587515,22580,0,22580,1.309
1789652442.1931186,22590,0,22590,1.31
1789652442.2047892,22600,0,22600,1.311
1789652442.2122977,22610,0,22610,1.312
1789652442.2188618,22620,0,22620,1.313
1789652442.225596,22630,0,22630,1.314
1789652442.2328324,22640,0,22640,1.315
1789652442.2389572,22650,0,22650,1.317
1789652442.2464628,22660,0,22660,1.318
1789652442.2524376,22670,0,22670,1.319
1789652442.2592711,22680,0,22680,1.32
1789652442.2638614,22690,0,22690,1.321
1789652442.2687137,22700,0,22700,1.322
1789652442.273091,22710,0,22710,1.323
1789652442.2774882,22720,0,22720,1.324
1789652442.2823687,22730,0,22730,1.325
1789652442.286884,22740,0,22740,1.327
1789652442.291344,22750,0,22750,1.328
1789652442.2965555,22760,0,22760,1.329
1789652442.3029082,22770,0,22770,1.33
1789652442.3098571,22780,0,22780,1.331
1789652442.3192296,22790,0,22790,1.332
1789652442.3378668,22800,0,22800,1.333
1789652442.3500192,22810,0,22810,1.334
1789652442.363893,22820,0,22820,1.335
1789652442.3723927,22830,0,22830,1.337
1789652442.3826575,22840,0,22840,1.338
1789652442.3941612,22850,0,22850,1.339
1789652442.4037578,22860,0,22860,1.34
1789652442.4141932,22870,0,22870,1.341
1789652442.4243414,22880,0,22880,1.342
1789652442.4362626,22890,0,22890,1.343
1789652442.4451525,22900,0,22900,1.344
1789652442.4577534,22910,0,22910,1.345
1789652442.4757535,22920,0,22920,1.347
1789652442.4846,22930,0,22930,1.348
1789652442.4923368,22940,0,22940,1.349
1789652442.4987845,22950,0,22950,1.35
1789652442.5032344,22960,0,22960,1.351
1789652442.5078375,22970,0,22970,1.352
1789652442.51366,22980,0,22980,1.353
1789652442.5203044,22990,0,22990,1.355
1789652442.5272243,23000,0,23000,1.356
1789652442.5341582,23010,0,23010,1.357
1789652442.5409293,23020,0,23020,1.358
1789652442.5461264,23030,0,23030,1.359
1789652442.5505807,23040,0,23040,1.36
1789652442.5551376,23050,0,23050,1.361
1789652442.5598767,23060,0,23060,1.362
1789652442.5643635,23070,0,23070,1.363
1789652442.5694048,23080,0,23080,1.365
1789652442.5756276,23090,0,23090,1.366
1789652442.5802243,23100,0,23100,1.367
1789652442.5845675,23110,0,23110,1.368
1789652442.591007,23120,0,23120,1.369
1789652442.6127925,23130,0,23130,1.37
1789652442.6265304,23140,0,23140,1.371
1789652442.63796,23150,0,23150,1.372
1789652442.6473105,23160,0,23160,1.374
1789652442.6631193,23170,0,23170,1.375
1789652442.6705158,23180,0,23180,1.376
1789652442.684642,23190,0,23190,1.377
1789652442.6950514,23200,0,23200,1.378
1789652442.7193913,23210,0,23210,1.379
1789652442.7277837,23220,0,23220,1.38
1789652442.7367117,23230,0,23230,1.382
1789652442.7472985,23240,0,23240,1.383
1789652442.7579978,23250,0,23250,1.384
1789652442.7691393,23260,0,23260,1.385
1789652442.7777154,23270,0,23270,1.386
1789652442.7851756,23280,0,23280,1.387
1789652442.792048,23290,0,23290,1.388
1789652442.79853,23300,0,23300,1.389
1789652442.805384,23310,0,23310,1.391
1789652442.8144557,23320,0,23320,1.392
1789652442.8231795,23330,0,23330,1.393
1789652442.8346398,23340,0,23340,1.394
1789652442.8535573,23350,0,23350,1.395
1789652442.8603287,23360,0,23360,1.396
1789652442.8710551,23370,0,23370,1.397
1789652442.8874876,23380,0,23380,1.398
1789652442.8923905,23390,0,23390,1.399
1789652442.898027,23400,0,23400,1.401
1789652442.9029706,23410,0,23410,1.402
1789652442.907618,23420,0,23420,1.403
1789652442.912817,23430,0,23430,1.404
1789652442.9174597,23440,0,23440,1.405
1789652442.9218976,23450,0,23450,1.406
1789652442.9266117,23460,0,23460,1.407
1789652442.9314096,23470,0,23470,1.408
1789652442.9357417,23480,0,23480,1.409
1789652442.9403586,23490,0,23490,1.41
1789652442.9456172,23500,0,23500,1.411
1789652442.9526412,23510,0,23510,1.413
1789652442.9595046,23520,0,23520,1.414
1789652442.9691367,23530,0,23530,1.415
1789652442.9756515,23540,0,23540,1.416
1789652442.9823146,23550,0,23550,1.417
1789652442.9907935,23560,0,23560,1.418
1789652443.0070877,23570,0,23570,1.419
1789652443.0120776,23580,0,23580,1.42
1789652443.0207224,23590,0,23590,1.421
1789652443.0258238,23600,0,23600,1.422
1789652443.0323086,23610,0,23610,1.423
1789652443.0387087,23620,0,23620,1.424
1789652443.0455809,23630,0,23630,1.426
1789652443.0506604,23640,0,23640,1.427
1789652443.055974,23650,0,23650,1.428
1789652443.0606823,23660,0,23660,1.429
1789652443.0669012,23670,0,23670,1.43
1789652443.0742767,23680,0,23680,1.431
1789652443.083658,23690,0,23690,1.432
1789652443.091816,23700,0,23700,1.433
1789652443.1003125,23710,0,23710,1.434
1789652443.107512,23720,0,23720,1.435
1789652443.1147447,23730,0,23730,1.436
1789652443.1199262,23740,0,23740,1.437
1789652443.1248515,23750,0,23750,1.439
1789652443.1323547,23760,0,23760,1.44
1789652443.1409721,23770,0,23770,1.441
1789652443.1476705,23780,0,23780,1.442
1789652443.1537783,23790,0,23790,1.443
1789652443.1601872,23800,0,23800,1.444
1789652443.1646147,23810,0,23810,1.445
1789652443.1691763,23820,0,23820,1.446
1789652443.1740634,23830,0,23830,1.447
1789652443.181432,23840,0,23840,1.448
1789652443.188387,23850,0,23850,1.449
1789652443.195674,23860,0,23860,1.451
1789652443.2029645,23870,0,23870,1.452
1789652443.2093158,23880,0,23880,1.453
1789652443.2165425,23890,0,23890,1.454
1789652443.2305171,23900,0,23900,1.455
1789652443.240343,23910,0,23910,1.456
1789652443.2500203,23920,0,23920,1.457
1789652443.258177,23930,0,23930,1.458
1789652443.2653587,23940,0,23940,1.459
1789652443.2738903,23950,0,23950,1.46
1789652443.278587,23960,0,23960,1.461
1789652443.2865815,23970,0,23970,1.463
1789652443.2953784,23980,0,23980,1.464
1789652443.303807,23990,0,23990,1.465
1789652443.3121185,24000,0,24000,1.466
1789652443.3236449,24010,0,24010,1.467
1789652443.3325844,24020,0,24020,1.468
1789652443.340591,24030,0,24030,1.469
1789652443.350138,24040,0,24040,1.47
1789652443.3650453,24050,0,24050,1.471
1789652443.3758802,24060,0,24060,1.473
1789652443.3883424,24070,0,24070,1.474
1789652443.4105947,24080,0,24080,1.475
1789652443.4201224,24090,0,24090,1.476
1789652443.427509,24100,0,24100,1.477
1789652443.436882,24110,0,24110,1.478
1789652443.4436016,24120,0,24120,1.479
1789652443.4492738,24130,0,24130,1.48
1789652443.455875,24140,0,24140,1.482
1789652443.4608324,24150,0,24150,1.483
1789652443.4656415,24160,0,24160,1.484
1789652443.4704747,24170,0,24170,1.485
1789652443.4763641,24180,0,24180,1.486
1789652443.4818702,24190,0,24190,1.487
1789652443.4871957,24200,0,24200,1.488
1789652443.492377,24210,0,24210,1.49
1789652443.4969826,24220,0,24220,1.491
1789652443.5015347,24230,0,24230,1.492
1789652443.506509,24240,0,24240,1.493
1789652443.5112536,24250,0,24250,1.494
1789652443.518676,24260,0,24260,1.495
1789652443.5330248,24270,0,24270,1.497
1789652443.545822,24280,0,24280,1.498
1789652443.555129,24290,0,24290,1.499
1789652443.5622578,24300,0,24300,1.5
1789652443.5685704,24310,0,24310,1.501
1789652443.5743866,24320,0,24320,1.502
1789652443.579231,24330,0,24330,1.503
1789652443.584436,24340,0,24340,1.505
1789652443.5894384,24350,0,24350,1.506
1789652443.594154,24360,0,24360,1.507
1789652443.6001441,24370,0,24370,1.508
1789652443.6096327,24380,0,24380,1.509
1789652443.6167839,24390,0,24390,1.51
1789652443.6216674,24400,0,24400,1.512
1789652443.6279094,24410,0,24410,1.513
1789652443.6360152,24420,0,24420,1.514
1789652443.6405678,24430,0,24430,1.515
1789652443.6477184,24440,0,24440,1.516
1789652443.6562405,24450,0,24450,1.517
1789652443.662781,24460,0,24460,1.519
1789652443.6739752,24470,0,24470,1.52
1789652443.6832592,24480,0,24480,1.521
1789652443.6902356,24490,0,24490,1.522
1789652443.6994796,24500,0,24500,1.523
1789652443.7063637,24510,0,24510,1.524
1789652443.7143917,24520,0,24520,1.526
1789652443.7191963,24530,0,24530,1.527
1789652443.724854,24540,0,24540,1.528
1789652443.7296195,24550,0,24550,1.529
1789652443.7343624,24560,0,24560,1.53
1789652443.74236,24570,0,24570,1.531
1789652443.7476196,24580,0,24580,1.533
1789652443.7524338,24590,0,24590,1.534
1789652443.7579417,24600,0,24600,1.535
1789652443.766028,24610,0,24610,1.536
1789652443.776081,24620,0,24620,1.537
1789652443.7840772,24630,0,24630,1.539
1789652443.791456,24640,0,24640,1.54
1789652443.798886,24650,0,24650,1.541
1789652443.8039231,24660,0,24660,1.542
1789652443.8088548,24670,0,24670,1.543
1789652443.8158784,24680,0,24680,1.545
1789652443.821225,24690,0,24690,1.546
1789652443.8259814,24700,0,24700,1.547
1789652443.8310728,24710,0,24710,1.548
1789652443.8354838,24720,0,24720,1.549
1789652443.8397064,24730,0,24730,1.551
1789652443.8467078,24740,0,24740,1.552
1789652443.8520048,24750,0,24750,1.553
1789652443.8573477,24760,0,24760,1.554
1789652443.8641078,24770,0,24770,1.555
1789652443.8702996,24780,0,24780,1.556
1789652443.8776672,24790,0,24790,1.558
1789652443.8828723,24800,0,24800,1.559
1789652443.8948522,24810,0,24810,1.56
1789652443.90568,24820,0,24820,1.561
1789652443.9131553,24830,0,24830,1.562
1789652443.921076,24840,0,24840,1.564
1789652443.9280064,24850,0,24850,1.565
1789652443.9363472,24860,0,24860,1.566
1789652443.9445078,24870,0,24870,1.567
1789652443.9519477,24880,0,24880,1.569
1789652443.9661927,24890,0,24890,1.57
1789652443.9790423,24900,0,24900,1.571
1789652443.988568,24910,0,24910,1.572
1789652444.003057,24920,0,24920,1.573
1789652444.015234,24930,0,24930,1.575
1789652444.0253544,24940,0,24940,1.576
1789652444.0327427,24950,0,24950,1.577
1789652444.04366,24960,0,24960,1.578
1789652444.0536711,24970,0,24970,1.579
1789652444.0605612,24980,0,24980,1.581
1789652444.07378,24990,0,24990,1.582
1789652444.0856428,25000,0,25000,1.583
1789652444.1124752,25010,0,25010,1.584
1789652444.1242826,25020,0,25020,1.586
1789652444.1325579,25030,0,25030,1.587
1789652444.141137,25040,0,25040,1.588
1789652444.149774,25050,0,25050,1.589
1789652444.156105,25060,0,25060,1.591
1789652444.1641912,25070,0,25070,1.592
1789652444.1710026,25080,0,25080,1.593
1789652444.1764917,25090,0,25090,1.594
1789652444.181758,25100,0,25100,1.596
1789652444.186347,25110,0,25110,1.597
1789652444.19173,25120,0,25120,1.598
1789652444.196295,25130,0,25130,1.599
1789652444.200843,25140,0,25140,1.601
1789652444.2055562,25150,0,25150,1.602
1789652444.210146,25160,0,25160,1.603
1789652444.2143953,25170,0,25170,1.604
1789652444.2192426,25180,0,25180,1.606
1789652444.223947,25190,0,25190,1.607
1789652444.2282705,25200,0,25200,1.608
1789652444.2338693,25210,0,25210,1.609
1789652444.2437966,25220,0,25220,1.611
1789652444.2542484,25230,0,25230,1.612
1789652444.2684042,25240,0,25240,1.613
1789652444.2763617,25250,0,25250,1.614
1789652444.288318,25260,0,25260,1.616
1789652444.2954242,25270,0,25270,1.617
1789652444.3044472,25280,0,25280,1.618
1789652444.311782,25290,0,25290,1.619
1789652444.320552,25300,0,25300,1.621
1789652444.3286986,25310,0,25310,1.622
1789652444.337216,25320,0,25320,1.623
1789652444.3449779,25330,0,25330,1.625
1789652444.3543265,25340,0,25340,1.626
1789652444.3614519,25350,0,25350,1.627
1789652444.3719156,25360,0,25360,1.628
1789652444.3827925,25370,0,25370,1.63
1789652444.3958046,25380,0,25380,1.631
1789652444.4019394,25390,0,25390,1.632
1789652444.4147344,25400,0,25400,1.633
1789652444.4226642,25410,0,25410,1.635
1789652444.4282625,25420,0,25420,1.636
1789652444.4372761,25430,0,25430,1.637
1789652444.4445243,25440,0,25440,1.639
1789652444.4532912,25450,0,25450,1.64
1789652444.4594183,25460,0,25460,1.641
1789652444.4678872,25470,0,25470,1.642
1789652444.4745216,25480,0,25480,1.644
1789652444.4794252,25490,0,25490,1.645
1789652444.4861152,25500,0,25500,1.646
1789652444.4919279,25510,0,25510,1.648
1789652444.4967163,25520,0,25520,1.649
1789652444.5035632,25530,0,25530,1.65
1789652444.5102184,25540,0,25540,1.651
1789652444.516281,25550,0,25550,1.653
1789652444.5226858,25560,0,25560,1.654
1789652444.52742,25570,0,25570,1.655
1789652444.5323725,25580,0,25580,1.657
1789652444.5421233,25590,0,25590,1.658
1789652444.5534956,25600,0,25600,1.659
1789652444.561722,25610,0,25610,1.661
1789652444.5728166,25620,0,25620,1.662
1789652444.5837266,25630,0,25630,1.663
1789652444.5936198,25640,0,25640,1.664
1789652444.6035283,25650,0,25650,1.666
1789652444.6201854,25660,0,25660,1.667
1789652444.6285903,25670,0,25670,1.668
1789652444.6359396,25680,0,25680,1.67
1789652444.6439629,25690,0,25690,1.671
1789652444.6534865,25700,0,25700,1.672
1789652444.6615667,25710,0,25710,1.674
1789652444.66945,25720,0,25720,1.675
1789652444.6786103,25730,0,25730,1.676
1789652444.686825,25740,0,25740,1.678
1789652444.6936052,25750,0,25750,1.679
1789652444.7002637,25760,0,25760,1.68
1789652444.7271607,25770,0,25770,1.682
1789652444.7467132,25780,0,25780,1.683
1789652444.7635715,25790,0,25790,1.684
1789652444.7753055,25800,0,25800,1.686
1789652444.7885182,25810,0,25810,1.687
1789652444.8005245,25820,0,25820,1.688
1789652444.811444,25830,0,25830,1.69
1789652444.8225574,25840,0,25840,1.691
1789652444.8286178,25850,0,25850,1.693
1789652444.838603,25860,0,25860,1.694
1789652444.844428,25870,0,25870,1.695
1789652444.8611443,25880,0,25880,1.697
1789652444.8669531,25890,0,25890,1.698
1789652444.8731065,25900,0,25900,1.699
1789652444.8781292,25910,0,25910,1.701
1789652444.8877904,25920,0,25920,1.701
1789652444.8953156,25930,0,25930,1.7
1789652444.9022355,25940,0,25940,1.699
1789652444.9093108,25950,0,25950,1.699
1789652444.916043,25960,0,25960,1.698
1789652444.922202,25970,0,25970,1.697
1789652444.9368021,25980,0,25980,1.697
1789652444.9631212,25990,0,25990,1.696
1789652444.9742105,26000,0,26000,1.695
1789652444.981556,26010,0,26010,1.695
1789652444.994395,26020,0,26020,1.694
1789652445.0050511,26030,0,26030,1.694
1789652445.0120542,26040,0,26040,1.693
1789652445.0242176,26050,0,26050,1.692
1789652445.0349774,26060,0,26060,1.692
1789652445.0443377,26070,0,26070,1.691
1789652445.0537224,26080,0,26080,1.69
1789652445.0624182,26090,0,26090,1.69
1789652445.070901,26100,0,26100,1.689
1789652445.0959225,26110,0,26110,1.688
1789652445.1134813,26120,0,26120,1.688
1789652445.1240957,26130,0,26130,1.687
1789652445.1365604,26140,0,26140,1.686
1789652445.1466534,26150,0,26150,1.686
1789652445.1591542,26160,0,26160,1.685
1789652445.1675613,26170,0,26170,1.684
1789652445.1758695,26180,0,26180,1.684
1789652445.1820562,26190,0,26190,1.683
1789652445.1888778,26200,0,26200,1.683
1789652445.197314,26210,0,26210,1.682
1789652445.2058003,26220,0,26220,1.681
1789652445.2135582,26230,0,26230,1.681
1789652445.2305567,26240,0,26240,1.68
1789652445.2422962,26250,0,26250,1.679
1789652445.2533264,26260,0,26260,1.679
1789652445.2629964,26270,0,26270,1.678
1789652445.272193,26280,0,26280,1.677
1789652445.280733,26290,0,26290,1.677
1789652445.287814,26300,0,26300,1.676
1789652445.2945447,26310,0,26310,1.675
1789652445.3021662,26320,0,26320,1.675
1789652445.3081286,26330,0,26330,1.674
1789652445.31539,26340,0,26340,1.674
1789652445.3312852,26350,0,26350,1.673
1789652445.3586898,26360,0,26360,1.672
1789652445.381541,26370,0,26370,1.672
1789652445.3921578,26380,0,26380,1.671
1789652445.4012825,26390,0,26390,1.67
1789652445.4125016,26400,0,26400,1.67
1789652445.4256573,26410,0,26410,1.669
1789652445.442895,26420,0,26420,1.669
1789652445.4531548,26430,0,26430,1.668
1789652445.469291,26440,0,26440,1.667
1789652445.4970133,26450,0,26450,1.667
1789652445.506235,26460,0,26460,1.666
1789652445.5145028,26470,0,26470,1.665
1789652445.5224779,26480,0,26480,1.665
1789652445.529014,26490,0,26490,1.664
1789652445.5364926,26500,0,26500,1.663
1789652445.5430703,26510,0,26510,1.663
1789652445.551164,26520,0,26520,1.662
1789652445.559563,26530,0,26530,1.662
1789652445.5684917,26540,0,26540,1.661
1789652445.5839357,26550,0,26550,1.66
1789652445.5941806,26560,0,26560,1.66
1789652445.6166284,26570,0,26570,1.659
1789652445.625569,26580,0,26580,1.658
1789652445.635944,26590,0,26590,1.658
1789652445.6452446,26600,0,26600,1.657
1789652445.6523414,26610,0,26610,1.657
1789652445.6626592,26620,0,26620,1.656
1789652445.6750934,26630,0,26630,1.655
1789652445.691856,26640,0,26640,1.655
1789652445.7129662,26650,0,26650,1.654
1789652445.7281384,26660,0,26660,1.654
1789652445.7647803,26670,0,26670,1.653
1789652445.7771306,26680,0,26680,1.652
1789652445.789425,26690,0,26690,1.652
1789652445.8042579,26700,0,26700,1.651
1789652445.8257673,26710,0,26710,1.65
1789652445.837476,26720,0,26720,1.65
1789652445.8528652,26730,0,26730,1.649
1789652445.8693407,26740,0,26740,1.649
1789652445.8899562,26750,0,26750,1.648
1789652445.899533,26760,0,26760,1.647
1789652445.9094489,26770,0,26770,1.647
1789652445.9172304,26780,0,26780,1.646
1789652445.9284863,26790,0,26790,1.645
1789652445.9364533,26800,0,26800,1.645
1789652445.9485526,26810,0,26810,1.644
1789652445.95606,26820,0,26820,1.644
1789652445.9651709,26830,0,26830,1.643
1789652445.9741657,26840,0,26840,1.642
1789652445.9814055,26850,0,26850,1.642
1789652445.9979649,26860,0,26860,1.641
1789652446.012089,26870,0,26870,1.641
1789652446.0245059,26880,0,26880,1.64
1789652446.0323884,26890,0,26890,1.639
1789652446.0410018,26900,0,26900,1.639
1789652446.0540679,26910,0,26910,1.638
1789652446.0618348,26920,0,26920,1.638
1789652446.0725658,26930,0,26930,1.637
1789652446.0825014,26940,0,26940,1.636
1789652446.0932748,26950,0,26950,1.636
1789652446.1085877,26960,0,26960,1.635
1789652446.1234,26970,0,26970,1.635
1789652446.156324,26980,0,26980,1.634
1789652446.1708226,26990,0,26990,1.633
1789652446.1796777,27000,0,27000,1.633
1789652446.1910107,27010,0,27010,1.632
1789652446.208188,27020,0,27020,1.631
1789652446.2173328,27030,0,27030,1.631
1789652446.2287273,27040,0,27040,1.63
1789652446.2435946,27050,0,27050,1.63
1789652446.252979,27060,0,27060,1.629
1789652446.2683213,27070,0,27070,1.628
1789652446.280476,27080,0,27080,1.628
1789652446.2888396,27090,0,27090,1.627
1789652446.296829,27100,0,27100,1.627
1789652446.3048713,27110,0,27110,1.626
1789652446.3137279,27120,0,27120,1.625
1789652446.3230274,27130,0,27130,1.625
1789652446.3306282,27140,0,27140,1.624
1789652446.339007,27150,0,27150,1.624
1789652446.3487794,27160,0,27160,1.623
1789652446.3582342,27170,0,27170,1.622
1789652446.366579,27180,0,27180,1.622
1789652446.3836477,27190,0,27190,1.621
1789652446.3919828,27200,0,27200,1.621
1789652446.3992507,27210,0,27210,1.62
1789652446.406337,27220,0,27220,1.619
1789652446.4174495,27230,0,27230,1.619
1789652446.4328368,27240,0,27240,1.618
1789652446.4427226,27250,0,27250,1.618
1789652446.4497511,27260,0,27260,1.617
1789652446.4573722,27270,0,27270,1.617
1789652446.466186,27280,0,27280,1.616
1789652446.4753318,27290,0,27290,1.615
1789652446.4862487,27300,0,27300,1.615
1789652446.5028975,27310,0,27310,1.614
1789652446.5184283,27320,0,27320,1.614
1789652446.5334585,27330,0,27330,1.613
1789652446.548483,27340,0,27340,1.612
1789652446.5591383,27350,0,27350,1.612
1789652446.5678146,27360,0,27360,1.611
1789652446.5763865,27370,0,27370,1.611
1789652446.5846293,27380,0,27380,1.61
1789652446.5939033,27390,0,27390,1.609
1789652446.6037228,27400,0,27400,1.609
1789652446.638261,27410,0,27410,1.608
1789652446.652815,27420,0,27420,1.608
1789652446.666652,27430,0,27430,1.607
1789652446.674923,27440,0,27440,1.607
1789652446.6823847,27450,0,27450,1.606
1789652446.6905723,27460,0,27460,1.605
1789652446.7033868,27470,0,27470,1.605
1789652446.7122138,27480,0,27480,1.604
1789652446.7189183,27490,0,27490,1.604
1789652446.7268672,27500,0,27500,1.603
1789652446.7358315,27510,0,27510,1.602
1789652446.7798927,27520,0,27520,1.602
1789652446.7889888,27530,0,27530,1.601
1789652446.797251,27540,0,27540,1.601
1789652446.8077235,27550,0,27550,1.6
1789652446.8196826,27560,0,27560,1.6
1789652446.8327286,27570,0,27570,1.599
1789652446.8497026,27580,0,27580,1.598
1789652446.8700342,27590,0,27590,1.598
1789652446.8839455,27600,0,27600,1.597
1789652446.8879952,27610,0,27610,1.597
1789652446.8914258,27620,0,27620,1.597
1789652446.8959675,27630,0,27630,1.597
1789652446.9067285,27640,0,27640,1.597
1789652446.9117868,27650,0,27650,1.597
1789652446.9246173,27660,0,27660,1.597
1789652446.9285789,27670,0,27670,1.597
1789652446.9324846,27680,0,27680,1.597
1789652446.9364889,27690,0,27690,1.597
1789652446.9409554,27700,0,27700,1.597
1789652446.9443786,27710,0,27710,1.597
1789652446.948002,27720,0,27720,1.597
1789652446.9520674,27730,0,27730,1.597
1789652446.9565303,27740,0,27740,1.597
1789652446.9604867,27750,0,27750,1.597
1789652446.96557,27760,0,27760,1.596
1789652446.97136,27770,0,27770,1.596
1789652446.976654,27780,0,27780,1.596
1789652446.9949996,27790,0,27790,1.596
1789652446.9996061,27800,0,27800,1.596
1789652447.0051286,27810,0,27810,1.596
1789652447.0118039,27820,0,27820,1.595
1789652447.019187,27830,0,27830,1.595
1789652447.0248938,27840,0,27840,1.595
1789652447.0309358,27850,0,27850,1.595
1789652447.0365398,27860,0,27860,1.595
1789652447.0419397,27870,0,27870,1.595
1789652447.0471628,27880,0,27880,1.594
1789652447.0579355,27890,0,27890,1.594
1789652447.0660133,27900,0,27900,1.594
1789652447.0714743,27910,0,27910,1.594
1789652447.076657,27920,0,27920,1.593
1789652447.0825553,27930,0,27930,1.593
1789652447.0890582,27940,0,27940,1.593
1789652447.0960233,27950,0,27950,1.593
1789652447.1019247,27960,0,27960,1.592
1789652447.108896,27970,0,27970,1.592
1789652447.1159778,27980,0,27980,1.592
1789652447.1234844,27990,0,27990,1.592
1789652447.1360502,28000,0,28000,1.591
1789652447.1517324,28010,0,28010,1.591
1789652447.1618795,28020,0,28020,1.591
1789652447.1823387,28030,0,28030,1.591
1789652447.1902556,28040,0,28040,1.59
1789652447.1965458,28050,0,28050,1.59
1789652447.2015846,28060,0,28060,1.59
1789652447.207119,28070,0,28070,1.589
1789652447.2122173,28080,0,28080,1.589
1789652447.2171526,28090,0,28090,1.589
1789652447.223365,28100,0,28100,1.589
1789652447.2292957,28110,0,28110,1.588
1789652447.2344038,28120,0,28120,1.588
1789652447.2400682,28130,0,28130,1.588
1789652447.2472384,28140,0,28140,1.587
1789652447.2541676,28150,0,28150,1.587
1789652447.2602382,28160,0,28160,1.587
1789652447.2677767,28170,0,28170,1.586
1789652447.2752755,28180,0,28180,1.586
1789652447.2806127,28190,0,28190,1.586
1789652447.286451,28200,0,28200,1.585
1789652447.2916555,28210,0,28210,1.585
1789652447.3002012,28220,0,28220,1.585
1789652447.320444,28230,0,28230,1.584
1789652447.330325,28240,0,28240,1.584
1789652447.3386827,28250,0,28250,1.584
1789652447.3531966,28260,0,28260,1.583
1789652447.3604205,28270,0,28270,1.583
1789652447.3655906,28280,0,28280,1.583
1789652447.37024,28290,0,28290,1.582
1789652447.3747518,28300,0,28300,1.582
1789652447.3808272,28310,0,28310,1.582
1789652447.3874567,28320,0,28320,1.581
1789652447.395588,28330,0,28330,1.581
1789652447.4065368,28340,0,28340,1.581
1789652447.415076,28350,0,28350,1.58
1789652447.4247968,28360,0,28360,1.58
1789652447.432701,28370,0,28370,1.58
1789652447.4391818,28380,0,28380,1.579
1789652447.4445279,28390,0,28390,1.579
1789652447.4495983,28400,0,28400,1.579
1789652447.4540918,28410,0,28410,1.578
1789652447.461934,28420,0,28420,1.578
1789652447.4903462,28430,0,28430,1.577
1789652447.5058417,28440,0,28440,1.577
1789652447.5193949,28450,0,28450,1.576
1789652447.5262609,28460,0,28460,1.576
1789652447.5379195,28470,0,28470,1.575
1789652447.5444238,28480,0,28480,1.575
1789652447.5519826,28490,0,28490,1.574
1789652447.5612082,28500,0,28500,1.573
1789652447.5723581,28510,0,28510,1.573
1789652447.5876162,28520,0,28520,1.572
1789652447.5962846,28530,0,28530,1.572
1789652447.6284595,28540,0,28540,1.571
1789652447.6377106,28550,0,28550,1.571
1789652447.6517177,28560,0,28560,1.57
1789652447.6685524,28570,0,28570,1.57
1789652447.6752656,28580,0,28580,1.569
1789652447.681344,28590,0,28590,1.568
1789652447.6879349,28600,0,28600,1.568
1789652447.6938746,28610,0,28610,1.567
1789652447.7007618,28620,0,28620,1.567
1789652447.7066998,28630,0,28630,1.566
1789652447.7122457,28640,0,28640,1.566
1789652447.7186654,28650,0,28650,1.565
1789652447.729147,28660,0,28660,1.565
1789652447.7557745,28670,0,28670,1.564
1789652447.7634768,28680,0,28680,1.564
1789652447.771393,28690,0,28690,1.563
1789652447.7792175,28700,0,28700,1.562
1789652447.7857184,28710,0,28710,1.562
1789652447.7914805,28720,0,28720,1.561
1789652447.797907,28730,0,28730,1.561
1789652447.8048494,28740,0,28740,1.56
1789652447.8102884,28750,0,28750,1.56
1789652447.8172102,28760,0,28760,1.559
1789652447.8257375,28770,0,28770,1.559
1789652447.8373916,28780,0,28780,1.558
1789652447.8474543,28790,0,28790,1.558
1789652447.8806863,28800,0,28800,1.557
1789652447.8969054,28810,0,28810,1.557
1789652447.9063494,28820,0,28820,1.556
1789652447.918486,28830,0,28830,1.555
1789652447.9289403,28840,0,28840,1.555
1789652447.937599,28850,0,28850,1.554
1789652447.9479165,28860,0,28860,1.554
1789652447.9590712,28870,0,28870,1.553
1789652447.9665365,28880,0,28880,1.553
1789652447.9744625,28890,0,28890,1.552
1789652447.985286,28900,0,28900,1.552
1789652447.9957078,28910,0,28910,1.551
1789652448.0172014,28920,0,28920,1.551
1789652448.0277138,28930,0,28930,1.55
1789652448.0366654,28940,0,28940,1.55
1789652448.04516,28950,0,28950,1.549
1789652448.0530887,28960,0,28960,1.548
1789652448.0628984,28970,0,28970,1.548
1789652448.0762765,28980,0,28980,1.547
1789652448.0844438,28990,0,28990,1.547
1789652448.0968761,29000,0,29000,1.546
1789652448.110765,29010,0,29010,1.546
1789652448.1208518,29020,0,29020,1.545
1789652448.1307118,29030,0,29030,1.545
1789652448.1415756,29040,0,29040,1.544
1789652448.1754668,29050,0,29050,1.544
1789652448.1844337,29060,0,29060,1.543
1789652448.1936002,29070,0,29070,1.543
1789652448.2070787,29080,0,29080,1.542
1789652448.222707,29090,0,29090,1.542
1789652448.2404304,29100,0,29100,1.541
1789652448.2494583,29110,0,29110,1.54
1789652448.2602122,29120,0,29120,1.54
1789652448.270112,29130,0,29130,1.539
1789652448.2781436,29140,0,29140,1.539
1789652448.3014717,29150,0,29150,1.538
1789652448.3153336,29160,0,29160,1.538
1789652448.325635,29170,0,29170,1.537
1789652448.3357098,29180,0,29180,1.537
1789652448.3444848,29190,0,29190,1.536
1789652448.353693,29200,0,29200,1.536
1789652448.3637874,29210,0,29210,1.535
1789652448.3703089,29220,0,29220,1.535
1789652448.3782253,29230,0,29230,1.534
1789652448.3868265,29240,0,29240,1.534
1789652448.3957074,29250,0,29250,1.533
1789652448.4068246,29260,0,29260,1.533
1789652448.4153013,29270,0,29270,1.532
1789652448.4358802,29280,0,29280,1.532
1789652448.443997,29290,0,29290,1.531
1789652448.4526489,29300,0,29300,1.531
1789652448.4619806,29310,0,29310,1.53
1789652448.4747741,29320,0,29320,1.529
1789652448.4875238,29330,0,29330,1.529
1789652448.4955168,29340,0,29340,1.528
1789652448.5072343,29350,0,29350,1.528
1789652448.5166523,29360,0,29360,1.527
1789652448.5263011,29370,0,29370,1.527
1789652448.5356417,29380,0,29380,1.526
1789652448.5523534,29390,0,29390,1.526
1789652448.5615335,29400,0,29400,1.525
1789652448.5685,29410,0,29410,1.525
1789652448.5779178,29420,0,29420,1.524
1789652448.5883605,29430,0,29430,1.524
1789652448.5980003,29440,0,29440,1.523
1789652448.606617,29450,0,29450,1.523
1789652448.6156948,29460,0,29460,1.522
1789652448.625228,29470,0,29470,1.522
1789652448.636955,29480,0,29480,1.521
1789652448.6456566,29490,0,29490,1.521
1789652448.654608,29500,0,29500,1.52
1789652448.6699867,29510,0,29510,1.52
1789652448.681322,29520,0,29520,1.519
1789652448.6888776,29530,0,29530,1.519
1789652448.7013004,29540,0,29540,1.518
1789652448.709688,29550,0,29550,1.518
1789652448.7156875,29560,0,29560,1.517
1789652448.7234664,29570,0,29570,1.517
1789652448.7300258,29580,0,29580,1.516
1789652448.743087,29590,0,29590,1.516
1789652448.7540739,29600,0,29600,1.515
1789652448.7613962,29610,0,29610,1.514
1789652448.7725303,29620,0,29620,1.514
1789652448.8120303,29630,0,29630,1.513
1789652448.8313537,29640,0,29640,1.513
1789652448.8432548,29650,0,29650,1.512
1789652448.8587263,29660,0,29660,1.512
1789652448.8717525,29670,0,29670,1.511
1789652448.8835504,29680,0,29680,1.511
1789652448.8957736,29690,0,29690,1.51
1789652448.913152,29700,0,29700,1.51
1789652448.9401243,29710,0,29710,1.509
1789652448.9493477,29720,0,29720,1.509
1789652448.9602506,29730,0,29730,1.508
1789652448.9675918,29740,0,29740,1.508
1789652448.9751964,29750,0,29750,1.507
1789652448.9811904,29760,0,29760,1.507
1789652448.9887772,29770,0,29770,1.506
1789652448.9975028,29780,0,29780,1.506
1789652449.005815,29790,0,29790,1.505
1789652449.0129154,29800,0,29800,1.505
1789652449.019544,29810,0,29810,1.504
1789652449.0265887,29820,0,29820,1.504
1789652449.0323105,29830,0,29830,1.503
1789652449.039648,29840,0,29840,1.503
1789652449.046446,29850,0,29850,1.502
1789652449.054108,29860,0,29860,1.502
1789652449.0896442,29870,0,29870,1.501
1789652449.0990684,29880,0,29880,1.501
1789652449.1069906,29890,0,29890,1.5
1789652449.1146672,29900,0,29900,1.5
1789652449.1215575,29910,0,29910,1.499
1789652449.1287563,29920,0,29920,1.499
1789652449.1350918,29930,0,29930,1.498
1789652449.1445427,29940,0,29940,1.498
1789652449.1532652,29950,0,29950,1.497
1789652449.16341,29960,0,29960,1.497
1789652449.1736267,29970,0,29970,1.496
1789652449.1838722,29980,0,29980,1.496
1789652449.1954699,29990,0,29990,1.495
1789652449.2238941,30000,0,30000,1.495
1789652449.2341225,30010,0,30010,1.494
1789652449.241131,30020,0,30020,1.494
1789652449.2490969,30030,0,30030,1.493
1789652449.2563872,30040,0,30040,1.493
1789652449.2633362,30050,0,30050,1.492
1789652449.272127,30060,0,30060,1.492
1789652449.2813036,30070,0,30070,1.491
1789652449.2885687,30080,0,30080,1.491
1789652449.2961702,30090,0,30090,1.49
1789652449.307903,30100,0,30100,1.49
1789652449.3208673,30110,0,30110,1.489
1789652449.3325455,30120,0,30120,1.489
1789652449.3497784,30130,0,30130,1.488
1789652449.3655286,30140,0,30140,1.488
1789652449.3754554,30150,0,30150,1.487
1789652449.3967216,30160,0,30160,1.487
1789652449.4078174,30170,0,30170,1.486
1789652449.4170203,30180,0,30180,1.486
1789652449.433541,30190,0,30190,1.485
1789652449.4448442,30200,0,30200,1.485
1789652449.4576252,30210,0,30210,1.484
1789652449.4647927,30220,0,30220,1.484
1789652449.469482,30230,0,30230,1.485
1789652449.47578,30240,0,30240,1.485
1789652449.4828885,30250,0,30250,1.485
1789652449.4884574,30260,0,30260,1.485
1789652449.492718,30270,0,30270,1.485
1789652449.497656,30280,0,30280,1.485
1789652449.5017934,30290,0,30290,1.485
1789652449.5066667,30300,0,30300,1.486
1789652449.5170674,30310,0,30310,1.486
1789652449.5277443,30320,0,30320,1.486
1789652449.5542421,30330,0,30330,1.486
1789652449.564114,30340,0,30340,1.486
1789652449.5740495,30350,0,30350,1.486
1789652449.5797994,30360,0,30360,1.487
1789652449.5886242,30370,0,30370,1.487
1789652449.5964725,30380,0,30380,1.487
1789652449.6019042,30390,0,30390,1.487
1789652449.6076164,30400,0,30400,1.487
1789652449.6143134,30410,0,30410,1.487
1789652449.6184871,30420,0,30420,1.487
1789652449.6222942,30430,0,30430,1.488
1789652449.6270227,30440,0,30440,1.488
1789652449.6328804,30450,0,30450,1.488
1789652449.638249,30460,0,30460,1.488
1789652449.6459124,30470,0,30470,1.488
1789652449.6525486,30480,0,30480,1.488
1789652449.6582093,30490,0,30490,1.488
1789652449.6627007,30500,0,30500,1.488
1789652449.6678486,30510,0,30510,1.488
1789652449.6729717,30520,0,30520,1.488
1789652449.6784368,30530,0,30530,1.489
1789652449.6840878,30540,0,30540,1.489
1789652449.6909282,30550,0,30550,1.489
1789652449.696548,30560,0,30560,1.489
1789652449.7014525,30570,0,30570,1.489
1789652449.7076023,30580,0,30580,1.489
1789652449.715784,30590,0,30590,1.489
1789652449.7274606,30600,0,30600,1.489
1789652449.7368748,30610,0,30610,1.489
1789652449.7446408,30620,0,30620,1.489
1789652449.7532222,30630,0,30630,1.489
1789652449.7624493,30640,0,30640,1.489
1789652449.7782688,30650,0,30650,1.488
1789652449.7886686,30660,0,30660,1.488
1789652449.7958536,30670,0,30670,1.488
1789652449.8103669,30680,0,30680,1.488
1789652449.8269858,30690,0,30690,1.488
1789652449.845304,30700,0,30700,1.488
1789652449.861754,30710,0,30710,1.488
1789652449.8722987,30720,0,30720,1.488
1789652449.8790247,30730,0,30730,1.488
1789652449.888367,30740,0,30740,1.487
1789652449.898155,30750,0,30750,1.487
1789652449.9103062,30760,0,30760,1.487
1789652449.9153767,30770,0,30770,1.487
1789652449.920656,30780,0,30780,1.487
1789652449.9262147,30790,0,30790,1.486
1789652449.9312172,30800,0,30800,1.486
1789652449.9366102,30810,0,30810,1.486
1789652449.9433496,30820,0,30820,1.486
1789652449.9491558,30830,0,30830,1.485
1789652449.954548,30840,0,30840,1.485
1789652449.960111,30850,0,30850,1.485
1789652449.9667,30860,0,30860,1.485
1789652449.9777553,30870,0,30870,1.484
1789652449.9872794,30880,0,30880,1.484
1789652449.9965065,30890,0,30890,1.484
1789652450.0133655,30900,0,30900,1.483
1789652450.0252519,30910,0,30910,1.483
1789652450.0441132,30920,0,30920,1.482
1789652450.0560298,30930,0,30930,1.482
1789652450.07031,30940,0,30940,1.481
1789652450.083283,30950,0,30950,1.481
1789652450.0950458,30960,0,30960,1.48
1789652450.1123173,30970,0,30970,1.48
1789652450.1253338,30980,0,30980,1.479
1789652450.1473405,30990,0,30990,1.479
1789652450.1692462,31000,0,31000,1.478
1789652450.1757307,31010,0,31010,1.478
1789652450.1813452,31020,0,31020,1.477
1789652450.188697,31030,0,31030,1.477
1789652450.2070467,31040,0,31040,1.477
1789652450.2155726,31050,0,31050,1.476
1789652450.2227945,31060,0,31060,1.476
1789652450.2303264,31070,0,31070,1.475
1789652450.237322,31080,0,31080,1.475
1789652450.2480283,31090,0,31090,1.474
1789652450.2567716,31100,0,31100,1.474
1789652450.2710285,31110,0,31110,1.473
1789652450.2785504,31120,0,31120,1.473
1789652450.2867694,31130,0,31130,1.472
1789652450.2933571,31140,0,31140,1.472
1789652450.300676,31150,0,31150,1.471
1789652450.3066475,31160,0,31160,1.471
1789652450.3173447,31170,0,31170,1.47
1789652450.325383,31180,0,31180,1.47
1789652450.3363152,31190,0,31190,1.469
1789652450.3478792,31200,0,31200,1.469
1789652450.3591225,31210,0,31210,1.468
1789652450.3766396,31220,0,31220,1.468
1789652450.3964524,31230,0,31230,1.468
1789652450.4064739,31240,0,31240,1.467
1789652450.4216964,31250,0,31250,1.467
1789652450.4306545,31260,0,31260,1.466
1789652450.440023,31270,0,31270,1.466
1789652450.4483104,31280,0,31280,1.465
1789652450.4625168,31290,0,31290,1.465
1789652450.472462,31300,0,31300,1.464
1789652450.4821587,31310,0,31310,1.464
1789652450.4910493,31320,0,31320,1.463
1789652450.5105054,31330,0,31330,1.463
1789652450.5193744,31340,0,31340,1.462
1789652450.530631,31350,0,31350,1.462
1789652450.5391076,31360,0,31360,1.461
1789652450.5465238,31370,0,31370,1.461
1789652450.55481,31380,0,31380,1.461
1789652450.5646741,31390,0,31390,1.46
1789652450.5763917,31400,0,31400,1.46
1789652450.5862775,31410,0,31410,1.459
1789652450.594901,31420,0,31420,1.459
1789652450.6031382,31430,0,31430,1.458
1789652450.6130154,31440,0,31440,1.458
1789652450.6343303,31450,0,31450,1.457
1789652450.6455212,31460,0,31460,1.457
1789652450.6543775,31470,0,31470,1.456
1789652450.662413,31480,0,31480,1.456
1789652450.6732683,31490,0,31490,1.455
1789652450.6856546,31500,0,31500,1.455
1789652450.6950438,31510,0,31510,1.454
1789652450.7032316,31520,0,31520,1.454
1789652450.712032,31530,0,31530,1.454
1789652450.7204967,31540,0,31540,1.453
1789652450.7304018,31550,0,31550,1.453
1789652450.7554045,31560,0,31560,1.452
1789652450.7772,31570,0,31570,1.452
1789652450.795107,31580,0,31580,1.451
1789652450.8112383,31590,0,31590,1.451
1789652450.83324,31600,0,31600,1.45
1789652450.851834,31610,0,31610,1.45
1789652450.8644278,31620,0,31620,1.449
1789652451.9962442,31630,0,31630,1.449
1789652452.0070539,31640,0,31640,1.449
1789652452.02021,31650,0,31650,1.45
1789652452.0268729,31660,0,31660,1.45
1789652452.035145,31670,0,31670,1.45
1789652452.0404885,31680,0,31680,1.45
1789652452.0446012,31690,0,31690,1.45
1789652452.051035,31700,0,31700,1.45
1789652452.0558171,31710,0,31710,1.45
1789652452.0631366,31720,0,31720,1.45
1789652452.07281,31730,0,31730,1.451
1789652452.085653,31740,0,31740,1.451
1789652452.0919635,31750,0,31750,1.451
1789652452.1082609,31760,0,31760,1.451
1789652452.1143427,31770,0,31770,1.451
1789652452.1201134,31780,0,31780,1.451
1789652452.1318605,31790,0,31790,1.451
1789652452.1406555,31800,0,31800,1.451
1789652452.1460023,31810,0,31810,1.451
1789652452.150069,31820,0,31820,1.451
1789652452.155157,31830,0,31830,1.451
1789652452.160449,31840,0,31840,1.451
1789652452.165859,31850,0,31850,1.451
1789652452.173082,31860,0,31860,1.451
1789652452.1805983,31870,0,31870,1.451
1789652452.1925075,31880,0,31880,1.45
1789652452.199424,31890,0,31890,1.45
1789652452.20565,31900,0,31900,1.45
1789652452.212936,31910,0,31910,1.45
1789652452.2222478,31920,0,31920,1.45
1789652452.2291763,31930,0,31930,1.45
1789652452.2360952,31940,0,31940,1.45
1789652452.2446296,31950,0,31950,1.45
1789652452.2534668,31960,0,31960,1.45
1789652452.2599678,31970,0,31970,1.45
1789652452.268876,31980,0,31980,1.45
1789652452.2783046,31990,0,31990,1.45
1789652452.2873623,32000,0,32000,1.45
1789652452.3019338,32010,0,32010,1.45
1789652452.3137524,32020,0,32020,1.45
1789652452.3218668,32030,0,32030,1.45
1789652452.3307345,32040,0,32040,1.45
1789652452.3373764,32050,0,32050,1.45
1789652452.3442538,32060,0,32060,1.45
1789652452.3512254,32070,0,32070,1.45
1789652452.3597977,32080,0,32080,1.45
1789652452.371788,32090,0,32090,1.45
1789652452.3885682,32100,0,32100,1.45
1789652452.3968568,32110,0,32110,1.45
1789652452.4043255,32120,0,32120,1.45
1789652452.4138868,32130,0,32130,1.45
1789652452.4234734,32140,0,32140,1.45
1789652452.4299552,32150,0,32150,1.45
1789652452.4372544,32160,0,32160,1.45
1789652452.4432454,32170,0,32170,1.45
1789652452.4514196,32180,0,32180,1.45
1789652452.4585202,32190,0,32190,1.45
1789652452.4647853,32200,0,32200,1.45
1789652452.4698138,32210,0,32210,1.45
1789652452.474809,32220,0,32220,1.45
1789652452.4801435,32230,0,32230,1.45
1789652452.4851923,32240,0,32240,1.45
1789652452.49026,32250,0,32250,1.45
1789652452.5018687,32260,0,32260,1.45
1789652452.5069642,32270,0,32270,1.45
1789652452.5125036,32280,0,32280,1.45
1789652452.5176299,32290,0,32290,1.45
1789652452.525768,32300,0,32300,1.45
1789652452.5362663,32310,0,32310,1.45
1789652452.5456784,32320,0,32320,1.45
1789652452.5534103,32330,0,32330,1.45
1789652452.564233,32340,0,32340,1.45
1789652452.574383,32350,0,32350,1.45
1789652452.5832388,32360,0,32360,1.451
1789652452.5924995,32370,0,32370,1.451
1789652452.600615,32380,0,32380,1.451
1789652452.6098747,32390,0,32390,1.451
1789652452.6174183,32400,0,32400,1.451
1789652452.6224055,32410,0,32410,1.451
1789652452.6275558,32420,0,32420,1.451
1789652452.6343436,32430,0,32430,1.451
1789652452.648721,32440,0,32440,1.451
1789652452.6555057,32450,0,32450,1.451
1789652452.6624672,32460,0,32460,1.451
1789652452.667563,32470,0,32470,1.451
1789652452.6725607,32480,0,32480,1.451
1789652452.6783905,32490,0,32490,1.451
1789652452.683786,32500,0,32500,1.451
1789652452.688559,32510,0,32510,1.452
1789652452.6955771,32520,0,32520,1.452
1789652452.7032573,32530,0,32530,1.452
1789652452.7104328,32540,0,32540,1.452
1789652452.7179415,32550,0,32550,1.452
1789652452.7275283,32560,0,32560,1.452
1789652452.735181,32570,0,32570,1.452
1789652452.742289,32580,0,32580,1.452
1789652452.7519717,32590,0,32590,1.452
1789652452.7684731,32600,0,32600,1.452
1789652452.7793434,32610,0,32610,1.452
1789652452.7926505,32620,0,32620,1.453
1789652452.804157,32630,0,32630,1.453
1789652452.8182502,32640,0,32640,1.453
1789652452.8387315,32650,0,32650,1.453
1789652452.8503134,32660,0,32660,1.453
1789652452.8611157,32670,0,32670,1.453
1789652452.8719687,32680,0,32680,1.453
1789652452.8842857,32690,0,32690,1.453
1789652452.8985038,32700,0,32700,1.453
1789652452.9182796,32710,0,32710,1.454
1789652452.928453,32720,0,32720,1.454
1789652452.9349377,32730,0,32730,1.454
1789652452.940288,32740,0,32740,1.454
1789652452.9455068,32750,0,32750,1.454
1789652452.9513829,32760,0,32760,1.454
1789652452.9571128,32770,0,32770,1.454
1789652452.962428,32780,0,32780,1.455
1789652452.967774,32790,0,32790,1.455
1789652452.9741302,32800,0,32800,1.455
1789652452.9815598,32810,0,32810,1.455
1789652452.9903383,32820,0,32820,1.455
1789652452.9974422,32830,0,32830,1.455
1789652453.0057192,32840,0,32840,1.455
1789652453.0130992,32850,0,32850,1.456
1789652453.0205338,32860,0,32860,1.456
1789652453.0308578,32870,0,32870,1.456
1789652453.0452533,32880,0,32880,1.456
1789652453.0530803,32890,0,32890,1.456
1789652453.0594845,32900,0,32900,1.456
1789652453.0664594,32910,0,32910,1.457
1789652453.071565,32920,0,32920,1.457
1789652453.0779786,32930,0,32930,1.457
1789652453.084316,32940,0,32940,1.457
1789652453.09786,32950,0,32950,1.457
1789652453.104477,32960,0,32960,1.458
1789652453.1091697,32970,0,32970,1.458
1789652453.1144679,32980,0,32980,1.458
1789652453.130218,32990,0,32990,1.458
1789652453.1355698,33000,0,33000,1.458
1789652453.1407075,33010,0,33010,1.458
1789652453.1599476,33020,0,33020,1.459
1789652453.1647198,33030,0,33030,1.459
1789652453.1694028,33040,0,33040,1.459
1789652453.1767092,33050,0,33050,1.459
1789652453.1840866,33060,0,33060,1.459
1789652453.1894164,33070,0,33070,1.46
1789652453.1975172,33080,0,33080,1.46
1789652453.2053115,33090,0,33090,1.46
1789652453.210842,33100,0,33100,1.46
1789652453.2155316,33110,0,33110,1.46
1789652453.2203624,33120,0,33120,1.461
1789652453.2258105,33130,0,33130,1.461
1789652453.2311237,33140,0,33140,1.461
1789652453.2392128,33150,0,33150,1.461
1789652453.2458293,33160,0,33160,1.461
1789652453.2517054,33170,0,33170,1.462
1789652453.259093,33180,0,33180,1.462
1789652453.2660823,33190,0,33190,1.462
1789652453.2711918,33200,0,33200,1.462
1789652453.2760074,33210,0,33210,1.463
1789652453.2808971,33220,0,33220,1.463
1789652453.2868667,33230,0,33230,1.463
1789652453.2938354,33240,0,33240,1.463
1789652453.3080437,33250,0,33250,1.463
1789652453.3152277,33260,0,33260,1.464
1789652453.3200521,33270,0,33270,1.464
1789652453.3281229,33280,0,33280,1.464
1789652453.340775,33290,0,33290,1.464
1789652453.3497078,33300,0,33300,1.465
1789652453.3801715,33310,0,33310,1.465
1789652453.3907285,33320,0,33320,1.465
1789652453.4086437,33330,0,33330,1.465
1789652453.4186034,33340,0,33340,1.466
1789652453.4294314,33350,0,33350,1.466
1789652453.4385767,33360,0,33360,1.466
1789652453.4533432,33370,0,33370,1.466
1789652453.4692109,33380,0,33380,1.467
1789652453.4801316,33390,0,33390,1.467
1789652453.4905233,33400,0,33400,1.467
1789652453.4977763,33410,0,33410,1.467
1789652453.5058417,33420,0,33420,1.468
1789652453.5127246,33430,0,33430,1.468
1789652453.5199635,33440,0,33440,1.468
1789652453.5271418,33450,0,33450,1.469
1789652453.5344915,33460,0,33460,1.469
1789652453.5476894,33470,0,33470,1.469
1789652453.5635865,33480,0,33480,1.469
1789652453.5707088,33490,0,33490,1.47
1789652453.5784793,33500,0,33500,1.47
1789652453.5888484,33510,0,33510,1.47
1789652453.5964258,33520,0,33520,1.471
1789652453.6056983,33530,0,33530,1.471
1789652453.6265712,33540,0,33540,1.471
1789652453.632077,33550,0,33550,1.472
1789652453.6369357,33560,0,33560,1.472
1789652453.6469657,33570,0,33570,1.472
1789652453.6540608,33580,0,33580,1.472
1789652453.6625168,33590,0,33590,1.473
1789652453.670506,33600,0,33600,1.473
1789652453.677367,33610,0,33610,1.473
1789652453.6840682,33620,0,33620,1.474
1789652453.6911566,33630,0,33630,1.474
1789652453.6979394,33640,0,33640,1.474
1789652453.70506,33650,0,33650,1.475
1789652453.7101471,33660,0,33660,1.475
1789652453.7149358,33670,0,33670,1.475
1789652453.7202003,33680,0,33680,1.476
1789652453.725781,33690,0,33690,1.476
1789652453.730737,33700,0,33700,1.476
1789652453.7351167,33710,0,33710,1.477
1789652453.7413886,33720,0,33720,1.477
1789652453.748259,33730,0,33730,1.477
1789652453.7551792,33740,0,33740,1.478
1789652453.762152,33750,0,33750,1.478
1789652453.771139,33760,0,33760,1.478
1789652453.7794328,33770,0,33770,1.479
1789652453.7868633,33780,0,33780,1.479
1789652453.7918217,33790,0,33790,1.479
1789652453.809625,33800,0,33800,1.48
1789652453.8187497,33810,0,33810,1.48
1789652453.8236744,33820,0,33820,1.48
1789652453.8301368,33830,0,33830,1.481
1789652453.838731,33840,0,33840,1.481
1789652453.8463366,33850,0,33850,1.481
1789652453.8519673,33860,0,33860,1.482
1789652453.8568714,33870,0,33870,1.482
1789652453.8621376,33880,0,33880,1.482
1789652453.8676362,33890,0,33890,1.483
1789652453.8749628,33900,0,33900,1.483
1789652453.8835995,33910,0,33910,1.483
1789652453.891673,33920,0,33920,1.484
1789652453.897267,33930,0,33930,1.484
1789652453.9109583,33940,0,33940,1.484
1789652453.9204235,33950,0,33950,1.485
1789652453.929254,33960,0,33960,1.485
1789652453.9362597,33970,0,33970,1.486
1789652453.943582,33980,0,33980,1.486
1789652453.9484386,33990,0,33990,1.486
1789652453.956688,34000,0,34000,1.487
1789652453.961962,34010,0,34010,1.487
1789652453.9721777,34020,0,34020,1.487
1789652453.9768963,34030,0,34030,1.488
1789652453.9841344,34040,0,34040,1.488
1789652453.990972,34050,0,34050,1.489
1789652453.9982128,34060,0,34060,1.489
1789652454.0054116,34070,0,34070,1.489
1789652454.0113704,34080,0,34080,1.49
1789652454.0219038,34090,0,34090,1.49
1789652454.0366805,34100,0,34100,1.49
1789652454.044305,34110,0,34110,1.491
1789652454.0569763,34120,0,34120,1.491
1789652454.068546,34130,0,34130,1.492
1789652454.079276,34140,0,34140,1.492
1789652454.1002603,34150,0,34150,1.492
1789652454.1180935,34160,0,34160,1.493
1789652454.130011,34170,0,34170,1.493
1789652454.151635,34180,0,34180,1.494
1789652454.1696637,34190,0,34190,1.494
1789652454.1866112,34200,0,34200,1.494
1789652454.1943412,34210,0,34210,1.495
1789652454.2026691,34220,0,34220,1.495
1789652454.2089686,34230,0,34230,1.496
1789652454.2139149,34240,0,34240,1.496
1789652454.219518,34250,0,34250,1.496
1789652454.224925,34260,0,34260,1.497
1789652454.229515,34270,0,34270,1.497
1789652454.2342649,34280,0,34280,1.498
1789652454.2404623,34290,0,34290,1.498
1789652454.2488096,34300,0,34300,1.498
1789652454.257274,34310,0,34310,1.499
1789652454.2654183,34320,0,34320,1.499
1789652454.271209,34330,0,34330,1.5
1789652454.275996,34340,0,34340,1.5
1789652454.2805884,34350,0,34350,1.501
1789652454.2864718,34360,0,34360,1.501
1789652454.2937572,34370,0,34370,1.501
1789652454.3011076,34380,0,34380,1.502
1789652454.308443,34390,0,34390,1.502
1789652454.3163798,34400,0,34400,1.503
1789652454.3305235,34410,0,34410,1.503
1789652454.3371232,34420,0,34420,1.503
1789652454.3479962,34430,0,34430,1.504
1789652454.3591282,34440,0,34440,1.504
1789652454.3674922,34450,0,34450,1.505
1789652454.3785799,34460,0,34460,1.505
1789652454.3864622,34470,0,34470,1.506
1789652454.3918889,34480,0,34480,1.506
1789652454.399806,34490,0,34490,1.506
1789652454.4049833,34500,0,34500,1.507
1789652454.4116008,34510,0,34510,1.507
1789652454.4186623,34520,0,34520,1.508
1789652454.4240816,34530,0,34530,1.508
1789652454.4293225,34540,0,34540,1.509
1789652454.4372964,34550,0,34550,1.509
1789652454.4426842,34560,0,34560,1.509
1789652454.451316,34570,0,34570,1.51
1789652454.4614058,34580,0,34580,1.51
1789652454.470525,34590,0,34590,1.511
1789652454.4817812,34600,0,34600,1.511
1789652454.4908602,34610,0,34610,1.512
1789652454.4989748,34620,0,34620,1.512
1789652454.5054011,34630,0,34630,1.513
1789652454.5107453,34640,0,34640,1.513
1789652454.5154643,34650,0,34650,1.513
1789652454.5216038,34660,0,34660,1.514
1789652454.5270848,34670,0,34670,1.514
1789652454.5322657,34680,0,34680,1.515
1789652454.5386622,34690,0,34690,1.515
1789652454.5445392,34700,0,34700,1.516
1789652454.5499916,34710,0,34710,1.516
1789652454.5546262,34720,0,34720,1.517
1789652454.5593195,34730,0,34730,1.517
1789652454.5638118,34740,0,34740,1.517
1789652454.5710032,34750,0,34750,1.518
1789652454.5782073,34760,0,34760,1.518
1789652454.5846024,34770,0,34770,1.519
1789652454.591301,34780,0,34780,1.519
1789652454.5992289,34790,0,34790,1.52
1789652454.614425,34800,0,34800,1.52
1789652454.6235607,34810,0,34810,1.521
1789652454.6305535,34820,0,34820,1.521
1789652454.637736,34830,0,34830,1.522
1789652454.6458392,34840,0,34840,1.522
1789652454.6508057,34850,0,34850,1.522
1789652454.6556087,34860,0,34860,1.523
1789652454.6610603,34870,0,34870,1.523
1789652454.6693633,34880,0,34880,1.524
1789652454.677462,34890,0,34890,1.524
1789652454.684006,34900,0,34900,1.525
1789652454.6939616,34910,0,34910,1.525
1789652454.7016022,34920,0,34920,1.526
1789652454.7182827,34930,0,34930,1.526
1789652454.7430563,34940,0,34940,1.527
1789652454.7538373,34950,0,34950,1.527
1789652454.7624712,34960,0,34960,1.528
1789652454.7740269,34970,0,34970,1.528
1789652454.7860506,34980,0,34980,1.529
1789652454.7928064,34990,0,34990,1.529
1789652454.801969,35000,0,35000,1.53
1789652454.811305,35010,0,35010,1.53
1789652454.821442,35020,0,35020,1.531
1789652454.82899,35030,0,35030,1.531
1789652454.8362274,35040,0,35040,1.532
1789652454.846559,35050,0,35050,1.532
1789652454.851501,35060,0,35060,1.533
1789652454.8657231,35070,0,35070,1.533
1789652454.8784466,35080,0,35080,1.534
1789652454.8860874,35090,0,35090,1.534
1789652454.8935373,35100,0,35100,1.535
1789652454.8986108,35110,0,35110,1.535
1789652454.9061615,35120,0,35120,1.536
1789652454.9117641,35130,0,35130,1.536
1789652454.9292872,35140,0,35140,1.537
1789652454.9382408,35150,0,35150,1.537
1789652454.9475973,35160,0,35160,1.538
1789652454.9566226,35170,0,35170,1.538
1789652454.9705179,35180,0,35180,1.539
1789652454.976877,35190,0,35190,1.539
1789652454.986415,35200,0,35200,1.54
1789652454.9955778,35210,0,35210,1.54
1789652455.0123217,35220,0,35220,1.541
1789652455.0304694,35230,0,35230,1.541
1789652455.040541,35240,0,35240,1.542
1789652455.0468907,35250,0,35250,1.542
1789652455.0578716,35260,0,35260,1.543
1789652455.067821,35270,0,35270,1.544
1789652455.074978,35280,0,35280,1.544
1789652455.1023955,35290,0,35290,1.545
1789652455.1134083,35300,0,35300,1.545
1789652455.1226504,35310,0,35310,1.546
1789652455.1338608,35320,0,35320,1.546
1789652455.1387765,35330,0,35330,1.547
1789652455.1459982,35340,0,35340,1.547
1789652455.1532342,35350,0,35350,1.548
1789652455.158325,35360,0,35360,1.548
1789652455.163357,35370,0,35370,1.549
1789652455.1699681,35380,0,35380,1.55
1789652455.1779888,35390,0,35390,1.55
1789652455.1885352,35400,0,35400,1.551
1789652455.1941404,35410,0,35410,1.551
1789652455.1990542,35420,0,35420,1.552
1789652455.2036288,35430,0,35430,1.552
1789652455.2101433,35440,0,35440,1.553
1789652455.2179883,35450,0,35450,1.554
1789652455.2279544,35460,0,35460,1.554
1789652455.2372336,35470,0,35470,1.555
1789652455.250841,35480,0,35480,1.555
1789652455.260512,35490,0,35490,1.556
1789652455.2732437,35500,0,35500,1.556
1789652455.2833967,35510,0,35510,1.557
1789652455.2897027,35520,0,35520,1.558
1789652455.2958548,35530,0,35530,1.558
1789652455.3051512,35540,0,35540,1.559
1789652455.331787,35550,0,35550,1.559
1789652455.3540905,35560,0,35560,1.56
1789652455.3644302,35570,0,35570,1.56
1789652455.375339,35580,0,35580,1.561
1789652455.3832645,35590,0,35590,1.562
1789652455.3911016,35600,0,35600,1.562
1789652455.4001591,35610,0,35610,1.563
1789652455.4052818,35620,0,35620,1.563
1789652455.4137347,35630,0,35630,1.564
1789652455.4214404,35640,0,35640,1.565
1789652455.427879,35650,0,35650,1.565
1789652455.43286,35660,0,35660,1.566
1789652455.438104,35670,0,35670,1.566
1789652455.4458168,35680,0,35680,1.567
1789652455.4533396,35690,0,35690,1.567
1789652455.4594803,35700,0,35700,1.568
1789652455.4656181,35710,0,35710,1.569
1789652455.473673,35720,0,35720,1.569
1789652455.4805639,35730,0,35730,1.57
1789652455.4906955,35740,0,35740,1.57
1789652455.4993098,35750,0,35750,1.571
1789652455.509141,35760,0,35760,1.572
1789652455.5167558,35770,0,35770,1.572
1789652455.5240746,35780,0,35780,1.573
1789652455.53137,35790,0,35790,1.573
1789652455.5375857,35800,0,35800,1.574
1789652455.542475,35810,0,35810,1.575
1789652455.5471342,35820,0,35820,1.575
1789652455.5619845,35830,0,35830,1.576
1789652455.5747035,35840,0,35840,1.576
1789652455.6062675,35850,0,35850,1.577
1789652455.6206932,35860,0,35860,1.577
1789652455.6317887,35870,0,35870,1.578
1789652455.6449864,35880,0,35880,1.579
1789652455.6591878,35890,0,35890,1.579
1789652455.6664417,35900,0,35900,1.58
1789652455.6737528,35910,0,35910,1.58
1789652455.6853564,35920,0,35920,1.581
1789652455.698596,35930,0,35930,1.582
1789652455.7092035,35940,0,35940,1.582
1789652455.720418,35950,0,35950,1.583
1789652455.7357414,35960,0,35960,1.584
1789652455.7426536,35970,0,35970,1.584
1789652455.7535217,35980,0,35980,1.585
1789652455.7673028,35990,0,35990,1.585
1789652455.7866015,36000,0,36000,1.586
1789652455.793042,36010,0,36010,1.587
1789652455.7982812,36020,0,36020,1.587
1789652455.8087773,36030,0,36030,1.588
1789652455.8155882,36040,0,36040,1.588
1789652455.8209827,36050,0,36050,1.589
1789652455.8263443,36060,0,36060,1.59
1789652455.8340096,36070,0,36070,1.59
1789652455.8410165,36080,0,36080,1.591
1789652455.8492062,36090,0,36090,1.592
1789652455.8561332,36100,0,36100,1.592
1789652456.3359668,36110,0,36110,1.592
1789652456.346401,36120,0,36120,1.592
1789652456.3579547,36130,0,36130,1.591
1789652456.3710725,36140,0,36140,1.591
1789652456.3863626,36150,0,36150,1.59
1789652456.3969867,36160,0,36160,1.59
1789652456.4102125,36170,0,36170,1.59
1789652456.476729,36180,0,36180,1.589
1789652456.5110679,36190,0,36190,1.589
1789652456.52826,36200,0,36200,1.588
1789652456.5670774,36210,0,36210,1.588
1789652456.5752165,36220,0,36220,1.587
1789652456.5825284,36230,0,36230,1.587
1789652456.5932257,36240,0,36240,1.587
1789652456.6078007,36250,0,36250,1.586
1789652456.6270492,36260,0,36260,1.586
1789652456.6434624,36270,0,36270,1.585
1789652456.659245,36280,0,36280,1.585
1789652456.6684823,36290,0,36290,1.584
1789652456.6959107,36300,0,36300,1.584
1789652456.7087402,36310,0,36310,1.583
1789652456.7233865,36320,0,36320,1.583
1789652456.7398808,36330,0,36330,1.583
1789652456.7548642,36340,0,36340,1.582
1789652456.7697744,36350,0,36350,1.582
1789652456.78031,36360,0,36360,1.581
1789652456.8074675,36370,0,36370,1.581
1789652456.8317523,36380,0,36380,1.58
1789652456.8530657,36390,0,36390,1.58
1789652456.8686104,36400,0,36400,1.58
1789652456.886265,36410,0,36410,1.579
1789652456.9338994,36420,0,36420,1.579
1789652456.960876,36430,0,36430,1.578
1789652456.9798434,36440,0,36440,1.578
1789652457.004866,36450,0,36450,1.577
1789652457.0152786,36460,0,36460,1.577
1789652457.031846,36470,0,36470,1.577
1789652457.0711687,36480,0,36480,1.576
1789652457.081714,36490,0,36490,1.576
1789652457.0910258,36500,0,36500,1.575
1789652457.102183,36510,0,36510,1.575
1789652457.1129568,36520,0,36520,1.574
1789652457.1224513,36530,0,36530,1.574
1789652457.1352143,36540,0,36540,1.574
1789652457.156216,36550,0,36550,1.573
1789652457.18322,36560,0,36560,1.573
1789652457.1975682,36570,0,36570,1.572
1789652457.2078595,36580,0,36580,1.572
1789652457.217936,36590,0,36590,1.571
1789652457.2267911,36600,0,36600,1.571
1789652457.2388813,36610,0,36610,1.571
1789652457.2491014,36620,0,36620,1.57
1789652457.2588232,36630,0,36630,1.57
1789652457.2722726,36640,0,36640,1.569
1789652457.2875106,36650,0,36650,1.569
1789652457.316394,36660,0,36660,1.568
1789652457.3321996,36670,0,36670,1.568
1789652457.3485484,36680,0,36680,1.568
1789652457.358993,36690,0,36690,1.567
1789652457.3739488,36700,0,36700,1.567
1789652457.3911598,36710,0,36710,1.566
1789652457.409493,36720,0,36720,1.566
1789652457.4444108,36730,0,36730,1.565
1789652457.45999,36740,0,36740,1.565
1789652457.4708962,36750,0,36750,1.565
1789652457.4856207,36760,0,36760,1.564
1789652457.5060587,36770,0,36770,1.564
1789652457.5251148,36780,0,36780,1.563
1789652457.5416873,36790,0,36790,1.563
1789652457.5609262,36800,0,36800,1.562
1789652457.5719886,36810,0,36810,1.562
1789652457.5906658,36820,0,36820,1.562
1789652457.6036532,36830,0,36830,1.561
1789652457.6162288,36840,0,36840,1.561
1789652457.629064,36850,0,36850,1.56
1789652457.6383822,36860,0,36860,1.56
1789652457.6484294,36870,0,36870,1.559
1789652457.6579413,36880,0,36880,1.559
1789652457.6781938,36890,0,36890,1.559
1789652457.6912537,36900,0,36900,1.558
1789652457.7029786,36910,0,36910,1.558
1789652457.71519,36920,0,36920,1.557
1789652457.8635948,36930,0,36930,1.557
1789652457.8730147,36940,0,36940,1.557
1789652457.8774807,36950,0,36950,1.557
1789652457.8813362,36960,0,36960,1.557
1789652457.8880174,36970,0,36970,1.557
1789652457.8939693,36980,0,36980,1.558
1789652457.8990672,36990,0,36990,1.558
1789652457.9054594,37000,0,37000,1.558
1789652457.9216332,37010,0,37010,1.558
1789652457.927025,37020,0,37020,1.558
1789652457.9341316,37030,0,37030,1.558
1789652457.945591,37040,0,37040,1.558
1789652457.9521146,37050,0,37050,1.558
1789652457.95695,37060,0,37060,1.559
1789652457.964795,37070,0,37070,1.559
1789652457.9768863,37080,0,37080,1.559
1789652457.9864466,37090,0,37090,1.559
1789652457.9951713,37100,0,37100,1.559
1789652458.003419,37110,0,37110,1.559
1789652458.0109172,37120,0,37120,1.559
1789652458.0159512,37130,0,37130,1.56
1789652458.020861,37140,0,37140,1.56
1789652458.0270598,37150,0,37150,1.56
1789652458.0336533,37160,0,37160,1.56
1789652458.0423102,37170,0,37170,1.56
1789652458.0491793,37180,0,37180,1.56
1789652458.0555413,37190,0,37190,1.561
1789652458.0609083,37200,0,37200,1.561
1789652458.0689657,37210,0,37210,1.561
1789652458.0871584,37220,0,37220,1.561
1789652458.1035333,37230,0,37230,1.561
1789652458.112087,37240,0,37240,1.561
1789652458.1219356,37250,0,37250,1.561
1789652458.1280413,37260,0,37260,1.562
1789652458.1344805,37270,0,37270,1.562
1789652458.1406302,37280,0,37280,1.562
1789652458.1466985,37290,0,37290,1.562
1789652458.1550262,37300,0,37300,1.562
1789652458.1623828,37310,0,37310,1.563
1789652458.170914,37320,0,37320,1.563
1789652458.17611,37330,0,37330,1.563
1789652458.1817064,37340,0,37340,1.563
1789652458.1884167,37350,0,37350,1.563
1789652458.1956716,37360,0,37360,1.563
1789652458.2019942,37370,0,37370,1.564
1789652458.2095788,37380,0,37380,1.564
1789652458.2161999,37390,0,37390,1.564
1789652458.2239506,37400,0,37400,1.564
1789652458.2317746,37410,0,37410,1.564
1789652458.2462947,37420,0,37420,1.565
1789652458.2615907,37430,0,37430,1.565
1789652458.2740579,37440,0,37440,1.565
1789652458.2817984,37450,0,37450,1.565
1789652458.2888846,37460,0,37460,1.565
1789652458.29346,37470,0,37470,1.566
1789652458.2981153,37480,0,37480,1.566
1789652458.3033156,37490,0,37490,1.566
1789652458.3080294,37500,0,37500,1.566
1789652458.312599,37510,0,37510,1.566
1789652458.3179,37520,0,37520,1.567
1789652458.3235054,37530,0,37530,1.567
1789652458.3284018,37540,0,37540,1.567
1789652458.3343344,37550,0,37550,1.567
1789652458.342217,37560,0,37560,1.567
1789652458.350537,37570,0,37570,1.568
1789652458.3584108,37580,0,37580,1.568
1789652458.3660421,37590,0,37590,1.568
1789652458.373003,37600,0,37600,1.568
1789652458.3821688,37610,0,37610,1.568
1789652458.3881898,37620,0,37620,1.569
1789652458.3954456,37630,0,37630,1.569
1789652458.402524,37640,0,37640,1.569
1789652458.4159052,37650,0,37650,1.569
1789652458.4208016,37660,0,37660,1.57
1789652458.4319496,37670,0,37670,1.57
1789652458.4380429,37680,0,37680,1.57
1789652458.4543898,37690,0,37690,1.57
1789652458.4621556,37700,0,37700,1.57
1789652458.4699814,37710,0,37710,1.571
1789652458.4774806,37720,0,37720,1.571
1789652458.4837942,37730,0,37730,1.571
1789652458.4907072,37740,0,37740,1.571
1789652458.4979794,37750,0,37750,1.572
1789652458.5057266,37760,0,37760,1.572
1789652458.512529,37770,0,37770,1.572
1789652458.5194309,37780,0,37780,1.572
1789652458.5248716,37790,0,37790,1.573
1789652458.5317953,37800,0,37800,1.573
1789652458.53684,37810,0,37810,1.573
1789652458.5417864,37820,0,37820,1.573
1789652458.5481815,37830,0,37830,1.574
1789652458.564446,37840,0,37840,1.574
1789652458.5874739,37850,0,37850,1.574
1789652458.5987642,37860,0,37860,1.574
1789652458.6085782,37870,0,37870,1.575
1789652458.6182983,37880,0,37880,1.575
1789652458.625478,37890,0,37890,1.575
1789652458.635115,37900,0,37900,1.575
1789652458.6414804,37910,0,37910,1.576
1789652458.647512,37920,0,37920,1.576
1789652458.653506,37930,0,37930,1.576
1789652458.6722877,37940,0,37940,1.576
1789652458.6815813,37950,0,37950,1.577
1789652458.6927834,37960,0,37960,1.577
1789652458.7076392,37970,0,37970,1.577
1789652458.7269719,37980,0,37980,1.577
1789652458.7471542,37990,0,37990,1.578
1789652458.7557507,38000,0,38000,1.578
1789652458.763732,38010,0,38010,1.578
1789652458.771062,38020,0,38020,1.579
1789652458.7798026,38030,0,38030,1.579
1789652458.788195,38040,0,38040,1.579
1789652458.794105,38050,0,38050,1.58
1789652458.8016098,38060,0,38060,1.58
1789652458.8118513,38070,0,38070,1.58
1789652458.8242261,38080,0,38080,1.58
1789652458.8361273,38090,0,38090,1.581
1789652458.8484223,38100,0,38100,1.581
1789652458.8595123,38110,0,38110,1.581
1789652458.8682332,38120,0,38120,1.582
1789652458.88093,38130,0,38130,1.582
1789652458.8997066,38140,0,38140,1.582
1789652458.909461,38150,0,38150,1.583
1789652458.9163263,38160,0,38160,1.583
1789652458.9245286,38170,0,38170,1.583
1789652458.930459,38180,0,38180,1.583
1789652458.9375055,38190,0,38190,1.584
1789652458.9434133,38200,0,38200,1.584
1789652458.9482934,38210,0,38210,1.584
1789652458.9566996,38220,0,38220,1.585
1789652458.9643507,38230,0,38230,1.585
1789652458.9724772,38240,0,38240,1.585
1789652458.979855,38250,0,38250,1.586
1789652458.9869466,38260,0,38260,1.586
1789652458.9924538,38270,0,38270,1.586
1789652458.997308,38280,0,38280,1.587
1789652459.002681,38290,0,38290,1.587
1789652459.0078943,38300,0,38300,1.587
1789652459.0128353,38310,0,38310,1.588
1789652459.0179598,38320,0,38320,1.588
1789652459.0230873,38330,0,38330,1.588
1789652459.0276906,38340,0,38340,1.589
1789652459.0322409,38350,0,38350,1.589
1789652459.0375454,38360,0,38360,1.589
1789652459.042461,38370,0,38370,1.59
1789652459.0469265,38380,0,38380,1.59
1789652459.0577283,38390,0,38390,1.59
1789652459.065609,38400,0,38400,1.591
1789652459.072676,38410,0,38410,1.591
1789652459.0810342,38420,0,38420,1.591
1789652459.0895538,38430,0,38430,1.592
1789652459.0987036,38440,0,38440,1.592
1789652459.113039,38450,0,38450,1.593
1789652459.123256,38460,0,38460,1.593
1789652459.1315794,38470,0,38470,1.593
1789652459.1411636,38480,0,38480,1.594
1789652459.1506708,38490,0,38490,1.594
1789652459.158891,38500,0,38500,1.594
1789652459.1671886,38510,0,38510,1.595
1789652459.1746895,38520,0,38520,1.595
1789652459.1822224,38530,0,38530,1.595
1789652459.187785,38540,0,38540,1.596
1789652459.1958332,38550,0,38550,1.596
1789652459.2039986,38560,0,38560,1.596
1789652459.209448,38570,0,38570,1.597
1789652459.2161665,38580,0,38580,1.597
1789652459.2293472,38590,0,38590,1.598
1789652459.2427366,38600,0,38600,1.598
1789652459.2501261,38610,0,38610,1.598
1789652459.2594247,38620,0,38620,1.599
1789652459.273031,38630,0,38630,1.599
1789652459.2835515,38640,0,38640,1.599
1789652459.2919395,38650,0,38650,1.6
1789652459.3007016,38660,0,38660,1.6
1789652459.3164907,38670,0,38670,1.601
1789652459.3309028,38680,0,38680,1.601
1789652459.339872,38690,0,38690,1.601
1789652459.3565521,38700,0,38700,1.602
1789652459.3737044,38710,0,38710,1.602
1789652459.3865128,38720,0,38720,1.603
1789652459.3940947,38730,0,38730,1.603
1789652459.4026072,38740,0,38740,1.603
1789652459.4221597,38750,0,38750,1.604
1789652459.4305813,38760,0,38760,1.604
1789652459.4464025,38770,0,38770,1.605
1789652459.4550793,38780,0,38780,1.605
1789652459.4617198,38790,0,38790,1.605
1789652459.4686568,38800,0,38800,1.606
1789652459.4759154,38810,0,38810,1.606
1789652459.4815671,38820,0,38820,1.607
1789652459.4879718,38830,0,38830,1.607
1789652459.4948645,38840,0,38840,1.608
1789652459.499872,38850,0,38850,1.608
1789652459.5081508,38860,0,38860,1.608
1789652459.515357,38870,0,38870,1.609
1789652459.5211082,38880,0,38880,1.609
1789652459.526355,38890,0,38890,1.61
1789652459.531415,38900,0,38900,1.61
1789652459.5373456,38910,0,38910,1.611
1789652459.5430074,38920,0,38920,1.611
1789652459.5495713,38930,0,38930,1.611
1789652459.5580304,38940,0,38940,1.612
1789652459.5665624,38950,0,38950,1.612
1789652459.5759687,38960,0,38960,1.613
1789652459.5848436,38970,0,38970,1.613
1789652459.6088645,38980,0,38980,1.614
1789652459.620176,38990,0,38990,1.614
1789652459.6260066,39000,0,39000,1.614
1789652459.6317716,39010,0,39010,1.615
1789652459.6371825,39020,0,39020,1.615
1789652459.6438873,39030,0,39030,1.616
1789652459.6492772,39040,0,39040,1.616
1789652459.6547472,39050,0,39050,1.617
1789652459.6648252,39060,0,39060,1.617
1789652459.6700094,39070,0,39070,1.618
1789652459.6755402,39080,0,39080,1.618
1789652459.6835883,39090,0,39090,1.618
1789652459.6927106,39100,0,39100,1.619
1789652459.7015624,39110,0,39110,1.619
1789652459.712566,39120,0,39120,1.62
1789652459.722419,39130,0,39130,1.62
1789652459.7289896,39140,0,39140,1.621
1789652459.736045,39150,0,39150,1.621
1789652459.7421505,39160,0,39160,1.622
1789652459.747039,39170,0,39170,1.622
1789652459.7523208,39180,0,39180,1.623
1789652459.7580726,39190,0,39190,1.623
1789652459.7632096,39200,0,39200,1.624
1789652459.768358,39210,0,39210,1.624
1789652459.7734444,39220,0,39220,1.624
1789652459.778784,39230,0,39230,1.625
1789652459.7846656,39240,0,39240,1.625
1789652459.790116,39250,0,39250,1.626
1789652459.7948966,39260,0,39260,1.626
1789652459.800842,39270,0,39270,1.627
1789652459.805997,39280,0,39280,1.627
1789652459.8108144,39290,0,39290,1.628
1789652459.8175242,39300,0,39300,1.628
1789652459.8244948,39310,0,39310,1.629
1789652459.8378496,39320,0,39320,1.629
1789652459.8504431,39330,0,39330,1.63
1789652459.862291,39340,0,39340,1.63
1789652459.8708441,39350,0,39350,1.63
1789652459.882958,39360,0,39360,1.631
1789652459.8905485,39370,0,39370,1.631
1789652459.8966227,39380,0,39380,1.632
1789652459.9038155,39390,0,39390,1.632
1789652459.910996,39400,0,39400,1.633
1789652459.915869,39410,0,39410,1.633
1789652459.922342,39420,0,39420,1.634
1789652459.9299595,39430,0,39430,1.634
1789652459.9369204,39440,0,39440,1.635
1789652459.9433813,39450,0,39450,1.635
1789652459.9513087,39460,0,39460,1.636
1789652459.958755,39470,0,39470,1.636
1789652459.968613,39480,0,39480,1.637
1789652459.9817083,39490,0,39490,1.637
1789652459.9918342,39500,0,39500,1.638
1789652460.0000353,39510,0,39510,1.638
1789652460.0079174,39520,0,39520,1.639
1789652460.0158868,39530,0,39530,1.639
1789652460.0238945,39540,0,39540,1.64
1789652460.0306714,39550,0,39550,1.64
1789652460.0508783,39560,0,39560,1.641
1789652460.0676584,39570,0,39570,1.641
1789652460.0783522,39580,0,39580,1.642
1789652460.107825,39590,0,39590,1.642
1789652460.119695,39600,0,39600,1.643
1789652460.1279845,39610,0,39610,1.643
1789652460.1400921,39620,0,39620,1.644
1789652460.1463466,39630,0,39630,1.644
1789652460.1535873,39640,0,39640,1.645
1789652460.1613386,39650,0,39650,1.645
1789652460.1666286,39660,0,39660,1.646
1789652460.1718347,39670,0,39670,1.646
1789652460.1777344,39680,0,39680,1.647
1789652460.1830075,39690,0,39690,1.647
1789652460.1883373,39700,0,39700,1.648
1789652460.1954644,39710,0,39710,1.648
1789652460.2023914,39720,0,39720,1.649
1789652460.2093732,39730,0,39730,1.649
1789652460.217197,39740,0,39740,1.65
1789652460.2249765,39750,0,39750,1.65
1789652460.2480156,39760,0,39760,1.651
1789652460.258072,39770,0,39770,1.651
1789652460.272558,39780,0,39780,1.652
1789652460.2864068,39790,0,39790,1.652
1789652460.2961757,39800,0,39800,1.653
1789652460.3065522,39810,0,39810,1.653
1789652460.315509,39820,0,39820,1.654
1789652460.3227916,39830,0,39830,1.654
1789652460.3289762,39840,0,39840,1.655
1789652460.339868,39850,0,39850,1.655
1789652460.3506799,39860,0,39860,1.656
1789652460.3611987,39870,0,39870,1.656
1789652460.367672,39880,0,39880,1.657
1789652460.3737876,39890,0,39890,1.657
1789652460.3813896,39900,0,39900,1.658
1789652460.3884966,39910,0,39910,1.659
1789652460.3948092,39920,0,39920,1.659
1789652460.401342,39930,0,39930,1.66
1789652460.4089508,39940,0,39940,1.66
1789652460.4152668,39950,0,39950,1.661
1789652460.4217985,39960,0,39960,1.661
1789652460.4349353,39970,0,39970,1.662
1789652460.442522,39980,0,39980,1.662
1789652460.4595704,39990,0,39990,1.663
1789652460.473643,40000,0,40000,1.663
1789652460.4809344,40010,0,40010,1.664
1789652460.488479,40020,0,40020,1.664
1789652460.4951715,40030,0,40030,1.665
1789652460.5022936,40040,0,40040,1.665
1789652460.5075147,40050,0,40050,1.666
1789652460.5124738,40060,0,40060,1.667
1789652460.5175216,40070,0,40070,1.667
1789652460.5224607,40080,0,40080,1.668
1789652460.527447,40090,0,40090,1.668
1789652460.5322442,40100,0,40100,1.669
1789652460.5375223,40110,0,40110,1.669
1789652460.5425858,40120,0,40120,1.67
1789652460.5474555,40130,0,40130,1.67
1789652460.553095,40140,0,40140,1.671
1789652460.5580702,40150,0,40150,1.671
1789652460.5628874,40160,0,40160,1.672
1789652460.5701752,40170,0,40170,1.672
1789652460.5806923,40180,0,40180,1.673
1789652460.5923412,40190,0,40190,1.674
1789652460.6084802,40200,0,40200,1.674
1789652460.6182666,40210,0,40210,1.675
1789652460.628961,40220,0,40220,1.675
1789652460.6580827,40230,0,40230,1.676
1789652460.6674829,40240,0,40240,1.676
1789652460.677567,40250,0,40250,1.677
1789652460.685872,40260,0,40260,1.677
1789652460.6958916,40270,0,40270,1.678
1789652460.705529,40280,0,40280,1.678
1789652460.7160137,40290,0,40290,1.679
1789652460.726429,40300,0,40300,1.68
1789652460.7357585,40310,0,40310,1.68
1789652460.7468922,40320,0,40320,1.681
1789652460.75721,40330,0,40330,1.681
1789652460.7632227,40340,0,40340,1.682
1789652460.7737021,40350,0,40350,1.682
1789652460.7790055,40360,0,40360,1.683
1789652460.7860703,40370,0,40370,1.683
1789652460.7917948,40380,0,40380,1.684
1789652460.796672,40390,0,40390,1.684
1789652460.8248594,40400,0,40400,1.685
1789652460.8320677,40410,0,40410,1.686
1789652460.8391147,40420,0,40420,1.686
1789652460.8450117,40430,0,40430,1.687
1789652460.8507106,40440,0,40440,1.687
1789652460.8555112,40450,0,40450,1.688
1789652460.8603234,40460,0,40460,1.688
1789652460.8659472,40470,0,40470,1.689
1789652460.870919,40480,0,40480,1.689
1789652460.8759246,40490,0,40490,1.69
1789652460.8818915,40500,0,40500,1.691
1789652460.887036,40510,0,40510,1.691
1789652460.893257,40520,0,40520,1.692
1789652460.8983064,40530,0,40530,1.692
1789652460.9039645,40540,0,40540,1.693
1789652460.9097052,40550,0,40550,1.693
1789652460.9178545,40560,0,40560,1.694
1789652460.9266427,40570,0,40570,1.694
1789652460.9430814,40580,0,40580,1.695
1789652460.9594185,40590,0,40590,1.695
1789652460.974164,40600,0,40600,1.696
1789652460.9835594,40610,0,40610,1.697
1789652460.9935877,40620,0,40620,1.697
1789652461.004184,40630,0,40630,1.698
1789652461.0187743,40640,0,40640,1.698
1789652461.0258763,40650,0,40650,1.699
1789652461.0413709,40660,0,40660,1.699
1789652461.0476608,40670,0,40670,1.7
1789652461.058173,40680,0,40680,1.7
1789652461.0715806,40690,0,40690,1.701
1789652461.0841548,40700,0,40700,1.701
1789652461.09397,40710,0,40710,1.702
1789652461.12073,40720,0,40720,1.703
1789652461.128761,40730,0,40730,1.703
1789652461.1364453,40740,0,40740,1.704
1789652461.1438801,40750,0,40750,1.704
1789652461.1506982,40760,0,40760,1.705
1789652461.1571782,40770,0,40770,1.705
1789652461.163499,40780,0,40780,1.706
1789652461.1684554,40790,0,40790,1.706
1789652461.1736305,40800,0,40800,1.707
1789652461.178929,40810,0,40810,1.707
1789652461.1837661,40820,0,40820,1.708
1789652461.1886697,40830,0,40830,1.709
1789652461.1950676,40840,0,40840,1.709
1789652461.2011867,40850,0,40850,1.71
1789652461.2076063,40860,0,40860,1.71
1789652461.2161958,40870,0,40870,1.711
1789652461.224096,40880,0,40880,1.711
1789652461.2324862,40890,0,40890,1.712
1789652461.2399898,40900,0,40900,1.712
1789652461.2472596,40910,0,40910,1.713
1789652461.2546227,40920,0,40920,1.713
1789652461.271045,40930,0,40930,1.714
1789652461.279134,40940,0,40940,1.715
1789652461.2870393,40950,0,40950,1.715
1789652461.2966201,40960,0,40960,1.716
1789652461.3062835,40970,0,40970,1.716
1789652461.3180587,40980,0,40980,1.717
1789652461.3248775,40990,0,40990,1.717
1789652461.3314633,41000,0,41000,1.718
1789652461.3364503,41010,0,41010,1.718
1789652461.3423269,41020,0,41020,1.719
1789652461.3502793,41030,0,41030,1.72
1789652461.3639033,41040,0,41040,1.72
1789652461.3779361,41050,0,41050,1.721
1789652461.3859458,41060,0,41060,1.721
1789652461.3930151,41070,0,41070,1.722
1789652461.399802,41080,0,41080,1.722
1789652461.4087703,41090,0,41090,1.723
1789652461.424269,41100,0,41100,1.723
1789652461.4516587,41110,0,41110,1.724
1789652461.467394,41120,0,41120,1.724
1789652461.4810789,41130,0,41130,1.725
1789652461.4886894,41140,0,41140,1.726
1789652461.4966874,41150,0,41150,1.726
1789652461.511618,41160,0,41160,1.727
1789652461.5186515,41170,0,41170,1.727
1789652461.5240936,41180,0,41180,1.728
1789652461.529405,41190,0,41190,1.728
1789652461.5348442,41200,0,41200,1.729
1789652461.5399582,41210,0,41210,1.729
1789652461.5449874,41220,0,41220,1.73
1789652461.5511258,41230,0,41230,1.73
1789652461.5577643,41240,0,41240,1.731
1789652461.5655842,41250,0,41250,1.731
1789652461.5802982,41260,0,41260,1.732
1789652461.5891879,41270,0,41270,1.732
1789652461.5985634,41280,0,41280,1.733
1789652461.6123235,41290,0,41290,1.733
1789652461.617823,41300,0,41300,1.734
1789652461.6229608,41310,0,41310,1.735
1789652461.6289947,41320,0,41320,1.735
1789652461.6344678,41330,0,41330,1.736
1789652461.6406267,41340,0,41340,1.736
1789652461.6503198,41350,0,41350,1.737
1789652461.6561868,41360,0,41360,1.737
1789652461.6634114,41370,0,41370,1.738
1789652461.6690278,41380,0,41380,1.738
1789652461.675822,41390,0,41390,1.739
1789652461.681538,41400,0,41400,1.739
1789652461.68639,41410,0,41410,1.74
1789652461.6916623,41420,0,41420,1.74
1789652461.6966279,41430,0,41430,1.741
1789652461.7015617,41440,0,41440,1.741
1789652461.7077959,41450,0,41450,1.742
1789652461.7146728,41460,0,41460,1.743
1789652461.7253733,41470,0,41470,1.743
1789652461.7336369,41480,0,41480,1.744
1789652461.7417135,41490,0,41490,1.744
1789652461.7486138,41500,0,41500,1.745
1789652461.755255,41510,0,41510,1.745
1789652461.7643554,41520,0,41520,1.746
1789652461.7734182,41530,0,41530,1.746
1789652461.781143,41540,0,41540,1.747
1789652461.7915306,41550,0,41550,1.747
1789652461.8149436,41560,0,41560,1.748
1789652461.83718,41570,0,41570,1.749
1789652461.8449194,41580,0,41580,1.749
1789652461.8697667,41590,0,41590,1.75
1789652461.8820674,41600,0,41600,1.75
1789652461.8969808,41610,0,41610,1.751
1789652461.909376,41620,0,41620,1.751
1789652461.9224136,41630,0,41630,1.752
1789652461.9292917,41640,0,41640,1.752
1789652461.9356654,41650,0,41650,1.753
1789652461.941382,41660,0,41660,1.754
1789652461.9462502,41670,0,41670,1.754
1789652461.951745,41680,0,41680,1.755
1789652461.957466,41690,0,41690,1.755
1789652461.9624867,41700,0,41700,1.756
1789652461.967453,41710,0,41710,1.757
1789652461.9727373,41720,0,41720,1.757
1789652461.979056,41730,0,41730,1.758
1789652461.9865255,41740,0,41740,1.758
1789652461.9923432,41750,0,41750,1.759
1789652461.997289,41760,0,41760,1.759
1789652462.0051627,41770,0,41770,1.76
1789652462.0124016,41780,0,41780,1.761
1789652462.0211854,41790,0,41790,1.761
1789652462.0347705,41800,0,41800,1.762
1789652462.0421693,41810,0,41810,1.762
1789652462.0502107,41820,0,41820,1.763
1789652462.0667133,41830,0,41830,1.764
1789652462.0784388,41840,0,41840,1.764
1789652462.092218,41850,0,41850,1.765
1789652462.0988088,41860,0,41860,1.765
1789652462.1040323,41870,0,41870,1.766
1789652462.1091902,41880,0,41880,1.767
1789652462.1153555,41890,0,41890,1.767
1789652462.1201656,41900,0,41900,1.768
1789652462.1248586,41910,0,41910,1.768
1789652462.131523,41920,0,41920,1.769
1789652462.137605,41930,0,41930,1.77
1789652462.1434681,41940,0,41940,1.77
1789652462.1519654,41950,0,41950,1.771
1789652462.1610334,41960,0,41960,1.771
1789652462.17013,41970,0,41970,1.772
1789652462.1800218,41980,0,41980,1.773
1789652462.188425,41990,0,41990,1.773
1789652462.194653,42000,0,42000,1.774
1789652462.2016733,42010,0,42010,1.775
1789652462.2135534,42020,0,42020,1.775
1789652462.2190306,42030,0,42030,1.776
1789652462.2283762,42040,0,42040,1.776
1789652462.2399015,42050,0,42050,1.777
1789652462.2470403,42060,0,42060,1.776
1789652462.2524557,42070,0,42070,1.776
1789652462.2574651,42080,0,42080,1.776
1789652462.2648253,42090,0,42090,1.775
1789652462.274912,42100,0,42100,1.775
1789652462.2927568,42110,0,42110,1.774
1789652462.310899,42120,0,42120,1.774
1789652462.3215315,42130,0,42130,1.774
1789652462.3354733,42140,0,42140,1.773
1789652462.3453088,42150,0,42150,1.773
1789652462.375258,42160,0,42160,1.772
1789652462.3835275,42170,0,42170,1.772
1789652462.3936727,42180,0,42180,1.771
1789652462.4115255,42190,0,42190,1.771
1789652462.4354634,42200,0,42200,1.771
1789652462.442026,42210,0,42210,1.77
1789652462.4553833,42220,0,42220,1.77
1789652462.4665773,42230,0,42230,1.769
1789652462.4849625,42240,0,42240,1.769
1789652462.5093877,42250,0,42250,1.768
1789652462.5250719,42260,0,42260,1.768
1789652462.537315,42270,0,42270,1.768
1789652462.546059,42280,0,42280,1.767
1789652462.5591636,42290,0,42290,1.767
1789652462.5743392,42300,0,42300,1.766
1789652462.5847611,42310,0,42310,1.766
1789652462.5932813,42320,0,42320,1.766
1789652462.6198971,42330,0,42330,1.765
1789652462.6322777,42340,0,42340,1.765
1789652462.645213,42350,0,42350,1.764
1789652462.6618195,42360,0,42360,1.764
1789652462.6810555,42370,0,42370,1.763
1789652462.6919417,42380,0,42380,1.763
1789652462.703008,42390,0,42390,1.763
1789652462.713349,42400,0,42400,1.762
1789652462.7547874,42410,0,42410,1.762
1789652462.801209,42420,0,42420,1.761
1789652462.8657558,42430,0,42430,1.761
1789652462.9010174,42440,0,42440,1.761
1789652462.9338691,42450,0,42450,1.76
1789652462.9469604,42460,0,42460,1.76
1789652462.9572012,42470,0,42470,1.759
1789652462.9664245,42480,0,42480,1.759
1789652462.9907136,42490,0,42490,1.758
1789652463.0110266,42500,0,42500,1.758
1789652463.03364,42510,0,42510,1.758
1789652463.0606701,42520,0,42520,1.757
1789652463.0773556,42530,0,42530,1.757
1789652463.107559,42540,0,42540,1.756
1789652463.1287792,42550,0,42550,1.756
1789652463.1471503,42560,0,42560,1.756
1789652463.1676168,42570,0,42570,1.755
1789652463.1859972,42580,0,42580,1.755
1789652463.2082708,42590,0,42590,1.754
1789652463.2285416,42600,0,42600,1.754
1789652463.240264,42610,0,42610,1.754
1789652463.2515278,42620,0,42620,1.753
1789652463.262368,42630,0,42630,1.753
1789652463.2726908,42640,0,42640,1.752
1789652463.2925022,42650,0,42650,1.752
1789652463.3168864,42660,0,42660,1.751
1789652463.3292155,42670,0,42670,1.751
1789652463.3450406,42680,0,42680,1.751
1789652463.3698938,42690,0,42690,1.75
1789652463.3954413,42700,0,42700,1.75
1789652463.4349506,42710,0,42710,1.749
1789652463.5971055,42720,0,42720,1.749
1789652463.61843,42730,0,42730,1.749
1789652463.6592546,42740,0,42740,1.748
1789652463.6875753,42750,0,42750,1.748
1789652463.7037067,42760,0,42760,1.747
1789652463.7157228,42770,0,42770,1.747
1789652463.7273355,42780,0,42780,1.747
1789652463.7374032,42790,0,42790,1.746
1789652463.747029,42800,0,42800,1.746
1789652463.7668853,42810,0,42810,1.745
1789652463.7851362,42820,0,42820,1.745
1789652463.8157613,42830,0,42830,1.745
1789652463.8580928,42840,0,42840,1.744
1789652463.9062924,42850,0,42850,1.744
1789652463.9372075,42860,0,42860,1.743
1789652463.963617,42870,0,42870,1.743
1789652463.9886682,42880,0,42880,1.742
1789652464.0036683,42890,0,42890,1.742
1789652464.0313003,42900,0,42900,1.742
1789652464.0589194,42910,0,42910,1.741
1789652464.0805926,42920,0,42920,1.741
1789652464.1168563,42930,0,42930,1.74
1789652464.1322646,42940,0,42940,1.74
1789652464.1467166,42950,0,42950,1.74
1789652464.1602678,42960,0,42960,1.739
1789652464.174208,42970,0,42970,1.739
1789652464.188389,42980,0,42980,1.738
1789652464.199363,42990,0,42990,1.738
1789652464.2094202,43000,0,43000,1.738
1789652464.2313027,43010,0,43010,1.737
1789652464.2412984,43020,0,43020,1.737
1789652464.2453845,43030,0,43030,1.737
1789652464.2489786,43040,0,43040,1.737
1789652464.2537239,43050,0,43050,1.737
1789652464.2575858,43060,0,43060,1.737
1789652464.261329,43070,0,43070,1.737
1789652464.2657313,43080,0,43080,1.737
1789652464.2698941,43090,0,43090,1.737
1789652464.2737076,43100,0,43100,1.737
1789652464.277384,43110,0,43110,1.737
1789652464.281217,43120,0,43120,1.737
1789652464.285552,43130,0,43130,1.738
1789652464.289521,43140,0,43140,1.738
1789652464.2935517,43150,0,43150,1.738
1789652464.2974346,43160,0,43160,1.738
1789652464.3032322,43170,0,43170,1.738
1789652464.3083482,43180,0,43180,1.738
1789652464.3132737,43190,0,43190,1.738
1789652464.3193836,43200,0,43200,1.738
1789652464.3243742,43210,0,43210,1.738
1789652464.3293388,43220,0,43220,1.738
1789652464.3347704,43230,0,43230,1.738
1789652464.3408003,43240,0,43240,1.738
1789652464.3605387,43250,0,43250,1.738
1789652464.3655226,43260,0,43260,1.738
1789652464.37088,43270,0,43270,1.738
1789652464.3778183,43280,0,43280,1.738
1789652464.3834364,43290,0,43290,1.738
1789652464.389658,43300,0,43300,1.738
1789652464.3948898,43310,0,43310,1.738
1789652464.3991232,43320,0,43320,1.738
1789652464.4034436,43330,0,43330,1.738
1789652464.410251,43340,0,43340,1.738
1789652464.4163942,43350,0,43350,1.738
1789652464.4227567,43360,0,43360,1.738
1789652464.4291945,43370,0,43370,1.738
1789652464.4348414,43380,0,43380,1.738
1789652464.443572,43390,0,43390,1.738
1789652464.4514565,43400,0,43400,1.738
1789652464.4598644,43410,0,43410,1.738
1789652464.467936,43420,0,43420,1.739
1789652464.4744701,43430,0,43430,1.739
1789652464.4807012,43440,0,43440,1.739
1789652464.4879835,43450,0,43450,1.739
1789652464.5000474,43460,0,43460,1.739
1789652464.505513,43470,0,43470,1.739
1789652464.5142949,43480,0,43480,1.739
1789652464.5224342,43490,0,43490,1.739
1789652464.5301669,43500,0,43500,1.739
1789652464.5383458,43510,0,43510,1.739
1789652464.5456314,43520,0,43520,1.739
1789652464.5552816,43530,0,43530,1.739
1789652464.5638475,43540,0,43540,1.739
1789652464.5779157,43550,0,43550,1.739
1789652464.5979552,43560,0,43560,1.739
1789652464.610145,43570,0,43570,1.739
1789652464.618557,43580,0,43580,1.739
1789652464.6257937,43590,0,43590,1.739
1789652464.634149,43600,0,43600,1.739
1789652464.6440072,43610,0,43610,1.739
1789652464.6549177,43620,0,43620,1.739
1789652464.663204,43630,0,43630,1.739
1789652464.6726365,43640,0,43640,1.74
1789652464.683931,43650,0,43650,1.74
1789652464.6974747,43660,0,43660,1.74
1789652464.7114418,43670,0,43670,1.74
1789652464.7194378,43680,0,43680,1.74
1789652464.7421045,43690,0,43690,1.74
1789652464.7540982,43700,0,43700,1.74
1789652464.7656379,43710,0,43710,1.74
1789652464.781606,43720,0,43720,1.74
1789652464.7977505,43730,0,43730,1.74
1789652464.808926,43740,0,43740,1.74
1789652464.8177378,43750,0,43750,1.74
1789652464.8336296,43760,0,43760,1.74
1789652464.842442,43770,0,43770,1.74
1789652464.8644238,43780,0,43780,1.741
1789652464.8769205,43790,0,43790,1.741
1789652464.8852754,43800,0,43800,1.741
1789652464.896357,43810,0,43810,1.741
1789652464.9066079,43820,0,43820,1.741
1789652464.917661,43830,0,43830,1.741
1789652464.9298322,43840,0,43840,1.741
1789652464.9407446,43850,0,43850,1.741
1789652464.9501367,43860,0,43860,1.741
1789652464.959699,43870,0,43870,1.741
1789652464.9702845,43880,0,43880,1.741
1789652464.980859,43890,0,43890,1.742
1789652464.9969807,43900,0,43900,1.742
1789652465.0191512,43910,0,43910,1.742
1789652465.030154,43920,0,43920,1.742
1789652465.0543962,43930,0,43930,1.742
1789652465.0662878,43940,0,43940,1.742
1789652465.0731578,43950,0,43950,1.742
1789652465.0798767,43960,0,43960,1.742
1789652465.086667,43970,0,43970,1.742
1789652465.0980575,43980,0,43980,1.743
1789652465.1048295,43990,0,43990,1.743
1789652465.1150582,44000,0,44000,1.743
1789652465.1257565,44010,0,44010,1.743
1789652465.1354084,44020,0,44020,1.743
1789652465.1439593,44030,0,44030,1.743
1789652465.150538,44040,0,44040,1.743
1789652465.1606889,44050,0,44050,1.743
1789652465.1673563,44060,0,44060,1.743
1789652465.174606,44070,0,44070,1.744
1789652465.1892986,44080,0,44080,1.744
1789652465.2120266,44090,0,44090,1.744
1789652465.221635,44100,0,44100,1.744
1789652465.2312489,44110,0,44110,1.744
1789652465.2388406,44120,0,44120,1.744
1789652465.2445369,44130,0,44130,1.744
1789652465.2505305,44140,0,44140,1.745
1789652465.2570357,44150,0,44150,1.745
1789652465.2626357,44160,0,44160,1.745
1789652465.2684667,44170,0,44170,1.745
1789652465.2738225,44180,0,44180,1.745
1789652465.2793198,44190,0,44190,1.745
1789652465.285069,44200,0,44200,1.745
1789652465.2900612,44210,0,44210,1.745
1789652465.2951217,44220,0,44220,1.746
1789652465.3017778,44230,0,44230,1.746
1789652465.3172405,44240,0,44240,1.746
1789652465.33818,44250,0,44250,1.746
1789652465.358268,44260,0,44260,1.746
1789652465.3849652,44270,0,44270,1.746
1789652465.4044092,44280,0,44280,1.746
1789652465.4158003,44290,0,44290,1.747
1789652465.4274914,44300,0,44300,1.747
1789652465.440526,44310,0,44310,1.747
1789652465.4533985,44320,0,44320,1.747
1789652465.460399,44330,0,44330,1.747
1789652465.4671435,44340,0,44340,1.747
1789652465.4733858,44350,0,44350,1.747
1789652465.4784942,44360,0,44360,1.748
1789652465.4861586,44370,0,44370,1.748
1789652465.4921863,44380,0,44380,1.748
1789652465.497385,44390,0,44390,1.748
1789652465.5072553,44400,0,44400,1.748
1789652465.518588,44410,0,44410,1.748
1789652465.5272985,44420,0,44420,1.749
1789652465.5413632,44430,0,44430,1.749
1789652465.5494885,44440,0,44440,1.749
1789652465.5548375,44450,0,44450,1.749
1789652465.5603201,44460,0,44460,1.749
1789652465.5703502,44470,0,44470,1.749
1789652465.5787504,44480,0,44480,1.75
1789652465.5890107,44490,0,44490,1.75
1789652465.597997,44500,0,44500,1.75
1789652465.6037126,44510,0,44510,1.75
1789652465.613486,44520,0,44520,1.75
1789652465.6199903,44530,0,44530,1.751
1789652465.6292942,44540,0,44540,1.751
1789652465.637354,44550,0,44550,1.751
1789652465.6466086,44560,0,44560,1.751
1789652465.6605575,44570,0,44570,1.751
1789652465.6722896,44580,0,44580,1.751
1789652465.682278,44590,0,44590,1.752
1789652465.6935534,44600,0,44600,1.752
1789652465.706019,44610,0,44610,1.752
1789652465.7151632,44620,0,44620,1.752
1789652465.7232556,44630,0,44630,1.752
1789652465.7357056,44640,0,44640,1.753
1789652465.7538874,44650,0,44650,1.753
1789652465.7682276,44660,0,44660,1.753
1789652465.7789733,44670,0,44670,1.753
1789652465.8028398,44680,0,44680,1.753
1789652465.8156085,44690,0,44690,1.754
1789652465.8237724,44700,0,44700,1.754
1789652465.8339112,44710,0,44710,1.754
1789652465.8458612,44720,0,44720,1.754
1789652465.8528392,44730,0,44730,1.754
1789652465.8603115,44740,0,44740,1.755
1789652465.8677685,44750,0,44750,1.755
1789652465.8740094,44760,0,44760,1.755
1789652465.8792784,44770,0,44770,1.755
1789652465.8846176,44780,0,44780,1.755
1789652465.891952,44790,0,44790,1.756
1789652465.8991635,44800,0,44800,1.756
1789652465.905842,44810,0,44810,1.756
1789652465.9111485,44820,0,44820,1.756
1789652465.9168665,44830,0,44830,1.757
1789652465.9248784,44840,0,44840,1.757
1789652465.933953,44850,0,44850,1.757
1789652465.9419215,44860,0,44860,1.757
1789652465.9507706,44870,0,44870,1.757
1789652465.9597502,44880,0,44880,1.758
1789652465.968572,44890,0,44890,1.758
1789652465.9760401,44900,0,44900,1.758
1789652465.9886165,44910,0,44910,1.758
1789652465.9969106,44920,0,44920,1.759
1789652466.004374,44930,0,44930,1.759
1789652466.0230882,44940,0,44940,1.759
1789652466.036241,44950,0,44950,1.759
1789652466.044029,44960,0,44960,1.76
1789652466.0548723,44970,0,44970,1.76
1789652466.063543,44980,0,44980,1.76
1789652466.0721574,44990,0,44990,1.76
1789652466.085654,45000,0,45000,1.76
1789652466.0966234,45010,0,45010,1.761
1789652466.1054828,45020,0,45020,1.761
1789652466.114794,45030,0,45030,1.761
1789652466.126904,45040,0,45040,1.761
1789652466.1418004,45050,0,45050,1.762
1789652466.1604826,45060,0,45060,1.762
1789652466.1702206,45070,0,45070,1.762
1789652466.183178,45080,0,45080,1.762
1789652466.1987512,45090,0,45090,1.763
1789652466.2075937,45100,0,45100,1.763
1789652466.2178814,45110,0,45110,1.763
1789652466.2304437,45120,0,45120,1.763
1789652466.240004,45130,0,45130,1.764
1789652466.245606,45140,0,45140,1.764
1789652466.253851,45150,0,45150,1.764
1789652466.2613888,45160,0,45160,1.764
1789652466.2687407,45170,0,45170,1.765
1789652466.2754142,45180,0,45180,1.765
1789652466.2840734,45190,0,45190,1.765
1789652466.29233,45200,0,45200,1.765
1789652466.298653,45210,0,45210,1.766
1789652466.3058338,45220,0,45220,1.766
1789652466.3132565,45230,0,45230,1.766
1789652466.3205762,45240,0,45240,1.767
1789652466.326883,45250,0,45250,1.767
1789652466.3340683,45260,0,45260,1.767
1789652466.3392684,45270,0,45270,1.767
1789652466.3443286,45280,0,45280,1.768
1789652466.3594394,45290,0,45290,1.768
1789652466.3682704,45300,0,45300,1.768
1789652466.3797584,45310,0,45310,1.768
1789652466.3889627,45320,0,45320,1.769
1789652466.3979414,45330,0,45330,1.769
1789652466.4049447,45340,0,45340,1.769
1789652466.414298,45350,0,45350,1.77
1789652466.4234872,45360,0,45360,1.77
1789652466.4338598,45370,0,45370,1.77
1789652466.4451582,45380,0,45380,1.77
1789652466.4542542,45390,0,45390,1.771
1789652466.4608488,45400,0,45400,1.771
1789652466.4661288,45410,0,45410,1.771
1789652466.4732883,45420,0,45420,1.771
1789652466.4800465,45430,0,45430,1.772
1789652466.487423,45440,0,45440,1.772
1789652466.4948041,45450,0,45450,1.772
1789652466.5014095,45460,0,45460,1.773
1789652466.5096655,45470,0,45470,1.773
1789652466.5161498,45480,0,45480,1.773
1789652466.5228758,45490,0,45490,1.773
1789652466.5294807,45500,0,45500,1.774
1789652466.541234,45510,0,45510,1.774
1789652466.5520055,45520,0,45520,1.774
1789652466.5618114,45530,0,45530,1.775
1789652466.5741866,45540,0,45540,1.775
1789652466.5843265,45550,0,45550,1.775
1789652466.5953999,45560,0,45560,1.775
1789652466.6164818,45570,0,45570,1.776
1789652466.6268249,45580,0,45580,1.776
1789652466.6379268,45590,0,45590,1.776
1789652466.6518211,45600,0,45600,1.777
1789652466.6583734,45610,0,45610,1.777
1789652466.6695669,45620,0,45620,1.777
1789652466.6776888,45630,0,45630,1.778
1789652466.684987,45640,0,45640,1.778
1789652466.6925662,45650,0,45650,1.778
1789652466.6985013,45660,0,45660,1.778
1789652466.7073772,45670,0,45670,1.779
1789652466.7152784,45680,0,45680,1.779
1789652466.7237735,45690,0,45690,1.779
1789652466.735492,45700,0,45700,1.78
1789652466.748164,45710,0,45710,1.78
1789652466.76033,45720,0,45720,1.78
1789652466.7744324,45730,0,45730,1.781
1789652466.7822285,45740,0,45740,1.781
1789652466.7917686,45750,0,45750,1.781
1789652466.8005755,45760,0,45760,1.782
1789652466.8070138,45770,0,45770,1.782
1789652466.812406,45780,0,45780,1.782
1789652466.8194818,45790,0,45790,1.783
1789652466.8269305,45800,0,45800,1.783
1789652466.8340337,45810,0,45810,1.783
1789652466.839007,45820,0,45820,1.784
1789652466.8440213,45830,0,45830,1.784
1789652466.8498642,45840,0,45840,1.784
1789652466.8548663,45850,0,45850,1.785
1789652466.8597858,45860,0,45860,1.785
1789652466.8665206,45870,0,45870,1.785
1789652466.8751986,45880,0,45880,1.786
1789652466.8817146,45890,0,45890,1.786
1789652466.8970726,45900,0,45900,1.786
1789652466.913552,45910,0,45910,1.787
1789652466.9213562,45920,0,45920,1.787
1789652466.9271884,45930,0,45930,1.787
1789652466.933261,45940,0,45940,1.788
1789652466.9387288,45950,0,45950,1.788
1789652466.9454818,45960,0,45960,1.788
1789652466.9536636,45970,0,45970,1.789
1789652466.9606705,45980,0,45980,1.789
1789652466.9680538,45990,0,45990,1.789
1789652466.9734335,46000,0,46000,1.79
1789652466.9805105,46010,0,46010,1.79
1789652466.9880302,46020,0,46020,1.79
1789652467.000012,46030,0,46030,1.791
1789652467.0141675,46040,0,46040,1.791
1789652467.0260308,46050,0,46050,1.792
1789652467.042511,46060,0,46060,1.792
1789652467.0576613,46070,0,46070,1.792
1789652467.0668104,46080,0,46080,1.793
1789652467.0816689,46090,0,46090,1.793
1789652467.09784,46100,0,46100,1.793
1789652467.111831,46110,0,46110,1.794
1789652467.1178944,46120,0,46120,1.794
1789652467.1250768,46130,0,46130,1.794
1789652467.1348908,46140,0,46140,1.795
1789652467.1437917,46150,0,46150,1.795
1789652467.1550598,46160,0,46160,1.796
1789652467.1645901,46170,0,46170,1.796
1789652467.1707318,46180,0,46180,1.796
1789652467.1775546,46190,0,46190,1.797
1789652467.1862211,46200,0,46200,1.797
1789652467.1999452,46210,0,46210,1.797
1789652467.2094705,46220,0,46220,1.798
1789652467.2220638,46230,0,46230,1.798
1789652467.2307217,46240,0,46240,1.799
1789652467.2397332,46250,0,46250,1.799
1789652467.2482417,46260,0,46260,1.799
1789652467.2549903,46270,0,46270,1.8
1789652467.2628095,46280,0,46280,1.8
1789652467.271994,46290,0,46290,1.8
1789652467.2806532,46300,0,46300,1.801
1789652467.2994325,46310,0,46310,1.801
1789652467.3077123,46320,0,46320,1.802
1789652467.3164234,46330,0,46330,1.802
1789652467.3217356,46340,0,46340,1.802
1789652467.3273766,46350,0,46350,1.803
1789652467.3343246,46360,0,46360,1.803
1789652467.3424592,46370,0,46370,1.804
1789652467.3506055,46380,0,46380,1.804
1789652467.3587599,46390,0,46390,1.804
1789652467.3674722,46400,0,46400,1.805
1789652467.374899,46410,0,46410,1.805
1789652467.381084,46420,0,46420,1.805
1789652467.3882425,46430,0,46430,1.806
1789652467.39508,46440,0,46440,1.806
1789652467.4005103,46450,0,46450,1.807
1789652467.408794,46460,0,46460,1.807
1789652467.4181135,46470,0,46470,1.807
1789652467.4269867,46480,0,46480,1.808
1789652467.841985,46490,0,46490,1.808
1789652467.8566997,46500,0,46500,1.809
1789652467.8674018,46510,0,46510,1.809
1789652467.878126,46520,0,46520,1.81
1789652467.8858883,46530,0,46530,1.81
1789652467.8937974,46540,0,46540,1.811
1789652467.9021094,46550,0,46550,1.811
1789652467.9115617,46560,0,46560,1.812
1789652467.9194639,46570,0,46570,1.812
1789652467.9266858,46580,0,46580,1.813
1789652467.9330866,46590,0,46590,1.813
1789652467.9421492,46600,0,46600,1.813
1789652467.9507132,46610,0,46610,1.814
1789652467.956589,46620,0,46620,1.814
1789652467.965532,46630,0,46630,1.815
1789652467.9754517,46640,0,46640,1.815
1789652467.984943,46650,0,46650,1.816
1789652467.9916394,46660,0,46660,1.816
1789652467.9973924,46670,0,46670,1.817
1789652468.005129,46680,0,46680,1.817
1789652468.0140226,46690,0,46690,1.818
1789652468.0199227,46700,0,46700,1.818
1789652468.0263815,46710,0,46710,1.819
1789652468.0321572,46720,0,46720,1.819
1789652468.0383546,46730,0,46730,1.82
1789652468.0447297,46740,0,46740,1.82
1789652468.0519233,46750,0,46750,1.821
1789652468.057159,46760,0,46760,1.821
1789652468.0625138,46770,0,46770,1.822
1789652468.0702121,46780,0,46780,1.822
1789652468.0777416,46790,0,46790,1.823
1789652468.0864465,46800,0,46800,1.823
1789652468.0955005,46810,0,46810,1.824
1789652468.1133249,46820,0,46820,1.824
1789652468.1373055,46830,0,46830,1.825
1789652468.1517146,46840,0,46840,1.825
1789652468.1667662,46850,0,46850,1.826
1789652468.1788101,46860,0,46860,1.826
1789652468.1899312,46870,0,46870,1.827
1789652468.2066267,46880,0,46880,1.827
1789652468.2213097,46890,0,46890,1.828
1789652468.2377324,46900,0,46900,1.828
1789652468.252347,46910,0,46910,1.829
1789652468.2606938,46920,0,46920,1.829
1789652468.2682338,46930,0,46930,1.83
1789652468.2753851,46940,0,46940,1.83
1789652468.2844548,46950,0,46950,1.831
1789652468.2921228,46960,0,46960,1.831
1789652468.299808,46970,0,46970,1.832
1789652468.3095605,46980,0,46980,1.833
1789652468.31603,46990,0,46990,1.833
1789652468.3219965,47000,0,47000,1.834
1789652468.3278995,47010,0,47010,1.834
1789652468.3334057,47020,0,47020,1.835
1789652468.3391354,47030,0,47030,1.835
1789652468.345257,47040,0,47040,1.836
1789652468.3510635,47050,0,47050,1.836
1789652468.3572667,47060,0,47060,1.837
1789652468.3651862,47070,0,47070,1.837
1789652468.3729718,47080,0,47080,1.838
1789652468.3854623,47090,0,47090,1.838
1789652468.3936179,47100,0,47100,1.839
1789652468.399151,47110,0,47110,1.839
1789652468.40535,47120,0,47120,1.84
1789652468.4135168,47130,0,47130,1.84
1789652468.4211783,47140,0,47140,1.841
1789652468.4301836,47150,0,47150,1.841
1789652468.4434028,47160,0,47160,1.841
1789652468.4509537,47170,0,47170,1.841
1789652468.458218,47180,0,47180,1.84
1789652468.4648418,47190,0,47190,1.84
1789652468.4709685,47200,0,47200,1.84
1789652468.4770575,47210,0,47210,1.839
1789652468.483347,47220,0,47220,1.839
1789652468.4892032,47230,0,47230,1.839
1789652468.4962666,47240,0,47240,1.838
1789652468.5110013,47250,0,47250,1.838
1789652468.5180576,47260,0,47260,1.837
1789652468.524514,47270,0,47270,1.837
1789652468.531307,47280,0,47280,1.837
1789652468.5383272,47290,0,47290,1.836
1789652468.5462148,47300,0,47300,1.836
1789652468.5553648,47310,0,47310,1.835
1789652468.5678678,47320,0,47320,1.835
1789652468.5762782,47330,0,47330,1.835
1789652468.5835345,47340,0,47340,1.834
1789652468.5912273,47350,0,47350,1.834
1789652468.597474,47360,0,47360,1.833
1789652468.604315,47370,0,47370,1.833
1789652468.6116493,47380,0,47380,1.833
1789652468.6263614,47390,0,47390,1.832
1789652468.6381102,47400,0,47400,1.832
1789652468.6449418,47410,0,47410,1.832
1789652468.6519828,47420,0,47420,1.831
1789652468.6582427,47430,0,47430,1.831
1789652468.6683638,47440,0,47440,1.83
1789652468.6802726,47450,0,47450,1.83
1789652468.6925242,47460,0,47460,1.83
1789652468.7015345,47470,0,47470,1.829
1789652468.7089424,47480,0,47480,1.829
1789652468.716901,47490,0,47490,1.828
1789652468.7245874,47500,0,47500,1.828
1789652468.732941,47510,0,47510,1.828
1789652468.7503073,47520,0,47520,1.827
1789652468.7701833,47530,0,47530,1.827
1789652468.7813215,47540,0,47540,1.827
1789652468.8024976,47550,0,47550,1.826
1789652468.8190298,47560,0,47560,1.826
1789652468.834847,47570,0,47570,1.825
1789652468.8453655,47580,0,47580,1.825
1789652468.856694,47590,0,47590,1.825
1789652468.874688,47600,0,47600,1.824
1789652468.891634,47610,0,47610,1.824
1789652468.9067018,47620,0,47620,1.823
1789652468.9186952,47630,0,47630,1.823
1789652468.9290042,47640,0,47640,1.823
1789652468.937324,47650,0,47650,1.822
1789652468.949949,47660,0,47660,1.822
1789652468.9609318,47670,0,47670,1.822
1789652468.970275,47680,0,47680,1.821
1789652468.9817472,47690,0,47690,1.821
1789652469.0048788,47700,0,47700,1.82
1789652469.0188563,47710,0,47710,1.82
1789652469.0309968,47720,0,47720,1.82
1789652469.044836,47730,0,47730,1.819
1789652469.0576353,47740,0,47740,1.819
1789652469.0680974,47750,0,47750,1.818
1789652469.0752194,47760,0,47760,1.818
1789652469.0859,47770,0,47770,1.818
1789652469.0936515,47780,0,47780,1.817
1789652469.117349,47790,0,47790,1.817
1789652469.131585,47800,0,47800,1.817
1789652469.145903,47810,0,47810,1.816
1789652469.1593611,47820,0,47820,1.816
1789652469.172024,47830,0,47830,1.815
1789652469.1850798,47840,0,47840,1.815
1789652469.197042,47850,0,47850,1.815
1789652469.2091339,47860,0,47860,1.814
1789652469.2395341,47870,0,47870,1.814
1789652469.2552865,47880,0,47880,1.814
1789652469.2653854,47890,0,47890,1.813
1789652469.2773826,47900,0,47900,1.813
1789652469.2899513,47910,0,47910,1.812
1789652469.3009188,47920,0,47920,1.812
1789652469.31121,47930,0,47930,1.812
1789652469.3224752,47940,0,47940,1.811
1789652469.332489,47950,0,47950,1.811
1789652469.3437881,47960,0,47960,1.811
1789652469.372678,47970,0,47970,1.81
1789652469.3806834,47980,0,47980,1.81
1789652469.38818,47990,0,47990,1.809
1789652469.3974705,48000,0,48000,1.809
1789652469.40678,48010,0,48010,1.809
1789652469.4271667,48020,0,48020,1.808
1789652469.4436035,48030,0,48030,1.808
1789652469.460255,48040,0,48040,1.808
1789652469.4919617,48050,0,48050,1.807
1789652469.5102632,48060,0,48060,1.807
1789652469.5213218,48070,0,48070,1.806
1789652469.5305185,48080,0,48080,1.806
1789652469.5405412,48090,0,48090,1.806
1789652469.5575578,48100,0,48100,1.805
1789652469.5720234,48110,0,48110,1.805
1789652469.5830097,48120,0,48120,1.805
1789652469.5939784,48130,0,48130,1.804
1789652469.60441,48140,0,48140,1.804
1789652469.623298,48150,0,48150,1.803
1789652469.6338193,48160,0,48160,1.803
1789652469.6435702,48170,0,48170,1.803
1789652469.6520379,48180,0,48180,1.802
1789652469.6647918,48190,0,48190,1.802
1789652469.6782827,48200,0,48200,1.802
1789652469.693241,48210,0,48210,1.801
1789652469.706675,48220,0,48220,1.801
1789652469.7194479,48230,0,48230,1.8
1789652469.731337,48240,0,48240,1.8
1789652469.7618263,48250,0,48250,1.8
1789652469.7758577,48260,0,48260,1.799
1789652469.7916365,48270,0,48270,1.799
1789652469.8088324,48280,0,48280,1.799
1789652469.826951,48290,0,48290,1.798
1789652469.8381455,48300,0,48300,1.798
1789652469.8493893,48310,0,48310,1.797
1789652469.8593063,48320,0,48320,1.797
1789652469.8765588,48330,0,48330,1.797
1789652469.8883016,48340,0,48340,1.796
1789652469.898524,48350,0,48350,1.796
1789652469.9066176,48360,0,48360,1.796
1789652469.915111,48370,0,48370,1.795
1789652469.9225585,48380,0,48380,1.795
1789652469.931214,48390,0,48390,1.794
1789652469.9433694,48400,0,48400,1.794
1789652469.9592419,48410,0,48410,1.794
1789652469.968996,48420,0,48420,1.793
1789652470.0126941,48430,0,48430,1.793
1789652470.030129,48440,0,48440,1.793
1789652470.0448644,48450,0,48450,1.792
1789652470.0561001,48460,0,48460,1.792
1789652470.07015,48470,0,48470,1.791
1789652470.089843,48480,0,48480,1.791
1789652470.1314375,48490,0,48490,1.791
1789652470.1470363,48500,0,48500,1.79
1789652470.1569352,48510,0,48510,1.79
1789652470.168857,48520,0,48520,1.79
1789652470.1772344,48530,0,48530,1.789
1789652470.184673,48540,0,48540,1.789
1789652470.1939185,48550,0,48550,1.789
1789652470.2015965,48560,0,48560,1.788
1789652470.2129657,48570,0,48570,1.788
1789652470.2228088,48580,0,48580,1.787
1789652470.2313418,48590,0,48590,1.787
1789652470.251319,48600,0,48600,1.787
1789652470.2776349,48610,0,48610,1.786
1789652470.2894957,48620,0,48620,1.786
1789652470.3112013,48630,0,48630,1.786
1789652470.320585,48640,0,48640,1.785
1789652470.3414187,48650,0,48650,1.785
1789652470.3534923,48660,0,48660,1.784
1789652470.373627,48670,0,48670,1.784
1789652470.4120278,48680,0,48680,1.784
1789652470.4240198,48690,0,48690,1.783
1789652470.4343214,48700,0,48700,1.783
1789652470.4415894,48710,0,48710,1.783
1789652470.4470935,48720,0,48720,1.783
1789652470.4525154,48730,0,48730,1.783
1789652470.4562788,48740,0,48740,1.783
1789652470.460249,48750,0,48750,1.783
1789652470.4641166,48760,0,48760,1.783
1789652470.4685817,48770,0,48770,1.783
1789652470.473029,48780,0,48780,1.783
1789652470.4781356,48790,0,48790,1.783
1789652470.4838626,48800,0,48800,1.783
1789652470.488921,48810,0,48810,1.783
1789652470.4972758,48820,0,48820,1.783
1789652470.5024743,48830,0,48830,1.782
1789652470.5082133,48840,0,48840,1.782
1789652470.5137644,48850,0,48850,1.782
1789652470.5187492,48860,0,48860,1.782
1789652470.52577,48870,0,48870,1.782
1789652470.5319946,48880,0,48880,1.782
1789652470.537081,48890,0,48890,1.781
1789652470.5423665,48900,0,48900,1.781
1789652470.5474367,48910,0,48910,1.781
1789652470.5519805,48920,0,48920,1.78
1789652470.5572004,48930,0,48930,1.78
1789652470.5625877,48940,0,48940,1.78
1789652470.5745747,48950,0,48950,1.78
1789652470.5807688,48960,0,48960,1.779
1789652470.5947275,48970,0,48970,1.779
1789652470.6170776,48980,0,48980,1.779
1789652470.6246989,48990,0,48990,1.778
1789652470.6322842,49000,0,49000,1.778
1789652470.6427295,49010,0,49010,1.777
1789652470.6530335,49020,0,49020,1.777
1789652470.6620257,49030,0,49030,1.777
1789652470.6709402,49040,0,49040,1.776
1789652470.6789827,49050,0,49050,1.776
1789652470.687638,49060,0,49060,1.776
1789652470.6950736,49070,0,49070,1.775
1789652470.703023,49080,0,49080,1.775
1789652470.7101455,49090,0,49090,1.775
1789652470.744827,49100,0,49100,1.774
1789652470.7586663,49110,0,49110,1.774
1789652470.7765949,49120,0,49120,1.773
1789652470.792278,49130,0,49130,1.773
1789652470.8070896,49140,0,49140,1.773
1789652470.8209357,49150,0,49150,1.772
1789652470.8386571,49160,0,49160,1.772
1789652470.8742194,49170,0,49170,1.772
1789652470.8856423,49180,0,49180,1.771
1789652470.8939686,49190,0,49190,1.771
1789652470.9026427,49200,0,49200,1.771
1789652470.91026,49210,0,49210,1.77
1789652470.917907,49220,0,49220,1.77
1789652470.9252653,49230,0,49230,1.769
1789652470.9346418,49240,0,49240,1.769
1789652470.9440954,49250,0,49250,1.769
1789652470.9515333,49260,0,49260,1.768
1789652470.9591389,49270,0,49270,1.768
1789652470.9675686,49280,0,49280,1.768
1789652470.9928083,49290,0,49290,1.767
1789652471.003632,49300,0,49300,1.767
1789652471.0119562,49310,0,49310,1.767
1789652471.0200665,49320,0,49320,1.766
1789652471.0288072,49330,0,49330,1.766
1789652471.0402172,49340,0,49340,1.766
1789652471.0496905,49350,0,49350,1.765
1789652471.0591826,49360,0,49360,1.765
1789652471.067109,49370,0,49370,1.764
1789652471.0746436,49380,0,49380,1.764
1789652471.082634,49390,0,49390,1.764
1789652471.0901036,49400,0,49400,1.763
1789652471.114221,49410,0,49410,1.763
1789652471.1360655,49420,0,49420,1.763
1789652471.1538272,49430,0,49430,1.762
1789652471.1699548,49440,0,49440,1.762
1789652471.1806695,49450,0,49450,1.762
1789652471.193211,49460,0,49460,1.761
1789652471.206265,49470,0,49470,1.761
1789652471.224919,49480,0,49480,1.761
1789652471.2632287,49490,0,49490,1.76
1789652471.2767663,49500,0,49500,1.76
1789652471.2899396,49510,0,49510,1.759
1789652471.29973,49520,0,49520,1.759
1789652471.3087018,49530,0,49530,1.759
1789652471.3241727,49540,0,49540,1.758
1789652471.3334613,49550,0,49550,1.758
1789652471.3429842,49560,0,49560,1.758
1789652471.3520372,49570,0,49570,1.757
1789652471.3614566,49580,0,49580,1.757
1789652471.386846,49590,0,49590,1.757
1789652471.3972924,49600,0,49600,1.756
1789652471.407027,49610,0,49610,1.756
1789652471.4205208,49620,0,49620,1.756
1789652471.436896,49630,0,49630,1.755
1789652471.4474375,49640,0,49640,1.755
1789652471.4601114,49650,0,49650,1.755
1789652471.4694908,49660,0,49660,1.754
1789652471.4836597,49670,0,49670,1.754
1789652471.5081813,49680,0,49680,1.753
1789652471.518699,49690,0,49690,1.753
1789652471.5290225,49700,0,49700,1.753
1789652471.5451756,49710,0,49710,1.752
1789652471.5542579,49720,0,49720,1.752
1789652471.5621717,49730,0,49730,1.752
1789652471.5707796,49740,0,49740,1.751
1789652471.58234,49750,0,49750,1.751
1789652471.590681,49760,0,49760,1.751
1789652471.5999677,49770,0,49770,1.75
1789652471.607836,49780,0,49780,1.75
1789652471.6288328,49790,0,49790,1.75
1789652471.6533887,49800,0,49800,1.749
1789652471.6728666,49810,0,49810,1.749
1789652471.6876729,49820,0,49820,1.749
1789652471.704164,49830,0,49830,1.748
1789652471.7156508,49840,0,49840,1.748
1789652471.7299323,49850,0,49850,1.747
1789652471.7453427,49860,0,49860,1.747
1789652471.793132,49870,0,49870,1.747
1789652471.804303,49880,0,49880,1.746
1789652471.8135428,49890,0,49890,1.746
1789652471.8241313,49900,0,49900,1.746
1789652471.8344824,49910,0,49910,1.745
1789652471.844839,49920,0,49920,1.745
1789652471.8576806,49930,0,49930,1.745
1789652471.8736813,49940,0,49940,1.744
1789652471.9068575,49950,0,49950,1.744
1789652471.927896,49960,0,49960,1.744
1789652471.936895,49970,0,49970,1.743
1789652471.9453192,49980,0,49980,1.743
1789652471.9533348,49990,0,49990,1.743
1789652471.9611323,50000,0,50000,1.742
1789652471.9694545,50010,0,50010,1.742
1789652471.9782522,50020,0,50020,1.742
1789652471.9875877,50030,0,50030,1.741
1789652471.9953682,50040,0,50040,1.741
1789652472.0055532,50050,0,50050,1.74
1789652472.020006,50060,0,50060,1.74
1789652472.0303667,50070,0,50070,1.74
1789652472.0484602,50080,0,50080,1.739
1789652472.061881,50090,0,50090,1.739
1789652472.0724792,50100,0,50100,1.739
1789652472.0828173,50110,0,50110,1.738
1789652472.0898623,50120,0,50120,1.738
1789652472.1010208,50130,0,50130,1.738
1789652472.1135156,50140,0,50140,1.737
1789652472.1307886,50150,0,50150,1.737
1789652472.1454697,50160,0,50160,1.737
1789652472.1812253,50170,0,50170,1.736
1789652472.1974273,50180,0,50180,1.736
1789652472.2143204,50190,0,50190,1.736
1789652472.225355,50200,0,50200,1.735
1789652472.2446718,50210,0,50210,1.735
1789652472.2573862,50220,0,50220,1.735
1789652472.2723086,50230,0,50230,1.734
1789652472.2879665,50240,0,50240,1.734
1789652472.3111799,50250,0,50250,1.734
1789652472.3208156,50260,0,50260,1.733
1789652472.3308961,50270,0,50270,1.733
1789652472.3474097,50280,0,50280,1.733
1789652472.3553042,50290,0,50290,1.732
1789652472.363276,50300,0,50300,1.732
1789652472.372244,50310,0,50310,1.732
1789652472.3812861,50320,0,50320,1.731
1789652472.3907418,50330,0,50330,1.731
1789652472.3991506,50340,0,50340,1.73
1789652472.4166925,50350,0,50350,1.73
1789652472.4299297,50360,0,50360,1.73
1789652472.441611,50370,0,50370,1.729
1789652472.457322,50380,0,50380,1.729
1789652472.4667668,50390,0,50390,1.729
1789652472.4761822,50400,0,50400,1.728
1789652472.4848545,50410,0,50410,1.728
1789652472.4926255,50420,0,50420,1.728
1789652472.5004559,50430,0,50430,1.727
1789652472.50873,50440,0,50440,1.727
1789652472.5154827,50450,0,50450,1.727
1789652472.5237393,50460,0,50460,1.726
1789652472.5311449,50470,0,50470,1.726
1789652472.5531056,50480,0,50480,1.726
1789652472.568045,50490,0,50490,1.725
1789652472.5816445,50500,0,50500,1.725
1789652472.5861173,50510,0,50510,1.725
1789652472.5903358,50520,0,50520,1.725
1789652472.5943196,50530,0,50530,1.725
1789652472.5989559,50540,0,50540,1.725
1789652472.603675,50550,0,50550,1.725
1789652472.6080716,50560,0,50560,1.725
1789652472.6127825,50570,0,50570,1.725
1789652472.6175158,50580,0,50580,1.725
1789652472.622208,50590,0,50590,1.725
1789652472.6270223,50600,0,50600,1.725
1789652472.6315243,50610,0,50610,1.725
1789652472.6362872,50620,0,50620,1.725
1789652472.6412945,50630,0,50630,1.725
1789652472.6471188,50640,0,50640,1.725
1789652472.654345,50650,0,50650,1.725
1789652472.6588795,50660,0,50660,1.724
1789652472.6636417,50670,0,50670,1.724
1789652472.6680593,50680,0,50680,1.724
1789652472.6724327,50690,0,50690,1.724
1789652472.6770995,50700,0,50700,1.724
1789652472.6854975,50710,0,50710,1.724
1789652472.6921806,50720,0,50720,1.724
1789652472.699652,50730,0,50730,1.724
1789652472.7060704,50740,0,50740,1.724
1789652472.7115545,50750,0,50750,1.723
1789652472.7170634,50760,0,50760,1.723
1789652472.724308,50770,0,50770,1.723
1789652472.7327013,50780,0,50780,1.723
1789652472.7430782,50790,0,50790,1.723
1789652472.7546294,50800,0,50800,1.723
1789652472.76567,50810,0,50810,1.723
1789652472.7863014,50820,0,50820,1.722
1789652472.7987192,50830,0,50830,1.722
1789652472.8111115,50840,0,50840,1.722
1789652472.8359149,50850,0,50850,1.722
1789652472.8454235,50860,0,50860,1.722
1789652472.853406,50870,0,50870,1.722
1789652472.8621397,50880,0,50880,1.721
1789652472.8698988,50890,0,50890,1.721
1789652472.8793395,50900,0,50900,1.721
1789652472.8862755,50910,0,50910,1.721
1789652472.8934755,50920,0,50920,1.72
1789652472.8991728,50930,0,50930,1.72
1789652472.9069786,50940,0,50940,1.72
1789652472.9171698,50950,0,50950,1.72
1789652472.9245284,50960,0,50960,1.719
1789652472.931442,50970,0,50970,1.719
1789652472.938302,50980,0,50980,1.719
1789652472.9649408,50990,0,50990,1.718
1789652472.97177,51000,0,51000,1.718
1789652472.9781888,51010,0,51010,1.718
1789652472.9854279,51020,0,51020,1.717
1789652472.9921832,51030,0,51030,1.717
1789652472.9982564,51040,0,51040,1.717
1789652473.005114,51050,0,51050,1.716
1789652473.0142834,51060,0,51060,1.716
1789652473.0280473,51070,0,51070,1.716
1789652473.0388503,51080,0,51080,1.715
1789652473.0473266,51090,0,51090,1.715
1789652473.054907,51100,0,51100,1.715
1789652473.062003,51110,0,51110,1.714
1789652473.0688856,51120,0,51120,1.714
1789652473.0870285,51130,0,51130,1.714
1789652473.0991094,51140,0,51140,1.713
1789652473.1065462,51150,0,51150,1.713
1789652473.1147408,51160,0,51160,1.713
1789652473.1229663,51170,0,51170,1.712
1789652473.1323128,51180,0,51180,1.712
1789652473.1465585,51190,0,51190,1.712
1789652473.155328,51200,0,51200,1.711
1789652473.163658,51210,0,51210,1.711
1789652473.171475,51220,0,51220,1.711
1789652473.179019,51230,0,51230,1.71
1789652473.193316,51240,0,51240,1.71
1789652473.2056322,51250,0,51250,1.71
1789652473.2181938,51260,0,51260,1.709
1789652473.2257116,51270,0,51270,1.709
1789652473.2348044,51280,0,51280,1.709
1789652473.2521029,51290,0,51290,1.708
1789652473.2636154,51300,0,51300,1.708
1789652473.2730184,51310,0,51310,1.708
1789652473.2813873,51320,0,51320,1.707
1789652473.2889495,51330,0,51330,1.707
1789652473.2959096,51340,0,51340,1.707
1789652473.3048048,51350,0,51350,1.706
1789652473.311815,51360,0,51360,1.706
1789652473.3450494,51370,0,51370,1.706
1789652473.3592262,51380,0,51380,1.705
1789652473.3801413,51390,0,51390,1.705
1789652473.394939,51400,0,51400,1.705
1789652473.4081068,51410,0,51410,1.704
1789652473.426878,51420,0,51420,1.704
1789652473.4517672,51430,0,51430,1.704
1789652473.4865422,51440,0,51440,1.703
1789652473.4961677,51450,0,51450,1.703
1789652473.5057564,51460,0,51460,1.703
1789652473.5150654,51470,0,51470,1.702
1789652473.5239456,51480,0,51480,1.702
1789652473.535237,51490,0,51490,1.702
1789652473.5444944,51500,0,51500,1.701
1789652473.554012,51510,0,51510,1.701
1789652473.5675805,51520,0,51520,1.701
1789652473.598779,51530,0,51530,1.7
1789652473.6134613,51540,0,51540,1.7
1789652473.6262083,51550,0,51550,1.7
1789652473.6354616,51560,0,51560,1.699
1789652473.6447606,51570,0,51570,1.699
1789652473.6534367,51580,0,51580,1.699
1789652473.6631403,51590,0,51590,1.698
1789652473.671519,51600,0,51600,1.698
1789652473.6806817,51610,0,51610,1.698
1789652473.689997,51620,0,51620,1.697
1789652473.6990106,51630,0,51630,1.697
1789652473.7366872,51640,0,51640,1.697
1789652473.7525573,51650,0,51650,1.696
1789652473.7598286,51660,0,51660,1.696
1789652473.7665267,51670,0,51670,1.696
1789652473.7749221,51680,0,51680,1.695
1789652473.7841346,51690,0,51690,1.695
1789652473.791823,51700,0,51700,1.695
1789652473.8016102,51710,0,51710,1.694
1789652473.81687,51720,0,51720,1.694
1789652473.8274817,51730,0,51730,1.694
1789652473.8429682,51740,0,51740,1.693
1789652473.8740735,51750,0,51750,1.693
1789652473.8847842,51760,0,51760,1.693
1789652473.8959677,51770,0,51770,1.692
1789652473.9040685,51780,0,51780,1.692
1789652473.9133217,51790,0,51790,1.692
1789652473.9236305,51800,0,51800,1.691
1789652473.93629,51810,0,51810,1.691
1789652473.9501355,51820,0,51820,1.691
1789652473.9592793,51830,0,51830,1.69
1789652473.9686756,51840,0,51840,1.69
1789652473.977082,51850,0,51850,1.69
1789652474.0059984,51860,0,51860,1.689
1789652474.0185254,51870,0,51870,1.689
1789652474.0377421,51880,0,51880,1.689
1789652474.0592177,51890,0,51890,1.689
1789652474.0809007,51900,0,51900,1.688
1789652474.0924876,51910,0,51910,1.688
1789652474.1336253,51920,0,51920,1.688
1789652474.1500516,51930,0,51930,1.687
1789652474.1673687,51940,0,51940,1.687
1789652474.1764708,51950,0,51950,1.687
1789652474.186164,51960,0,51960,1.686
1789652474.1959658,51970,0,51970,1.686
1789652474.2060966,51980,0,51980,1.686
1789652474.214384,51990,0,51990,1.685
1789652474.224611,52000,0,52000,1.685
1789652474.2343588,52010,0,52010,1.685
1789652474.2685192,52020,0,52020,1.684
1789652474.9140334,52030,0,52030,1.684
1789652474.919315,52040,0,52040,1.684
1789652474.926526,52050,0,52050,1.684
1789652474.9349704,52060,0,52060,1.684
1789652474.9441676,52070,0,52070,1.684
1789652474.9513137,52080,0,52080,1.684
1789652474.9586592,52090,0,52090,1.684
1789652474.9689026,52100,0,52100,1.684
1789652474.977594,52110,0,52110,1.684
1789652474.99122,52120,0,52120,1.684
1789652475.0006168,52130,0,52130,1.684
1789652475.0192945,52140,0,52140,1.684
1789652475.0270987,52150,0,52150,1.684
1789652475.0356393,52160,0,52160,1.684
1789652475.042361,52170,0,52170,1.684
1789652475.0485668,52180,0,52180,1.684
1789652475.0566225,52190,0,52190,1.684
1789652475.0658596,52200,0,52200,1.684
1789652475.0716565,52210,0,52210,1.684
1789652475.0781474,52220,0,52220,1.684
1789652475.0855856,52230,0,52230,1.684
1789652475.092435,52240,0,52240,1.684
1789652475.0997307,52250,0,52250,1.684
1789652475.1078908,52260,0,52260,1.684
1789652475.114122,52270,0,52270,1.684
1789652475.1316366,52280,0,52280,1.684
1789652475.1383471,52290,0,52290,1.684
1789652475.1450298,52300,0,52300,1.684
1789652475.1520367,52310,0,52310,1.684
1789652475.1586888,52320,0,52320,1.684
1789652475.164161,52330,0,52330,1.684
1789652475.1706147,52340,0,52340,1.683
1789652475.177629,52350,0,52350,1.683
1789652475.1828923,52360,0,52360,1.683
1789652475.1880963,52370,0,52370,1.683
1789652475.1952643,52380,0,52380,1.683
1789652475.2018514,52390,0,52390,1.683
1789652475.2093408,52400,0,52400,1.683
1789652475.2176838,52410,0,52410,1.682
1789652475.2347267,52420,0,52420,1.682
1789652475.2424066,52430,0,52430,1.682
1789652475.2614784,52440,0,52440,1.682
1789652475.272742,52450,0,52450,1.682
1789652475.2880814,52460,0,52460,1.682
1789652475.2964654,52470,0,52470,1.682
1789652475.307525,52480,0,52480,1.682
1789652475.3206797,52490,0,52490,1.681
1789652475.3320475,52500,0,52500,1.681
1789652475.3420956,52510,0,52510,1.681
1789652475.3526871,52520,0,52520,1.681
1789652475.3595903,52530,0,52530,1.681
1789652475.3659508,52540,0,52540,1.681
1789652475.3718019,52550,0,52550,1.681
1789652475.3782797,52560,0,52560,1.681
1789652475.3843968,52570,0,52570,1.68
1789652475.4080613,52580,0,52580,1.68
1789652475.4171884,52590,0,52590,1.68
1789652475.4258413,52600,0,52600,1.68
1789652475.4350653,52610,0,52610,1.68
1789652475.4431522,52620,0,52620,1.68
1789652475.4520907,52630,0,52630,1.68
1789652475.4600387,52640,0,52640,1.68
1789652475.4673314,52650,0,52650,1.68
1789652475.4751146,52660,0,52660,1.68
1789652475.4818099,52670,0,52670,1.679
1789652475.4880738,52680,0,52680,1.679
1789652475.493483,52690,0,52690,1.679
1789652475.4985967,52700,0,52700,1.679
1789652475.5042639,52710,0,52710,1.679
1789652475.511889,52720,0,52720,1.679
1789652475.5248578,52730,0,52730,1.679
1789652475.5328786,52740,0,52740,1.679
1789652475.5413463,52750,0,52750,1.679
1789652475.5512338,52760,0,52760,1.679
1789652475.5639281,52770,0,52770,1.678
1789652475.5745392,52780,0,52780,1.678
1789652475.5866735,52790,0,52790,1.678
1789652475.597249,52800,0,52800,1.678
1789652475.6071532,52810,0,52810,1.678
1789652475.6143858,52820,0,52820,1.678
1789652475.6207817,52830,0,52830,1.678
1789652475.6279159,52840,0,52840,1.678
1789652475.6370149,52850,0,52850,1.678
1789652475.6463957,52860,0,52860,1.678
1789652475.6558235,52870,0,52870,1.678
1789652475.6767519,52880,0,52880,1.678
1789652475.691921,52890,0,52890,1.678
1789652475.7018948,52900,0,52900,1.678
1789652475.7100105,52910,0,52910,1.677
1789652475.7183633,52920,0,52920,1.677
1789652475.7248383,52930,0,52930,1.677
1789652475.7339299,52940,0,52940,1.677
1789652475.741383,52950,0,52950,1.677
1789652475.7472951,52960,0,52960,1.677
1789652475.7530322,52970,0,52970,1.677
1789652475.7589896,52980,0,52980,1.677
1789652475.7648377,52990,0,52990,1.677
1789652475.7719808,53000,0,53000,1.677
1789652475.7794864,53010,0,53010,1.677
1789652475.7860947,53020,0,53020,1.677
1789652475.791275,53030,0,53030,1.677
1789652475.7972124,53040,0,53040,1.677
1789652475.8037965,53050,0,53050,1.677
1789652475.8116279,53060,0,53060,1.677
1789652475.818791,53070,0,53070,1.677
1789652475.8250282,53080,0,53080,1.677
1789652475.8340826,53090,0,53090,1.676
1789652475.8561597,53100,0,53100,1.676
1789652475.8691456,53110,0,53110,1.676
1789652475.8845744,53120,0,53120,1.676
1789652475.8972926,53130,0,53130,1.676
1789652475.911164,53140,0,53140,1.676
1789652475.9217453,53150,0,53150,1.676
1789652475.9310114,53160,0,53160,1.676
1789652475.9401493,53170,0,53170,1.676
1789652475.9465415,53180,0,53180,1.676
1789652475.953014,53190,0,53190,1.676
1789652475.9637444,53200,0,53200,1.676
1789652475.9747279,53210,0,53210,1.676
1789652475.984557,53220,0,53220,1.676
1789652476.0006986,53230,0,53230,1.676
1789652476.0155017,53240,0,53240,1.676
1789652476.0250652,53250,0,53250,1.676
1789652476.0350766,53260,0,53260,1.676
1789652476.042362,53270,0,53270,1.676
1789652476.0509834,53280,0,53280,1.676
1789652476.061909,53290,0,53290,1.676
1789652476.0737348,53300,0,53300,1.676
1789652476.0817056,53310,0,53310,1.676
1789652476.0904262,53320,0,53320,1.676
1789652476.10198,53330,0,53330,1.676
1789652476.1132324,53340,0,53340,1.676
1789652476.123209,53350,0,53350,1.676
1789652476.1332264,53360,0,53360,1.676
1789652476.1480274,53370,0,53370,1.676
1789652476.16084,53380,0,53380,1.676
1789652476.168934,53390,0,53390,1.676
1789652476.178043,53400,0,53400,1.676
1789652476.1861904,53410,0,53410,1.676
1789652476.1931648,53420,0,53420,1.676
1789652476.1985672,53430,0,53430,1.676
1789652476.2045543,53440,0,53440,1.676
1789652476.2104247,53450,0,53450,1.676
1789652476.2160096,53460,0,53460,1.676
1789652476.2221744,53470,0,53470,1.676
1789652476.2279592,53480,0,53480,1.676
1789652476.2334328,53490,0,53490,1.676
1789652476.2410269,53500,0,53500,1.676
1789652476.2483828,53510,0,53510,1.676
1789652476.2551732,53520,0,53520,1.676
1789652476.2609751,53530,0,53530,1.676
1789652476.2701335,53540,0,53540,1.676
1789652476.2779691,53550,0,53550,1.676
1789652476.2869344,53560,0,53560,1.676
1789652476.2950623,53570,0,53570,1.676
1789652476.303294,53580,0,53580,1.676
1789652476.315674,53590,0,53590,1.676
1789652476.3227565,53600,0,53600,1.676
1789652476.3345206,53610,0,53610,1.676
1789652476.343169,53620,0,53620,1.677
1789652476.3531928,53630,0,53630,1.677
1789652476.3629868,53640,0,53640,1.677
1789652476.3713417,53650,0,53650,1.677
1789652476.381526,53660,0,53660,1.677
1789652476.398641,53670,0,53670,1.677
1789652476.4102485,53680,0,53680,1.677
1789652476.423396,53690,0,53690,1.677
1789652476.433691,53700,0,53700,1.677
1789652476.4438252,53710,0,53710,1.677
1789652476.453274,53720,0,53720,1.677
1789652476.4661252,53730,0,53730,1.677
1789652476.4752655,53740,0,53740,1.677
1789652476.4852743,53750,0,53750,1.677
1789652476.4978158,53760,0,53760,1.677
1789652476.5114841,53770,0,53770,1.677
1789652476.521723,53780,0,53780,1.677
1789652476.5383554,53790,0,53790,1.677
1789652476.5539095,53800,0,53800,1.677
1789652476.5628343,53810,0,53810,1.678
1789652476.5705116,53820,0,53820,1.678
1789652476.5796528,53830,0,53830,1.678
1789652476.5876107,53840,0,53840,1.678
1789652476.5977592,53850,0,53850,1.678
1789652476.6039839,53860,0,53860,1.678
1789652476.6121871,53870,0,53870,1.678
1789652476.622141,53880,0,53880,1.678
1789652476.6343033,53890,0,53890,1.678
1789652476.6434724,53900,0,53900,1.678
1789652476.6519928,53910,0,53910,1.678
1789652476.666334,53920,0,53920,1.678
1789652476.6719675,53930,0,53930,1.679
1789652476.6805227,53940,0,53940,1.679
1789652476.6860454,53950,0,53950,1.679
1789652476.6916869,53960,0,53960,1.679
1789652476.6969874,53970,0,53970,1.679
1789652476.7023156,53980,0,53980,1.679
1789652476.7081106,53990,0,53990,1.679
1789652476.7134006,54000,0,54000,1.679
1789652476.718928,54010,0,54010,1.679
1789652476.7247248,54020,0,54020,1.679
1789652476.7301192,54030,0,54030,1.679
1789652476.7358096,54040,0,54040,1.68
1789652476.7461088,54050,0,54050,1.68
1789652476.7559292,54060,0,54060,1.68
1789652476.767458,54070,0,54070,1.68
1789652476.778398,54080,0,54080,1.68
1789652476.7880213,54090,0,54090,1.68
1789652476.795559,54100,0,54100,1.68
1789652476.8019302,54110,0,54110,1.68
1789652476.8070047,54120,0,54120,1.68
1789652476.8121543,54130,0,54130,1.68
1789652476.8255236,54140,0,54140,1.681
1789652476.8327503,54150,0,54150,1.681
1789652476.8388784,54160,0,54160,1.681
1789652476.8489785,54170,0,54170,1.681
1789652476.8593016,54180,0,54180,1.681
1789652476.8691387,54190,0,54190,1.681
1789652476.881516,54200,0,54200,1.681
1789652476.899895,54210,0,54210,1.681
1789652476.9216387,54220,0,54220,1.681
1789652476.935731,54230,0,54230,1.682
1789652476.9477484,54240,0,54240,1.682
1789652476.9579322,54250,0,54250,1.682
1789652476.967354,54260,0,54260,1.682
1789652476.9757798,54270,0,54270,1.682
1789652476.9844167,54280,0,54280,1.682
1789652476.9960113,54290,0,54290,1.682
1789652477.0108528,54300,0,54300,1.683
1789652477.021235,54310,0,54310,1.683
1789652477.0297186,54320,0,54320,1.683
1789652477.038997,54330,0,54330,1.683
1789652477.0474064,54340,0,54340,1.683
1789652477.0605023,54350,0,54350,1.683
1789652477.0748982,54360,0,54360,1.683
1789652477.0841298,54370,0,54370,1.684
1789652477.0931253,54380,0,54380,1.684
1789652477.1038315,54390,0,54390,1.684
1789652477.1108081,54400,0,54400,1.684
1789652477.1184475,54410,0,54410,1.684
1789652477.123796,54420,0,54420,1.684
1789652477.1299486,54430,0,54430,1.684
1789652477.1351016,54440,0,54440,1.685
1789652477.1407385,54450,0,54450,1.685
1789652477.1472208,54460,0,54460,1.685
1789652477.1528666,54470,0,54470,1.685
1789652477.1620533,54480,0,54480,1.685
1789652477.1683397,54490,0,54490,1.685
1789652477.1759737,54500,0,54500,1.686
1789652477.181778,54510,0,54510,1.686
1789652477.189697,54520,0,54520,1.686
1789652477.196181,54530,0,54530,1.686
1789652477.2048573,54540,0,54540,1.686
1789652477.2112799,54550,0,54550,1.686
1789652477.2198362,54560,0,54560,1.686
1789652477.2285256,54570,0,54570,1.687
1789652477.2381089,54580,0,54580,1.687
1789652477.246264,54590,0,54590,1.687
1789652477.254516,54600,0,54600,1.687
1789652477.2682319,54610,0,54610,1.687
1789652477.2749968,54620,0,54620,1.688
1789652477.2935617,54630,0,54630,1.688
1789652477.3014448,54640,0,54640,1.688
1789652477.307766,54650,0,54650,1.688
1789652477.3186104,54660,0,54660,1.688
1789652477.3243341,54670,0,54670,1.688
1789652477.3328185,54680,0,54680,1.689
1789652477.3430111,54690,0,54690,1.689
1789652477.3527398,54700,0,54700,1.689
1789652477.3610408,54710,0,54710,1.689
1789652477.371286,54720,0,54720,1.689
1789652477.3815076,54730,0,54730,1.689
1789652477.389766,54740,0,54740,1.69
1789652477.400067,54750,0,54750,1.69
1789652477.4133253,54760,0,54760,1.69
1789652477.426202,54770,0,54770,1.69
1789652477.437137,54780,0,54780,1.69
1789652477.452818,54790,0,54790,1.691
1789652477.4608066,54800,0,54800,1.691
1789652477.468317,54810,0,54810,1.691
1789652477.486036,54820,0,54820,1.691
1789652477.4987123,54830,0,54830,1.691
1789652477.5085688,54840,0,54840,1.692
1789652477.5261939,54850,0,54850,1.692
1789652477.5415747,54860,0,54860,1.692
1789652477.5503926,54870,0,54870,1.692
1789652477.5627146,54880,0,54880,1.692
1789652477.5690868,54890,0,54890,1.693
1789652477.5751486,54900,0,54900,1.693
1789652477.581192,54910,0,54910,1.693
1789652477.5866594,54920,0,54920,1.693
1789652477.5922377,54930,0,54930,1.694
1789652477.5984757,54940,0,54940,1.694
1789652477.6038485,54950,0,54950,1.694
1789652477.609548,54960,0,54960,1.694
1789652477.616195,54970,0,54970,1.694
1789652477.621346,54980,0,54980,1.695
1789652477.6270595,54990,0,54990,1.695
1789652477.6333678,55000,0,55000,1.695
1789652477.6409764,55010,0,55010,1.695
1789652477.6518888,55020,0,55020,1.695
1789652477.6607769,55030,0,55030,1.696
1789652477.674302,55040,0,55040,1.696
1789652477.6847804,55050,0,55050,1.696
1789652477.697686,55060,0,55060,1.696
1789652477.7035892,55070,0,55070,1.697
1789652477.7111084,55080,0,55080,1.697
1789652477.7175252,55090,0,55090,1.697
1789652477.7310662,55100,0,55100,1.697
1789652477.7391524,55110,0,55110,1.698
1789652477.7465012,55120,0,55120,1.698
1789652477.7540452,55130,0,55130,1.698
1789652477.760145,55140,0,55140,1.698
1789652477.7653422,55150,0,55150,1.698
1789652477.7737563,55160,0,55160,1.699
1789652477.7801278,55170,0,55170,1.699
1789652477.786657,55180,0,55180,1.699
1789652477.7920156,55190,0,55190,1.699
1789652477.797247,55200,0,55200,1.7
1789652477.8034387,55210,0,55210,1.7
1789652477.8087833,55220,0,55220,1.7
1789652477.8152528,55230,0,55230,1.7
1789652477.8222985,55240,0,55240,1.701
1789652477.8311415,55250,0,55250,1.701
1789652477.8471906,55260,0,55260,1.701
1789652477.8553674,55270,0,55270,1.701
1789652477.8678067,55280,0,55280,1.702
1789652477.8754086,55290,0,55290,1.702
1789652477.8869476,55300,0,55300,1.702
1789652477.9045799,55310,0,55310,1.702
1789652477.913522,55320,0,55320,1.703
1789652477.9228482,55330,0,55330,1.703
1789652477.930247,55340,0,55340,1.703
1789652477.9371357,55350,0,55350,1.703
1789652477.9443283,55360,0,55360,1.704
1789652477.9510658,55370,0,55370,1.704
1789652477.9579966,55380,0,55380,1.704
1789652477.963735,55390,0,55390,1.704
1789652477.9694517,55400,0,55400,1.705
1789652477.9770553,55410,0,55410,1.705
1789652477.9851942,55420,0,55420,1.705
1789652477.9954534,55430,0,55430,1.705
1789652478.0141087,55440,0,55440,1.706
1789652478.026583,55450,0,55450,1.706
1789652478.0372336,55460,0,55460,1.706
1789652478.0504036,55470,0,55470,1.707
1789652478.0667512,55480,0,55480,1.707
1789652478.0884652,55490,0,55490,1.707
1789652478.1037207,55500,0,55500,1.707
1789652478.119435,55510,0,55510,1.708
1789652478.1354325,55520,0,55520,1.708
1789652478.1442819,55530,0,55530,1.708
1789652478.1546485,55540,0,55540,1.708
1789652478.1654284,55550,0,55550,1.709
1789652478.1766942,55560,0,55560,1.709
1789652478.1885424,55570,0,55570,1.709
1789652478.1945717,55580,0,55580,1.71
1789652478.2002163,55590,0,55590,1.71
1789652478.206564,55600,0,55600,1.71
1789652478.2140486,55610,0,55610,1.711
1789652478.221685,55620,0,55620,1.711
1789652478.2277198,55630,0,55630,1.711
1789652478.2355218,55640,0,55640,1.711
1789652478.2461712,55650,0,55650,1.712
1789652478.2586787,55660,0,55660,1.712
1789652478.2699707,55670,0,55670,1.712
1789652478.2790596,55680,0,55680,1.713
1789652478.2877963,55690,0,55690,1.713
1789652478.29686,55700,0,55700,1.713
1789652478.3271432,55710,0,55710,1.714
1789652478.3395767,55720,0,55720,1.714
1789652478.3520613,55730,0,55730,1.714
1789652478.3628488,55740,0,55740,1.714
1789652478.3773108,55750,0,55750,1.715
1789652478.3899753,55760,0,55760,1.715
1789652478.398564,55770,0,55770,1.715
1789652478.4052567,55780,0,55780,1.716
1789652478.4114347,55790,0,55790,1.716
1789652478.4172318,55800,0,55800,1.716
1789652478.4227853,55810,0,55810,1.717
1789652478.4289594,55820,0,55820,1.717
1789652478.4344528,55830,0,55830,1.717
1789652478.4414458,55840,0,55840,1.718
1789652478.451066,55850,0,55850,1.718
1789652478.46,55860,0,55860,1.718
1789652478.4677904,55870,0,55870,1.719
1789652478.4742665,55880,0,55880,1.719
1789652478.7076142,55890,0,55890,1.719
1789652478.7142599,55900,0,55900,1.719
1789652478.7240598,55910,0,55910,1.719
1789652478.7340894,55920,0,55920,1.718
1789652478.7591636,55930,0,55930,1.718
1789652478.7698412,55940,0,55940,1.718
1789652478.7797458,55950,0,55950,1.717
1789652478.7866004,55960,0,55960,1.717
1789652478.7991452,55970,0,55970,1.717
1789652478.8090107,55980,0,55980,1.716
1789652478.8205724,55990,0,55990,1.716
1789652478.827778,56000,0,56000,1.716
1789652478.834145,56010,0,56010,1.716
1789652478.8404531,56020,0,56020,1.715
1789652478.8481672,56030,0,56030,1.715
1789652478.8556015,56040,0,56040,1.715
1789652478.891141,56050,0,56050,1.714
1789652478.9013972,56060,0,56060,1.714
1789652478.9137647,56070,0,56070,1.714
1789652478.9257433,56080,0,56080,1.713
1789652478.9448519,56090,0,56090,1.713
1789652478.963464,56100,0,56100,1.713
1789652478.9778743,56110,0,56110,1.712
1789652478.9919908,56120,0,56120,1.712
1789652479.0265858,56130,0,56130,1.712
1789652479.037813,56140,0,56140,1.712
1789652479.0522869,56150,0,56150,1.711
1789652479.0614297,56160,0,56160,1.711
1789652479.0724378,56170,0,56170,1.711
1789652479.085954,56180,0,56180,1.71
1789652479.0999088,56190,0,56190,1.71
1789652479.1120965,56200,0,56200,1.71
1789652479.1235404,56210,0,56210,1.709
1789652479.1453424,56220,0,56220,1.709
1789652479.1546717,56230,0,56230,1.709
1789652479.1663072,56240,0,56240,1.708
1789652479.1778383,56250,0,56250,1.708
1789652479.1857383,56260,0,56260,1.708
1789652479.1946743,56270,0,56270,1.708
1789652479.2044468,56280,0,56280,1.707
1789652479.2134671,56290,0,56290,1.707
1789652479.2218654,56300,0,56300,1.707
1789652479.231965,56310,0,56310,1.706
1789652479.2419183,56320,0,56320,1.706
1789652479.2641246,56330,0,56330,1.706
1789652479.2738311,56340,0,56340,1.705
1789652479.2872367,56350,0,56350,1.705
1789652479.2946901,56360,0,56360,1.705
1789652479.303961,56370,0,56370,1.705
1789652479.3131247,56380,0,56380,1.704
1789652479.3209398,56390,0,56390,1.704
1789652479.330056,56400,0,56400,1.704
1789652479.340722,56410,0,56410,1.703
1789652479.3583393,56420,0,56420,1.703
1789652479.3704553,56430,0,56430,1.703
1789652479.410151,56440,0,56440,1.702
1789652479.4322476,56450,0,56450,1.702
1789652479.4471483,56460,0,56460,1.702
1789652479.4674873,56470,0,56470,1.702
1789652479.4862754,56480,0,56480,1.701
1789652479.4977603,56490,0,56490,1.701
1789652479.5267866,56500,0,56500,1.701
1789652479.5360548,56510,0,56510,1.7
1789652479.5437477,56520,0,56520,1.7
1789652479.5511754,56530,0,56530,1.7
1789652479.5598235,56540,0,56540,1.699
1789652479.5692434,56550,0,56550,1.699
1789652479.5838137,56560,0,56560,1.699
1789652479.5918121,56570,0,56570,1.699
1789652479.6002588,56580,0,56580,1.698
1789652479.6111174,56590,0,56590,1.698
1789652479.6211917,56600,0,56600,1.698
1789652479.6333995,56610,0,56610,1.697
1789652479.64675,56620,0,56620,1.697
1789652479.6546245,56630,0,56630,1.697
1789652479.6636894,56640,0,56640,1.696
1789652479.671236,56650,0,56650,1.696
1789652479.6791615,56660,0,56660,1.696
1789652479.6912596,56670,0,56670,1.696
1789652479.7014906,56680,0,56680,1.695
1789652479.7099423,56690,0,56690,1.695
1789652479.7219627,56700,0,56700,1.695
1789652479.7296014,56710,0,56710,1.694
1789652479.738847,56720,0,56720,1.694
1789652479.7532365,56730,0,56730,1.694
1789652479.7604966,56740,0,56740,1.693
1789652479.7712524,56750,0,56750,1.693
1789652479.7867088,56760,0,56760,1.693
1789652479.80886,56770,0,56770,1.693
1789652479.8290532,56780,0,56780,1.692
1789652479.8460903,56790,0,56790,1.692
1789652479.87232,56800,0,56800,1.692
1789652479.8885615,56810,0,56810,1.691
1789652479.910329,56820,0,56820,1.691
1789652479.9229004,56830,0,56830,1.691
1789652479.9341795,56840,0,56840,1.69
1789652479.9460902,56850,0,56850,1.69
1789652479.9551833,56860,0,56860,1.69
1789652479.9638035,56870,0,56870,1.69
1789652479.9868052,56880,0,56880,1.689
1789652479.9949453,56890,0,56890,1.689
1789652480.0048814,56900,0,56900,1.689
1789652480.0153298,56910,0,56910,1.688
1789652480.0285683,56920,0,56920,1.688
1789652480.0388339,56930,0,56930,1.688
1789652480.052974,56940,0,56940,1.687
1789652480.062959,56950,0,56950,1.687
1789652480.0715268,56960,0,56960,1.687
1789652480.0811658,56970,0,56970,1.687
1789652480.0931714,56980,0,56980,1.686
1789652480.1205258,56990,0,56990,1.686
1789652480.1322207,57000,0,57000,1.686
1789652480.1450622,57010,0,57010,1.685
1789652480.1551569,57020,0,57020,1.685
1789652480.1682582,57030,0,57030,1.685
1789652480.1769454,57040,0,57040,1.685
1789652480.1870575,57050,0,57050,1.684
1789652480.1943758,57060,0,57060,1.684
1789652480.2026758,57070,0,57070,1.684
1789652480.211234,57080,0,57080,1.683
1789652480.2282739,57090,0,57090,1.683
1789652480.2437847,57100,0,57100,1.683
1789652480.2536955,57110,0,57110,1.682
1789652480.261514,57120,0,57120,1.682
1789652480.274378,57130,0,57130,1.682
1789652480.2851858,57140,0,57140,1.682
1789652480.298428,57150,0,57150,1.681
1789652480.3099003,57160,0,57160,1.681
1789652480.3224342,57170,0,57170,1.681
1789652480.3328187,57180,0,57180,1.68
1789652480.3439913,57190,0,57190,1.68
1789652480.387945,57200,0,57200,1.68
1789652480.4017947,57210,0,57210,1.68
1789652480.41559,57220,0,57220,1.679
1789652480.4303808,57230,0,57230,1.679
1789652480.4382272,57240,0,57240,1.679
1789652480.4468734,57250,0,57250,1.678
1789652480.4542952,57260,0,57260,1.678
1789652480.462747,57270,0,57270,1.678
1789652480.4704533,57280,0,57280,1.677
1789652480.4867373,57290,0,57290,1.677
1789652480.495129,57300,0,57300,1.677
1789652480.4999244,57310,0,57310,1.677
1789652480.509049,57320,0,57320,1.677
1789652480.514233,57330,0,57330,1.678
1789652480.5197926,57340,0,57340,1.678
1789652480.5312808,57350,0,57350,1.678
1789652480.5372565,57360,0,57360,1.678
1789652480.5430455,57370,0,57370,1.678
1789652480.5503798,57380,0,57380,1.678
1789652480.5545785,57390,0,57390,1.678
1789652480.5587723,57400,0,57400,1.678
1789652480.5628774,57410,0,57410,1.678
1789652480.5673726,57420,0,57420,1.678
1789652480.5716283,57430,0,57430,1.678
1789652480.5761013,57440,0,57440,1.678
1789652480.581021,57450,0,57450,1.678
1789652480.5861878,57460,0,57460,1.678
1789652480.5912821,57470,0,57470,1.678
1789652480.5970657,57480,0,57480,1.678
1789652480.6033013,57490,0,57490,1.679
1789652480.6091328,57500,0,57500,1.679
1789652480.6167305,57510,0,57510,1.679
1789652480.6228254,57520,0,57520,1.679
1789652480.6322508,57530,0,57530,1.679
1789652480.6393337,57540,0,57540,1.679
1789652480.6477423,57550,0,57550,1.679
1789652480.6541512,57560,0,57560,1.679
1789652480.6608343,57570,0,57570,1.679
1789652480.665588,57580,0,57580,1.679
1789652480.6787903,57590,0,57590,1.679
1789652480.688552,57600,0,57600,1.679
1789652480.69713,57610,0,57610,1.679
1789652480.7052128,57620,0,57620,1.68
1789652480.7102993,57630,0,57630,1.68
1789652480.7172709,57640,0,57640,1.68
1789652480.7240913,57650,0,57650,1.68
1789652480.730453,57660,0,57660,1.68
1789652480.7440777,57670,0,57670,1.68
1789652480.7555203,57680,0,57680,1.68
1789652480.7650301,57690,0,57690,1.68
1789652480.7781484,57700,0,57700,1.68
1789652480.7897077,57710,0,57710,1.68
1789652480.8002164,57720,0,57720,1.68
1789652480.809182,57730,0,57730,1.681
1789652480.8199809,57740,0,57740,1.681
1789652480.832317,57750,0,57750,1.681
1789652480.8475516,57760,0,57760,1.681
1789652480.8638365,57770,0,57770,1.681
1789652480.8726912,57780,0,57780,1.681
1789652480.8864133,57790,0,57790,1.681
1789652480.8988202,57800,0,57800,1.681
1789652480.9094956,57810,0,57810,1.681
1789652480.9266791,57820,0,57820,1.681
1789652480.9389253,57830,0,57830,1.682
1789652480.9484699,57840,0,57840,1.682
1789652480.963867,57850,0,57850,1.682
1789652480.973115,57860,0,57860,1.682
1789652480.9792805,57870,0,57870,1.682
1789652480.9873378,57880,0,57880,1.682
1789652480.9936059,57890,0,57890,1.682
1789652481.0017734,57900,0,57900,1.682
1789652481.0097165,57910,0,57910,1.683
1789652481.0192518,57920,0,57920,1.683
1789652481.0274022,57930,0,57930,1.683
1789652481.0354657,57940,0,57940,1.683
1789652481.0429494,57950,0,57950,1.683
1789652481.0510254,57960,0,57960,1.683
1789652481.0572698,57970,0,57970,1.683
1789652481.063201,57980,0,57980,1.684
1789652481.0693238,57990,0,57990,1.684
1789652481.0750623,58000,0,58000,1.684
1789652481.081279,58010,0,58010,1.684
1789652481.0937843,58020,0,58020,1.684
1789652481.102127,58030,0,58030,1.684
1789652481.1108549,58040,0,58040,1.684
1789652481.1219552,58050,0,58050,1.684
1789652481.132419,58060,0,58060,1.685
1789652481.141218,58070,0,58070,1.685
1789652481.1503482,58080,0,58080,1.685
1789652481.1589022,58090,0,58090,1.685
1789652481.1673958,58100,0,58100,1.685
1789652481.175982,58110,0,58110,1.685
1789652481.1831708,58120,0,58120,1.685
1789652481.1908283,58130,0,58130,1.686
1789652481.1963966,58140,0,58140,1.686
1789652481.2024786,58150,0,58150,1.686
1789652481.2097652,58160,0,58160,1.686
1789652481.2156756,58170,0,58170,1.686
1789652481.2216918,58180,0,58180,1.686
1789652481.2273555,58190,0,58190,1.687
1789652481.2340164,58200,0,58200,1.687
1789652481.243958,58210,0,58210,1.687
1789652481.2556276,58220,0,58220,1.687
1789652481.263772,58230,0,58230,1.687
1789652481.2740622,58240,0,58240,1.687
1789652481.282212,58250,0,58250,1.687
1789652481.2888486,58260,0,58260,1.688
1789652481.3010368,58270,0,58270,1.688
1789652481.3072422,58280,0,58280,1.688
1789652481.3163028,58290,0,58290,1.688
1789652481.3264334,58300,0,58300,1.688
1789652481.334014,58310,0,58310,1.688
1789652481.3394477,58320,0,58320,1.689
1789652481.3474345,58330,0,58330,1.689
1789652481.3538563,58340,0,58340,1.689
1789652481.3595076,58350,0,58350,1.689
1789652481.3690937,58360,0,58360,1.689
1789652481.3823173,58370,0,58370,1.689
1789652481.394052,58380,0,58380,1.69
1789652481.4105732,58390,0,58390,1.69
1789652481.4223988,58400,0,58400,1.69
1789652481.4351697,58410,0,58410,1.69
1789652481.4599996,58420,0,58420,1.69
1789652481.4737298,58430,0,58430,1.69
1789652481.4885764,58440,0,58440,1.691
1789652481.5002189,58450,0,58450,1.691
1789652481.5134342,58460,0,58460,1.691
1789652481.5266786,58470,0,58470,1.691
1789652481.5358737,58480,0,58480,1.691
1789652481.5459893,58490,0,58490,1.691
1789652481.5579934,58500,0,58500,1.691
1789652481.569317,58510,0,58510,1.691
1789652481.5803587,58520,0,58520,1.692
1789652481.588431,58530,0,58530,1.692
1789652481.596927,58540,0,58540,1.692
1789652481.602996,58550,0,58550,1.692
1789652481.6091878,58560,0,58560,1.692
1789652481.6157143,58570,0,58570,1.692
1789652481.6215732,58580,0,58580,1.692
1789652481.6293473,58590,0,58590,1.692
1789652481.63678,58600,0,58600,1.692
1789652481.6502905,58610,0,58610,1.692
1789652481.6603277,58620,0,58620,1.692
1789652481.6711035,58630,0,58630,1.692
1789652481.6866143,58640,0,58640,1.692
1789652481.6941855,58650,0,58650,1.692
1789652481.6996505,58660,0,58660,1.692
1789652481.7075012,58670,0,58670,1.692
1789652481.7131429,58680,0,58680,1.692
1789652481.7186105,58690,0,58690,1.692
1789652481.7241404,58700,0,58700,1.692
1789652481.729062,58710,0,58710,1.692
1789652481.734159,58720,0,58720,1.692
1789652481.7424643,58730,0,58730,1.692
1789652481.7475047,58740,0,58740,1.691
1789652481.7530558,58750,0,58750,1.691
1789652481.758098,58760,0,58760,1.691
1789652481.7626197,58770,0,58770,1.691
1789652481.7684033,58780,0,58780,1.69
1789652481.7750974,58790,0,58790,1.69
1789652481.780245,58800,0,58800,1.69
1789652481.7897651,58810,0,58810,1.689
1789652481.8059263,58820,0,58820,1.689
1789652481.8217947,58830,0,58830,1.689
1789652481.82854,58840,0,58840,1.689
1789652481.8356087,58850,0,58850,1.688
1789652481.8424008,58860,0,58860,1.688
1789652481.849335,58870,0,58870,1.688
1789652481.8548467,58880,0,58880,1.687
1789652481.860512,58890,0,58890,1.687
1789652481.8664472,58900,0,58900,1.687
1789652481.8726385,58910,0,58910,1.687
1789652481.8794136,58920,0,58920,1.686
1789652481.8858058,58930,0,58930,1.686
1789652481.893166,58940,0,58940,1.686
1789652481.9032464,58950,0,58950,1.685
1789652481.9113185,58960,0,58960,1.685
1789652481.9186988,58970,0,58970,1.685
1789652481.9336696,58980,0,58980,1.685
1789652481.9433439,58990,0,58990,1.684
1789652481.9511733,59000,0,59000,1.684
1789652481.9673758,59010,0,59010,1.684
1789652481.9743378,59020,0,59020,1.683
1789652481.9820068,59030,0,59030,1.683
1789652481.9898694,59040,0,59040,1.683
1789652481.9958389,59050,0,59050,1.683
1789652482.0036786,59060,0,59060,1.682
1789652482.010473,59070,0,59070,1.682
1789652482.0190747,59080,0,59080,1.682
1789652482.02679,59090,0,59090,1.681
1789652482.0341365,59100,0,59100,1.681
1789652482.044803,59110,0,59110,1.681
1789652482.0537505,59120,0,59120,1.681
1789652482.0668292,59130,0,59130,1.68
1789652482.0976734,59140,0,59140,1.68
1789652482.1341593,59150,0,59150,1.68
1789652482.15472,59160,0,59160,1.679
1789652482.1691382,59170,0,59170,1.679
1789652482.1848218,59180,0,59180,1.679
1789652482.2018073,59190,0,59190,1.679
1789652482.2101927,59200,0,59200,1.678
1789652482.2186234,59210,0,59210,1.678
1789652482.226703,59220,0,59220,1.678
1789652482.234182,59230,0,59230,1.677
1789652482.2438512,59240,0,59240,1.677
1789652482.2771344,59250,0,59250,1.677
1789652482.2881982,59260,0,59260,1.677
1789652482.3017695,59270,0,59270,1.676
1789652482.3093965,59280,0,59280,1.676
1789652482.3181942,59290,0,59290,1.676
1789652482.327477,59300,0,59300,1.676
1789652482.3350375,59310,0,59310,1.675
1789652482.3433242,59320,0,59320,1.675
1789652482.35249,59330,0,59330,1.675
1789652482.3602164,59340,0,59340,1.674
1789652482.3696735,59350,0,59350,1.674
1789652482.3806417,59360,0,59360,1.674
1789652482.3880942,59370,0,59370,1.674
1789652482.4010017,59380,0,59380,1.673
1789652482.422126,59390,0,59390,1.673
1789652482.4328907,59400,0,59400,1.673
1789652482.4430764,59410,0,59410,1.672
1789652482.4498265,59420,0,59420,1.672
1789652482.4591837,59430,0,59430,1.672
1789652482.466505,59440,0,59440,1.672
1789652482.4742994,59450,0,59450,1.671
1789652482.4894233,59460,0,59460,1.671
1789652482.4990335,59470,0,59470,1.671
1789652482.5071628,59480,0,59480,1.67
1789652482.5203936,59490,0,59490,1.67
1789652482.529066,59500,0,59500,1.67
1789652482.5459416,59510,0,59510,1.67
1789652482.5548139,59520,0,59520,1.669
1789652482.5684466,59530,0,59530,1.669
1789652482.5818453,59540,0,59540,1.669
1789652482.6124966,59550,0,59550,1.668
1789652482.6228383,59560,0,59560,1.668
1789652482.634847,59570,0,59570,1.668
1789652482.650152,59580,0,59580,1.668
1789652482.6621125,59590,0,59590,1.667
1789652482.6721659,59600,0,59600,1.667
1789652482.6805418,59610,0,59610,1.667
1789652482.6914735,59620,0,59620,1.667
1789652482.7073328,59630,0,59630,1.666
1789652482.722456,59640,0,59640,1.666
1789652482.743264,59650,0,59650,1.666
1789652482.7793872,59660,0,59660,1.665
1789652482.8193927,59670,0,59670,1.665
1789652482.8364172,59680,0,59680,1.665
1789652482.8483105,59690,0,59690,1.665
1789652482.860612,59700,0,59700,1.664
1789652482.881387,59710,0,59710,1.664
1789652482.8951006,59720,0,59720,1.664
1789652482.905748,59730,0,59730,1.663
1789652482.9158425,59740,0,59740,1.663
1789652482.9232793,59750,0,59750,1.663
1789652482.9378598,59760,0,59760,1.663
1789652482.9533935,59770,0,59770,1.662
1789652482.9615912,59780,0,59780,1.662
1789652482.9705722,59790,0,59790,1.662
1789652482.979278,59800,0,59800,1.661
1789652482.9916575,59810,0,59810,1.661
1789652483.0095525,59820,0,59820,1.661
1789652483.0233283,59830,0,59830,1.661
1789652483.0330975,59840,0,59840,1.66
1789652483.0397966,59850,0,59850,1.66
1789652483.0461183,59860,0,59860,1.66
1789652483.0555477,59870,0,59870,1.66
1789652483.0640056,59880,0,59880,1.659
1789652483.0782223,59890,0,59890,1.659
1789652483.0880759,59900,0,59900,1.659
1789652483.0999746,59910,0,59910,1.658
1789652483.1149116,59920,0,59920,1.658
1789652483.1274989,59930,0,59930,1.658
1789652483.1350296,59940,0,59940,1.658
1789652483.1434891,59950,0,59950,1.657
1789652483.152492,59960,0,59960,1.657
1789652483.1605484,59970,0,59970,1.657
1789652483.1683562,59980,0,59980,1.657
1789652483.1773176,59990,0,59990,1.656
1789652483.1856139,60000,0,60000,1.656
1789652483.1970952,60010,0,60010,1.656
1789652483.2086535,60020,0,60020,1.655
1789652483.2166011,60030,0,60030,1.655
1789652483.242487,60040,0,60040,1.655
1789652483.25138,60050,0,60050,1.655
1789652483.258578,60060,0,60060,1.654
1789652483.2656722,60070,0,60070,1.654
1789652483.2740023,60080,0,60080,1.654
1789652483.2826695,60090,0,60090,1.653
1789652483.2923691,60100,0,60100,1.653
1789652483.3000083,60110,0,60110,1.653
1789652483.3083265,60120,0,60120,1.653
1789652483.3169532,60130,0,60130,1.652
1789652483.328,60140,0,60140,1.652
1789652483.3360815,60150,0,60150,1.652
1789652483.3480747,60160,0,60160,1.652
1789652483.3674242,60170,0,60170,1.651
1789652483.3775403,60180,0,60180,1.651
1789652483.3849442,60190,0,60190,1.651
1789652483.3939555,60200,0,60200,1.65
1789652483.4013317,60210,0,60210,1.65
1789652483.4095585,60220,0,60220,1.65
1789652483.4172103,60230,0,60230,1.65
1789652483.434473,60240,0,60240,1.649
1789652483.4433403,60250,0,60250,1.649
1789652483.4531925,60260,0,60260,1.649
1789652483.4650216,60270,0,60270,1.649
1789652483.4904125,60280,0,60280,1.648
1789652483.5111349,60290,0,60290,1.648
1789652483.524963,60300,0,60300,1.648
1789652483.5364702,60310,0,60310,1.647
1789652483.5472937,60320,0,60320,1.647
1789652483.5661764,60330,0,60330,1.647
1789652483.5766523,60340,0,60340,1.647
1789652483.5923846,60350,0,60350,1.646
1789652483.6039987,60360,0,60360,1.646
1789652483.6154375,60370,0,60370,1.646
1789652483.633037,60380,0,60380,1.646
1789652483.6469524,60390,0,60390,1.645
1789652483.6576986,60400,0,60400,1.645
1789652483.6662877,60410,0,60410,1.645
1789652483.6768067,60420,0,60420,1.644
1789652483.6850548,60430,0,60430,1.644
1789652483.6933446,60440,0,60440,1.644
1789652483.7056081,60450,0,60450,1.644
1789652483.7168367,60460,0,60460,1.643
1789652483.7263708,60470,0,60470,1.643
1789652483.7336748,60480,0,60480,1.643
1789652483.7486978,60490,0,60490,1.643
1789652483.754148,60500,0,60500,1.643
1789652483.7588468,60510,0,60510,1.643
1789652483.7646482,60520,0,60520,1.643
1789652483.7696548,60530,0,60530,1.643
1789652483.774176,60540,0,60540,1.643
1789652483.7783604,60550,0,60550,1.643
1789652483.7831092,60560,0,60560,1.643
1789652483.787303,60570,0,60570,1.643
1789652483.7912848,60580,0,60580,1.643
1789652483.7952182,60590,0,60590,1.643
1789652483.8016357,60600,0,60600,1.643
1789652483.8182392,60610,0,60610,1.643
1789652483.826348,60620,0,60620,1.643
1789652483.8344316,60630,0,60630,1.643
1789652483.843565,60640,0,60640,1.643
1789652483.8525684,60650,0,60650,1.643
1789652483.864068,60660,0,60660,1.643
1789652483.874121,60670,0,60670,1.643
1789652483.88239,60680,0,60680,1.643
1789652483.8908896,60690,0,60690,1.643
1789652483.9000666,60700,0,60700,1.643
1789652483.9065614,60710,0,60710,1.642
1789652483.9145668,60720,0,60720,1.642
1789652483.9204705,60730,0,60730,1.642
1789652483.9270108,60740,0,60740,1.642
1789652483.9338114,60750,0,60750,1.642
1789652483.9417524,60760,0,60760,1.642
1789652483.9577112,60770,0,60770,1.642
1789652483.9655135,60780,0,60780,1.642
1789652483.974807,60790,0,60790,1.642
1789652483.9827797,60800,0,60800,1.641
1789652483.9956517,60810,0,60810,1.641
1789652484.0029788,60820,0,60820,1.641
1789652484.0096605,60830,0,60830,1.641
1789652484.0177507,60840,0,60840,1.641
1789652484.0237653,60850,0,60850,1.641
1789652484.0300052,60860,0,60860,1.641
1789652484.036236,60870,0,60870,1.64
1789652484.0424588,60880,0,60880,1.64
1789652484.0489438,60890,0,60890,1.64
1789652484.0553079,60900,0,60900,1.64
1789652484.0650525,60910,0,60910,1.64
1789652484.075935,60920,0,60920,1.64
1789652484.0870278,60930,0,60930,1.64
1789652484.0967746,60940,0,60940,1.639
1789652484.1134787,60950,0,60950,1.639
1789652484.1346233,60960,0,60960,1.639
1789652484.1438303,60970,0,60970,1.639
1789652484.1584938,60980,0,60980,1.639
1789652484.165284,60990,0,60990,1.639
1789652484.1724448,61000,0,61000,1.639
1789652484.1819673,61010,0,61010,1.638
1789652484.1903977,61020,0,61020,1.638
1789652484.1963272,61030,0,61030,1.638
1789652484.2023022,61040,0,61040,1.638
1789652484.213024,61050,0,61050,1.638
1789652484.2285354,61060,0,61060,1.638
1789652484.2406566,61070,0,61070,1.637
1789652484.250412,61080,0,61080,1.637
1789652484.2573564,61090,0,61090,1.637
1789652484.26944,61100,0,61100,1.637
1789652484.28162,61110,0,61110,1.637
1789652484.294379,61120,0,61120,1.636
1789652484.3053174,61130,0,61130,1.636
1789652484.3127291,61140,0,61140,1.636
1789652484.31953,61150,0,61150,1.636
1789652484.3314953,61160,0,61160,1.635
1789652484.3409877,61170,0,61170,1.635
1789652484.3554866,61180,0,61180,1.635
1789652484.3650417,61190,0,61190,1.635
1789652484.374086,61200,0,61200,1.634
1789652484.379715,61210,0,61210,1.634
1789652484.3859522,61220,0,61220,1.634
1789652484.3913758,61230,0,61230,1.634
1789652484.3990865,61240,0,61240,1.633
1789652484.406505,61250,0,61250,1.633
1789652484.4223583,61260,0,61260,1.633
1789652484.4350388,61270,0,61270,1.632
1789652484.4450297,61280,0,61280,1.632
1789652484.4512327,61290,0,61290,1.632
1789652484.4619505,61300,0,61300,1.632
1789652484.4736652,61310,0,61310,1.631
1789652484.4815836,61320,0,61320,1.631
1789652484.4901817,61330,0,61330,1.631
1789652484.4963918,61340,0,61340,1.631
1789652484.503221,61350,0,61350,1.63
1789652484.5101347,61360,0,61360,1.63
1789652484.515283,61370,0,61370,1.63
1789652484.525278,61380,0,61380,1.63
1789652484.538709,61390,0,61390,1.629
1789652484.5534844,61400,0,61400,1.629
1789652484.560445,61410,0,61410,1.629
1789652484.5731049,61420,0,61420,1.628
1789652484.5872183,61430,0,61430,1.628
1789652484.5967488,61440,0,61440,1.628
1789652484.603998,61450,0,61450,1.628
1789652484.6117675,61460,0,61460,1.627
1789652484.6197565,61470,0,61470,1.627
1789652484.6299708,61480,0,61480,1.627
1789652484.638656,61490,0,61490,1.627
1789652484.646855,61500,0,61500,1.626
1789652484.6573596,61510,0,61510,1.626
1789652484.675671,61520,0,61520,1.626
1789652484.7094533,61530,0,61530,1.626
1789652484.7208343,61540,0,61540,1.625
1789652484.7279491,61550,0,61550,1.625
1789652484.7351332,61560,0,61560,1.625
1789652484.7481127,61570,0,61570,1.625
1789652484.7581873,61580,0,61580,1.624
1789652484.7699819,61590,0,61590,1.624
1789652484.7773561,61600,0,61600,1.624
1789652484.7876718,61610,0,61610,1.623
1789652484.8018076,61620,0,61620,1.623
1789652484.8147368,61630,0,61630,1.623
1789652484.841935,61640,0,61640,1.623
1789652484.8574839,61650,0,61650,1.622
1789652484.8738737,61660,0,61660,1.622
1789652484.8870227,61670,0,61670,1.622
1789652484.902018,61680,0,61680,1.622
1789652484.9144495,61690,0,61690,1.621
1789652484.9253,61700,0,61700,1.621
1789652484.9358976,61710,0,61710,1.621
1789652484.9481442,61720,0,61720,1.621
1789652484.9613464,61730,0,61730,1.62
1789652484.986956,61740,0,61740,1.62
1789652484.9951248,61750,0,61750,1.62
1789652485.0056581,61760,0,61760,1.62
1789652485.017264,61770,0,61770,1.619
1789652485.0294251,61780,0,61780,1.619
1789652485.053683,61790,0,61790,1.619
1789652485.0667012,61800,0,61800,1.618
1789652485.0807338,61810,0,61810,1.618
1789652485.0961661,61820,0,61820,1.618
1789652485.1105993,61830,0,61830,1.618
1789652485.147395,61840,0,61840,1.617
1789652485.1625297,61850,0,61850,1.617
1789652485.1838684,61860,0,61860,1.617
1789652485.1978064,61870,0,61870,1.617
1789652485.21098,61880,0,61880,1.616
1789652485.2206156,61890,0,61890,1.616
1789652485.2283378,61900,0,61900,1.616
1789652485.2380362,61910,0,61910,1.616
1789652485.2468367,61920,0,61920,1.615
1789652485.2568407,61930,0,61930,1.615
1789652485.2645082,61940,0,61940,1.615
1789652485.273009,61950,0,61950,1.615
1789652485.281164,61960,0,61960,1.614
1789652485.2904272,61970,0,61970,1.614
1789652485.3058233,61980,0,61980,1.614
1789652485.3327303,61990,0,61990,1.614
1789652485.3536,62000,0,62000,1.613
1789652485.3799458,62010,0,62010,1.613
1789652485.3904648,62020,0,62020,1.613
1789652485.4025497,62030,0,62030,1.612
1789652485.4159243,62040,0,62040,1.612
1789652485.4269674,62050,0,62050,1.612
1789652485.436178,62060,0,62060,1.612
1789652485.4612432,62070,0,62070,1.611
1789652485.4740722,62080,0,62080,1.611
1789652485.4854329,62090,0,62090,1.611
1789652485.512576,62100,0,62100,1.611
1789652485.524547,62110,0,62110,1.61
1789652485.5416255,62120,0,62120,1.61
1789652485.5545595,62130,0,62130,1.61
1789652485.5616028,62140,0,62140,1.61
1789652485.579309,62150,0,62150,1.609
1789652485.5935395,62160,0,62160,1.609
1789652485.603119,62170,0,62170,1.609
1789652485.6189282,62180,0,62180,1.609
1789652485.63864,62190,0,62190,1.608
1789652485.6528325,62200,0,62200,1.608
1789652485.6624906,62210,0,62210,1.608
1789652485.6719072,62220,0,62220,1.608
1789652485.6899788,62230,0,62230,1.607
1789652485.7122562,62240,0,62240,1.607
1789652485.733728,62250,0,62250,1.607
1789652485.7505481,62260,0,62260,1.607
1789652485.7834888,62270,0,62270,1.606
1789652485.793173,62280,0,62280,1.606
1789652485.8205419,62290,0,62290,1.606
1789652485.8445957,62300,0,62300,1.605
1789652485.8684437,62310,0,62310,1.605
1789652485.888254,62320,0,62320,1.605
1789652485.9109657,62330,0,62330,1.605
1789652485.939679,62340,0,62340,1.604
1789652485.9473844,62350,0,62350,1.604
1789652485.9556487,62360,0,62360,1.604
1789652485.9648232,62370,0,62370,1.604
1789652485.9731534,62380,0,62380,1.603
1789652485.982949,62390,0,62390,1.603
1789652485.9970589,62400,0,62400,1.603
1789652486.007881,62410,0,62410,1.603
1789652486.0194578,62420,0,62420,1.602
1789652486.0287175,62430,0,62430,1.602
1789652486.0409153,62440,0,62440,1.602
1789652486.075896,62450,0,62450,1.602
1789652486.0982363,62460,0,62460,1.601
1789652486.1092873,62470,0,62470,1.601
1789652486.1183348,62480,0,62480,1.601
1789652486.129142,62490,0,62490,1.601
1789652486.1410246,62500,0,62500,1.6
1789652486.1500685,62510,0,62510,1.6
1789652486.1596103,62520,0,62520,1.6
1789652486.166636,62530,0,62530,1.6
1789652486.1744835,62540,0,62540,1.599
1789652486.1834106,62550,0,62550,1.599
1789652486.1981559,62560,0,62560,1.599
1789652486.2174985,62570,0,62570,1.599
1789652486.2284281,62580,0,62580,1.598
1789652486.2358406,62590,0,62590,1.598
1789652486.2447498,62600,0,62600,1.598
1789652486.2533767,62610,0,62610,1.598
1789652486.259486,62620,0,62620,1.597
1789652486.2655723,62630,0,62630,1.597
1789652486.2765937,62640,0,62640,1.597
1789652486.285516,62650,0,62650,1.597
1789652486.2924745,62660,0,62660,1.596
1789652486.3018715,62670,0,62670,1.596
1789652486.306452,62680,0,62680,1.596
1789652486.3119304,62690,0,62690,1.596
1789652486.3170142,62700,0,62700,1.596
1789652486.3214417,62710,0,62710,1.597
1789652486.3258092,62720,0,62720,1.597
1789652486.330196,62730,0,62730,1.597
1789652486.3347661,62740,0,62740,1.597
1789652486.3397996,62750,0,62750,1.597
1789652486.344202,62760,0,62760,1.597
1789652486.348887,62770,0,62770,1.597
1789652486.353258,62780,0,62780,1.597
1789652486.357006,62790,0,62790,1.597
1789652486.3610103,62800,0,62800,1.597
1789652486.364976,62810,0,62810,1.597
1789652486.3690512,62820,0,62820,1.597
1789652486.3794217,62830,0,62830,1.597
1789652486.3841493,62840,0,62840,1.597
1789652486.3886364,62850,0,62850,1.597
1789652486.394081,62860,0,62860,1.597
1789652486.3986518,62870,0,62870,1.597
1789652486.4029934,62880,0,62880,1.597
1789652486.4130428,62890,0,62890,1.597
1789652486.4207141,62900,0,62900,1.597
1789652486.4278264,62910,0,62910,1.597
1789652486.4339788,62920,0,62920,1.597
1789652486.4406428,62930,0,62930,1.597
1789652486.4466727,62940,0,62940,1.597
1789652486.4541044,62950,0,62950,1.597
1789652486.4615717,62960,0,62960,1.598
1789652486.4688833,62970,0,62970,1.598
1789652486.475788,62980,0,62980,1.598
1789652486.4839923,62990,0,62990,1.598
1789652486.4932928,63000,0,63000,1.598
1789652486.502275,63010,0,63010,1.598
1789652486.5099602,63020,0,63020,1.598
1789652486.518482,63030,0,63030,1.598
1789652486.5281053,63040,0,63040,1.598
1789652486.542731,63050,0,63050,1.598
1789652486.5542705,63060,0,63060,1.598
1789652486.5646868,63070,0,63070,1.598
1789652486.5725043,63080,0,63080,1.598
1789652486.5794442,63090,0,63090,1.598
1789652486.5859795,63100,0,63100,1.598
1789652486.5924263,63110,0,63110,1.598
1789652486.5989764,63120,0,63120,1.598
1789652486.6041517,63130,0,63130,1.598
1789652486.609235,63140,0,63140,1.598
1789652486.6163747,63150,0,63150,1.598
1789652486.6235158,63160,0,63160,1.598
1789652486.630902,63170,0,63170,1.598
1789652486.636173,63180,0,63180,1.598
1789652486.6438274,63190,0,63190,1.598
1789652486.6537192,63200,0,63200,1.598
1789652486.6627383,63210,0,63210,1.598
1789652486.6705384,63220,0,63220,1.598
1789652486.677277,63230,0,63230,1.598
1789652486.6825075,63240,0,63240,1.598
1789652486.6878862,63250,0,63250,1.598
1789652486.694365,63260,0,63260,1.598
1789652486.7048802,63270,0,63270,1.598
1789652486.710135,63280,0,63280,1.598
1789652486.7150433,63290,0,63290,1.598
1789652486.7215452,63300,0,63300,1.598
1789652486.7282255,63310,0,63310,1.598
1789652486.735617,63320,0,63320,1.598
1789652486.7448814,63330,0,63330,1.598
1789652486.756838,63340,0,63340,1.598
1789652486.7742417,63350,0,63350,1.598
1789652486.7847612,63360,0,63360,1.598
1789652486.7935393,63370,0,63370,1.598
1789652486.8039782,63380,0,63380,1.598
1789652486.831306,63390,0,63390,1.598
1789652486.849017,63400,0,63400,1.598
1789652486.866341,63410,0,63410,1.598
1789652486.887354,63420,0,63420,1.598
1789652486.903619,63430,0,63430,1.598
1789652486.912858,63440,0,63440,1.598
1789652486.9247558,63450,0,63450,1.598
1789652486.939004,63460,0,63460,1.598
1789652486.9461837,63470,0,63470,1.598
1789652486.9584794,63480,0,63480,1.598
1789652486.9719384,63490,0,63490,1.598
1789652486.9836335,63500,0,63500,1.598
1789652486.9945571,63510,0,63510,1.598
1789652487.0031667,63520,0,63520,1.598
1789652487.0086932,63530,0,63530,1.598
1789652487.0138898,63540,0,63540,1.598
1789652487.0196307,63550,0,63550,1.598
1789652487.0247777,63560,0,63560,1.598
1789652487.0302715,63570,0,63570,1.598
1789652487.0363967,63580,0,63580,1.598
1789652487.0419517,63590,0,63590,1.598
1789652487.0480888,63600,0,63600,1.598
1789652487.0546424,63610,0,63610,1.598
1789652487.0599375,63620,0,63620,1.598
1789652487.0663974,63630,0,63630,1.598
1789652487.0725274,63640,0,63640,1.598
1789652487.0777478,63650,0,63650,1.598
1789652487.0837584,63660,0,63660,1.598
1789652487.09009,63670,0,63670,1.598
1789652487.1155941,63680,0,63680,1.598
1789652487.1340442,63690,0,63690,1.598
1789652487.143423,63700,0,63700,1.598
1789652487.15258,63710,0,63710,1.597
1789652487.162356,63720,0,63720,1.597
1789652487.172283,63730,0,63730,1.597
1789652487.1898844,63740,0,63740,1.597
1789652487.197013,63750,0,63750,1.597
1789652487.2063274,63760,0,63760,1.597
1789652487.2168174,63770,0,63770,1.597
1789652487.2259555,63780,0,63780,1.597
1789652487.2361174,63790,0,63790,1.597
1789652487.2529068,63800,0,63800,1.597
1789652487.2606587,63810,0,63810,1.597
1789652487.2710814,63820,0,63820,1.597
1789652487.282518,63830,0,63830,1.597
1789652487.2905977,63840,0,63840,1.597
1789652487.2958293,63850,0,63850,1.597
1789652487.3024652,63860,0,63860,1.597
1789652487.3078403,63870,0,63870,1.597
1789652487.3133278,63880,0,63880,1.597
1789652487.3202484,63890,0,63890,1.597
1789652487.3255703,63900,0,63900,1.597
1789652487.3312216,63910,0,63910,1.597
1789652487.3378525,63920,0,63920,1.597
1789652487.3426604,63930,0,63930,1.596
1789652487.348566,63940,0,63940,1.596
1789652487.3532622,63950,0,63950,1.596
1789652487.3586447,63960,0,63960,1.596
1789652487.3662064,63970,0,63970,1.595
1789652487.3819792,63980,0,63980,1.595
1789652487.3906262,63990,0,63990,1.595
1789652487.398557,64000,0,64000,1.595
1789652487.4046545,64010,0,64010,1.594
1789652487.4121504,64020,0,64020,1.594
1789652487.4196737,64030,0,64030,1.594
1789652487.4274304,64040,0,64040,1.594
1789652487.4491458,64050,0,64050,1.593
1789652487.4653614,64060,0,64060,1.593
1789652487.4742484,64070,0,64070,1.593
1789652487.485649,64080,0,64080,1.593
1789652487.5004694,64090,0,64090,1.592
1789652487.5165138,64100,0,64100,1.592
1789652487.527117,64110,0,64110,1.592
1789652487.5432014,64120,0,64120,1.592
1789652487.5532217,64130,0,64130,1.591
1789652487.5641298,64140,0,64140,1.591
1789652487.5796056,64150,0,64150,1.591
1789652487.6035507,64160,0,64160,1.591
1789652487.6253474,64170,0,64170,1.59
1789652487.6354272,64180,0,64180,1.59
1789652487.648387,64190,0,64190,1.59
1789652487.6561608,64200,0,64200,1.59
1789652487.66407,64210,0,64210,1.589
1789652487.6727202,64220,0,64220,1.589
1789652487.6822588,64230,0,64230,1.589
1789652487.6922026,64240,0,64240,1.589
1789652487.7001488,64250,0,64250,1.588
1789652487.7098083,64260,0,64260,1.588
1789652487.7199101,64270,0,64270,1.588
1789652487.7384734,64280,0,64280,1.588
1789652487.7557745,64290,0,64290,1.587
1789652487.7795627,64300,0,64300,1.587
1789652487.7936132,64310,0,64310,1.587
1789652487.81263,64320,0,64320,1.587
1789652487.8290176,64330,0,64330,1.586
1789652488.944994,64340,0,64340,1.586
1789652488.9611204,64350,0,64350,1.586
1789652488.9756253,64360,0,64360,1.586
1789652488.9955595,64370,0,64370,1.585
1789652489.0297153,64380,0,64380,1.585
1789652489.0494838,64390,0,64390,1.585
1789652489.0655503,64400,0,64400,1.585
1789652489.0794227,64410,0,64410,1.584
1789652489.0995598,64420,0,64420,1.584
1789652489.117722,64430,0,64430,1.584
1789652489.143195,64440,0,64440,1.584
1789652489.167067,64450,0,64450,1.583
1789652489.180574,64460,0,64460,1.583
1789652489.1949527,64470,0,64470,1.583
1789652489.212027,64480,0,64480,1.583
1789652489.2280862,64490,0,64490,1.582
1789652489.2508032,64500,0,64500,1.582
1789652489.2802212,64510,0,64510,1.582
1789652489.3051023,64520,0,64520,1.582
1789652489.3214183,64530,0,64530,1.581
1789652489.333148,64540,0,64540,1.581
1789652489.3390603,64550,0,64550,1.581
1789652489.3429866,64560,0,64560,1.581
1789652489.347139,64570,0,64570,1.581
1789652489.3511078,64580,0,64580,1.581
1789652489.354908,64590,0,64590,1.581
1789652489.3586156,64600,0,64600,1.582
1789652489.3631248,64610,0,64610,1.582
1789652489.3670263,64620,0,64620,1.582
1789652489.3709514,64630,0,64630,1.582
1789652489.3747807,64640,0,64640,1.582
1789652489.3806465,64650,0,64650,1.582
1789652489.3851988,64660,0,64660,1.582
1789652489.3907719,64670,0,64670,1.582
1789652489.3955288,64680,0,64680,1.582
1789652489.4003453,64690,0,64690,1.582
1789652489.4047806,64700,0,64700,1.582
1789652489.4115984,64710,0,64710,1.582
1789652489.4202826,64720,0,64720,1.582
1789652489.4272068,64730,0,64730,1.582
1789652489.4326596,64740,0,64740,1.582
1789652489.4492662,64750,0,64750,1.582
1789652489.4597542,64760,0,64760,1.582
1789652489.4653769,64770,0,64770,1.582
1789652489.4730003,64780,0,64780,1.582
1789652489.479007,64790,0,64790,1.582
1789652489.4840264,64800,0,64800,1.582
1789652489.493215,64810,0,64810,1.582
1789652489.4988902,64820,0,64820,1.582
1789652489.505397,64830,0,64830,1.582
1789652489.5098395,64840,0,64840,1.582
1789652489.5141873,64850,0,64850,1.582
1789652489.5189972,64860,0,64860,1.582
1789652489.523515,64870,0,64870,1.582
1789652489.5279577,64880,0,64880,1.582
1789652489.53333,64890,0,64890,1.582
1789652489.5393915,64900,0,64900,1.582
1789652489.5452037,64910,0,64910,1.582
1789652489.5520074,64920,0,64920,1.582
1789652489.5611138,64930,0,64930,1.582
1789652489.5673945,64940,0,64940,1.582
1789652489.57422,64950,0,64950,1.582
1789652489.5835516,64960,0,64960,1.582
1789652489.591767,64970,0,64970,1.582
1789652489.599822,64980,0,64980,1.582
1789652489.615908,64990,0,64990,1.582
1789652489.6278641,65000,0,65000,1.582
1789652489.642038,65010,0,65010,1.582
1789652489.653095,65020,0,65020,1.582
1789652489.6608872,65030,0,65030,1.582
1789652489.677026,65040,0,65040,1.582
1789652489.6845796,65050,0,65050,1.582
1789652489.6920378,65060,0,65060,1.582
1789652489.6986878,65070,0,65070,1.582
1789652489.7060575,65080,0,65080,1.582
1789652489.7140443,65090,0,65090,1.582
1789652489.7225287,65100,0,65100,1.582
1789652489.729804,65110,0,65110,1.582
1789652489.743452,65120,0,65120,1.582
1789652489.754864,65130,0,65130,1.582
1789652489.7634614,65140,0,65140,1.582
1789652489.7710025,65150,0,65150,1.582
1789652489.77816,65160,0,65160,1.582
1789652489.785498,65170,0,65170,1.582
1789652489.7906997,65180,0,65180,1.582
1789652489.7965722,65190,0,65190,1.582
1789652489.806845,65200,0,65200,1.582
1789652489.815081,65210,0,65210,1.583
1789652489.8383741,65220,0,65220,1.583
1789652489.8659353,65230,0,65230,1.583
1789652489.8807502,65240,0,65240,1.583
1789652489.8978949,65250,0,65250,1.583
1789652489.9211543,65260,0,65260,1.583
1789652489.93757,65270,0,65270,1.583
1789652489.951246,65280,0,65280,1.583
1789652489.9620821,65290,0,65290,1.583
1789652489.9751291,65300,0,65300,1.583
1789652489.9894972,65310,0,65310,1.583
1789652489.9988413,65320,0,65320,1.583
1789652490.0099578,65330,0,65330,1.583
1789652490.0186503,65340,0,65340,1.583
1789652490.025419,65350,0,65350,1.583
1789652490.033904,65360,0,65360,1.583
1789652490.0398195,65370,0,65370,1.584
1789652490.0510058,65380,0,65380,1.584
1789652490.0718594,65390,0,65390,1.584
1789652490.0790083,65400,0,65400,1.584
1789652490.0879683,65410,0,65410,1.584
1789652490.0974748,65420,0,65420,1.584
1789652490.1057477,65430,0,65430,1.584
1789652490.1151037,65440,0,65440,1.584
1789652490.1240556,65450,0,65450,1.584
1789652490.133974,65460,0,65460,1.584
1789652490.1460073,65470,0,65470,1.584
1789652490.1535327,65480,0,65480,1.584
1789652490.1619477,65490,0,65490,1.585
1789652490.1694582,65500,0,65500,1.585
1789652490.1802893,65510,0,65510,1.585
1789652490.1907356,65520,0,65520,1.585
1789652490.2077434,65530,0,65530,1.585
1789652490.2238865,65540,0,65540,1.585
1789652490.2374043,65550,0,65550,1.585
1789652490.2469695,65560,0,65560,1.585
1789652490.2558239,65570,0,65570,1.585
1789652490.2629888,65580,0,65580,1.585
1789652490.2692196,65590,0,65590,1.585
1789652490.274969,65600,0,65600,1.586
1789652490.280991,65610,0,65610,1.586
1789652490.286524,65620,0,65620,1.586
1789652490.2918236,65630,0,65630,1.586
1789652490.296971,65640,0,65640,1.586
1789652490.3028877,65650,0,65650,1.586
1789652490.307908,65660,0,65660,1.586
1789652490.3127136,65670,0,65670,1.586
1789652490.318764,65680,0,65680,1.586
1789652490.3238122,65690,0,65690,1.587
1789652490.3302288,65700,0,65700,1.587
1789652490.3513806,65710,0,65710,1.587
1789652490.3668234,65720,0,65720,1.587
1789652490.3723366,65730,0,65730,1.587
1789652490.3787808,65740,0,65740,1.587
1789652490.3851202,65750,0,65750,1.587
1789652490.3925421,65760,0,65760,1.587
1789652490.399092,65770,0,65770,1.587
1789652490.4082031,65780,0,65780,1.588
1789652490.4139845,65790,0,65790,1.588
1789652490.4197814,65800,0,65800,1.588
1789652490.4257786,65810,0,65810,1.588
1789652490.4311445,65820,0,65820,1.588
1789652490.4375699,65830,0,65830,1.588
1789652490.447139,65840,0,65840,1.588
1789652490.4541993,65850,0,65850,1.588
1789652490.461012,65860,0,65860,1.589
1789652490.4688842,65870,0,65870,1.589
1789652490.4759655,65880,0,65880,1.589
1789652490.4831116,65890,0,65890,1.589
1789652490.499431,65900,0,65900,1.589
1789652490.5192287,65910,0,65910,1.589
1789652490.5335276,65920,0,65920,1.589
1789652490.5492854,65930,0,65930,1.59
1789652490.5612147,65940,0,65940,1.59
1789652490.568761,65950,0,65950,1.59
1789652490.5758734,65960,0,65960,1.59
1789652490.5828447,65970,0,65970,1.59
1789652490.5897481,65980,0,65980,1.59
1789652490.597778,65990,0,65990,1.59
1789652490.6045978,66000,0,66000,1.591
1789652490.6108696,66010,0,66010,1.591
1789652490.616063,66020,0,66020,1.591
1789652490.6220927,66030,0,66030,1.591
1789652490.6276367,66040,0,66040,1.591
1789652490.6331327,66050,0,66050,1.591
1789652490.639463,66060,0,66060,1.591
1789652490.6449494,66070,0,66070,1.592
1789652490.652152,66080,0,66080,1.592
1789652490.660981,66090,0,66090,1.592
1789652490.669409,66100,0,66100,1.592
1789652490.6826205,66110,0,66110,1.592
1789652490.689241,66120,0,66120,1.592
1789652490.6946764,66130,0,66130,1.592
1789652490.7003055,66140,0,66140,1.593
1789652490.7059653,66150,0,66150,1.593
1789652490.7111008,66160,0,66160,1.593
1789652490.7178,66170,0,66170,1.593
1789652490.7274964,66180,0,66180,1.593
1789652490.7352011,66190,0,66190,1.593
1789652490.7409296,66200,0,66200,1.594
1789652490.748703,66210,0,66210,1.594
1789652490.7564378,66220,0,66220,1.594
1789652490.7628114,66230,0,66230,1.594
1789652490.7697632,66240,0,66240,1.594
1789652490.7783854,66250,0,66250,1.594
1789652490.7904775,66260,0,66260,1.595
1789652490.7982748,66270,0,66270,1.595
1789652490.8166642,66280,0,66280,1.595
1789652490.8339865,66290,0,66290,1.595
1789652490.8519394,66300,0,66300,1.595
1789652490.8681002,66310,0,66310,1.595
1789652490.8793516,66320,0,66320,1.596
1789652490.8991868,66330,0,66330,1.596
1789652490.9101279,66340,0,66340,1.596
1789652490.9208238,66350,0,66350,1.596
1789652490.9309256,66360,0,66360,1.596
1789652490.9396403,66370,0,66370,1.596
1789652490.9456902,66380,0,66380,1.597
1789652490.9519026,66390,0,66390,1.597
1789652490.9572475,66400,0,66400,1.597
1789652490.963086,66410,0,66410,1.597
1789652490.9688675,66420,0,66420,1.597
1789652490.9756882,66430,0,66430,1.598
1789652490.981606,66440,0,66440,1.598
1789652490.9868953,66450,0,66450,1.598
1789652491.0131147,66460,0,66460,1.598
1789652491.0241215,66470,0,66470,1.598
1789652491.0323055,66480,0,66480,1.598
1789652491.0403144,66490,0,66490,1.599
1789652491.0454302,66500,0,66500,1.599
1789652491.0505867,66510,0,66510,1.599
1789652491.05613,66520,0,66520,1.599
1789652491.0613353,66530,0,66530,1.599
1789652491.066615,66540,0,66540,1.6
1789652491.0717864,66550,0,66550,1.6
1789652491.0768895,66560,0,66560,1.6
1789652491.0821948,66570,0,66570,1.6
1789652491.0888333,66580,0,66580,1.6
1789652491.094129,66590,0,66590,1.601
1789652491.100192,66600,0,66600,1.601
1789652491.1070857,66610,0,66610,1.601
1789652491.1178977,66620,0,66620,1.601
1789652491.1280024,66630,0,66630,1.601
1789652491.1364095,66640,0,66640,1.602
1789652491.1520936,66650,0,66650,1.602
1789652491.1575992,66660,0,66660,1.602
1789652491.1655738,66670,0,66670,1.602
1789652491.1739416,66680,0,66680,1.602
1789652491.1808717,66690,0,66690,1.603
1789652491.187399,66700,0,66700,1.603
1789652491.1954942,66710,0,66710,1.603
1789652491.2050853,66720,0,66720,1.603
1789652491.2137177,66730,0,66730,1.603
1789652491.223066,66740,0,66740,1.604
1789652491.2334497,66750,0,66750,1.604
1789652491.24513,66760,0,66760,1.604
1789652491.256147,66770,0,66770,1.604
1789652491.2638936,66780,0,66780,1.605
1789652491.286164,66790,0,66790,1.605
1789652491.2960517,66800,0,66800,1.605
1789652491.3042343,66810,0,66810,1.605
1789652491.3130772,66820,0,66820,1.605
1789652491.3280551,66830,0,66830,1.606
1789652491.3379667,66840,0,66840,1.606
1789652491.3453074,66850,0,66850,1.606
1789652491.3560572,66860,0,66860,1.606
1789652491.3647976,66870,0,66870,1.607
1789652491.3721707,66880,0,66880,1.607
1789652491.379492,66890,0,66890,1.607
1789652491.386067,66900,0,66900,1.607
1789652491.3946216,66910,0,66910,1.607
1789652491.40016,66920,0,66920,1.608
1789652491.4056897,66930,0,66930,1.608
1789652491.41313,66940,0,66940,1.608
1789652491.4213417,66950,0,66950,1.608
1789652491.4278126,66960,0,66960,1.609
1789652491.433261,66970,0,66970,1.609
1789652491.4444935,66980,0,66980,1.609
1789652491.4528773,66990,0,66990,1.609
1789652491.4659033,67000,0,67000,1.61
1789652491.476363,67010,0,67010,1.61
1789652491.4845982,67020,0,67020,1.61
1789652491.4925804,67030,0,67030,1.61
1789652491.5029228,67040,0,67040,1.61
1789652491.5109887,67050,0,67050,1.611
1789652491.5179167,67060,0,67060,1.611
1789652491.523214,67070,0,67070,1.611
1789652491.5282626,67080,0,67080,1.611
1789652491.5334408,67090,0,67090,1.612
1789652491.5391467,67100,0,67100,1.612
1789652491.5453796,67110,0,67110,1.612
1789652491.552303,67120,0,67120,1.612
1789652491.5583522,67130,0,67130,1.613
1789652491.564789,67140,0,67140,1.613
1789652491.570285,67150,0,67150,1.613
1789652491.5753896,67160,0,67160,1.613
1789652491.581536,67170,0,67170,1.614
1789652491.5874631,67180,0,67180,1.614
1789652491.5941827,67190,0,67190,1.614
1789652491.6034489,67200,0,67200,1.614
1789652491.6134083,67210,0,67210,1.615
1789652491.6224918,67220,0,67220,1.615
1789652491.6449542,67230,0,67230,1.615
1789652491.6565669,67240,0,67240,1.615
1789652491.6648488,67250,0,67250,1.616
1789652491.675781,67260,0,67260,1.616
1789652491.6901507,67270,0,67270,1.616
1789652491.6997013,67280,0,67280,1.616
1789652491.7101455,67290,0,67290,1.617
1789652491.7197986,67300,0,67300,1.617
1789652491.7294316,67310,0,67310,1.617
1789652491.7424378,67320,0,67320,1.618
1789652491.7578773,67330,0,67330,1.618
1789652491.7677548,67340,0,67340,1.618
1789652491.7771618,67350,0,67350,1.618
1789652491.7849753,67360,0,67360,1.619
1789652491.7912517,67370,0,67370,1.619
1789652491.7972715,67380,0,67380,1.619
1789652491.8048112,67390,0,67390,1.619
1789652491.814386,67400,0,67400,1.62
1789652491.8199167,67410,0,67410,1.62
1789652491.8251855,67420,0,67420,1.62
1789652491.8317099,67430,0,67430,1.621
1789652491.8369815,67440,0,67440,1.621
1789652491.8419747,67450,0,67450,1.621
1789652491.8485253,67460,0,67460,1.621
1789652491.8542683,67470,0,67470,1.622
1789652491.8598835,67480,0,67480,1.622
1789652491.8760507,67490,0,67490,1.622
1789652491.8863654,67500,0,67500,1.622
1789652491.8948033,67510,0,67510,1.623
1789652491.9023178,67520,0,67520,1.623
1789652491.9105566,67530,0,67530,1.623
1789652491.918086,67540,0,67540,1.624
1789652491.926802,67550,0,67550,1.624
1789652491.9332926,67560,0,67560,1.624
1789652491.945919,67570,0,67570,1.624
1789652491.95656,67580,0,67580,1.625
1789652491.9636006,67590,0,67590,1.625
1789652491.9713774,67600,0,67600,1.625
1789652491.9767334,67610,0,67610,1.626
1789652491.9822092,67620,0,67620,1.626
1789652491.9884639,67630,0,67630,1.626
1789652491.995554,67640,0,67640,1.627
1789652492.003908,67650,0,67650,1.627
1789652492.0124516,67660,0,67660,1.627
1789652492.0203466,67670,0,67670,1.627
1789652492.027402,67680,0,67680,1.628
1789652492.0345972,67690,0,67690,1.628
1789652492.0417392,67700,0,67700,1.628
1789652492.0493054,67710,0,67710,1.629
1789652492.0552597,67720,0,67720,1.629
1789652492.0606146,67730,0,67730,1.629
1789652492.0686533,67740,0,67740,1.629
1789652492.0762715,67750,0,67750,1.63
1789652492.0919569,67760,0,67760,1.63
1789652492.1026628,67770,0,67770,1.63
1789652492.1136987,67780,0,67780,1.631
1789652492.1329987,67790,0,67790,1.631
1789652492.143573,67800,0,67800,1.631
1789652492.1534753,67810,0,67810,1.632
1789652492.1616983,67820,0,67820,1.632
1789652492.1683412,67830,0,67830,1.632
1789652492.175838,67840,0,67840,1.633
1789652492.183008,67850,0,67850,1.633
1789652492.1947649,67860,0,67860,1.633
1789652492.205006,67870,0,67870,1.633
1789652492.2136147,67880,0,67880,1.634
1789652492.2241013,67890,0,67890,1.634
1789652492.233933,67900,0,67900,1.634
1789652492.2493348,67910,0,67910,1.635
1789652492.2581851,67920,0,67920,1.635
1789652492.2877884,67930,0,67930,1.635
1789652492.2993627,67940,0,67940,1.636
1789652492.3061335,67950,0,67950,1.636
1789652492.3128905,67960,0,67960,1.636
1789652492.3191013,67970,0,67970,1.637
1789652492.324021,67980,0,67980,1.637
1789652492.329032,67990,0,67990,1.637
1789652492.33458,68000,0,68000,1.638
1789652492.3404126,68010,0,68010,1.638
1789652492.3471677,68020,0,68020,1.638
1789652492.3531804,68030,0,68030,1.639
1789652492.3590689,68040,0,68040,1.639
1789652492.3656945,68050,0,68050,1.639
1789652492.3716722,68060,0,68060,1.64
1789652492.3777163,68070,0,68070,1.64
1789652492.3832314,68080,0,68080,1.64
1789652492.3884587,68090,0,68090,1.641
1789652492.3950553,68100,0,68100,1.641
1789652492.4011304,68110,0,68110,1.641
1789652492.4070404,68120,0,68120,1.642
1789652492.422987,68130,0,68130,1.642
1789652492.431961,68140,0,68140,1.642
1789652492.4415824,68150,0,68150,1.643
1789652492.4469755,68160,0,68160,1.643
1789652492.4522064,68170,0,68170,1.643
1789652492.4599023,68180,0,68180,1.644
1789652492.4689102,68190,0,68190,1.644
1789652492.4755595,68200,0,68200,1.644
1789652492.4807985,68210,0,68210,1.645
1789652492.4883974,68220,0,68220,1.645
1789652492.495501,68230,0,68230,1.645
1789652492.5024395,68240,0,68240,1.646
1789652492.507536,68250,0,68250,1.646
1789652492.5127435,68260,0,68260,1.646
1789652492.5190234,68270,0,68270,1.647
1789652492.5249639,68280,0,68280,1.647
1789652492.5305948,68290,0,68290,1.647
1789652492.5376313,68300,0,68300,1.648
1789652492.5482318,68310,0,68310,1.648
1789652492.5552337,68320,0,68320,1.648
1789652492.5606737,68330,0,68330,1.649
1789652492.5674574,68340,0,68340,1.649
1789652492.5756278,68350,0,68350,1.649
1789652492.5842867,68360,0,68360,1.65
1789652492.5924594,68370,0,68370,1.65
1789652492.5996206,68380,0,68380,1.65
1789652492.604964,68390,0,68390,1.651
1789652492.610565,68400,0,68400,1.651
1789652492.6176357,68410,0,68410,1.651
1789652492.62484,68420,0,68420,1.652
1789652492.631018,68430,0,68430,1.652
1789652492.6361592,68440,0,68440,1.652
1789652492.6485019,68450,0,68450,1.653
1789652492.6594963,68460,0,68460,1.653
1789652492.667888,68470,0,68470,1.654
1789652492.6757474,68480,0,68480,1.654
1789652492.6811447,68490,0,68490,1.654
1789652492.6864362,68500,0,68500,1.655
1789652492.6932714,68510,0,68510,1.655
1789652492.7221816,68520,0,68520,1.655
1789652492.7325788,68530,0,68530,1.656
1789652492.7529583,68540,0,68540,1.656
1789652492.7646477,68550,0,68550,1.656
1789652492.7769053,68560,0,68560,1.657
1789652492.786928,68570,0,68570,1.657
1789652492.7987309,68580,0,68580,1.657
1789652492.8074112,68590,0,68590,1.658
1789652492.8168163,68600,0,68600,1.658
1789652492.8265088,68610,0,68610,1.659
1789652492.8483405,68620,0,68620,1.659
1789652492.8575714,68630,0,68630,1.659
1789652492.8805532,68640,0,68640,1.66
1789652492.888899,68650,0,68650,1.66
1789652492.8959916,68660,0,68660,1.66
1789652492.9039724,68670,0,68670,1.661
1789652492.9138606,68680,0,68680,1.661
1789652492.921259,68690,0,68690,1.662
1789652492.9281933,68700,0,68700,1.662
1789652492.934761,68710,0,68710,1.662
1789652492.9420671,68720,0,68720,1.663
1789652492.9473825,68730,0,68730,1.663
1789652492.953001,68740,0,68740,1.663
1789652492.9617653,68750,0,68750,1.664
1789652492.9676795,68760,0,68760,1.664
1789652492.9760501,68770,0,68770,1.665
1789652492.9825382,68780,0,68780,1.665
1789652492.9891865,68790,0,68790,1.665
1789652493.0045474,68800,0,68800,1.666
1789652493.01001,68810,0,68810,1.666
1789652493.015531,68820,0,68820,1.666
1789652493.0236478,68830,0,68830,1.667
1789652493.0340834,68840,0,68840,1.667
1789652493.0412037,68850,0,68850,1.668
1789652493.046626,68860,0,68860,1.668
1789652493.0541806,68870,0,68870,1.668
1789652493.0613103,68880,0,68880,1.669
1789652493.0680156,68890,0,68890,1.669
1789652493.0735462,68900,0,68900,1.67
1789652493.0810459,68910,0,68910,1.67
1789652493.087146,68920,0,68920,1.67
1789652493.092535,68930,0,68930,1.671
1789652493.1013703,68940,0,68940,1.671
1789652493.1086087,68950,0,68950,1.672
1789652493.1154237,68960,0,68960,1.672
1789652493.1207871,68970,0,68970,1.672
1789652493.1267362,68980,0,68980,1.673
1789652493.1343007,68990,0,68990,1.673
1789652493.143325,69000,0,69000,1.674
1789652493.1516283,69010,0,69010,1.674
1789652493.1616743,69020,0,69020,1.674
1789652493.178724,69030,0,69030,1.675
1789652493.1903675,69040,0,69040,1.675
1789652493.196362,69050,0,69050,1.676
1789652493.2018635,69060,0,69060,1.676
1789652493.2084763,69070,0,69070,1.676
1789652493.2140312,69080,0,69080,1.677
1789652493.223555,69090,0,69090,1.677
1789652493.2289221,69100,0,69100,1.678
1789652493.233793,69110,0,69110,1.678
1789652493.2409158,69120,0,69120,1.678
1789652493.2477803,69130,0,69130,1.679
1789652493.2542121,69140,0,69140,1.679
1789652493.2595751,69150,0,69150,1.68
1789652493.2647703,69160,0,69160,1.68
1789652493.2708023,69170,0,69170,1.681
1789652493.2757826,69180,0,69180,1.681
1789652493.2809496,69190,0,69190,1.681
1789652493.2882555,69200,0,69200,1.682
1789652493.2941315,69210,0,69210,1.682
1789652493.3013244,69220,0,69220,1.683
1789652493.3127427,69230,0,69230,1.683
1789652493.3298266,69240,0,69240,1.683
1789652493.3604555,69250,0,69250,1.684
1789652493.3809085,69260,0,69260,1.684
1789652493.3892236,69270,0,69270,1.685
1789652493.3983173,69280,0,69280,1.685
1789652493.4070876,69290,0,69290,1.686
1789652493.4170387,69300,0,69300,1.686
1789652493.4273286,69310,0,69310,1.686
1789652493.440031,69320,0,69320,1.687
1789652493.4541543,69330,0,69330,1.687
1789652493.4619088,69340,0,69340,1.688
1789652493.4712317,69350,0,69350,1.688
1789652493.4766684,69360,0,69360,1.689
1789652493.4819164,69370,0,69370,1.689
1789652493.4888623,69380,0,69380,1.689
1789652493.4943871,69390,0,69390,1.69
1789652493.5005386,69400,0,69400,1.69
1789652493.5088177,69410,0,69410,1.691
1789652493.523204,69420,0,69420,1.691
1789652493.5342815,69430,0,69430,1.692
1789652493.5454128,69440,0,69440,1.692
1789652493.553068,69450,0,69450,1.693
1789652493.5625517,69460,0,69460,1.693
1789652493.5691369,69470,0,69470,1.693
1789652493.5748112,69480,0,69480,1.694
1789652493.58617,69490,0,69490,1.694
1789652493.5913715,69500,0,69500,1.695
1789652493.5978727,69510,0,69510,1.695
1789652493.6031096,69520,0,69520,1.696
1789652493.6079643,69530,0,69530,1.696
1789652493.6144972,69540,0,69540,1.697
1789652493.6213634,69550,0,69550,1.697
1789652493.627352,69560,0,69560,1.697
1789652493.6327822,69570,0,69570,1.698
1789652493.638251,69580,0,69580,1.698
1789652493.6465538,69590,0,69590,1.699
1789652493.6547449,69600,0,69600,1.699
1789652493.6618345,69610,0,69610,1.7
1789652493.667268,69620,0,69620,1.7
1789652493.6785939,69630,0,69630,1.701
1789652493.6861625,69640,0,69640,1.701
1789652493.6932187,69650,0,69650,1.701
1789652493.7009654,69660,0,69660,1.702
1789652493.7158954,69670,0,69670,1.702
1789652493.7226322,69680,0,69680,1.703
1789652493.7297542,69690,0,69690,1.703
1789652493.735111,69700,0,69700,1.704
1789652493.7444272,69710,0,69710,1.704
1789652493.7498262,69720,0,69720,1.705
1789652493.7579236,69730,0,69730,1.705
1789652493.7633193,69740,0,69740,1.706
1789652493.7690947,69750,0,69750,1.706
1789652493.7763386,69760,0,69760,1.706
1789652493.7838662,69770,0,69770,1.707
1789652493.7913709,69780,0,69780,1.707
1789652493.799343,69790,0,69790,1.708
1789652493.8052745,69800,0,69800,1.708
1789652493.8110318,69810,0,69810,1.709
1789652493.8177705,69820,0,69820,1.709
1789652493.8240092,69830,0,69830,1.71
1789652493.8322027,69840,0,69840,1.71
1789652493.8419685,69850,0,69850,1.711
1789652493.850345,69860,0,69860,1.711
1789652493.8562288,69870,0,69870,1.712
1789652493.8643856,69880,0,69880,1.712
1789652493.8740919,69890,0,69890,1.712
1789652493.8807302,69900,0,69900,1.713
1789652493.8866174,69910,0,69910,1.713
1789652493.8940794,69920,0,69920,1.714
1789652493.9071145,69930,0,69930,1.714
1789652493.9137156,69940,0,69940,1.715
1789652493.9213452,69950,0,69950,1.715
1789652493.9301617,69960,0,69960,1.716
1789652493.9363203,69970,0,69970,1.716
1789652493.9490247,69980,0,69980,1.717
1789652493.957686,69990,0,69990,1.717
1789652493.963629,70000,0,70000,1.718
1789652493.9695103,70010,0,70010,1.718
1789652493.9859185,70020,0,70020,1.718
1789652493.9996493,70030,0,70030,1.719
1789652494.009391,70040,0,70040,1.719
1789652494.0193684,70050,0,70050,1.72
1789652494.0280793,70060,0,70060,1.72
1789652494.0391443,70070,0,70070,1.721
1789652494.051793,70080,0,70080,1.721
1789652494.0669205,70090,0,70090,1.722
1789652494.0779936,70100,0,70100,1.722
1789652494.0986683,70110,0,70110,1.723
1789652494.119631,70120,0,70120,1.723
1789652494.133047,70130,0,70130,1.723
1789652494.1445558,70140,0,70140,1.724
1789652494.1541348,70150,0,70150,1.724
1789652494.1649518,70160,0,70160,1.724
1789652494.1756825,70170,0,70170,1.724
1789652494.1851003,70180,0,70180,1.724
1789652494.1924002,70190,0,70190,1.724
1789652494.19972,70200,0,70200,1.723
1789652494.2135668,70210,0,70210,1.723
1789652494.2209697,70220,0,70220,1.723
1789652494.2277884,70230,0,70230,1.723
1789652494.2345066,70240,0,70240,1.722
1789652494.242358,70250,0,70250,1.722
1789652494.2499206,70260,0,70260,1.722
1789652494.2576113,70270,0,70270,1.722
1789652494.2781527,70280,0,70280,1.721
1789652494.292032,70290,0,70290,1.721
1789652494.3012104,70300,0,70300,1.721
1789652494.3078153,70310,0,70310,1.721
1789652494.320785,70320,0,70320,1.72
1789652494.3300254,70330,0,70330,1.72
1789652494.338227,70340,0,70340,1.72
1789652494.3472216,70350,0,70350,1.72
1789652494.3539724,70360,0,70360,1.719
1789652494.3611114,70370,0,70370,1.719
1789652494.368128,70380,0,70380,1.719
1789652494.375144,70390,0,70390,1.719
1789652494.3826673,70400,0,70400,1.718
1789652494.4041662,70410,0,70410,1.718
1789652494.4145765,70420,0,70420,1.718
1789652494.4271278,70430,0,70430,1.718
1789652494.4420931,70440,0,70440,1.718
1789652494.4504063,70450,0,70450,1.717
1789652494.4585924,70460,0,70460,1.717
1789652494.466875,70470,0,70470,1.717
1789652494.4741406,70480,0,70480,1.717
1789652494.4823394,70490,0,70490,1.716
1789652494.4946396,70500,0,70500,1.716
1789652494.5054164,70510,0,70510,1.716
1789652494.521481,70520,0,70520,1.716
1789652494.5375829,70530,0,70530,1.715
1789652494.5457115,70540,0,70540,1.715
1789652494.5545459,70550,0,70550,1.715
1789652494.5617614,70560,0,70560,1.715
1789652494.5699742,70570,0,70570,1.714
1789652494.5780241,70580,0,70580,1.714
1789652494.5887187,70590,0,70590,1.714
1789652494.5981047,70600,0,70600,1.714
1789652494.6123388,70610,0,70610,1.713
1789652494.6203568,70620,0,70620,1.713
1789652494.6294148,70630,0,70630,1.713
1789652494.6548696,70640,0,70640,1.713
1789652494.6683006,70650,0,70650,1.712
1789652494.677974,70660,0,70660,1.712
1789652494.6871266,70670,0,70670,1.712
1789652494.6959946,70680,0,70680,1.712
1789652494.706131,70690,0,70690,1.711
1789652494.7182527,70700,0,70700,1.711
1789652494.732964,70710,0,70710,1.711
1789652494.7487042,70720,0,70720,1.711
1789652494.785187,70730,0,70730,1.71
1789652494.8000383,70740,0,70740,1.71
1789652494.8235605,70750,0,70750,1.71
1789652494.8408976,70760,0,70760,1.71
1789652494.8601809,70770,0,70770,1.71
1789652494.8790317,70780,0,70780,1.709
1789652494.9082854,70790,0,70790,1.709
1789652494.9209166,70800,0,70800,1.709
1789652494.9304657,70810,0,70810,1.709
1789652494.9425468,70820,0,70820,1.708
1789652494.9515998,70830,0,70830,1.708
1789652494.962482,70840,0,70840,1.708
1789652494.9729779,70850,0,70850,1.708
1789652494.9832246,70860,0,70860,1.707
1789652494.9953144,70870,0,70870,1.707
1789652495.0302894,70880,0,70880,1.707
1789652495.042011,70890,0,70890,1.707
1789652495.0591304,70900,0,70900,1.706
1789652495.072212,70910,0,70910,1.706
1789652495.0902252,70920,0,70920,1.706
1789652495.1011982,70930,0,70930,1.706
1789652495.1115737,70940,0,70940,1.705
1789652495.1391268,70950,0,70950,1.705
1789652495.1621263,70960,0,70960,1.705
1789652495.1723578,70970,0,70970,1.705
1789652495.1805625,70980,0,70980,1.704
1789652495.1883285,70990,0,70990,1.704
1789652495.1973088,71000,0,71000,1.704
1789652495.2046,71010,0,71010,1.704
1789652495.212508,71020,0,71020,1.703
1789652495.2191234,71030,0,71030,1.703
1789652495.2268162,71040,0,71040,1.703
1789652495.2340202,71050,0,71050,1.703
1789652495.247097,71060,0,71060,1.703
1789652495.281609,71070,0,71070,1.702
1789652495.299111,71080,0,71080,1.702
1789652495.311775,71090,0,71090,1.702
1789652495.3262057,71100,0,71100,1.702
1789652495.3373976,71110,0,71110,1.701
1789652495.3496766,71120,0,71120,1.701
1789652495.368685,71130,0,71130,1.701
1789652495.3876655,71140,0,71140,1.701
1789652495.423321,71150,0,71150,1.7
1789652495.432718,71160,0,71160,1.7
1789652495.4440174,71170,0,71170,1.7
1789652495.453933,71180,0,71180,1.7
1789652495.4630234,71190,0,71190,1.699
1789652495.4793699,71200,0,71200,1.699
1789652495.4912586,71210,0,71210,1.699
1789652495.5008416,71220,0,71220,1.699
1789652495.5101354,71230,0,71230,1.698
1789652495.5309677,71240,0,71240,1.698
1789652495.5406384,71250,0,71250,1.698
1789652495.5511677,71260,0,71260,1.698
1789652495.560724,71270,0,71270,1.698
1789652495.5699806,71280,0,71280,1.697
1789652495.5860827,71290,0,71290,1.697
1789652495.6005862,71300,0,71300,1.697
1789652495.6172338,71310,0,71310,1.697
1789652495.6332722,71320,0,71320,1.696
1789652495.6710362,71330,0,71330,1.696
1789652495.690103,71340,0,71340,1.696
1789652495.7056947,71350,0,71350,1.696
1789652495.718703,71360,0,71360,1.695
1789652495.7383237,71370,0,71370,1.695
1789652495.7479575,71380,0,71380,1.695
1789652495.7595403,71390,0,71390,1.695
1789652495.7931418,71400,0,71400,1.694
1789652495.8072686,71410,0,71410,1.694
1789652495.8188574,71420,0,71420,1.694
1789652495.8300242,71430,0,71430,1.694
1789652495.839556,71440,0,71440,1.693
1789652495.8510878,71450,0,71450,1.693
1789652495.8597188,71460,0,71460,1.693
1789652495.8699906,71470,0,71470,1.693
1789652495.8808231,71480,0,71480,1.693
1789652495.907314,71490,0,71490,1.692
1789652495.9166758,71500,0,71500,1.692
1789652495.9255693,71510,0,71510,1.692
1789652495.9342737,71520,0,71520,1.692
1789652495.9437263,71530,0,71530,1.691
1789652495.9517717,71540,0,71540,1.691
1789652495.9611106,71550,0,71550,1.691
1789652495.9689403,71560,0,71560,1.691
1789652495.9776127,71570,0,71570,1.69
1789652495.985781,71580,0,71580,1.69
1789652495.9960237,71590,0,71590,1.69
1789652496.0054853,71600,0,71600,1.69
1789652496.0460613,71610,0,71610,1.689
1789652496.0695305,71620,0,71620,1.689
1789652496.0937033,71630,0,71630,1.689
1789652496.1179183,71640,0,71640,1.689
1789652496.1653178,71650,0,71650,1.689
1789652496.172878,71660,0,71660,1.689
1789652496.1830623,71670,0,71670,1.689
1789652496.1882877,71680,0,71680,1.689
1789652496.1931813,71690,0,71690,1.689
1789652496.1973026,71700,0,71700,1.689
1789652496.2013755,71710,0,71710,1.689
1789652496.2063422,71720,0,71720,1.689
1789652496.210793,71730,0,71730,1.689
1789652496.2157443,71740,0,71740,1.689
1789652496.2207184,71750,0,71750,1.689
1789652496.2252693,71760,0,71760,1.689
1789652496.230096,71770,0,71770,1.689
1789652496.2344317,71780,0,71780,1.689
1789652496.2404006,71790,0,71790,1.689
1789652496.2448535,71800,0,71800,1.689
1789652496.2490304,71810,0,71810,1.689
1789652496.2542455,71820,0,71820,1.689
1789652496.2589686,71830,0,71830,1.689
1789652496.2636137,71840,0,71840,1.689
1789652496.2685099,71850,0,71850,1.689
1789652496.2734268,71860,0,71860,1.689
1789652496.2783074,71870,0,71870,1.689
1789652496.297048,71880,0,71880,1.689
1789652496.3051615,71890,0,71890,1.689
1789652496.313439,71900,0,71900,1.689
1789652496.3205569,71910,0,71910,1.689
1789652496.3294847,71920,0,71920,1.689
1789652496.334782,71930,0,71930,1.689
1789652496.339521,71940,0,71940,1.689
1789652496.3459988,71950,0,71950,1.689
1789652496.3516958,71960,0,71960,1.689
1789652496.3571382,71970,0,71970,1.689
1789652496.3637013,71980,0,71980,1.689
1789652496.3705003,71990,0,71990,1.689
1789652496.3766882,72000,0,72000,1.689
1789652496.3817751,72010,0,72010,1.689
1789652496.3868651,72020,0,72020,1.689
1789652496.392892,72030,0,72030,1.689
1789652496.3981552,72040,0,72040,1.689
1789652496.402952,72050,0,72050,1.689
1789652496.4085062,72060,0,72060,1.689
1789652496.4152148,72070,0,72070,1.689
1789652496.4227312,72080,0,72080,1.689
1789652496.432606,72090,0,72090,1.689
1789652496.4723027,72100,0,72100,1.689
1789652496.4805062,72110,0,72110,1.689
1789652496.4894164,72120,0,72120,1.689
1789652496.4970942,72130,0,72130,1.689
1789652496.504384,72140,0,72140,1.689
1789652496.5125015,72150,0,72150,1.689
1789652496.5218527,72160,0,72160,1.689
1789652496.529298,72170,0,72170,1.689
1789652496.5376759,72180,0,72180,1.689
1789652496.5466156,72190,0,72190,1.689
1789652496.5552127,72200,0,72200,1.689
1789652496.5754204,72210,0,72210,1.689
1789652496.6034515,72220,0,72220,1.689
1789652496.6123116,72230,0,72230,1.689
1789652496.6281557,72240,0,72240,1.689
1789652496.6379626,72250,0,72250,1.688
1789652496.6521547,72260,0,72260,1.688
1789652496.6614492,72270,0,72270,1.688
1789652496.6678185,72280,0,72280,1.688
1789652496.6761212,72290,0,72290,1.688
1789652496.6827345,72300,0,72300,1.688
1789652496.689594,72310,0,72310,1.688
1789652496.6988528,72320,0,72320,1.688
1789652496.7076411,72330,0,72330,1.688
1789652496.713264,72340,0,72340,1.688
1789652496.7194843,72350,0,72350,1.688
1789652496.7261338,72360,0,72360,1.688
1789652496.7322302,72370,0,72370,1.688
1789652496.740764,72380,0,72380,1.687
1789652496.7497447,72390,0,72390,1.687
1789652496.7587173,72400,0,72400,1.687
1789652496.7677374,72410,0,72410,1.687
1789652496.7859998,72420,0,72420,1.687
1789652496.796683,72430,0,72430,1.687
1789652496.8062088,72440,0,72440,1.687
1789652496.81821,72450,0,72450,1.687
1789652496.8260584,72460,0,72460,1.687
1789652496.8417552,72470,0,72470,1.686
1789652496.853283,72480,0,72480,1.686
1789652496.862709,72490,0,72490,1.686
1789652496.8709333,72500,0,72500,1.686
1789652496.878243,72510,0,72510,1.685
1789652496.8852134,72520,0,72520,1.685
1789652496.8955984,72530,0,72530,1.685
1789652496.9036674,72540,0,72540,1.685
1789652496.9137156,72550,0,72550,1.685
1789652496.9238358,72560,0,72560,1.684
1789652496.94217,72570,0,72570,1.684
1789652496.9582942,72580,0,72580,1.684
1789652496.9683173,72590,0,72590,1.684
1789652496.9782057,72600,0,72600,1.683
1789652496.9882286,72610,0,72610,1.683
1789652497.0040164,72620,0,72620,1.683
1789652497.0175452,72630,0,72630,1.683
1789652497.0280454,72640,0,72640,1.682
1789652497.046088,72650,0,72650,1.682
1789652497.0738006,72660,0,72660,1.682
1789652497.0853038,72670,0,72670,1.682
1789652497.095782,72680,0,72680,1.682
1789652497.1111948,72690,0,72690,1.681
1789652497.1227026,72700,0,72700,1.681
1789652497.1324275,72710,0,72710,1.681
1789652497.1417184,72720,0,72720,1.681
1789652497.1503584,72730,0,72730,1.68
1789652497.1605875,72740,0,72740,1.68
1789652497.1689253,72750,0,72750,1.68
1789652497.1903431,72760,0,72760,1.68
1789652497.1981947,72770,0,72770,1.679
1789652497.2134237,72780,0,72780,1.679
1789652497.2254794,72790,0,72790,1.679
1789652497.235918,72800,0,72800,1.679
1789652497.2459407,72810,0,72810,1.679
1789652497.2548943,72820,0,72820,1.678
1789652497.2643776,72830,0,72830,1.678
1789652497.2725134,72840,0,72840,1.678
1789652497.2807684,72850,0,72850,1.678
1789652497.3033552,72860,0,72860,1.677
1789652497.3127081,72870,0,72870,1.677
1789652497.3224459,72880,0,72880,1.677
1789652497.3355038,72890,0,72890,1.677
1789652497.354466,72900,0,72900,1.676
1789652497.3641894,72910,0,72910,1.676
1789652497.3748808,72920,0,72920,1.676
1789652497.3830397,72930,0,72930,1.676
1789652497.3928878,72940,0,72940,1.676
1789652497.4040596,72950,0,72950,1.675
1789652497.4305115,72960,0,72960,1.675
1789652497.4496772,72970,0,72970,1.675
1789652497.4695504,72980,0,72980,1.675
1789652497.4868357,72990,0,72990,1.674
1789652497.511005,73000,0,73000,1.674
1789652497.5454903,73010,0,73010,1.674
1789652497.5761824,73020,0,73020,1.674
1789652497.5906906,73030,0,73030,1.673
1789652497.6066089,73040,0,73040,1.673
1789652497.6179001,73050,0,73050,1.673
1789652497.6282213,73060,0,73060,1.673
1789652497.6552148,73070,0,73070,1.673
1789652497.6765707,73080,0,73080,1.672
1789652497.6888537,73090,0,73090,1.672
1789652497.6994605,73100,0,73100,1.672
1789652497.7105377,73110,0,73110,1.672
1789652497.7251801,73120,0,73120,1.671
1789652497.7371602,73130,0,73130,1.671
1789652497.7493732,73140,0,73140,1.671
1789652497.7612295,73150,0,73150,1.671
1789652497.7961166,73160,0,73160,1.671
1789652497.808903,73170,0,73170,1.67
1789652497.8202555,73180,0,73180,1.67
1789652497.8324516,73190,0,73190,1.67
1789652497.8427975,73200,0,73200,1.67
1789652497.8551388,73210,0,73210,1.669
1789652497.8729987,73220,0,73220,1.669
1789652497.8928862,73230,0,73230,1.669
1789652497.9229436,73240,0,73240,1.669
1789652497.9359174,73250,0,73250,1.668
1789652497.9474792,73260,0,73260,1.668
1789652497.9576304,73270,0,73270,1.668
1789652497.965637,73280,0,73280,1.668
1789652497.9743927,73290,0,73290,1.668
1789652497.9877267,73300,0,73300,1.667
1789652497.998758,73310,0,73310,1.667
1789652498.008503,73320,0,73320,1.667
1789652498.0187137,73330,0,73330,1.667
1789652498.0541024,73340,0,73340,1.666
1789652498.0678594,73350,0,73350,1.666
1789652498.0854142,73360,0,73360,1.666
1789652498.1076677,73370,0,73370,1.666
1789652498.1221983,73380,0,73380,1.666
1789652498.143457,73390,0,73390,1.665
1789652498.1821775,73400,0,73400,1.665
1789652498.193731,73410,0,73410,1.665
1789652498.2040598,73420,0,73420,1.665
1789652498.213422,73430,0,73430,1.664
1789652498.2226367,73440,0,73440,1.664
1789652498.230533,73450,0,73450,1.664
1789652498.2402294,73460,0,73460,1.664
1789652498.2478204,73470,0,73470,1.663
1789652498.257049,73480,0,73480,1.663
1789652498.2649126,73490,0,73490,1.663
1789652498.2924888,73500,0,73500,1.663
1789652498.3015754,73510,0,73510,1.663
1789652498.3122966,73520,0,73520,1.662
1789652498.3224964,73530,0,73530,1.662
1789652498.3323753,73540,0,73540,1.662
1789652498.342293,73550,0,73550,1.662
1789652498.3525589,73560,0,73560,1.661
1789652498.3624878,73570,0,73570,1.661
1789652498.3723814,73580,0,73580,1.661
1789652498.3815875,73590,0,73590,1.661
1789652498.3896222,73600,0,73600,1.661
1789652498.4099927,73610,0,73610,1.66
1789652498.4298477,73620,0,73620,1.66
1789652498.4446564,73630,0,73630,1.66
1789652498.4525657,73640,0,73640,1.66
1789652498.460669,73650,0,73650,1.659
1789652498.4702022,73660,0,73660,1.659
1789652498.4791467,73670,0,73670,1.659
1789652498.4891083,73680,0,73680,1.659
1789652498.4990616,73690,0,73690,1.659
1789652498.507346,73700,0,73700,1.658
1789652498.518792,73710,0,73710,1.658
1789652498.5362337,73720,0,73720,1.658
1789652498.548669,73730,0,73730,1.658
1789652498.5696847,73740,0,73740,1.657
1789652498.582061,73750,0,73750,1.657
1789652498.591528,73760,0,73760,1.657
1789652498.601113,73770,0,73770,1.657
1789652498.6106896,73780,0,73780,1.656
1789652498.6191432,73790,0,73790,1.656
1789652498.6324878,73800,0,73800,1.656
1789652498.64636,73810,0,73810,1.656
1789652498.6584065,73820,0,73820,1.656
1789652498.6668506,73830,0,73830,1.655
1789652498.6753235,73840,0,73840,1.655
1789652498.68748,73850,0,73850,1.655
1789652498.723055,73860,0,73860,1.655
1789652498.748554,73870,0,73870,1.654
1789652498.7664928,73880,0,73880,1.654
1789652498.792589,73890,0,73890,1.654
1789652498.8106985,73900,0,73900,1.654
1789652498.832239,73910,0,73910,1.654
1789652498.8478587,73920,0,73920,1.654
1789652498.8545759,73930,0,73930,1.654
1789652498.860753,73940,0,73940,1.654
1789652498.8795674,73950,0,73950,1.654
1789652498.8883462,73960,0,73960,1.654
1789652498.895093,73970,0,73970,1.654
1789652498.900488,73980,0,73980,1.654
1789652498.9062884,73990,0,73990,1.654
1789652498.9123678,74000,0,74000,1.654
1789652498.9177825,74010,0,74010,1.654
1789652498.9234939,74020,0,74020,1.654
1789652498.9292643,74030,0,74030,1.654
1789652498.9349394,74040,0,74040,1.654
1789652498.9413898,74050,0,74050,1.654
1789652498.9470074,74060,0,74060,1.654
1789652498.9535096,74070,0,74070,1.654
1789652498.9606173,74080,0,74080,1.654
1789652498.9673634,74090,0,74090,1.654
1789652498.9769235,74100,0,74100,1.654
1789652498.9853582,74110,0,74110,1.654
1789652498.9932008,74120,0,74120,1.654
1789652499.0001223,74130,0,74130,1.654
1789652499.0070274,74140,0,74140,1.654
1789652499.0149357,74150,0,74150,1.654
1789652499.028092,74160,0,74160,1.654
1789652499.0359018,74170,0,74170,1.654
1789652499.0518107,74180,0,74180,1.654
1789652499.059888,74190,0,74190,1.654
1789652499.0693617,74200,0,74200,1.654
1789652499.0775454,74210,0,74210,1.654
1789652499.089023,74220,0,74220,1.654
1789652499.0968506,74230,0,74230,1.654
1789652499.1043797,74240,0,74240,1.654
1789652499.1129782,74250,0,74250,1.654
1789652499.1207714,74260,0,74260,1.654
1789652499.1287055,74270,0,74270,1.654
1789652499.1352897,74280,0,74280,1.654
1789652499.1431255,74290,0,74290,1.654
1789652499.1518924,74300,0,74300,1.654
1789652499.160867,74310,0,74310,1.654
1789652499.1693842,74320,0,74320,1.654
1789652499.1773355,74330,0,74330,1.653
1789652499.1850245,74340,0,74340,1.653
1789652499.1948626,74350,0,74350,1.653
1789652499.2054615,74360,0,74360,1.653
1789652499.2180126,74370,0,74370,1.653
1789652499.229195,74380,0,74380,1.653
1789652499.2377977,74390,0,74390,1.653
1789652499.244717,74400,0,74400,1.653
1789652499.2541933,74410,0,74410,1.653
1789652499.2605753,74420,0,74420,1.653
1789652499.2678144,74430,0,74430,1.652
1789652499.2751234,74440,0,74440,1.652
1789652499.2818105,74450,0,74450,1.652
1789652499.2877316,74460,0,74460,1.652
1789652499.2932987,74470,0,74470,1.652
1789652499.3006957,74480,0,74480,1.652
1789652499.3068476,74490,0,74490,1.652
1789652499.312771,74500,0,74500,1.651
1789652499.3294914,74510,0,74510,1.651
1789652499.3376317,74520,0,74520,1.651
1789652499.345846,74530,0,74530,1.651
1789652499.352703,74540,0,74540,1.651
1789652499.3612258,74550,0,74550,1.65
1789652499.3986516,74560,0,74560,1.65
1789652499.409515,74570,0,74570,1.65
1789652499.4195771,74580,0,74580,1.65
1789652499.441233,74590,0,74590,1.649
1789652499.4536648,74600,0,74600,1.649
1789652499.4646704,74610,0,74610,1.649
1789652499.479805,74620,0,74620,1.649
1789652499.4925318,74630,0,74630,1.649
1789652499.5253289,74640,0,74640,1.648
1789652499.5370224,74650,0,74650,1.648
1789652499.5500195,74660,0,74660,1.648
1789652499.5597453,74670,0,74670,1.648
1789652499.5691764,74680,0,74680,1.647
1789652499.5763717,74690,0,74690,1.647
1789652499.5834224,74700,0,74700,1.647
1789652499.5911133,74710,0,74710,1.647
1789652499.5990386,74720,0,74720,1.647
1789652499.6065245,74730,0,74730,1.646
1789652499.6140172,74740,0,74740,1.646
1789652499.6323147,74750,0,74750,1.646
1789652499.6504276,74760,0,74760,1.646
1789652499.6646113,74770,0,74770,1.645
1789652499.6772223,74780,0,74780,1.645
1789652499.6891544,74790,0,74790,1.645
1789652499.6987848,74800,0,74800,1.645
1789652499.7106633,74810,0,74810,1.645
1789652499.7214959,74820,0,74820,1.644
1789652499.747716,74830,0,74830,1.644
1789652499.763853,74840,0,74840,1.644
1789652499.7779202,74850,0,74850,1.644
1789652499.7889931,74860,0,74860,1.643
1789652499.7990735,74870,0,74870,1.643
1789652499.8086095,74880,0,74880,1.643
1789652499.818839,74890,0,74890,1.643
1789652499.8292122,74900,0,74900,1.643
1789652499.8370512,74910,0,74910,1.642
1789652499.860095,74920,0,74920,1.642
1789652499.881443,74930,0,74930,1.642
1789652499.89538,74940,0,74940,1.642
1789652499.90836,74950,0,74950,1.641
1789652499.9208035,74960,0,74960,1.641
1789652499.9352975,74970,0,74970,1.641
1789652499.9468424,74980,0,74980,1.641
1789652499.961413,74990,0,74990,1.641
1789652499.980314,75000,0,75000,1.64
1789652500.0055377,75010,0,75010,1.64
1789652500.0173092,75020,0,75020,1.64
1789652500.0304708,75030,0,75030,1.64
1789652500.0452306,75040,0,75040,1.64
1789652500.057791,75050,0,75050,1.639
1789652500.074001,75060,0,75060,1.639
1789652500.0880656,75070,0,75070,1.639
1789652500.1082551,75080,0,75080,1.639
1789652500.1167977,75090,0,75090,1.638
1789652500.1266847,75100,0,75100,1.638
1789652500.1356149,75110,0,75110,1.638
1789652500.1441226,75120,0,75120,1.638
1789652500.1536405,75130,0,75130,1.638
1789652500.1667576,75140,0,75140,1.637
1789652500.1799605,75150,0,75150,1.637
1789652500.1944191,75160,0,75160,1.637
1789652500.2052603,75170,0,75170,1.637
1789652500.2189753,75180,0,75180,1.636
1789652500.2296667,75190,0,75190,1.636
1789652500.2419343,75200,0,75200,1.636
1789652500.2533863,75210,0,75210,1.636
1789652500.2681525,75220,0,75220,1.636
1789652500.2824068,75230,0,75230,1.635
1789652500.3056014,75240,0,75240,1.635
1789652500.3276331,75250,0,75250,1.635
1789652500.3397095,75260,0,75260,1.635
1789652500.351829,75270,0,75270,1.635
1789652500.361998,75280,0,75280,1.634
1789652500.3762343,75290,0,75290,1.634
1789652500.3909106,75300,0,75300,1.634
1789652500.406264,75310,0,75310,1.634
1789652500.4162607,75320,0,75320,1.633
1789652500.4254313,75330,0,75330,1.633
1789652500.441393,75340,0,75340,1.633
1789652500.4501016,75350,0,75350,1.633
1789652500.4596317,75360,0,75360,1.633
1789652500.469792,75370,0,75370,1.632
1789652500.4807684,75380,0,75380,1.632
1789652500.4935172,75390,0,75390,1.632
1789652500.504821,75400,0,75400,1.632
1789652500.517064,75410,0,75410,1.631
1789652500.5272546,75420,0,75420,1.631
1789652500.5366096,75430,0,75430,1.631
1789652500.5516896,75440,0,75440,1.631
1789652500.5621822,75450,0,75450,1.631
1789652500.5737107,75460,0,75460,1.63
1789652500.5892978,75470,0,75470,1.63
1789652500.6171527,75480,0,75480,1.63
1789652501.321455,75490,0,75490,1.63
1789652501.3312948,75500,0,75500,1.63
1789652501.3372462,75510,0,75510,1.63
1789652501.3492403,75520,0,75520,1.63
1789652501.3664298,75530,0,75530,1.63
1789652501.3781838,75540,0,75540,1.63
1789652501.3823783,75550,0,75550,1.63
1789652501.3866124,75560,0,75560,1.63
1789652501.3917809,75570,0,75570,1.63
1789652501.3970277,75580,0,75580,1.63
1789652501.402174,75590,0,75590,1.63
1789652501.4076014,75600,0,75600,1.63
1789652501.4151423,75610,0,75610,1.63
1789652501.421314,75620,0,75620,1.63
1789652501.428598,75630,0,75630,1.63
1789652501.4331605,75640,0,75640,1.63
1789652501.4388676,75650,0,75650,1.63
1789652501.4436584,75660,0,75660,1.63
1789652501.4485848,75670,0,75670,1.63
1789652501.4538536,75680,0,75680,1.63
1789652501.458875,75690,0,75690,1.63
1789652501.4634924,75700,0,75700,1.63
1789652501.4682515,75710,0,75710,1.63
1789652501.4755383,75720,0,75720,1.63
1789652501.482188,75730,0,75730,1.63
1789652501.4889324,75740,0,75740,1.63
1789652501.4951432,75750,0,75750,1.63
1789652501.509269,75760,0,75760,1.63
1789652501.5170588,75770,0,75770,1.63
1789652501.5268254,75780,0,75780,1.63
1789652501.537975,75790,0,75790,1.63
1789652501.55034,75800,0,75800,1.63
1789652501.560663,75810,0,75810,1.63
1789652501.568704,75820,0,75820,1.63
1789652501.578978,75830,0,75830,1.63
1789652501.5875745,75840,0,75840,1.63
1789652501.60049,75850,0,75850,1.63
1789652501.6175094,75860,0,75860,1.63
1789652501.6258092,75870,0,75870,1.63
1789652501.636473,75880,0,75880,1.63
1789652501.6458688,75890,0,75890,1.63
1789652501.6562982,75900,0,75900,1.63
1789652501.6659064,75910,0,75910,1.63
1789652501.674302,75920,0,75920,1.63
1789652501.682091,75930,0,75930,1.63
1789652501.6894395,75940,0,75940,1.63
1789652501.695924,75950,0,75950,1.63
1789652501.7019546,75960,0,75960,1.63
1789652501.708395,75970,0,75970,1.63
1789652501.7143638,75980,0,75980,1.63
1789652501.7207565,75990,0,75990,1.63
1789652501.7275636,76000,0,76000,1.63
1789652501.739638,76010,0,76010,1.629
1789652501.7506196,76020,0,76020,1.629
1789652501.7587318,76030,0,76030,1.629
1789652501.7697117,76040,0,76040,1.629
1789652501.7852495,76050,0,76050,1.629
1789652501.7959037,76060,0,76060,1.629
1789652501.8089118,76070,0,76070,1.629
1789652501.8296845,76080,0,76080,1.629
1789652501.8394926,76090,0,76090,1.629
1789652501.850879,76100,0,76100,1.629
1789652501.8640769,76110,0,76110,1.629
1789652501.878492,76120,0,76120,1.629
1789652501.8881767,76130,0,76130,1.629
1789652501.9010935,76140,0,76140,1.629
1789652501.9118626,76150,0,76150,1.629
1789652501.9253693,76160,0,76160,1.629
1789652501.9329965,76170,0,76170,1.629
1789652501.9430478,76180,0,76180,1.629
1789652501.954845,76190,0,76190,1.629
1789652501.9646711,76200,0,76200,1.629
1789652501.9733555,76210,0,76210,1.628
1789652501.9822257,76220,0,76220,1.628
1789652501.990289,76230,0,76230,1.628
1789652501.99935,76240,0,76240,1.628
1789652502.0166607,76250,0,76250,1.628
1789652502.025848,76260,0,76260,1.628
1789652502.0406294,76270,0,76270,1.628
1789652502.0652606,76280,0,76280,1.628
1789652502.074811,76290,0,76290,1.628
1789652502.0838413,76300,0,76300,1.628
1789652502.091618,76310,0,76310,1.628
1789652502.103801,76320,0,76320,1.628
1789652502.1166518,76330,0,76330,1.628
1789652502.1289294,76340,0,76340,1.628
1789652502.1388395,76350,0,76350,1.628
1789652502.1495268,76360,0,76360,1.628
1789652502.1651347,76370,0,76370,1.628
1789652502.1757603,76380,0,76380,1.628
1789652502.1906123,76390,0,76390,1.628
1789652502.2001133,76400,0,76400,1.628
1789652502.2105498,76410,0,76410,1.628
1789652502.2191463,76420,0,76420,1.628
1789652502.2279437,76430,0,76430,1.628
1789652502.2370918,76440,0,76440,1.628
1789652502.2503934,76450,0,76450,1.628
1789652502.2583945,76460,0,76460,1.628
1789652502.265968,76470,0,76470,1.628
1789652502.273802,76480,0,76480,1.628
1789652502.2813118,76490,0,76490,1.628
1789652502.2877343,76500,0,76500,1.628
1789652502.293701,76510,0,76510,1.628
1789652502.3002644,76520,0,76520,1.628
1789652502.3062944,76530,0,76530,1.628
1789652502.3118374,76540,0,76540,1.628
1789652502.3185031,76550,0,76550,1.628
1789652502.32524,76560,0,76560,1.628
1789652502.3327508,76570,0,76570,1.628
1789652502.340696,76580,0,76580,1.628
1789652502.351532,76590,0,76590,1.628
1789652502.3640902,76600,0,76600,1.628
1789652502.3724153,76610,0,76610,1.628
1789652502.3800154,76620,0,76620,1.628
1789652502.3925674,76630,0,76630,1.628
1789652502.4028287,76640,0,76640,1.628
1789652502.410291,76650,0,76650,1.628
1789652502.4195356,76660,0,76660,1.628
1789652502.4268894,76670,0,76670,1.628
1789652502.4356704,76680,0,76680,1.628
1789652502.4436574,76690,0,76690,1.628
1789652502.4498854,76700,0,76700,1.628
1789652502.4576974,76710,0,76710,1.628
1789652502.4630961,76720,0,76720,1.628
1789652502.468462,76730,0,76730,1.628
1789652502.474977,76740,0,76740,1.628
1789652502.4809575,76750,0,76750,1.628
1789652502.4882228,76760,0,76760,1.628
1789652502.4964714,76770,0,76770,1.628
1789652502.508377,76780,0,76780,1.628
1789652502.518258,76790,0,76790,1.628
1789652502.5277834,76800,0,76800,1.628
1789652502.5350652,76810,0,76810,1.628
1789652502.541094,76820,0,76820,1.628
1789652502.5472684,76830,0,76830,1.628
1789652502.5540512,76840,0,76840,1.628
1789652502.5604234,76850,0,76850,1.628
1789652502.5735767,76860,0,76860,1.628
1789652502.58246,76870,0,76870,1.628
1789652502.5905626,76880,0,76880,1.628
1789652502.6017735,76890,0,76890,1.628
1789652502.625508,76900,0,76900,1.628
1789652502.6374824,76910,0,76910,1.628
1789652502.6488678,76920,0,76920,1.628
1789652502.6600673,76930,0,76930,1.628
1789652502.6685276,76940,0,76940,1.628
1789652502.678794,76950,0,76950,1.628
1789652502.6881104,76960,0,76960,1.628
1789652502.695694,76970,0,76970,1.628
1789652502.7054515,76980,0,76980,1.628
1789652502.7135606,76990,0,76990,1.629
1789652502.723687,77000,0,77000,1.629
1789652502.733033,77010,0,77010,1.629
1789652502.744255,77020,0,77020,1.629
1789652502.7713752,77030,0,77030,1.629
1789652502.7877154,77040,0,77040,1.629
1789652502.7957463,77050,0,77050,1.629
1789652502.802798,77060,0,77060,1.629
1789652502.8091667,77070,0,77070,1.629
1789652502.8220105,77080,0,77080,1.629
1789652502.8313696,77090,0,77090,1.629
1789652502.8395567,77100,0,77100,1.629
1789652502.852228,77110,0,77110,1.629
1789652502.85962,77120,0,77120,1.629
1789652502.8672338,77130,0,77130,1.629
1789652502.8738778,77140,0,77140,1.629
1789652502.8802,77150,0,77150,1.629
1789652502.8860538,77160,0,77160,1.629
1789652502.8932946,77170,0,77170,1.629
1789652502.9016063,77180,0,77180,1.629
1789652502.911811,77190,0,77190,1.63
1789652502.9184482,77200,0,77200,1.63
1789652502.9245803,77210,0,77210,1.63
1789652502.9302735,77220,0,77220,1.63
1789652502.9359753,77230,0,77230,1.63
1789652502.9433286,77240,0,77240,1.63
1789652502.9515054,77250,0,77250,1.63
1789652502.9592826,77260,0,77260,1.63
1789652502.9726532,77270,0,77270,1.63
1789652502.9844398,77280,0,77280,1.63
1789652502.9958558,77290,0,77290,1.63
1789652503.0058727,77300,0,77300,1.63
1789652503.011744,77310,0,77310,1.63
1789652503.0227592,77320,0,77320,1.63
1789652503.032185,77330,0,77330,1.63
1789652503.0380511,77340,0,77340,1.63
1789652503.043597,77350,0,77350,1.631
1789652503.0501778,77360,0,77360,1.631
1789652503.0556347,77370,0,77370,1.631
1789652503.0609431,77380,0,77380,1.631
1789652503.068017,77390,0,77390,1.631
1789652503.075169,77400,0,77400,1.631
1789652503.0828638,77410,0,77410,1.631
1789652503.0890913,77420,0,77420,1.631
1789652503.0958748,77430,0,77430,1.631
1789652503.1024432,77440,0,77440,1.631
1789652503.1086893,77450,0,77450,1.631
1789652503.118421,77460,0,77460,1.631
1789652503.1289625,77470,0,77470,1.631
1789652503.137525,77480,0,77480,1.632
1789652503.1460614,77490,0,77490,1.632
1789652503.1522272,77500,0,77500,1.632
1789652503.1592934,77510,0,77510,1.632
1789652503.165649,77520,0,77520,1.632
1789652503.1727338,77530,0,77530,1.632
1789652503.1869965,77540,0,77540,1.632
1789652503.2007864,77550,0,77550,1.632
1789652503.2103436,77560,0,77560,1.632
1789652503.2270145,77570,0,77570,1.632
1789652503.2392685,77580,0,77580,1.632
1789652503.2610722,77590,0,77590,1.632
1789652503.2725623,77600,0,77600,1.633
1789652503.290722,77610,0,77610,1.633
1789652503.30141,77620,0,77620,1.633
1789652503.316678,77630,0,77630,1.633
1789652503.3244164,77640,0,77640,1.633
1789652503.3332305,77650,0,77650,1.633
1789652503.345663,77660,0,77660,1.633
1789652503.3598042,77670,0,77670,1.633
1789652503.365886,77680,0,77680,1.633
1789652503.3721557,77690,0,77690,1.634
1789652503.3804169,77700,0,77700,1.634
1789652503.3866422,77710,0,77710,1.634
1789652503.3936207,77720,0,77720,1.634
1789652503.401661,77730,0,77730,1.634
1789652503.417859,77740,0,77740,1.634
1789652503.430576,77750,0,77750,1.634
1789652503.4406636,77760,0,77760,1.634
1789652503.4482868,77770,0,77770,1.634
1789652503.4595501,77780,0,77780,1.635
1789652503.4706852,77790,0,77790,1.635
1789652503.4809163,77800,0,77800,1.635
1789652503.49014,77810,0,77810,1.635
1789652503.4984717,77820,0,77820,1.635
1789652503.505487,77830,0,77830,1.635
1789652503.51112,77840,0,77840,1.635
1789652503.5170581,77850,0,77850,1.635
1789652503.5226264,77860,0,77860,1.635
1789652503.5288966,77870,0,77870,1.636
1789652503.5354886,77880,0,77880,1.636
1789652503.541472,77890,0,77890,1.636
1789652503.5468063,77900,0,77900,1.636
1789652503.5537724,77910,0,77910,1.636
1789652503.5601816,77920,0,77920,1.636
1789652503.569289,77930,0,77930,1.636
1789652503.5773616,77940,0,77940,1.636
1789652503.584617,77950,0,77950,1.637
1789652503.5925057,77960,0,77960,1.637
1789652503.6001017,77970,0,77970,1.637
1789652503.6126826,77980,0,77980,1.637
1789652503.6227865,77990,0,77990,1.637
1789652503.6309261,78000,0,78000,1.637
1789652503.6399019,78010,0,78010,1.637
1789652503.6476247,78020,0,78020,1.638
1789652503.6553197,78030,0,78030,1.638
1789652503.6635592,78040,0,78040,1.638
1789652503.6716619,78050,0,78050,1.638
1789652503.6823041,78060,0,78060,1.638
1789652503.6889007,78070,0,78070,1.638
1789652503.6992455,78080,0,78080,1.638
1789652503.706891,78090,0,78090,1.638
1789652503.7122583,78100,0,78100,1.639
1789652503.7172828,78110,0,78110,1.639
1789652503.723631,78120,0,78120,1.639
1789652503.7302496,78130,0,78130,1.639
1789652503.7384775,78140,0,78140,1.639
1789652503.7461221,78150,0,78150,1.639
1789652503.753875,78160,0,78160,1.639
1789652503.7615252,78170,0,78170,1.64
1789652503.7700672,78180,0,78180,1.64
1789652503.7761943,78190,0,78190,1.64
1789652503.7822766,78200,0,78200,1.64
1789652503.789033,78210,0,78210,1.64
1789652503.7994716,78220,0,78220,1.64
1789652503.8060107,78230,0,78230,1.641
1789652503.8126342,78240,0,78240,1.641
1789652503.8191357,78250,0,78250,1.641
1789652503.8266935,78260,0,78260,1.641
1789652503.833787,78270,0,78270,1.641
1789652503.8397236,78280,0,78280,1.641
1789652503.8535573,78290,0,78290,1.641
1789652503.8615842,78300,0,78300,1.642
1789652503.8787146,78310,0,78310,1.642
1789652503.8917537,78320,0,78320,1.642
1789652503.907781,78330,0,78330,1.642
1789652503.9186912,78340,0,78340,1.642
1789652503.9321933,78350,0,78350,1.642
1789652503.9434462,78360,0,78360,1.643
1789652503.9544683,78370,0,78370,1.643
1789652503.9633162,78380,0,78380,1.643
1789652503.9713402,78390,0,78390,1.643
1789652503.9814346,78400,0,78400,1.643
1789652503.9974291,78410,0,78410,1.643
1789652504.0054216,78420,0,78420,1.644
1789652504.0140767,78430,0,78430,1.644
1789652504.0440295,78440,0,78440,1.644
1789652504.0524642,78450,0,78450,1.644
1789652504.060818,78460,0,78460,1.644
1789652504.0697486,78470,0,78470,1.644
1789652504.0776894,78480,0,78480,1.645
1789652504.0843651,78490,0,78490,1.645
1789652504.0929668,78500,0,78500,1.645
1789652504.1028543,78510,0,78510,1.645
1789652504.110763,78520,0,78520,1.645
1789652504.1177013,78530,0,78530,1.646
1789652504.1243834,78540,0,78540,1.646
1789652504.134475,78550,0,78550,1.646
1789652504.1421633,78560,0,78560,1.646
1789652504.156303,78570,0,78570,1.646
1789652504.1702263,78580,0,78580,1.646
1789652504.1808507,78590,0,78590,1.647
1789652504.1906855,78600,0,78600,1.647
1789652504.1982968,78610,0,78610,1.647
1789652504.2048883,78620,0,78620,1.647
1789652504.2105465,78630,0,78630,1.647
1789652504.2170951,78640,0,78640,1.648
1789652504.2246659,78650,0,78650,1.648
1789652504.232179,78660,0,78660,1.648
1789652504.2376225,78670,0,78670,1.648
1789652504.2429068,78680,0,78680,1.648
1789652504.2489471,78690,0,78690,1.649
1789652504.2544346,78700,0,78700,1.649
1789652504.2597566,78710,0,78710,1.649
1789652504.266803,78720,0,78720,1.649
1789652504.2724469,78730,0,78730,1.649
1789652504.2779896,78740,0,78740,1.65
1789652504.2836313,78750,0,78750,1.65
1789652504.2900407,78760,0,78760,1.65
1789652504.297669,78770,0,78770,1.65
1789652504.3257143,78780,0,78780,1.65
1789652504.3319836,78790,0,78790,1.651
1789652504.3384435,78800,0,78800,1.651
1789652504.345451,78810,0,78810,1.651
1789652504.3515372,78820,0,78820,1.651
1789652504.3598704,78830,0,78830,1.651
1789652504.3675354,78840,0,78840,1.652
1789652504.3751094,78850,0,78850,1.652
1789652504.3824878,78860,0,78860,1.652
1789652504.3922882,78870,0,78870,1.652
1789652504.400979,78880,0,78880,1.652
1789652504.407089,78890,0,78890,1.653
1789652504.4128802,78900,0,78900,1.653
1789652504.4201405,78910,0,78910,1.653
1789652504.4295683,78920,0,78920,1.653
1789652504.4482067,78930,0,78930,1.653
1789652504.4558685,78940,0,78940,1.654
1789652504.4656026,78950,0,78950,1.654
1789652504.4712818,78960,0,78960,1.654
1789652504.4766595,78970,0,78970,1.654
1789652504.4844868,78980,0,78980,1.654
1789652504.4913275,78990,0,78990,1.655
1789652504.4995205,79000,0,79000,1.655
1789652504.505006,79010,0,79010,1.655
1789652504.5116494,79020,0,79020,1.655
1789652504.5178328,79030,0,79030,1.656
1789652504.5243912,79040,0,79040,1.656
1789652504.5328982,79050,0,79050,1.656
1789652504.542817,79060,0,79060,1.656
1789652504.5491033,79070,0,79070,1.656
1789652504.5563104,79080,0,79080,1.657
1789652504.5640178,79090,0,79090,1.657
1789652504.5732505,79100,0,79100,1.657
1789652504.5924973,79110,0,79110,1.657
1789652504.601372,79120,0,79120,1.658
1789652504.6095006,79130,0,79130,1.658
1789652504.617936,79140,0,79140,1.658
1789652504.6374037,79150,0,79150,1.658
1789652504.6467605,79160,0,79160,1.658
1789652504.6557205,79170,0,79170,1.659
1789652504.6647701,79180,0,79180,1.659
1789652504.6756449,79190,0,79190,1.659
1789652504.6941953,79200,0,79200,1.659
1789652504.7037208,79210,0,79210,1.66
1789652504.7157176,79220,0,79220,1.66
1789652504.7256062,79230,0,79230,1.66
1789652504.735727,79240,0,79240,1.66
1789652504.747061,79250,0,79250,1.661
1789652504.7829342,79260,0,79260,1.661
1789652504.7929878,79270,0,79270,1.661
1789652504.8023627,79280,0,79280,1.661
1789652504.8091462,79290,0,79290,1.661
1789652504.8188717,79300,0,79300,1.662
1789652504.8256598,79310,0,79310,1.662
1789652504.8315363,79320,0,79320,1.662
1789652504.8376567,79330,0,79330,1.662
1789652504.8433962,79340,0,79340,1.663
1789652504.850052,79350,0,79350,1.663
1789652504.8559089,79360,0,79360,1.663
1789652504.8616827,79370,0,79370,1.663
1789652504.8704147,79380,0,79380,1.664
1789652504.8775392,79390,0,79390,1.664
1789652504.8946981,79400,0,79400,1.664
1789652504.9148421,79410,0,79410,1.664
1789652504.9335089,79420,0,79420,1.665
1789652504.9511285,79430,0,79430,1.665
1789652504.9723935,79440,0,79440,1.665
1789652504.9818773,79450,0,79450,1.665
1789652504.990749,79460,0,79460,1.666
1789652505.0072973,79470,0,79470,1.666
1789652505.0150633,79480,0,79480,1.666
1789652505.0225163,79490,0,79490,1.666
1789652505.0290265,79500,0,79500,1.667
1789652505.0353239,79510,0,79510,1.667
1789652505.041525,79520,0,79520,1.667
1789652505.0469878,79530,0,79530,1.668
1789652505.055776,79540,0,79540,1.668
1789652505.0664225,79550,0,79550,1.668
1789652505.0750892,79560,0,79560,1.668
1789652505.0839183,79570,0,79570,1.669
1789652505.0911212,79580,0,79580,1.669
1789652505.1075387,79590,0,79590,1.669
1789652505.1161196,79600,0,79600,1.669
1789652505.1255488,79610,0,79610,1.67
1789652505.1361558,79620,0,79620,1.67
1789652505.1430106,79630,0,79630,1.67
1789652505.1515381,79640,0,79640,1.671
1789652505.161433,79650,0,79650,1.671
1789652505.1671185,79660,0,79660,1.671
1789652505.1740503,79670,0,79670,1.671
1789652505.181941,79680,0,79680,1.672
1789652505.1903107,79690,0,79690,1.672
1789652505.1961496,79700,0,79700,1.672
1789652505.202536,79710,0,79710,1.672
1789652505.2134557,79720,0,79720,1.673
1789652505.4802258,79730,0,79730,1.673
1789652505.4980292,79740,0,79740,1.673
1789652505.529409,79750,0,79750,1.672
1789652505.5445879,79760,0,79760,1.672
1789652505.5786269,79770,0,79770,1.672
1789652505.6072466,79780,0,79780,1.672
1789652505.6685646,79790,0,79790,1.672
1789652505.7118638,79800,0,79800,1.671
1789652505.7687457,79810,0,79810,1.671
1789652505.788037,79820,0,79820,1.671
1789652506.2673843,79830,0,79830,1.671
1789652506.2892785,79840,0,79840,1.67
1789652506.3056698,79850,0,79850,1.67
1789652506.3268843,79860,0,79860,1.67
1789652506.3622425,79870,0,79870,1.67
1789652506.4056418,79880,0,79880,1.67
1789652506.4315445,79890,0,79890,1.669
1789652506.4754462,79900,0,79900,1.669
1789652506.527298,79910,0,79910,1.669
1789652506.5679827,79920,0,79920,1.669
1789652506.5960653,79930,0,79930,1.669
1789652506.6241703,79940,0,79940,1.668
1789652506.6370323,79950,0,79950,1.668
1789652506.6565533,79960,0,79960,1.668
1789652506.6695619,79970,0,79970,1.668
1789652506.6991715,79980,0,79980,1.668
1789652506.7771194,79990,0,79990,1.667
1789652506.8133657,80000,0,80000,1.667
1789652506.8565238,80010,0,80010,1.667
1789652506.8959463,80020,0,80020,1.667
1789652506.9296474,80030,0,80030,1.666
1789652506.981623,80040,0,80040,1.666
1789652507.0175452,80050,0,80050,1.666
1789652507.0470424,80060,0,80060,1.666
1789652507.0618553,80070,0,80070,1.666
1789652507.0792274,80080,0,80080,1.665
1789652507.1146095,80090,0,80090,1.665
1789652507.127828,80100,0,80100,1.665
1789652507.137242,80110,0,80110,1.665
1789652507.1471255,80120,0,80120,1.665
1789652507.1634188,80130,0,80130,1.664
1789652507.1826432,80140,0,80140,1.664
1789652507.2108219,80150,0,80150,1.664
1789652507.223518,80160,0,80160,1.664
1789652507.2282498,80170,0,80170,1.664
1789652507.2330222,80180,0,80180,1.664
1789652507.2386756,80190,0,80190,1.664
1789652507.2434516,80200,0,80200,1.664
1789652507.2484465,80210,0,80210,1.664
1789652507.253846,80220,0,80220,1.664
1789652507.2585232,80230,0,80230,1.664
1789652507.2630198,80240,0,80240,1.664
1789652507.2684715,80250,0,80250,1.664
1789652507.273517,80260,0,80260,1.664
1789652507.2787015,80270,0,80270,1.664
1789652507.2835972,80280,0,80280,1.664
1789652507.2886288,80290,0,80290,1.664
1789652507.293627,80300,0,80300,1.664
1789652507.2994494,80310,0,80310,1.665
1789652507.3050456,80320,0,80320,1.665
1789652507.3120909,80330,0,80330,1.665
1789652507.3189144,80340,0,80340,1.665
1789652507.3284492,80350,0,80350,1.665
1789652507.3474696,80360,0,80360,1.665
1789652507.3579652,80370,0,80370,1.665
1789652507.3663964,80380,0,80380,1.665
1789652507.3720863,80390,0,80390,1.665
1789652507.378428,80400,0,80400,1.665
1789652507.3831375,80410,0,80410,1.665
1789652507.388023,80420,0,80420,1.665
1789652507.3943284,80430,0,80430,1.665
1789652507.401635,80440,0,80440,1.665
1789652507.4090524,80450,0,80450,1.665
1789652507.4161336,80460,0,80460,1.665
1789652507.4248147,80470,0,80470,1.665
1789652507.431824,80480,0,80480,1.665
1789652507.4420538,80490,0,80490,1.665
1789652507.4529111,80500,0,80500,1.666
1789652507.4640973,80510,0,80510,1.666
1789652507.4769268,80520,0,80520,1.666
1789652507.4875834,80530,0,80530,1.666
1789652507.4977963,80540,0,80540,1.666
1789652507.5133147,80550,0,80550,1.666
1789652507.5229366,80560,0,80560,1.666
1789652507.533247,80570,0,80570,1.666
1789652507.5517614,80580,0,80580,1.666
1789652507.5608008,80590,0,80590,1.666
1789652507.5686433,80600,0,80600,1.666
1789652507.5769355,80610,0,80610,1.666
1789652507.5837443,80620,0,80620,1.666
1789652507.5927603,80630,0,80630,1.666
1789652507.6000304,80640,0,80640,1.667
1789652507.605919,80650,0,80650,1.667
1789652507.6130412,80660,0,80660,1.667
1789652507.6191301,80670,0,80670,1.667
1789652507.627097,80680,0,80680,1.667
1789652507.6330855,80690,0,80690,1.667
1789652507.6426504,80700,0,80700,1.667
1789652507.6535907,80710,0,80710,1.667
1789652507.6616752,80720,0,80720,1.667
1789652507.6742446,80730,0,80730,1.667
1789652507.6807823,80740,0,80740,1.667
1789652507.6865823,80750,0,80750,1.667
1789652507.6988075,80760,0,80760,1.667
1789652507.7056015,80770,0,80770,1.668
1789652507.7151983,80780,0,80780,1.668
1789652507.724618,80790,0,80790,1.668
1789652507.7327387,80800,0,80800,1.668
1789652507.7404923,80810,0,80810,1.668
1789652507.7464123,80820,0,80820,1.668
1789652507.7530112,80830,0,80830,1.668
1789652507.7598507,80840,0,80840,1.668
1789652507.7680361,80850,0,80850,1.668
1789652507.7774153,80860,0,80860,1.668
1789652507.7890162,80870,0,80870,1.668
1789652507.7970474,80880,0,80880,1.668
1789652507.8036034,80890,0,80890,1.669
1789652507.8180208,80900,0,80900,1.669
1789652507.835089,80910,0,80910,1.669
1789652507.8446736,80920,0,80920,1.669
1789652507.856423,80930,0,80930,1.669
1789652507.8707001,80940,0,80940,1.669
1789652507.881396,80950,0,80950,1.669
1789652507.889389,80960,0,80960,1.669
1789652507.8994572,80970,0,80970,1.669
1789652507.9104793,80980,0,80980,1.669
1789652507.9265053,80990,0,80990,1.67
1789652507.936166,81000,0,81000,1.67
1789652507.9473984,81010,0,81010,1.67
1789652507.9606774,81020,0,81020,1.67
1789652507.9897692,81030,0,81030,1.67
1789652508.0066633,81040,0,81040,1.67
1789652508.0200417,81050,0,81050,1.67
1789652508.0276966,81060,0,81060,1.67
1789652508.0434089,81070,0,81070,1.67
1789652508.0533993,81080,0,81080,1.671
1789652508.060604,81090,0,81090,1.671
1789652508.0689995,81100,0,81100,1.671
1789652508.077658,81110,0,81110,1.671
1789652508.0884624,81120,0,81120,1.671
1789652508.0979414,81130,0,81130,1.671
1789652508.1100633,81140,0,81140,1.671
1789652508.121179,81150,0,81150,1.671
1789652508.13514,81160,0,81160,1.672
1789652508.1479201,81170,0,81170,1.672
1789652508.1607811,81180,0,81180,1.672
1789652508.1696143,81190,0,81190,1.672
1789652508.1792061,81200,0,81200,1.672
1789652508.1850202,81210,0,81210,1.672
1789652508.1911836,81220,0,81220,1.672
1789652508.1967063,81230,0,81230,1.673
1789652508.20207,81240,0,81240,1.673
1789652508.2079926,81250,0,81250,1.673
1789652508.2143128,81260,0,81260,1.673
1789652508.2204216,81270,0,81270,1.673
1789652508.2279682,81280,0,81280,1.673
1789652508.235794,81290,0,81290,1.673
1789652508.241923,81300,0,81300,1.673
1789652508.2479844,81310,0,81310,1.674
1789652508.2566848,81320,0,81320,1.674
1789652508.2650023,81330,0,81330,1.674
1789652508.2772748,81340,0,81340,1.674
1789652508.3083336,81350,0,81350,1.674
1789652508.3215723,81360,0,81360,1.674
1789652508.3346212,81370,0,81370,1.674
1789652508.345026,81380,0,81380,1.675
1789652508.3554618,81390,0,81390,1.675
1789652508.372326,81400,0,81400,1.675
1789652508.3883893,81410,0,81410,1.675
1789652508.407737,81420,0,81420,1.675
1789652508.418017,81430,0,81430,1.675
1789652508.4276228,81440,0,81440,1.676
1789652508.4379551,81450,0,81450,1.676
1789652508.4479961,81460,0,81460,1.676
1789652508.4547625,81470,0,81470,1.676
1789652508.461169,81480,0,81480,1.676
1789652508.4672594,81490,0,81490,1.676
1789652508.4743488,81500,0,81500,1.676
1789652508.4811332,81510,0,81510,1.677
1789652508.4877217,81520,0,81520,1.677
1789652508.4985516,81530,0,81530,1.677
1789652508.5052376,81540,0,81540,1.677
1789652508.5138292,81550,0,81550,1.677
1789652508.5220382,81560,0,81560,1.677
1789652508.5297942,81570,0,81570,1.678
1789652508.546072,81580,0,81580,1.678
1789652508.5573254,81590,0,81590,1.678
1789652508.5671945,81600,0,81600,1.678
1789652508.5735767,81610,0,81610,1.678
1789652508.5800867,81620,0,81620,1.678
1789652508.5859785,81630,0,81630,1.679
1789652508.591785,81640,0,81640,1.679
1789652508.6078882,81650,0,81650,1.679
1789652508.61734,81660,0,81660,1.679
1789652508.6311486,81670,0,81670,1.679
1789652508.6410635,81680,0,81680,1.68
1789652508.6514738,81690,0,81690,1.68
1789652508.6608276,81700,0,81700,1.68
1789652508.672673,81710,0,81710,1.68
1789652508.6915836,81720,0,81720,1.68
1789652508.7021863,81730,0,81730,1.68
1789652508.7208734,81740,0,81740,1.681
1789652508.7317183,81750,0,81750,1.681
1789652508.7496822,81760,0,81760,1.681
1789652508.7591853,81770,0,81770,1.681
1789652508.7704766,81780,0,81780,1.681
1789652508.7803257,81790,0,81790,1.681
1789652508.787284,81800,0,81800,1.682
1789652508.79342,81810,0,81810,1.682
1789652508.8015795,81820,0,81820,1.682
1789652508.8123693,81830,0,81830,1.682
1789652508.822148,81840,0,81840,1.682
1789652508.8291945,81850,0,81850,1.683
1789652508.8350513,81860,0,81860,1.683
1789652508.8411129,81870,0,81870,1.683
1789652508.8483415,81880,0,81880,1.683
1789652508.85381,81890,0,81890,1.683
1789652508.8592148,81900,0,81900,1.684
1789652508.8653286,81910,0,81910,1.684
1789652508.8710666,81920,0,81920,1.684
1789652508.8774703,81930,0,81930,1.684
1789652508.8833203,81940,0,81940,1.684
1789652508.889022,81950,0,81950,1.685
1789652508.895567,81960,0,81960,1.685
1789652508.9015138,81970,0,81970,1.685
1789652508.9084995,81980,0,81980,1.685
1789652508.9240692,81990,0,81990,1.685
1789652508.9413993,82000,0,82000,1.685
1789652508.9518135,82010,0,82010,1.686
1789652508.967087,82020,0,82020,1.686
1789652508.9868934,82030,0,82030,1.686
1789652509.0079272,82040,0,82040,1.686
1789652509.0220973,82050,0,82050,1.686
1789652509.0341003,82060,0,82060,1.687
1789652509.0479467,82070,0,82070,1.687
1789652509.0655801,82080,0,82080,1.687
1789652509.0802534,82090,0,82090,1.687
1789652509.0928822,82100,0,82100,1.688
1789652509.1056256,82110,0,82110,1.688
1789652509.112242,82120,0,82120,1.688
1789652509.1187184,82130,0,82130,1.688
1789652509.1379051,82140,0,82140,1.688
1789652509.1463947,82150,0,82150,1.689
1789652509.1526265,82160,0,82160,1.689
1789652509.1591964,82170,0,82170,1.689
1789652509.1672306,82180,0,82180,1.689
1789652509.175786,82190,0,82190,1.689
1789652509.1847873,82200,0,82200,1.69
1789652509.1933122,82210,0,82210,1.69
1789652509.1997912,82220,0,82220,1.69
1789652509.2072108,82230,0,82230,1.69
1789652509.2128274,82240,0,82240,1.691
1789652509.2183888,82250,0,82250,1.691
1789652509.224989,82260,0,82260,1.691
1789652509.232043,82270,0,82270,1.691
1789652509.2397177,82280,0,82280,1.691
1789652509.2458603,82290,0,82290,1.692
1789652509.2519612,82300,0,82300,1.692
1789652509.2583232,82310,0,82310,1.692
1789652509.2665956,82320,0,82320,1.692
1789652509.2901084,82330,0,82330,1.692
1789652509.2978246,82340,0,82340,1.693
1789652509.3082595,82350,0,82350,1.693
1789652509.3164566,82360,0,82360,1.693
1789652509.3227048,82370,0,82370,1.693
1789652509.3291638,82380,0,82380,1.694
1789652509.33845,82390,0,82390,1.694
1789652509.3468595,82400,0,82400,1.694
1789652509.3529198,82410,0,82410,1.694
1789652509.3589556,82420,0,82420,1.694
1789652509.3673918,82430,0,82430,1.694
1789652509.375004,82440,0,82440,1.695
1789652509.38264,82450,0,82450,1.695
1789652509.3899632,82460,0,82460,1.695
1789652509.399363,82470,0,82470,1.695
1789652509.4210463,82480,0,82480,1.695
1789652509.445411,82490,0,82490,1.695
1789652509.4607544,82500,0,82500,1.696
1789652509.4706762,82510,0,82510,1.696
1789652509.4829893,82520,0,82520,1.696
1789652509.499759,82530,0,82530,1.696
1789652509.5073643,82540,0,82540,1.696
1789652509.5141308,82550,0,82550,1.697
1789652509.522319,82560,0,82560,1.697
1789652509.5295143,82570,0,82570,1.697
1789652509.5357378,82580,0,82580,1.697
1789652509.5417361,82590,0,82590,1.697
1789652509.5485125,82600,0,82600,1.697
1789652509.5594642,82610,0,82610,1.698
1789652509.5694854,82620,0,82620,1.698
1789652509.5809996,82630,0,82630,1.698
1789652509.5903268,82640,0,82640,1.698
1789652509.6000295,82650,0,82650,1.698
1789652509.6100569,82660,0,82660,1.699
1789652509.6177094,82670,0,82670,1.699
1789652509.6252506,82680,0,82680,1.699
1789652509.6317317,82690,0,82690,1.699
1789652509.638341,82700,0,82700,1.699
1789652509.6460793,82710,0,82710,1.7
1789652509.6522925,82720,0,82720,1.7
1789652509.6584518,82730,0,82730,1.7
1789652509.6653175,82740,0,82740,1.7
1789652509.6707692,82750,0,82750,1.7
1789652509.6770928,82760,0,82760,1.701
1789652509.6825604,82770,0,82770,1.701
1789652509.6888127,82780,0,82780,1.701
1789652509.6950507,82790,0,82790,1.701
1789652509.7032285,82800,0,82800,1.701
1789652509.7116601,82810,0,82810,1.701
1789652509.7186532,82820,0,82820,1.702
1789652509.7305937,82830,0,82830,1.702
1789652509.7414904,82840,0,82840,1.702
1789652509.748405,82850,0,82850,1.702
1789652509.7559402,82860,0,82860,1.702
1789652509.7630117,82870,0,82870,1.703
1789652509.769903,82880,0,82880,1.703
1789652509.775578,82890,0,82890,1.703
1789652509.7810009,82900,0,82900,1.703
1789652509.793975,82910,0,82910,1.703
1789652509.803907,82920,0,82920,1.704
1789652509.812159,82930,0,82930,1.704
1789652509.8220952,82940,0,82940,1.704
1789652509.8345177,82950,0,82950,1.704
1789652509.848654,82960,0,82960,1.705
1789652509.8576388,82970,0,82970,1.705
1789652509.8666005,82980,0,82980,1.705
1789652509.8933396,82990,0,82990,1.705
1789652509.902396,83000,0,83000,1.705
1789652509.9115043,83010,0,83010,1.706
1789652509.9194257,83020,0,83020,1.706
1789652509.9271953,83030,0,83030,1.706
1789652509.9345691,83040,0,83040,1.706
1789652509.9473634,83050,0,83050,1.706
1789652509.9595587,83060,0,83060,1.707
1789652509.9662466,83070,0,83070,1.707
1789652509.9731972,83080,0,83080,1.707
1789652509.9801123,83090,0,83090,1.707
1789652509.9865866,83100,0,83100,1.708
1789652509.992658,83110,0,83110,1.708
1789652509.9992647,83120,0,83120,1.708
1789652510.006822,83130,0,83130,1.708
1789652510.014197,83140,0,83140,1.708
1789652510.0258968,83150,0,83150,1.709
1789652510.0346835,83160,0,83160,1.709
1789652510.0419858,83170,0,83170,1.709
1789652510.047946,83180,0,83180,1.709
1789652510.0558305,83190,0,83190,1.709
1789652510.0642257,83200,0,83200,1.71
1789652510.0737026,83210,0,83210,1.71
1789652510.0849864,83220,0,83220,1.71
1789652510.0939097,83230,0,83230,1.71
1789652510.1042686,83240,0,83240,1.711
1789652510.1129904,83250,0,83250,1.711
1789652510.1191847,83260,0,83260,1.711
1789652510.1289034,83270,0,83270,1.711
1789652510.1359942,83280,0,83280,1.712
1789652510.145685,83290,0,83290,1.712
1789652510.1537995,83300,0,83300,1.712
1789652510.161185,83310,0,83310,1.712
1789652510.1671925,83320,0,83320,1.712
1789652510.1747775,83330,0,83330,1.713
1789652510.1811755,83340,0,83340,1.713
1789652510.189343,83350,0,83350,1.713
1789652510.1954417,83360,0,83360,1.713
1789652510.201379,83370,0,83370,1.714
1789652510.2152188,83380,0,83380,1.714
1789652510.2246127,83390,0,83390,1.714
1789652510.2320967,83400,0,83400,1.714
1789652510.2388704,83410,0,83410,1.715
1789652510.246631,83420,0,83420,1.715
1789652510.2546892,83430,0,83430,1.715
1789652510.2629497,83440,0,83440,1.715
1789652510.2704067,83450,0,83450,1.715
1789652510.2762225,83460,0,83460,1.716
1789652510.2816908,83470,0,83470,1.716
1789652510.2915862,83480,0,83480,1.716
1789652510.3021317,83490,0,83490,1.716
1789652510.3118255,83500,0,83500,1.717
1789652510.3211932,83510,0,83510,1.717
1789652510.3315396,83520,0,83520,1.717
1789652510.356222,83530,0,83530,1.717
1789652510.365481,83540,0,83540,1.718
1789652510.3766046,83550,0,83550,1.718
1789652510.3874433,83560,0,83560,1.718
1789652510.3976028,83570,0,83570,1.718
1789652510.4070961,83580,0,83580,1.719
1789652510.4162014,83590,0,83590,1.719
1789652510.4255373,83600,0,83600,1.719
1789652510.4347842,83610,0,83610,1.719
1789652510.443709,83620,0,83620,1.72
1789652510.4543664,83630,0,83630,1.72
1789652510.4632382,83640,0,83640,1.72
1789652510.4708724,83650,0,83650,1.72
1789652510.4793565,83660,0,83660,1.721
1789652510.4879076,83670,0,83670,1.721
1789652510.4955208,83680,0,83680,1.721
1789652510.5036895,83690,0,83690,1.721
1789652510.5125937,83700,0,83700,1.722
1789652510.5215025,83710,0,83710,1.722
1789652510.5289438,83720,0,83720,1.722
1789652510.5366554,83730,0,83730,1.722
1789652510.5441015,83740,0,83740,1.723
1789652510.5629406,83750,0,83750,1.723
1789652510.5700135,83760,0,83760,1.723
1789652510.5754898,83770,0,83770,1.723
1789652510.5819407,83780,0,83780,1.724
1789652510.5878458,83790,0,83790,1.724
1789652510.5941517,83800,0,83800,1.724
1789652510.6037169,83810,0,83810,1.724
1789652510.6128733,83820,0,83820,1.725
1789652510.6208496,83830,0,83830,1.725
1789652510.62933,83840,0,83840,1.725
1789652510.6357431,83850,0,83850,1.726
1789652510.6438854,83860,0,83860,1.726
1789652510.652018,83870,0,83870,1.726
1789652510.660551,83880,0,83880,1.726
1789652510.6669757,83890,0,83890,1.727
1789652510.6815665,83900,0,83900,1.727
1789652510.698429,83910,0,83910,1.727
1789652510.708055,83920,0,83920,1.727
1789652510.7157998,83930,0,83930,1.728
1789652510.7228973,83940,0,83940,1.728
1789652510.7294965,83950,0,83950,1.728
1789652510.7432387,83960,0,83960,1.729
1789652510.7521539,83970,0,83970,1.729
1789652510.7581325,83980,0,83980,1.729
1789652510.763723,83990,0,83990,1.729
1789652510.771567,84000,0,84000,1.73
1789652510.778144,84010,0,84010,1.73
1789652510.7848225,84020,0,84020,1.73
1789652510.7905068,84030,0,84030,1.73
1789652510.796032,84040,0,84040,1.731
1789652510.8031,84050,0,84050,1.731
1789652510.8086855,84060,0,84060,1.731
1789652510.8178868,84070,0,84070,1.732
1789652510.826007,84080,0,84080,1.732
1789652510.8325722,84090,0,84090,1.732
1789652510.8392513,84100,0,84100,1.732
1789652510.8465204,84110,0,84110,1.733
1789652510.856342,84120,0,84120,1.733
1789652510.871584,84130,0,84130,1.733
1789652510.8820052,84140,0,84140,1.734
1789652510.894516,84150,0,84150,1.734
1789652510.9016514,84160,0,84160,1.734
1789652510.9102247,84170,0,84170,1.734
1789652510.919525,84180,0,84180,1.735
1789652510.927754,84190,0,84190,1.735
1789652510.9345746,84200,0,84200,1.735
1789652510.9454386,84210,0,84210,1.736
1789652510.9540951,84220,0,84220,1.736
1789652510.9647355,84230,0,84230,1.736
1789652510.976351,84240,0,84240,1.736
1789652510.988752,84250,0,84250,1.737
1789652511.0003479,84260,0,84260,1.737
1789652511.023939,84270,0,84270,1.737
1789652511.0416596,84280,0,84280,1.738
1789652511.0507994,84290,0,84290,1.738
1789652511.0570815,84300,0,84300,1.738
1789652511.0650399,84310,0,84310,1.738
1789652511.0708866,84320,0,84320,1.739
1789652511.0766928,84330,0,84330,1.739
1789652511.084739,84340,0,84340,1.739
1789652511.092675,84350,0,84350,1.74
1789652511.0999556,84360,0,84360,1.74
1789652511.1095834,84370,0,84370,1.74
1789652511.1180756,84380,0,84380,1.741
1789652511.1265,84390,0,84390,1.741
1789652511.1328948,84400,0,84400,1.741
1789652511.1387343,84410,0,84410,1.741
1789652511.1463099,84420,0,84420,1.742
1789652511.1539776,84430,0,84430,1.742
1789652511.161234,84440,0,84440,1.742
1789652511.1688085,84450,0,84450,1.743
1789652511.196605,84460,0,84460,1.743
1789652511.206896,84470,0,84470,1.743
1789652511.215416,84480,0,84480,1.744
1789652511.2274806,84490,0,84490,1.744
1789652511.2391884,84500,0,84500,1.744
1789652511.246462,84510,0,84510,1.744
1789652511.2536697,84520,0,84520,1.745
1789652511.2597923,84530,0,84530,1.745
1789652511.2655082,84540,0,84540,1.745
1789652511.2725112,84550,0,84550,1.746
1789652511.2782032,84560,0,84560,1.746
1789652511.2845018,84570,0,84570,1.746
1789652511.29049,84580,0,84580,1.747
1789652511.2963421,84590,0,84590,1.747
1789652511.3033838,84600,0,84600,1.747
1789652511.3090713,84610,0,84610,1.748
1789652511.3162012,84620,0,84620,1.748
1789652511.3229182,84630,0,84630,1.748
1789652511.3313968,84640,0,84640,1.748
1789652511.3408377,84650,0,84650,1.749
1789652511.3494756,84660,0,84660,1.749
1789652511.3628325,84670,0,84670,1.749
1789652511.3802886,84680,0,84680,1.75
1789652511.393552,84690,0,84690,1.75
1789652511.4006214,84700,0,84700,1.75
1789652511.4064565,84710,0,84710,1.751
1789652511.4155517,84720,0,84720,1.751
1789652511.4258852,84730,0,84730,1.751
1789652511.435872,84740,0,84740,1.751
1789652511.4429455,84750,0,84750,1.752
1789652511.448945,84760,0,84760,1.752
1789652511.4556205,84770,0,84770,1.752
1789652511.4621716,84780,0,84780,1.753
1789652511.4704497,84790,0,84790,1.753
1789652511.4850743,84800,0,84800,1.753
1789652511.4971328,84810,0,84810,1.754
1789652511.5093722,84820,0,84820,1.754
1789652511.523224,84830,0,84830,1.754
1789652511.5317507,84840,0,84840,1.755
1789652511.5412436,84850,0,84850,1.755
1789652511.5517244,84860,0,84860,1.755
1789652511.5684116,84870,0,84870,1.756
1789652511.58045,84880,0,84880,1.756
1789652511.5977619,84890,0,84890,1.756
1789652511.6051912,84900,0,84900,1.757
1789652511.6161456,84910,0,84910,1.757
1789652511.6281903,84920,0,84920,1.757
1789652511.6385646,84930,0,84930,1.758
1789652511.646497,84940,0,84940,1.758
1789652511.6544538,84950,0,84950,1.758
1789652511.6617184,84960,0,84960,1.758
1789652511.6716566,84970,0,84970,1.759
1789652511.6785588,84980,0,84980,1.759
1789652511.6853428,84990,0,84990,1.759
1789652511.6929476,85000,0,85000,1.76
1789652511.6991086,85010,0,85010,1.76
1789652511.7065704,85020,0,85020,1.76
1789652511.7144697,85030,0,85030,1.761
1789652511.727806,85040,0,85040,1.761
1789652511.7379267,85050,0,85050,1.761
1789652511.7486494,85060,0,85060,1.762
1789652511.7560844,85070,0,85070,1.762
1789652511.7629979,85080,0,85080,1.762
1789652511.7769983,85090,0,85090,1.763
1789652511.78689,85100,0,85100,1.763
1789652511.7947536,85110,0,85110,1.763
1789652511.8030589,85120,0,85120,1.764
1789652511.8172696,85130,0,85130,1.764
1789652511.825639,85140,0,85140,1.764
1789652511.8332658,85150,0,85150,1.763
1789652511.8413184,85160,0,85160,1.763
1789652511.8549032,85170,0,85170,1.763
1789652511.8631191,85180,0,85180,1.763
1789652511.876369,85190,0,85190,1.762
1789652511.9079742,85200,0,85200,1.762
1789652511.9162555,85210,0,85210,1.762
1789652511.9229321,85220,0,85220,1.762
1789652511.9316862,85230,0,85230,1.762
1789652511.9470336,85240,0,85240,1.761
1789652511.9704642,85250,0,85250,1.761
1789652511.981228,85260,0,85260,1.761
1789652512.0045192,85270,0,85270,1.761
1789652512.0359297,85280,0,85280,1.761
1789652512.0453627,85290,0,85290,1.76
1789652512.0726018,85300,0,85300,1.76
1789652512.0847716,85310,0,85310,1.76
1789652512.1084,85320,0,85320,1.76
1789652512.1370292,85330,0,85330,1.76
1789652512.1544268,85340,0,85340,1.759
1789652512.182937,85350,0,85350,1.759
1789652512.2132797,85360,0,85360,1.759
1789652512.25357,85370,0,85370,1.759
1789652512.2833657,85380,0,85380,1.759
1789652512.3203328,85390,0,85390,1.758
1789652512.394935,85400,0,85400,1.758
1789652512.423288,85410,0,85410,1.758
1789652512.4473493,85420,0,85420,1.758
1789652512.487308,85430,0,85430,1.758
1789652512.5044317,85440,0,85440,1.757
1789652512.5157044,85450,0,85450,1.757
1789652512.5327406,85460,0,85460,1.757
1789652512.558167,85470,0,85470,1.757
1789652512.6006155,85480,0,85480,1.757
1789652512.626179,85490,0,85490,1.756
1789652512.6467426,85500,0,85500,1.756
1789652512.6668448,85510,0,85510,1.756
1789652512.684462,85520,0,85520,1.756
1789652512.7206607,85530,0,85530,1.755
1789652512.7375073,85540,0,85540,1.755
1789652512.7526126,85550,0,85550,1.755
1789652512.7626853,85560,0,85560,1.755
1789652512.7794986,85570,0,85570,1.755
1789652512.7882895,85580,0,85580,1.754
1789652512.815007,85590,0,85590,1.754
1789652512.83283,85600,0,85600,1.754
1789652512.8612294,85610,0,85610,1.754
1789652512.8795617,85620,0,85620,1.754
1789652512.9473927,85630,0,85630,1.753
1789652512.9763496,85640,0,85640,1.753
1789652513.0024035,85650,0,85650,1.753
1789652513.0265415,85660,0,85660,1.753
1789652513.0390944,85670,0,85670,1.753
1789652513.0490701,85680,0,85680,1.752
1789652513.061342,85690,0,85690,1.752
1789652513.073617,85700,0,85700,1.752
1789652513.1027079,85710,0,85710,1.752
1789652513.1198761,85720,0,85720,1.752
1789652513.1535542,85730,0,85730,1.751
1789652513.1676736,85740,0,85740,1.751
1789652513.18481,85750,0,85750,1.751
1789652513.195411,85760,0,85760,1.751
1789652513.205549,85770,0,85770,1.751
1789652513.21421,85780,0,85780,1.75
1789652513.2258604,85790,0,85790,1.75
1789652513.2397578,85800,0,85800,1.75
1789652513.2572768,85810,0,85810,1.75
1789652513.2680047,85820,0,85820,1.75
1789652513.2762568,85830,0,85830,1.749
1789652513.2860632,85840,0,85840,1.749
1789652513.2947881,85850,0,85850,1.749
1789652513.3050747,85860,0,85860,1.749
1789652513.3148882,85870,0,85870,1.749
1789652513.324915,85880,0,85880,1.748
1789652513.3346055,85890,0,85890,1.748
1789652513.3432276,85900,0,85900,1.748
1789652513.369091,85910,0,85910,1.748
1789652513.3785763,85920,0,85920,1.748
1789652513.386424,85930,0,85930,1.747
1789652513.3953383,85940,0,85940,1.747
1789652513.4036024,85950,0,85950,1.747
1789652513.414183,85960,0,85960,1.747
1789652513.42643,85970,0,85970,1.747
1789652513.43765,85980,0,85980,1.746
1789652513.4468515,85990,0,85990,1.746
1789652513.461794,86000,0,86000,1.746
1789652513.4860654,86010,0,86010,1.746
1789652513.5034425,86020,0,86020,1.745
1789652513.5146108,86030,0,86030,1.745
1789652513.5236707,86040,0,86040,1.745
1789652513.532481,86050,0,86050,1.745
1789652513.5405405,86060,0,86060,1.745
1789652513.5492132,86070,0,86070,1.744
1789652513.5591605,86080,0,86080,1.744
1789652513.5810857,86090,0,86090,1.744
1789652513.5955653,86100,0,86100,1.744
1789652513.6062913,86110,0,86110,1.744
1789652513.6414268,86120,0,86120,1.743
1789652513.655203,86130,0,86130,1.743
1789652513.6671078,86140,0,86140,1.743
1789652513.6844094,86150,0,86150,1.743
1789652513.7060177,86160,0,86160,1.743
1789652513.7181938,86170,0,86170,1.742
1789652513.7303262,86180,0,86180,1.742
1789652513.7540014,86190,0,86190,1.742
1789652513.7638612,86200,0,86200,1.742
1789652513.7730873,86210,0,86210,1.742
1789652513.785384,86220,0,86220,1.741
1789652513.8040824,86230,0,86230,1.741
1789652513.8179998,86240,0,86240,1.741
1789652513.8244202,86250,0,86250,1.741
1789652513.8304873,86260,0,86260,1.741
1789652513.8357966,86270,0,86270,1.741
1789652513.8411763,86280,0,86280,1.741
1789652513.8479912,86290,0,86290,1.741
1789652513.8543549,86300,0,86300,1.741
1789652513.8694758,86310,0,86310,1.741
1789652513.8892958,86320,0,86320,1.741
1789652513.8985112,86330,0,86330,1.742
1789652513.9094658,86340,0,86340,1.742
1789652513.9207418,86350,0,86350,1.742
1789652513.9328763,86360,0,86360,1.742
1789652513.9425285,86370,0,86370,1.742
1789652513.9500132,86380,0,86380,1.742
1789652513.9575005,86390,0,86390,1.742
1789652513.9646707,86400,0,86400,1.742
1789652513.97464,86410,0,86410,1.742
1789652513.9862664,86420,0,86420,1.742
1789652513.9921815,86430,0,86430,1.742
1789652513.9986153,86440,0,86440,1.742
1789652514.0044162,86450,0,86450,1.742
1789652514.0225117,86460,0,86460,1.742
1789652514.0287285,86470,0,86470,1.742
1789652514.0346742,86480,0,86480,1.742
1789652514.0412686,86490,0,86490,1.742
1789652514.047282,86500,0,86500,1.742
1789652514.0535688,86510,0,86510,1.742
1789652514.0595717,86520,0,86520,1.742
1789652514.068228,86530,0,86530,1.742
1789652514.077751,86540,0,86540,1.742
1789652514.0854287,86550,0,86550,1.742
1789652514.090944,86560,0,86560,1.742
1789652514.0968173,86570,0,86570,1.743
1789652514.102513,86580,0,86580,1.743
1789652514.1085005,86590,0,86590,1.743
1789652514.1150236,86600,0,86600,1.743
1789652514.1219735,86610,0,86610,1.743
1789652514.1397,86620,0,86620,1.743
1789652514.1485615,86630,0,86630,1.743
1789652514.1546626,86640,0,86640,1.743
1789652514.1629806,86650,0,86650,1.743
1789652514.1741583,86660,0,86660,1.743
1789652514.180111,86670,0,86670,1.743
1789652514.1863391,86680,0,86680,1.743
1789652514.1940844,86690,0,86690,1.743
1789652514.200615,86700,0,86700,1.743
1789652514.2084572,86710,0,86710,1.743
1789652514.21448,86720,0,86720,1.743
1789652514.2236328,86730,0,86730,1.743
1789652514.2299082,86740,0,86740,1.743
1789652514.237054,86750,0,86750,1.743
1789652514.2432542,86760,0,86760,1.744
1789652514.2489984,86770,0,86770,1.744
1789652514.2554982,86780,0,86780,1.744
1789652514.2617347,86790,0,86790,1.744
1789652514.268393,86800,0,86800,1.744
1789652514.2744222,86810,0,86810,1.744
1789652514.280483,86820,0,86820,1.744
1789652514.2885036,86830,0,86830,1.744
1789652514.2962337,86840,0,86840,1.744
1789652514.3122113,86850,0,86850,1.744
1789652514.3229141,86860,0,86860,1.744
1789652514.3339617,86870,0,86870,1.744
1789652514.3576276,86880,0,86880,1.744
1789652514.3776076,86890,0,86890,1.744
1789652514.3880289,86900,0,86900,1.744
1789652514.3965654,86910,0,86910,1.744
1789652514.4045753,86920,0,86920,1.744
1789652514.4128923,86930,0,86930,1.745
1789652514.4222636,86940,0,86940,1.745
1789652514.4334357,86950,0,86950,1.745
1789652514.4543037,86960,0,86960,1.745
1789652514.471338,86970,0,86970,1.745
1789652514.4837432,86980,0,86980,1.745
1789652514.4929106,86990,0,86990,1.745
1789652514.5021706,87000,0,87000,1.745
1789652514.513052,87010,0,87010,1.745
1789652514.5275505,87020,0,87020,1.745
1789652514.5382195,87030,0,87030,1.745
1789652514.5515401,87040,0,87040,1.745
1789652514.5620012,87050,0,87050,1.745
1789652514.5709553,87060,0,87060,1.746
1789652514.58204,87070,0,87070,1.746
1789652514.5949829,87080,0,87080,1.746
1789652514.6074278,87090,0,87090,1.746
1789652514.6173337,87100,0,87100,1.746
1789652514.628184,87110,0,87110,1.746
1789652514.636094,87120,0,87120,1.746
1789652514.6465058,87130,0,87130,1.746
1789652514.6568124,87140,0,87140,1.746
1789652514.667593,87150,0,87150,1.746
1789652514.6776795,87160,0,87160,1.746
1789652514.6884623,87170,0,87170,1.747
1789652514.7005837,87180,0,87180,1.747
1789652514.7103662,87190,0,87190,1.747
1789652514.7248828,87200,0,87200,1.747
1789652514.7338376,87210,0,87210,1.747
1789652514.7481966,87220,0,87220,1.747
1789652514.754691,87230,0,87230,1.747
1789652514.7615678,87240,0,87240,1.747
1789652514.7707677,87250,0,87250,1.747
1789652514.785169,87260,0,87260,1.747
1789652514.7927232,87270,0,87270,1.747
1789652514.8036892,87280,0,87280,1.748
1789652514.8171241,87290,0,87290,1.748
1789652514.8245947,87300,0,87300,1.748
1789652514.8341246,87310,0,87310,1.748
1789652514.8430314,87320,0,87320,1.748
1789652514.852402,87330,0,87330,1.748
1789652514.863011,87340,0,87340,1.748
1789652514.8751345,87350,0,87350,1.748
1789652514.8842332,87360,0,87360,1.748
1789652514.8926232,87370,0,87370,1.748
1789652514.90196,87380,0,87380,1.749
1789652514.9123833,87390,0,87390,1.749
1789652514.9197474,87400,0,87400,1.749
1789652514.935476,87410,0,87410,1.749
1789652514.9651387,87420,0,87420,1.749
1789652514.9759352,87430,0,87430,1.749
1789652514.9862568,87440,0,87440,1.749
1789652514.9947941,87450,0,87450,1.749
1789652515.0070257,87460,0,87460,1.749
1789652515.014644,87470,0,87470,1.75
1789652515.021448,87480,0,87480,1.75
1789652515.029209,87490,0,87490,1.75
1789652515.03648,87500,0,87500,1.75
1789652515.0430613,87510,0,87510,1.75
1789652515.051214,87520,0,87520,1.75
1789652515.0613222,87530,0,87530,1.75
1789652515.0691361,87540,0,87540,1.75
1789652515.0827887,87550,0,87550,1.75
1789652515.0897756,87560,0,87560,1.751
1789652515.101336,87570,0,87570,1.751
1789652515.1102169,87580,0,87580,1.751
1789652515.1187713,87590,0,87590,1.751
1789652515.131235,87600,0,87600,1.751
1789652515.139215,87610,0,87610,1.751
1789652515.147098,87620,0,87620,1.751
1789652515.1530628,87630,0,87630,1.751
1789652515.1597223,87640,0,87640,1.752
1789652515.1659744,87650,0,87650,1.752
1789652515.1722665,87660,0,87660,1.752
1789652515.1803482,87670,0,87670,1.752
1789652515.1894956,87680,0,87680,1.752
1789652515.2022092,87690,0,87690,1.752
1789652515.2144248,87700,0,87700,1.752
1789652515.2296896,87710,0,87710,1.752
1789652515.2435198,87720,0,87720,1.753
1789652515.2604053,87730,0,87730,1.753
1789652515.2756114,87740,0,87740,1.753
1789652515.2945468,87750,0,87750,1.753
1789652515.3052697,87760,0,87760,1.753
1789652515.3164036,87770,0,87770,1.753
1789652515.3236685,87780,0,87780,1.753
1789652515.3367698,87790,0,87790,1.753
1789652515.3472486,87800,0,87800,1.754
1789652515.3572412,87810,0,87810,1.754
1789652515.367067,87820,0,87820,1.754
1789652515.3777452,87830,0,87830,1.754
1789652515.3858562,87840,0,87840,1.754
1789652515.3931541,87850,0,87850,1.754
1789652515.39962,87860,0,87860,1.754
1789652515.4059458,87870,0,87870,1.755
1789652515.4190347,87880,0,87880,1.755
1789652515.4296193,87890,0,87890,1.755
1789652515.4383178,87900,0,87900,1.755
1789652515.4478993,87910,0,87910,1.755
1789652515.457035,87920,0,87920,1.755
1789652515.4662876,87930,0,87930,1.756
1789652515.4802082,87940,0,87940,1.756
1789652515.492849,87950,0,87950,1.756
1789652515.5020452,87960,0,87960,1.756
1789652515.5082817,87970,0,87970,1.756
1789652515.5143924,87980,0,87980,1.756
1789652515.5209305,87990,0,87990,1.756
1789652515.5264661,88000,0,88000,1.757
1789652515.5330033,88010,0,88010,1.757
1789652515.5419238,88020,0,88020,1.757
1789652515.5508988,88030,0,88030,1.757
1789652515.5582128,88040,0,88040,1.757
1789652515.5718186,88050,0,88050,1.757
1789652515.585366,88060,0,88060,1.758
1789652515.596323,88070,0,88070,1.758
1789652515.606642,88080,0,88080,1.758
1789652515.6559622,88090,0,88090,1.758
1789652515.6741042,88100,0,88100,1.758
1789652515.6942608,88110,0,88110,1.758
1789652515.7035842,88120,0,88120,1.759
1789652515.7096994,88130,0,88130,1.759
1789652515.715616,88140,0,88140,1.759
1789652515.724179,88150,0,88150,1.759
1789652515.7330534,88160,0,88160,1.759
1789652515.741784,88170,0,88170,1.759
1789652515.7482743,88180,0,88180,1.76
1789652515.755253,88190,0,88190,1.76
1789652515.76171,88200,0,88200,1.76
1789652515.7683222,88210,0,88210,1.76
1789652515.7743418,88220,0,88220,1.76
1789652515.781044,88230,0,88230,1.76
1789652515.7881799,88240,0,88240,1.761
1789652515.7994025,88250,0,88250,1.761
1789652515.8138957,88260,0,88260,1.761
1789652515.826591,88270,0,88270,1.761
1789652515.840338,88280,0,88280,1.761
1789652515.8490171,88290,0,88290,1.761
1789652515.8596466,88300,0,88300,1.762
1789652515.8727,88310,0,88310,1.762
1789652515.8805141,88320,0,88320,1.762
1789652515.8867512,88330,0,88330,1.762
1789652515.8944364,88340,0,88340,1.762
1789652515.9016857,88350,0,88350,1.762
1789652515.9109251,88360,0,88360,1.763
1789652515.917499,88370,0,88370,1.763
1789652515.9251168,88380,0,88380,1.763
1789652515.9342575,88390,0,88390,1.763
1789652515.9425435,88400,0,88400,1.763
1789652515.9509695,88410,0,88410,1.764
1789652515.9791493,88420,0,88420,1.764
1789652515.9928913,88430,0,88430,1.764
1789652516.0124085,88440,0,88440,1.764
1789652516.0294483,88450,0,88450,1.764
1789652516.0403852,88460,0,88460,1.764
1789652516.0500429,88470,0,88470,1.765
1789652516.0578864,88480,0,88480,1.765
1789652516.066724,88490,0,88490,1.765
1789652516.0755022,88500,0,88500,1.765
1789652516.0858638,88510,0,88510,1.765
1789652516.0964718,88520,0,88520,1.766
1789652516.107137,88530,0,88530,1.766
1789652516.1226594,88540,0,88540,1.766
1789652516.1339712,88550,0,88550,1.766
1789652516.1412237,88560,0,88560,1.766
1789652516.158787,88570,0,88570,1.766
1789652516.166579,88580,0,88580,1.767
1789652516.1747608,88590,0,88590,1.767
1789652516.1825547,88600,0,88600,1.767
1789652516.1895185,88610,0,88610,1.767
1789652516.1986206,88620,0,88620,1.767
1789652516.2052279,88630,0,88630,1.768
1789652516.21125,88640,0,88640,1.768
1789652516.2171767,88650,0,88650,1.768
1789652516.223943,88660,0,88660,1.768
1789652516.23039,88670,0,88670,1.768
1789652516.2383497,88680,0,88680,1.769
1789652516.2455487,88690,0,88690,1.769
1789652516.2547653,88700,0,88700,1.769
1789652516.2627525,88710,0,88710,1.769
1789652516.27042,88720,0,88720,1.769
1789652516.2806323,88730,0,88730,1.77
1789652516.287479,88740,0,88740,1.77
1789652516.2933645,88750,0,88750,1.77
1789652516.300812,88760,0,88760,1.77
1789652516.307486,88770,0,88770,1.77
1789652516.3146467,88780,0,88780,1.771
1789652516.3207343,88790,0,88790,1.771
1789652516.3309422,88800,0,88800,1.771
1789652516.3385715,88810,0,88810,1.771
1789652516.3486292,88820,0,88820,1.771
1789652516.3611934,88830,0,88830,1.772
1789652516.3708844,88840,0,88840,1.772
1789652516.3831892,88850,0,88850,1.772
1789652516.3999572,88860,0,88860,1.772
1789652516.4120991,88870,0,88870,1.772
1789652516.4258718,88880,0,88880,1.773
1789652516.4357362,88890,0,88890,1.773
1789652516.4467275,88900,0,88900,1.773
1789652516.456124,88910,0,88910,1.773
1789652516.4638546,88920,0,88920,1.773
1789652516.4724545,88930,0,88930,1.774
1789652516.4815924,88940,0,88940,1.774
1789652516.495761,88950,0,88950,1.774
1789652516.5053709,88960,0,88960,1.774
1789652516.5155725,88970,0,88970,1.774
1789652516.5243196,88980,0,88980,1.775
1789652516.5327027,88990,0,88990,1.775
1789652516.5495481,89000,0,89000,1.775
1789652516.5563407,89010,0,89010,1.775
1789652516.5666611,89020,0,89020,1.776
1789652516.5801795,89030,0,89030,1.776
1789652516.5909731,89040,0,89040,1.776
1789652516.6002514,89050,0,89050,1.776
1789652516.6063752,89060,0,89060,1.776
1789652516.6130009,89070,0,89070,1.777
1789652516.6197255,89080,0,89080,1.777
1789652516.6287198,89090,0,89090,1.777
1789652516.637249,89100,0,89100,1.777
1789652516.6472347,89110,0,89110,1.777
1789652516.6569295,89120,0,89120,1.778
1789652516.666734,89130,0,89130,1.778
1789652516.6752913,89140,0,89140,1.778
1789652516.6814737,89150,0,89150,1.778
1789652516.6897445,89160,0,89160,1.778
1789652516.6993752,89170,0,89170,1.779
1789652516.7080214,89180,0,89180,1.779
1789652516.720663,89190,0,89190,1.779
1789652516.7390199,89200,0,89200,1.779
1789652516.749473,89210,0,89210,1.78
1789652516.759943,89220,0,89220,1.78
1789652516.7672231,89230,0,89230,1.78
1789652516.773304,89240,0,89240,1.78
1789652516.7797928,89250,0,89250,1.78
1789652516.7913585,89260,0,89260,1.781
1789652516.8027048,89270,0,89270,1.781
1789652516.809807,89280,0,89280,1.781
1789652516.8170788,89290,0,89290,1.781
1789652516.8245897,89300,0,89300,1.781
1789652516.832912,89310,0,89310,1.782
1789652516.8385963,89320,0,89320,1.782
1789652516.84538,89330,0,89330,1.782
1789652516.851593,89340,0,89340,1.782
1789652516.8580818,89350,0,89350,1.783
1789652516.865973,89360,0,89360,1.783
1789652516.8753846,89370,0,89370,1.783
1789652516.885329,89380,0,89380,1.783
1789652516.9086823,89390,0,89390,1.783
1789652516.925203,89400,0,89400,1.784
1789652516.943282,89410,0,89410,1.784
1789652516.960626,89420,0,89420,1.784
1789652516.980381,89430,0,89430,1.784
1789652516.9911616,89440,0,89440,1.785
1789652517.0004032,89450,0,89450,1.785
1789652517.0217452,89460,0,89460,1.785
1789652517.0340173,89470,0,89470,1.785
1789652517.0415998,89480,0,89480,1.786
1789652517.0509424,89490,0,89490,1.786
1789652517.0614355,89500,0,89500,1.786
1789652517.069228,89510,0,89510,1.786
1789652517.0779018,89520,0,89520,1.787
1789652517.0913022,89530,0,89530,1.787
1789652517.1022909,89540,0,89540,1.787
1789652517.1115534,89550,0,89550,1.787
1789652517.1196923,89560,0,89560,1.787
1789652517.1260297,89570,0,89570,1.788
1789652517.1321547,89580,0,89580,1.788
1789652517.1377115,89590,0,89590,1.788
1789652517.1447537,89600,0,89600,1.788
1789652517.1510172,89610,0,89610,1.789
1789652517.1580596,89620,0,89620,1.789
1789652517.164726,89630,0,89630,1.789
1789652517.1713853,89640,0,89640,1.789
1789652517.1778288,89650,0,89650,1.79
1789652517.1873155,89660,0,89660,1.79
1789652517.1949496,89670,0,89670,1.79
1789652517.20192,89680,0,89680,1.79
1789652517.2107015,89690,0,89690,1.791
1789652517.217108,89700,0,89700,1.791
1789652517.224683,89710,0,89710,1.791
1789652517.2381406,89720,0,89720,1.791
1789652517.2477944,89730,0,89730,1.792
1789652517.257385,89740,0,89740,1.792
1789652517.2686856,89750,0,89750,1.792
1789652517.2899709,89760,0,89760,1.792
1789652517.2960963,89770,0,89770,1.791
1789652517.3026814,89780,0,89780,1.791
1789652517.3088481,89790,0,89790,1.791
1789652517.3154128,89800,0,89800,1.791
1789652517.3221605,89810,0,89810,1.791
1789652517.3287165,89820,0,89820,1.79
1789652517.336221,89830,0,89830,1.79
1789652517.3487947,89840,0,89840,1.79
1789652517.356601,89850,0,89850,1.79
1789652517.3643866,89860,0,89860,1.79
1789652517.3742797,89870,0,89870,1.789
1789652517.3825722,89880,0,89880,1.789
1789652517.398176,89890,0,89890,1.789
1789652517.4063957,89900,0,89900,1.789
1789652517.4159033,89910,0,89910,1.789
1789652517.4242265,89920,0,89920,1.788
1789652517.4309075,89930,0,89930,1.788
1789652517.4403675,89940,0,89940,1.788
1789652517.452545,89950,0,89950,1.788
1789652517.4653046,89960,0,89960,1.788
1789652517.4769652,89970,0,89970,1.787
1789652517.4883037,89980,0,89980,1.787
1789652517.499644,89990,0,89990,1.787
1789652517.5307403,90000,0,90000,1.787
1789652517.542265,90010,0,90010,1.787
1789652517.5528677,90020,0,90020,1.786
1789652517.5652995,90030,0,90030,1.786
1789652517.5783918,90040,0,90040,1.786
1789652517.5916624,90050,0,90050,1.786
1789652517.6046374,90060,0,90060,1.786
1789652517.6163776,90070,0,90070,1.786
1789652517.6399424,90080,0,90080,1.785
1789652517.6491437,90090,0,90090,1.785
1789652517.6590855,90100,0,90100,1.785
1789652517.668049,90110,0,90110,1.785
1789652517.6800227,90120,0,90120,1.785
1789652517.6892443,90130,0,90130,1.784
1789652517.697276,90140,0,90140,1.784
1789652517.705648,90150,0,90150,1.784
1789652517.7137668,90160,0,90160,1.784
1789652517.7220788,90170,0,90170,1.784
1789652517.7301245,90180,0,90180,1.783
1789652517.7507956,90190,0,90190,1.783
1789652517.7600608,90200,0,90200,1.783
1789652517.7700095,90210,0,90210,1.783
1789652517.7823095,90220,0,90220,1.783
1789652517.7916315,90230,0,90230,1.782
1789652517.801844,90240,0,90240,1.782
1789652517.8100593,90250,0,90250,1.782
1789652517.8240721,90260,0,90260,1.782
1789652517.834578,90270,0,90270,1.782
1789652517.8500142,90280,0,90280,1.781
1789652517.8663805,90290,0,90290,1.781
1789652517.874697,90300,0,90300,1.781
1789652517.8893778,90310,0,90310,1.781
1789652517.8982856,90320,0,90320,1.781
1789652517.9087467,90330,0,90330,1.78
1789652517.9182084,90340,0,90340,1.78
1789652517.9282458,90350,0,90350,1.78
1789652517.9386013,90360,0,90360,1.78
1789652517.9479487,90370,0,90370,1.78
1789652517.9586859,90380,0,90380,1.779
1789652517.9797323,90390,0,90390,1.779
1789652517.99448,90400,0,90400,1.779
1789652518.0071173,90410,0,90410,1.779
1789652518.0180893,90420,0,90420,1.779
1789652518.026628,90430,0,90430,1.778
1789652518.0346036,90440,0,90440,1.778
1789652518.044268,90450,0,90450,1.778
1789652518.0534537,90460,0,90460,1.778
1789652518.0611138,90470,0,90470,1.778
1789652518.091414,90480,0,90480,1.777
1789652518.1105924,90490,0,90490,1.777
1789652518.123649,90500,0,90500,1.777
1789652518.1382458,90510,0,90510,1.777
1789652518.1497743,90520,0,90520,1.777
1789652518.1623745,90530,0,90530,1.776
1789652518.1748168,90540,0,90540,1.776
1789652518.1902778,90550,0,90550,1.776
1789652518.2155259,90560,0,90560,1.776
1789652518.23123,90570,0,90570,1.776
1789652518.241781,90580,0,90580,1.775
1789652518.2517154,90590,0,90590,1.775
1789652518.2606156,90600,0,90600,1.775
1789652518.2705567,90610,0,90610,1.775
1789652518.2802584,90620,0,90620,1.775
1789652518.2942722,90630,0,90630,1.774
1789652518.304992,90640,0,90640,1.774
1789652518.3205976,90650,0,90650,1.774
1789652518.3341796,90660,0,90660,1.774
1789652518.3414755,90670,0,90670,1.774
1789652518.3506057,90680,0,90680,1.773
1789652518.3608294,90690,0,90690,1.773
1789652518.3685572,90700,0,90700,1.773
1789652518.3779068,90710,0,90710,1.773
1789652518.385981,90720,0,90720,1.773
1789652518.3992574,90730,0,90730,1.773
1789652518.4097807,90740,0,90740,1.772
1789652518.4182336,90750,0,90750,1.772
1789652518.4352298,90760,0,90760,1.772
1789652518.4481552,90770,0,90770,1.772
1789652518.4589925,90780,0,90780,1.772
1789652518.4684238,90790,0,90790,1.771
1789652518.4764214,90800,0,90800,1.771
1789652518.4848888,90810,0,90810,1.771
1789652518.494136,90820,0,90820,1.771
1789652518.5073287,90830,0,90830,1.771
1789652518.5175753,90840,0,90840,1.77
1789652518.5254776,90850,0,90850,1.77
1789652518.5346231,90860,0,90860,1.77
1789652518.5445406,90870,0,90870,1.77
1789652518.563794,90880,0,90880,1.77
1789652518.577594,90890,0,90890,1.769
1789652518.5908303,90900,0,90900,1.769
1789652518.600181,90910,0,90910,1.769
1789652518.6085875,90920,0,90920,1.769
1789652518.6180408,90930,0,90930,1.769
1789652518.6299598,90940,0,90940,1.768
1789652518.6379364,90950,0,90950,1.768
1789652518.647184,90960,0,90960,1.768
1789652518.655008,90970,0,90970,1.768
1789652518.6635895,90980,0,90980,1.768
1789652518.67254,90990,0,90990,1.767
1789652518.6803422,91000,0,91000,1.767
1789652518.705178,91010,0,91010,1.767
1789652518.7132282,91020,0,91020,1.767
1789652518.7223005,91030,0,91030,1.767
1789652518.7333229,91040,0,91040,1.766
1789652518.753638,91050,0,91050,1.766
1789652518.7673934,91060,0,91060,1.766
1789652518.7791352,91070,0,91070,1.766
1789652518.7995074,91080,0,91080,1.766
1789652518.8256812,91090,0,91090,1.766
1789652518.8465972,91100,0,91100,1.765
1789652518.8636127,91110,0,91110,1.765
1789652518.8803532,91120,0,91120,1.765
1789652518.8931904,91130,0,91130,1.765
1789652518.9065557,91140,0,91140,1.765
1789652518.9177344,91150,0,91150,1.764
1789652518.9350119,91160,0,91160,1.764
1789652518.9462402,91170,0,91170,1.764
1789652518.9582603,91180,0,91180,1.764
1789652518.9677773,91190,0,91190,1.764
1789652518.9771702,91200,0,91200,1.763
1789652518.9880695,91210,0,91210,1.763
1789652518.9974577,91220,0,91220,1.763
1789652519.0069532,91230,0,91230,1.763
1789652519.019079,91240,0,91240,1.763
1789652519.0325336,91250,0,91250,1.762
1789652519.052029,91260,0,91260,1.762
1789652519.0647142,91270,0,91270,1.762
1789652519.0758271,91280,0,91280,1.762
1789652519.084719,91290,0,91290,1.762
1789652519.0957973,91300,0,91300,1.761
1789652519.104365,91310,0,91310,1.761
1789652519.113231,91320,0,91320,1.761
1789652519.1216092,91330,0,91330,1.761
1789652519.1331003,91340,0,91340,1.761
1789652519.144536,91350,0,91350,1.76
1789652519.1733568,91360,0,91360,1.76
1789652519.1816416,91370,0,91370,1.76
1789652519.1914542,91380,0,91380,1.76
1789652519.1992798,91390,0,91390,1.76
1789652519.20872,91400,0,91400,1.76
1789652519.217576,91410,0,91410,1.759
1789652519.2260027,91420,0,91420,1.759
1789652519.2349877,91430,0,91430,1.759
1789652519.2433274,91440,0,91440,1.759
1789652519.2569134,91450,0,91450,1.759
1789652519.2668436,91460,0,91460,1.758
1789652519.278469,91470,0,91470,1.758
1789652519.2894292,91480,0,91480,1.758
1789652519.2941406,91490,0,91490,1.758
1789652519.2991788,91500,0,91500,1.758
1789652519.304221,91510,0,91510,1.758
1789652519.3094366,91520,0,91520,1.759
1789652519.3148816,91530,0,91530,1.759
1789652519.3196173,91540,0,91540,1.758
1789652519.3249865,91550,0,91550,1.758
1789652519.3332915,91560,0,91560,1.758
1789652519.3382096,91570,0,91570,1.758
1789652519.3432252,91580,0,91580,1.758
1789652519.349471,91590,0,91590,1.758
1789652519.3546417,91600,0,91600,1.758
1789652519.3604052,91610,0,91610,1.758
1789652519.3664691,91620,0,91620,1.758
1789652519.3718789,91630,0,91630,1.758
1789652519.3784628,91640,0,91640,1.758
1789652519.384654,91650,0,91650,1.758
1789652519.391551,91660,0,91660,1.758
1789652519.4002712,91670,0,91670,1.758
1789652519.409882,91680,0,91680,1.758
1789652519.4228394,91690,0,91690,1.758
1789652519.4298303,91700,0,91700,1.757
1789652519.435961,91710,0,91710,1.757
1789652519.4449039,91720,0,91720,1.757
1789652519.4552166,91730,0,91730,1.757
1789652519.4646719,91740,0,91740,1.757
1789652519.4727733,91750,0,91750,1.757
1789652519.4878223,91760,0,91760,1.757
1789652519.4951286,91770,0,91770,1.757
1789652519.5113232,91780,0,91780,1.756
1789652519.5221498,91790,0,91790,1.756
1789652519.5395613,91800,0,91800,1.756
1789652519.56264,91810,0,91810,1.756
1789652519.5722995,91820,0,91820,1.756
1789652519.5822475,91830,0,91830,1.756
1789652519.589822,91840,0,91840,1.755
1789652519.597557,91850,0,91850,1.755
1789652519.6048973,91860,0,91860,1.755
1789652519.6121125,91870,0,91870,1.755
1789652519.6194627,91880,0,91880,1.755
1789652519.628485,91890,0,91890,1.755
1789652519.6387422,91900,0,91900,1.754
1789652519.6530623,91910,0,91910,1.754
1789652519.6621885,91920,0,91920,1.754
1789652519.6704128,91930,0,91930,1.754
1789652519.703134,91940,0,91940,1.754
1789652519.712163,91950,0,91950,1.753
1789652519.7224944,91960,0,91960,1.753
1789652519.7313898,91970,0,91970,1.753
1789652519.7505908,91980,0,91980,1.753
1789652519.7675812,91990,0,91990,1.753
1789652519.7786067,92000,0,92000,1.752
1789652519.7899766,92010,0,92010,1.752
1789652519.8224797,92020,0,92020,1.752
1789652519.8318396,92030,0,92030,1.752
1789652519.8430727,92040,0,92040,1.752
1789652519.8527255,92050,0,92050,1.751
1789652519.8663135,92060,0,92060,1.751
1789652519.8795307,92070,0,92070,1.751
1789652519.8915656,92080,0,92080,1.751
1789652519.9012804,92090,0,92090,1.751
1789652519.910084,92100,0,92100,1.751
1789652519.919557,92110,0,92110,1.75
1789652519.9372458,92120,0,92120,1.75
1789652519.951136,92130,0,92130,1.75
1789652519.9630969,92140,0,92140,1.75
1789652519.974848,92150,0,92150,1.75
1789652519.9917262,92160,0,92160,1.749
1789652520.0057456,92170,0,92170,1.749
1789652520.0167282,92180,0,92180,1.749
1789652520.0338845,92190,0,92190,1.749
1789652520.0638044,92200,0,92200,1.749
1789652520.0880187,92210,0,92210,1.748
1789652520.1090324,92220,0,92220,1.748
1789652520.1201377,92230,0,92230,1.748
1789652520.1330833,92240,0,92240,1.748
1789652520.1437988,92250,0,92250,1.748
1789652520.155461,92260,0,92260,1.747
1789652520.183551,92270,0,92270,1.747
1789652520.192152,92280,0,92280,1.747
1789652520.2044373,92290,0,92290,1.747
1789652520.2155783,92300,0,92300,1.747
1789652520.2256944,92310,0,92310,1.747
1789652520.2362146,92320,0,92320,1.746
1789652520.2456946,92330,0,92330,1.746
1789652520.2555106,92340,0,92340,1.746
1789652520.264386,92350,0,92350,1.746
1789652520.2746074,92360,0,92360,1.746
1789652520.3094027,92370,0,92370,1.745
1789652520.3254414,92380,0,92380,1.745
1789652520.3476226,92390,0,92390,1.745
1789652520.3580172,92400,0,92400,1.745
1789652520.3708255,92410,0,92410,1.745
1789652520.3841078,92420,0,92420,1.744
1789652520.4055166,92430,0,92430,1.744
1789652520.442886,92440,0,92440,1.744
1789652520.455198,92450,0,92450,1.744
1789652520.466052,92460,0,92460,1.744
1789652520.4748974,92470,0,92470,1.744
1789652520.483375,92480,0,92480,1.743
1789652520.492916,92490,0,92490,1.743
1789652520.501763,92500,0,92500,1.743
1789652520.5117514,92510,0,92510,1.743
1789652520.5211704,92520,0,92520,1.743
1789652520.532368,92530,0,92530,1.742
1789652520.5553777,92540,0,92540,1.742
1789652520.5729609,92550,0,92550,1.742
1789652520.5832834,92560,0,92560,1.742
1789652520.5931332,92570,0,92570,1.742
1789652520.6026537,92580,0,92580,1.741
1789652520.6115003,92590,0,92590,1.741
1789652520.6194472,92600,0,92600,1.741
1789652520.6303737,92610,0,92610,1.741
1789652520.64716,92620,0,92620,1.741
1789652520.6593075,92630,0,92630,1.741
1789652520.6854813,92640,0,92640,1.74
1789652520.7102966,92650,0,92650,1.74
1789652520.7230344,92660,0,92660,1.74
1789652520.732657,92670,0,92670,1.74
1789652520.7478135,92680,0,92680,1.74
1789652520.7785604,92690,0,92690,1.739
1789652520.80074,92700,0,92700,1.739
1789652520.8264484,92710,0,92710,1.739
1789652520.8390868,92720,0,92720,1.739
1789652520.848524,92730,0,92730,1.739
1789652520.86115,92740,0,92740,1.738
1789652520.871625,92750,0,92750,1.738
1789652520.8810225,92760,0,92760,1.738
1789652520.8906858,92770,0,92770,1.738
1789652520.9061542,92780,0,92780,1.738
1789652520.917816,92790,0,92790,1.738
1789652520.9270186,92800,0,92800,1.737
1789652520.9357996,92810,0,92810,1.737
1789652520.956143,92820,0,92820,1.737
1789652520.966214,92830,0,92830,1.737
1789652520.9786878,92840,0,92840,1.737
1789652520.9896398,92850,0,92850,1.736
1789652520.9985561,92860,0,92860,1.736
1789652521.0114012,92870,0,92870,1.736
1789652521.022643,92880,0,92880,1.736
1789652521.031582,92890,0,92890,1.736
1789652521.0409622,92900,0,92900,1.735
1789652521.0591147,92910,0,92910,1.735
1789652521.0909908,92920,0,92920,1.735
1789652521.1034486,92930,0,92930,1.735
1789652521.1186862,92940,0,92940,1.735
1789652521.1340203,92950,0,92950,1.735
1789652521.1462836,92960,0,92960,1.734
1789652521.1573477,92970,0,92970,1.734
1789652521.1703897,92980,0,92980,1.734
1789652521.2119775,92990,0,92990,1.734
1789652521.2253747,93000,0,93000,1.734
1789652521.2395232,93010,0,93010,1.733
1789652521.2504044,93020,0,93020,1.733
1789652521.2601569,93030,0,93030,1.733
1789652521.269414,93040,0,93040,1.733
1789652521.2791839,93050,0,93050,1.733
1789652521.2878723,93060,0,93060,1.732
1789652521.2980666,93070,0,93070,1.732
1789652521.3062668,93080,0,93080,1.732
1789652521.3191547,93090,0,93090,1.732
1789652521.339751,93100,0,93100,1.732
1789652521.3603742,93110,0,93110,1.732
1789652521.370185,93120,0,93120,1.731
1789652521.3793352,93130,0,93130,1.731
1789652521.5907063,93140,0,93140,1.731
1789652521.6024528,93150,0,93150,1.731
1789652521.612926,93160,0,93160,1.731
1789652521.624089,93170,0,93170,1.731
1789652521.6345992,93180,0,93180,1.731
1789652521.643131,93190,0,93190,1.731
1789652521.6531713,93200,0,93200,1.731
1789652521.6650255,93210,0,93210,1.731
1789652521.6767836,93220,0,93220,1.731
1789652521.6856866,93230,0,93230,1.731
1789652521.69684,93240,0,93240,1.731
1789652521.7054086,93250,0,93250,1.731
1789652521.7151136,93260,0,93260,1.731
1789652521.7248764,93270,0,93270,1.731
1789652521.732926,93280,0,93280,1.731
1789652521.7462204,93290,0,93290,1.731
1789652521.758909,93300,0,93300,1.731
1789652521.7687461,93310,0,93310,1.731
1789652521.8008642,93320,0,93320,1.73
1789652521.8095226,93330,0,93330,1.73
1789652521.820922,93340,0,93340,1.73
1789652521.8299508,93350,0,93350,1.73
1789652521.835965,93360,0,93360,1.73
1789652521.842092,93370,0,93370,1.73
1789652521.8486187,93380,0,93380,1.73
1789652521.8550494,93390,0,93390,1.729
1789652521.8614094,93400,0,93400,1.729
1789652521.867976,93410,0,93410,1.729
1789652521.873788,93420,0,93420,1.729
1789652521.8810785,93430,0,93430,1.729
1789652521.888679,93440,0,93440,1.729
1789652521.89469,93450,0,93450,1.729
1789652521.90105,93460,0,93460,1.729
1789652521.9086263,93470,0,93470,1.728
1789652521.916729,93480,0,93480,1.728
1789652521.9252112,93490,0,93490,1.728
1789652521.933073,93500,0,93500,1.728
1789652521.940628,93510,0,93510,1.728
1789652521.953612,93520,0,93520,1.728
1789652521.9622076,93530,0,93530,1.728
1789652521.9723828,93540,0,93540,1.728
1789652521.9795754,93550,0,93550,1.727
1789652521.9875152,93560,0,93560,1.727
1789652521.9966614,93570,0,93570,1.727
1789652522.0068257,93580,0,93580,1.727
1789652522.0146053,93590,0,93590,1.727
1789652522.0223577,93600,0,93600,1.727
1789652522.033893,93610,0,93610,1.727
1789652522.046581,93620,0,93620,1.727
1789652522.0583882,93630,0,93630,1.726
1789652522.0724514,93640,0,93640,1.726
1789652522.0914853,93650,0,93650,1.726
1789652522.1104753,93660,0,93660,1.726
1789652522.119649,93670,0,93670,1.726
1789652522.1348078,93680,0,93680,1.726
1789652522.1533031,93690,0,93690,1.726
1789652522.1644516,93700,0,93700,1.726
1789652522.1753592,93710,0,93710,1.726
1789652522.1849892,93720,0,93720,1.725
1789652522.2000427,93730,0,93730,1.725
1789652522.2158654,93740,0,93740,1.725
1789652522.2356431,93750,0,93750,1.725
1789652522.2510834,93760,0,93760,1.725
1789652522.2632356,93770,0,93770,1.725
1789652522.2740114,93780,0,93780,1.725
1789652522.2828288,93790,0,93790,1.725
1789652522.2895052,93800,0,93800,1.725
1789652522.29563,93810,0,93810,1.725
1789652522.3023255,93820,0,93820,1.724
1789652522.3081295,93830,0,93830,1.724
1789652522.3142579,93840,0,93840,1.724
1789652522.320228,93850,0,93850,1.724
1789652522.3262303,93860,0,93860,1.724
1789652522.3339214,93870,0,93870,1.724
1789652522.3410084,93880,0,93880,1.724
1789652522.3486567,93890,0,93890,1.724
1789652522.3616636,93900,0,93900,1.724
1789652522.3706775,93910,0,93910,1.724
1789652522.3783422,93920,0,93920,1.724
1789652522.39318,93930,0,93930,1.724
1789652522.4143226,93940,0,93940,1.723
1789652522.4205725,93950,0,93950,1.723
1789652522.4313605,93960,0,93960,1.723
1789652522.4407432,93970,0,93970,1.723
1789652522.4469395,93980,0,93980,1.723
1789652522.4538534,93990,0,93990,1.723
1789652522.4619422,94000,0,94000,1.723
1789652522.4702604,94010,0,94010,1.723
1789652522.4764695,94020,0,94020,1.723
1789652522.4825096,94030,0,94030,1.723
1789652522.4899356,94040,0,94040,1.723
1789652522.4967175,94050,0,94050,1.723
1789652522.5056124,94060,0,94060,1.723
1789652522.5135148,94070,0,94070,1.722
1789652522.5208812,94080,0,94080,1.722
1789652522.5278764,94090,0,94090,1.722
1789652522.5346837,94100,0,94100,1.722
1789652522.5427947,94110,0,94110,1.722
1789652522.5519984,94120,0,94120,1.722
1789652522.5767589,94130,0,94130,1.722
1789652522.5855129,94140,0,94140,1.722
1789652522.5950198,94150,0,94150,1.722
1789652522.601415,94160,0,94160,1.722
1789652522.6112902,94170,0,94170,1.722
1789652522.6190915,94180,0,94180,1.722
1789652522.6260219,94190,0,94190,1.722
1789652522.6326919,94200,0,94200,1.722
1789652522.639264,94210,0,94210,1.721
1789652522.656092,94220,0,94220,1.721
1789652522.6649654,94230,0,94230,1.721
1789652522.6729352,94240,0,94240,1.721
1789652522.6830957,94250,0,94250,1.721
1789652522.701566,94260,0,94260,1.721
1789652522.7146225,94270,0,94270,1.721
1789652522.7255137,94280,0,94280,1.721
1789652522.745871,94290,0,94290,1.721
1789652522.760225,94300,0,94300,1.721
1789652522.7708657,94310,0,94310,1.721
1789652522.7846284,94320,0,94320,1.721
1789652522.7970977,94330,0,94330,1.721
1789652522.8094118,94340,0,94340,1.721
1789652522.817194,94350,0,94350,1.721
1789652522.8232083,94360,0,94360,1.721
1789652522.829843,94370,0,94370,1.721
1789652522.8359761,94380,0,94380,1.721
1789652522.849429,94390,0,94390,1.721
1789652522.8565533,94400,0,94400,1.721
1789652522.8643792,94410,0,94410,1.72
1789652522.8715289,94420,0,94420,1.72
1789652522.8787282,94430,0,94430,1.72
1789652522.8867567,94440,0,94440,1.72
1789652522.8954632,94450,0,94450,1.72
1789652522.908109,94460,0,94460,1.72
1789652522.919029,94470,0,94470,1.72
1789652522.928242,94480,0,94480,1.72
1789652522.9375224,94490,0,94490,1.72
1789652522.9465473,94500,0,94500,1.72
1789652522.9540784,94510,0,94510,1.72
1789652522.9646864,94520,0,94520,1.72
1789652522.9728642,94530,0,94530,1.72
1789652522.9789095,94540,0,94540,1.72
1789652522.9854424,94550,0,94550,1.72
1789652522.9934697,94560,0,94560,1.72
1789652523.0019045,94570,0,94570,1.72
1789652523.0082862,94580,0,94580,1.72
1789652523.0151973,94590,0,94590,1.72
1789652523.025297,94600,0,94600,1.72
1789652523.042588,94610,0,94610,1.72
1789652523.0610342,94620,0,94620,1.72
1789652523.109723,94630,0,94630,1.72
1789652523.1174972,94640,0,94640,1.72
1789652523.1254792,94650,0,94650,1.72
1789652523.132186,94660,0,94660,1.72
1789652523.1385064,94670,0,94670,1.72
1789652523.1474912,94680,0,94680,1.72
1789652523.1560926,94690,0,94690,1.72
1789652523.164092,94700,0,94700,1.72
1789652523.1753511,94710,0,94710,1.72
1789652523.1861317,94720,0,94720,1.72
1789652523.7574475,94730,0,94730,1.72
1789652523.7701473,94740,0,94740,1.719
1789652523.7797995,94750,0,94750,1.719
1789652523.7938175,94760,0,94760,1.719
1789652523.806147,94770,0,94770,1.719
1789652523.8281116,94780,0,94780,1.719
1789652523.853481,94790,0,94790,1.718
1789652523.8668523,94800,0,94800,1.718
1789652523.8811285,94810,0,94810,1.718
1789652523.8953924,94820,0,94820,1.718
1789652523.9035168,94830,0,94830,1.718
1789652523.917931,94840,0,94840,1.718
1789652523.9368675,94850,0,94850,1.717
1789652523.9616556,94860,0,94860,1.717
1789652523.9815674,94870,0,94870,1.717
1789652523.9968626,94880,0,94880,1.717
1789652524.014778,94890,0,94890,1.717
1789652524.0295541,94900,0,94900,1.716
1789652524.0399587,94910,0,94910,1.716
1789652524.0584464,94920,0,94920,1.716
1789652524.0739455,94930,0,94930,1.716
1789652524.097212,94940,0,94940,1.716
1789652524.1061053,94950,0,94950,1.716
1789652524.1166983,94960,0,94960,1.715
1789652524.130051,94970,0,94970,1.715
1789652524.1390362,94980,0,94980,1.715
1789652524.1489346,94990,0,94990,1.715
1789652524.1586611,95000,0,95000,1.715
1789652524.1671507,95010,0,95010,1.714
1789652524.1765044,95020,0,95020,1.714
1789652524.187224,95030,0,95030,1.714
1789652524.2085094,95040,0,95040,1.714
1789652524.220092,95050,0,95050,1.714
1789652524.2345855,95060,0,95060,1.714
1789652524.2450852,95070,0,95070,1.713
1789652524.2562084,95080,0,95080,1.713
1789652524.26656,95090,0,95090,1.713
1789652524.2752182,95100,0,95100,1.713
1789652524.284908,95110,0,95110,1.713
1789652524.2935596,95120,0,95120,1.712
1789652524.3023605,95130,0,95130,1.712
1789652524.3123724,95140,0,95140,1.712
1789652524.3285608,95150,0,95150,1.712
1789652524.3407352,95160,0,95160,1.712
1789652524.354623,95170,0,95170,1.712
1789652524.3653147,95180,0,95180,1.711
1789652524.3762567,95190,0,95190,1.711
1789652524.3856328,95200,0,95200,1.711
1789652524.3947597,95210,0,95210,1.711
1789652524.4046683,95220,0,95220,1.711
1789652524.4142516,95230,0,95230,1.71
1789652524.4235973,95240,0,95240,1.71
1789652524.4336445,95250,0,95250,1.71
1789652524.4546254,95260,0,95260,1.71
1789652524.4650142,95270,0,95270,1.71
1789652524.4761863,95280,0,95280,1.71
1789652524.4875262,95290,0,95290,1.709
1789652524.4972165,95300,0,95300,1.709
1789652524.507586,95310,0,95310,1.709
1789652524.516518,95320,0,95320,1.709
1789652524.5255125,95330,0,95330,1.709
1789652524.534492,95340,0,95340,1.709
1789652524.5417407,95350,0,95350,1.708
1789652524.566124,95360,0,95360,1.708
1789652524.5755157,95370,0,95370,1.708
1789652524.5885098,95380,0,95380,1.708
1789652524.6009662,95390,0,95390,1.708
1789652524.6144238,95400,0,95400,1.707
1789652524.6278107,95410,0,95410,1.707
1789652524.6387324,95420,0,95420,1.707
1789652524.6526203,95430,0,95430,1.707
1789652524.6830792,95440,0,95440,1.707
1789652524.6971323,95450,0,95450,1.707
1789652524.7098005,95460,0,95460,1.706
1789652524.7250085,95470,0,95470,1.706
1789652524.7430284,95480,0,95480,1.706
1789652524.7561038,95490,0,95490,1.706
1789652524.765318,95500,0,95500,1.706
1789652524.7748373,95510,0,95510,1.705
1789652524.7987256,95520,0,95520,1.705
1789652524.8184462,95530,0,95530,1.705
1789652524.8294106,95540,0,95540,1.705
1789652524.8407497,95550,0,95550,1.705
1789652524.8548088,95560,0,95560,1.705
1789652524.8745062,95570,0,95570,1.704
1789652524.8880804,95580,0,95580,1.704
1789652524.9056015,95590,0,95590,1.704
1789652524.9336588,95600,0,95600,1.704
1789652524.9456708,95610,0,95610,1.704
1789652524.95768,95620,0,95620,1.704
1789652524.9702845,95630,0,95630,1.703
1789652524.9834542,95640,0,95640,1.703
1789652524.997016,95650,0,95650,1.703
1789652525.0134668,95660,0,95660,1.703
1789652525.0274649,95670,0,95670,1.703
1789652525.0442593,95680,0,95680,1.702
1789652525.0561028,95690,0,95690,1.702
1789652525.0667229,95700,0,95700,1.702
1789652525.0751734,95710,0,95710,1.702
1789652525.0877917,95720,0,95720,1.702
1789652525.0997372,95730,0,95730,1.702
1789652525.1107678,95740,0,95740,1.701
1789652525.1256113,95750,0,95750,1.701
1789652525.1382513,95760,0,95760,1.701
1789652525.1587424,95770,0,95770,1.701
1789652525.1694973,95780,0,95780,1.701
1789652525.1791935,95790,0,95790,1.7
1789652525.188721,95800,0,95800,1.7
1789652525.1970565,95810,0,95810,1.7
1789652525.2033532,95820,0,95820,1.7
1789652525.2094612,95830,0,95830,1.7
1789652525.215228,95840,0,95840,1.7
1789652525.2220583,95850,0,95850,1.7
1789652525.229094,95860,0,95860,1.7
1789652525.236488,95870,0,95870,1.701
1789652525.24362,95880,0,95880,1.701
1789652525.2517316,95890,0,95890,1.701
1789652525.2600515,95900,0,95900,1.701
1789652525.2688296,95910,0,95910,1.701
1789652525.2801723,95920,0,95920,1.701
1789652525.2899742,95930,0,95930,1.701
1789652525.3029165,95940,0,95940,1.701
1789652525.3199077,95950,0,95950,1.701
1789652525.3270528,95960,0,95960,1.701
1789652525.3340993,95970,0,95970,1.701
1789652525.340097,95980,0,95980,1.701
1789652525.3465147,95990,0,95990,1.701
1789652525.3526368,96000,0,96000,1.701
1789652525.3585358,96010,0,96010,1.701
1789652525.3644445,96020,0,96020,1.701
1789652525.3693566,96030,0,96030,1.701
1789652525.374331,96040,0,96040,1.701
1789652525.379884,96050,0,96050,1.701
1789652525.3903427,96060,0,96060,1.701
1789652525.397654,96070,0,96070,1.701
1789652525.4051151,96080,0,96080,1.701
1789652525.4129539,96090,0,96090,1.701
1789652525.4214861,96100,0,96100,1.702
1789652525.434555,96110,0,96110,1.702
1789652525.4453473,96120,0,96120,1.702
1789652525.4524589,96130,0,96130,1.702
1789652525.4605048,96140,0,96140,1.702
1789652525.4657278,96150,0,96150,1.702
1789652525.4731643,96160,0,96160,1.702
1789652525.479771,96170,0,96170,1.702
1789652525.4864478,96180,0,96180,1.702
1789652525.4953406,96190,0,96190,1.702
1789652525.5025072,96200,0,96200,1.702
1789652525.5088954,96210,0,96210,1.702
1789652525.5150313,96220,0,96220,1.702
1789652525.5210557,96230,0,96230,1.702
1789652525.5265892,96240,0,96240,1.702
1789652525.5336978,96250,0,96250,1.702
1789652525.542068,96260,0,96260,1.702
1789652525.5521863,96270,0,96270,1.702
1789652525.561742,96280,0,96280,1.702
1789652525.5704143,96290,0,96290,1.703
1789652525.5956333,96300,0,96300,1.703
1789652525.6116538,96310,0,96310,1.703
1789652525.621157,96320,0,96320,1.703
1789652525.632638,96330,0,96330,1.703
1789652525.6433716,96340,0,96340,1.703
1789652525.6553829,96350,0,96350,1.703
1789652525.6780856,96360,0,96360,1.703
1789652525.6927416,96370,0,96370,1.703
1789652525.7007818,96380,0,96380,1.703
1789652525.7077,96390,0,96390,1.703
1789652525.7141914,96400,0,96400,1.703
1789652525.7217224,96410,0,96410,1.703
1789652525.7315292,96420,0,96420,1.703
1789652525.7438204,96430,0,96430,1.704
1789652525.751712,96440,0,96440,1.704
1789652525.7636402,96450,0,96450,1.704
1789652525.7771752,96460,0,96460,1.704
1789652525.7850482,96470,0,96470,1.704
1789652525.7914162,96480,0,96480,1.704
1789652525.798314,96490,0,96490,1.704
1789652525.8062754,96500,0,96500,1.704
1789652525.8150222,96510,0,96510,1.704
1789652525.8212597,96520,0,96520,1.704
1789652525.828586,96530,0,96530,1.704
1789652525.8376045,96540,0,96540,1.704
1789652525.84736,96550,0,96550,1.704
1789652525.8571107,96560,0,96560,1.705
1789652525.8674347,96570,0,96570,1.705
1789652525.876801,96580,0,96580,1.705
1789652525.8836465,96590,0,96590,1.705
1789652525.896794,96600,0,96600,1.705
1789652525.9093564,96610,0,96610,1.705
1789652525.9185224,96620,0,96620,1.705
1789652525.9271796,96630,0,96630,1.705
1789652525.937124,96640,0,96640,1.705
1789652525.9473367,96650,0,96650,1.705
1789652525.9570825,96660,0,96660,1.705
1789652525.9664185,96670,0,96670,1.706
1789652525.9758754,96680,0,96680,1.706
1789652525.9898355,96690,0,96690,1.706
1789652526.0008965,96700,0,96700,1.706
1789652526.014019,96710,0,96710,1.706
1789652526.0240066,96720,0,96720,1.706
1789652526.0353818,96730,0,96730,1.706
1789652526.0471084,96740,0,96740,1.706
1789652526.0655837,96750,0,96750,1.706
1789652526.0896468,96760,0,96760,1.706
1789652526.101285,96770,0,96770,1.707
1789652526.1123812,96780,0,96780,1.707
1789652526.1247115,96790,0,96790,1.707
1789652526.134409,96800,0,96800,1.707
1789652526.1499689,96810,0,96810,1.707
1789652526.1581802,96820,0,96820,1.707
1789652526.1644902,96830,0,96830,1.707
1789652526.1712685,96840,0,96840,1.707
1789652526.1773474,96850,0,96850,1.707
1789652526.1838696,96860,0,96860,1.707
1789652526.1908927,96870,0,96870,1.708
1789652526.197104,96880,0,96880,1.708
1789652526.2046862,96890,0,96890,1.708
1789652526.2118201,96900,0,96900,1.708
1789652526.2208886,96910,0,96910,1.708
1789652526.228929,96920,0,96920,1.708
1789652526.236905,96930,0,96930,1.708
1789652526.2473497,96940,0,96940,1.708
1789652526.2551396,96950,0,96950,1.708
1789652526.262192,96960,0,96960,1.709
1789652526.2781487,96970,0,96970,1.709
1789652526.2905183,96980,0,96980,1.709
1789652526.300198,96990,0,96990,1.709
1789652526.3069832,97000,0,97000,1.709
1789652526.3137074,97010,0,97010,1.709
1789652526.3246496,97020,0,97020,1.709
1789652526.3327541,97030,0,97030,1.709
1789652526.3401177,97040,0,97040,1.71
1789652526.3515604,97050,0,97050,1.71
1789652526.364665,97060,0,97060,1.71
1789652526.3729985,97070,0,97070,1.71
1789652526.3835766,97080,0,97080,1.71
1789652526.3934686,97090,0,97090,1.71
1789652526.403859,97100,0,97100,1.71
1789652526.4130487,97110,0,97110,1.71
1789652526.4285285,97120,0,97120,1.711
1789652526.4416945,97130,0,97130,1.711
1789652526.4507868,97140,0,97140,1.711
1789652526.459634,97150,0,97150,1.711
1789652526.4678614,97160,0,97160,1.711
1789652526.4769745,97170,0,97170,1.711
1789652526.488638,97180,0,97180,1.711
1789652526.5076685,97190,0,97190,1.712
1789652526.5232923,97200,0,97200,1.712
1789652526.5402992,97210,0,97210,1.712
1789652526.549519,97220,0,97220,1.712
1789652526.5588527,97230,0,97230,1.712
1789652526.5674117,97240,0,97240,1.712
1789652526.576952,97250,0,97250,1.712
1789652526.5832908,97260,0,97260,1.712
1789652526.5891855,97270,0,97270,1.713
1789652526.5965385,97280,0,97280,1.713
1789652526.6045973,97290,0,97290,1.713
1789652526.6128109,97300,0,97300,1.713
1789652526.6211865,97310,0,97310,1.713
1789652526.629379,97320,0,97320,1.713
1789652526.636173,97330,0,97330,1.714
1789652526.6440077,97340,0,97340,1.714
1789652526.6514487,97350,0,97350,1.714
1789652526.6614559,97360,0,97360,1.714
1789652526.6704874,97370,0,97370,1.714
1789652526.6800866,97380,0,97380,1.714
1789652526.69014,97390,0,97390,1.714
1789652526.697143,97400,0,97400,1.715
1789652526.7058616,97410,0,97410,1.715
1789652526.7204206,97420,0,97420,1.715
1789652526.7285569,97430,0,97430,1.715
1789652526.737799,97440,0,97440,1.715
1789652526.7486503,97450,0,97450,1.715
1789652526.758984,97460,0,97460,1.716
1789652526.7677667,97470,0,97470,1.716
1789652526.77379,97480,0,97480,1.716
1789652526.7806613,97490,0,97490,1.716
1789652526.7884588,97500,0,97500,1.716
1789652526.796096,97510,0,97510,1.716
1789652526.8044076,97520,0,97520,1.716
1789652526.8114054,97530,0,97530,1.717
1789652526.8205564,97540,0,97540,1.717
1789652526.8297577,97550,0,97550,1.717
1789652526.8386414,97560,0,97560,1.717
1789652526.8478127,97570,0,97570,1.717
1789652526.854254,97580,0,97580,1.717
1789652526.8615253,97590,0,97590,1.718
1789652526.8679094,97600,0,97600,1.718
1789652526.8790884,97610,0,97610,1.718
1789652526.88986,97620,0,97620,1.718
1789652526.9136412,97630,0,97630,1.718
1789652526.9369483,97640,0,97640,1.718
1789652526.9455378,97650,0,97650,1.719
1789652526.9538481,97660,0,97660,1.719
1789652526.9628475,97670,0,97670,1.719
1789652526.971341,97680,0,97680,1.719
1789652526.97924,97690,0,97690,1.719
1789652526.9880824,97700,0,97700,1.719
1789652527.0034816,97710,0,97710,1.72
1789652527.0147567,97720,0,97720,1.72
1789652527.0324268,97730,0,97730,1.72
1789652527.0406163,97740,0,97740,1.72
1789652527.0510557,97750,0,97750,1.72
1789652527.058992,97760,0,97760,1.721
1789652527.068473,97770,0,97770,1.721
1789652527.076892,97780,0,97780,1.721
1789652527.0882127,97790,0,97790,1.721
1789652527.0959244,97800,0,97800,1.721
1789652527.104554,97810,0,97810,1.722
1789652527.112606,97820,0,97820,1.722
1789652527.1208353,97830,0,97830,1.722
1789652527.130149,97840,0,97840,1.722
1789652527.1367264,97850,0,97850,1.722
1789652527.144609,97860,0,97860,1.722
1789652527.1575272,97870,0,97870,1.723
1789652527.1717315,97880,0,97880,1.723
1789652527.17995,97890,0,97890,1.723
1789652527.1881893,97900,0,97900,1.723
1789652527.19613,97910,0,97910,1.723
1789652527.2044613,97920,0,97920,1.724
1789652527.2108507,97930,0,97930,1.724
1789652527.2168968,97940,0,97940,1.724
1789652527.2238853,97950,0,97950,1.724
1789652527.230266,97960,0,97960,1.724
1789652527.237377,97970,0,97970,1.725
1789652527.2450867,97980,0,97980,1.725
1789652527.2522888,97990,0,97990,1.725
1789652527.2584183,98000,0,98000,1.725
1789652527.264912,98010,0,98010,1.725
1789652527.271744,98020,0,98020,1.726
1789652527.2789865,98030,0,98030,1.726
1789652527.289013,98040,0,98040,1.726
1789652527.2994137,98050,0,98050,1.726
1789652527.3149428,98060,0,98060,1.726
1789652527.3287225,98070,0,98070,1.727
1789652527.3358512,98080,0,98080,1.727
1789652527.3449173,98090,0,98090,1.727
1789652527.3551254,98100,0,98100,1.727
1789652527.3625674,98110,0,98110,1.727
1789652527.3716104,98120,0,98120,1.728
1789652527.377909,98130,0,98130,1.728
1789652527.38366,98140,0,98140,1.728
1789652527.3905764,98150,0,98150,1.728
1789652527.3987834,98160,0,98160,1.728
1789652527.4076777,98170,0,98170,1.729
1789652527.4212394,98180,0,98180,1.729
1789652527.4297292,98190,0,98190,1.729
1789652527.437808,98200,0,98200,1.729
1789652527.445902,98210,0,98210,1.729
1789652527.4527237,98220,0,98220,1.73
1789652527.4592876,98230,0,98230,1.73
1789652527.4672,98240,0,98240,1.73
1789652527.4819243,98250,0,98250,1.73
1789652527.4968898,98260,0,98260,1.731
1789652527.5290296,98270,0,98270,1.731
1789652527.5408926,98280,0,98280,1.731
1789652527.5519924,98290,0,98290,1.731
1789652527.5637288,98300,0,98300,1.731
1789652527.5711045,98310,0,98310,1.732
1789652527.584948,98320,0,98320,1.732
1789652527.5933762,98330,0,98330,1.732
1789652527.6018744,98340,0,98340,1.732
1789652527.619305,98350,0,98350,1.733
1789652527.626297,98360,0,98360,1.733
1789652527.6327522,98370,0,98370,1.733
1789652527.6402793,98380,0,98380,1.733
1789652527.6493485,98390,0,98390,1.733
1789652527.6589663,98400,0,98400,1.734
1789652527.6815403,98410,0,98410,1.734
1789652527.6986477,98420,0,98420,1.734
1789652527.7099204,98430,0,98430,1.734
1789652527.7185044,98440,0,98440,1.735
1789652527.726496,98450,0,98450,1.735
1789652527.7346852,98460,0,98460,1.735
1789652527.7437072,98470,0,98470,1.735
1789652527.7503095,98480,0,98480,1.736
1789652527.7562907,98490,0,98490,1.736
1789652527.7629323,98500,0,98500,1.736
1789652527.7690578,98510,0,98510,1.736
1789652527.776097,98520,0,98520,1.736
1789652527.7830417,98530,0,98530,1.737
1789652527.7912204,98540,0,98540,1.737
1789652527.8018203,98550,0,98550,1.737
1789652527.8103826,98560,0,98560,1.737
1789652527.8305812,98570,0,98570,1.738
1789652527.8413165,98580,0,98580,1.738
1789652527.8512452,98590,0,98590,1.738
1789652527.8592553,98600,0,98600,1.738
1789652527.86802,98610,0,98610,1.739
1789652527.8741524,98620,0,98620,1.739
1789652527.8804657,98630,0,98630,1.739
1789652527.887043,98640,0,98640,1.739
1789652527.89335,98650,0,98650,1.74
1789652527.9013546,98660,0,98660,1.74
1789652527.9090002,98670,0,98670,1.74
1789652527.9171853,98680,0,98680,1.74
1789652527.9237297,98690,0,98690,1.741
1789652527.9342768,98700,0,98700,1.741
1789652527.9442787,98710,0,98710,1.741
1789652527.9533672,98720,0,98720,1.741
1789652527.962035,98730,0,98730,1.741
1789652527.9683213,98740,0,98740,1.742
1789652527.9754517,98750,0,98750,1.742
1789652527.9882119,98760,0,98760,1.742
1789652527.9963074,98770,0,98770,1.742
1789652528.0058463,98780,0,98780,1.742
1789652528.014556,98790,0,98790,1.742
1789652528.0226088,98800,0,98800,1.743
1789652528.0298126,98810,0,98810,1.743
1789652528.0379674,98820,0,98820,1.743
1789652528.049603,98830,0,98830,1.743
1789652528.0677056,98840,0,98840,1.743
1789652528.0841818,98850,0,98850,1.743
1789652528.0980618,98860,0,98860,1.743
1789652528.1085124,98870,0,98870,1.744
1789652528.1189861,98880,0,98880,1.744
1789652528.131211,98890,0,98890,1.744
1789652528.1446493,98900,0,98900,1.744
1789652528.1565578,98910,0,98910,1.744
1789652528.1671872,98920,0,98920,1.743
1789652528.1767864,98930,0,98930,1.743
1789652528.21311,98940,0,98940,1.743
1789652528.2306402,98950,0,98950,1.743
1789652528.2464535,98960,0,98960,1.743
1789652528.2735918,98970,0,98970,1.742
1789652528.2960293,98980,0,98980,1.742
1789652528.3085086,98990,0,98990,1.742
1789652528.3430262,99000,0,99000,1.742
1789652528.353476,99010,0,99010,1.742
1789652528.3723013,99020,0,99020,1.742
1789652528.3937325,99030,0,99030,1.741
1789652528.4126036,99040,0,99040,1.741
1789652528.455948,99050,0,99050,1.741
1789652528.480838,99060,0,99060,1.741
1789652528.4994664,99070,0,99070,1.741
1789652528.5096855,99080,0,99080,1.741
1789652528.524223,99090,0,99090,1.74
1789652528.5413768,99100,0,99100,1.74
1789652528.5546033,99110,0,99110,1.74
1789652528.596741,99120,0,99120,1.74
1789652528.6163192,99130,0,99130,1.74
1789652528.6344492,99140,0,99140,1.739
1789652528.6449158,99150,0,99150,1.739
1789652528.6536078,99160,0,99160,1.739
1789652528.6712239,99170,0,99170,1.739
1789652528.7174625,99180,0,99180,1.739
1789652528.7374227,99190,0,99190,1.739
1789652528.7784405,99200,0,99200,1.738
1789652528.8408074,99210,0,99210,1.738
1789652528.8824148,99220,0,99220,1.738
1789652528.924093,99230,0,99230,1.738
1789652528.9673362,99240,0,99240,1.738
1789652529.0058703,99250,0,99250,1.738
1789652529.2131228,99260,0,99260,1.737
1789652529.2231164,99270,0,99270,1.737
1789652529.235919,99280,0,99280,1.737
1789652529.2540498,99290,0,99290,1.737
1789652529.2668104,99300,0,99300,1.737
1789652529.2788234,99310,0,99310,1.737
1789652529.3010647,99320,0,99320,1.736
1789652529.3284051,99330,0,99330,1.736
1789652529.3434932,99340,0,99340,1.736
1789652529.3600063,99350,0,99350,1.736
1789652529.374542,99360,0,99360,1.736
1789652529.3983078,99370,0,99370,1.735
1789652529.4332252,99380,0,99380,1.735
1789652529.485572,99390,0,99390,1.735
1789652529.5057976,99400,0,99400,1.735
1789652529.5258663,99410,0,99410,1.735
1789652529.5424926,99420,0,99420,1.735
1789652529.5529654,99430,0,99430,1.734
1789652529.5661426,99440,0,99440,1.734
1789652529.5795548,99450,0,99450,1.734
1789652529.5994043,99460,0,99460,1.734
1789652529.6085117,99470,0,99470,1.734
1789652529.6186864,99480,0,99480,1.734
1789652529.6299508,99490,0,99490,1.733
1789652529.6401832,99500,0,99500,1.733
1789652529.6541345,99510,0,99510,1.733
1789652529.6691308,99520,0,99520,1.733
1789652529.6855025,99530,0,99530,1.733
1789652529.700795,99540,0,99540,1.732
1789652529.7402055,99550,0,99550,1.732
1789652529.7611911,99560,0,99560,1.732
1789652529.7852004,99570,0,99570,1.732
1789652529.8050156,99580,0,99580,1.732
1789652529.8176773,99590,0,99590,1.732
1789652529.8269262,99600,0,99600,1.731
1789652529.8509243,99610,0,99610,1.731
1789652529.8618627,99620,0,99620,1.731
1789652529.8721206,99630,0,99630,1.731
1789652529.8841643,99640,0,99640,1.731
1789652529.8978548,99650,0,99650,1.731
1789652529.9100714,99660,0,99660,1.73
1789652529.9231513,99670,0,99670,1.73
1789652529.9361556,99680,0,99680,1.73
1789652529.9666765,99690,0,99690,1.73
1789652530.0009816,99700,0,99700,1.73
1789652530.0194023,99710,0,99710,1.73
1789652530.0320015,99720,0,99720,1.729
1789652530.0436327,99730,0,99730,1.729
1789652530.0559924,99740,0,99740,1.729
1789652530.069393,99750,0,99750,1.729
1789652530.0816581,99760,0,99760,1.729
1789652530.1091936,99770,0,99770,1.729
1789652530.1230729,99780,0,99780,1.728
1789652530.134733,99790,0,99790,1.728
1789652530.1421428,99800,0,99800,1.728
1789652530.1470768,99810,0,99810,1.728
1789652530.1518226,99820,0,99820,1.728
1789652530.1568158,99830,0,99830,1.728
1789652530.1637561,99840,0,99840,1.728
1789652530.1698577,99850,0,99850,1.728
1789652530.175076,99860,0,99860,1.728
1789652530.1800137,99870,0,99870,1.728
1789652530.1849675,99880,0,99880,1.728
1789652530.1912553,99890,0,99890,1.728
1789652530.1962812,99900,0,99900,1.728
1789652530.2018027,99910,0,99910,1.728
1789652530.2077346,99920,0,99920,1.728
1789652530.212707,99930,0,99930,1.728
1789652530.2178893,99940,0,99940,1.728
1789652530.2248077,99950,0,99950,1.729
1789652530.230959,99960,0,99960,1.729
1789652530.2460089,99970,0,99970,1.729
1789652530.255591,99980,0,99980,1.729
1789652530.2669444,99990,0,99990,1.729
1789652530.277566,100000,0,100000,1.729
1789652530.2879448,100010,0,100010,1.729
1789652530.29675,100020,0,100020,1.729
1789652530.308459,100030,0,100030,1.729
1789652530.3166084,100040,0,100040,1.729
1789652530.3233202,100050,0,100050,1.729
1789652530.3307424,100060,0,100060,1.729
1789652530.337489,100070,0,100070,1.729
1789652530.3462696,100080,0,100080,1.729
1789652530.3560708,100090,0,100090,1.729
1789652530.3666818,100100,0,100100,1.729
1789652530.3754866,100110,0,100110,1.729
1789652530.3866382,100120,0,100120,1.729
1789652530.3967373,100130,0,100130,1.729
1789652530.405865,100140,0,100140,1.729
1789652530.4142282,100150,0,100150,1.729
1789652530.421524,100160,0,100160,1.729
1789652530.4355564,100170,0,100170,1.729
1789652530.4445508,100180,0,100180,1.729
1789652530.4518867,100190,0,100190,1.729
1789652530.4604704,100200,0,100200,1.729
1789652530.469301,100210,0,100210,1.729
1789652530.4756386,100220,0,100220,1.729
1789652530.4846995,100230,0,100230,1.73
1789652530.495692,100240,0,100240,1.73
1789652530.5090778,100250,0,100250,1.73
1789652530.5193307,100260,0,100260,1.73
1789652530.5295696,100270,0,100270,1.73
1789652530.5356717,100280,0,100280,1.73
1789652530.5416682,100290,0,100290,1.73
1789652530.549752,100300,0,100300,1.73
1789652530.5577276,100310,0,100310,1.73
1789652530.565753,100320,0,100320,1.73
1789652530.5732045,100330,0,100330,1.73
1789652530.581795,100340,0,100340,1.73
1789652530.5897899,100350,0,100350,1.73
1789652530.5995326,100360,0,100360,1.73
1789652530.6090446,100370,0,100370,1.73
1789652530.618939,100380,0,100380,1.73
1789652530.6314669,100390,0,100390,1.73
1789652530.6542864,100400,0,100400,1.73
1789652530.6716387,100410,0,100410,1.73
1789652530.6834886,100420,0,100420,1.73
1789652530.6976066,100430,0,100430,1.731
1789652530.7083783,100440,0,100440,1.731
1789652530.7224736,100450,0,100450,1.731
1789652530.7322772,100460,0,100460,1.731
1789652530.7414627,100470,0,100470,1.731
1789652530.7548692,100480,0,100480,1.731
1789652530.767105,100490,0,100490,1.731
1789652530.776392,100500,0,100500,1.731
1789652530.7839844,100510,0,100510,1.731
1789652530.7941613,100520,0,100520,1.731
1789652530.8024666,100530,0,100530,1.731
1789652530.809674,100540,0,100540,1.731
1789652530.8176177,100550,0,100550,1.731
1789652530.827124,100560,0,100560,1.731
1789652530.8337262,100570,0,100570,1.731
1789652530.845605,100580,0,100580,1.731
1789652530.8523164,100590,0,100590,1.732
1789652530.8618395,100600,0,100600,1.732
1789652530.869541,100610,0,100610,1.732
1789652530.8825028,100620,0,100620,1.732
1789652530.8934317,100630,0,100630,1.732
1789652530.9031332,100640,0,100640,1.732
1789652530.9163253,100650,0,100650,1.732
1789652530.9228892,100660,0,100660,1.732
1789652530.9293776,100670,0,100670,1.732
1789652530.9373162,100680,0,100680,1.732
1789652530.9484055,100690,0,100690,1.732
1789652530.9552777,100700,0,100700,1.732
1789652530.962012,100710,0,100710,1.732
1789652530.968829,100720,0,100720,1.732
1789652530.9752274,100730,0,100730,1.733
1789652530.9823155,100740,0,100740,1.733
1789652530.9902668,100750,0,100750,1.733
1789652530.9998164,100760,0,100760,1.733
1789652531.0103958,100770,0,100770,1.733
1789652531.0186958,100780,0,100780,1.733
1789652531.0303762,100790,0,100790,1.733
1789652531.04621,100800,0,100800,1.733
1789652531.0563552,100810,0,100810,1.733
1789652531.0687058,100820,0,100820,1.733
1789652531.0845926,100830,0,100830,1.733
1789652531.0935738,100840,0,100840,1.733
1789652531.1065466,100850,0,100850,1.733
1789652531.1242154,100860,0,100860,1.734
1789652531.1367044,100870,0,100870,1.734
1789652531.148145,100880,0,100880,1.734
1789652531.1646068,100890,0,100890,1.734
1789652531.1726303,100900,0,100900,1.734
1789652531.1810336,100910,0,100910,1.734
1789652531.1914115,100920,0,100920,1.734
1789652531.2036386,100930,0,100930,1.734
1789652531.2119553,100940,0,100940,1.734
1789652531.2184021,100950,0,100950,1.734
1789652531.226089,100960,0,100960,1.734
1789652531.2323556,100970,0,100970,1.735
1789652531.239203,100980,0,100980,1.735
1789652531.2473552,100990,0,100990,1.735
1789652531.2570455,101000,0,101000,1.735
1789652531.2649832,101010,0,101010,1.735
1789652531.2833025,101020,0,101020,1.735
1789652531.2962902,101030,0,101030,1.735
1789652531.307872,101040,0,101040,1.735
1789652531.3196237,101050,0,101050,1.735
1789652531.3426907,101060,0,101060,1.735
1789652531.3575072,101070,0,101070,1.736
1789652531.36815,101080,0,101080,1.736
1789652531.3805637,101090,0,101090,1.736
1789652531.3907661,101100,0,101100,1.736
1789652531.3998337,101110,0,101110,1.736
1789652531.4092193,101120,0,101120,1.736
1789652531.4166176,101130,0,101130,1.736
1789652531.4266102,101140,0,101140,1.736
1789652531.4338295,101150,0,101150,1.736
1789652531.4406164,101160,0,101160,1.736
1789652531.448866,101170,0,101170,1.737
1789652531.4565198,101180,0,101180,1.737
1789652531.4638104,101190,0,101190,1.737
1789652531.4731917,101200,0,101200,1.737
1789652531.4822674,101210,0,101210,1.737
1789652531.4910989,101220,0,101220,1.737
1789652531.497983,101230,0,101230,1.737
1789652531.541366,101240,0,101240,1.737
1789652531.5527194,101250,0,101250,1.737
1789652531.566675,101260,0,101260,1.738
1789652531.5766444,101270,0,101270,1.738
1789652531.5866644,101280,0,101280,1.738
1789652531.5969481,101290,0,101290,1.738
1789652531.6049058,101300,0,101300,1.738
1789652531.6139894,101310,0,101310,1.738
1789652531.6234715,101320,0,101320,1.738
1789652531.641189,101330,0,101330,1.738
1789652531.6525822,101340,0,101340,1.739
1789652531.6719708,101350,0,101350,1.739
1789652531.6936455,101360,0,101360,1.739
1789652531.7048807,101370,0,101370,1.739
1789652531.7118492,101380,0,101380,1.739
1789652531.7180562,101390,0,101390,1.739
1789652531.7247946,101400,0,101400,1.739
1789652531.7313905,101410,0,101410,1.739
1789652531.7388773,101420,0,101420,1.74
1789652531.7451792,101430,0,101430,1.74
1789652531.7517426,101440,0,101440,1.74
1789652531.7580142,101450,0,101450,1.74
1789652531.7640827,101460,0,101460,1.74
1789652531.7715962,101470,0,101470,1.74
1789652531.7776656,101480,0,101480,1.74
1789652531.7850735,101490,0,101490,1.74
1789652531.7952633,101500,0,101500,1.741
1789652531.806574,101510,0,101510,1.741
1789652531.8167381,101520,0,101520,1.741
1789652531.8239586,101530,0,101530,1.741
1789652531.8306572,101540,0,101540,1.741
1789652531.8425803,101550,0,101550,1.741
1789652531.8505533,101560,0,101560,1.741
1789652531.8584285,101570,0,101570,1.741
1789652531.86567,101580,0,101580,1.742
1789652531.8746116,101590,0,101590,1.742
1789652531.8833637,101600,0,101600,1.742
1789652531.8893282,101610,0,101610,1.742
1789652531.8970776,101620,0,101620,1.742
1789652531.906776,101630,0,101630,1.742
1789652531.913603,101640,0,101640,1.742
1789652531.9265158,101650,0,101650,1.742
1789652531.9358816,101660,0,101660,1.743
1789652531.9429624,101670,0,101670,1.743
1789652531.9518845,101680,0,101680,1.743
1789652531.960867,101690,0,101690,1.743
1789652531.9690583,101700,0,101700,1.743
1789652531.9755745,101710,0,101710,1.743
1789652531.9818034,101720,0,101720,1.743
1789652531.988557,101730,0,101730,1.743
1789652531.9948897,101740,0,101740,1.744
1789652532.0031278,101750,0,101750,1.744
1789652532.0149355,101760,0,101760,1.744
1789652532.0360842,101770,0,101770,1.744
1789652532.045585,101780,0,101780,1.744
1789652532.0565295,101790,0,101790,1.744
1789652532.0712998,101800,0,101800,1.744
1789652532.0863538,101810,0,101810,1.744
1789652532.0968738,101820,0,101820,1.745
1789652532.1055267,101830,0,101830,1.745
1789652532.1190302,101840,0,101840,1.745
1789652532.130525,101850,0,101850,1.745
1789652532.1388927,101860,0,101860,1.745
1789652532.1558037,101870,0,101870,1.745
1789652532.1730616,101880,0,101880,1.745
1789652532.1836157,101890,0,101890,1.746
1789652532.1949246,101900,0,101900,1.746
1789652532.2037857,101910,0,101910,1.746
1789652532.2103002,101920,0,101920,1.746
1789652532.2165372,101930,0,101930,1.746
1789652532.224641,101940,0,101940,1.746
1789652532.231609,101950,0,101950,1.746
1789652532.239355,101960,0,101960,1.747
1789652532.2457488,101970,0,101970,1.747
1789652532.2529585,101980,0,101980,1.747
1789652532.260093,101990,0,101990,1.747
1789652532.266911,102000,0,102000,1.747
1789652532.2760477,102010,0,102010,1.747
1789652532.2852957,102020,0,102020,1.747
1789652532.2920516,102030,0,102030,1.748
1789652532.299816,102040,0,102040,1.748
1789652532.308044,102050,0,102050,1.748
1789652532.31523,102060,0,102060,1.748
1789652532.321893,102070,0,102070,1.748
1789652532.3285346,102080,0,102080,1.748
1789652532.3407068,102090,0,102090,1.749
1789652532.3526251,102100,0,102100,1.749
1789652532.3629062,102110,0,102110,1.749
1789652532.372278,102120,0,102120,1.749
1789652532.3793664,102130,0,102130,1.749
1789652532.3873506,102140,0,102140,1.749
1789652532.3965812,102150,0,102150,1.749
1789652532.4039392,102160,0,102160,1.75
1789652532.4116108,102170,0,102170,1.75
1789652532.418411,102180,0,102180,1.75
1789652532.4265525,102190,0,102190,1.75
1789652532.4336274,102200,0,102200,1.75
1789652532.4424262,102210,0,102210,1.75
1789652532.4524457,102220,0,102220,1.751
1789652532.461506,102230,0,102230,1.751
1789652532.4701862,102240,0,102240,1.751
1789652532.4862466,102250,0,102250,1.751
1789652532.4978158,102260,0,102260,1.751
1789652532.5047534,102270,0,102270,1.751
1789652532.5116313,102280,0,102280,1.752
1789652532.5177906,102290,0,102290,1.752
1789652532.524057,102300,0,102300,1.752
1789652532.5316966,102310,0,102310,1.752
1789652532.5386221,102320,0,102320,1.752
1789652532.545942,102330,0,102330,1.752
1789652532.5529356,102340,0,102340,1.753
1789652532.5601864,102350,0,102350,1.753
1789652532.568557,102360,0,102360,1.753
1789652532.5753653,102370,0,102370,1.753
1789652532.583237,102380,0,102380,1.753
1789652532.5937676,102390,0,102390,1.753
1789652532.6041644,102400,0,102400,1.754
1789652532.6187408,102410,0,102410,1.754
1789652532.6332588,102420,0,102420,1.754
1789652532.6644657,102430,0,102430,1.754
1789652532.6751108,102440,0,102440,1.754
1789652532.6836674,102450,0,102450,1.754
1789652532.6931698,102460,0,102460,1.755
1789652532.7017534,102470,0,102470,1.755
1789652532.7142634,102480,0,102480,1.755
1789652532.7249637,102490,0,102490,1.755
1789652532.7384763,102500,0,102500,1.755
1789652532.7502937,102510,0,102510,1.755
1789652532.7620506,102520,0,102520,1.756
1789652532.7741294,102530,0,102530,1.756
1789652532.7858348,102540,0,102540,1.756
1789652532.7933636,102550,0,102550,1.756
1789652532.8009706,102560,0,102560,1.756
1789652532.8113937,102570,0,102570,1.757
1789652532.8211331,102580,0,102580,1.757
1789652532.8299544,102590,0,102590,1.757
1789652532.8391948,102600,0,102600,1.757
1789652532.8492658,102610,0,102610,1.757
1789652532.8555248,102620,0,102620,1.758
1789652532.8622253,102630,0,102630,1.758
1789652532.870149,102640,0,102640,1.758
1789652532.8798318,102650,0,102650,1.758
1789652532.890094,102660,0,102660,1.758
1789652532.9009228,102670,0,102670,1.759
1789652532.9096422,102680,0,102680,1.759
1789652532.9159553,102690,0,102690,1.759
1789652532.9247935,102700,0,102700,1.759
1789652532.932949,102710,0,102710,1.759
1789652532.941208,102720,0,102720,1.76
1789652532.9474447,102730,0,102730,1.76
1789652532.9546177,102740,0,102740,1.76
1789652532.9663904,102750,0,102750,1.76
1789652532.9846494,102760,0,102760,1.76
1789652533.0031183,102770,0,102770,1.761
1789652533.0178752,102780,0,102780,1.761
1789652533.026288,102790,0,102790,1.761
1789652533.0361385,102800,0,102800,1.761
1789652533.04889,102810,0,102810,1.761
1789652533.0584493,102820,0,102820,1.762
1789652533.0693424,102830,0,102830,1.762
1789652533.075438,102840,0,102840,1.762
1789652533.0825,102850,0,102850,1.762
1789652533.0900536,102860,0,102860,1.762
1789652533.099458,102870,0,102870,1.763
1789652533.106376,102880,0,102880,1.763
1789652533.1133986,102890,0,102890,1.763
1789652533.1212766,102900,0,102900,1.763
1789652533.1287968,102910,0,102910,1.763
1789652533.1383662,102920,0,102920,1.764
1789652533.1492553,102930,0,102930,1.764
1789652533.1561375,102940,0,102940,1.764
1789652533.1630862,102950,0,102950,1.764
1789652533.1729045,102960,0,102960,1.765
1789652533.181598,102970,0,102970,1.765
1789652533.1970646,102980,0,102980,1.765
1789652533.2081728,102990,0,102990,1.765
1789652533.2290697,103000,0,103000,1.765
1789652533.2418163,103010,0,103010,1.766
1789652533.2566607,103020,0,103020,1.766
1789652533.2701864,103030,0,103030,1.766
1789652533.2776089,103040,0,103040,1.766
1789652533.2857454,103050,0,103050,1.767
1789652533.293917,103060,0,103060,1.767
1789652533.3030586,103070,0,103070,1.767
1789652533.3128517,103080,0,103080,1.767
1789652533.3285236,103090,0,103090,1.767
1789652533.3408976,103100,0,103100,1.768
1789652533.3524246,103110,0,103110,1.768
1789652533.3654292,103120,0,103120,1.768
1789652533.374505,103130,0,103130,1.768
1789652533.3952441,103140,0,103140,1.769
1789652533.4093783,103150,0,103150,1.769
1789652533.417088,103160,0,103160,1.769
1789652533.4262853,103170,0,103170,1.769
1789652533.434355,103180,0,103180,1.77
1789652533.4420905,103190,0,103190,1.77
1789652533.4487555,103200,0,103200,1.77
1789652533.4556596,103210,0,103210,1.77
1789652533.4629385,103220,0,103220,1.771
1789652533.4726753,103230,0,103230,1.771
1789652533.480138,103240,0,103240,1.771
1789652533.4902139,103250,0,103250,1.771
1789652533.504056,103260,0,103260,1.771
1789652533.5122721,103270,0,103270,1.771
1789652533.5254807,103280,0,103280,1.771
1789652533.532657,103290,0,103290,1.77
1789652533.5399191,103300,0,103300,1.77
1789652533.5475082,103310,0,103310,1.77
1789652533.554875,103320,0,103320,1.77
1789652533.5622637,103330,0,103330,1.77
1789652533.5704374,103340,0,103340,1.77
1789652533.5770645,103350,0,103350,1.769
1789652533.5864117,103360,0,103360,1.769
1789652533.5942411,103370,0,103370,1.769
1789652533.601738,103380,0,103380,1.769
1789652533.6129472,103390,0,103390,1.769
1789652533.6214473,103400,0,103400,1.769
1789652533.6364822,103410,0,103410,1.768
1789652533.6443973,103420,0,103420,1.768
1789652533.6525233,103430,0,103430,1.768
1789652533.6611493,103440,0,103440,1.768
1789652533.668534,103450,0,103450,1.768
1789652533.6764016,103460,0,103460,1.768
1789652533.6845334,103470,0,103470,1.767
1789652533.693416,103480,0,103480,1.767
1789652533.7012658,103490,0,103490,1.767
1789652533.7106369,103500,0,103500,1.767
1789652533.721657,103510,0,103510,1.767
1789652533.7337716,103520,0,103520,1.767
1789652533.751915,103530,0,103530,1.766
1789652533.7669384,103540,0,103540,1.766
1789652533.7752397,103550,0,103550,1.766
1789652533.784401,103560,0,103560,1.766
1789652533.7920053,103570,0,103570,1.766
1789652533.800615,103580,0,103580,1.766
1789652533.808999,103590,0,103590,1.765
1789652533.8174791,103600,0,103600,1.765
1789652533.826306,103610,0,103610,1.765
1789652533.8409793,103620,0,103620,1.765
1789652533.850453,103630,0,103630,1.765
1789652533.8599925,103640,0,103640,1.765
1789652533.868719,103650,0,103650,1.764
1789652533.8951752,103660,0,103660,1.764
1789652533.906922,103670,0,103670,1.764
1789652533.9177246,103680,0,103680,1.764
1789652533.9276624,103690,0,103690,1.764
1789652533.9473565,103700,0,103700,1.763
1789652533.9616277,103710,0,103710,1.763
1789652533.9751978,103720,0,103720,1.763
1789652533.9871585,103730,0,103730,1.763
1789652534.0290697,103740,0,103740,1.763
1789652534.0408437,103750,0,103750,1.763
1789652534.0581708,103760,0,103760,1.762
1789652534.0721707,103770,0,103770,1.762
1789652534.0808465,103780,0,103780,1.762
1789652534.089208,103790,0,103790,1.762
1789652534.0998054,103800,0,103800,1.762
1789652534.109724,103810,0,103810,1.762
1789652534.1189508,103820,0,103820,1.761
1789652534.1382031,103830,0,103830,1.761
1789652534.1490765,103840,0,103840,1.761
1789652534.1675684,103850,0,103850,1.761
1789652534.1816022,103860,0,103860,1.761
1789652534.1925366,103870,0,103870,1.761
1789652534.200041,103880,0,103880,1.76
1789652534.2092311,103890,0,103890,1.76
1789652534.2175398,103900,0,103900,1.76
1789652534.2260444,103910,0,103910,1.76
1789652534.2359457,103920,0,103920,1.76
1789652534.2454076,103930,0,103930,1.76
1789652534.2614708,103940,0,103940,1.759
1789652534.281659,103950,0,103950,1.759
1789652534.2930906,103960,0,103960,1.759
1789652534.3048985,103970,0,103970,1.759
1789652534.3153858,103980,0,103980,1.759
1789652534.3247652,103990,0,103990,1.759
1789652534.334781,104000,0,104000,1.758
1789652534.3459015,104010,0,104010,1.758
1789652534.3544188,104020,0,104020,1.758
1789652534.3632677,104030,0,104030,1.758
1789652534.3720915,104040,0,104040,1.758
1789652534.382654,104050,0,104050,1.758
1789652534.3937957,104060,0,104060,1.757
1789652534.4256787,104070,0,104070,1.757
1789652534.4371848,104080,0,104080,1.757
1789652534.4460795,104090,0,104090,1.757
1789652534.4557126,104100,0,104100,1.757
1789652534.4659555,104110,0,104110,1.757
1789652534.4748268,104120,0,104120,1.756
1789652534.4834168,104130,0,104130,1.756
1789652534.4934244,104140,0,104140,1.756
1789652534.5034947,104150,0,104150,1.756
1789652534.5213637,104160,0,104160,1.756
1789652534.5318859,104170,0,104170,1.756
1789652534.5539567,104180,0,104180,1.755
1789652534.5627098,104190,0,104190,1.755
1789652534.572957,104200,0,104200,1.755
1789652534.5835762,104210,0,104210,1.755
1789652534.5923238,104220,0,104220,1.755
1789652534.6018314,104230,0,104230,1.755
1789652534.6127598,104240,0,104240,1.754
1789652534.6298888,104250,0,104250,1.754
1789652534.6484008,104260,0,104260,1.754
1789652534.6774826,104270,0,104270,1.754
1789652534.6903172,104280,0,104280,1.754
1789652534.7045257,104290,0,104290,1.754
1789652534.71766,104300,0,104300,1.753
1789652534.7327416,104310,0,104310,1.753
1789652534.756787,104320,0,104320,1.753
1789652534.7723858,104330,0,104330,1.753
1789652534.7983809,104340,0,104340,1.753
1789652534.8078089,104350,0,104350,1.753
1789652534.8205764,104360,0,104360,1.752
1789652534.8325968,104370,0,104370,1.752
1789652534.8422692,104380,0,104380,1.752
1789652534.8539634,104390,0,104390,1.752
1789652534.8668103,104400,0,104400,1.752
1789652534.8781147,104410,0,104410,1.751
1789652534.8871772,104420,0,104420,1.751
1789652534.9098427,104430,0,104430,1.751
1789652534.9343574,104440,0,104440,1.751
1789652534.9535346,104450,0,104450,1.751
1789652534.9710817,104460,0,104460,1.751
1789652534.987317,104470,0,104470,1.75
1789652535.0006988,104480,0,104480,1.75
1789652535.0126925,104490,0,104490,1.75
1789652535.03626,104500,0,104500,1.75
1789652535.061034,104510,0,104510,1.75
1789652535.071197,104520,0,104520,1.75
1789652535.0851326,104530,0,104530,1.749
1789652535.0949018,104540,0,104540,1.749
1789652535.1037343,104550,0,104550,1.749
1789652535.1129205,104560,0,104560,1.749
1789652535.1219182,104570,0,104570,1.749
1789652535.130988,104580,0,104580,1.749
1789652535.138728,104590,0,104590,1.748
1789652535.1494303,104600,0,104600,1.748
1789652535.168868,104610,0,104610,1.748
1789652535.1789253,104620,0,104620,1.748
1789652535.200732,104630,0,104630,1.748
1789652535.213375,104640,0,104640,1.748
1789652535.2231908,104650,0,104650,1.747
1789652535.2312548,104660,0,104660,1.747
1789652535.244544,104670,0,104670,1.747
1789652535.2592688,104680,0,104680,1.747
1789652535.2713356,104690,0,104690,1.747
1789652535.284977,104700,0,104700,1.747
1789652535.3098242,104710,0,104710,1.746
1789652535.3377657,104720,0,104720,1.746
1789652535.3500412,104730,0,104730,1.746
1789652535.361424,104740,0,104740,1.746
1789652535.3742461,104750,0,104750,1.746
1789652535.386827,104760,0,104760,1.746
1789652535.4014864,104770,0,104770,1.745
1789652535.41533,104780,0,104780,1.745
1789652535.4273396,104790,0,104790,1.745
1789652535.446483,104800,0,104800,1.745
1789652535.4564288,104810,0,104810,1.745
1789652535.4660695,104820,0,104820,1.745
1789652535.4785373,104830,0,104830,1.744
1789652535.4892688,104840,0,104840,1.744
1789652535.4989362,104850,0,104850,1.744
1789652535.5129492,104860,0,104860,1.744
1789652535.5231922,104870,0,104870,1.744
1789652535.532477,104880,0,104880,1.744
1789652535.5502002,104890,0,104890,1.743
1789652535.5610611,104900,0,104900,1.743
1789652535.5701675,104910,0,104910,1.743
1789652535.5800955,104920,0,104920,1.743
1789652535.5955353,104930,0,104930,1.743
1789652535.6076636,104940,0,104940,1.743
1789652535.6286647,104950,0,104950,1.742
1789652535.6481042,104960,0,104960,1.742
1789652535.6761315,104970,0,104970,1.742
1789652535.6951697,104980,0,104980,1.742
1789652535.7163563,104990,0,104990,1.742
1789652535.7305093,105000,0,105000,1.742
1789652535.747192,105010,0,105010,1.741
1789652535.7561743,105020,0,105020,1.741
1789652535.7644644,105030,0,105030,1.741
1789652535.7840486,105040,0,105040,1.741
1789652535.793628,105050,0,105050,1.741
1789652535.8032057,105060,0,105060,1.741
1789652535.8142707,105070,0,105070,1.74
1789652535.825548,105080,0,105080,1.74
1789652535.8380523,105090,0,105090,1.74
1789652535.8483303,105100,0,105100,1.74
1789652535.8567271,105110,0,105110,1.74
1789652535.8662102,105120,0,105120,1.74
1789652535.8742871,105130,0,105130,1.74
1789652535.9002514,105140,0,105140,1.739
1789652535.9104435,105150,0,105150,1.739
1789652535.9188888,105160,0,105160,1.739
1789652535.9278836,105170,0,105170,1.739
1789652535.9415019,105180,0,105180,1.739
1789652535.950175,105190,0,105190,1.739
1789652535.9598143,105200,0,105200,1.738
1789652535.9694562,105210,0,105210,1.738
1789652535.9774146,105220,0,105220,1.738
1789652535.987101,105230,0,105230,1.738
1789652535.997151,105240,0,105240,1.738
1789652536.0281844,105250,0,105250,1.738
1789652536.0456312,105260,0,105260,1.737
1789652536.0617793,105270,0,105270,1.737
1789652536.0775402,105280,0,105280,1.737
1789652536.0985494,105290,0,105290,1.737
1789652536.1153133,105300,0,105300,1.737
1789652536.148175,105310,0,105310,1.737
1789652536.1702592,105320,0,105320,1.736
1789652536.1806722,105330,0,105330,1.736
1789652536.190557,105340,0,105340,1.736
1789652536.1995344,105350,0,105350,1.736
1789652536.209029,105360,0,105360,1.736
1789652536.2175105,105370,0,105370,1.736
1789652536.227398,105380,0,105380,1.735
1789652536.2361767,105390,0,105390,1.735
1789652536.24654,105400,0,105400,1.735
1789652536.2719166,105410,0,105410,1.735
1789652536.2813988,105420,0,105420,1.735
1789652536.2894964,105430,0,105430,1.735
1789652536.2995372,105440,0,105440,1.734
1789652536.3078709,105450,0,105450,1.734
1789652536.3177342,105460,0,105460,1.734
1789652536.3284497,105470,0,105470,1.734
1789652536.338101,105480,0,105480,1.734
1789652536.3483894,105490,0,105490,1.734
1789652536.356815,105500,0,105500,1.733
1789652536.3668988,105510,0,105510,1.733
1789652536.4002528,105520,0,105520,1.733
1789652536.411904,105530,0,105530,1.733
1789652536.4222565,105540,0,105540,1.733
1789652536.4349387,105550,0,105550,1.733
1789652536.4460263,105560,0,105560,1.732
1789652536.457474,105570,0,105570,1.732
1789652536.4716718,105580,0,105580,1.732
1789652536.484908,105590,0,105590,1.732
1789652536.5171657,105600,0,105600,1.732
1789652536.5419283,105610,0,105610,1.732
1789652536.5538182,105620,0,105620,1.731
1789652536.5706186,105630,0,105630,1.731
1789652536.5917108,105640,0,105640,1.731
1789652536.6021688,105650,0,105650,1.731
1789652536.6157873,105660,0,105660,1.731
1789652536.6279113,105670,0,105670,1.731
1789652536.6496718,105680,0,105680,1.73
1789652536.6651764,105690,0,105690,1.73
1789652536.67603,105700,0,105700,1.73
1789652536.6863818,105710,0,105710,1.73
1789652536.6977534,105720,0,105720,1.73
1789652536.707977,105730,0,105730,1.73
1789652536.7162757,105740,0,105740,1.729
1789652536.729334,105750,0,105750,1.729
1789652536.7413874,105760,0,105760,1.729
1789652536.7563431,105770,0,105770,1.729
1789652536.7807608,105780,0,105780,1.729
1789652536.7932966,105790,0,105790,1.729
1789652536.8047137,105800,0,105800,1.728
1789652536.8173733,105810,0,105810,1.728
1789652536.8304248,105820,0,105820,1.728
1789652536.8417735,105830,0,105830,1.728
1789652536.8514974,105840,0,105840,1.728
1789652536.864219,105850,0,105850,1.728
1789652536.8743126,105860,0,105860,1.728
1789652536.883956,105870,0,105870,1.727
1789652536.8937366,105880,0,105880,1.727
1789652536.9117935,105890,0,105890,1.727
1789652536.9207883,105900,0,105900,1.727
1789652536.9338486,105910,0,105910,1.727
1789652536.9510415,105920,0,105920,1.727
1789652536.9681702,105930,0,105930,1.726
1789652536.9804657,105940,0,105940,1.726
1789652536.9956858,105950,0,105950,1.726
1789652537.008911,105960,0,105960,1.726
1789652537.0346909,105970,0,105970,1.726
1789652537.0524445,105980,0,105980,1.726
1789652537.0644326,105990,0,105990,1.725
1789652537.0814996,106000,0,106000,1.725
1789652537.096756,106010,0,106010,1.725
1789652537.1051824,106020,0,106020,1.725
1789652537.1143668,106030,0,106030,1.725
1789652537.1226459,106040,0,106040,1.725
1789652537.1418822,106050,0,106050,1.724
1789652537.1547482,106060,0,106060,1.724
1789652537.1653686,106070,0,106070,1.724
1789652537.174713,106080,0,106080,1.724
1789652537.1879125,106090,0,106090,1.724
1789652537.1988912,106100,0,106100,1.724
1789652537.2085822,106110,0,106110,1.723
1789652537.2182481,106120,0,106120,1.723
1789652537.2276845,106130,0,106130,1.723
1789652537.2377868,106140,0,106140,1.723
1789652537.2613,106150,0,106150,1.723
1789652537.2732522,106160,0,106160,1.723
1789652537.2831485,106170,0,106170,1.722
1789652579.7254164,106180,0,106180,1.722
1789652589.744886,106190,0,106190,1.722
1789652599.7640445,106200,0,106200,1.723
1789652609.7751646,106210,0,106210,1.723
1789652619.7895129,106220,0,106220,1.723
1789652629.812257,106230,0,106230,1.723
1789652642.978361,106240,0,106240,1.722
1789652643.833538,106250,0,106250,1.722
1789652645.1063972,106260,0,106260,1.722
1789652646.812862,106270,0,106270,1.722
